symbol,status,display_label,signal,previous_signal,signal_date,sector,industry,trend,momentum,optionable,reason
A,LEADER,🚀 LEADER,BUY,BUY,"Jul 27, 2026",Health Care,Diagnostics & Research,UPTREND,MOVING UP,,Sustained BUY with confirmed trend and momentum
AA,ACTIVE_BUY,ACTIVE BUY,BUY,BUY,"Aug 12, 2026",Materials,Aluminum,NEUTRAL,MOVING UP,,BUY remains active without a higher-priority setup
AACB,UNCHANGED,UNCHANGED,,,,Financials,Shell Companies,UPTREND,,,No active BUY transition
AAL,UNCHANGED,UNCHANGED,SELL,SELL,"Aug 12, 2026",Industrials,Airlines,DOWNTREND,MOVING DOWN,,No active BUY transition
AAMI,LEADER,🚀 LEADER,BUY,BUY,"Aug 05, 2026",Financials,Asset Management,UPTREND,MOVING UP,,Sustained BUY with confirmed trend and momentum
AAOI,LEADER,🚀 LEADER,BUY,BUY,"Aug 10, 2026",Technology,Communication Equipment,UPTREND,MOVING UP,,Sustained BUY with confirmed trend and momentum
AAP,UNCHANGED,UNCHANGED,SELL,SELL,"Aug 12, 2026",Discretionary,Auto Parts,NEUTRAL,MOVING UP,,No active BUY transition
AAPL,UNCHANGED,UNCHANGED,SELL,SELL,"Aug 04, 2026",Technology,Consumer Electronics,DOWNTREND,MOVING DOWN,,No active BUY transition
AB,UNCHANGED,UNCHANGED,SELL,SELL,"Jul 31, 2026",Financials,Asset Management,DOWNTREND,MOVING DOWN,,No active BUY transition
ABBV,UNCHANGED,UNCHANGED,SELL,SELL,"Jul 15, 2026",Health Care,Drug Manufacturers - General,NEUTRAL,MOVING DOWN,,No active BUY transition
ABCB,UNCHANGED,UNCHANGED,SELL,SELL,"Jul 09, 2026",Financials,Banks - Regional,NEUTRAL,MOVING DOWN,,No active BUY transition
ABG,UNCHANGED,UNCHANGED,SELL,SELL,"Aug 07, 2026",Discretionary,Auto & Truck Dealerships,DOWNTREND,MOVING DOWN,,No active BUY transition
ABM,UNCHANGED,UNCHANGED,SELL,SELL,"Aug 10, 2026",Industrials,Specialty Business Services,UPTREND,MOVING DOWN,,No active BUY transition
ABNB,LEADER,🚀 LEADER,BUY,BUY,"Jul 30, 2026",Discretionary,Travel Services,UPTREND,MOVING UP,,Sustained BUY with confirmed trend and momentum
ABT,LEADER,🚀 LEADER,BUY,BUY,"Jul 17, 2026",Health Care,Medical Devices,UPTREND,MOVING UP,,Sustained BUY with confirmed trend and momentum
ACA,UNCHANGED,UNCHANGED,SELL,SELL,"Aug 06, 2026",Industrials,Engineering & Construction,UPTREND,MOVING DOWN,,No active BUY transition
ACAD,LEADER,🚀 LEADER,BUY,BUY,"Aug 07, 2026",Health Care,Biotechnology,UPTREND,MOVING UP,,Sustained BUY with confirmed trend and momentum
ACFN,UNCHANGED,UNCHANGED,,,,Technology,Scientific & Technical Instruments,NEUTRAL,,,No active BUY transition
ACGL,UNCHANGED,UNCHANGED,SELL,SELL,"Jul 23, 2026",Financials,Insurance - Diversified,DOWNTREND,MOVING DOWN,,No active BUY transition
ACHC,UNCHANGED,UNCHANGED,SELL,SELL,"Jul 28, 2026",Health Care,Medical Care Facilities,NEUTRAL,MOVING DOWN,,No active BUY transition
ACI,UNCHANGED,UNCHANGED,SELL,SELL,"Jul 22, 2026",Staples,Grocery Stores,DOWNTREND,MOVING UP,,No active BUY transition
ACIW,UNCHANGED,UNCHANGED,SELL,SELL,"Jul 23, 2026",Technology,Software - Infrastructure,NEUTRAL,MOVING DOWN,,No active BUY transition
ACLS,UNCHANGED,UNCHANGED,SELL,SELL,"Jun 30, 2026",Technology,Semiconductor Equipment & Materials,NEUTRAL,MOVING UP,,No active BUY transition
ACM,UNCHANGED,UNCHANGED,SELL,SELL,"Aug 13, 2026",Industrials,Engineering & Construction,DOWNTREND,MOVING DOWN,,No active BUY transition
ACMR,UNCHANGED,UNCHANGED,SELL,SELL,"Jul 07, 2026",Technology,Semiconductor Equipment & Materials,DOWNTREND,MOVING UP,,No active BUY transition
ACN,LEADER,🚀 LEADER,BUY,BUY,"Jul 28, 2026",Technology,Information Technology Services,UPTREND,MOVING UP,,Sustained BUY with confirmed trend and momentum
ACNB,UNCHANGED,UNCHANGED,SELL,SELL,"Aug 12, 2026",Financials,Banks - Regional,UPTREND,MOVING DOWN,,No active BUY transition
ACNT,UNCHANGED,UNCHANGED,SELL,SELL,"Aug 12, 2026",Materials,Chemicals,NEUTRAL,MOVING DOWN,,No active BUY transition
ACT,LEADER,🚀 LEADER,BUY,BUY,"Aug 12, 2026",Financials,Insurance - Specialty,UPTREND,MOVING UP,,Sustained BUY with confirmed trend and momentum
ACU,UNCHANGED,UNCHANGED,,,,Staples,Household & Personal Products,UPTREND,,,No active BUY transition
ACV,LEADER,🚀 LEADER,BUY,BUY,"Aug 13, 2026",Financials,Closed-End Fund - Equity,UPTREND,MOVING UP,,Sustained BUY with confirmed trend and momentum
ADAM,LEADER,🚀 LEADER,BUY,BUY,"Aug 05, 2026",Real Estate,REIT - Mortgage,UPTREND,MOVING UP,,Sustained BUY with confirmed trend and momentum
ADBE,LEADER,🚀 LEADER,BUY,BUY,"Jul 14, 2026",Technology,Software - Application,UPTREND,MOVING UP,,Sustained BUY with confirmed trend and momentum
ADC,UNCHANGED,UNCHANGED,SELL,SELL,"Jul 31, 2026",Real Estate,REIT - Retail,DOWNTREND,MOVING DOWN,,No active BUY transition
ADEA,LEADER,🚀 LEADER,BUY,BUY,"Aug 06, 2026",Technology,Software - Application,UPTREND,MOVING UP,,Sustained BUY with confirmed trend and momentum
ADI,NEW_BUY,NEW BUY,BUY,,"Aug 14, 2026",Technology,Semiconductors,NEUTRAL,MOVING UP,,BUY triggered since the previous file
ADM,UNCHANGED,UNCHANGED,SELL,SELL,"Jul 31, 2026",Staples,Farm Products,NEUTRAL,MOVING DOWN,,No active BUY transition
ADNT,UNCHANGED,UNCHANGED,SELL,SELL,"Aug 07, 2026",Discretionary,Auto Parts,DOWNTREND,MOVING DOWN,,No active BUY transition
ADP,UNCHANGED,UNCHANGED,SELL,SELL,"Aug 13, 2026",Technology,Software - Application,UPTREND,MOVING DOWN,,No active BUY transition
ADPT,DETERIORATING,⚠️ DETERIORATING,BUY,BUY,"Aug 11, 2026",Health Care,Diagnostics & Research,UPTREND,MOVING DOWN,,Existing BUY momentum is weakening
ADSK,LEADER,🚀 LEADER,BUY,BUY,"Jul 17, 2026",Technology,Software - Application,UPTREND,MOVING UP,,Sustained BUY with confirmed trend and momentum
ADUS,UNCHANGED,UNCHANGED,SELL,SELL,"Aug 05, 2026",Health Care,Medical Care Facilities,UPTREND,MOVING DOWN,,No active BUY transition
ADX,UNCHANGED,UNCHANGED,SELL,SELL,"Jul 24, 2026",Financials,Closed-End Fund - Equity,UPTREND,MOVING UP,,No active BUY transition
AEE,UNCHANGED,UNCHANGED,SELL,SELL,"Jul 14, 2026",Utilities,Utilities - Regulated Electric,DOWNTREND,MOVING DOWN,,No active BUY transition
AEHR,LEADER,🚀 LEADER,BUY,BUY,"Aug 05, 2026",Technology,Semiconductor Equipment & Materials,UPTREND,MOVING UP,,Sustained BUY with confirmed trend and momentum
AEIS,LEADER,🚀 LEADER,BUY,BUY,"Aug 07, 2026",Industrials,Electrical Equipment & Parts,UPTREND,MOVING UP,,Sustained BUY with confirmed trend and momentum
AEM,LEADER,🚀 LEADER,BUY,BUY,"Aug 06, 2026",Materials,Gold,UPTREND,MOVING UP,,Sustained BUY with confirmed trend and momentum
AEO,UNCHANGED,UNCHANGED,SELL,SELL,"Aug 13, 2026",Discretionary,Apparel Retail,DOWNTREND,MOVING DOWN,,No active BUY transition
AEP,UNCHANGED,UNCHANGED,SELL,SELL,"Jul 14, 2026",Utilities,Utilities - Regulated Electric,DOWNTREND,MOVING DOWN,,No active BUY transition
AER,UNCHANGED,UNCHANGED,SELL,SELL,"Aug 13, 2026",Industrials,Rental & Leasing Services,UPTREND,MOVING DOWN,,No active BUY transition
AES,UNCHANGED,UNCHANGED,SELL,SELL,"Aug 04, 2026",Utilities,Utilities - Diversified,NEUTRAL,MOVING UP,,No active BUY transition
AESI,UNCHANGED,UNCHANGED,,,,Energy,Oil & Gas Equipment & Services,DOWNTREND,,,No active BUY transition
AEVA,LEADER,🚀 LEADER,BUY,BUY,"Aug 07, 2026",Technology,Software - Infrastructure,UPTREND,MOVING UP,,Sustained BUY with confirmed trend and momentum
AEXA,UNCHANGED,UNCHANGED,,,,Financials,Shell Companies,UPTREND,,,No active BUY transition
AFB,UNCHANGED,UNCHANGED,SELL,SELL,"Jul 08, 2026",Financials,Closed-End Fund - Debt,DOWNTREND,MOVING UP,,No active BUY transition
AFBI,UNCHANGED,UNCHANGED,SELL,SELL,"Aug 03, 2026",Financials,Banks - Regional,UPTREND,MOVING DOWN,,No active BUY transition
AFG,UNCHANGED,UNCHANGED,SELL,SELL,"Jul 20, 2026",Financials,Insurance - Property & Casualty,UPTREND,MOVING DOWN,,No active BUY transition
AFJK,UNCHANGED,UNCHANGED,,,,Financials,Shell Companies,DOWNTREND,,,No active BUY transition
AFL,UNCHANGED,UNCHANGED,SELL,SELL,"Aug 06, 2026",Financials,Insurance - Life,DOWNTREND,MOVING DOWN,,No active BUY transition
AFRM,UNCHANGED,UNCHANGED,SELL,SELL,"Jul 08, 2026",Financials,Credit Services,UPTREND,MOVING DOWN,,No active BUY transition
AFYA,UNCHANGED,UNCHANGED,SELL,SELL,"Jul 09, 2026",Staples,Education & Training Services,DOWNTREND,MOVING DOWN,,No active BUY transition
AG,LEADER,🚀 LEADER,BUY,BUY,"Aug 10, 2026",Materials,Silver,UPTREND,MOVING UP,,Sustained BUY with confirmed trend and momentum
AGCO,UNCHANGED,UNCHANGED,SELL,SELL,"Jul 31, 2026",Industrials,Farm & Heavy Construction Machinery,DOWNTREND,MOVING DOWN,,No active BUY transition
AGD,UNCHANGED,UNCHANGED,,,,Financials,Closed-End Fund - Foreign,UPTREND,,,No active BUY transition
AGI,LEADER,🚀 LEADER,BUY,BUY,"Aug 10, 2026",Materials,Gold,UPTREND,MOVING UP,,Sustained BUY with confirmed trend and momentum
AGIO,UNCHANGED,UNCHANGED,SELL,SELL,"Jul 15, 2026",Health Care,Biotechnology,DOWNTREND,MOVING UP,,No active BUY transition
AGL,UNCHANGED,UNCHANGED,SELL,SELL,"Jul 27, 2026",Health Care,Medical Care Facilities,DOWNTREND,MOVING DOWN,,No active BUY transition
AGM,LEADER,🚀 LEADER,BUY,BUY,"Jul 30, 2026",Financials,Credit Services,UPTREND,MOVING UP,,Sustained BUY with confirmed trend and momentum
AGNC,EMERGING,🔥 EMERGING,BUY,SELL,"Aug 14, 2026",Real Estate,REIT - Mortgage,UPTREND,MOVING UP,,New BUY with rising trend and accelerating momentum
AGO,UNCHANGED,UNCHANGED,SELL,SELL,"Jul 24, 2026",Financials,Insurance - Specialty,DOWNTREND,MOVING DOWN,,No active BUY transition
AGX,UNCHANGED,UNCHANGED,SELL,SELL,"Jul 09, 2026",Industrials,Engineering & Construction,DOWNTREND,MOVING DOWN,,No active BUY transition
AGYS,UNCHANGED,UNCHANGED,SELL,SELL,"Jul 22, 2026",Technology,Software - Application,UPTREND,MOVING DOWN,,No active BUY transition
AHR,UNCHANGED,UNCHANGED,,,,Real Estate,REIT - Healthcare Facilities,NEUTRAL,,,No active BUY transition
AI,DETERIORATING,⚠️ DETERIORATING,BUY,BUY,"Aug 04, 2026",Technology,Software - Infrastructure,UPTREND,MOVING DOWN,,Existing BUY momentum is weakening
AIG,UNCHANGED,UNCHANGED,SELL,SELL,"Jul 24, 2026",Financials,Insurance - Diversified,DOWNTREND,MOVING DOWN,,No active BUY transition
AII,UNCHANGED,UNCHANGED,,,,Financials,Insurance - Property & Casualty,UPTREND,,,No active BUY transition
AIN,UNCHANGED,UNCHANGED,SELL,SELL,"Jul 06, 2026",Discretionary,Textile Manufacturing,DOWNTREND,MOVING DOWN,,No active BUY transition
AIO,LEADER,🚀 LEADER,BUY,BUY,"Aug 13, 2026",Financials,Closed-End Fund - Equity,UPTREND,MOVING UP,,Sustained BUY with confirmed trend and momentum
AIP,UNCHANGED,UNCHANGED,SELL,SELL,"Jul 06, 2026",Technology,Semiconductors,DOWNTREND,MOVING DOWN,,No active BUY transition
AIR,LEADER,🚀 LEADER,BUY,BUY,"Aug 03, 2026",Industrials,Aerospace & Defense,UPTREND,MOVING UP,,Sustained BUY with confirmed trend and momentum
AIRO,UNCHANGED,UNCHANGED,,,,Industrials,Aerospace & Defense,UPTREND,,,No active BUY transition
AIRT,DETERIORATING,⚠️ DETERIORATING,BUY,BUY,"Aug 06, 2026",Industrials,Conglomerates,UPTREND,MOVING DOWN,,Existing BUY momentum is weakening
AIT,LEADER,🚀 LEADER,BUY,BUY,"Jul 24, 2026",Industrials,Industrial Distribution,UPTREND,MOVING UP,,Sustained BUY with confirmed trend and momentum
AIZ,REMOVED,❌ REMOVED,SELL,BUY,"Aug 14, 2026",Financials,Insurance - Property & Casualty,UPTREND,MOVING DOWN,,Prior BUY is missing or no longer rated BUY
AJG,UNCHANGED,UNCHANGED,SELL,SELL,"Aug 10, 2026",Financials,Insurance Brokers,UPTREND,MOVING DOWN,,No active BUY transition
AKA,UNCHANGED,UNCHANGED,,,,Discretionary,Apparel Retail,UPTREND,,,No active BUY transition
AKAM,EMERGING,🔥 EMERGING,BUY,,"Aug 14, 2026",Technology,Software - Infrastructure,UPTREND,MOVING UP,,New BUY with rising trend and accelerating momentum
AKO/B,LEADER,🚀 LEADER,BUY,BUY,"Aug 06, 2026",Staples,Beverages - Non-Alcoholic,UPTREND,MOVING UP,,Sustained BUY with confirmed trend and momentum
AKR,UNCHANGED,UNCHANGED,SELL,SELL,"Aug 06, 2026",Real Estate,REIT - Retail,DOWNTREND,MOVING DOWN,,No active BUY transition
ALAB,UNCHANGED,UNCHANGED,,,,Technology,Semiconductors,DOWNTREND,,,No active BUY transition
ALB,ACTIVE_BUY,ACTIVE BUY,BUY,BUY,"Aug 12, 2026",Materials,Specialty Chemicals,NEUTRAL,MOVING UP,,BUY remains active without a higher-priority setup
ALC,LEADER,🚀 LEADER,BUY,BUY,"Aug 05, 2026",Health Care,Medical Instruments & Supplies,UPTREND,MOVING UP,,Sustained BUY with confirmed trend and momentum
ALCO,LEADER,🚀 LEADER,BUY,BUY,"Aug 13, 2026",Staples,Farm Products,UPTREND,MOVING UP,,Sustained BUY with confirmed trend and momentum
ALDF,UNCHANGED,UNCHANGED,,,,Financials,Shell Companies,UPTREND,,,No active BUY transition
ALF,UNCHANGED,UNCHANGED,,,,Financials,Shell Companies,NEUTRAL,,,No active BUY transition
ALG,DETERIORATING,⚠️ DETERIORATING,BUY,BUY,"Aug 07, 2026",Industrials,Farm & Heavy Construction Machinery,UPTREND,MOVING DOWN,,Existing BUY momentum is weakening
ALGM,UNCHANGED,UNCHANGED,SELL,SELL,"Jul 07, 2026",Technology,Semiconductors,DOWNTREND,MOVING UP,,No active BUY transition
ALGN,UNCHANGED,UNCHANGED,SELL,SELL,"Jul 16, 2026",Health Care,Medical Instruments & Supplies,NEUTRAL,MOVING UP,,No active BUY transition
ALGT,UNCHANGED,UNCHANGED,SELL,SELL,"Jul 13, 2026",Industrials,Airlines,DOWNTREND,MOVING DOWN,,No active BUY transition
ALH,UNCHANGED,UNCHANGED,,,,Discretionary,Furnishings Fixtures & Appliances,NEUTRAL,,,No active BUY transition
ALHC,UNCHANGED,UNCHANGED,,,,Health Care,Healthcare Plans,DOWNTREND,,,No active BUY transition
ALIT,UNCHANGED,UNCHANGED,SELL,SELL,"Jul 20, 2026",Technology,Software - Application,DOWNTREND,MOVING DOWN,,No active BUY transition
ALK,REMOVED,❌ REMOVED,SELL,BUY,"Aug 14, 2026",Industrials,Airlines,UPTREND,MOVING UP,,Prior BUY is missing or no longer rated BUY
ALKS,UNCHANGED,UNCHANGED,SELL,SELL,"Jul 13, 2026",Health Care,Drug Manufacturers - Specialty & Generic,NEUTRAL,MOVING DOWN,,No active BUY transition
ALKT,UNCHANGED,UNCHANGED,SELL,SELL,"Aug 12, 2026",Technology,Software - Application,UPTREND,MOVING DOWN,,No active BUY transition
ALL,UNCHANGED,UNCHANGED,SELL,SELL,"Aug 12, 2026",Financials,Insurance - Property & Casualty,UPTREND,MOVING DOWN,,No active BUY transition
ALLE,DETERIORATING,⚠️ DETERIORATING,BUY,BUY,"Jul 24, 2026",Industrials,Security & Protection Services,UPTREND,MOVING DOWN,,Existing BUY momentum is weakening
ALLY,UNCHANGED,UNCHANGED,SELL,SELL,"Jul 07, 2026",Financials,Credit Services,NEUTRAL,MOVING UP,,No active BUY transition
ALMS,UNCHANGED,UNCHANGED,,,,Health Care,Biotechnology,DOWNTREND,,,No active BUY transition
ALMU,UNCHANGED,UNCHANGED,,,,Technology,Semiconductors,NEUTRAL,,,No active BUY transition
ALNT,LEADER,🚀 LEADER,BUY,BUY,"Aug 06, 2026",Technology,Electronic Components,UPTREND,MOVING UP,,Sustained BUY with confirmed trend and momentum
ALNY,UNCHANGED,UNCHANGED,SELL,SELL,"Jul 15, 2026",Health Care,Biotechnology,DOWNTREND,MOVING UP,,No active BUY transition
ALOT,UNCHANGED,UNCHANGED,SELL,SELL,"Jul 06, 2026",Technology,Computer Hardware,UPTREND,MOVING DOWN,,No active BUY transition
ALRM,UNCHANGED,UNCHANGED,SELL,SELL,"Aug 12, 2026",Technology,Software - Application,UPTREND,MOVING DOWN,,No active BUY transition
ALSN,LEADER,🚀 LEADER,BUY,BUY,"Aug 05, 2026",Discretionary,Auto Parts,UPTREND,MOVING UP,,Sustained BUY with confirmed trend and momentum
ALV,REMOVED,❌ REMOVED,SELL,BUY,"Aug 14, 2026",Discretionary,Auto Parts,UPTREND,MOVING DOWN,,Prior BUY is missing or no longer rated BUY
ALX,UNCHANGED,UNCHANGED,SELL,SELL,"Jul 28, 2026",Real Estate,REIT - Retail,UPTREND,MOVING DOWN,,No active BUY transition
AM,UNCHANGED,UNCHANGED,SELL,SELL,"Jul 21, 2026",Energy,Oil & Gas Midstream,NEUTRAL,MOVING UP,,No active BUY transition
AMAL,UNCHANGED,UNCHANGED,SELL,SELL,"Aug 07, 2026",Financials,Banks - Regional,UPTREND,MOVING UP,,No active BUY transition
AMAT,UNCHANGED,UNCHANGED,SELL,,"Jun 29, 2026",Technology,Semiconductor Equipment & Materials,NEUTRAL,MOVING UP,,No active BUY transition
AMBA,LEADER,🚀 LEADER,BUY,BUY,"Aug 03, 2026",Technology,Semiconductor Equipment & Materials,UPTREND,MOVING UP,,Sustained BUY with confirmed trend and momentum
AMBQ,UNCHANGED,UNCHANGED,,,,Technology,Semiconductors,DOWNTREND,,,No active BUY transition
AMCR,UNCHANGED,UNCHANGED,SELL,SELL,"Aug 12, 2026",Discretionary,Packaging & Containers,UPTREND,MOVING DOWN,,No active BUY transition
AMCX,LEADER,🚀 LEADER,BUY,BUY,"Aug 05, 2026",Communication,Entertainment,UPTREND,MOVING UP,,Sustained BUY with confirmed trend and momentum
AME,LEADER,🚀 LEADER,BUY,BUY,"Jul 24, 2026",Industrials,Specialty Industrial Machinery,UPTREND,MOVING UP,,Sustained BUY with confirmed trend and momentum
AMG,REMOVED,❌ REMOVED,SELL,BUY,"Aug 14, 2026",Financials,Asset Management,UPTREND,MOVING DOWN,,Prior BUY is missing or no longer rated BUY
AMGN,LEADER,🚀 LEADER,BUY,BUY,"Jul 28, 2026",Health Care,Drug Manufacturers - General,UPTREND,MOVING UP,,Sustained BUY with confirmed trend and momentum
AMH,DETERIORATING,⚠️ DETERIORATING,BUY,BUY,"Aug 05, 2026",Real Estate,REIT - Residential,UPTREND,MOVING DOWN,,Existing BUY momentum is weakening
AMKR,UNCHANGED,UNCHANGED,SELL,SELL,"Jul 06, 2026",Technology,Semiconductor Equipment & Materials,DOWNTREND,MOVING UP,,No active BUY transition
AMLX,REMOVED,❌ REMOVED,SELL,BUY,"Aug 14, 2026",Health Care,Drug Manufacturers - Specialty & Generic,UPTREND,MOVING DOWN,,Prior BUY is missing or no longer rated BUY
AMP,UNCHANGED,UNCHANGED,SELL,SELL,"Aug 10, 2026",Financials,Asset Management,UPTREND,MOVING DOWN,,No active BUY transition
AMPH,LEADER,🚀 LEADER,BUY,BUY,"Jul 30, 2026",Health Care,Drug Manufacturers - Specialty & Generic,UPTREND,MOVING UP,,Sustained BUY with confirmed trend and momentum
AMPL,LEADER,🚀 LEADER,BUY,BUY,"Aug 04, 2026",Technology,Software - Application,UPTREND,MOVING UP,,Sustained BUY with confirmed trend and momentum
AMPX,UNCHANGED,UNCHANGED,,,,Industrials,Electrical Equipment & Parts,NEUTRAL,,,No active BUY transition
AMR,ACTIVE_BUY,ACTIVE BUY,BUY,BUY,"Aug 13, 2026",Materials,Coking Coal,NEUTRAL,MOVING UP,,BUY remains active without a higher-priority setup
AMRC,LEADER,🚀 LEADER,BUY,BUY,"Aug 10, 2026",Industrials,Engineering & Construction,UPTREND,MOVING UP,,Sustained BUY with confirmed trend and momentum
AMRN,UNCHANGED,UNCHANGED,SELL,SELL,"Jul 08, 2026",Health Care,Drug Manufacturers - General,DOWNTREND,MOVING UP,,No active BUY transition
AMRX,UNCHANGED,UNCHANGED,SELL,SELL,"Jul 08, 2026",Health Care,Drug Manufacturers - Specialty & Generic,UPTREND,MOVING DOWN,,No active BUY transition
AMSF,UNCHANGED,UNCHANGED,SELL,SELL,"Jul 16, 2026",Financials,Insurance - Specialty,DOWNTREND,MOVING DOWN,,No active BUY transition
AMT,LEADER,🚀 LEADER,BUY,BUY,"Jul 31, 2026",Real Estate,REIT - Specialty,UPTREND,MOVING UP,,Sustained BUY with confirmed trend and momentum
AMTB,UNCHANGED,UNCHANGED,SELL,SELL,"Aug 11, 2026",Financials,Banks - Regional,UPTREND,MOVING DOWN,,No active BUY transition
AMTM,UNCHANGED,UNCHANGED,,,,Industrials,Specialty Business Services,NEUTRAL,,,No active BUY transition
AMWL,LEADER,🚀 LEADER,BUY,BUY,"Aug 07, 2026",Health Care,Health Information Services,UPTREND,MOVING UP,,Sustained BUY with confirmed trend and momentum
AMX,UNCHANGED,UNCHANGED,SELL,SELL,"Jul 02, 2026",Communication,Telecom Services,DOWNTREND,MOVING DOWN,,No active BUY transition
AMZN,LEADER,🚀 LEADER,BUY,BUY,"Aug 03, 2026",Discretionary,Internet Retail,UPTREND,MOVING UP,,Sustained BUY with confirmed trend and momentum
AN,UNCHANGED,UNCHANGED,SELL,SELL,"Aug 11, 2026",Discretionary,Auto & Truck Dealerships,UPTREND,MOVING DOWN,,No active BUY transition
ANAB,UNCHANGED,UNCHANGED,SELL,SELL,"Jul 06, 2026",Health Care,Biotechnology,DOWNTREND,MOVING DOWN,,No active BUY transition
ANDE,UNCHANGED,UNCHANGED,SELL,SELL,"Jul 30, 2026",Staples,Food Distribution,DOWNTREND,MOVING DOWN,,No active BUY transition
ANET,LEADER,🚀 LEADER,BUY,BUY,"Aug 05, 2026",Technology,Computer Hardware,UPTREND,MOVING UP,,Sustained BUY with confirmed trend and momentum
ANF,LEADER,🚀 LEADER,BUY,BUY,"Jul 30, 2026",Discretionary,Apparel Retail,UPTREND,MOVING UP,,Sustained BUY with confirmed trend and momentum
ANGO,LEADER,🚀 LEADER,BUY,BUY,"Aug 03, 2026",Health Care,Medical Instruments & Supplies,UPTREND,MOVING UP,,Sustained BUY with confirmed trend and momentum
ANIK,LEADER,🚀 LEADER,BUY,BUY,"Aug 03, 2026",Health Care,Drug Manufacturers - Specialty & Generic,UPTREND,MOVING UP,,Sustained BUY with confirmed trend and momentum
ANIP,UNCHANGED,UNCHANGED,SELL,SELL,"Jul 13, 2026",Health Care,Drug Manufacturers - Specialty & Generic,DOWNTREND,MOVING DOWN,,No active BUY transition
ANRO,UNCHANGED,UNCHANGED,,,,Health Care,Biotechnology,UPTREND,,,No active BUY transition
ANSC,UNCHANGED,UNCHANGED,,,,Financials,Shell Companies,UPTREND,,,No active BUY transition
AOD,LEADER,🚀 LEADER,BUY,BUY,"Aug 04, 2026",Financials,Closed-End Fund - Foreign,UPTREND,MOVING UP,,Sustained BUY with confirmed trend and momentum
AON,UNCHANGED,UNCHANGED,SELL,SELL,"Aug 03, 2026",Financials,Insurance Brokers,UPTREND,MOVING DOWN,,No active BUY transition
AORT,LEADER,🚀 LEADER,BUY,BUY,"Jul 02, 2026",Health Care,Medical Devices,UPTREND,MOVING UP,,Sustained BUY with confirmed trend and momentum
AOS,LEADER,🚀 LEADER,BUY,BUY,"Jul 29, 2026",Industrials,Specialty Industrial Machinery,UPTREND,MOVING UP,,Sustained BUY with confirmed trend and momentum
AOSL,UNCHANGED,UNCHANGED,SELL,SELL,"Jul 02, 2026",Technology,Semiconductors,DOWNTREND,MOVING UP,,No active BUY transition
AOUT,UNCHANGED,UNCHANGED,SELL,SELL,"Jul 14, 2026",Discretionary,Leisure,NEUTRAL,MOVING DOWN,,No active BUY transition
APA,LEADER,🚀 LEADER,BUY,BUY,"Jul 22, 2026",Energy,Oil & Gas E&P,UPTREND,MOVING UP,,Sustained BUY with confirmed trend and momentum
APAM,REMOVED,❌ REMOVED,SELL,BUY,"Aug 14, 2026",Financials,Asset Management,UPTREND,MOVING DOWN,,Prior BUY is missing or no longer rated BUY
APD,LEADER,🚀 LEADER,BUY,BUY,"Aug 11, 2026",Materials,Specialty Chemicals,UPTREND,MOVING UP,,Sustained BUY with confirmed trend and momentum
APEI,UNCHANGED,UNCHANGED,SELL,SELL,"Jul 17, 2026",Staples,Education & Training Services,DOWNTREND,MOVING DOWN,,No active BUY transition
APG,LEADER,🚀 LEADER,BUY,BUY,"Aug 07, 2026",Industrials,Engineering & Construction,UPTREND,MOVING UP,,Sustained BUY with confirmed trend and momentum
APGE,UNCHANGED,UNCHANGED,,,,Health Care,Biotechnology,UPTREND,,,No active BUY transition
APH,LEADER,🚀 LEADER,BUY,BUY,"Aug 05, 2026",Technology,Electronic Components,UPTREND,MOVING UP,,Sustained BUY with confirmed trend and momentum
APLE,UNCHANGED,UNCHANGED,SELL,SELL,"Jul 24, 2026",Real Estate,REIT - Hotel & Motel,DOWNTREND,MOVING DOWN,,No active BUY transition
APLM,UNCHANGED,UNCHANGED,SELL,SELL,"Jul 27, 2026",Health Care,Biotechnology,DOWNTREND,MOVING UP,,No active BUY transition
APO,LEADER,🚀 LEADER,BUY,BUY,"Aug 04, 2026",Financials,Asset Management,UPTREND,MOVING UP,,Sustained BUY with confirmed trend and momentum
APOG,LEADER,🚀 LEADER,BUY,BUY,"Aug 07, 2026",Industrials,Building Products & Equipment,UPTREND,MOVING UP,,Sustained BUY with confirmed trend and momentum
APP,UNCHANGED,UNCHANGED,,,,Communication,Advertising Agencies,DOWNTREND,,,No active BUY transition
APPF,LEADER,🚀 LEADER,BUY,BUY,"Aug 05, 2026",Technology,Software - Application,UPTREND,MOVING UP,,Sustained BUY with confirmed trend and momentum
APPN,LEADER,🚀 LEADER,BUY,BUY,"Jul 30, 2026",Technology,Software - Infrastructure,UPTREND,MOVING UP,,Sustained BUY with confirmed trend and momentum
APPS,LEADER,🚀 LEADER,BUY,BUY,"Aug 06, 2026",Technology,Software - Application,UPTREND,MOVING UP,,Sustained BUY with confirmed trend and momentum
AR,LEADER,🚀 LEADER,BUY,BUY,"Jul 31, 2026",Energy,Oil & Gas E&P,UPTREND,MOVING UP,,Sustained BUY with confirmed trend and momentum
ARCB,UNCHANGED,UNCHANGED,SELL,SELL,"Jul 30, 2026",Industrials,Trucking,NEUTRAL,MOVING DOWN,,No active BUY transition
ARCC,LEADER,🚀 LEADER,BUY,BUY,"Jul 14, 2026",Financials,Asset Management,UPTREND,MOVING UP,,Sustained BUY with confirmed trend and momentum
ARDC,UNCHANGED,UNCHANGED,SELL,SELL,"Jul 20, 2026",Financials,Closed-End Fund - Debt,DOWNTREND,MOVING DOWN,,No active BUY transition
ARDT,UNCHANGED,UNCHANGED,,,,Health Care,Medical Care Facilities,UPTREND,,,No active BUY transition
ARE,UNCHANGED,UNCHANGED,SELL,SELL,"Aug 07, 2026",Real Estate,REIT - Office,DOWNTREND,MOVING DOWN,,No active BUY transition
ARES,LEADER,🚀 LEADER,BUY,BUY,"Jul 17, 2026",Financials,Asset Management,UPTREND,MOVING UP,,Sustained BUY with confirmed trend and momentum
ARGX,UNCHANGED,UNCHANGED,SELL,SELL,"Jul 31, 2026",Health Care,Biotechnology,DOWNTREND,MOVING DOWN,,No active BUY transition
ARL,UNCHANGED,UNCHANGED,SELL,SELL,"Jul 16, 2026",Real Estate,Real Estate Services,DOWNTREND,MOVING DOWN,,No active BUY transition
ARLO,UNCHANGED,UNCHANGED,SELL,SELL,"Aug 12, 2026",Industrials,Building Products & Equipment,UPTREND,MOVING DOWN,,No active BUY transition
ARLP,UNCHANGED,UNCHANGED,SELL,SELL,"Aug 11, 2026",Energy,Thermal Coal,NEUTRAL,MOVING DOWN,,No active BUY transition
ARMK,LEADER,🚀 LEADER,BUY,BUY,"Aug 13, 2026",Industrials,Specialty Business Services,UPTREND,MOVING UP,,Sustained BUY with confirmed trend and momentum
AROC,UNCHANGED,UNCHANGED,SELL,SELL,"Jul 08, 2026",Energy,Oil & Gas Equipment & Services,DOWNTREND,MOVING DOWN,,No active BUY transition
AROW,UNCHANGED,UNCHANGED,SELL,SELL,"Jul 13, 2026",Financials,Banks - Regional,DOWNTREND,MOVING DOWN,,No active BUY transition
ARQT,UNCHANGED,UNCHANGED,SELL,SELL,"Jul 27, 2026",Health Care,Biotechnology,DOWNTREND,MOVING DOWN,,No active BUY transition
ARR,UNCHANGED,UNCHANGED,SELL,SELL,"Jul 20, 2026",Real Estate,REIT - Mortgage,DOWNTREND,MOVING UP,,No active BUY transition
ARTNA,UNCHANGED,UNCHANGED,SELL,SELL,"Jul 22, 2026",Utilities,Utilities - Regulated Water,UPTREND,MOVING UP,,No active BUY transition
ARTV,UNCHANGED,UNCHANGED,,,,Health Care,Biotechnology,UPTREND,,,No active BUY transition
ARW,UNCHANGED,UNCHANGED,SELL,SELL,"Aug 11, 2026",Technology,Electronics & Computer Distribution,DOWNTREND,MOVING UP,,No active BUY transition
ARWR,LEADER,🚀 LEADER,BUY,BUY,"Jul 27, 2026",Health Care,Biotechnology,UPTREND,MOVING UP,,Sustained BUY with confirmed trend and momentum
ASA,LEADER,🚀 LEADER,BUY,BUY,"Aug 07, 2026",Financials,Closed-End Fund - Equity,UPTREND,MOVING UP,,Sustained BUY with confirmed trend and momentum
ASB,UNCHANGED,UNCHANGED,SELL,SELL,"Jul 10, 2026",Financials,Banks - Regional,UPTREND,MOVING UP,,No active BUY transition
ASGI,LEADER,🚀 LEADER,BUY,BUY,"Aug 11, 2026",Financials,Closed-End Fund - Equity,UPTREND,MOVING UP,,Sustained BUY with confirmed trend and momentum
ASH,LEADER,🚀 LEADER,BUY,BUY,"Jul 31, 2026",Materials,Specialty Chemicals,UPTREND,MOVING UP,,Sustained BUY with confirmed trend and momentum
ASIC,UNCHANGED,UNCHANGED,,,,Financials,Insurance - Property & Casualty,UPTREND,,,No active BUY transition
ASIX,UNCHANGED,UNCHANGED,SELL,SELL,"Jul 28, 2026",Materials,Chemicals,DOWNTREND,MOVING DOWN,,No active BUY transition
ASMB,LEADER,🚀 LEADER,BUY,BUY,"Aug 11, 2026",Health Care,Biotechnology,UPTREND,MOVING UP,,Sustained BUY with confirmed trend and momentum
ASML,LEADER,🚀 LEADER,BUY,BUY,"Aug 13, 2026",Technology,Semiconductor Equipment & Materials,UPTREND,MOVING UP,,Sustained BUY with confirmed trend and momentum
ASND,UNCHANGED,UNCHANGED,SELL,SELL,"Jul 16, 2026",Health Care,Biotechnology,DOWNTREND,MOVING UP,,No active BUY transition
ASO,ACTIVE_BUY,ACTIVE BUY,BUY,BUY,"Aug 12, 2026",Discretionary,Specialty Retail,NEUTRAL,MOVING UP,,BUY remains active without a higher-priority setup
ASR,UNCHANGED,UNCHANGED,SELL,SELL,"Jul 09, 2026",Industrials,Airports & Air Services,DOWNTREND,MOVING UP,,No active BUY transition
ASST,UNCHANGED,UNCHANGED,,,,Financials,Asset Management,NEUTRAL,,,No active BUY transition
ASTE,UNCHANGED,UNCHANGED,SELL,SELL,"Jul 10, 2026",Industrials,Farm & Heavy Construction Machinery,DOWNTREND,MOVING DOWN,,No active BUY transition
ASTH,UNCHANGED,UNCHANGED,SELL,SELL,"Jul 10, 2026",Health Care,Medical Care Facilities,DOWNTREND,MOVING UP,,No active BUY transition
ASTS,UNCHANGED,UNCHANGED,,,,Technology,Communication Equipment,NEUTRAL,,,No active BUY transition
ASX,EMERGING,🔥 EMERGING,BUY,SELL,"Aug 14, 2026",Technology,Semiconductors,UPTREND,MOVING UP,,New BUY with rising trend and accelerating momentum
ATEN,UNCHANGED,UNCHANGED,SELL,SELL,"Jul 10, 2026",Technology,Software - Infrastructure,DOWNTREND,MOVING DOWN,,No active BUY transition
ATEX,UNCHANGED,UNCHANGED,SELL,SELL,"Jul 09, 2026",Communication,Telecom Services,NEUTRAL,MOVING DOWN,,No active BUY transition
ATHM,UNCHANGED,UNCHANGED,SELL,SELL,"Aug 06, 2026",Communication,Internet Content & Information,UPTREND,MOVING DOWN,,No active BUY transition
ATI,LEADER,🚀 LEADER,BUY,BUY,"Aug 06, 2026",Industrials,Metal Fabrication,UPTREND,MOVING UP,,Sustained BUY with confirmed trend and momentum
ATII,UNCHANGED,UNCHANGED,,,,Financials,Shell Companies,DOWNTREND,,,No active BUY transition
ATKR,LEADER,🚀 LEADER,BUY,BUY,"Aug 04, 2026",Industrials,Electrical Equipment & Parts,UPTREND,MOVING UP,,Sustained BUY with confirmed trend and momentum
ATLC,UNCHANGED,UNCHANGED,SELL,SELL,"Aug 12, 2026",Financials,Credit Services,NEUTRAL,MOVING DOWN,,No active BUY transition
ATLO,LEADER,🚀 LEADER,BUY,BUY,"Jul 28, 2026",Financials,Banks - Regional,UPTREND,MOVING UP,,Sustained BUY with confirmed trend and momentum
ATMU,UNCHANGED,UNCHANGED,,,,Discretionary,Auto Parts,DOWNTREND,,,No active BUY transition
ATNI,LEADER,🚀 LEADER,BUY,BUY,"Aug 07, 2026",Communication,Telecom Services,UPTREND,MOVING UP,,Sustained BUY with confirmed trend and momentum
ATO,UNCHANGED,UNCHANGED,SELL,SELL,"Jul 31, 2026",Utilities,Utilities - Regulated Gas,DOWNTREND,MOVING DOWN,,No active BUY transition
ATR,UNCHANGED,UNCHANGED,SELL,SELL,"Aug 10, 2026",Health Care,Medical Instruments & Supplies,UPTREND,MOVING DOWN,,No active BUY transition
ATRC,LEADER,🚀 LEADER,BUY,BUY,"Aug 11, 2026",Health Care,Medical Instruments & Supplies,UPTREND,MOVING UP,,Sustained BUY with confirmed trend and momentum
ATRO,LEADER,🚀 LEADER,BUY,BUY,"Aug 06, 2026",Industrials,Aerospace & Defense,UPTREND,MOVING UP,,Sustained BUY with confirmed trend and momentum
ATS,UNCHANGED,UNCHANGED,SELL,SELL,"Aug 07, 2026",Industrials,Specialty Industrial Machinery,DOWNTREND,MOVING DOWN,,No active BUY transition
AU,LEADER,🚀 LEADER,BUY,BUY,"Aug 06, 2026",Materials,Gold,UPTREND,MOVING UP,,Sustained BUY with confirmed trend and momentum
AUB,UNCHANGED,UNCHANGED,SELL,SELL,"Jul 10, 2026",Financials,Banks - Regional,UPTREND,MOVING DOWN,,No active BUY transition
AUBN,UNCHANGED,UNCHANGED,SELL,SELL,"Jul 15, 2026",Financials,Banks - Regional,UPTREND,MOVING UP,,No active BUY transition
AUGO,UNCHANGED,UNCHANGED,,,,Materials,Gold,UPTREND,,,No active BUY transition
AUPH,UNCHANGED,UNCHANGED,SELL,SELL,"Jul 02, 2026",Health Care,Biotechnology,DOWNTREND,MOVING UP,,No active BUY transition
AVA,UNCHANGED,UNCHANGED,SELL,SELL,"Jul 31, 2026",Utilities,Utilities - Diversified,DOWNTREND,MOVING DOWN,,No active BUY transition
AVAH,UNCHANGED,UNCHANGED,,,,Health Care,Medical Care Facilities,UPTREND,,,No active BUY transition
AVAV,LEADER,🚀 LEADER,BUY,BUY,"Aug 05, 2026",Industrials,Aerospace & Defense,UPTREND,MOVING UP,,Sustained BUY with confirmed trend and momentum
AVB,UNCHANGED,UNCHANGED,SELL,SELL,"Jul 24, 2026",Real Estate,REIT - Residential,DOWNTREND,MOVING DOWN,,No active BUY transition
AVBC,UNCHANGED,UNCHANGED,,,,Financials,Banks - Regional,UPTREND,,,No active BUY transition
AVBP,UNCHANGED,UNCHANGED,,,,Health Care,Biotechnology,DOWNTREND,,,No active BUY transition
AVGO,LEADER,🚀 LEADER,BUY,BUY,"Aug 04, 2026",Technology,Semiconductors,UPTREND,MOVING UP,,Sustained BUY with confirmed trend and momentum
AVK,LEADER,🚀 LEADER,BUY,BUY,"Aug 11, 2026",Financials,Closed-End Fund - Debt,UPTREND,MOVING UP,,Sustained BUY with confirmed trend and momentum
AVNT,LEADER,🚀 LEADER,BUY,BUY,"Aug 06, 2026",Materials,Specialty Chemicals,UPTREND,MOVING UP,,Sustained BUY with confirmed trend and momentum
AVNW,UNCHANGED,UNCHANGED,,,,Technology,Communication Equipment,UPTREND,,,No active BUY transition
AVO,DETERIORATING,⚠️ DETERIORATING,BUY,BUY,"Aug 10, 2026",Staples,Food Distribution,UPTREND,MOVING DOWN,,Existing BUY momentum is weakening
AVPT,UNCHANGED,UNCHANGED,SELL,SELL,"Aug 13, 2026",Technology,Software - Infrastructure,UPTREND,MOVING DOWN,,No active BUY transition
AVT,LEADER,🚀 LEADER,BUY,BUY,"Aug 03, 2026",Technology,Electronics & Computer Distribution,UPTREND,MOVING UP,,Sustained BUY with confirmed trend and momentum
AVTR,UNCHANGED,UNCHANGED,SELL,SELL,"Aug 10, 2026",Health Care,Medical Instruments & Supplies,UPTREND,MOVING DOWN,,No active BUY transition
AVY,LEADER,🚀 LEADER,BUY,BUY,"Jul 29, 2026",Discretionary,Packaging & Containers,UPTREND,MOVING UP,,Sustained BUY with confirmed trend and momentum
AWF,EMERGING,🔥 EMERGING,BUY,SELL,"Aug 14, 2026",Financials,Closed-End Fund - Debt,UPTREND,MOVING UP,,New BUY with rising trend and accelerating momentum
AWI,LEADER,🚀 LEADER,BUY,BUY,"Jul 27, 2026",Industrials,Building Products & Equipment,UPTREND,MOVING UP,,Sustained BUY with confirmed trend and momentum
AWK,UNCHANGED,UNCHANGED,SELL,SELL,"Aug 04, 2026",Utilities,Utilities - Regulated Water,UPTREND,MOVING DOWN,,No active BUY transition
AWP,UNCHANGED,UNCHANGED,SELL,SELL,"Aug 03, 2026",Financials,Closed-End Fund - Foreign,DOWNTREND,MOVING DOWN,,No active BUY transition
AWR,UNCHANGED,UNCHANGED,SELL,SELL,"Jul 30, 2026",Utilities,Utilities - Regulated Water,UPTREND,MOVING UP,,No active BUY transition
AX,REMOVED,❌ REMOVED,SELL,BUY,"Aug 14, 2026",Financials,Banks - Regional,UPTREND,MOVING DOWN,,Prior BUY is missing or no longer rated BUY
AXGN,LEADER,🚀 LEADER,BUY,BUY,"Aug 04, 2026",Health Care,Medical Devices,UPTREND,MOVING UP,,Sustained BUY with confirmed trend and momentum
AXON,LEADER,🚀 LEADER,BUY,BUY,"Aug 06, 2026",Industrials,Aerospace & Defense,UPTREND,MOVING UP,,Sustained BUY with confirmed trend and momentum
AXP,UNCHANGED,UNCHANGED,SELL,SELL,"Jul 23, 2026",Financials,Credit Services,NEUTRAL,MOVING DOWN,,No active BUY transition
AXR,UNCHANGED,UNCHANGED,SELL,SELL,"Jul 28, 2026",Real Estate,Real Estate - Development,DOWNTREND,MOVING DOWN,,No active BUY transition
AXS,UNCHANGED,UNCHANGED,SELL,SELL,"Jul 30, 2026",Financials,Insurance - Specialty,DOWNTREND,MOVING DOWN,,No active BUY transition
AXTA,LEADER,🚀 LEADER,BUY,BUY,"Jul 29, 2026",Materials,Specialty Chemicals,UPTREND,MOVING UP,,Sustained BUY with confirmed trend and momentum
AXTI,LEADER,🚀 LEADER,BUY,BUY,"Aug 07, 2026",Technology,Semiconductor Equipment & Materials,UPTREND,MOVING UP,,Sustained BUY with confirmed trend and momentum
AYI,LEADER,🚀 LEADER,BUY,BUY,"Aug 07, 2026",Industrials,Electrical Equipment & Parts,UPTREND,MOVING UP,,Sustained BUY with confirmed trend and momentum
AZN,UNCHANGED,UNCHANGED,SELL,SELL,"Jul 13, 2026",Health Care,Drug Manufacturers - General,DOWNTREND,MOVING DOWN,,No active BUY transition
AZO,ACTIVE_BUY,ACTIVE BUY,BUY,BUY,"Aug 10, 2026",Discretionary,Auto Parts,NEUTRAL,MOVING UP,,BUY remains active without a higher-priority setup
AZTA,LEADER,🚀 LEADER,BUY,BUY,"Jul 24, 2026",Health Care,Medical Instruments & Supplies,UPTREND,MOVING UP,,Sustained BUY with confirmed trend and momentum
AZZ,UNCHANGED,UNCHANGED,SELL,SELL,"Jul 07, 2026",Industrials,Specialty Business Services,UPTREND,MOVING DOWN,,No active BUY transition
B,LEADER,🚀 LEADER,BUY,BUY,"Aug 05, 2026",Materials,Gold,UPTREND,MOVING UP,,Sustained BUY with confirmed trend and momentum
BA,LEADER,🚀 LEADER,BUY,BUY,"Aug 04, 2026",Industrials,Aerospace & Defense,UPTREND,MOVING UP,,Sustained BUY with confirmed trend and momentum
BABA,UNCHANGED,UNCHANGED,SELL,SELL,"Aug 13, 2026",Discretionary,Internet Retail,UPTREND,MOVING DOWN,,No active BUY transition
BAC,UNCHANGED,UNCHANGED,SELL,SELL,"Jul 22, 2026",Financials,Banks - Diversified,UPTREND,MOVING DOWN,,No active BUY transition
BACC,UNCHANGED,UNCHANGED,,,,Financials,Shell Companies,NEUTRAL,,,No active BUY transition
BAH,LEADER,🚀 LEADER,BUY,BUY,"Jul 27, 2026",Industrials,Consulting Services,UPTREND,MOVING UP,,Sustained BUY with confirmed trend and momentum
BALL,UNCHANGED,UNCHANGED,SELL,SELL,"Aug 06, 2026",Discretionary,Packaging & Containers,NEUTRAL,MOVING DOWN,,No active BUY transition
BAM,UNCHANGED,UNCHANGED,,,,Financials,Asset Management,UPTREND,,,No active BUY transition
BANC,UNCHANGED,UNCHANGED,SELL,SELL,"Jul 28, 2026",Financials,Banks - Regional,DOWNTREND,MOVING DOWN,,No active BUY transition
BAND,UNCHANGED,UNCHANGED,SELL,SELL,"Jul 21, 2026",Technology,Software - Infrastructure,DOWNTREND,MOVING UP,,No active BUY transition
BANF,UNCHANGED,UNCHANGED,SELL,SELL,"Jul 30, 2026",Financials,Banks - Regional,NEUTRAL,MOVING DOWN,,No active BUY transition
BANR,LEADER,🚀 LEADER,BUY,BUY,"Aug 13, 2026",Financials,Banks - Regional,UPTREND,MOVING UP,,Sustained BUY with confirmed trend and momentum
BANX,LEADER,🚀 LEADER,BUY,BUY,"Aug 04, 2026",Financials,Closed-End Fund - Debt,UPTREND,MOVING UP,,Sustained BUY with confirmed trend and momentum
BAP,UNCHANGED,UNCHANGED,SELL,SELL,"Jul 09, 2026",Financials,Banks - Regional,DOWNTREND,MOVING DOWN,,No active BUY transition
BARK,DETERIORATING,⚠️ DETERIORATING,BUY,BUY,"Aug 10, 2026",Discretionary,Specialty Retail,UPTREND,MOVING DOWN,,Existing BUY momentum is weakening
BATRA,UNCHANGED,UNCHANGED,SELL,SELL,"Jul 09, 2026",Communication,Entertainment,NEUTRAL,MOVING UP,,No active BUY transition
BATRK,LEADER,🚀 LEADER,BUY,BUY,"Aug 13, 2026",Communication,Entertainment,UPTREND,MOVING UP,,Sustained BUY with confirmed trend and momentum
BAX,LEADER,🚀 LEADER,BUY,BUY,"Jul 31, 2026",Health Care,Medical Instruments & Supplies,UPTREND,MOVING UP,,Sustained BUY with confirmed trend and momentum
BBGI,LEADER,🚀 LEADER,BUY,BUY,"Aug 06, 2026",Communication,Broadcasting,UPTREND,MOVING UP,,Sustained BUY with confirmed trend and momentum
BBIO,LEADER,🚀 LEADER,BUY,BUY,"Aug 10, 2026",Health Care,Biotechnology,UPTREND,MOVING UP,,Sustained BUY with confirmed trend and momentum
BBN,LEADER,🚀 LEADER,BUY,BUY,"Aug 12, 2026",Financials,Closed-End Fund - Debt,UPTREND,MOVING UP,,Sustained BUY with confirmed trend and momentum
BBNX,UNCHANGED,UNCHANGED,,,,Health Care,Medical Devices,UPTREND,,,No active BUY transition
BBSI,UNCHANGED,UNCHANGED,SELL,SELL,"Jul 27, 2026",Industrials,Staffing & Employment Services,DOWNTREND,MOVING DOWN,,No active BUY transition
BBT,LEADER,🚀 LEADER,BUY,BUY,"Aug 05, 2026",Financials,Banks - Regional,UPTREND,MOVING UP,,Sustained BUY with confirmed trend and momentum
BBUC,UNCHANGED,UNCHANGED,SELL,SELL,"Aug 03, 2026",Industrials,Conglomerates,DOWNTREND,MOVING DOWN,,No active BUY transition
BBW,LEADER,🚀 LEADER,BUY,BUY,"Aug 10, 2026",Discretionary,Specialty Retail,UPTREND,MOVING UP,,Sustained BUY with confirmed trend and momentum
BBWI,UNCHANGED,UNCHANGED,SELL,SELL,"Aug 11, 2026",Discretionary,Specialty Retail,DOWNTREND,MOVING DOWN,,No active BUY transition
BBY,UNCHANGED,UNCHANGED,SELL,SELL,"Aug 06, 2026",Discretionary,Specialty Retail,UPTREND,MOVING DOWN,,No active BUY transition
BC,LEADER,🚀 LEADER,BUY,BUY,"Aug 05, 2026",Discretionary,Recreational Vehicles,UPTREND,MOVING UP,,Sustained BUY with confirmed trend and momentum
BCAL,UNCHANGED,UNCHANGED,SELL,SELL,"Aug 07, 2026",Financials,Banks - Regional,UPTREND,MOVING UP,,No active BUY transition
BCAT,LEADER,🚀 LEADER,BUY,BUY,"Aug 05, 2026",Financials,Closed-End Fund - Equity,UPTREND,MOVING UP,,Sustained BUY with confirmed trend and momentum
BCAX,UNCHANGED,UNCHANGED,,,,Health Care,Biotechnology,DOWNTREND,,,No active BUY transition
BCC,LEADER,🚀 LEADER,BUY,BUY,"Aug 05, 2026",Materials,Lumber & Wood Production,UPTREND,MOVING UP,,Sustained BUY with confirmed trend and momentum
BCE,LEADER,🚀 LEADER,BUY,BUY,"Aug 07, 2026",Communication,Telecom Services,UPTREND,MOVING UP,,Sustained BUY with confirmed trend and momentum
BCH,UNCHANGED,UNCHANGED,SELL,SELL,"Jul 29, 2026",Financials,Banks - Regional,UPTREND,MOVING DOWN,,No active BUY transition
BCO,UNCHANGED,UNCHANGED,SELL,SELL,"Aug 05, 2026",Industrials,Security & Protection Services,UPTREND,MOVING DOWN,,No active BUY transition
BCPC,LEADER,🚀 LEADER,BUY,BUY,"Aug 04, 2026",Materials,Specialty Chemicals,UPTREND,MOVING UP,,Sustained BUY with confirmed trend and momentum
BCRX,REMOVED,❌ REMOVED,,BUY,"Aug 12, 2026",Health Care,Drug Manufacturers - Specialty & Generic,,,,Prior BUY is missing or no longer rated BUY
BCS,UNCHANGED,UNCHANGED,SELL,SELL,"Jul 14, 2026",Financials,Banks - Diversified,UPTREND,MOVING DOWN,,No active BUY transition
BCSF,DETERIORATING,⚠️ DETERIORATING,BUY,BUY,"Aug 05, 2026",Financials,Asset Management,NEUTRAL,MOVING DOWN,,Existing BUY momentum is weakening
BCV,UNCHANGED,UNCHANGED,,,,Financials,Closed-End Fund - Debt,UPTREND,,,No active BUY transition
BCX,LEADER,🚀 LEADER,BUY,BUY,"Jul 23, 2026",Financials,Closed-End Fund - Equity,UPTREND,MOVING UP,,Sustained BUY with confirmed trend and momentum
BDC,LEADER,🚀 LEADER,BUY,BUY,"Aug 03, 2026",Technology,Communication Equipment,UPTREND,MOVING UP,,Sustained BUY with confirmed trend and momentum
BDCI,UNCHANGED,UNCHANGED,,,,Financials,Shell Companies,UPTREND,,,No active BUY transition
BDL,UNCHANGED,UNCHANGED,,,,Discretionary,Restaurants,UPTREND,,,No active BUY transition
BDSX,DETERIORATING,⚠️ DETERIORATING,BUY,BUY,"Aug 10, 2026",Health Care,Diagnostics & Research,UPTREND,MOVING DOWN,,Existing BUY momentum is weakening
BDX,EMERGING,🔥 EMERGING,BUY,,"Jun 29, 2026",Health Care,Medical Instruments & Supplies,UPTREND,MOVING UP,,New BUY with rising trend and accelerating momentum
BE,UNCHANGED,UNCHANGED,SELL,SELL,"Jul 06, 2026",Industrials,Electrical Equipment & Parts,NEUTRAL,MOVING DOWN,,No active BUY transition
BEAG,UNCHANGED,UNCHANGED,,,,Financials,Shell Companies,UPTREND,,,No active BUY transition
BEAM,UNCHANGED,UNCHANGED,SELL,SELL,"Jul 13, 2026",Health Care,Biotechnology,DOWNTREND,MOVING DOWN,,No active BUY transition
BEKE,UNCHANGED,UNCHANGED,SELL,SELL,"Aug 13, 2026",Real Estate,Real Estate Services,UPTREND,MOVING DOWN,,No active BUY transition
BELFA,LEADER,🚀 LEADER,BUY,BUY,"Aug 13, 2026",Technology,Electronic Components,UPTREND,MOVING UP,,Sustained BUY with confirmed trend and momentum
BELFB,DETERIORATING,⚠️ DETERIORATING,BUY,BUY,"Aug 07, 2026",Technology,Electronic Components,UPTREND,MOVING DOWN,,Existing BUY momentum is weakening
BEN,LEADER,🚀 LEADER,BUY,BUY,"Aug 03, 2026",Financials,Asset Management,UPTREND,MOVING UP,,Sustained BUY with confirmed trend and momentum
BEP,LEADER,🚀 LEADER,BUY,BUY,"Aug 12, 2026",Utilities,Utilities - Renewable,UPTREND,MOVING UP,,Sustained BUY with confirmed trend and momentum
BEPC,UNCHANGED,UNCHANGED,,,,Utilities,Utilities - Renewable,UPTREND,,,No active BUY transition
BETR,UNCHANGED,UNCHANGED,,,,Financials,Mortgage Finance,DOWNTREND,,,No active BUY transition
BF/A,LEADER,🚀 LEADER,BUY,BUY,"Jul 28, 2026",Staples,Beverages - Wineries & Distilleries,UPTREND,MOVING UP,,Sustained BUY with confirmed trend and momentum
BF/B,LEADER,🚀 LEADER,BUY,BUY,"Jul 28, 2026",Staples,Beverages - Wineries & Distilleries,UPTREND,MOVING UP,,Sustained BUY with confirmed trend and momentum
BFAM,UNCHANGED,UNCHANGED,SELL,SELL,"Jul 17, 2026",Discretionary,Personal Services,DOWNTREND,MOVING DOWN,,No active BUY transition
BFC,LEADER,🚀 LEADER,BUY,BUY,"Jul 30, 2026",Financials,Banks - Regional,UPTREND,MOVING UP,,Sustained BUY with confirmed trend and momentum
BFH,REMOVED,❌ REMOVED,SELL,BUY,"Aug 14, 2026",Financials,Credit Services,UPTREND,MOVING DOWN,,Prior BUY is missing or no longer rated BUY
BFS,UNCHANGED,UNCHANGED,SELL,SELL,"Jul 09, 2026",Real Estate,REIT - Retail,DOWNTREND,MOVING DOWN,,No active BUY transition
BFST,UNCHANGED,UNCHANGED,SELL,SELL,"Aug 10, 2026",Financials,Banks - Regional,UPTREND,MOVING DOWN,,No active BUY transition
BG,UNCHANGED,UNCHANGED,SELL,SELL,"Jul 30, 2026",Staples,Farm Products,DOWNTREND,MOVING UP,,No active BUY transition
BGB,LEADER,🚀 LEADER,BUY,BUY,"Aug 12, 2026",Financials,Closed-End Fund - Debt,UPTREND,MOVING UP,,Sustained BUY with confirmed trend and momentum
BGC,UNCHANGED,UNCHANGED,SELL,SELL,"Aug 06, 2026",Financials,Capital Markets,DOWNTREND,MOVING DOWN,,No active BUY transition
BGH,UNCHANGED,UNCHANGED,SELL,SELL,"Jul 24, 2026",Financials,Closed-End Fund - Debt,UPTREND,MOVING DOWN,,No active BUY transition
BGR,UNCHANGED,UNCHANGED,SELL,SELL,"Aug 06, 2026",Financials,Closed-End Fund - Equity,UPTREND,MOVING UP,,No active BUY transition
BGT,LEADER,🚀 LEADER,BUY,BUY,"Jul 15, 2026",Financials,Closed-End Fund - Debt,UPTREND,MOVING UP,,Sustained BUY with confirmed trend and momentum
BGX,LEADER,🚀 LEADER,BUY,BUY,"Aug 10, 2026",Financials,Closed-End Fund - Debt,UPTREND,MOVING UP,,Sustained BUY with confirmed trend and momentum
BH,UNCHANGED,UNCHANGED,SELL,SELL,"Jul 20, 2026",Discretionary,Restaurants,UPTREND,MOVING DOWN,,No active BUY transition
BHB,UNCHANGED,UNCHANGED,,,,Financials,Banks - Regional,UPTREND,,,No active BUY transition
BHE,UNCHANGED,UNCHANGED,SELL,SELL,"Jul 07, 2026",Technology,Electronic Components,DOWNTREND,MOVING DOWN,,No active BUY transition
BHF,UNCHANGED,UNCHANGED,SELL,SELL,"Jul 21, 2026",Financials,Insurance - Life,DOWNTREND,MOVING DOWN,,No active BUY transition
BHP,LEADER,🚀 LEADER,BUY,BUY,"Jul 28, 2026",Materials,Other Industrial Metals & Mining,UPTREND,MOVING UP,,Sustained BUY with confirmed trend and momentum
BHRB,UNCHANGED,UNCHANGED,SELL,SELL,"Aug 10, 2026",Financials,Banks - Regional,UPTREND,MOVING DOWN,,No active BUY transition
BIIB,LEADER,🚀 LEADER,BUY,BUY,"Aug 10, 2026",Health Care,Drug Manufacturers - General,UPTREND,MOVING UP,,Sustained BUY with confirmed trend and momentum
BILI,UNCHANGED,UNCHANGED,SELL,SELL,"Aug 13, 2026",Communication,Internet Content & Information,DOWNTREND,MOVING DOWN,,No active BUY transition
BILL,EMERGING,🔥 EMERGING,BUY,SELL,"Aug 14, 2026",Technology,Software - Application,UPTREND,MOVING UP,,New BUY with rising trend and accelerating momentum
BIO,LEADER,🚀 LEADER,BUY,BUY,"Jul 22, 2026",Health Care,Medical Devices,UPTREND,MOVING UP,,Sustained BUY with confirmed trend and momentum
BIO/B,LEADER,🚀 LEADER,BUY,BUY,"Aug 04, 2026",Health Care,Medical Devices,UPTREND,MOVING UP,,Sustained BUY with confirmed trend and momentum
BIOA,UNCHANGED,UNCHANGED,,,,Health Care,Drug Manufacturers - Specialty & Generic,DOWNTREND,,,No active BUY transition
BIP,UNCHANGED,UNCHANGED,SELL,SELL,"Aug 07, 2026",Utilities,Utilities - Diversified,UPTREND,MOVING DOWN,,No active BUY transition
BIPC,UNCHANGED,UNCHANGED,,,,Utilities,Utilities - Regulated Gas,NEUTRAL,,,No active BUY transition
BIT,UNCHANGED,UNCHANGED,SELL,SELL,"Jul 16, 2026",Financials,Closed-End Fund - Debt,DOWNTREND,MOVING UP,,No active BUY transition
BJ,UNCHANGED,UNCHANGED,SELL,SELL,"Aug 06, 2026",Staples,Discount Stores,UPTREND,MOVING DOWN,,No active BUY transition
BJRI,UNCHANGED,UNCHANGED,SELL,SELL,"Jul 13, 2026",Discretionary,Restaurants,UPTREND,MOVING DOWN,,No active BUY transition
BKD,UNCHANGED,UNCHANGED,SELL,SELL,"Jul 14, 2026",Health Care,Medical Care Facilities,DOWNTREND,MOVING DOWN,,No active BUY transition
BKE,ACTIVE_BUY,ACTIVE BUY,BUY,BUY,"Jul 29, 2026",Discretionary,Apparel Retail,NEUTRAL,MOVING UP,,BUY remains active without a higher-priority setup
BKH,UNCHANGED,UNCHANGED,SELL,SELL,"Jul 30, 2026",Utilities,Utilities - Regulated Gas,NEUTRAL,MOVING UP,,No active BUY transition
BKHA,UNCHANGED,UNCHANGED,,,,Financials,Shell Companies,DOWNTREND,,,No active BUY transition
BKNG,LEADER,🚀 LEADER,BUY,BUY,"Jul 30, 2026",Discretionary,Travel Services,UPTREND,MOVING UP,,Sustained BUY with confirmed trend and momentum
BKR,LEADER,🚀 LEADER,BUY,BUY,"Jul 29, 2026",Energy,Oil & Gas Equipment & Services,UPTREND,MOVING UP,,Sustained BUY with confirmed trend and momentum
BKSY,UNCHANGED,UNCHANGED,,,,Industrials,Specialty Business Services,UPTREND,,,No active BUY transition
BKT,LEADER,🚀 LEADER,BUY,BUY,"Aug 11, 2026",Financials,Closed-End Fund - Debt,UPTREND,MOVING UP,,Sustained BUY with confirmed trend and momentum
BKU,UNCHANGED,UNCHANGED,SELL,SELL,"Jul 09, 2026",Financials,Banks - Regional,NEUTRAL,MOVING UP,,No active BUY transition
BKV,UNCHANGED,UNCHANGED,,,,Energy,Oil & Gas E&P,UPTREND,,,No active BUY transition
BL,UNCHANGED,UNCHANGED,SELL,SELL,"Aug 11, 2026",Technology,Software - Application,UPTREND,MOVING DOWN,,No active BUY transition
BLDR,UNCHANGED,UNCHANGED,SELL,SELL,"Jul 09, 2026",Industrials,Building Products & Equipment,DOWNTREND,MOVING UP,,No active BUY transition
BLFS,LEADER,🚀 LEADER,BUY,BUY,"Jul 01, 2026",Health Care,Medical Instruments & Supplies,UPTREND,MOVING UP,,Sustained BUY with confirmed trend and momentum
BLK,LEADER,🚀 LEADER,BUY,BUY,"Jul 14, 2026",Financials,Asset Management,UPTREND,MOVING UP,,Sustained BUY with confirmed trend and momentum
BLKB,REMOVED,❌ REMOVED,SELL,BUY,"Aug 14, 2026",Technology,Software - Application,UPTREND,MOVING DOWN,,Prior BUY is missing or no longer rated BUY
BLMN,LEADER,🚀 LEADER,BUY,BUY,"Jul 31, 2026",Discretionary,Restaurants,UPTREND,MOVING UP,,Sustained BUY with confirmed trend and momentum
BLTE,UNCHANGED,UNCHANGED,,,,Health Care,Biotechnology,UPTREND,,,No active BUY transition
BLW,LEADER,🚀 LEADER,BUY,BUY,"Aug 13, 2026",Financials,Closed-End Fund - Debt,UPTREND,MOVING UP,,Sustained BUY with confirmed trend and momentum
BLX,UNCHANGED,UNCHANGED,SELL,SELL,"Jul 07, 2026",Financials,Banks - Regional,DOWNTREND,MOVING DOWN,,No active BUY transition
BLZE,DETERIORATING,⚠️ DETERIORATING,BUY,BUY,"Aug 04, 2026",Technology,Software - Infrastructure,UPTREND,MOVING DOWN,,Existing BUY momentum is weakening
BME,LEADER,🚀 LEADER,BUY,BUY,"Aug 12, 2026",Financials,Closed-End Fund - Equity,UPTREND,MOVING UP,,Sustained BUY with confirmed trend and momentum
BMEZ,LEADER,🚀 LEADER,BUY,BUY,"Jul 28, 2026",Financials,Closed-End Fund - Equity,UPTREND,MOVING UP,,Sustained BUY with confirmed trend and momentum
BMI,UNCHANGED,UNCHANGED,SELL,SELL,"Jul 23, 2026",Technology,Scientific & Technical Instruments,DOWNTREND,MOVING DOWN,,No active BUY transition
BMN,UNCHANGED,UNCHANGED,,,,Financials,Closed-End Fund - Debt,NEUTRAL,,,No active BUY transition
BMNR,UNCHANGED,UNCHANGED,,,,Financials,Capital Markets,UPTREND,,,No active BUY transition
BMO,UNCHANGED,UNCHANGED,SELL,SELL,"Jul 09, 2026",Financials,Banks - Diversified,UPTREND,MOVING DOWN,,No active BUY transition
BMRC,UNCHANGED,UNCHANGED,SELL,SELL,"Jul 24, 2026",Financials,Banks - Regional,UPTREND,MOVING DOWN,,No active BUY transition
BMRN,LEADER,🚀 LEADER,BUY,BUY,"Aug 11, 2026",Health Care,Biotechnology,UPTREND,MOVING UP,,Sustained BUY with confirmed trend and momentum
BMY,DETERIORATING,⚠️ DETERIORATING,BUY,BUY,"Jun 30, 2026",Health Care,Drug Manufacturers - General,UPTREND,MOVING DOWN,,Existing BUY momentum is weakening
BN,LEADER,🚀 LEADER,BUY,BUY,"Aug 06, 2026",Financials,Asset Management,UPTREND,MOVING UP,,Sustained BUY with confirmed trend and momentum
BNAI,UNCHANGED,UNCHANGED,,,,Technology,Software - Infrastructure,UPTREND,,,No active BUY transition
BNED,UNCHANGED,UNCHANGED,SELL,SELL,"Aug 13, 2026",Discretionary,Specialty Retail,UPTREND,MOVING DOWN,,No active BUY transition
BNL,UNCHANGED,UNCHANGED,SELL,SELL,"Jul 24, 2026",Real Estate,REIT - Diversified,DOWNTREND,MOVING UP,,No active BUY transition
BNS,UNCHANGED,UNCHANGED,SELL,SELL,"Jul 06, 2026",Financials,Banks - Diversified,UPTREND,MOVING UP,,No active BUY transition
BNT,REMOVED,❌ REMOVED,SELL,BUY,"Aug 14, 2026",Financials,Insurance - Diversified,UPTREND,MOVING DOWN,,Prior BUY is missing or no longer rated BUY
BNTC,LEADER,🚀 LEADER,BUY,BUY,"Aug 07, 2026",Health Care,Biotechnology,UPTREND,MOVING UP,,Sustained BUY with confirmed trend and momentum
BNTX,UNCHANGED,UNCHANGED,SELL,SELL,"Aug 03, 2026",Health Care,Biotechnology,NEUTRAL,MOVING DOWN,,No active BUY transition
BNY,UNCHANGED,UNCHANGED,SELL,SELL,"Jul 30, 2026",Financials,Banks - Diversified,UPTREND,MOVING DOWN,,No active BUY transition
BOC,UNCHANGED,UNCHANGED,SELL,SELL,"Aug 12, 2026",Industrials,Conglomerates,UPTREND,MOVING DOWN,,No active BUY transition
BOE,LEADER,🚀 LEADER,BUY,BUY,"Aug 05, 2026",Financials,Closed-End Fund - Foreign,UPTREND,MOVING UP,,Sustained BUY with confirmed trend and momentum
BOH,UNCHANGED,UNCHANGED,SELL,SELL,"Jul 29, 2026",Financials,Banks - Regional,DOWNTREND,MOVING DOWN,,No active BUY transition
BOOT,LEADER,🚀 LEADER,BUY,BUY,"Aug 07, 2026",Discretionary,Apparel Retail,UPTREND,MOVING UP,,Sustained BUY with confirmed trend and momentum
BOTJ,UNCHANGED,UNCHANGED,SELL,SELL,"Aug 05, 2026",Financials,Banks - Regional,UPTREND,MOVING DOWN,,No active BUY transition
BOW,UNCHANGED,UNCHANGED,,,,Financials,Insurance - Property & Casualty,UPTREND,,,No active BUY transition
BOX,UNCHANGED,UNCHANGED,SELL,SELL,"Jul 23, 2026",Technology,Software - Infrastructure,UPTREND,MOVING UP,,No active BUY transition
BP,LEADER,🚀 LEADER,BUY,BUY,"Jul 16, 2026",Energy,Oil & Gas Integrated,UPTREND,MOVING UP,,Sustained BUY with confirmed trend and momentum
BPOP,UNCHANGED,UNCHANGED,SELL,SELL,"Jul 14, 2026",Financials,Banks - Regional,UPTREND,MOVING DOWN,,No active BUY transition
BPRN,LEADER,🚀 LEADER,BUY,BUY,"Jul 27, 2026",Financials,Banks - Regional,UPTREND,MOVING UP,,Sustained BUY with confirmed trend and momentum
BR,LEADER,🚀 LEADER,BUY,BUY,"Jul 10, 2026",Technology,Information Technology Services,UPTREND,MOVING UP,,Sustained BUY with confirmed trend and momentum
BRBR,UNCHANGED,UNCHANGED,SELL,SELL,"Aug 07, 2026",Staples,Packaged Foods,DOWNTREND,MOVING DOWN,,No active BUY transition
BRC,UNCHANGED,UNCHANGED,SELL,SELL,"Aug 12, 2026",Industrials,Security & Protection Services,UPTREND,MOVING DOWN,,No active BUY transition
BRK/A,LEADER,🚀 LEADER,BUY,BUY,"Jul 30, 2026",Financials,Insurance - Diversified,UPTREND,MOVING UP,,Sustained BUY with confirmed trend and momentum
BRK/B,DETERIORATING,⚠️ DETERIORATING,BUY,BUY,"Jul 29, 2026",Financials,Insurance - Diversified,UPTREND,MOVING DOWN,,Existing BUY momentum is weakening
BRKR,UNCHANGED,UNCHANGED,SELL,SELL,"Aug 05, 2026",Health Care,Medical Devices,NEUTRAL,MOVING UP,,No active BUY transition
BRO,UNCHANGED,UNCHANGED,SELL,SELL,"Jul 21, 2026",Financials,Insurance Brokers,UPTREND,MOVING DOWN,,No active BUY transition
BROS,UNCHANGED,UNCHANGED,SELL,SELL,"Jul 07, 2026",Discretionary,Restaurants,DOWNTREND,MOVING DOWN,,No active BUY transition
BRT,UNCHANGED,UNCHANGED,SELL,SELL,"Jul 10, 2026",Real Estate,REIT - Residential,DOWNTREND,MOVING DOWN,,No active BUY transition
BRX,UNCHANGED,UNCHANGED,SELL,SELL,"Jul 31, 2026",Real Estate,REIT - Retail,DOWNTREND,MOVING DOWN,,No active BUY transition
BRZE,LEADER,🚀 LEADER,BUY,BUY,"Jul 30, 2026",Technology,Software - Application,UPTREND,MOVING UP,,Sustained BUY with confirmed trend and momentum
BSAC,UNCHANGED,UNCHANGED,SELL,,"Aug 14, 2026",Financials,Banks - Regional,UPTREND,MOVING DOWN,,No active BUY transition
BSET,UNCHANGED,UNCHANGED,SELL,SELL,"Jul 28, 2026",Discretionary,Furnishings Fixtures & Appliances,UPTREND,MOVING DOWN,,No active BUY transition
BSL,UNCHANGED,UNCHANGED,SELL,SELL,"Jul 27, 2026",Financials,Closed-End Fund - Debt,UPTREND,MOVING DOWN,,No active BUY transition
BSM,UNCHANGED,UNCHANGED,SELL,SELL,"Aug 07, 2026",Energy,Oil & Gas E&P,NEUTRAL,MOVING DOWN,,No active BUY transition
BSRR,UNCHANGED,UNCHANGED,SELL,SELL,"Jul 09, 2026",Financials,Banks - Regional,NEUTRAL,MOVING DOWN,,No active BUY transition
BST,LEADER,🚀 LEADER,BUY,BUY,"Aug 06, 2026",Financials,Closed-End Fund - Equity,UPTREND,MOVING UP,,Sustained BUY with confirmed trend and momentum
BSTZ,LEADER,🚀 LEADER,BUY,BUY,"Aug 06, 2026",Financials,Closed-End Fund - Equity,UPTREND,MOVING UP,,Sustained BUY with confirmed trend and momentum
BSVN,LEADER,🚀 LEADER,BUY,BUY,"Jul 30, 2026",Financials,Banks - Regional,UPTREND,MOVING UP,,Sustained BUY with confirmed trend and momentum
BSX,LEADER,🚀 LEADER,BUY,BUY,"Jul 31, 2026",Health Care,Medical Devices,UPTREND,MOVING UP,,Sustained BUY with confirmed trend and momentum
BSY,UNCHANGED,UNCHANGED,SELL,SELL,"Aug 12, 2026",Technology,Software - Application,UPTREND,MOVING DOWN,,No active BUY transition
BTI,UNCHANGED,UNCHANGED,SELL,SELL,"Aug 04, 2026",Staples,Tobacco,DOWNTREND,MOVING DOWN,,No active BUY transition
BTO,UNCHANGED,UNCHANGED,SELL,SELL,"Aug 07, 2026",Financials,Closed-End Fund - Equity,UPTREND,MOVING DOWN,,No active BUY transition
BTSG,UNCHANGED,UNCHANGED,,,,Health Care,Health Information Services,DOWNTREND,,,No active BUY transition
BTT,EMERGING,🔥 EMERGING,BUY,SELL,"Aug 14, 2026",Financials,Closed-End Fund - Debt,UPTREND,MOVING UP,,New BUY with rising trend and accelerating momentum
BTU,ACTIVE_BUY,ACTIVE BUY,BUY,BUY,"Aug 13, 2026",Energy,Thermal Coal,NEUTRAL,MOVING UP,,BUY remains active without a higher-priority setup
BTZ,LEADER,🚀 LEADER,BUY,BUY,"Aug 11, 2026",Financials,Closed-End Fund - Debt,UPTREND,MOVING UP,,Sustained BUY with confirmed trend and momentum
BUD,UNCHANGED,UNCHANGED,SELL,SELL,"Aug 13, 2026",Staples,Beverages - Brewers,DOWNTREND,MOVING DOWN,,No active BUY transition
BUI,UNCHANGED,UNCHANGED,SELL,SELL,"Jul 13, 2026",Financials,Closed-End Fund - Equity,DOWNTREND,MOVING UP,,No active BUY transition
BURL,UNCHANGED,UNCHANGED,SELL,SELL,"Aug 12, 2026",Discretionary,Apparel Retail,UPTREND,MOVING DOWN,,No active BUY transition
BUSE,DETERIORATING,⚠️ DETERIORATING,BUY,BUY,"Jul 31, 2026",Financials,Banks - Regional,UPTREND,MOVING DOWN,,Existing BUY momentum is weakening
BV,UNCHANGED,UNCHANGED,SELL,SELL,"Jul 08, 2026",Industrials,Specialty Business Services,DOWNTREND,MOVING UP,,No active BUY transition
BVN,LEADER,🚀 LEADER,BUY,BUY,"Jul 24, 2026",Materials,Other Precious Metals & Mining,UPTREND,MOVING UP,,Sustained BUY with confirmed trend and momentum
BVS,UNCHANGED,UNCHANGED,,,,Health Care,Medical Devices,UPTREND,,,No active BUY transition
BWA,LEADER,🚀 LEADER,BUY,BUY,"Aug 10, 2026",Discretionary,Auto Parts,UPTREND,MOVING UP,,Sustained BUY with confirmed trend and momentum
BWB,LEADER,🚀 LEADER,BUY,BUY,"Aug 10, 2026",Financials,Banks - Regional,UPTREND,MOVING UP,,Sustained BUY with confirmed trend and momentum
BWFG,REMOVED,❌ REMOVED,SELL,BUY,"Aug 14, 2026",Financials,Banks - Regional,UPTREND,MOVING DOWN,,Prior BUY is missing or no longer rated BUY
BWIN,LEADER,🚀 LEADER,BUY,BUY,"Jul 28, 2026",Financials,Insurance Brokers,UPTREND,MOVING UP,,Sustained BUY with confirmed trend and momentum
BWLP,EMERGING,🔥 EMERGING,BUY,SELL,"Aug 14, 2026",Energy,Oil & Gas Midstream,UPTREND,MOVING UP,,New BUY with rising trend and accelerating momentum
BWMN,LEADER,🚀 LEADER,BUY,BUY,"Aug 11, 2026",Industrials,Engineering & Construction,UPTREND,MOVING UP,,Sustained BUY with confirmed trend and momentum
BWXT,UNCHANGED,UNCHANGED,SELL,SELL,"Jul 01, 2026",Industrials,Aerospace & Defense,DOWNTREND,MOVING UP,,No active BUY transition
BX,LEADER,🚀 LEADER,BUY,BUY,"Jul 07, 2026",Financials,Asset Management,UPTREND,MOVING UP,,Sustained BUY with confirmed trend and momentum
BXC,LEADER,🚀 LEADER,BUY,BUY,"Aug 05, 2026",Industrials,Industrial Distribution,UPTREND,MOVING UP,,Sustained BUY with confirmed trend and momentum
BXP,UNCHANGED,UNCHANGED,SELL,SELL,"Jul 13, 2026",Real Estate,REIT - Office,UPTREND,MOVING DOWN,,No active BUY transition
BXSL,LEADER,🚀 LEADER,BUY,BUY,"Aug 07, 2026",Financials,Asset Management,UPTREND,MOVING UP,,Sustained BUY with confirmed trend and momentum
BY,UNCHANGED,UNCHANGED,SELL,SELL,"Aug 11, 2026",Financials,Banks - Regional,UPTREND,MOVING DOWN,,No active BUY transition
BYD,UNCHANGED,UNCHANGED,SELL,SELL,"Aug 03, 2026",Discretionary,Resorts & Casinos,DOWNTREND,MOVING DOWN,,No active BUY transition
BYFC,LEADER,🚀 LEADER,BUY,BUY,"Jul 28, 2026",Financials,Banks - Regional,UPTREND,MOVING UP,,Sustained BUY with confirmed trend and momentum
BZ,UNCHANGED,UNCHANGED,SELL,SELL,"Aug 13, 2026",Communication,Internet Content & Information,UPTREND,MOVING DOWN,,No active BUY transition
BZH,UNCHANGED,UNCHANGED,SELL,SELL,"Jul 30, 2026",Discretionary,Residential Construction,UPTREND,MOVING DOWN,,No active BUY transition
C,LEADER,🚀 LEADER,BUY,BUY,"Aug 12, 2026",Financials,Banks - Diversified,UPTREND,MOVING UP,,Sustained BUY with confirmed trend and momentum
CAAP,UNCHANGED,UNCHANGED,SELL,SELL,"Aug 06, 2026",Industrials,Airports & Air Services,DOWNTREND,MOVING DOWN,,No active BUY transition
CABO,UNCHANGED,UNCHANGED,SELL,SELL,"Aug 11, 2026",Communication,Telecom Services,DOWNTREND,MOVING DOWN,,No active BUY transition
CAC,DETERIORATING,⚠️ DETERIORATING,BUY,BUY,"Jul 30, 2026",Financials,Banks - Regional,UPTREND,MOVING DOWN,,Existing BUY momentum is weakening
CACC,UNCHANGED,UNCHANGED,SELL,SELL,"Jul 14, 2026",Financials,Credit Services,NEUTRAL,MOVING UP,,No active BUY transition
CACI,LEADER,🚀 LEADER,BUY,BUY,"Jul 29, 2026",Technology,Information Technology Services,UPTREND,MOVING UP,,Sustained BUY with confirmed trend and momentum
CADL,UNCHANGED,UNCHANGED,,,,Health Care,Biotechnology,UPTREND,,,No active BUY transition
CAE,LEADER,🚀 LEADER,BUY,BUY,"Jul 29, 2026",Industrials,Aerospace & Defense,UPTREND,MOVING UP,,Sustained BUY with confirmed trend and momentum
CAF,UNCHANGED,UNCHANGED,SELL,SELL,"Jul 20, 2026",Financials,Closed-End Fund - Foreign,DOWNTREND,MOVING UP,,No active BUY transition
CAG,UNCHANGED,UNCHANGED,SELL,SELL,"Aug 11, 2026",Staples,Packaged Foods,UPTREND,MOVING UP,,No active BUY transition
CAH,DETERIORATING,⚠️ DETERIORATING,BUY,BUY,"Aug 06, 2026",Health Care,Medical Distribution,UPTREND,MOVING DOWN,,Existing BUY momentum is weakening
CAI,UNCHANGED,UNCHANGED,,,,Health Care,Biotechnology,UPTREND,,,No active BUY transition
CAKE,DETERIORATING,⚠️ DETERIORATING,BUY,BUY,"Jul 30, 2026",Discretionary,Restaurants,UPTREND,MOVING DOWN,,Existing BUY momentum is weakening
CAL,LEADER,🚀 LEADER,BUY,BUY,"Jul 29, 2026",Discretionary,Apparel Retail,UPTREND,MOVING UP,,Sustained BUY with confirmed trend and momentum
CALM,UNCHANGED,UNCHANGED,SELL,SELL,"Aug 03, 2026",Staples,Farm Products,DOWNTREND,MOVING DOWN,,No active BUY transition
CALX,LEADER,🚀 LEADER,BUY,BUY,"Aug 10, 2026",Technology,Software - Infrastructure,UPTREND,MOVING UP,,Sustained BUY with confirmed trend and momentum
CALY,UNCHANGED,UNCHANGED,SELL,SELL,"Jul 10, 2026",Discretionary,Leisure,DOWNTREND,MOVING DOWN,,No active BUY transition
CAMT,LEADER,🚀 LEADER,BUY,BUY,"Aug 11, 2026",Technology,Semiconductor Equipment & Materials,UPTREND,MOVING UP,,Sustained BUY with confirmed trend and momentum
CAPL,LEADER,🚀 LEADER,BUY,BUY,"Aug 13, 2026",Energy,Oil & Gas Refining & Marketing,UPTREND,MOVING UP,,Sustained BUY with confirmed trend and momentum
CAPN,UNCHANGED,UNCHANGED,,,,Financials,Shell Companies,UPTREND,,,No active BUY transition
CARG,UNCHANGED,UNCHANGED,,,,Discretionary,Auto & Truck Dealerships,UPTREND,,,No active BUY transition
CARL,UNCHANGED,UNCHANGED,,,,Health Care,Health Information Services,UPTREND,,,No active BUY transition
CARS,UNCHANGED,UNCHANGED,SELL,SELL,"Aug 05, 2026",Communication,Internet Content & Information,UPTREND,MOVING UP,,No active BUY transition
CART,UNCHANGED,UNCHANGED,,,,Discretionary,Internet Retail,UPTREND,,,No active BUY transition
CASH,UNCHANGED,UNCHANGED,SELL,SELL,"Aug 10, 2026",Financials,Banks - Regional,DOWNTREND,MOVING DOWN,,No active BUY transition
CASS,LEADER,🚀 LEADER,BUY,BUY,"Jul 17, 2026",Industrials,Specialty Business Services,UPTREND,MOVING UP,,Sustained BUY with confirmed trend and momentum
CASY,UNCHANGED,UNCHANGED,SELL,SELL,"Aug 07, 2026",Discretionary,Specialty Retail,UPTREND,MOVING DOWN,,No active BUY transition
CAT,UNCHANGED,UNCHANGED,SELL,SELL,"Jul 08, 2026",Industrials,Farm & Heavy Construction Machinery,DOWNTREND,MOVING UP,,No active BUY transition
CATY,UNCHANGED,UNCHANGED,SELL,SELL,"Jul 09, 2026",Financials,Banks - Regional,UPTREND,MOVING DOWN,,No active BUY transition
CAVA,UNCHANGED,UNCHANGED,,,,Discretionary,Restaurants,NEUTRAL,,,No active BUY transition
CB,UNCHANGED,UNCHANGED,SELL,SELL,"Jul 17, 2026",Financials,Insurance - Property & Casualty,NEUTRAL,MOVING DOWN,,No active BUY transition
CBAN,UNCHANGED,UNCHANGED,SELL,SELL,"Aug 13, 2026",Financials,Banks - Regional,UPTREND,MOVING DOWN,,No active BUY transition
CBFV,LEADER,🚀 LEADER,BUY,BUY,"Aug 10, 2026",Financials,Banks - Regional,UPTREND,MOVING UP,,Sustained BUY with confirmed trend and momentum
CBIO,UNCHANGED,UNCHANGED,,,,Health Care,Biotechnology,NEUTRAL,,,No active BUY transition
CBK,UNCHANGED,UNCHANGED,,,,Financials,Banks - Regional,UPTREND,,,No active BUY transition
CBL,UNCHANGED,UNCHANGED,,,,Real Estate,REIT - Retail,UPTREND,,,No active BUY transition
CBLL,UNCHANGED,UNCHANGED,,,,Health Care,Medical Devices,UPTREND,,,No active BUY transition
CBNA,UNCHANGED,UNCHANGED,,,,Financials,Banks - Regional,UPTREND,,,No active BUY transition
CBNK,UNCHANGED,UNCHANGED,SELL,SELL,"Aug 11, 2026",Financials,Banks - Regional,UPTREND,MOVING DOWN,,No active BUY transition
CBOE,UNCHANGED,UNCHANGED,SELL,SELL,"Aug 11, 2026",Financials,Financial Data & Stock Exchanges,UPTREND,MOVING DOWN,,No active BUY transition
CBRE,UNCHANGED,UNCHANGED,SELL,SELL,"Aug 13, 2026",Real Estate,Real Estate Services,UPTREND,MOVING DOWN,,No active BUY transition
CBRL,UNCHANGED,UNCHANGED,SELL,SELL,"Jul 24, 2026",Discretionary,Restaurants,UPTREND,MOVING DOWN,,No active BUY transition
CBSH,UNCHANGED,UNCHANGED,SELL,SELL,"Aug 07, 2026",Financials,Banks - Regional,UPTREND,MOVING DOWN,,No active BUY transition
CBT,UNCHANGED,UNCHANGED,SELL,SELL,"Jul 07, 2026",Materials,Specialty Chemicals,DOWNTREND,MOVING DOWN,,No active BUY transition
CBU,UNCHANGED,UNCHANGED,SELL,SELL,"Jul 24, 2026",Financials,Banks - Regional,NEUTRAL,MOVING DOWN,,No active BUY transition
CBZ,REMOVED,❌ REMOVED,SELL,BUY,"Aug 14, 2026",Industrials,Specialty Business Services,UPTREND,MOVING DOWN,,Prior BUY is missing or no longer rated BUY
CCAP,DETERIORATING,⚠️ DETERIORATING,BUY,BUY,"Aug 05, 2026",Financials,Asset Management,NEUTRAL,MOVING DOWN,,Existing BUY momentum is weakening
CCAQ,UNCHANGED,UNCHANGED,,,,Financials,Shell Companies,UPTREND,,,No active BUY transition
CCB,UNCHANGED,UNCHANGED,SELL,SELL,"Jul 08, 2026",Financials,Banks - Regional,DOWNTREND,MOVING UP,,No active BUY transition
CCBG,UNCHANGED,UNCHANGED,SELL,SELL,"Aug 11, 2026",Financials,Banks - Regional,UPTREND,MOVING DOWN,,No active BUY transition
CCD,LEADER,🚀 LEADER,BUY,BUY,"Aug 07, 2026",Financials,Closed-End Fund - Equity,UPTREND,MOVING UP,,Sustained BUY with confirmed trend and momentum
CCEP,UNCHANGED,UNCHANGED,SELL,SELL,"Aug 11, 2026",Staples,Beverages - Non-Alcoholic,UPTREND,MOVING DOWN,,No active BUY transition
CCII,UNCHANGED,UNCHANGED,,,,Financials,Shell Companies,DOWNTREND,,,No active BUY transition
CCIX,UNCHANGED,UNCHANGED,,,,Financials,Shell Companies,UPTREND,,,No active BUY transition
CCJ,LEADER,🚀 LEADER,BUY,BUY,"Aug 11, 2026",Energy,Uranium,UPTREND,MOVING UP,,Sustained BUY with confirmed trend and momentum
CCK,UNCHANGED,UNCHANGED,SELL,SELL,"Aug 10, 2026",Discretionary,Packaging & Containers,UPTREND,MOVING DOWN,,No active BUY transition
CCL,DETERIORATING,⚠️ DETERIORATING,BUY,BUY,"Aug 04, 2026",Discretionary,Travel Services,UPTREND,MOVING DOWN,,Existing BUY momentum is weakening
CCNE,UNCHANGED,UNCHANGED,SELL,SELL,"Aug 11, 2026",Financials,Banks - Regional,UPTREND,MOVING DOWN,,No active BUY transition
CCS,LEADER,🚀 LEADER,BUY,BUY,"Jul 29, 2026",Real Estate,Real Estate - Development,UPTREND,MOVING UP,,Sustained BUY with confirmed trend and momentum
CCSI,UNCHANGED,UNCHANGED,,,,Technology,Software - Infrastructure,UPTREND,,,No active BUY transition
CDE,LEADER,🚀 LEADER,BUY,BUY,"Aug 06, 2026",Materials,Gold,UPTREND,MOVING UP,,Sustained BUY with confirmed trend and momentum
CDNA,DETERIORATING,⚠️ DETERIORATING,BUY,BUY,"Jul 20, 2026",Health Care,Diagnostics & Research,UPTREND,MOVING DOWN,,Existing BUY momentum is weakening
CDP,UNCHANGED,UNCHANGED,SELL,SELL,"Jul 17, 2026",Real Estate,REIT - Office,UPTREND,MOVING DOWN,,No active BUY transition
CDRE,LEADER,🚀 LEADER,BUY,BUY,"Aug 10, 2026",Industrials,Aerospace & Defense,UPTREND,MOVING UP,,Sustained BUY with confirmed trend and momentum
CDW,UNCHANGED,UNCHANGED,SELL,SELL,"Aug 12, 2026",Technology,Information Technology Services,UPTREND,MOVING DOWN,,No active BUY transition
CECO,UNCHANGED,UNCHANGED,SELL,SELL,"Jun 30, 2026",Industrials,Pollution & Treatment Controls,DOWNTREND,MOVING UP,,No active BUY transition
CEE,EMERGING,🔥 EMERGING,BUY,SELL,"Aug 14, 2026",Financials,Closed-End Fund - Foreign,UPTREND,MOVING UP,,New BUY with rising trend and accelerating momentum
CEG,LEADER,🚀 LEADER,BUY,BUY,"Aug 05, 2026",Utilities,Utilities - Independent Power Producers,UPTREND,MOVING UP,,Sustained BUY with confirmed trend and momentum
CELC,UNCHANGED,UNCHANGED,SELL,SELL,"Jul 16, 2026",Health Care,Biotechnology,DOWNTREND,MOVING DOWN,,No active BUY transition
CELH,UNCHANGED,UNCHANGED,SELL,SELL,"Jul 14, 2026",Staples,Beverages - Non-Alcoholic,DOWNTREND,MOVING UP,,No active BUY transition
CENT,LEADER,🚀 LEADER,BUY,BUY,"Aug 06, 2026",Staples,Packaged Foods,UPTREND,MOVING UP,,Sustained BUY with confirmed trend and momentum
CENTA,LEADER,🚀 LEADER,BUY,BUY,"Aug 07, 2026",Staples,Packaged Foods,UPTREND,MOVING UP,,Sustained BUY with confirmed trend and momentum
CENX,ACTIVE_BUY,ACTIVE BUY,BUY,BUY,"Aug 10, 2026",Materials,Aluminum,NEUTRAL,MOVING UP,,BUY remains active without a higher-priority setup
CEPF,UNCHANGED,UNCHANGED,,,,Financials,Shell Companies,NEUTRAL,,,No active BUY transition
CEPO,UNCHANGED,UNCHANGED,,,,Financials,Shell Companies,UPTREND,,,No active BUY transition
CEPU,UNCHANGED,UNCHANGED,SELL,SELL,"Jul 29, 2026",Utilities,Utilities - Regulated Electric,DOWNTREND,MOVING DOWN,,No active BUY transition
CET,UNCHANGED,UNCHANGED,,,,Financials,Closed-End Fund - Equity,UPTREND,,,No active BUY transition
CEV,UNCHANGED,UNCHANGED,,,,Financials,Closed-End Fund - Debt,UPTREND,,,No active BUY transition
CF,UNCHANGED,UNCHANGED,SELL,SELL,"Aug 04, 2026",Materials,Agricultural Inputs,DOWNTREND,MOVING DOWN,,No active BUY transition
CFBK,UNCHANGED,UNCHANGED,SELL,SELL,"Aug 12, 2026",Financials,Banks - Regional,UPTREND,MOVING DOWN,,No active BUY transition
CFFI,LEADER,🚀 LEADER,BUY,BUY,"Jul 30, 2026",Financials,Banks - Regional,UPTREND,MOVING UP,,Sustained BUY with confirmed trend and momentum
CFG,LEADER,🚀 LEADER,BUY,BUY,"Aug 13, 2026",Financials,Banks - Regional,UPTREND,MOVING UP,,Sustained BUY with confirmed trend and momentum
CFR,UNCHANGED,UNCHANGED,SELL,SELL,"Aug 07, 2026",Financials,Banks - Regional,UPTREND,MOVING DOWN,,No active BUY transition
CG,EMERGING,🔥 EMERGING,BUY,SELL,"Aug 14, 2026",Financials,Asset Management,UPTREND,MOVING UP,,New BUY with rising trend and accelerating momentum
CGBD,LEADER,🚀 LEADER,BUY,BUY,"Aug 10, 2026",Financials,Asset Management,UPTREND,MOVING UP,,Sustained BUY with confirmed trend and momentum
CGEM,LEADER,🚀 LEADER,BUY,BUY,"Aug 12, 2026",Health Care,Biotechnology,UPTREND,MOVING UP,,Sustained BUY with confirmed trend and momentum
CGNX,UNCHANGED,UNCHANGED,SELL,SELL,"Aug 13, 2026",Technology,Scientific & Technical Instruments,DOWNTREND,MOVING DOWN,,No active BUY transition
CGO,LEADER,🚀 LEADER,BUY,BUY,"Aug 12, 2026",Financials,Closed-End Fund - Equity,UPTREND,MOVING UP,,Sustained BUY with confirmed trend and momentum
CGON,UNCHANGED,UNCHANGED,,,,Health Care,Biotechnology,UPTREND,,,No active BUY transition
CHAR,UNCHANGED,UNCHANGED,,,,Financials,Shell Companies,UPTREND,,,No active BUY transition
CHCI,EMERGING,🔥 EMERGING,BUY,SELL,"Aug 14, 2026",Real Estate,Real Estate Services,UPTREND,MOVING UP,,New BUY with rising trend and accelerating momentum
CHCO,REMOVED,❌ REMOVED,SELL,BUY,"Aug 14, 2026",Financials,Banks - Regional,UPTREND,MOVING DOWN,,Prior BUY is missing or no longer rated BUY
CHCT,UNCHANGED,UNCHANGED,SELL,SELL,"Aug 03, 2026",Real Estate,REIT - Healthcare Facilities,DOWNTREND,MOVING DOWN,,No active BUY transition
CHD,LEADER,🚀 LEADER,BUY,BUY,"Jul 30, 2026",Staples,Household & Personal Products,UPTREND,MOVING UP,,Sustained BUY with confirmed trend and momentum
CHDN,LEADER,🚀 LEADER,BUY,BUY,"Aug 10, 2026",Discretionary,Gambling,UPTREND,MOVING UP,,Sustained BUY with confirmed trend and momentum
CHE,UNCHANGED,UNCHANGED,SELL,SELL,"Aug 13, 2026",Health Care,Medical Care Facilities,UPTREND,MOVING DOWN,,No active BUY transition
CHEF,LEADER,🚀 LEADER,BUY,BUY,"Jul 31, 2026",Staples,Food Distribution,UPTREND,MOVING UP,,Sustained BUY with confirmed trend and momentum
CHH,UNCHANGED,UNCHANGED,SELL,SELL,"Aug 05, 2026",Discretionary,Lodging,DOWNTREND,MOVING DOWN,,No active BUY transition
CHI,LEADER,🚀 LEADER,BUY,BUY,"Aug 11, 2026",Financials,Closed-End Fund - Debt,UPTREND,MOVING UP,,Sustained BUY with confirmed trend and momentum
CHKP,UNCHANGED,UNCHANGED,SELL,SELL,"Jul 23, 2026",Technology,Software - Infrastructure,NEUTRAL,MOVING UP,,No active BUY transition
CHMG,UNCHANGED,UNCHANGED,SELL,SELL,"Aug 13, 2026",Financials,Banks - Regional,UPTREND,MOVING DOWN,,No active BUY transition
CHPG,UNCHANGED,UNCHANGED,,,,Financials,Shell Companies,UPTREND,,,No active BUY transition
CHRD,LEADER,🚀 LEADER,BUY,BUY,"Aug 12, 2026",Energy,Oil & Gas E&P,UPTREND,MOVING UP,,Sustained BUY with confirmed trend and momentum
CHRN,UNCHANGED,UNCHANGED,SELL,SELL,"Jul 28, 2026",Technology,Information Technology Services,NEUTRAL,MOVING UP,,No active BUY transition
CHRW,UNCHANGED,UNCHANGED,SELL,SELL,"Jul 28, 2026",Industrials,Integrated Freight & Logistics,DOWNTREND,MOVING DOWN,,No active BUY transition
CHTR,LEADER,🚀 LEADER,BUY,BUY,"Jul 30, 2026",Communication,Telecom Services,UPTREND,MOVING UP,,Sustained BUY with confirmed trend and momentum
CHWY,UNCHANGED,UNCHANGED,SELL,SELL,"Aug 13, 2026",Discretionary,Internet Retail,UPTREND,MOVING DOWN,,No active BUY transition
CHY,LEADER,🚀 LEADER,BUY,BUY,"Aug 12, 2026",Financials,Closed-End Fund - Debt,UPTREND,MOVING UP,,Sustained BUY with confirmed trend and momentum
CHYM,UNCHANGED,UNCHANGED,,,,Technology,Software - Application,UPTREND,,,No active BUY transition
CI,UNCHANGED,UNCHANGED,SELL,SELL,"Aug 03, 2026",Health Care,Healthcare Plans,DOWNTREND,MOVING DOWN,,No active BUY transition
CIB,LEADER,🚀 LEADER,BUY,BUY,"Aug 12, 2026",Financials,Banks - Regional,UPTREND,MOVING UP,,Sustained BUY with confirmed trend and momentum
CIEN,EMERGING,🔥 EMERGING,BUY,,"Aug 14, 2026",Technology,Communication Equipment,UPTREND,MOVING UP,,New BUY with rising trend and accelerating momentum
CIFR,UNCHANGED,UNCHANGED,,,,Technology,Information Technology Services,DOWNTREND,,,No active BUY transition
CIGI,UNCHANGED,UNCHANGED,SELL,SELL,"Aug 04, 2026",Real Estate,Real Estate Services,UPTREND,MOVING UP,,No active BUY transition
CII,EMERGING,🔥 EMERGING,BUY,SELL,"Aug 14, 2026",Financials,Closed-End Fund - Equity,UPTREND,MOVING UP,,New BUY with rising trend and accelerating momentum
CIM,UNCHANGED,UNCHANGED,SELL,SELL,"Jul 06, 2026",Real Estate,REIT - Mortgage,DOWNTREND,MOVING DOWN,,No active BUY transition
CINF,UNCHANGED,UNCHANGED,SELL,SELL,"Jul 16, 2026",Financials,Insurance - Property & Casualty,DOWNTREND,MOVING DOWN,,No active BUY transition
CIVB,UNCHANGED,UNCHANGED,SELL,SELL,"Aug 07, 2026",Financials,Banks - Regional,UPTREND,MOVING DOWN,,No active BUY transition
CIX,UNCHANGED,UNCHANGED,,,,Industrials,Security & Protection Services,UPTREND,,,No active BUY transition
CKX,UNCHANGED,UNCHANGED,,,,Energy,Oil & Gas E&P,DOWNTREND,,,No active BUY transition
CL,LEADER,🚀 LEADER,BUY,BUY,"Aug 10, 2026",Staples,Household & Personal Products,UPTREND,MOVING UP,,Sustained BUY with confirmed trend and momentum
CLB,LEADER,🚀 LEADER,BUY,BUY,"Aug 11, 2026",Energy,Oil & Gas Equipment & Services,UPTREND,MOVING UP,,Sustained BUY with confirmed trend and momentum
CLBK,UNCHANGED,UNCHANGED,SELL,SELL,"Jul 22, 2026",Financials,Banks - Regional,DOWNTREND,MOVING UP,,No active BUY transition
CLBT,UNCHANGED,UNCHANGED,SELL,SELL,"Aug 12, 2026",Technology,Software - Infrastructure,DOWNTREND,MOVING DOWN,,No active BUY transition
CLDT,UNCHANGED,UNCHANGED,SELL,SELL,"Aug 07, 2026",Real Estate,REIT - Hotel & Motel,NEUTRAL,MOVING DOWN,,No active BUY transition
CLDX,LEADER,🚀 LEADER,BUY,BUY,"Aug 04, 2026",Health Care,Biotechnology,UPTREND,MOVING UP,,Sustained BUY with confirmed trend and momentum
CLF,LEADER,🚀 LEADER,BUY,BUY,"Jul 28, 2026",Materials,Steel,UPTREND,MOVING UP,,Sustained BUY with confirmed trend and momentum
CLH,UNCHANGED,UNCHANGED,SELL,SELL,"Jul 27, 2026",Industrials,Waste Management,UPTREND,MOVING DOWN,,No active BUY transition
CLMB,LEADER,🚀 LEADER,BUY,BUY,"Jul 07, 2026",Technology,Electronics & Computer Distribution,UPTREND,MOVING UP,,Sustained BUY with confirmed trend and momentum
CLMT,UNCHANGED,UNCHANGED,,,,Materials,Specialty Chemicals,UPTREND,,,No active BUY transition
CLPT,UNCHANGED,UNCHANGED,SELL,SELL,"Jul 06, 2026",Health Care,Medical Devices,NEUTRAL,MOVING UP,,No active BUY transition
CLS,UNCHANGED,UNCHANGED,SELL,SELL,"Aug 10, 2026",Technology,Electronic Components,NEUTRAL,MOVING UP,,No active BUY transition
CLSK,UNCHANGED,UNCHANGED,SELL,SELL,"Jul 30, 2026",Financials,Capital Markets,DOWNTREND,MOVING DOWN,,No active BUY transition
CLST,UNCHANGED,UNCHANGED,,,,Financials,Banks - Regional,UPTREND,,,No active BUY transition
CLW,LEADER,🚀 LEADER,BUY,BUY,"Jul 22, 2026",Materials,Paper & Paper Products,UPTREND,MOVING UP,,Sustained BUY with confirmed trend and momentum
CLX,LEADER,🚀 LEADER,BUY,BUY,"Aug 05, 2026",Staples,Household & Personal Products,UPTREND,MOVING UP,,Sustained BUY with confirmed trend and momentum
CLYM,LEADER,🚀 LEADER,BUY,BUY,"Aug 07, 2026",Health Care,Biotechnology,UPTREND,MOVING UP,,Sustained BUY with confirmed trend and momentum
CM,UNCHANGED,UNCHANGED,SELL,SELL,"Jul 29, 2026",Financials,Banks - Diversified,UPTREND,MOVING UP,,No active BUY transition
CMBT,UNCHANGED,UNCHANGED,SELL,SELL,"Aug 06, 2026",Energy,Oil & Gas Midstream,UPTREND,MOVING DOWN,,No active BUY transition
CMC,LEADER,🚀 LEADER,BUY,BUY,"Jul 28, 2026",Industrials,Metal Fabrication,UPTREND,MOVING UP,,Sustained BUY with confirmed trend and momentum
CMCO,DETERIORATING,⚠️ DETERIORATING,BUY,BUY,"Jul 22, 2026",Industrials,Farm & Heavy Construction Machinery,UPTREND,MOVING DOWN,,Existing BUY momentum is weakening
CMCSA,LEADER,🚀 LEADER,BUY,BUY,"Jul 30, 2026",Communication,Telecom Services,UPTREND,MOVING UP,,Sustained BUY with confirmed trend and momentum
CME,DETERIORATING,⚠️ DETERIORATING,BUY,BUY,"Jul 24, 2026",Financials,Financial Data & Stock Exchanges,UPTREND,MOVING DOWN,,Existing BUY momentum is weakening
CMG,UNCHANGED,UNCHANGED,SELL,SELL,"Aug 07, 2026",Discretionary,Restaurants,DOWNTREND,MOVING DOWN,,No active BUY transition
CMI,UNCHANGED,UNCHANGED,SELL,SELL,"Jul 06, 2026",Industrials,Specialty Industrial Machinery,DOWNTREND,MOVING UP,,No active BUY transition
CMPR,UNCHANGED,UNCHANGED,SELL,SELL,"Jul 27, 2026",Industrials,Specialty Business Services,NEUTRAL,MOVING DOWN,,No active BUY transition
CMRE,UNCHANGED,UNCHANGED,SELL,SELL,"Aug 06, 2026",Industrials,Marine Shipping,DOWNTREND,MOVING DOWN,,No active BUY transition
CMS,UNCHANGED,UNCHANGED,SELL,SELL,"Jul 13, 2026",Utilities,Utilities - Regulated Electric,DOWNTREND,MOVING DOWN,,No active BUY transition
CMT,UNCHANGED,UNCHANGED,,,,Materials,Specialty Chemicals,UPTREND,,,No active BUY transition
CNA,UNCHANGED,UNCHANGED,SELL,SELL,"Aug 07, 2026",Financials,Insurance - Property & Casualty,NEUTRAL,MOVING DOWN,,No active BUY transition
CNC,LEADER,🚀 LEADER,BUY,BUY,"Aug 11, 2026",Health Care,Healthcare Plans,UPTREND,MOVING UP,,Sustained BUY with confirmed trend and momentum
CNH,UNCHANGED,UNCHANGED,SELL,SELL,"Aug 12, 2026",Industrials,Farm & Heavy Construction Machinery,DOWNTREND,MOVING DOWN,,No active BUY transition
CNI,UNCHANGED,UNCHANGED,SELL,SELL,"Aug 03, 2026",Industrials,Railroads,UPTREND,MOVING DOWN,,No active BUY transition
CNK,LEADER,🚀 LEADER,BUY,BUY,"Jul 24, 2026",Communication,Entertainment,UPTREND,MOVING UP,,Sustained BUY with confirmed trend and momentum
CNM,UNCHANGED,UNCHANGED,SELL,SELL,"Aug 13, 2026",Industrials,Industrial Distribution,NEUTRAL,MOVING DOWN,,No active BUY transition
CNMD,DETERIORATING,⚠️ DETERIORATING,BUY,BUY,"Jul 10, 2026",Health Care,Medical Devices,UPTREND,MOVING DOWN,,Existing BUY momentum is weakening
CNNE,LEADER,🚀 LEADER,BUY,BUY,"Aug 06, 2026",Discretionary,Restaurants,UPTREND,MOVING UP,,Sustained BUY with confirmed trend and momentum
CNO,DETERIORATING,⚠️ DETERIORATING,BUY,BUY,"Aug 04, 2026",Financials,Insurance - Life,UPTREND,MOVING DOWN,,Existing BUY momentum is weakening
CNOB,UNCHANGED,UNCHANGED,SELL,SELL,"Jul 07, 2026",Financials,Banks - Regional,UPTREND,MOVING DOWN,,No active BUY transition
CNP,UNCHANGED,UNCHANGED,SELL,SELL,"Jul 31, 2026",Utilities,Utilities - Regulated Electric,DOWNTREND,MOVING DOWN,,No active BUY transition
CNQ,LEADER,🚀 LEADER,BUY,BUY,"Jul 20, 2026",Energy,Oil & Gas E&P,UPTREND,MOVING UP,,Sustained BUY with confirmed trend and momentum
CNR,LEADER,🚀 LEADER,BUY,BUY,"Aug 07, 2026",Energy,Thermal Coal,UPTREND,MOVING UP,,Sustained BUY with confirmed trend and momentum
CNS,UNCHANGED,UNCHANGED,SELL,SELL,"Aug 12, 2026",Financials,Asset Management,UPTREND,MOVING UP,,No active BUY transition
CNX,LEADER,🚀 LEADER,BUY,BUY,"Jul 23, 2026",Energy,Oil & Gas E&P,UPTREND,MOVING UP,,Sustained BUY with confirmed trend and momentum
CNXC,UNCHANGED,UNCHANGED,SELL,SELL,"Aug 13, 2026",Technology,Information Technology Services,NEUTRAL,MOVING DOWN,,No active BUY transition
CNXN,UNCHANGED,UNCHANGED,SELL,SELL,"Aug 12, 2026",Technology,Electronics & Computer Distribution,UPTREND,MOVING DOWN,,No active BUY transition
CODA,UNCHANGED,UNCHANGED,SELL,SELL,"Aug 12, 2026",Industrials,Aerospace & Defense,NEUTRAL,MOVING DOWN,,No active BUY transition
CODI,LEADER,🚀 LEADER,BUY,BUY,"Aug 05, 2026",Industrials,Conglomerates,UPTREND,MOVING UP,,Sustained BUY with confirmed trend and momentum
COF,LEADER,🚀 LEADER,BUY,BUY,"Aug 05, 2026",Financials,Credit Services,UPTREND,MOVING UP,,Sustained BUY with confirmed trend and momentum
COGT,UNCHANGED,UNCHANGED,SELL,SELL,"Aug 12, 2026",Health Care,Biotechnology,NEUTRAL,MOVING DOWN,,No active BUY transition
COHN,UNCHANGED,UNCHANGED,,,,Financials,Capital Markets,DOWNTREND,,,No active BUY transition
COHR,LEADER,🚀 LEADER,BUY,BUY,"Aug 10, 2026",Technology,Scientific & Technical Instruments,UPTREND,MOVING UP,,Sustained BUY with confirmed trend and momentum
COHU,EMERGING,🔥 EMERGING,BUY,SELL,"Aug 14, 2026",Technology,Semiconductor Equipment & Materials,UPTREND,MOVING UP,,New BUY with rising trend and accelerating momentum
COIN,UNCHANGED,UNCHANGED,SELL,SELL,"Aug 03, 2026",Financials,Financial Data & Stock Exchanges,DOWNTREND,MOVING UP,,No active BUY transition
COKE,LEADER,🚀 LEADER,BUY,BUY,"Jul 28, 2026",Staples,Beverages - Non-Alcoholic,UPTREND,MOVING UP,,Sustained BUY with confirmed trend and momentum
COLB,EMERGING,🔥 EMERGING,BUY,SELL,"Aug 14, 2026",Financials,Banks - Regional,UPTREND,MOVING UP,,New BUY with rising trend and accelerating momentum
COLD,UNCHANGED,UNCHANGED,SELL,SELL,"Jul 15, 2026",Real Estate,REIT - Industrial,NEUTRAL,MOVING UP,,No active BUY transition
COLL,UNCHANGED,UNCHANGED,SELL,SELL,"Aug 07, 2026",Health Care,Drug Manufacturers - Specialty & Generic,DOWNTREND,MOVING DOWN,,No active BUY transition
COMP,UNCHANGED,UNCHANGED,SELL,SELL,"Aug 11, 2026",Real Estate,Real Estate Services,UPTREND,MOVING UP,,No active BUY transition
CON,UNCHANGED,UNCHANGED,,,,Health Care,Medical Care Facilities,UPTREND,,,No active BUY transition
COO,LEADER,🚀 LEADER,BUY,BUY,"Aug 05, 2026",Health Care,Medical Instruments & Supplies,UPTREND,MOVING UP,,Sustained BUY with confirmed trend and momentum
COOK,UNCHANGED,UNCHANGED,,,,Discretionary,Furnishings Fixtures & Appliances,DOWNTREND,,,No active BUY transition
COP,LEADER,🚀 LEADER,BUY,BUY,"Jul 17, 2026",Energy,Oil & Gas E&P,UPTREND,MOVING UP,,Sustained BUY with confirmed trend and momentum
COR,UNCHANGED,UNCHANGED,SELL,SELL,"Jul 22, 2026",Health Care,Medical Distribution,UPTREND,MOVING DOWN,,No active BUY transition
CORT,DETERIORATING,⚠️ DETERIORATING,BUY,BUY,"Jul 31, 2026",Health Care,Biotechnology,UPTREND,MOVING DOWN,,Existing BUY momentum is weakening
CORZ,UNCHANGED,UNCHANGED,,,,Technology,Software - Infrastructure,DOWNTREND,,,No active BUY transition
COST,LEADER,🚀 LEADER,BUY,BUY,"Jul 30, 2026",Staples,Discount Stores,UPTREND,MOVING UP,,Sustained BUY with confirmed trend and momentum
CP,EMERGING,🔥 EMERGING,BUY,SELL,"Aug 14, 2026",Industrials,Railroads,UPTREND,MOVING UP,,New BUY with rising trend and accelerating momentum
CPA,UNCHANGED,UNCHANGED,SELL,SELL,"Aug 11, 2026",Industrials,Airlines,DOWNTREND,MOVING DOWN,,No active BUY transition
CPAY,LEADER,🚀 LEADER,BUY,BUY,"Jul 08, 2026",Technology,Software - Infrastructure,UPTREND,MOVING UP,,Sustained BUY with confirmed trend and momentum
CPB,LEADER,🚀 LEADER,BUY,BUY,"Aug 05, 2026",Staples,Packaged Foods,UPTREND,MOVING UP,,Sustained BUY with confirmed trend and momentum
CPBI,UNCHANGED,UNCHANGED,,,,Financials,Banks - Regional,UPTREND,,,No active BUY transition
CPF,UNCHANGED,UNCHANGED,SELL,SELL,"Jul 27, 2026",Financials,Banks - Regional,UPTREND,MOVING DOWN,,No active BUY transition
CPHC,UNCHANGED,UNCHANGED,SELL,SELL,"Jul 10, 2026",Discretionary,Resorts & Casinos,NEUTRAL,MOVING UP,,No active BUY transition
CPK,UNCHANGED,UNCHANGED,SELL,SELL,"Aug 07, 2026",Utilities,Utilities - Regulated Gas,UPTREND,MOVING UP,,No active BUY transition
CPNG,UNCHANGED,UNCHANGED,SELL,SELL,"Jul 16, 2026",Discretionary,Internet Retail,DOWNTREND,MOVING DOWN,,No active BUY transition
CPRT,ACTIVE_BUY,ACTIVE BUY,BUY,BUY,"Jul 30, 2026",Industrials,Specialty Business Services,NEUTRAL,MOVING UP,,BUY remains active without a higher-priority setup
CPS,UNCHANGED,UNCHANGED,SELL,SELL,"Aug 12, 2026",Discretionary,Auto Parts,DOWNTREND,MOVING DOWN,,No active BUY transition
CPT,UNCHANGED,UNCHANGED,SELL,SELL,"Aug 03, 2026",Real Estate,REIT - Residential,DOWNTREND,MOVING DOWN,,No active BUY transition
CPZ,LEADER,🚀 LEADER,BUY,BUY,"Jul 30, 2026",Financials,Closed-End Fund - Equity,UPTREND,MOVING UP,,Sustained BUY with confirmed trend and momentum
CQP,LEADER,🚀 LEADER,BUY,BUY,"Aug 04, 2026",Energy,Oil & Gas Midstream,UPTREND,MOVING UP,,Sustained BUY with confirmed trend and momentum
CR,UNCHANGED,UNCHANGED,SELL,SELL,"Jul 15, 2026",Industrials,Specialty Industrial Machinery,UPTREND,MOVING DOWN,,No active BUY transition
CRAI,UNCHANGED,UNCHANGED,SELL,SELL,"Aug 11, 2026",Industrials,Consulting Services,UPTREND,MOVING DOWN,,No active BUY transition
CRAQ,UNCHANGED,UNCHANGED,,,,Financials,Shell Companies,UPTREND,,,No active BUY transition
CRBG,UNCHANGED,UNCHANGED,,,,Financials,Asset Management,UPTREND,,,No active BUY transition
CRBP,EMERGING,🔥 EMERGING,BUY,,"Aug 10, 2026",Health Care,Biotechnology,UPTREND,MOVING UP,,New BUY with rising trend and accelerating momentum
CRC,ACTIVE_BUY,ACTIVE BUY,BUY,BUY,"Aug 12, 2026",Energy,Oil & Gas E&P,NEUTRAL,MOVING UP,,BUY remains active without a higher-priority setup
CRCL,UNCHANGED,UNCHANGED,,,,Financials,Capital Markets,UPTREND,,,No active BUY transition
CRD/A,UNCHANGED,UNCHANGED,,,,Financials,Insurance Brokers,UPTREND,,,No active BUY transition
CRD/B,UNCHANGED,UNCHANGED,,,,Financials,Insurance Brokers,UPTREND,,,No active BUY transition
CRGY,LEADER,🚀 LEADER,BUY,BUY,"Aug 04, 2026",Energy,Oil & Gas E&P,UPTREND,MOVING UP,,Sustained BUY with confirmed trend and momentum
CRH,UNCHANGED,UNCHANGED,SELL,SELL,"Jul 06, 2026",Materials,Building Materials,DOWNTREND,MOVING UP,,No active BUY transition
CRI,ACTIVE_BUY,ACTIVE BUY,BUY,BUY,"Aug 06, 2026",Discretionary,Apparel Retail,NEUTRAL,MOVING UP,,BUY remains active without a higher-priority setup
CRK,ACTIVE_BUY,ACTIVE BUY,BUY,BUY,"Aug 11, 2026",Energy,Oil & Gas E&P,NEUTRAL,MOVING UP,,BUY remains active without a higher-priority setup
CRL,LEADER,🚀 LEADER,BUY,BUY,"Aug 07, 2026",Health Care,Diagnostics & Research,UPTREND,MOVING UP,,Sustained BUY with confirmed trend and momentum
CRM,LEADER,🚀 LEADER,BUY,BUY,"Jul 28, 2026",Technology,Software - Application,UPTREND,MOVING UP,,Sustained BUY with confirmed trend and momentum
CRNX,UNCHANGED,UNCHANGED,SELL,SELL,"Aug 13, 2026",Health Care,Biotechnology,UPTREND,MOVING DOWN,,No active BUY transition
CROX,UNCHANGED,UNCHANGED,SELL,SELL,"Jul 30, 2026",Discretionary,Footwear & Accessories,UPTREND,MOVING DOWN,,No active BUY transition
CRS,UNCHANGED,UNCHANGED,SELL,SELL,"Jul 09, 2026",Industrials,Metal Fabrication,DOWNTREND,MOVING DOWN,,No active BUY transition
CRSP,LEADER,🚀 LEADER,BUY,BUY,"Aug 10, 2026",Health Care,Biotechnology,UPTREND,MOVING UP,,Sustained BUY with confirmed trend and momentum
CRSR,LEADER,🚀 LEADER,BUY,BUY,"Jul 23, 2026",Technology,Computer Hardware,UPTREND,MOVING UP,,Sustained BUY with confirmed trend and momentum
CRT,LEADER,🚀 LEADER,BUY,BUY,"Jul 22, 2026",Energy,Oil & Gas E&P,UPTREND,MOVING UP,,Sustained BUY with confirmed trend and momentum
CRTO,UNCHANGED,UNCHANGED,SELL,SELL,"Jul 22, 2026",Communication,Advertising Agencies,DOWNTREND,MOVING DOWN,,No active BUY transition
CRVL,EMERGING,🔥 EMERGING,BUY,SELL,"Aug 14, 2026",Financials,Insurance Brokers,UPTREND,MOVING UP,,New BUY with rising trend and accelerating momentum
CRVS,UNCHANGED,UNCHANGED,,,,Health Care,Biotechnology,UPTREND,,,No active BUY transition
CRWD,DETERIORATING,⚠️ DETERIORATING,BUY,BUY,"Aug 04, 2026",Technology,Software - Infrastructure,UPTREND,MOVING DOWN,,Existing BUY momentum is weakening
CRWV,UNCHANGED,UNCHANGED,,,,Technology,Software - Infrastructure,UPTREND,,,No active BUY transition
CSCO,ACTIVE_BUY,ACTIVE BUY,BUY,BUY,"Aug 05, 2026",Technology,Communication Equipment,NEUTRAL,MOVING UP,,BUY remains active without a higher-priority setup
CSGP,LEADER,🚀 LEADER,BUY,BUY,"Aug 06, 2026",Real Estate,Real Estate Services,UPTREND,MOVING UP,,Sustained BUY with confirmed trend and momentum
CSIQ,DETERIORATING,⚠️ DETERIORATING,BUY,BUY,"Aug 06, 2026",Technology,Solar,NEUTRAL,MOVING DOWN,,Existing BUY momentum is weakening
CSL,LEADER,🚀 LEADER,BUY,BUY,"Aug 03, 2026",Industrials,Building Products & Equipment,UPTREND,MOVING UP,,Sustained BUY with confirmed trend and momentum
CSQ,LEADER,🚀 LEADER,BUY,BUY,"Aug 06, 2026",Financials,Closed-End Fund - Debt,UPTREND,MOVING UP,,Sustained BUY with confirmed trend and momentum
CSTL,UNCHANGED,UNCHANGED,,,,Health Care,Diagnostics & Research,UPTREND,,,No active BUY transition
CSV,UNCHANGED,UNCHANGED,SELL,SELL,"Aug 10, 2026",Discretionary,Personal Services,DOWNTREND,MOVING DOWN,,No active BUY transition
CSW,LEADER,🚀 LEADER,BUY,BUY,"Jul 29, 2026",Industrials,Specialty Industrial Machinery,UPTREND,MOVING UP,,Sustained BUY with confirmed trend and momentum
CSWC,LEADER,🚀 LEADER,BUY,BUY,"Aug 07, 2026",Financials,Asset Management,UPTREND,MOVING UP,,Sustained BUY with confirmed trend and momentum
CSX,UNCHANGED,UNCHANGED,SELL,SELL,"Aug 03, 2026",Industrials,Railroads,UPTREND,MOVING DOWN,,No active BUY transition
CTAS,UNCHANGED,UNCHANGED,SELL,SELL,"Aug 12, 2026",Industrials,Specialty Business Services,UPTREND,MOVING DOWN,,No active BUY transition
CTBI,UNCHANGED,UNCHANGED,SELL,SELL,"Aug 11, 2026",Financials,Banks - Regional,UPTREND,MOVING DOWN,,No active BUY transition
CTEV,UNCHANGED,UNCHANGED,,,,Health Care,Health Information Services,UPTREND,,,No active BUY transition
CTNM,UNCHANGED,UNCHANGED,,,,Health Care,Biotechnology,UPTREND,,,No active BUY transition
CTO,UNCHANGED,UNCHANGED,SELL,SELL,"Jul 31, 2026",Real Estate,REIT - Diversified,UPTREND,MOVING DOWN,,No active BUY transition
CTOS,UNCHANGED,UNCHANGED,,,,Industrials,Rental & Leasing Services,NEUTRAL,,,No active BUY transition
CTRE,UNCHANGED,UNCHANGED,SELL,SELL,"Jul 30, 2026",Real Estate,REIT - Healthcare Facilities,DOWNTREND,MOVING DOWN,,No active BUY transition
CTRI,UNCHANGED,UNCHANGED,,,,Utilities,Utilities - Regulated Gas,DOWNTREND,,,No active BUY transition
CTRN,LEADER,🚀 LEADER,BUY,BUY,"Aug 13, 2026",Discretionary,Apparel Retail,UPTREND,MOVING UP,,Sustained BUY with confirmed trend and momentum
CTS,LEADER,🚀 LEADER,BUY,BUY,"Jul 31, 2026",Technology,Electronic Components,UPTREND,MOVING UP,,Sustained BUY with confirmed trend and momentum
CTSH,LEADER,🚀 LEADER,BUY,BUY,"Jul 28, 2026",Technology,Information Technology Services,UPTREND,MOVING UP,,Sustained BUY with confirmed trend and momentum
CTVA,UNCHANGED,UNCHANGED,SELL,SELL,"Aug 03, 2026",Materials,Agricultural Inputs,DOWNTREND,MOVING DOWN,,No active BUY transition
CUB,UNCHANGED,UNCHANGED,,,,Financials,Shell Companies,UPTREND,,,No active BUY transition
CUBE,UNCHANGED,UNCHANGED,SELL,SELL,"Aug 07, 2026",Real Estate,REIT - Industrial,UPTREND,MOVING DOWN,,No active BUY transition
CUBI,LEADER,🚀 LEADER,BUY,BUY,"Aug 04, 2026",Financials,Banks - Regional,UPTREND,MOVING UP,,Sustained BUY with confirmed trend and momentum
CUE,UNCHANGED,UNCHANGED,SELL,SELL,"Jul 22, 2026",Health Care,Biotechnology,NEUTRAL,MOVING UP,,No active BUY transition
CURB,UNCHANGED,UNCHANGED,,,,Real Estate,REIT - Retail,DOWNTREND,,,No active BUY transition
CUZ,UNCHANGED,UNCHANGED,SELL,SELL,"Jul 24, 2026",Real Estate,REIT - Office,NEUTRAL,MOVING DOWN,,No active BUY transition
CVBF,UNCHANGED,UNCHANGED,SELL,SELL,"Jul 14, 2026",Financials,Banks - Regional,UPTREND,MOVING DOWN,,No active BUY transition
CVCO,LEADER,🚀 LEADER,BUY,BUY,"Aug 10, 2026",Discretionary,Residential Construction,UPTREND,MOVING UP,,Sustained BUY with confirmed trend and momentum
CVE,EMERGING,🔥 EMERGING,BUY,SELL,"Aug 14, 2026",Energy,Oil & Gas Integrated,UPTREND,MOVING UP,,New BUY with rising trend and accelerating momentum
CVEO,UNCHANGED,UNCHANGED,SELL,SELL,"Jul 31, 2026",Discretionary,Lodging,NEUTRAL,MOVING UP,,No active BUY transition
CVI,UNCHANGED,UNCHANGED,SELL,SELL,"Aug 06, 2026",Energy,Oil & Gas Refining & Marketing,UPTREND,MOVING DOWN,,No active BUY transition
CVLG,UNCHANGED,UNCHANGED,SELL,SELL,"Jul 29, 2026",Industrials,Trucking,DOWNTREND,MOVING DOWN,,No active BUY transition
CVLT,LEADER,🚀 LEADER,BUY,BUY,"Aug 13, 2026",Technology,Software - Application,UPTREND,MOVING UP,,Sustained BUY with confirmed trend and momentum
CVNA,LEADER,🚀 LEADER,BUY,BUY,"Aug 06, 2026",Discretionary,Auto & Truck Dealerships,UPTREND,MOVING UP,,Sustained BUY with confirmed trend and momentum
CVR,UNCHANGED,UNCHANGED,,,,Industrials,Tools & Accessories,NEUTRAL,,,No active BUY transition
CVS,UNCHANGED,UNCHANGED,SELL,SELL,"Jul 08, 2026",Health Care,Healthcare Plans,DOWNTREND,MOVING DOWN,,No active BUY transition
CVSA,LEADER,🚀 LEADER,BUY,BUY,"Aug 04, 2026",Staples,Education & Training Services,UPTREND,MOVING UP,,Sustained BUY with confirmed trend and momentum
CVX,LEADER,🚀 LEADER,BUY,BUY,"Jul 16, 2026",Energy,Oil & Gas Integrated,UPTREND,MOVING UP,,Sustained BUY with confirmed trend and momentum
CW,UNCHANGED,UNCHANGED,SELL,SELL,"Jul 01, 2026",Industrials,Aerospace & Defense,DOWNTREND,MOVING DOWN,,No active BUY transition
CWBC,UNCHANGED,UNCHANGED,SELL,SELL,"Jul 21, 2026",Financials,Banks - Regional,NEUTRAL,MOVING DOWN,,No active BUY transition
CWEN,NEW_BUY,NEW BUY,BUY,,"Aug 14, 2026",Utilities,Utilities - Renewable,NEUTRAL,MOVING UP,,BUY triggered since the previous file
CWK,LEADER,🚀 LEADER,BUY,BUY,"Jul 31, 2026",Real Estate,Real Estate Services,UPTREND,MOVING UP,,Sustained BUY with confirmed trend and momentum
CWST,UNCHANGED,UNCHANGED,SELL,SELL,"Jul 21, 2026",Industrials,Waste Management,NEUTRAL,MOVING UP,,No active BUY transition
CWT,UNCHANGED,UNCHANGED,SELL,SELL,"Aug 04, 2026",Utilities,Utilities - Regulated Water,UPTREND,MOVING DOWN,,No active BUY transition
CX,UNCHANGED,UNCHANGED,SELL,SELL,"Jul 27, 2026",Materials,Building Materials,DOWNTREND,MOVING DOWN,,No active BUY transition
CXT,UNCHANGED,UNCHANGED,SELL,SELL,"Aug 12, 2026",Industrials,Specialty Industrial Machinery,UPTREND,MOVING DOWN,,No active BUY transition
CXW,UNCHANGED,UNCHANGED,SELL,SELL,"Jul 09, 2026",Industrials,Security & Protection Services,UPTREND,MOVING DOWN,,No active BUY transition
CYRX,UNCHANGED,UNCHANGED,SELL,SELL,"Jul 27, 2026",Industrials,Integrated Freight & Logistics,NEUTRAL,MOVING DOWN,,No active BUY transition
CYTK,UNCHANGED,UNCHANGED,SELL,SELL,"Jul 16, 2026",Health Care,Biotechnology,DOWNTREND,MOVING DOWN,,No active BUY transition
CZFS,LEADER,🚀 LEADER,BUY,BUY,"Jul 30, 2026",Financials,Banks - Regional,UPTREND,MOVING UP,,Sustained BUY with confirmed trend and momentum
CZR,UNCHANGED,UNCHANGED,SELL,SELL,"Aug 13, 2026",Discretionary,Resorts & Casinos,NEUTRAL,MOVING DOWN,,No active BUY transition
CZWI,UNCHANGED,UNCHANGED,SELL,SELL,"Jul 20, 2026",Financials,Banks - Regional,DOWNTREND,MOVING DOWN,,No active BUY transition
D,UNCHANGED,UNCHANGED,SELL,SELL,"Jul 28, 2026",Utilities,Utilities - Regulated Electric,NEUTRAL,MOVING DOWN,,No active BUY transition
DAC,UNCHANGED,UNCHANGED,SELL,SELL,"Aug 13, 2026",Industrials,Marine Shipping,UPTREND,MOVING DOWN,,No active BUY transition
DAKT,LEADER,🚀 LEADER,BUY,BUY,"Aug 04, 2026",Technology,Electronic Components,UPTREND,MOVING UP,,Sustained BUY with confirmed trend and momentum
DAL,LEADER,🚀 LEADER,BUY,BUY,"Aug 04, 2026",Industrials,Airlines,UPTREND,MOVING UP,,Sustained BUY with confirmed trend and momentum
DAN,LEADER,🚀 LEADER,BUY,BUY,"Aug 10, 2026",Discretionary,Auto Parts,UPTREND,MOVING UP,,Sustained BUY with confirmed trend and momentum
DAR,EMERGING,🔥 EMERGING,BUY,SELL,"Aug 14, 2026",Staples,Packaged Foods,UPTREND,MOVING UP,,New BUY with rising trend and accelerating momentum
DASH,UNCHANGED,UNCHANGED,SELL,SELL,"Aug 13, 2026",Discretionary,Internet Retail,UPTREND,MOVING DOWN,,No active BUY transition
DAVE,UNCHANGED,UNCHANGED,,,,Technology,Software - Application,DOWNTREND,,,No active BUY transition
DB,LEADER,🚀 LEADER,BUY,BUY,"Aug 05, 2026",Financials,Banks - Regional,UPTREND,MOVING UP,,Sustained BUY with confirmed trend and momentum
DBD,UNCHANGED,UNCHANGED,,,,Technology,Software - Application,DOWNTREND,,,No active BUY transition
DBGI,UNCHANGED,UNCHANGED,,,,Discretionary,Apparel Retail,DOWNTREND,,,No active BUY transition
DBL,LEADER,🚀 LEADER,BUY,BUY,"Aug 12, 2026",Financials,Closed-End Fund - Debt,UPTREND,MOVING UP,,Sustained BUY with confirmed trend and momentum
DBRG,LEADER,🚀 LEADER,BUY,BUY,"Jul 24, 2026",Financials,Asset Management,UPTREND,MOVING UP,,Sustained BUY with confirmed trend and momentum
DBX,DETERIORATING,⚠️ DETERIORATING,BUY,BUY,"Jul 31, 2026",Technology,Software - Infrastructure,UPTREND,MOVING DOWN,,Existing BUY momentum is weakening
DCBO,LEADER,🚀 LEADER,BUY,BUY,"Aug 12, 2026",Technology,Software - Application,UPTREND,MOVING UP,,Sustained BUY with confirmed trend and momentum
DCI,DETERIORATING,⚠️ DETERIORATING,BUY,BUY,"Jul 27, 2026",Industrials,Specialty Industrial Machinery,UPTREND,MOVING DOWN,,Existing BUY momentum is weakening
DCO,LEADER,🚀 LEADER,BUY,BUY,"Aug 05, 2026",Industrials,Aerospace & Defense,UPTREND,MOVING UP,,Sustained BUY with confirmed trend and momentum
DCOM,UNCHANGED,UNCHANGED,SELL,SELL,"Jul 08, 2026",Financials,Banks - Regional,UPTREND,MOVING DOWN,,No active BUY transition
DCTH,LEADER,🚀 LEADER,BUY,BUY,"Aug 07, 2026",Health Care,Medical Devices,UPTREND,MOVING UP,,Sustained BUY with confirmed trend and momentum
DD,LEADER,🚀 LEADER,BUY,BUY,"Jul 29, 2026",Materials,Specialty Chemicals,UPTREND,MOVING UP,,Sustained BUY with confirmed trend and momentum
DDOG,UNCHANGED,UNCHANGED,SELL,SELL,"Aug 10, 2026",Technology,Software - Application,NEUTRAL,MOVING DOWN,,No active BUY transition
DDS,LEADER,🚀 LEADER,BUY,BUY,"Jul 23, 2026",Discretionary,Department Stores,UPTREND,MOVING UP,,Sustained BUY with confirmed trend and momentum
DE,UNCHANGED,UNCHANGED,SELL,SELL,"Aug 11, 2026",Industrials,Farm & Heavy Construction Machinery,UPTREND,MOVING DOWN,,No active BUY transition
DEA,UNCHANGED,UNCHANGED,SELL,SELL,"Jul 15, 2026",Real Estate,REIT - Office,NEUTRAL,MOVING DOWN,,No active BUY transition
DEC,UNCHANGED,UNCHANGED,,,,Energy,Oil & Gas Integrated,UPTREND,,,No active BUY transition
DECK,UNCHANGED,UNCHANGED,SELL,SELL,"Jul 22, 2026",Discretionary,Footwear & Accessories,DOWNTREND,MOVING DOWN,,No active BUY transition
DEI,UNCHANGED,UNCHANGED,SELL,SELL,"Jul 29, 2026",Real Estate,REIT - Office,NEUTRAL,MOVING DOWN,,No active BUY transition
DELL,LEADER,🚀 LEADER,BUY,BUY,"Aug 05, 2026",Technology,Computer Hardware,UPTREND,MOVING UP,,Sustained BUY with confirmed trend and momentum
DEO,LEADER,🚀 LEADER,BUY,BUY,"Jul 13, 2026",Staples,Beverages - Wineries & Distilleries,UPTREND,MOVING UP,,Sustained BUY with confirmed trend and momentum
DFH,UNCHANGED,UNCHANGED,SELL,SELL,"Jul 21, 2026",Discretionary,Residential Construction,DOWNTREND,MOVING UP,,No active BUY transition
DFIN,UNCHANGED,UNCHANGED,SELL,SELL,"Jul 24, 2026",Technology,Software - Application,UPTREND,MOVING UP,,No active BUY transition
DFNS,UNCHANGED,UNCHANGED,,,,Industrials,Aerospace & Defense,NEUTRAL,,,No active BUY transition
DFP,UNCHANGED,UNCHANGED,SELL,SELL,"Jul 27, 2026",Financials,Closed-End Fund - Debt,UPTREND,MOVING DOWN,,No active BUY transition
DFTX,UNCHANGED,UNCHANGED,,,,Health Care,Biotechnology,UPTREND,,,No active BUY transition
DG,UNCHANGED,UNCHANGED,SELL,SELL,"Aug 12, 2026",Staples,Discount Stores,UPTREND,MOVING DOWN,,No active BUY transition
DGICA,UNCHANGED,UNCHANGED,SELL,SELL,"Aug 12, 2026",Financials,Insurance - Property & Casualty,UPTREND,MOVING DOWN,,No active BUY transition
DGII,LEADER,🚀 LEADER,BUY,BUY,"Aug 04, 2026",Technology,Communication Equipment,UPTREND,MOVING UP,,Sustained BUY with confirmed trend and momentum
DGX,DETERIORATING,⚠️ DETERIORATING,BUY,BUY,"Jul 27, 2026",Health Care,Diagnostics & Research,UPTREND,MOVING DOWN,,Existing BUY momentum is weakening
DHI,UNCHANGED,UNCHANGED,SELL,SELL,"Jul 08, 2026",Discretionary,Residential Construction,NEUTRAL,MOVING UP,,No active BUY transition
DHR,LEADER,🚀 LEADER,BUY,BUY,"Aug 11, 2026",Health Care,Diagnostics & Research,UPTREND,MOVING UP,,Sustained BUY with confirmed trend and momentum
DHT,UNCHANGED,UNCHANGED,SELL,SELL,"Aug 06, 2026",Energy,Oil & Gas Midstream,UPTREND,MOVING UP,,No active BUY transition
DIN,UNCHANGED,UNCHANGED,SELL,SELL,"Jul 15, 2026",Discretionary,Restaurants,UPTREND,MOVING DOWN,,No active BUY transition
DINO,UNCHANGED,UNCHANGED,SELL,SELL,"Aug 07, 2026",Energy,Oil & Gas Refining & Marketing,UPTREND,MOVING DOWN,,No active BUY transition
DIOD,LEADER,🚀 LEADER,BUY,BUY,"Aug 11, 2026",Technology,Semiconductors,UPTREND,MOVING UP,,Sustained BUY with confirmed trend and momentum
DIS,LEADER,🚀 LEADER,BUY,BUY,"Aug 06, 2026",Communication,Entertainment,UPTREND,MOVING UP,,Sustained BUY with confirmed trend and momentum
DIT,UNCHANGED,UNCHANGED,,,,Staples,Food Distribution,NEUTRAL,,,No active BUY transition
DJCO,UNCHANGED,UNCHANGED,SELL,SELL,"Jul 28, 2026",Technology,Software - Application,NEUTRAL,MOVING DOWN,,No active BUY transition
DK,UNCHANGED,UNCHANGED,SELL,SELL,"Jul 29, 2026",Energy,Oil & Gas Refining & Marketing,UPTREND,MOVING DOWN,,No active BUY transition
DKL,UNCHANGED,UNCHANGED,SELL,SELL,"Aug 07, 2026",Energy,Oil & Gas Refining & Marketing,NEUTRAL,MOVING DOWN,,No active BUY transition
DKNG,EMERGING,🔥 EMERGING,BUY,SELL,"Aug 14, 2026",Discretionary,Gambling,UPTREND,MOVING UP,,New BUY with rising trend and accelerating momentum
DKS,UNCHANGED,UNCHANGED,SELL,SELL,"Jul 08, 2026",Discretionary,Specialty Retail,DOWNTREND,MOVING UP,,No active BUY transition
DLB,LEADER,🚀 LEADER,BUY,BUY,"Jul 30, 2026",Industrials,Specialty Business Services,UPTREND,MOVING UP,,Sustained BUY with confirmed trend and momentum
DLO,UNCHANGED,UNCHANGED,,,,Technology,Software - Infrastructure,UPTREND,,,No active BUY transition
DLR,LEADER,🚀 LEADER,BUY,BUY,"Jul 27, 2026",Real Estate,REIT - Specialty,UPTREND,MOVING UP,,Sustained BUY with confirmed trend and momentum
DLTR,UNCHANGED,UNCHANGED,SELL,SELL,"Jul 10, 2026",Staples,Discount Stores,UPTREND,MOVING DOWN,,No active BUY transition
DLX,UNCHANGED,UNCHANGED,SELL,SELL,"Aug 11, 2026",Industrials,Conglomerates,DOWNTREND,MOVING DOWN,,No active BUY transition
DLY,LEADER,🚀 LEADER,BUY,BUY,"Aug 05, 2026",Financials,Closed-End Fund - Debt,UPTREND,MOVING UP,,Sustained BUY with confirmed trend and momentum
DMAA,UNCHANGED,UNCHANGED,,,,Financials,Shell Companies,UPTREND,,,No active BUY transition
DMB,UNCHANGED,UNCHANGED,SELL,SELL,"Jul 13, 2026",Financials,Closed-End Fund - Debt,DOWNTREND,MOVING UP,,No active BUY transition
DMLP,UNCHANGED,UNCHANGED,SELL,SELL,"Aug 04, 2026",Energy,Oil & Gas E&P,UPTREND,MOVING UP,,No active BUY transition
DNLI,UNCHANGED,UNCHANGED,SELL,SELL,"Jul 06, 2026",Health Care,Biotechnology,UPTREND,MOVING DOWN,,No active BUY transition
DNOW,LEADER,🚀 LEADER,BUY,BUY,"Aug 07, 2026",Industrials,Industrial Distribution,UPTREND,MOVING UP,,Sustained BUY with confirmed trend and momentum
DNP,UNCHANGED,UNCHANGED,SELL,SELL,"Jul 28, 2026",Financials,Closed-End Fund - Equity,NEUTRAL,MOVING DOWN,,No active BUY transition
DNTH,UNCHANGED,UNCHANGED,,,,Health Care,Biotechnology,UPTREND,,,No active BUY transition
DOC,UNCHANGED,UNCHANGED,SELL,SELL,"Jul 28, 2026",Real Estate,REIT - Healthcare Facilities,DOWNTREND,MOVING DOWN,,No active BUY transition
DOCS,LEADER,🚀 LEADER,BUY,BUY,"Aug 10, 2026",Health Care,Health Information Services,UPTREND,MOVING UP,,Sustained BUY with confirmed trend and momentum
DOCU,LEADER,🚀 LEADER,BUY,BUY,"Aug 10, 2026",Technology,Software - Application,UPTREND,MOVING UP,,Sustained BUY with confirmed trend and momentum
DOLE,UNCHANGED,UNCHANGED,SELL,SELL,"Aug 06, 2026",Staples,Farm Products,DOWNTREND,MOVING DOWN,,No active BUY transition
DOO,UNCHANGED,UNCHANGED,SELL,SELL,"Aug 13, 2026",Discretionary,Recreational Vehicles,UPTREND,MOVING DOWN,,No active BUY transition
DORM,UNCHANGED,UNCHANGED,SELL,SELL,"Jul 23, 2026",Discretionary,Auto Parts,NEUTRAL,MOVING DOWN,,No active BUY transition
DOV,UNCHANGED,UNCHANGED,SELL,SELL,"Jul 06, 2026",Industrials,Specialty Industrial Machinery,DOWNTREND,MOVING UP,,No active BUY transition
DOW,ACTIVE_BUY,ACTIVE BUY,BUY,BUY,"Aug 12, 2026",Materials,Chemicals,NEUTRAL,MOVING UP,,BUY remains active without a higher-priority setup
DOX,LEADER,🚀 LEADER,BUY,BUY,"Jul 30, 2026",Technology,Software - Infrastructure,UPTREND,MOVING UP,,Sustained BUY with confirmed trend and momentum
DPG,UNCHANGED,UNCHANGED,SELL,SELL,"Jul 29, 2026",Financials,Closed-End Fund - Equity,NEUTRAL,MOVING DOWN,,No active BUY transition
DPZ,UNCHANGED,UNCHANGED,SELL,SELL,"Aug 13, 2026",Discretionary,Restaurants,UPTREND,MOVING DOWN,,No active BUY transition
DQ,LEADER,🚀 LEADER,BUY,BUY,"Aug 05, 2026",Technology,Solar,UPTREND,MOVING UP,,Sustained BUY with confirmed trend and momentum
DRDB,UNCHANGED,UNCHANGED,,,,Financials,Shell Companies,UPTREND,,,No active BUY transition
DRH,UNCHANGED,UNCHANGED,SELL,SELL,"Aug 10, 2026",Real Estate,REIT - Hotel & Motel,NEUTRAL,MOVING DOWN,,No active BUY transition
DRI,LEADER,🚀 LEADER,BUY,BUY,"Jul 30, 2026",Discretionary,Restaurants,UPTREND,MOVING UP,,Sustained BUY with confirmed trend and momentum
DRS,UNCHANGED,UNCHANGED,,,,Industrials,Aerospace & Defense,DOWNTREND,,,No active BUY transition
DRUG,UNCHANGED,UNCHANGED,,,,Health Care,Biotechnology,UPTREND,,,No active BUY transition
DRVN,UNCHANGED,UNCHANGED,SELL,SELL,"Aug 07, 2026",Discretionary,Auto & Truck Dealerships,DOWNTREND,MOVING DOWN,,No active BUY transition
DSGN,UNCHANGED,UNCHANGED,,,,Health Care,Biotechnology,UPTREND,,,No active BUY transition
DSGR,DETERIORATING,⚠️ DETERIORATING,BUY,BUY,"Jul 17, 2026",Industrials,Industrial Distribution,UPTREND,MOVING DOWN,,Existing BUY momentum is weakening
DSGX,LEADER,🚀 LEADER,BUY,BUY,"Jul 30, 2026",Technology,Software - Application,UPTREND,MOVING UP,,Sustained BUY with confirmed trend and momentum
DSL,UNCHANGED,UNCHANGED,SELL,SELL,"Jul 16, 2026",Financials,Closed-End Fund - Debt,DOWNTREND,MOVING UP,,No active BUY transition
DSP,DETERIORATING,⚠️ DETERIORATING,BUY,BUY,"Aug 06, 2026",Technology,Software - Application,UPTREND,MOVING DOWN,,Existing BUY momentum is weakening
DT,REMOVED,❌ REMOVED,SELL,BUY,"Aug 14, 2026",Technology,Software - Application,UPTREND,MOVING DOWN,,Prior BUY is missing or no longer rated BUY
DTE,UNCHANGED,UNCHANGED,SELL,SELL,"Jul 13, 2026",Utilities,Utilities - Regulated Electric,DOWNTREND,MOVING DOWN,,No active BUY transition
DTF,LEADER,🚀 LEADER,BUY,BUY,"Aug 10, 2026",Financials,Closed-End Fund - Debt,UPTREND,MOVING UP,,Sustained BUY with confirmed trend and momentum
DTM,UNCHANGED,UNCHANGED,SELL,SELL,"Jul 21, 2026",Energy,Oil & Gas Midstream,DOWNTREND,MOVING UP,,No active BUY transition
DTSQ,UNCHANGED,UNCHANGED,,,,Financials,Shell Companies,DOWNTREND,,,No active BUY transition
DUK,UNCHANGED,UNCHANGED,SELL,SELL,"Aug 04, 2026",Utilities,Utilities - Regulated Electric,DOWNTREND,MOVING DOWN,,No active BUY transition
DUOL,LEADER,🚀 LEADER,BUY,BUY,"Jul 29, 2026",Technology,Software - Application,UPTREND,MOVING UP,,Sustained BUY with confirmed trend and momentum
DV,LEADER,🚀 LEADER,BUY,BUY,"Aug 03, 2026",Communication,Advertising Agencies,UPTREND,MOVING UP,,Sustained BUY with confirmed trend and momentum
DVA,UNCHANGED,UNCHANGED,SELL,SELL,"Jul 17, 2026",Health Care,Medical Care Facilities,DOWNTREND,MOVING DOWN,,No active BUY transition
DVN,LEADER,🚀 LEADER,BUY,BUY,"Aug 11, 2026",Energy,Oil & Gas E&P,UPTREND,MOVING UP,,Sustained BUY with confirmed trend and momentum
DX,UNCHANGED,UNCHANGED,,,,Real Estate,REIT - Mortgage,NEUTRAL,,,No active BUY transition
DXC,UNCHANGED,UNCHANGED,SELL,SELL,"Aug 13, 2026",Technology,Information Technology Services,UPTREND,MOVING DOWN,,No active BUY transition
DXCM,LEADER,🚀 LEADER,BUY,BUY,"Jul 30, 2026",Health Care,Medical Devices,UPTREND,MOVING UP,,Sustained BUY with confirmed trend and momentum
DXPE,LEADER,🚀 LEADER,BUY,BUY,"Aug 10, 2026",Industrials,Industrial Distribution,UPTREND,MOVING UP,,Sustained BUY with confirmed trend and momentum
DXR,UNCHANGED,UNCHANGED,SELL,SELL,"Jul 28, 2026",Health Care,Medical Instruments & Supplies,DOWNTREND,MOVING DOWN,,No active BUY transition
DXYZ,UNCHANGED,UNCHANGED,,,,Financials,Asset Management,UPTREND,,,No active BUY transition
DY,UNCHANGED,UNCHANGED,SELL,SELL,"Jul 06, 2026",Industrials,Engineering & Construction,DOWNTREND,MOVING UP,,No active BUY transition
DYN,UNCHANGED,UNCHANGED,SELL,SELL,"Aug 06, 2026",Health Care,Biotechnology,UPTREND,MOVING DOWN,,No active BUY transition
E,LEADER,🚀 LEADER,BUY,BUY,"Jul 23, 2026",Energy,Oil & Gas Integrated,UPTREND,MOVING UP,,Sustained BUY with confirmed trend and momentum
EBAY,UNCHANGED,UNCHANGED,SELL,SELL,"Jul 23, 2026",Discretionary,Internet Retail,DOWNTREND,MOVING DOWN,,No active BUY transition
EBC,UNCHANGED,UNCHANGED,SELL,SELL,"Aug 03, 2026",Financials,Banks - Regional,UPTREND,MOVING UP,,No active BUY transition
EBF,UNCHANGED,UNCHANGED,,,,Industrials,Business Equipment & Supplies,UPTREND,,,No active BUY transition
EBMT,UNCHANGED,UNCHANGED,,,,Financials,Banks - Regional,UPTREND,,,No active BUY transition
EC,LEADER,🚀 LEADER,BUY,BUY,"Jul 31, 2026",Energy,Oil & Gas Integrated,UPTREND,MOVING UP,,Sustained BUY with confirmed trend and momentum
ECAT,UNCHANGED,UNCHANGED,,,,Financials,Closed-End Fund - Equity,UPTREND,,,No active BUY transition
ECBK,UNCHANGED,UNCHANGED,,,,Financials,Banks - Regional,UPTREND,,,No active BUY transition
ECF,UNCHANGED,UNCHANGED,,,,Financials,Closed-End Fund - Equity,UPTREND,,,No active BUY transition
ECG,UNCHANGED,UNCHANGED,,,,Industrials,Engineering & Construction,NEUTRAL,,,No active BUY transition
ECL,DETERIORATING,⚠️ DETERIORATING,BUY,BUY,"Jul 30, 2026",Materials,Specialty Chemicals,UPTREND,MOVING DOWN,,Existing BUY momentum is weakening
ECPG,UNCHANGED,UNCHANGED,SELL,SELL,"Aug 11, 2026",Financials,Credit Services,UPTREND,MOVING UP,,No active BUY transition
ECVT,UNCHANGED,UNCHANGED,SELL,,"Jul 27, 2026",Materials,Specialty Chemicals,DOWNTREND,MOVING DOWN,,No active BUY transition
ED,UNCHANGED,UNCHANGED,SELL,SELL,"Jul 31, 2026",Utilities,Utilities - Regulated Electric,DOWNTREND,MOVING DOWN,,No active BUY transition
EDN,UNCHANGED,UNCHANGED,SELL,SELL,"Aug 07, 2026",Utilities,Utilities - Regulated Electric,DOWNTREND,MOVING DOWN,,No active BUY transition
EDU,REMOVED,❌ REMOVED,SELL,BUY,"Aug 14, 2026",Staples,Education & Training Services,UPTREND,MOVING DOWN,,Prior BUY is missing or no longer rated BUY
EE,UNCHANGED,UNCHANGED,,,,Energy,Oil & Gas Midstream,DOWNTREND,,,No active BUY transition
EEA,LEADER,🚀 LEADER,BUY,BUY,"Aug 05, 2026",Financials,Closed-End Fund - Foreign,UPTREND,MOVING UP,,Sustained BUY with confirmed trend and momentum
EEFT,UNCHANGED,UNCHANGED,SELL,SELL,"Jul 29, 2026",Technology,Software - Infrastructure,NEUTRAL,MOVING DOWN,,No active BUY transition
EFC,LEADER,🚀 LEADER,BUY,BUY,"Aug 13, 2026",Real Estate,REIT - Mortgage,UPTREND,MOVING UP,,Sustained BUY with confirmed trend and momentum
EFOR,LEADER,🚀 LEADER,BUY,BUY,"Jul 24, 2026",Technology,Information Technology Services,UPTREND,MOVING UP,,Sustained BUY with confirmed trend and momentum
EFR,UNCHANGED,UNCHANGED,,,,Financials,Closed-End Fund - Debt,UPTREND,,,No active BUY transition
EFSC,UNCHANGED,UNCHANGED,SELL,SELL,"Jul 10, 2026",Financials,Banks - Regional,UPTREND,MOVING DOWN,,No active BUY transition
EFT,LEADER,🚀 LEADER,BUY,BUY,"Aug 07, 2026",Financials,Closed-End Fund - Debt,UPTREND,MOVING UP,,Sustained BUY with confirmed trend and momentum
EFX,LEADER,🚀 LEADER,BUY,BUY,"Jul 07, 2026",Industrials,Consulting Services,UPTREND,MOVING UP,,Sustained BUY with confirmed trend and momentum
EG,UNCHANGED,UNCHANGED,SELL,SELL,"Aug 03, 2026",Financials,Insurance - Reinsurance,NEUTRAL,MOVING DOWN,,No active BUY transition
EGBN,LEADER,🚀 LEADER,BUY,BUY,"Jul 27, 2026",Financials,Banks - Regional,UPTREND,MOVING UP,,Sustained BUY with confirmed trend and momentum
EGHA,UNCHANGED,UNCHANGED,,,,Financials,Shell Companies,UPTREND,,,No active BUY transition
EGO,LEADER,🚀 LEADER,BUY,BUY,"Jul 28, 2026",Materials,Gold,UPTREND,MOVING UP,,Sustained BUY with confirmed trend and momentum
EGP,UNCHANGED,UNCHANGED,SELL,SELL,"Jul 28, 2026",Real Estate,REIT - Industrial,DOWNTREND,MOVING DOWN,,No active BUY transition
EHC,LEADER,🚀 LEADER,BUY,BUY,"Aug 07, 2026",Health Care,Medical Care Facilities,UPTREND,MOVING UP,,Sustained BUY with confirmed trend and momentum
EIC,UNCHANGED,UNCHANGED,SELL,,"Jul 14, 2026",Financials,Closed-End Fund - Debt,NEUTRAL,MOVING UP,,No active BUY transition
EIG,UNCHANGED,UNCHANGED,SELL,SELL,"Jul 13, 2026",Financials,Insurance - Specialty,DOWNTREND,MOVING DOWN,,No active BUY transition
EIX,UNCHANGED,UNCHANGED,SELL,SELL,"Aug 04, 2026",Utilities,Utilities - Regulated Electric,DOWNTREND,MOVING DOWN,,No active BUY transition
EL,LEADER,🚀 LEADER,BUY,BUY,"Aug 04, 2026",Staples,Household & Personal Products,UPTREND,MOVING UP,,Sustained BUY with confirmed trend and momentum
ELA,UNCHANGED,UNCHANGED,,,,Discretionary,Luxury Goods,DOWNTREND,,,No active BUY transition
ELAN,UNCHANGED,UNCHANGED,SELL,SELL,"Jul 22, 2026",Health Care,Drug Manufacturers - Specialty & Generic,DOWNTREND,MOVING DOWN,,No active BUY transition
ELF,LEADER,🚀 LEADER,BUY,BUY,"Jul 29, 2026",Staples,Household & Personal Products,UPTREND,MOVING UP,,Sustained BUY with confirmed trend and momentum
ELMD,UNCHANGED,UNCHANGED,,,,Health Care,Medical Devices,UPTREND,,,No active BUY transition
ELS,UNCHANGED,UNCHANGED,SELL,SELL,"Aug 06, 2026",Real Estate,REIT - Residential,NEUTRAL,MOVING DOWN,,No active BUY transition
ELV,LEADER,🚀 LEADER,BUY,BUY,"Aug 13, 2026",Health Care,Healthcare Plans,UPTREND,MOVING UP,,Sustained BUY with confirmed trend and momentum
ELVN,REMOVED,❌ REMOVED,SELL,BUY,"Aug 14, 2026",Health Care,Biotechnology,UPTREND,MOVING DOWN,,Prior BUY is missing or no longer rated BUY
EMBJ,LEADER,🚀 LEADER,BUY,BUY,"Aug 04, 2026",Industrials,Aerospace & Defense,UPTREND,MOVING UP,,Sustained BUY with confirmed trend and momentum
EMD,UNCHANGED,UNCHANGED,SELL,SELL,"Jul 13, 2026",Financials,Closed-End Fund - Debt,DOWNTREND,MOVING DOWN,,No active BUY transition
EME,LEADER,🚀 LEADER,BUY,BUY,"Aug 05, 2026",Industrials,Engineering & Construction,UPTREND,MOVING UP,,Sustained BUY with confirmed trend and momentum
EMF,LEADER,🚀 LEADER,BUY,BUY,"Aug 13, 2026",Financials,Closed-End Fund - Foreign,UPTREND,MOVING UP,,Sustained BUY with confirmed trend and momentum
EML,EMERGING,🔥 EMERGING,BUY,SELL,"Aug 14, 2026",Industrials,Tools & Accessories,UPTREND,MOVING UP,,New BUY with rising trend and accelerating momentum
EMN,LEADER,🚀 LEADER,BUY,BUY,"Aug 04, 2026",Materials,Specialty Chemicals,UPTREND,MOVING UP,,Sustained BUY with confirmed trend and momentum
EMO,EMERGING,🔥 EMERGING,BUY,SELL,"Aug 14, 2026",Financials,Closed-End Fund - Equity,UPTREND,MOVING UP,,New BUY with rising trend and accelerating momentum
EMR,LEADER,🚀 LEADER,BUY,BUY,"Jul 27, 2026",Industrials,Specialty Industrial Machinery,UPTREND,MOVING UP,,Sustained BUY with confirmed trend and momentum
ENB,UNCHANGED,UNCHANGED,SELL,SELL,"Jul 31, 2026",Energy,Oil & Gas Midstream,DOWNTREND,MOVING DOWN,,No active BUY transition
ENOV,UNCHANGED,UNCHANGED,SELL,SELL,"Aug 06, 2026",Health Care,Medical Devices,DOWNTREND,MOVING DOWN,,No active BUY transition
ENSG,UNCHANGED,UNCHANGED,SELL,SELL,"Aug 13, 2026",Health Care,Medical Care Facilities,UPTREND,MOVING DOWN,,No active BUY transition
ENTA,LEADER,🚀 LEADER,BUY,BUY,"Aug 11, 2026",Health Care,Biotechnology,UPTREND,MOVING UP,,Sustained BUY with confirmed trend and momentum
ENTG,LEADER,🚀 LEADER,BUY,BUY,"Aug 10, 2026",Technology,Semiconductor Equipment & Materials,UPTREND,MOVING UP,,Sustained BUY with confirmed trend and momentum
ENVA,LEADER,🚀 LEADER,BUY,BUY,"Aug 03, 2026",Financials,Credit Services,UPTREND,MOVING UP,,Sustained BUY with confirmed trend and momentum
EOG,EMERGING,🔥 EMERGING,BUY,SELL,"Aug 14, 2026",Energy,Oil & Gas E&P,UPTREND,MOVING UP,,New BUY with rising trend and accelerating momentum
EOI,LEADER,🚀 LEADER,BUY,BUY,"Aug 10, 2026",Financials,Closed-End Fund - Equity,UPTREND,MOVING UP,,Sustained BUY with confirmed trend and momentum
EOS,UNCHANGED,UNCHANGED,,,,Financials,Closed-End Fund - Equity,UPTREND,,,No active BUY transition
EOT,LEADER,🚀 LEADER,BUY,BUY,"Aug 06, 2026",Financials,Closed-End Fund - Debt,UPTREND,MOVING UP,,Sustained BUY with confirmed trend and momentum
EPAC,LEADER,🚀 LEADER,BUY,BUY,"Jul 29, 2026",Industrials,Specialty Industrial Machinery,UPTREND,MOVING UP,,Sustained BUY with confirmed trend and momentum
EPAM,UNCHANGED,UNCHANGED,SELL,SELL,"Aug 12, 2026",Technology,Information Technology Services,UPTREND,MOVING DOWN,,No active BUY transition
EPC,UNCHANGED,UNCHANGED,SELL,SELL,"Jul 27, 2026",Staples,Household & Personal Products,UPTREND,MOVING DOWN,,No active BUY transition
EPD,UNCHANGED,UNCHANGED,SELL,SELL,"Aug 06, 2026",Energy,Oil & Gas Midstream,NEUTRAL,MOVING DOWN,,No active BUY transition
EPR,UNCHANGED,UNCHANGED,SELL,SELL,"Aug 05, 2026",Real Estate,REIT - Specialty,NEUTRAL,MOVING DOWN,,No active BUY transition
EPRT,UNCHANGED,UNCHANGED,SELL,SELL,"Jul 27, 2026",Real Estate,REIT - Retail,DOWNTREND,MOVING UP,,No active BUY transition
EQBK,UNCHANGED,UNCHANGED,SELL,SELL,"Aug 11, 2026",Financials,Banks - Regional,UPTREND,MOVING UP,,No active BUY transition
EQH,LEADER,🚀 LEADER,BUY,BUY,"Aug 07, 2026",Financials,Asset Management,UPTREND,MOVING UP,,Sustained BUY with confirmed trend and momentum
EQIX,LEADER,🚀 LEADER,BUY,BUY,"Aug 06, 2026",Real Estate,REIT - Specialty,UPTREND,MOVING UP,,Sustained BUY with confirmed trend and momentum
EQNR,LEADER,🚀 LEADER,BUY,BUY,"Aug 13, 2026",Energy,Oil & Gas Integrated,UPTREND,MOVING UP,,Sustained BUY with confirmed trend and momentum
EQR,UNCHANGED,UNCHANGED,SELL,SELL,"Jul 21, 2026",Real Estate,REIT - Residential,DOWNTREND,MOVING DOWN,,No active BUY transition
EQT,LEADER,🚀 LEADER,BUY,BUY,"Jul 27, 2026",Energy,Oil & Gas E&P,UPTREND,MOVING UP,,Sustained BUY with confirmed trend and momentum
EQX,LEADER,🚀 LEADER,BUY,BUY,"Aug 07, 2026",Materials,Gold,UPTREND,MOVING UP,,Sustained BUY with confirmed trend and momentum
ERAS,UNCHANGED,UNCHANGED,,,,Health Care,Biotechnology,UPTREND,,,No active BUY transition
ERH,UNCHANGED,UNCHANGED,,,,Financials,Closed-End Fund - Equity,DOWNTREND,,,No active BUY transition
ERIE,LEADER,🚀 LEADER,BUY,BUY,"Aug 03, 2026",Financials,Insurance Brokers,UPTREND,MOVING UP,,Sustained BUY with confirmed trend and momentum
ERO,LEADER,🚀 LEADER,BUY,BUY,"Aug 03, 2026",Materials,Copper,UPTREND,MOVING UP,,Sustained BUY with confirmed trend and momentum
ES,UNCHANGED,UNCHANGED,SELL,SELL,"Aug 03, 2026",Utilities,Utilities - Regulated Electric,DOWNTREND,MOVING DOWN,,No active BUY transition
ESAB,UNCHANGED,UNCHANGED,SELL,SELL,"Aug 12, 2026",Industrials,Metal Fabrication,DOWNTREND,MOVING DOWN,,No active BUY transition
ESCA,LEADER,🚀 LEADER,BUY,BUY,"Jul 21, 2026",Discretionary,Leisure,UPTREND,MOVING UP,,Sustained BUY with confirmed trend and momentum
ESE,UNCHANGED,UNCHANGED,SELL,SELL,"Jul 13, 2026",Technology,Scientific & Technical Instruments,DOWNTREND,MOVING DOWN,,No active BUY transition
ESI,UNCHANGED,UNCHANGED,SELL,SELL,"Jul 07, 2026",Materials,Specialty Chemicals,DOWNTREND,MOVING UP,,No active BUY transition
ESLT,REMOVED,❌ REMOVED,SELL,BUY,"Aug 14, 2026",Industrials,Aerospace & Defense,NEUTRAL,MOVING DOWN,,Prior BUY is missing or no longer rated BUY
ESNT,UNCHANGED,UNCHANGED,SELL,SELL,"Jul 16, 2026",Financials,Insurance - Specialty,UPTREND,MOVING UP,,No active BUY transition
ESP,UNCHANGED,UNCHANGED,,,,Industrials,Electrical Equipment & Parts,UPTREND,,,No active BUY transition
ESQ,DETERIORATING,⚠️ DETERIORATING,BUY,BUY,"Jul 30, 2026",Financials,Banks - Regional,UPTREND,MOVING DOWN,,Existing BUY momentum is weakening
ESS,UNCHANGED,UNCHANGED,SELL,SELL,"Jul 17, 2026",Real Estate,REIT - Residential,NEUTRAL,MOVING DOWN,,No active BUY transition
ESTA,UNCHANGED,UNCHANGED,SELL,SELL,"Jul 31, 2026",Health Care,Medical Devices,DOWNTREND,MOVING DOWN,,No active BUY transition
ESTC,LEADER,🚀 LEADER,BUY,BUY,"Aug 04, 2026",Technology,Software - Application,UPTREND,MOVING UP,,Sustained BUY with confirmed trend and momentum
ET,LEADER,🚀 LEADER,BUY,BUY,"Aug 07, 2026",Energy,Oil & Gas Midstream,UPTREND,MOVING UP,,Sustained BUY with confirmed trend and momentum
ETB,LEADER,🚀 LEADER,BUY,BUY,"Aug 06, 2026",Financials,Closed-End Fund - Equity,UPTREND,MOVING UP,,Sustained BUY with confirmed trend and momentum
ETD,UNCHANGED,UNCHANGED,SELL,SELL,"Aug 13, 2026",Discretionary,Furnishings Fixtures & Appliances,UPTREND,MOVING DOWN,,No active BUY transition
ETG,LEADER,🚀 LEADER,BUY,BUY,"Aug 04, 2026",Financials,Closed-End Fund - Equity,UPTREND,MOVING UP,,Sustained BUY with confirmed trend and momentum
ETN,LEADER,🚀 LEADER,BUY,BUY,"Aug 05, 2026",Industrials,Specialty Industrial Machinery,UPTREND,MOVING UP,,Sustained BUY with confirmed trend and momentum
ETO,LEADER,🚀 LEADER,BUY,BUY,"Aug 04, 2026",Financials,Closed-End Fund - Equity,UPTREND,MOVING UP,,Sustained BUY with confirmed trend and momentum
ETON,UNCHANGED,UNCHANGED,SELL,SELL,"Aug 07, 2026",Health Care,Drug Manufacturers - Specialty & Generic,UPTREND,MOVING DOWN,,No active BUY transition
ETR,UNCHANGED,UNCHANGED,SELL,SELL,"Jul 10, 2026",Utilities,Utilities - Regulated Electric,DOWNTREND,MOVING DOWN,,No active BUY transition
ETSY,UNCHANGED,UNCHANGED,SELL,SELL,"Jul 22, 2026",Discretionary,Internet Retail,UPTREND,MOVING DOWN,,No active BUY transition
ETV,LEADER,🚀 LEADER,BUY,BUY,"Aug 07, 2026",Financials,Closed-End Fund - Equity,UPTREND,MOVING UP,,Sustained BUY with confirmed trend and momentum
ETY,LEADER,🚀 LEADER,BUY,BUY,"Aug 05, 2026",Financials,Closed-End Fund - Equity,UPTREND,MOVING UP,,Sustained BUY with confirmed trend and momentum
EVAC,UNCHANGED,UNCHANGED,,,,Financials,Shell Companies,UPTREND,,,No active BUY transition
EVCM,UNCHANGED,UNCHANGED,SELL,,"Aug 07, 2026",Technology,Software - Application,DOWNTREND,MOVING DOWN,,No active BUY transition
EVER,UNCHANGED,UNCHANGED,,,,Communication,Internet Content & Information,NEUTRAL,,,No active BUY transition
EVG,EMERGING,🔥 EMERGING,BUY,SELL,"Aug 14, 2026",Financials,Closed-End Fund - Debt,UPTREND,MOVING UP,,New BUY with rising trend and accelerating momentum
EVI,UNCHANGED,UNCHANGED,,,,Industrials,Industrial Distribution,UPTREND,,,No active BUY transition
EVN,UNCHANGED,UNCHANGED,SELL,SELL,"Jul 13, 2026",Financials,Closed-End Fund - Debt,NEUTRAL,MOVING UP,,No active BUY transition
EVR,UNCHANGED,UNCHANGED,SELL,,"Jun 29, 2026",Financials,Capital Markets,DOWNTREND,MOVING DOWN,,No active BUY transition
EVRG,UNCHANGED,UNCHANGED,SELL,SELL,"Jul 30, 2026",Utilities,Utilities - Regulated Electric,DOWNTREND,MOVING UP,,No active BUY transition
EVT,LEADER,🚀 LEADER,BUY,BUY,"Jul 31, 2026",Financials,Closed-End Fund - Equity,UPTREND,MOVING UP,,Sustained BUY with confirmed trend and momentum
EVTC,UNCHANGED,UNCHANGED,SELL,SELL,"Aug 11, 2026",Technology,Software - Infrastructure,UPTREND,MOVING UP,,No active BUY transition
EW,LEADER,🚀 LEADER,BUY,BUY,"Aug 07, 2026",Health Care,Medical Devices,UPTREND,MOVING UP,,Sustained BUY with confirmed trend and momentum
EWBC,UNCHANGED,UNCHANGED,SELL,,"Jun 29, 2026",Financials,Banks - Regional,UPTREND,MOVING UP,,No active BUY transition
EWTX,DETERIORATING,⚠️ DETERIORATING,BUY,BUY,"Aug 06, 2026",Health Care,Biotechnology,UPTREND,MOVING DOWN,,Existing BUY momentum is weakening
EXC,UNCHANGED,UNCHANGED,SELL,SELL,"Jul 31, 2026",Utilities,Utilities - Regulated Electric,DOWNTREND,MOVING DOWN,,No active BUY transition
EXE,DETERIORATING,⚠️ DETERIORATING,BUY,BUY,"Aug 12, 2026",Energy,Oil & Gas E&P,UPTREND,MOVING DOWN,,Existing BUY momentum is weakening
EXEL,UNCHANGED,UNCHANGED,SELL,SELL,"Jul 20, 2026",Health Care,Biotechnology,DOWNTREND,MOVING DOWN,,No active BUY transition
EXG,LEADER,🚀 LEADER,BUY,BUY,"Aug 05, 2026",Financials,Closed-End Fund - Foreign,UPTREND,MOVING UP,,Sustained BUY with confirmed trend and momentum
EXLS,LEADER,🚀 LEADER,BUY,BUY,"Jul 28, 2026",Technology,Information Technology Services,UPTREND,MOVING UP,,Sustained BUY with confirmed trend and momentum
EXP,REMOVED,❌ REMOVED,SELL,BUY,"Aug 14, 2026",Materials,Building Materials,DOWNTREND,MOVING DOWN,,Prior BUY is missing or no longer rated BUY
EXPD,LEADER,🚀 LEADER,BUY,BUY,"Aug 13, 2026",Industrials,Integrated Freight & Logistics,UPTREND,MOVING UP,,Sustained BUY with confirmed trend and momentum
EXPE,LEADER,🚀 LEADER,BUY,BUY,"Jul 31, 2026",Discretionary,Travel Services,UPTREND,MOVING UP,,Sustained BUY with confirmed trend and momentum
EXPO,LEADER,🚀 LEADER,BUY,BUY,"Jul 31, 2026",Industrials,Engineering & Construction,UPTREND,MOVING UP,,Sustained BUY with confirmed trend and momentum
EXR,UNCHANGED,UNCHANGED,SELL,SELL,"Aug 12, 2026",Real Estate,REIT - Industrial,UPTREND,MOVING UP,,No active BUY transition
EYE,UNCHANGED,UNCHANGED,SELL,SELL,"Aug 12, 2026",Discretionary,Specialty Retail,NEUTRAL,MOVING DOWN,,No active BUY transition
EYPT,LEADER,🚀 LEADER,BUY,BUY,"Aug 13, 2026",Health Care,Biotechnology,UPTREND,MOVING UP,,Sustained BUY with confirmed trend and momentum
EZPW,UNCHANGED,UNCHANGED,SELL,SELL,"Jul 15, 2026",Financials,Credit Services,DOWNTREND,MOVING DOWN,,No active BUY transition
F,UNCHANGED,UNCHANGED,SELL,SELL,"Aug 06, 2026",Discretionary,Auto Manufacturers,DOWNTREND,MOVING DOWN,,No active BUY transition
FA,UNCHANGED,UNCHANGED,SELL,SELL,"Aug 13, 2026",Industrials,Specialty Business Services,UPTREND,MOVING DOWN,,No active BUY transition
FACT,UNCHANGED,UNCHANGED,,,,Financials,Shell Companies,UPTREND,,,No active BUY transition
FAF,UNCHANGED,UNCHANGED,SELL,SELL,"Aug 10, 2026",Financials,Insurance - Specialty,UPTREND,MOVING DOWN,,No active BUY transition
FANG,UNCHANGED,UNCHANGED,SELL,SELL,"Aug 06, 2026",Energy,Oil & Gas E&P,UPTREND,MOVING DOWN,,No active BUY transition
FAST,LEADER,🚀 LEADER,BUY,BUY,"Jul 29, 2026",Industrials,Industrial Distribution,UPTREND,MOVING UP,,Sustained BUY with confirmed trend and momentum
FAX,UNCHANGED,UNCHANGED,,,,Financials,Closed-End Fund - Debt,NEUTRAL,,,No active BUY transition
FBIN,UNCHANGED,UNCHANGED,SELL,SELL,"Jul 16, 2026",Industrials,Building Products & Equipment,NEUTRAL,MOVING DOWN,,No active BUY transition
FBIZ,DETERIORATING,⚠️ DETERIORATING,BUY,BUY,"Jul 21, 2026",Financials,Banks - Regional,UPTREND,MOVING DOWN,,Existing BUY momentum is weakening
FBK,LEADER,🚀 LEADER,BUY,BUY,"Jul 16, 2026",Financials,Banks - Regional,UPTREND,MOVING UP,,Sustained BUY with confirmed trend and momentum
FBLA,UNCHANGED,UNCHANGED,,,,Financials,Banks - Regional,UPTREND,,,No active BUY transition
FBNC,EMERGING,🔥 EMERGING,BUY,SELL,"Aug 14, 2026",Financials,Banks - Regional,UPTREND,MOVING UP,,New BUY with rising trend and accelerating momentum
FBP,UNCHANGED,UNCHANGED,SELL,SELL,"Aug 10, 2026",Financials,Banks - Regional,UPTREND,MOVING DOWN,,No active BUY transition
FBRX,UNCHANGED,UNCHANGED,SELL,SELL,"Jul 23, 2026",Health Care,Biotechnology,UPTREND,MOVING DOWN,,No active BUY transition
FBYD,UNCHANGED,UNCHANGED,,,,Industrials,Conglomerates,DOWNTREND,,,No active BUY transition
FCAP,LEADER,🚀 LEADER,BUY,BUY,"Aug 03, 2026",Financials,Banks - Regional,UPTREND,MOVING UP,,Sustained BUY with confirmed trend and momentum
FCBC,LEADER,🚀 LEADER,BUY,BUY,"Jul 23, 2026",Financials,Banks - Regional,UPTREND,MOVING UP,,Sustained BUY with confirmed trend and momentum
FCCO,UNCHANGED,UNCHANGED,SELL,SELL,"Aug 12, 2026",Financials,Banks - Regional,UPTREND,MOVING DOWN,,No active BUY transition
FCEL,UNCHANGED,UNCHANGED,SELL,SELL,"Jul 13, 2026",Industrials,Electrical Equipment & Parts,DOWNTREND,MOVING UP,,No active BUY transition
FCF,UNCHANGED,UNCHANGED,SELL,SELL,"Aug 12, 2026",Financials,Banks - Regional,UPTREND,MOVING DOWN,,No active BUY transition
FCN,UNCHANGED,UNCHANGED,SELL,SELL,"Jul 24, 2026",Industrials,Consulting Services,DOWNTREND,MOVING DOWN,,No active BUY transition
FCNCA,LEADER,🚀 LEADER,BUY,BUY,"Jul 27, 2026",Financials,Banks - Regional,UPTREND,MOVING UP,,Sustained BUY with confirmed trend and momentum
FCPT,UNCHANGED,UNCHANGED,SELL,SELL,"Jul 31, 2026",Real Estate,REIT - Retail,DOWNTREND,MOVING DOWN,,No active BUY transition
FCX,LEADER,🚀 LEADER,BUY,BUY,"Aug 03, 2026",Materials,Copper,UPTREND,MOVING UP,,Sustained BUY with confirmed trend and momentum
FDBC,LEADER,🚀 LEADER,BUY,BUY,"Aug 05, 2026",Financials,Banks - Regional,UPTREND,MOVING UP,,Sustained BUY with confirmed trend and momentum
FDMT,UNCHANGED,UNCHANGED,,,,Health Care,Biotechnology,UPTREND,,,No active BUY transition
FDS,LEADER,🚀 LEADER,BUY,BUY,"Jul 06, 2026",Financials,Financial Data & Stock Exchanges,UPTREND,MOVING UP,,Sustained BUY with confirmed trend and momentum
FDSB,UNCHANGED,UNCHANGED,,,,Financials,Banks - Regional,UPTREND,,,No active BUY transition
FDUS,UNCHANGED,UNCHANGED,SELL,SELL,"Jul 24, 2026",Financials,Asset Management,UPTREND,MOVING DOWN,,No active BUY transition
FDX,LEADER,🚀 LEADER,BUY,BUY,"Aug 11, 2026",Industrials,Integrated Freight & Logistics,UPTREND,MOVING UP,,Sustained BUY with confirmed trend and momentum
FE,UNCHANGED,UNCHANGED,SELL,SELL,"Jul 22, 2026",Utilities,Utilities - Regulated Electric,DOWNTREND,MOVING DOWN,,No active BUY transition
FEIM,LEADER,🚀 LEADER,BUY,BUY,"Aug 07, 2026",Technology,Communication Equipment,UPTREND,MOVING UP,,Sustained BUY with confirmed trend and momentum
FELE,DETERIORATING,⚠️ DETERIORATING,BUY,BUY,"Aug 05, 2026",Industrials,Specialty Industrial Machinery,UPTREND,MOVING DOWN,,Existing BUY momentum is weakening
FENC,LEADER,🚀 LEADER,BUY,BUY,"Aug 10, 2026",Health Care,Biotechnology,UPTREND,MOVING UP,,Sustained BUY with confirmed trend and momentum
FET,LEADER,🚀 LEADER,BUY,BUY,"Jul 17, 2026",Energy,Oil & Gas Equipment & Services,UPTREND,MOVING UP,,Sustained BUY with confirmed trend and momentum
FFA,LEADER,🚀 LEADER,BUY,BUY,"Aug 05, 2026",Financials,Closed-End Fund - Equity,UPTREND,MOVING UP,,Sustained BUY with confirmed trend and momentum
FFBC,UNCHANGED,UNCHANGED,SELL,SELL,"Jul 24, 2026",Financials,Banks - Regional,UPTREND,MOVING DOWN,,No active BUY transition
FFC,LEADER,🚀 LEADER,BUY,BUY,"Aug 12, 2026",Financials,Closed-End Fund - Debt,UPTREND,MOVING UP,,Sustained BUY with confirmed trend and momentum
FFIN,UNCHANGED,UNCHANGED,SELL,SELL,"Jul 23, 2026",Financials,Banks - Regional,UPTREND,MOVING DOWN,,No active BUY transition
FFIV,LEADER,🚀 LEADER,BUY,BUY,"Aug 07, 2026",Technology,Software - Infrastructure,UPTREND,MOVING UP,,Sustained BUY with confirmed trend and momentum
FG,UNCHANGED,UNCHANGED,,,,Financials,Insurance - Life,DOWNTREND,,,No active BUY transition
FGI,EMERGING,🔥 EMERGING,BUY,,"Aug 14, 2026",Discretionary,Furnishings Fixtures & Appliances,UPTREND,MOVING UP,,New BUY with rising trend and accelerating momentum
FHB,UNCHANGED,UNCHANGED,SELL,SELL,"Jul 09, 2026",Financials,Banks - Regional,DOWNTREND,MOVING UP,,No active BUY transition
FHI,LEADER,🚀 LEADER,BUY,BUY,"Jul 29, 2026",Financials,Asset Management,UPTREND,MOVING UP,,Sustained BUY with confirmed trend and momentum
FHN,UNCHANGED,UNCHANGED,SELL,SELL,"Aug 07, 2026",Financials,Banks - Regional,UPTREND,MOVING DOWN,,No active BUY transition
FIBK,UNCHANGED,UNCHANGED,SELL,SELL,"Jul 21, 2026",Financials,Banks - Regional,NEUTRAL,MOVING UP,,No active BUY transition
FICO,UNCHANGED,UNCHANGED,SELL,SELL,"Aug 03, 2026",Technology,Software - Application,DOWNTREND,MOVING DOWN,,No active BUY transition
FIG,UNCHANGED,UNCHANGED,,,,Technology,Software - Application,UPTREND,,,No active BUY transition
FIGR,UNCHANGED,UNCHANGED,,,,Financials,Capital Markets,UPTREND,,,No active BUY transition
FIGS,LEADER,🚀 LEADER,BUY,BUY,"Aug 04, 2026",Discretionary,Apparel Manufacturing,UPTREND,MOVING UP,,Sustained BUY with confirmed trend and momentum
FIGX,UNCHANGED,UNCHANGED,,,,Financials,Shell Companies,UPTREND,,,No active BUY transition
FINS,UNCHANGED,UNCHANGED,SELL,SELL,"Jul 16, 2026",Financials,Asset Management,NEUTRAL,MOVING UP,,No active BUY transition
FINW,UNCHANGED,UNCHANGED,,,,Financials,Banks - Regional,DOWNTREND,,,No active BUY transition
FIS,UNCHANGED,UNCHANGED,SELL,SELL,"Aug 10, 2026",Technology,Information Technology Services,UPTREND,MOVING DOWN,,No active BUY transition
FISI,UNCHANGED,UNCHANGED,SELL,SELL,"Aug 13, 2026",Financials,Banks - Regional,UPTREND,MOVING DOWN,,No active BUY transition
FISV,EMERGING,🔥 EMERGING,BUY,SELL,"Aug 14, 2026",Technology,Information Technology Services,UPTREND,MOVING UP,,New BUY with rising trend and accelerating momentum
FITB,UNCHANGED,UNCHANGED,SELL,SELL,"Jul 14, 2026",Financials,Banks - Regional,UPTREND,MOVING DOWN,,No active BUY transition
FIVE,LEADER,🚀 LEADER,BUY,BUY,"Jul 20, 2026",Discretionary,Specialty Retail,UPTREND,MOVING UP,,Sustained BUY with confirmed trend and momentum
FIVN,LEADER,🚀 LEADER,BUY,BUY,"Aug 10, 2026",Technology,Software - Infrastructure,UPTREND,MOVING UP,,Sustained BUY with confirmed trend and momentum
FIX,UNCHANGED,UNCHANGED,SELL,SELL,"Jul 06, 2026",Industrials,Engineering & Construction,DOWNTREND,MOVING UP,,No active BUY transition
FLC,UNCHANGED,UNCHANGED,SELL,SELL,"Jul 21, 2026",Financials,Closed-End Fund - Debt,DOWNTREND,MOVING UP,,No active BUY transition
FLG,UNCHANGED,UNCHANGED,SELL,SELL,"Jul 06, 2026",Financials,Banks - Regional,DOWNTREND,MOVING UP,,No active BUY transition
FLGT,UNCHANGED,UNCHANGED,SELL,SELL,"Jul 20, 2026",Health Care,Diagnostics & Research,DOWNTREND,MOVING UP,,No active BUY transition
FLNG,UNCHANGED,UNCHANGED,SELL,SELL,"Jul 28, 2026",Energy,Oil & Gas Midstream,DOWNTREND,MOVING DOWN,,No active BUY transition
FLOC,UNCHANGED,UNCHANGED,,,,Energy,Oil & Gas Equipment & Services,UPTREND,,,No active BUY transition
FLR,LEADER,🚀 LEADER,BUY,BUY,"Aug 10, 2026",Industrials,Engineering & Construction,UPTREND,MOVING UP,,Sustained BUY with confirmed trend and momentum
FLS,LEADER,🚀 LEADER,BUY,BUY,"Jul 31, 2026",Industrials,Specialty Industrial Machinery,UPTREND,MOVING UP,,Sustained BUY with confirmed trend and momentum
FLUT,UNCHANGED,UNCHANGED,SELL,SELL,"Jul 31, 2026",Discretionary,Gambling,DOWNTREND,MOVING UP,,No active BUY transition
FLXS,UNCHANGED,UNCHANGED,SELL,SELL,"Jul 14, 2026",Discretionary,Furnishings Fixtures & Appliances,UPTREND,MOVING DOWN,,No active BUY transition
FLY,UNCHANGED,UNCHANGED,,,,Industrials,Aerospace & Defense,UPTREND,,,No active BUY transition
FLYW,DETERIORATING,⚠️ DETERIORATING,BUY,BUY,"Aug 06, 2026",Technology,Software - Infrastructure,UPTREND,MOVING DOWN,,Existing BUY momentum is weakening
FMBH,UNCHANGED,UNCHANGED,SELL,SELL,"Aug 11, 2026",Financials,Banks - Regional,UPTREND,MOVING DOWN,,No active BUY transition
FMN,UNCHANGED,UNCHANGED,SELL,SELL,"Jul 09, 2026",Financials,Closed-End Fund - Debt,DOWNTREND,MOVING UP,,No active BUY transition
FMNB,LEADER,🚀 LEADER,BUY,BUY,"Jul 23, 2026",Financials,Banks - Regional,UPTREND,MOVING UP,,Sustained BUY with confirmed trend and momentum
FMS,UNCHANGED,UNCHANGED,SELL,SELL,"Aug 06, 2026",Health Care,Medical Care Facilities,DOWNTREND,MOVING DOWN,,No active BUY transition
FMX,UNCHANGED,UNCHANGED,SELL,SELL,"Jul 13, 2026",Staples,Beverages - Brewers,DOWNTREND,MOVING DOWN,,No active BUY transition
FMY,EMERGING,🔥 EMERGING,BUY,SELL,"Aug 14, 2026",Financials,Closed-End Fund - Debt,UPTREND,MOVING UP,,New BUY with rising trend and accelerating momentum
FN,LEADER,🚀 LEADER,BUY,BUY,"Aug 10, 2026",Technology,Electronic Components,UPTREND,MOVING UP,,Sustained BUY with confirmed trend and momentum
FNB,UNCHANGED,UNCHANGED,SELL,SELL,"Jul 10, 2026",Financials,Banks - Regional,UPTREND,MOVING DOWN,,No active BUY transition
FND,LEADER,🚀 LEADER,BUY,BUY,"Aug 03, 2026",Discretionary,Home Improvement Retail,UPTREND,MOVING UP,,Sustained BUY with confirmed trend and momentum
FNF,UNCHANGED,UNCHANGED,SELL,SELL,"Aug 10, 2026",Financials,Insurance - Specialty,DOWNTREND,MOVING DOWN,,No active BUY transition
FNLC,UNCHANGED,UNCHANGED,SELL,SELL,"Jul 14, 2026",Financials,Banks - Regional,UPTREND,MOVING DOWN,,No active BUY transition
FNV,LEADER,🚀 LEADER,BUY,BUY,"Jul 28, 2026",Materials,Gold,UPTREND,MOVING UP,,Sustained BUY with confirmed trend and momentum
FNWB,UNCHANGED,UNCHANGED,SELL,SELL,"Jul 28, 2026",Financials,Banks - Regional,NEUTRAL,MOVING DOWN,,No active BUY transition
FOA,UNCHANGED,UNCHANGED,SELL,SELL,"Jul 31, 2026",Financials,Credit Services,DOWNTREND,MOVING DOWN,,No active BUY transition
FOF,LEADER,🚀 LEADER,BUY,BUY,"Aug 11, 2026",Financials,Closed-End Fund - Equity,UPTREND,MOVING UP,,Sustained BUY with confirmed trend and momentum
FOR,UNCHANGED,UNCHANGED,SELL,SELL,"Jul 09, 2026",Real Estate,Real Estate - Development,NEUTRAL,MOVING UP,,No active BUY transition
FORM,LEADER,🚀 LEADER,BUY,BUY,"Aug 12, 2026",Technology,Semiconductor Equipment & Materials,UPTREND,MOVING UP,,Sustained BUY with confirmed trend and momentum
FORR,DETERIORATING,⚠️ DETERIORATING,BUY,BUY,"Aug 06, 2026",Industrials,Consulting Services,UPTREND,MOVING DOWN,,Existing BUY momentum is weakening
FOUR,UNCHANGED,UNCHANGED,SELL,SELL,"Aug 07, 2026",Technology,Software - Infrastructure,NEUTRAL,MOVING UP,,No active BUY transition
FOX,LEADER,🚀 LEADER,BUY,BUY,"Jul 30, 2026",Communication,Entertainment,UPTREND,MOVING UP,,Sustained BUY with confirmed trend and momentum
FOXA,LEADER,🚀 LEADER,BUY,BUY,"Jul 30, 2026",Communication,Entertainment,UPTREND,MOVING UP,,Sustained BUY with confirmed trend and momentum
FOXF,LEADER,🚀 LEADER,BUY,BUY,"Jul 17, 2026",Discretionary,Auto Parts,UPTREND,MOVING UP,,Sustained BUY with confirmed trend and momentum
FPF,UNCHANGED,UNCHANGED,SELL,SELL,"Jul 23, 2026",Financials,Closed-End Fund - Debt,DOWNTREND,MOVING UP,,No active BUY transition
FR,UNCHANGED,UNCHANGED,SELL,SELL,"Jul 30, 2026",Real Estate,REIT - Industrial,DOWNTREND,MOVING DOWN,,No active BUY transition
FRA,LEADER,🚀 LEADER,BUY,BUY,"Aug 11, 2026",Financials,Closed-End Fund - Debt,UPTREND,MOVING UP,,Sustained BUY with confirmed trend and momentum
FRBA,UNCHANGED,UNCHANGED,SELL,SELL,"Aug 10, 2026",Financials,Banks - Regional,UPTREND,MOVING DOWN,,No active BUY transition
FRD,LEADER,🚀 LEADER,BUY,BUY,"Aug 11, 2026",Materials,Steel,UPTREND,MOVING UP,,Sustained BUY with confirmed trend and momentum
FRHC,UNCHANGED,UNCHANGED,SELL,SELL,"Jul 23, 2026",Financials,Financial Conglomerates,DOWNTREND,MOVING DOWN,,No active BUY transition
FRME,UNCHANGED,UNCHANGED,SELL,SELL,"Jul 27, 2026",Financials,Banks - Regional,NEUTRAL,MOVING DOWN,,No active BUY transition
FRO,LEADER,🚀 LEADER,BUY,BUY,"Jul 24, 2026",Energy,Oil & Gas Midstream,UPTREND,MOVING UP,,Sustained BUY with confirmed trend and momentum
FROG,LEADER,🚀 LEADER,BUY,BUY,"Aug 11, 2026",Technology,Software - Application,UPTREND,MOVING UP,,Sustained BUY with confirmed trend and momentum
FRPH,UNCHANGED,UNCHANGED,SELL,SELL,"Jul 13, 2026",Real Estate,Real Estate Services,DOWNTREND,MOVING DOWN,,No active BUY transition
FRPT,LEADER,🚀 LEADER,BUY,BUY,"Jul 29, 2026",Staples,Packaged Foods,UPTREND,MOVING UP,,Sustained BUY with confirmed trend and momentum
FRSH,UNCHANGED,UNCHANGED,SELL,SELL,"Aug 13, 2026",Technology,Software - Application,UPTREND,MOVING UP,,No active BUY transition
FRST,LEADER,🚀 LEADER,BUY,BUY,"Aug 05, 2026",Financials,Banks - Regional,UPTREND,MOVING UP,,Sustained BUY with confirmed trend and momentum
FRT,UNCHANGED,UNCHANGED,SELL,SELL,"Aug 03, 2026",Real Estate,REIT - Retail,DOWNTREND,MOVING DOWN,,No active BUY transition
FSBC,UNCHANGED,UNCHANGED,,,,Financials,Banks - Regional,NEUTRAL,,,No active BUY transition
FSBW,UNCHANGED,UNCHANGED,SELL,SELL,"Jul 10, 2026",Financials,Banks - Regional,UPTREND,MOVING UP,,No active BUY transition
FSEA,UNCHANGED,UNCHANGED,SELL,SELL,"Jul 31, 2026",Financials,Banks - Regional,UPTREND,MOVING DOWN,,No active BUY transition
FSHP,UNCHANGED,UNCHANGED,,,,Financials,Shell Companies,UPTREND,,,No active BUY transition
FSK,LEADER,🚀 LEADER,BUY,BUY,"Aug 07, 2026",Financials,Asset Management,UPTREND,MOVING UP,,Sustained BUY with confirmed trend and momentum
FSLR,ACTIVE_BUY,ACTIVE BUY,BUY,BUY,"Aug 06, 2026",Technology,Solar,NEUTRAL,MOVING UP,,BUY remains active without a higher-priority setup
FSLY,LEADER,🚀 LEADER,BUY,BUY,"Jul 29, 2026",Technology,Software - Application,UPTREND,MOVING UP,,Sustained BUY with confirmed trend and momentum
FSM,LEADER,🚀 LEADER,BUY,BUY,"Aug 05, 2026",Materials,Gold,UPTREND,MOVING UP,,Sustained BUY with confirmed trend and momentum
FSS,LEADER,🚀 LEADER,BUY,BUY,"Aug 03, 2026",Industrials,Farm & Heavy Construction Machinery,UPTREND,MOVING UP,,Sustained BUY with confirmed trend and momentum
FSTR,UNCHANGED,UNCHANGED,SELL,SELL,"Jul 07, 2026",Industrials,Railroads,DOWNTREND,MOVING DOWN,,No active BUY transition
FSUN,LEADER,🚀 LEADER,BUY,BUY,"Jul 30, 2026",Financials,Banks - Regional,UPTREND,MOVING UP,,Sustained BUY with confirmed trend and momentum
FSV,REMOVED,❌ REMOVED,SELL,BUY,"Aug 14, 2026",Real Estate,Real Estate Services,DOWNTREND,MOVING UP,,Prior BUY is missing or no longer rated BUY
FTAI,UNCHANGED,UNCHANGED,SELL,SELL,"Jul 06, 2026",Industrials,Aerospace & Defense,DOWNTREND,MOVING UP,,No active BUY transition
FTDR,LEADER,🚀 LEADER,BUY,BUY,"Aug 04, 2026",Discretionary,Personal Services,UPTREND,MOVING UP,,Sustained BUY with confirmed trend and momentum
FTH,UNCHANGED,UNCHANGED,SELL,SELL,"Aug 03, 2026",Health Care,Biotechnology,UPTREND,MOVING UP,,No active BUY transition
FTHY,UNCHANGED,UNCHANGED,SELL,SELL,"Aug 05, 2026",Financials,Closed-End Fund - Debt,DOWNTREND,MOVING DOWN,,No active BUY transition
FTI,UNCHANGED,UNCHANGED,SELL,SELL,"Jul 31, 2026",Energy,Oil & Gas Equipment & Services,UPTREND,MOVING UP,,No active BUY transition
FTK,LEADER,🚀 LEADER,BUY,BUY,"Aug 06, 2026",Energy,Oil & Gas Equipment & Services,UPTREND,MOVING UP,,Sustained BUY with confirmed trend and momentum
FTNT,LEADER,🚀 LEADER,BUY,BUY,"Aug 06, 2026",Technology,Software - Infrastructure,UPTREND,MOVING UP,,Sustained BUY with confirmed trend and momentum
FTRE,UNCHANGED,UNCHANGED,,,,Health Care,Biotechnology,UPTREND,,,No active BUY transition
FTS,UNCHANGED,UNCHANGED,SELL,SELL,"Jul 09, 2026",Utilities,Utilities - Regulated Electric,DOWNTREND,MOVING DOWN,,No active BUY transition
FTV,LEADER,🚀 LEADER,BUY,BUY,"Aug 12, 2026",Technology,Scientific & Technical Instruments,UPTREND,MOVING UP,,Sustained BUY with confirmed trend and momentum
FTW,UNCHANGED,UNCHANGED,,,,Energy,Oil & Gas E&P,DOWNTREND,,,No active BUY transition
FUL,LEADER,🚀 LEADER,BUY,BUY,"Aug 07, 2026",Materials,Specialty Chemicals,UPTREND,MOVING UP,,Sustained BUY with confirmed trend and momentum
FULT,UNCHANGED,UNCHANGED,SELL,SELL,"Jul 10, 2026",Financials,Banks - Regional,UPTREND,MOVING DOWN,,No active BUY transition
FUN,UNCHANGED,UNCHANGED,SELL,,"Jun 29, 2026",Discretionary,Leisure,DOWNTREND,MOVING DOWN,,No active BUY transition
FUNC,UNCHANGED,UNCHANGED,SELL,SELL,"Jul 22, 2026",Financials,Banks - Regional,UPTREND,MOVING DOWN,,No active BUY transition
FUND,LEADER,🚀 LEADER,BUY,BUY,"Jul 20, 2026",Financials,Closed-End Fund - Equity,UPTREND,MOVING UP,,Sustained BUY with confirmed trend and momentum
FUSB,UNCHANGED,UNCHANGED,SELL,SELL,"Jul 16, 2026",Financials,Banks - Regional,NEUTRAL,MOVING DOWN,,No active BUY transition
FUTU,UNCHANGED,UNCHANGED,SELL,SELL,"Aug 13, 2026",Financials,Capital Markets,NEUTRAL,MOVING DOWN,,No active BUY transition
FVCB,UNCHANGED,UNCHANGED,SELL,SELL,"Aug 13, 2026",Financials,Banks - Regional,UPTREND,MOVING DOWN,,No active BUY transition
FVR,UNCHANGED,UNCHANGED,,,,Real Estate,REIT - Diversified,DOWNTREND,,,No active BUY transition
FWONA,LEADER,🚀 LEADER,BUY,BUY,"Aug 13, 2026",Communication,Entertainment,UPTREND,MOVING UP,,Sustained BUY with confirmed trend and momentum
FWONK,LEADER,🚀 LEADER,BUY,BUY,"Aug 11, 2026",Communication,Entertainment,UPTREND,MOVING UP,,Sustained BUY with confirmed trend and momentum
FWRD,LEADER,🚀 LEADER,BUY,BUY,"Aug 10, 2026",Industrials,Integrated Freight & Logistics,UPTREND,MOVING UP,,Sustained BUY with confirmed trend and momentum
FWRG,UNCHANGED,UNCHANGED,,,,Discretionary,Restaurants,UPTREND,,,No active BUY transition
G,LEADER,🚀 LEADER,BUY,BUY,"Jul 17, 2026",Technology,Information Technology Services,UPTREND,MOVING UP,,Sustained BUY with confirmed trend and momentum
GABC,UNCHANGED,UNCHANGED,SELL,SELL,"Aug 13, 2026",Financials,Banks - Regional,UPTREND,MOVING UP,,No active BUY transition
GAIN,UNCHANGED,UNCHANGED,SELL,SELL,"Jul 30, 2026",Financials,Asset Management,UPTREND,MOVING DOWN,,No active BUY transition
GAM,LEADER,🚀 LEADER,BUY,BUY,"Aug 04, 2026",Financials,Closed-End Fund - Equity,UPTREND,MOVING UP,,Sustained BUY with confirmed trend and momentum
GAP,ACTIVE_BUY,ACTIVE BUY,BUY,BUY,"Aug 03, 2026",Discretionary,Apparel Retail,NEUTRAL,MOVING UP,,BUY remains active without a higher-priority setup
GATX,UNCHANGED,UNCHANGED,SELL,SELL,"Aug 07, 2026",Industrials,Rental & Leasing Services,NEUTRAL,MOVING UP,,No active BUY transition
GBAB,LEADER,🚀 LEADER,BUY,BUY,"Aug 13, 2026",Financials,Closed-End Fund - Debt,UPTREND,MOVING UP,,Sustained BUY with confirmed trend and momentum
GBCI,UNCHANGED,UNCHANGED,SELL,SELL,"Jul 24, 2026",Financials,Banks - Regional,DOWNTREND,MOVING DOWN,,No active BUY transition
GBDC,LEADER,🚀 LEADER,BUY,BUY,"Aug 10, 2026",Financials,Asset Management,UPTREND,MOVING UP,,Sustained BUY with confirmed trend and momentum
GBFH,UNCHANGED,UNCHANGED,SELL,SELL,"Jul 13, 2026",Financials,Banks - Regional,DOWNTREND,MOVING UP,,No active BUY transition
GBLI,LEADER,🚀 LEADER,BUY,BUY,"Jul 14, 2026",Financials,Insurance - Property & Casualty,UPTREND,MOVING UP,,Sustained BUY with confirmed trend and momentum
GBX,UNCHANGED,UNCHANGED,SELL,SELL,"Aug 07, 2026",Industrials,Railroads,DOWNTREND,MOVING DOWN,,No active BUY transition
GCBC,UNCHANGED,UNCHANGED,SELL,SELL,"Jul 13, 2026",Financials,Banks - Regional,UPTREND,MOVING DOWN,,No active BUY transition
GCMG,REMOVED,❌ REMOVED,SELL,BUY,"Aug 14, 2026",Financials,Asset Management,UPTREND,MOVING DOWN,,Prior BUY is missing or no longer rated BUY
GCO,UNCHANGED,UNCHANGED,SELL,SELL,"Aug 12, 2026",Discretionary,Apparel Retail,DOWNTREND,MOVING DOWN,,No active BUY transition
GCT,UNCHANGED,UNCHANGED,,,,Technology,Software - Infrastructure,UPTREND,,,No active BUY transition
GD,LEADER,🚀 LEADER,BUY,BUY,"Jul 01, 2026",Industrials,Aerospace & Defense,UPTREND,MOVING UP,,Sustained BUY with confirmed trend and momentum
GDDY,UNCHANGED,UNCHANGED,SELL,SELL,"Aug 03, 2026",Technology,Software - Infrastructure,UPTREND,MOVING UP,,No active BUY transition
GDOT,LEADER,🚀 LEADER,BUY,BUY,"Aug 13, 2026",Financials,Credit Services,UPTREND,MOVING UP,,Sustained BUY with confirmed trend and momentum
GDS,LEADER,🚀 LEADER,BUY,BUY,"Aug 12, 2026",Technology,Information Technology Services,UPTREND,MOVING UP,,Sustained BUY with confirmed trend and momentum
GDV,LEADER,🚀 LEADER,BUY,BUY,"Aug 05, 2026",Financials,Closed-End Fund - Equity,UPTREND,MOVING UP,,Sustained BUY with confirmed trend and momentum
GE,DETERIORATING,⚠️ DETERIORATING,BUY,BUY,"Aug 05, 2026",Industrials,Aerospace & Defense,UPTREND,MOVING DOWN,,Existing BUY momentum is weakening
GEF,DETERIORATING,⚠️ DETERIORATING,BUY,BUY,"Jul 27, 2026",Discretionary,Packaging & Containers,UPTREND,MOVING DOWN,,Existing BUY momentum is weakening
GEF/B,LEADER,🚀 LEADER,BUY,BUY,"Jul 28, 2026",Discretionary,Packaging & Containers,UPTREND,MOVING UP,,Sustained BUY with confirmed trend and momentum
GEHC,UNCHANGED,UNCHANGED,,,,Health Care,Medical Devices,UPTREND,,,No active BUY transition
GEL,LEADER,🚀 LEADER,BUY,BUY,"Jul 23, 2026",Energy,Oil & Gas Midstream,UPTREND,MOVING UP,,Sustained BUY with confirmed trend and momentum
GEN,LEADER,🚀 LEADER,BUY,BUY,"Aug 10, 2026",Technology,Software - Infrastructure,UPTREND,MOVING UP,,Sustained BUY with confirmed trend and momentum
GENC,UNCHANGED,UNCHANGED,,,,Industrials,Farm & Heavy Construction Machinery,UPTREND,,,No active BUY transition
GEO,UNCHANGED,UNCHANGED,SELL,SELL,"Jun 30, 2026",Industrials,Security & Protection Services,UPTREND,MOVING DOWN,,No active BUY transition
GEV,UNCHANGED,UNCHANGED,,,,Industrials,Specialty Industrial Machinery,NEUTRAL,,,No active BUY transition
GF,LEADER,🚀 LEADER,BUY,BUY,"Aug 10, 2026",Financials,Closed-End Fund - Foreign,UPTREND,MOVING UP,,Sustained BUY with confirmed trend and momentum
GFF,LEADER,🚀 LEADER,BUY,BUY,"Aug 06, 2026",Industrials,Building Products & Equipment,UPTREND,MOVING UP,,Sustained BUY with confirmed trend and momentum
GFI,LEADER,🚀 LEADER,BUY,BUY,"Aug 06, 2026",Materials,Gold,UPTREND,MOVING UP,,Sustained BUY with confirmed trend and momentum
GFL,UNCHANGED,UNCHANGED,SELL,SELL,"Aug 12, 2026",Industrials,Waste Management,UPTREND,MOVING DOWN,,No active BUY transition
GFS,UNCHANGED,UNCHANGED,SELL,,"Jun 29, 2026",Technology,Semiconductors,DOWNTREND,MOVING UP,,No active BUY transition
GGAL,UNCHANGED,UNCHANGED,SELL,SELL,"Jul 20, 2026",Financials,Banks - Regional,DOWNTREND,MOVING DOWN,,No active BUY transition
GGG,LEADER,🚀 LEADER,BUY,BUY,"Jul 24, 2026",Industrials,Specialty Industrial Machinery,UPTREND,MOVING UP,,Sustained BUY with confirmed trend and momentum
GGZ,LEADER,🚀 LEADER,BUY,BUY,"Aug 05, 2026",Financials,Closed-End Fund - Equity,UPTREND,MOVING UP,,Sustained BUY with confirmed trend and momentum
GH,LEADER,🚀 LEADER,BUY,BUY,"Aug 04, 2026",Health Care,Diagnostics & Research,UPTREND,MOVING UP,,Sustained BUY with confirmed trend and momentum
GHC,UNCHANGED,UNCHANGED,SELL,SELL,"Aug 12, 2026",Industrials,Conglomerates,UPTREND,MOVING DOWN,,No active BUY transition
GHM,LEADER,🚀 LEADER,BUY,BUY,"Aug 11, 2026",Industrials,Specialty Industrial Machinery,UPTREND,MOVING UP,,Sustained BUY with confirmed trend and momentum
GHY,UNCHANGED,UNCHANGED,SELL,SELL,"Jul 14, 2026",Financials,Closed-End Fund - Debt,DOWNTREND,MOVING UP,,No active BUY transition
GIB,LEADER,🚀 LEADER,BUY,BUY,"Jul 28, 2026",Technology,Information Technology Services,UPTREND,MOVING UP,,Sustained BUY with confirmed trend and momentum
GIC,LEADER,🚀 LEADER,BUY,BUY,"Jul 24, 2026",Industrials,Industrial Distribution,UPTREND,MOVING UP,,Sustained BUY with confirmed trend and momentum
GIII,UNCHANGED,UNCHANGED,SELL,SELL,"Aug 10, 2026",Discretionary,Apparel Manufacturing,DOWNTREND,MOVING DOWN,,No active BUY transition
GIL,LEADER,🚀 LEADER,BUY,BUY,"Aug 04, 2026",Discretionary,Apparel Manufacturing,UPTREND,MOVING UP,,Sustained BUY with confirmed trend and momentum
GILD,LEADER,🚀 LEADER,BUY,BUY,"Aug 13, 2026",Health Care,Drug Manufacturers - General,UPTREND,MOVING UP,,Sustained BUY with confirmed trend and momentum
GIS,LEADER,🚀 LEADER,BUY,BUY,"Aug 12, 2026",Staples,Packaged Foods,UPTREND,MOVING UP,,Sustained BUY with confirmed trend and momentum
GKOS,LEADER,🚀 LEADER,BUY,BUY,"Aug 05, 2026",Health Care,Medical Devices,UPTREND,MOVING UP,,Sustained BUY with confirmed trend and momentum
GL,UNCHANGED,UNCHANGED,SELL,SELL,"Jul 10, 2026",Financials,Insurance - Life,UPTREND,MOVING DOWN,,No active BUY transition
GLAD,LEADER,🚀 LEADER,BUY,BUY,"Aug 11, 2026",Financials,Asset Management,UPTREND,MOVING UP,,Sustained BUY with confirmed trend and momentum
GLBE,UNCHANGED,UNCHANGED,SELL,SELL,"Aug 12, 2026",Discretionary,Internet Retail,UPTREND,MOVING DOWN,,No active BUY transition
GLIBK,UNCHANGED,UNCHANGED,,,,Communication,Telecom Services,UPTREND,,,No active BUY transition
GLNG,LEADER,🚀 LEADER,BUY,BUY,"Aug 10, 2026",Energy,Oil & Gas Midstream,UPTREND,MOVING UP,,Sustained BUY with confirmed trend and momentum
GLOB,LEADER,🚀 LEADER,BUY,BUY,"Jul 29, 2026",Technology,Information Technology Services,UPTREND,MOVING UP,,Sustained BUY with confirmed trend and momentum
GLP,LEADER,🚀 LEADER,BUY,BUY,"Jul 08, 2026",Energy,Oil & Gas Midstream,UPTREND,MOVING UP,,Sustained BUY with confirmed trend and momentum
GLPI,UNCHANGED,UNCHANGED,SELL,SELL,"Aug 06, 2026",Real Estate,REIT - Specialty,DOWNTREND,MOVING DOWN,,No active BUY transition
GLSI,UNCHANGED,UNCHANGED,,,,Health Care,Biotechnology,DOWNTREND,,,No active BUY transition
GLU,UNCHANGED,UNCHANGED,,,,Financials,Closed-End Fund - Equity,UPTREND,,,No active BUY transition
GLUE,UNCHANGED,UNCHANGED,SELL,SELL,"Jul 28, 2026",Health Care,Biotechnology,DOWNTREND,MOVING UP,,No active BUY transition
GLW,UNCHANGED,UNCHANGED,SELL,SELL,"Jul 09, 2026",Technology,Electronic Components,DOWNTREND,MOVING UP,,No active BUY transition
GLXY,UNCHANGED,UNCHANGED,,,,Financials,Capital Markets,DOWNTREND,,,No active BUY transition
GM,DETERIORATING,⚠️ DETERIORATING,BUY,BUY,"Jul 23, 2026",Discretionary,Auto Manufacturers,UPTREND,MOVING DOWN,,Existing BUY momentum is weakening
GMAB,LEADER,🚀 LEADER,BUY,BUY,"Aug 13, 2026",Health Care,Biotechnology,UPTREND,MOVING UP,,Sustained BUY with confirmed trend and momentum
GME,UNCHANGED,UNCHANGED,SELL,SELL,"Jul 21, 2026",Discretionary,Specialty Retail,DOWNTREND,MOVING DOWN,,No active BUY transition
GMED,LEADER,🚀 LEADER,BUY,BUY,"Jul 31, 2026",Health Care,Medical Devices,UPTREND,MOVING UP,,Sustained BUY with confirmed trend and momentum
GNE,LEADER,🚀 LEADER,BUY,BUY,"Aug 10, 2026",Utilities,Utilities - Regulated Electric,UPTREND,MOVING UP,,Sustained BUY with confirmed trend and momentum
GNK,UNCHANGED,UNCHANGED,SELL,SELL,"Aug 07, 2026",Industrials,Marine Shipping,UPTREND,MOVING UP,,No active BUY transition
GNRC,UNCHANGED,UNCHANGED,SELL,SELL,"Jul 06, 2026",Industrials,Specialty Industrial Machinery,DOWNTREND,MOVING UP,,No active BUY transition
GNTX,UNCHANGED,UNCHANGED,SELL,,"Jun 29, 2026",Discretionary,Auto Parts,DOWNTREND,MOVING DOWN,,No active BUY transition
GNW,UNCHANGED,UNCHANGED,,SELL,"Aug 04, 2026",Financials,Insurance - Life,,,,Previously inactive symbol is absent
GO,LEADER,🚀 LEADER,BUY,BUY,"Aug 06, 2026",Staples,Grocery Stores,UPTREND,MOVING UP,,Sustained BUY with confirmed trend and momentum
GOF,NEW_BUY,NEW BUY,BUY,,"Aug 14, 2026",Financials,Closed-End Fund - Debt,NEUTRAL,MOVING UP,,BUY triggered since the previous file
GOLF,UNCHANGED,UNCHANGED,SELL,SELL,"Jul 07, 2026",Discretionary,Leisure,DOWNTREND,MOVING DOWN,,No active BUY transition
GOOD,EMERGING,🔥 EMERGING,BUY,SELL,"Aug 14, 2026",Real Estate,REIT - Diversified,UPTREND,MOVING UP,,New BUY with rising trend and accelerating momentum
GOOG,REMOVED,❌ REMOVED,SELL,BUY,"Aug 14, 2026",Communication,Internet Content & Information,DOWNTREND,MOVING DOWN,,Prior BUY is missing or no longer rated BUY
GOOGL,REMOVED,❌ REMOVED,SELL,BUY,"Aug 14, 2026",Communication,Internet Content & Information,DOWNTREND,MOVING UP,,Prior BUY is missing or no longer rated BUY
GPAT,UNCHANGED,UNCHANGED,,,,Financials,Shell Companies,UPTREND,,,No active BUY transition
GPC,LEADER,🚀 LEADER,BUY,BUY,"Jul 28, 2026",Discretionary,Auto Parts,UPTREND,MOVING UP,,Sustained BUY with confirmed trend and momentum
GPCR,UNCHANGED,UNCHANGED,,,,Health Care,Biotechnology,UPTREND,,,No active BUY transition
GPGI,UNCHANGED,UNCHANGED,SELL,SELL,"Aug 13, 2026",Industrials,Metal Fabrication,DOWNTREND,MOVING DOWN,,No active BUY transition
GPI,UNCHANGED,UNCHANGED,SELL,SELL,"Aug 03, 2026",Discretionary,Auto & Truck Dealerships,DOWNTREND,MOVING DOWN,,No active BUY transition
GPK,LEADER,🚀 LEADER,BUY,BUY,"Jul 17, 2026",Discretionary,Packaging & Containers,UPTREND,MOVING UP,,Sustained BUY with confirmed trend and momentum
GPN,UNCHANGED,UNCHANGED,SELL,SELL,"Aug 13, 2026",Technology,Software - Infrastructure,UPTREND,MOVING DOWN,,No active BUY transition
GPOR,LEADER,🚀 LEADER,BUY,BUY,"Aug 11, 2026",Energy,Oil & Gas E&P,UPTREND,MOVING UP,,Sustained BUY with confirmed trend and momentum
GPRE,UNCHANGED,UNCHANGED,SELL,SELL,"Jul 29, 2026",Materials,Chemicals,DOWNTREND,MOVING DOWN,,No active BUY transition
GRAL,UNCHANGED,UNCHANGED,,,,Health Care,Diagnostics & Research,UPTREND,,,No active BUY transition
GRBK,UNCHANGED,UNCHANGED,SELL,SELL,"Jul 07, 2026",Discretionary,Residential Construction,DOWNTREND,MOVING UP,,No active BUY transition
GRC,REMOVED,❌ REMOVED,SELL,BUY,"Aug 14, 2026",Industrials,Specialty Industrial Machinery,NEUTRAL,MOVING DOWN,,Prior BUY is missing or no longer rated BUY
GRDN,UNCHANGED,UNCHANGED,,,,Health Care,Medical Care Facilities,DOWNTREND,,,No active BUY transition
GRF,UNCHANGED,UNCHANGED,,,,Financials,Closed-End Fund - Equity,UPTREND,,,No active BUY transition
GRMN,LEADER,🚀 LEADER,BUY,BUY,"Jul 30, 2026",Technology,Scientific & Technical Instruments,UPTREND,MOVING UP,,Sustained BUY with confirmed trend and momentum
GRND,UNCHANGED,UNCHANGED,SELL,SELL,"Aug 11, 2026",Technology,Software - Application,UPTREND,MOVING DOWN,,No active BUY transition
GRPN,UNCHANGED,UNCHANGED,SELL,SELL,"Jul 23, 2026",Communication,Internet Content & Information,DOWNTREND,MOVING DOWN,,No active BUY transition
GS,UNCHANGED,UNCHANGED,SELL,SELL,"Jul 28, 2026",Financials,Capital Markets,NEUTRAL,MOVING DOWN,,No active BUY transition
GSAT,LEADER,🚀 LEADER,BUY,BUY,"Aug 03, 2026",Communication,Telecom Services,UPTREND,MOVING UP,,Sustained BUY with confirmed trend and momentum
GSBC,UNCHANGED,UNCHANGED,SELL,SELL,"Aug 12, 2026",Financials,Banks - Regional,UPTREND,MOVING DOWN,,No active BUY transition
GSHD,UNCHANGED,UNCHANGED,SELL,SELL,"Aug 13, 2026",Financials,Insurance Brokers,UPTREND,MOVING DOWN,,No active BUY transition
GSHR,UNCHANGED,UNCHANGED,,,,Financials,Shell Companies,UPTREND,,,No active BUY transition
GSK,UNCHANGED,UNCHANGED,SELL,SELL,"Aug 12, 2026",Health Care,Drug Manufacturers - General,DOWNTREND,MOVING DOWN,,No active BUY transition
GSRF,UNCHANGED,UNCHANGED,,,,Financials,Shell Companies,UPTREND,,,No active BUY transition
GTEN,UNCHANGED,UNCHANGED,,,,Financials,Shell Companies,UPTREND,,,No active BUY transition
GTES,REMOVED,❌ REMOVED,SELL,BUY,"Aug 14, 2026",Industrials,Specialty Industrial Machinery,UPTREND,MOVING DOWN,,Prior BUY is missing or no longer rated BUY
GTLB,LEADER,🚀 LEADER,BUY,BUY,"Jul 29, 2026",Technology,Software - Infrastructure,UPTREND,MOVING UP,,Sustained BUY with confirmed trend and momentum
GTY,UNCHANGED,UNCHANGED,SELL,SELL,"Jul 30, 2026",Real Estate,REIT - Retail,DOWNTREND,MOVING DOWN,,No active BUY transition
GUG,UNCHANGED,UNCHANGED,SELL,SELL,"Jul 23, 2026",Financials,Asset Management,DOWNTREND,MOVING DOWN,,No active BUY transition
GVA,UNCHANGED,UNCHANGED,SELL,SELL,"Jul 09, 2026",Industrials,Engineering & Construction,DOWNTREND,MOVING UP,,No active BUY transition
GWRE,LEADER,🚀 LEADER,BUY,BUY,"Jul 29, 2026",Technology,Software - Application,UPTREND,MOVING UP,,Sustained BUY with confirmed trend and momentum
GWW,UNCHANGED,UNCHANGED,SELL,SELL,"Jul 01, 2026",Industrials,Industrial Distribution,NEUTRAL,MOVING DOWN,,No active BUY transition
GXO,UNCHANGED,UNCHANGED,SELL,SELL,"Jul 30, 2026",Industrials,Integrated Freight & Logistics,DOWNTREND,MOVING UP,,No active BUY transition
HAE,LEADER,🚀 LEADER,BUY,BUY,"Jul 30, 2026",Health Care,Medical Devices,UPTREND,MOVING UP,,Sustained BUY with confirmed trend and momentum
HAFC,UNCHANGED,UNCHANGED,SELL,SELL,"Jul 09, 2026",Financials,Banks - Regional,UPTREND,MOVING DOWN,,No active BUY transition
HALO,LEADER,🚀 LEADER,BUY,BUY,"Jul 29, 2026",Health Care,Biotechnology,UPTREND,MOVING UP,,Sustained BUY with confirmed trend and momentum
HAPN,LEADER,🚀 LEADER,BUY,BUY,"Aug 03, 2026",Financials,Banks - Regional,UPTREND,MOVING UP,,Sustained BUY with confirmed trend and momentum
HAS,LEADER,🚀 LEADER,BUY,BUY,"Jul 22, 2026",Discretionary,Leisure,UPTREND,MOVING UP,,Sustained BUY with confirmed trend and momentum
HASI,LEADER,🚀 LEADER,BUY,BUY,"Aug 11, 2026",Financials,Asset Management,UPTREND,MOVING UP,,Sustained BUY with confirmed trend and momentum
HAYW,UNCHANGED,UNCHANGED,SELL,SELL,"Aug 11, 2026",Industrials,Electrical Equipment & Parts,UPTREND,MOVING DOWN,,No active BUY transition
HBAN,EMERGING,🔥 EMERGING,BUY,SELL,"Aug 14, 2026",Financials,Banks - Regional,UPTREND,MOVING UP,,New BUY with rising trend and accelerating momentum
HBB,LEADER,🚀 LEADER,BUY,BUY,"Aug 04, 2026",Discretionary,Furnishings Fixtures & Appliances,UPTREND,MOVING UP,,Sustained BUY with confirmed trend and momentum
HBCP,UNCHANGED,UNCHANGED,SELL,SELL,"Aug 13, 2026",Financials,Banks - Regional,UPTREND,MOVING DOWN,,No active BUY transition
HBM,LEADER,🚀 LEADER,BUY,BUY,"Aug 05, 2026",Materials,Copper,UPTREND,MOVING UP,,Sustained BUY with confirmed trend and momentum
HBNC,UNCHANGED,UNCHANGED,SELL,SELL,"Jul 07, 2026",Financials,Banks - Regional,UPTREND,MOVING DOWN,,No active BUY transition
HBT,UNCHANGED,UNCHANGED,SELL,SELL,"Aug 10, 2026",Financials,Banks - Regional,UPTREND,MOVING DOWN,,No active BUY transition
HCA,LEADER,🚀 LEADER,BUY,BUY,"Jul 30, 2026",Health Care,Medical Care Facilities,UPTREND,MOVING UP,,Sustained BUY with confirmed trend and momentum
HCC,LEADER,🚀 LEADER,BUY,BUY,"Aug 07, 2026",Materials,Coking Coal,UPTREND,MOVING UP,,Sustained BUY with confirmed trend and momentum
HCI,LEADER,🚀 LEADER,BUY,BUY,"Aug 12, 2026",Financials,Insurance - Property & Casualty,UPTREND,MOVING UP,,Sustained BUY with confirmed trend and momentum
HCKT,LEADER,🚀 LEADER,BUY,BUY,"Jul 31, 2026",Technology,Information Technology Services,UPTREND,MOVING UP,,Sustained BUY with confirmed trend and momentum
HCM,LEADER,🚀 LEADER,BUY,BUY,"Aug 06, 2026",Health Care,Drug Manufacturers - Specialty & Generic,UPTREND,MOVING UP,,Sustained BUY with confirmed trend and momentum
HCMA,UNCHANGED,UNCHANGED,,,,Financials,Shell Companies,UPTREND,,,No active BUY transition
HCSG,UNCHANGED,UNCHANGED,SELL,SELL,"Jul 14, 2026",Health Care,Medical Care Facilities,DOWNTREND,MOVING DOWN,,No active BUY transition
HD,LEADER,🚀 LEADER,BUY,BUY,"Aug 05, 2026",Discretionary,Home Improvement Retail,UPTREND,MOVING UP,,Sustained BUY with confirmed trend and momentum
HDB,UNCHANGED,UNCHANGED,SELL,SELL,"Jul 16, 2026",Financials,Banks - Regional,DOWNTREND,MOVING DOWN,,No active BUY transition
HE,UNCHANGED,UNCHANGED,SELL,SELL,"Jul 28, 2026",Utilities,Utilities - Regulated Electric,DOWNTREND,MOVING DOWN,,No active BUY transition
HEI,LEADER,🚀 LEADER,BUY,BUY,"Aug 03, 2026",Industrials,Aerospace & Defense,UPTREND,MOVING UP,,Sustained BUY with confirmed trend and momentum
HEI/A,LEADER,🚀 LEADER,BUY,BUY,"Jul 28, 2026",Industrials,Aerospace & Defense,UPTREND,MOVING UP,,Sustained BUY with confirmed trend and momentum
HELE,LEADER,🚀 LEADER,BUY,BUY,"Jul 27, 2026",Staples,Household & Personal Products,UPTREND,MOVING UP,,Sustained BUY with confirmed trend and momentum
HEQ,LEADER,🚀 LEADER,BUY,BUY,"Aug 06, 2026",Financials,Closed-End Fund - Equity,UPTREND,MOVING UP,,Sustained BUY with confirmed trend and momentum
HERZ,UNCHANGED,UNCHANGED,,,,Financials,Asset Management,NEUTRAL,,,No active BUY transition
HESM,UNCHANGED,UNCHANGED,SELL,SELL,"Jul 28, 2026",Energy,Oil & Gas Midstream,UPTREND,MOVING DOWN,,No active BUY transition
HFBL,LEADER,🚀 LEADER,BUY,BUY,"Jul 31, 2026",Financials,Banks - Regional,UPTREND,MOVING UP,,Sustained BUY with confirmed trend and momentum
HFWA,UNCHANGED,UNCHANGED,SELL,SELL,"Jul 28, 2026",Financials,Banks - Regional,UPTREND,MOVING DOWN,,No active BUY transition
HGTY,DETERIORATING,⚠️ DETERIORATING,BUY,BUY,"Aug 06, 2026",Financials,Insurance - Property & Casualty,UPTREND,MOVING DOWN,,Existing BUY momentum is weakening
HGV,UNCHANGED,UNCHANGED,SELL,SELL,"Jul 02, 2026",Discretionary,Resorts & Casinos,DOWNTREND,MOVING DOWN,,No active BUY transition
HHH,UNCHANGED,UNCHANGED,SELL,SELL,"Jul 16, 2026",Real Estate,Real Estate - Diversified,NEUTRAL,MOVING UP,,No active BUY transition
HIFS,LEADER,🚀 LEADER,BUY,BUY,"Aug 06, 2026",Financials,Banks - Regional,UPTREND,MOVING UP,,Sustained BUY with confirmed trend and momentum
HIG,UNCHANGED,UNCHANGED,SELL,SELL,"Aug 04, 2026",Financials,Insurance - Diversified,NEUTRAL,MOVING DOWN,,No active BUY transition
HII,LEADER,🚀 LEADER,BUY,BUY,"Jul 29, 2026",Industrials,Aerospace & Defense,UPTREND,MOVING UP,,Sustained BUY with confirmed trend and momentum
HIMS,UNCHANGED,UNCHANGED,SELL,SELL,"Jul 17, 2026",Health Care,Drug Manufacturers - Specialty & Generic,DOWNTREND,MOVING DOWN,,No active BUY transition
HIPO,UNCHANGED,UNCHANGED,,,,Financials,Insurance - Property & Casualty,UPTREND,,,No active BUY transition
HIW,UNCHANGED,UNCHANGED,SELL,SELL,"Jul 24, 2026",Real Estate,REIT - Office,NEUTRAL,MOVING DOWN,,No active BUY transition
HL,LEADER,🚀 LEADER,BUY,BUY,"Aug 07, 2026",Materials,Other Precious Metals & Mining,UPTREND,MOVING UP,,Sustained BUY with confirmed trend and momentum
HLF,UNCHANGED,UNCHANGED,SELL,SELL,"Aug 07, 2026",Staples,Packaged Foods,DOWNTREND,MOVING DOWN,,No active BUY transition
HLIO,LEADER,🚀 LEADER,BUY,BUY,"Aug 10, 2026",Industrials,Specialty Industrial Machinery,UPTREND,MOVING UP,,Sustained BUY with confirmed trend and momentum
HLNE,LEADER,🚀 LEADER,BUY,BUY,"Jul 28, 2026",Financials,Asset Management,UPTREND,MOVING UP,,Sustained BUY with confirmed trend and momentum
HLX,LEADER,🚀 LEADER,BUY,BUY,"Aug 05, 2026",Energy,Oil & Gas Equipment & Services,UPTREND,MOVING UP,,Sustained BUY with confirmed trend and momentum
HMC,LEADER,🚀 LEADER,BUY,BUY,"Jun 30, 2026",Discretionary,Auto Manufacturers,UPTREND,MOVING UP,,Sustained BUY with confirmed trend and momentum
HMN,UNCHANGED,UNCHANGED,SELL,SELL,"Jul 16, 2026",Financials,Insurance - Property & Casualty,UPTREND,MOVING DOWN,,No active BUY transition
HMY,LEADER,🚀 LEADER,BUY,BUY,"Jul 29, 2026",Materials,Gold,UPTREND,MOVING UP,,Sustained BUY with confirmed trend and momentum
HNGE,UNCHANGED,UNCHANGED,,,,Health Care,Health Information Services,UPTREND,,,No active BUY transition
HNI,LEADER,🚀 LEADER,BUY,BUY,"Jul 28, 2026",Discretionary,Furnishings Fixtures & Appliances,UPTREND,MOVING UP,,Sustained BUY with confirmed trend and momentum
HNRG,UNCHANGED,UNCHANGED,SELL,SELL,"Jun 30, 2026",Utilities,Utilities - Independent Power Producers,DOWNTREND,MOVING UP,,No active BUY transition
HNVR,DETERIORATING,⚠️ DETERIORATING,BUY,BUY,"Jul 15, 2026",Financials,Banks - Regional,UPTREND,MOVING DOWN,,Existing BUY momentum is weakening
HOFT,REMOVED,❌ REMOVED,SELL,BUY,"Aug 14, 2026",Discretionary,Furnishings Fixtures & Appliances,UPTREND,MOVING DOWN,,Prior BUY is missing or no longer rated BUY
HOG,EMERGING,🔥 EMERGING,BUY,SELL,"Aug 14, 2026",Discretionary,Recreational Vehicles,UPTREND,MOVING UP,,New BUY with rising trend and accelerating momentum
HOMB,UNCHANGED,UNCHANGED,SELL,SELL,"Aug 07, 2026",Financials,Banks - Regional,UPTREND,MOVING DOWN,,No active BUY transition
HON,UNCHANGED,UNCHANGED,SELL,SELL,"Aug 13, 2026",Industrials,Conglomerates,UPTREND,MOVING DOWN,,No active BUY transition
HOOD,UNCHANGED,UNCHANGED,SELL,SELL,"Jul 17, 2026",Financials,Capital Markets,NEUTRAL,MOVING UP,,No active BUY transition
HOPE,UNCHANGED,UNCHANGED,SELL,SELL,"Aug 12, 2026",Financials,Banks - Regional,UPTREND,MOVING UP,,No active BUY transition
HOV,DETERIORATING,⚠️ DETERIORATING,BUY,BUY,"Aug 11, 2026",Discretionary,Residential Construction,UPTREND,MOVING DOWN,,Existing BUY momentum is weakening
HP,LEADER,🚀 LEADER,BUY,BUY,"Aug 07, 2026",Energy,Oil & Gas Drilling,UPTREND,MOVING UP,,Sustained BUY with confirmed trend and momentum
HPE,LEADER,🚀 LEADER,BUY,BUY,"Aug 03, 2026",Technology,Communication Equipment,UPTREND,MOVING UP,,Sustained BUY with confirmed trend and momentum
HPF,LEADER,🚀 LEADER,BUY,BUY,"Aug 10, 2026",Financials,Closed-End Fund - Debt,UPTREND,MOVING UP,,Sustained BUY with confirmed trend and momentum
HPI,LEADER,🚀 LEADER,BUY,BUY,"Aug 12, 2026",Financials,Closed-End Fund - Debt,UPTREND,MOVING UP,,Sustained BUY with confirmed trend and momentum
HPP,UNCHANGED,UNCHANGED,SELL,SELL,"Jul 10, 2026",Real Estate,REIT - Office,NEUTRAL,MOVING UP,,No active BUY transition
HPQ,LEADER,🚀 LEADER,BUY,BUY,"Jul 28, 2026",Technology,Computer Hardware,UPTREND,MOVING UP,,Sustained BUY with confirmed trend and momentum
HPS,UNCHANGED,UNCHANGED,SELL,SELL,"Jul 16, 2026",Financials,Closed-End Fund - Debt,DOWNTREND,MOVING UP,,No active BUY transition
HQH,LEADER,🚀 LEADER,BUY,BUY,"Jul 27, 2026",Financials,Closed-End Fund - Equity,UPTREND,MOVING UP,,Sustained BUY with confirmed trend and momentum
HQI,LEADER,🚀 LEADER,BUY,BUY,"Aug 12, 2026",Industrials,Staffing & Employment Services,UPTREND,MOVING UP,,Sustained BUY with confirmed trend and momentum
HQL,LEADER,🚀 LEADER,BUY,BUY,"Aug 12, 2026",Financials,Closed-End Fund - Equity,UPTREND,MOVING UP,,Sustained BUY with confirmed trend and momentum
HQY,DETERIORATING,⚠️ DETERIORATING,BUY,BUY,"Aug 04, 2026",Health Care,Health Information Services,UPTREND,MOVING DOWN,,Existing BUY momentum is weakening
HR,UNCHANGED,UNCHANGED,SELL,SELL,"Aug 04, 2026",Real Estate,REIT - Healthcare Facilities,DOWNTREND,MOVING DOWN,,No active BUY transition
HRB,LEADER,🚀 LEADER,BUY,BUY,"Jul 29, 2026",Discretionary,Personal Services,UPTREND,MOVING UP,,Sustained BUY with confirmed trend and momentum
HRI,LEADER,🚀 LEADER,BUY,BUY,"Jul 15, 2026",Industrials,Rental & Leasing Services,UPTREND,MOVING UP,,Sustained BUY with confirmed trend and momentum
HRL,UNCHANGED,UNCHANGED,SELL,SELL,"Jul 07, 2026",Staples,Packaged Foods,DOWNTREND,MOVING DOWN,,No active BUY transition
HRMY,DETERIORATING,⚠️ DETERIORATING,BUY,BUY,"Jul 28, 2026",Health Care,Biotechnology,UPTREND,MOVING DOWN,,Existing BUY momentum is weakening
HROW,UNCHANGED,UNCHANGED,SELL,SELL,"Jul 27, 2026",Health Care,Drug Manufacturers - Specialty & Generic,DOWNTREND,MOVING DOWN,,No active BUY transition
HRTG,LEADER,🚀 LEADER,BUY,BUY,"Jul 31, 2026",Financials,Insurance - Property & Casualty,UPTREND,MOVING UP,,Sustained BUY with confirmed trend and momentum
HSBC,UNCHANGED,UNCHANGED,SELL,SELL,"Aug 10, 2026",Financials,Banks - Diversified,UPTREND,MOVING DOWN,,No active BUY transition
HSIC,LEADER,🚀 LEADER,BUY,BUY,"Aug 13, 2026",Health Care,Medical Distribution,UPTREND,MOVING UP,,Sustained BUY with confirmed trend and momentum
HST,UNCHANGED,UNCHANGED,SELL,SELL,"Aug 10, 2026",Real Estate,REIT - Hotel & Motel,DOWNTREND,MOVING DOWN,,No active BUY transition
HSTM,UNCHANGED,UNCHANGED,SELL,SELL,"Aug 06, 2026",Health Care,Health Information Services,UPTREND,MOVING UP,,No active BUY transition
HSY,LEADER,🚀 LEADER,BUY,BUY,"Jul 29, 2026",Staples,Confectioners,UPTREND,MOVING UP,,Sustained BUY with confirmed trend and momentum
HTB,UNCHANGED,UNCHANGED,SELL,SELL,"Aug 13, 2026",Financials,Banks - Regional,UPTREND,MOVING DOWN,,No active BUY transition
HTD,UNCHANGED,UNCHANGED,SELL,SELL,"Jul 31, 2026",Financials,Closed-End Fund - Debt,DOWNTREND,MOVING DOWN,,No active BUY transition
HTFL,UNCHANGED,UNCHANGED,,,,Health Care,Health Information Services,UPTREND,,,No active BUY transition
HTGC,LEADER,🚀 LEADER,BUY,BUY,"Jul 29, 2026",Financials,Asset Management,UPTREND,MOVING UP,,Sustained BUY with confirmed trend and momentum
HTH,LEADER,🚀 LEADER,BUY,BUY,"Jul 30, 2026",Financials,Financial Conglomerates,UPTREND,MOVING UP,,Sustained BUY with confirmed trend and momentum
HTHT,UNCHANGED,UNCHANGED,SELL,SELL,"Aug 13, 2026",Discretionary,Lodging,DOWNTREND,MOVING DOWN,,No active BUY transition
HTLD,UNCHANGED,UNCHANGED,SELL,SELL,"Jul 27, 2026",Industrials,Trucking,DOWNTREND,MOVING UP,,No active BUY transition
HTO,UNCHANGED,UNCHANGED,SELL,SELL,"Jul 31, 2026",Utilities,Utilities - Regulated Water,UPTREND,MOVING DOWN,,No active BUY transition
HUBB,LEADER,🚀 LEADER,BUY,BUY,"Aug 06, 2026",Industrials,Electrical Equipment & Parts,UPTREND,MOVING UP,,Sustained BUY with confirmed trend and momentum
HUBG,UNCHANGED,UNCHANGED,SELL,SELL,"Jul 30, 2026",Industrials,Integrated Freight & Logistics,DOWNTREND,MOVING DOWN,,No active BUY transition
HUBS,UNCHANGED,UNCHANGED,SELL,SELL,"Aug 10, 2026",Technology,Software - Application,UPTREND,MOVING DOWN,,No active BUY transition
HUN,UNCHANGED,UNCHANGED,SELL,SELL,"Aug 03, 2026",Materials,Chemicals,DOWNTREND,MOVING DOWN,,No active BUY transition
HURC,LEADER,🚀 LEADER,BUY,BUY,"Aug 10, 2026",Industrials,Specialty Industrial Machinery,UPTREND,MOVING UP,,Sustained BUY with confirmed trend and momentum
HURN,LEADER,🚀 LEADER,BUY,BUY,"Jul 14, 2026",Industrials,Consulting Services,UPTREND,MOVING UP,,Sustained BUY with confirmed trend and momentum
HVII,UNCHANGED,UNCHANGED,,,,Financials,Shell Companies,UPTREND,,,No active BUY transition
HVMC,UNCHANGED,UNCHANGED,,,,Financials,Shell Companies,UPTREND,,,No active BUY transition
HVT,DETERIORATING,⚠️ DETERIORATING,BUY,BUY,"Aug 05, 2026",Discretionary,Home Improvement Retail,UPTREND,MOVING DOWN,,Existing BUY momentum is weakening
HWBK,UNCHANGED,UNCHANGED,,,,Financials,Banks - Regional,UPTREND,,,No active BUY transition
HWC,UNCHANGED,UNCHANGED,SELL,SELL,"Jul 24, 2026",Financials,Banks - Regional,UPTREND,MOVING DOWN,,No active BUY transition
HWKN,UNCHANGED,UNCHANGED,SELL,SELL,"Jun 30, 2026",Materials,Specialty Chemicals,DOWNTREND,MOVING DOWN,,No active BUY transition
HWM,UNCHANGED,UNCHANGED,SELL,SELL,"Aug 13, 2026",Industrials,Aerospace & Defense,UPTREND,MOVING DOWN,,No active BUY transition
HXL,UNCHANGED,UNCHANGED,SELL,SELL,"Aug 03, 2026",Industrials,Aerospace & Defense,NEUTRAL,MOVING DOWN,,No active BUY transition
HY,DETERIORATING,⚠️ DETERIORATING,BUY,BUY,"Aug 04, 2026",Industrials,Farm & Heavy Construction Machinery,NEUTRAL,MOVING DOWN,,Existing BUY momentum is weakening
HYI,UNCHANGED,UNCHANGED,SELL,SELL,"Jul 15, 2026",Financials,Closed-End Fund - Debt,DOWNTREND,MOVING UP,,No active BUY transition
HYMC,LEADER,🚀 LEADER,BUY,BUY,"Aug 07, 2026",Materials,Gold,UPTREND,MOVING UP,,Sustained BUY with confirmed trend and momentum
HZO,LEADER,🚀 LEADER,BUY,BUY,"Aug 11, 2026",Discretionary,Specialty Retail,UPTREND,MOVING UP,,Sustained BUY with confirmed trend and momentum
IAF,UNCHANGED,UNCHANGED,,,,Financials,Closed-End Fund - Equity,UPTREND,,,No active BUY transition
IAG,LEADER,🚀 LEADER,BUY,BUY,"Aug 07, 2026",Materials,Gold,UPTREND,MOVING UP,,Sustained BUY with confirmed trend and momentum
IBAC,UNCHANGED,UNCHANGED,,,,Financials,Shell Companies,UPTREND,,,No active BUY transition
IBCP,UNCHANGED,UNCHANGED,,,,Financials,Banks - Regional,UPTREND,,,No active BUY transition
IBEX,UNCHANGED,UNCHANGED,SELL,SELL,"Aug 13, 2026",Technology,Information Technology Services,UPTREND,MOVING DOWN,,No active BUY transition
IBKR,UNCHANGED,UNCHANGED,SELL,SELL,"Jul 21, 2026",Financials,Capital Markets,NEUTRAL,MOVING UP,,No active BUY transition
IBM,UNCHANGED,UNCHANGED,SELL,SELL,"Jul 15, 2026",Technology,Information Technology Services,DOWNTREND,MOVING UP,,No active BUY transition
IBN,UNCHANGED,UNCHANGED,SELL,SELL,"Jul 27, 2026",Financials,Banks - Regional,UPTREND,MOVING DOWN,,No active BUY transition
IBOC,UNCHANGED,UNCHANGED,SELL,SELL,"Jul 09, 2026",Financials,Banks - Regional,DOWNTREND,MOVING DOWN,,No active BUY transition
IBP,LEADER,🚀 LEADER,BUY,BUY,"Aug 07, 2026",Discretionary,Residential Construction,UPTREND,MOVING UP,,Sustained BUY with confirmed trend and momentum
IBTA,UNCHANGED,UNCHANGED,,,,Technology,Software - Application,UPTREND,,,No active BUY transition
ICCC,UNCHANGED,UNCHANGED,SELL,SELL,"Jul 30, 2026",Health Care,Biotechnology,UPTREND,MOVING DOWN,,No active BUY transition
ICE,EMERGING,🔥 EMERGING,BUY,SELL,"Aug 14, 2026",Financials,Financial Data & Stock Exchanges,UPTREND,MOVING UP,,New BUY with rising trend and accelerating momentum
ICFI,LEADER,🚀 LEADER,BUY,BUY,"Jul 07, 2026",Industrials,Consulting Services,UPTREND,MOVING UP,,Sustained BUY with confirmed trend and momentum
ICHR,UNCHANGED,UNCHANGED,SELL,SELL,"Jul 08, 2026",Technology,Semiconductor Equipment & Materials,DOWNTREND,MOVING UP,,No active BUY transition
ICLR,UNCHANGED,UNCHANGED,SELL,SELL,"Jul 15, 2026",Health Care,Diagnostics & Research,UPTREND,MOVING DOWN,,No active BUY transition
ICUI,LEADER,🚀 LEADER,BUY,BUY,"Aug 03, 2026",Health Care,Medical Instruments & Supplies,UPTREND,MOVING UP,,Sustained BUY with confirmed trend and momentum
IDA,UNCHANGED,UNCHANGED,SELL,SELL,"Jul 20, 2026",Utilities,Utilities - Regulated Electric,DOWNTREND,MOVING DOWN,,No active BUY transition
IDCC,LEADER,🚀 LEADER,BUY,BUY,"Jul 31, 2026",Technology,Software - Application,UPTREND,MOVING UP,,Sustained BUY with confirmed trend and momentum
IDE,UNCHANGED,UNCHANGED,SELL,SELL,"Jul 08, 2026",Financials,Closed-End Fund - Equity,DOWNTREND,MOVING UP,,No active BUY transition
IDT,UNCHANGED,UNCHANGED,SELL,SELL,"Aug 07, 2026",Communication,Telecom Services,UPTREND,MOVING DOWN,,No active BUY transition
IDXX,LEADER,🚀 LEADER,BUY,BUY,"Jul 30, 2026",Health Care,Diagnostics & Research,UPTREND,MOVING UP,,Sustained BUY with confirmed trend and momentum
IDYA,REMOVED,❌ REMOVED,SELL,BUY,"Aug 14, 2026",Health Care,Biotechnology,UPTREND,MOVING DOWN,,Prior BUY is missing or no longer rated BUY
IE,UNCHANGED,UNCHANGED,,,,Materials,Copper,UPTREND,,,No active BUY transition
IESC,LEADER,🚀 LEADER,BUY,BUY,"Aug 05, 2026",Industrials,Engineering & Construction,UPTREND,MOVING UP,,Sustained BUY with confirmed trend and momentum
IEX,LEADER,🚀 LEADER,BUY,BUY,"Aug 03, 2026",Industrials,Specialty Industrial Machinery,UPTREND,MOVING UP,,Sustained BUY with confirmed trend and momentum
IFF,LEADER,🚀 LEADER,BUY,BUY,"Jul 31, 2026",Materials,Specialty Chemicals,UPTREND,MOVING UP,,Sustained BUY with confirmed trend and momentum
IFN,UNCHANGED,UNCHANGED,,,,Financials,Closed-End Fund - Equity,UPTREND,,,No active BUY transition
IFS,UNCHANGED,UNCHANGED,SELL,SELL,"Aug 11, 2026",Financials,Banks - Regional,DOWNTREND,MOVING DOWN,,No active BUY transition
IGA,UNCHANGED,UNCHANGED,,,,Financials,Closed-End Fund - Foreign,UPTREND,,,No active BUY transition
IGI,UNCHANGED,UNCHANGED,,,,Financials,Closed-End Fund - Debt,DOWNTREND,,,No active BUY transition
IGIC,UNCHANGED,UNCHANGED,SELL,SELL,"Aug 06, 2026",Financials,Insurance - Diversified,DOWNTREND,MOVING DOWN,,No active BUY transition
IHG,UNCHANGED,UNCHANGED,SELL,SELL,"Jul 02, 2026",Discretionary,Lodging,NEUTRAL,MOVING UP,,No active BUY transition
IIF,LEADER,🚀 LEADER,BUY,BUY,"Aug 05, 2026",Financials,Closed-End Fund - Foreign,UPTREND,MOVING UP,,Sustained BUY with confirmed trend and momentum
IIIN,LEADER,🚀 LEADER,BUY,BUY,"Jul 17, 2026",Industrials,Metal Fabrication,UPTREND,MOVING UP,,Sustained BUY with confirmed trend and momentum
IIIV,UNCHANGED,UNCHANGED,SELL,SELL,"Aug 10, 2026",Technology,Software - Infrastructure,DOWNTREND,MOVING DOWN,,No active BUY transition
IIM,EMERGING,🔥 EMERGING,BUY,SELL,"Aug 14, 2026",Financials,Closed-End Fund - Debt,UPTREND,MOVING UP,,New BUY with rising trend and accelerating momentum
IIPR,UNCHANGED,UNCHANGED,SELL,SELL,"Jul 14, 2026",Real Estate,REIT - Industrial,DOWNTREND,MOVING DOWN,,No active BUY transition
ILMN,UNCHANGED,UNCHANGED,SELL,SELL,"Jul 17, 2026",Health Care,Diagnostics & Research,UPTREND,MOVING DOWN,,No active BUY transition
IMAX,LEADER,🚀 LEADER,BUY,BUY,"Jul 24, 2026",Communication,Entertainment,UPTREND,MOVING UP,,Sustained BUY with confirmed trend and momentum
IMCR,LEADER,🚀 LEADER,BUY,BUY,"Aug 10, 2026",Health Care,Biotechnology,UPTREND,MOVING UP,,Sustained BUY with confirmed trend and momentum
IMKTA,UNCHANGED,UNCHANGED,SELL,SELL,"Jul 23, 2026",Staples,Grocery Stores,DOWNTREND,MOVING DOWN,,No active BUY transition
IMMX,UNCHANGED,UNCHANGED,,,,Health Care,Biotechnology,UPTREND,,,No active BUY transition
IMNM,DETERIORATING,⚠️ DETERIORATING,BUY,BUY,"Jul 29, 2026",Health Care,Biotechnology,UPTREND,MOVING DOWN,,Existing BUY momentum is weakening
IMO,LEADER,🚀 LEADER,BUY,BUY,"Jul 14, 2026",Energy,Oil & Gas Integrated,UPTREND,MOVING UP,,Sustained BUY with confirmed trend and momentum
IMOS,UNCHANGED,UNCHANGED,SELL,SELL,"Jul 22, 2026",Technology,Semiconductors,NEUTRAL,MOVING UP,,No active BUY transition
IMUX,LEADER,🚀 LEADER,BUY,BUY,"Aug 12, 2026",Health Care,Biotechnology,UPTREND,MOVING UP,,Sustained BUY with confirmed trend and momentum
IMVT,LEADER,🚀 LEADER,BUY,BUY,"Aug 13, 2026",Health Care,Biotechnology,UPTREND,MOVING UP,,Sustained BUY with confirmed trend and momentum
INAC,UNCHANGED,UNCHANGED,,,,Financials,Shell Companies,UPTREND,,,No active BUY transition
INBK,LEADER,🚀 LEADER,BUY,BUY,"Aug 04, 2026",Financials,Banks - Regional,UPTREND,MOVING UP,,Sustained BUY with confirmed trend and momentum
INBX,UNCHANGED,UNCHANGED,,,,Health Care,Biotechnology,UPTREND,,,No active BUY transition
INCY,UNCHANGED,UNCHANGED,SELL,SELL,"Aug 04, 2026",Health Care,Biotechnology,UPTREND,MOVING DOWN,,No active BUY transition
INDB,UNCHANGED,UNCHANGED,SELL,SELL,"Jul 10, 2026",Financials,Banks - Regional,UPTREND,MOVING DOWN,,No active BUY transition
INFU,UNCHANGED,UNCHANGED,,,,Health Care,Medical Devices,UPTREND,,,No active BUY transition
INFY,DETERIORATING,⚠️ DETERIORATING,BUY,BUY,"Jul 29, 2026",Technology,Information Technology Services,UPTREND,MOVING DOWN,,Existing BUY momentum is weakening
ING,LEADER,🚀 LEADER,BUY,BUY,"Aug 03, 2026",Financials,Banks - Diversified,UPTREND,MOVING UP,,Sustained BUY with confirmed trend and momentum
INGM,UNCHANGED,UNCHANGED,,,,Technology,Information Technology Services,DOWNTREND,,,No active BUY transition
INGR,LEADER,🚀 LEADER,BUY,BUY,"Aug 05, 2026",Staples,Packaged Foods,UPTREND,MOVING UP,,Sustained BUY with confirmed trend and momentum
INKT,DETERIORATING,⚠️ DETERIORATING,BUY,BUY,"Aug 12, 2026",Health Care,Biotechnology,NEUTRAL,MOVING DOWN,,Existing BUY momentum is weakening
INMD,DETERIORATING,⚠️ DETERIORATING,BUY,BUY,"Aug 05, 2026",Health Care,Medical Devices,UPTREND,MOVING DOWN,,Existing BUY momentum is weakening
INNV,UNCHANGED,UNCHANGED,SELL,SELL,"Jul 13, 2026",Health Care,Medical Care Facilities,NEUTRAL,MOVING DOWN,,No active BUY transition
INR,UNCHANGED,UNCHANGED,,,,Energy,Oil & Gas E&P,UPTREND,,,No active BUY transition
INSM,LEADER,🚀 LEADER,BUY,BUY,"Aug 10, 2026",Health Care,Biotechnology,UPTREND,MOVING UP,,Sustained BUY with confirmed trend and momentum
INSP,DETERIORATING,⚠️ DETERIORATING,BUY,BUY,"Aug 04, 2026",Health Care,Medical Devices,UPTREND,MOVING DOWN,,Existing BUY momentum is weakening
INSW,UNCHANGED,UNCHANGED,SELL,SELL,"Aug 06, 2026",Energy,Oil & Gas Midstream,UPTREND,MOVING DOWN,,No active BUY transition
INTA,REMOVED,❌ REMOVED,SELL,BUY,"Aug 14, 2026",Technology,Software - Application,UPTREND,MOVING DOWN,,Prior BUY is missing or no longer rated BUY
INTC,UNCHANGED,UNCHANGED,SELL,SELL,"Jul 06, 2026",Technology,Semiconductors,NEUTRAL,MOVING UP,,No active BUY transition
INTG,UNCHANGED,UNCHANGED,SELL,SELL,"Jul 15, 2026",Discretionary,Lodging,DOWNTREND,MOVING UP,,No active BUY transition
INTT,UNCHANGED,UNCHANGED,,,,Technology,Semiconductor Equipment & Materials,DOWNTREND,,,No active BUY transition
INTU,LEADER,🚀 LEADER,BUY,BUY,"Jul 20, 2026",Technology,Software - Application,UPTREND,MOVING UP,,Sustained BUY with confirmed trend and momentum
INVA,UNCHANGED,UNCHANGED,SELL,SELL,"Jul 02, 2026",Health Care,Biotechnology,DOWNTREND,MOVING UP,,No active BUY transition
INVH,UNCHANGED,UNCHANGED,SELL,SELL,"Aug 13, 2026",Real Estate,REIT - Residential,UPTREND,MOVING UP,,No active BUY transition
INVX,LEADER,🚀 LEADER,BUY,BUY,"Jul 23, 2026",Energy,Oil & Gas Equipment & Services,UPTREND,MOVING UP,,Sustained BUY with confirmed trend and momentum
IONQ,LEADER,🚀 LEADER,BUY,BUY,"Aug 12, 2026",Technology,Computer Hardware,UPTREND,MOVING UP,,Sustained BUY with confirmed trend and momentum
IONS,UNCHANGED,UNCHANGED,SELL,SELL,"Jul 10, 2026",Health Care,Biotechnology,DOWNTREND,MOVING UP,,No active BUY transition
IOSP,LEADER,🚀 LEADER,BUY,BUY,"Jul 17, 2026",Materials,Specialty Chemicals,UPTREND,MOVING UP,,Sustained BUY with confirmed trend and momentum
IOT,UNCHANGED,UNCHANGED,SELL,SELL,"Aug 13, 2026",Technology,Software - Infrastructure,UPTREND,MOVING DOWN,,No active BUY transition
IP,LEADER,🚀 LEADER,BUY,BUY,"Jul 24, 2026",Discretionary,Packaging & Containers,UPTREND,MOVING UP,,Sustained BUY with confirmed trend and momentum
IPAR,UNCHANGED,UNCHANGED,SELL,SELL,"Jul 22, 2026",Staples,Household & Personal Products,NEUTRAL,MOVING DOWN,,No active BUY transition
IPEX,UNCHANGED,UNCHANGED,,,,Financials,Shell Companies,UPTREND,,,No active BUY transition
IPI,LEADER,🚀 LEADER,BUY,BUY,"Aug 11, 2026",Materials,Agricultural Inputs,UPTREND,MOVING UP,,Sustained BUY with confirmed trend and momentum
IQI,EMERGING,🔥 EMERGING,BUY,SELL,"Aug 14, 2026",Financials,Closed-End Fund - Debt,UPTREND,MOVING UP,,New BUY with rising trend and accelerating momentum
IQV,DETERIORATING,⚠️ DETERIORATING,BUY,BUY,"Jul 31, 2026",Health Care,Diagnostics & Research,UPTREND,MOVING DOWN,,Existing BUY momentum is weakening
IR,UNCHANGED,UNCHANGED,SELL,SELL,"Aug 13, 2026",Industrials,Specialty Industrial Machinery,UPTREND,MOVING DOWN,,No active BUY transition
IRDM,LEADER,🚀 LEADER,BUY,BUY,"Aug 06, 2026",Communication,Telecom Services,UPTREND,MOVING UP,,Sustained BUY with confirmed trend and momentum
IRM,UNCHANGED,UNCHANGED,SELL,SELL,"Aug 10, 2026",Real Estate,REIT - Specialty,UPTREND,MOVING UP,,No active BUY transition
IRMD,UNCHANGED,UNCHANGED,SELL,SELL,"Jul 15, 2026",Health Care,Medical Devices,DOWNTREND,MOVING DOWN,,No active BUY transition
IRON,UNCHANGED,UNCHANGED,SELL,SELL,"Aug 10, 2026",Health Care,Biotechnology,UPTREND,MOVING DOWN,,No active BUY transition
IRS,UNCHANGED,UNCHANGED,SELL,,"Jun 29, 2026",Real Estate,Real Estate Services,DOWNTREND,MOVING DOWN,,No active BUY transition
IRT,LEADER,🚀 LEADER,BUY,BUY,"Aug 05, 2026",Real Estate,REIT - Residential,UPTREND,MOVING UP,,Sustained BUY with confirmed trend and momentum
IRTC,LEADER,🚀 LEADER,BUY,BUY,"Jul 31, 2026",Health Care,Medical Devices,UPTREND,MOVING UP,,Sustained BUY with confirmed trend and momentum
ISBA,LEADER,🚀 LEADER,BUY,BUY,"Aug 05, 2026",Financials,Banks - Regional,UPTREND,MOVING UP,,Sustained BUY with confirmed trend and momentum
ISD,UNCHANGED,UNCHANGED,SELL,SELL,"Jul 14, 2026",Financials,Closed-End Fund - Debt,DOWNTREND,MOVING UP,,No active BUY transition
ISRG,LEADER,🚀 LEADER,BUY,BUY,"Aug 12, 2026",Health Care,Medical Instruments & Supplies,UPTREND,MOVING UP,,Sustained BUY with confirmed trend and momentum
ISSC,LEADER,🚀 LEADER,BUY,BUY,"Aug 07, 2026",Industrials,Aerospace & Defense,UPTREND,MOVING UP,,Sustained BUY with confirmed trend and momentum
ISTR,LEADER,🚀 LEADER,BUY,BUY,"Jul 29, 2026",Financials,Banks - Regional,UPTREND,MOVING UP,,Sustained BUY with confirmed trend and momentum
IT,LEADER,🚀 LEADER,BUY,BUY,"Jul 28, 2026",Technology,Information Technology Services,UPTREND,MOVING UP,,Sustained BUY with confirmed trend and momentum
ITGR,LEADER,🚀 LEADER,BUY,BUY,"Jul 01, 2026",Health Care,Medical Devices,UPTREND,MOVING UP,,Sustained BUY with confirmed trend and momentum
ITIC,UNCHANGED,UNCHANGED,SELL,SELL,"Aug 05, 2026",Financials,Insurance - Specialty,UPTREND,MOVING DOWN,,No active BUY transition
ITRI,LEADER,🚀 LEADER,BUY,BUY,"Jul 29, 2026",Technology,Scientific & Technical Instruments,UPTREND,MOVING UP,,Sustained BUY with confirmed trend and momentum
ITT,LEADER,🚀 LEADER,BUY,BUY,"Aug 05, 2026",Industrials,Specialty Industrial Machinery,UPTREND,MOVING UP,,Sustained BUY with confirmed trend and momentum
IVT,UNCHANGED,UNCHANGED,SELL,SELL,"Jul 30, 2026",Real Estate,REIT - Retail,DOWNTREND,MOVING UP,,No active BUY transition
IVZ,LEADER,🚀 LEADER,BUY,BUY,"Aug 05, 2026",Financials,Asset Management,UPTREND,MOVING UP,,Sustained BUY with confirmed trend and momentum
IX,LEADER,🚀 LEADER,BUY,BUY,"Jul 24, 2026",Financials,Financial Conglomerates,UPTREND,MOVING UP,,Sustained BUY with confirmed trend and momentum
JACK,LEADER,🚀 LEADER,BUY,BUY,"Aug 03, 2026",Discretionary,Restaurants,UPTREND,MOVING UP,,Sustained BUY with confirmed trend and momentum
JACS,UNCHANGED,UNCHANGED,,,,Financials,Shell Companies,UPTREND,,,No active BUY transition
JAKK,REMOVED,❌ REMOVED,SELL,BUY,"Aug 14, 2026",Discretionary,Leisure,UPTREND,MOVING DOWN,,Prior BUY is missing or no longer rated BUY
JANX,DETERIORATING,⚠️ DETERIORATING,BUY,BUY,"Aug 05, 2026",Health Care,Biotechnology,UPTREND,MOVING DOWN,,Existing BUY momentum is weakening
JAZZ,UNCHANGED,UNCHANGED,SELL,SELL,"Aug 11, 2026",Health Care,Biotechnology,UPTREND,MOVING DOWN,,No active BUY transition
JBGS,UNCHANGED,UNCHANGED,SELL,SELL,"Jul 14, 2026",Real Estate,REIT - Diversified,DOWNTREND,MOVING DOWN,,No active BUY transition
JBIO,LEADER,🚀 LEADER,BUY,BUY,"Aug 10, 2026",Health Care,Biotechnology,UPTREND,MOVING UP,,Sustained BUY with confirmed trend and momentum
JBL,LEADER,🚀 LEADER,BUY,BUY,"Aug 07, 2026",Technology,Electronic Components,UPTREND,MOVING UP,,Sustained BUY with confirmed trend and momentum
JBSS,LEADER,🚀 LEADER,BUY,BUY,"Aug 04, 2026",Staples,Packaged Foods,UPTREND,MOVING UP,,Sustained BUY with confirmed trend and momentum
JBTM,UNCHANGED,UNCHANGED,SELL,SELL,"Aug 06, 2026",Industrials,Specialty Industrial Machinery,DOWNTREND,MOVING DOWN,,No active BUY transition
JCE,LEADER,🚀 LEADER,BUY,BUY,"Aug 04, 2026",Financials,Closed-End Fund - Equity,UPTREND,MOVING UP,,Sustained BUY with confirmed trend and momentum
JCI,LEADER,🚀 LEADER,BUY,BUY,"Aug 03, 2026",Industrials,Building Products & Equipment,UPTREND,MOVING UP,,Sustained BUY with confirmed trend and momentum
JD,UNCHANGED,UNCHANGED,SELL,SELL,"Aug 10, 2026",Discretionary,Internet Retail,NEUTRAL,MOVING DOWN,,No active BUY transition
JEF,UNCHANGED,UNCHANGED,SELL,SELL,"Aug 03, 2026",Financials,Capital Markets,UPTREND,MOVING DOWN,,No active BUY transition
JGH,LEADER,🚀 LEADER,BUY,BUY,"Aug 07, 2026",Financials,Closed-End Fund - Debt,UPTREND,MOVING UP,,Sustained BUY with confirmed trend and momentum
JHI,LEADER,🚀 LEADER,BUY,BUY,"Aug 07, 2026",Financials,Closed-End Fund - Debt,UPTREND,MOVING UP,,Sustained BUY with confirmed trend and momentum
JHX,LEADER,🚀 LEADER,BUY,BUY,"Aug 07, 2026",Materials,Building Materials,UPTREND,MOVING UP,,Sustained BUY with confirmed trend and momentum
JILL,UNCHANGED,UNCHANGED,SELL,SELL,"Aug 11, 2026",Discretionary,Apparel Retail,UPTREND,MOVING DOWN,,No active BUY transition
JJSF,LEADER,🚀 LEADER,BUY,BUY,"Jul 09, 2026",Staples,Packaged Foods,UPTREND,MOVING UP,,Sustained BUY with confirmed trend and momentum
JKHY,UNCHANGED,UNCHANGED,SELL,SELL,"Aug 03, 2026",Technology,Information Technology Services,UPTREND,MOVING DOWN,,No active BUY transition
JKS,ACTIVE_BUY,ACTIVE BUY,BUY,BUY,"Aug 11, 2026",Technology,Solar,NEUTRAL,MOVING UP,,BUY remains active without a higher-priority setup
JMSB,UNCHANGED,UNCHANGED,SELL,SELL,"Aug 13, 2026",Financials,Banks - Regional,UPTREND,MOVING DOWN,,No active BUY transition
JNJ,LEADER,🚀 LEADER,BUY,BUY,"Jul 28, 2026",Health Care,Drug Manufacturers - General,UPTREND,MOVING UP,,Sustained BUY with confirmed trend and momentum
JOE,LEADER,🚀 LEADER,BUY,BUY,"Aug 04, 2026",Real Estate,Real Estate - Diversified,UPTREND,MOVING UP,,Sustained BUY with confirmed trend and momentum
JOF,LEADER,🚀 LEADER,BUY,BUY,"Aug 06, 2026",Financials,Closed-End Fund - Foreign,UPTREND,MOVING UP,,Sustained BUY with confirmed trend and momentum
JOUT,LEADER,🚀 LEADER,BUY,BUY,"Jul 17, 2026",Discretionary,Leisure,UPTREND,MOVING UP,,Sustained BUY with confirmed trend and momentum
JOYY,UNCHANGED,UNCHANGED,SELL,SELL,"Aug 07, 2026",Communication,Internet Content & Information,UPTREND,MOVING DOWN,,No active BUY transition
JPM,UNCHANGED,UNCHANGED,SELL,SELL,"Jul 30, 2026",Financials,Banks - Diversified,UPTREND,MOVING DOWN,,No active BUY transition
JRI,UNCHANGED,UNCHANGED,SELL,SELL,"Jul 22, 2026",Financials,Closed-End Fund - Equity,DOWNTREND,MOVING DOWN,,No active BUY transition
JXN,DETERIORATING,⚠️ DETERIORATING,BUY,BUY,"Aug 04, 2026",Financials,Insurance - Life,UPTREND,MOVING DOWN,,Existing BUY momentum is weakening
KAI,LEADER,🚀 LEADER,BUY,BUY,"Jul 20, 2026",Industrials,Specialty Industrial Machinery,UPTREND,MOVING UP,,Sustained BUY with confirmed trend and momentum
KALU,LEADER,🚀 LEADER,BUY,BUY,"Aug 07, 2026",Materials,Aluminum,UPTREND,MOVING UP,,Sustained BUY with confirmed trend and momentum
KARO,UNCHANGED,UNCHANGED,SELL,SELL,"Jul 29, 2026",Technology,Software - Application,UPTREND,MOVING DOWN,,No active BUY transition
KB,UNCHANGED,UNCHANGED,SELL,SELL,"Jul 29, 2026",Financials,Banks - Regional,UPTREND,MOVING DOWN,,No active BUY transition
KBDC,UNCHANGED,UNCHANGED,,,,Financials,Asset Management,NEUTRAL,,,No active BUY transition
KBH,REMOVED,❌ REMOVED,SELL,BUY,"Aug 14, 2026",Discretionary,Residential Construction,UPTREND,MOVING DOWN,,Prior BUY is missing or no longer rated BUY
KBR,LEADER,🚀 LEADER,BUY,BUY,"Aug 05, 2026",Industrials,Engineering & Construction,UPTREND,MOVING UP,,Sustained BUY with confirmed trend and momentum
KC,UNCHANGED,UNCHANGED,SELL,SELL,"Aug 12, 2026",Technology,Software - Application,UPTREND,MOVING DOWN,,No active BUY transition
KCHV,UNCHANGED,UNCHANGED,,,,Financials,Shell Companies,UPTREND,,,No active BUY transition
KD,UNCHANGED,UNCHANGED,SELL,SELL,"Aug 10, 2026",Technology,Information Technology Services,UPTREND,MOVING DOWN,,No active BUY transition
KDP,UNCHANGED,UNCHANGED,SELL,SELL,"Jul 09, 2026",Staples,Beverages - Non-Alcoholic,NEUTRAL,MOVING UP,,No active BUY transition
KE,UNCHANGED,UNCHANGED,,,,Industrials,Electrical Equipment & Parts,UPTREND,,,No active BUY transition
KELYA,UNCHANGED,UNCHANGED,,,,Industrials,Staffing & Employment Services,UPTREND,,,No active BUY transition
KEP,REMOVED,❌ REMOVED,SELL,BUY,"Aug 14, 2026",Utilities,Utilities - Regulated Electric,DOWNTREND,MOVING DOWN,,Prior BUY is missing or no longer rated BUY
KEQU,UNCHANGED,UNCHANGED,,,,Discretionary,Furnishings Fixtures & Appliances,DOWNTREND,,,No active BUY transition
KEX,UNCHANGED,UNCHANGED,SELL,SELL,"Jul 30, 2026",Industrials,Marine Shipping,DOWNTREND,MOVING UP,,No active BUY transition
KEY,UNCHANGED,UNCHANGED,SELL,SELL,"Jul 23, 2026",Financials,Banks - Regional,NEUTRAL,MOVING DOWN,,No active BUY transition
KEYS,LEADER,🚀 LEADER,BUY,BUY,"Aug 06, 2026",Technology,Scientific & Technical Instruments,UPTREND,MOVING UP,,Sustained BUY with confirmed trend and momentum
KF,UNCHANGED,UNCHANGED,,,,Financials,Closed-End Fund - Foreign,NEUTRAL,,,No active BUY transition
KFII,UNCHANGED,UNCHANGED,,,,Financials,Shell Companies,UPTREND,,,No active BUY transition
KFRC,UNCHANGED,UNCHANGED,SELL,SELL,"Jul 30, 2026",Industrials,Staffing & Employment Services,UPTREND,MOVING DOWN,,No active BUY transition
KFY,UNCHANGED,UNCHANGED,SELL,SELL,"Aug 12, 2026",Industrials,Staffing & Employment Services,UPTREND,MOVING DOWN,,No active BUY transition
KGC,LEADER,🚀 LEADER,BUY,BUY,"Aug 07, 2026",Materials,Gold,UPTREND,MOVING UP,,Sustained BUY with confirmed trend and momentum
KGS,UNCHANGED,UNCHANGED,,,,Energy,Oil & Gas Equipment & Services,DOWNTREND,,,No active BUY transition
KHC,UNCHANGED,UNCHANGED,SELL,SELL,"Jul 24, 2026",Staples,Packaged Foods,NEUTRAL,MOVING DOWN,,No active BUY transition
KIDS,UNCHANGED,UNCHANGED,,,,Health Care,Medical Devices,UPTREND,,,No active BUY transition
KIM,UNCHANGED,UNCHANGED,SELL,SELL,"Aug 03, 2026",Real Estate,REIT - Retail,DOWNTREND,MOVING DOWN,,No active BUY transition
KINS,UNCHANGED,UNCHANGED,,,,Financials,Insurance - Property & Casualty,UPTREND,,,No active BUY transition
KIO,UNCHANGED,UNCHANGED,,,,Financials,Closed-End Fund - Debt,UPTREND,,,No active BUY transition
KKR,LEADER,🚀 LEADER,BUY,BUY,"Jul 29, 2026",Financials,Asset Management,UPTREND,MOVING UP,,Sustained BUY with confirmed trend and momentum
KLAC,UNCHANGED,UNCHANGED,SELL,SELL,"Jul 02, 2026",Technology,Semiconductor Equipment & Materials,NEUTRAL,MOVING UP,,No active BUY transition
KLIC,UNCHANGED,UNCHANGED,SELL,SELL,"Jul 08, 2026",Technology,Semiconductor Equipment & Materials,DOWNTREND,MOVING UP,,No active BUY transition
KMB,UNCHANGED,UNCHANGED,SELL,SELL,"Aug 11, 2026",Staples,Household & Personal Products,UPTREND,MOVING DOWN,,No active BUY transition
KMI,UNCHANGED,UNCHANGED,SELL,SELL,"Jul 28, 2026",Energy,Oil & Gas Midstream,NEUTRAL,MOVING UP,,No active BUY transition
KMPR,UNCHANGED,UNCHANGED,SELL,SELL,"Aug 11, 2026",Financials,Insurance - Property & Casualty,DOWNTREND,MOVING DOWN,,No active BUY transition
KMT,UNCHANGED,UNCHANGED,SELL,SELL,"Aug 07, 2026",Industrials,Tools & Accessories,DOWNTREND,MOVING DOWN,,No active BUY transition
KMTS,UNCHANGED,UNCHANGED,,,,Health Care,Medical Instruments & Supplies,UPTREND,,,No active BUY transition
KMX,UNCHANGED,UNCHANGED,SELL,SELL,"Jul 27, 2026",Discretionary,Auto & Truck Dealerships,UPTREND,MOVING DOWN,,No active BUY transition
KN,LEADER,🚀 LEADER,BUY,BUY,"Aug 05, 2026",Technology,Electronic Components,UPTREND,MOVING UP,,Sustained BUY with confirmed trend and momentum
KNF,UNCHANGED,UNCHANGED,,,,Materials,Building Materials,DOWNTREND,,,No active BUY transition
KNSA,UNCHANGED,UNCHANGED,SELL,SELL,"Aug 06, 2026",Health Care,Drug Manufacturers - Specialty & Generic,UPTREND,MOVING DOWN,,No active BUY transition
KNSL,LEADER,🚀 LEADER,BUY,BUY,"Jul 29, 2026",Financials,Insurance - Property & Casualty,UPTREND,MOVING UP,,Sustained BUY with confirmed trend and momentum
KNTK,LEADER,🚀 LEADER,BUY,BUY,"Aug 12, 2026",Energy,Oil & Gas Midstream,UPTREND,MOVING UP,,Sustained BUY with confirmed trend and momentum
KNX,UNCHANGED,UNCHANGED,SELL,SELL,"Jul 24, 2026",Industrials,Trucking,NEUTRAL,MOVING UP,,No active BUY transition
KO,DETERIORATING,⚠️ DETERIORATING,BUY,BUY,"Jul 30, 2026",Staples,Beverages - Non-Alcoholic,UPTREND,MOVING DOWN,,Existing BUY momentum is weakening
KOD,DETERIORATING,⚠️ DETERIORATING,BUY,BUY,"Aug 06, 2026",Health Care,Biotechnology,NEUTRAL,MOVING DOWN,,Existing BUY momentum is weakening
KODK,UNCHANGED,UNCHANGED,,,,Industrials,Specialty Business Services,,,,Previously inactive symbol is absent
KOF,LEADER,🚀 LEADER,BUY,BUY,"Jul 29, 2026",Staples,Beverages - Non-Alcoholic,UPTREND,MOVING UP,,Sustained BUY with confirmed trend and momentum
KOP,UNCHANGED,UNCHANGED,,,,Materials,Specialty Chemicals,DOWNTREND,,,No active BUY transition
KOYN,UNCHANGED,UNCHANGED,,,,Financials,Shell Companies,UPTREND,,,No active BUY transition
KRG,UNCHANGED,UNCHANGED,SELL,SELL,"Aug 03, 2026",Real Estate,REIT - Retail,DOWNTREND,MOVING DOWN,,No active BUY transition
KRMN,UNCHANGED,UNCHANGED,,,,Industrials,Aerospace & Defense,UPTREND,,,No active BUY transition
KRNT,LEADER,🚀 LEADER,BUY,BUY,"Aug 05, 2026",Industrials,Specialty Industrial Machinery,UPTREND,MOVING UP,,Sustained BUY with confirmed trend and momentum
KROS,DETERIORATING,⚠️ DETERIORATING,BUY,BUY,"Aug 13, 2026",Health Care,Biotechnology,NEUTRAL,MOVING DOWN,,Existing BUY momentum is weakening
KRP,LEADER,🚀 LEADER,BUY,BUY,"Aug 12, 2026",Energy,Oil & Gas E&P,UPTREND,MOVING UP,,Sustained BUY with confirmed trend and momentum
KRRO,UNCHANGED,UNCHANGED,,,,Health Care,Biotechnology,UPTREND,,,No active BUY transition
KRT,LEADER,🚀 LEADER,BUY,BUY,"Aug 11, 2026",Discretionary,Packaging & Containers,UPTREND,MOVING UP,,Sustained BUY with confirmed trend and momentum
KRUS,LEADER,🚀 LEADER,BUY,BUY,"Aug 13, 2026",Discretionary,Restaurants,UPTREND,MOVING UP,,Sustained BUY with confirmed trend and momentum
KRYS,UNCHANGED,UNCHANGED,SELL,SELL,"Aug 04, 2026",Health Care,Biotechnology,DOWNTREND,MOVING UP,,No active BUY transition
KSS,UNCHANGED,UNCHANGED,SELL,SELL,"Aug 12, 2026",Discretionary,Department Stores,UPTREND,MOVING DOWN,,No active BUY transition
KT,LEADER,🚀 LEADER,BUY,BUY,"Jul 27, 2026",Communication,Telecom Services,UPTREND,MOVING UP,,Sustained BUY with confirmed trend and momentum
KTB,UNCHANGED,UNCHANGED,SELL,SELL,"Aug 03, 2026",Discretionary,Apparel Manufacturing,NEUTRAL,MOVING UP,,No active BUY transition
KTOS,LEADER,🚀 LEADER,BUY,BUY,"Aug 06, 2026",Industrials,Aerospace & Defense,UPTREND,MOVING UP,,Sustained BUY with confirmed trend and momentum
KURA,UNCHANGED,UNCHANGED,SELL,,"Jul 15, 2026",Health Care,Biotechnology,NEUTRAL,MOVING UP,,No active BUY transition
KVAC,UNCHANGED,UNCHANGED,,,,Financials,Shell Companies,DOWNTREND,,,No active BUY transition
KVUE,UNCHANGED,UNCHANGED,,,,Staples,Household & Personal Products,UPTREND,,,No active BUY transition
KVYO,UNCHANGED,UNCHANGED,,,,Technology,Software - Application,UPTREND,,,No active BUY transition
KWR,LEADER,🚀 LEADER,BUY,BUY,"Jul 31, 2026",Materials,Specialty Chemicals,UPTREND,MOVING UP,,Sustained BUY with confirmed trend and momentum
KYMR,LEADER,🚀 LEADER,BUY,BUY,"Aug 13, 2026",Health Care,Biotechnology,UPTREND,MOVING UP,,Sustained BUY with confirmed trend and momentum
KYN,UNCHANGED,UNCHANGED,SELL,SELL,"Jul 31, 2026",Financials,Closed-End Fund - Equity,UPTREND,MOVING UP,,No active BUY transition
L,UNCHANGED,UNCHANGED,SELL,SELL,"Aug 07, 2026",Financials,Insurance - Property & Casualty,DOWNTREND,MOVING DOWN,,No active BUY transition
LAD,REMOVED,❌ REMOVED,SELL,BUY,"Aug 14, 2026",Discretionary,Auto & Truck Dealerships,UPTREND,MOVING DOWN,,Prior BUY is missing or no longer rated BUY
LADR,EMERGING,🔥 EMERGING,BUY,,"Aug 14, 2026",Real Estate,REIT - Mortgage,UPTREND,MOVING UP,,New BUY with rising trend and accelerating momentum
LAKE,LEADER,🚀 LEADER,BUY,BUY,"Aug 05, 2026",Discretionary,Apparel Manufacturing,UPTREND,MOVING UP,,Sustained BUY with confirmed trend and momentum
LAMR,UNCHANGED,UNCHANGED,SELL,SELL,"Jul 27, 2026",Real Estate,REIT - Specialty,DOWNTREND,MOVING DOWN,,No active BUY transition
LARK,UNCHANGED,UNCHANGED,SELL,SELL,"Aug 04, 2026",Financials,Banks - Regional,UPTREND,MOVING DOWN,,No active BUY transition
LASR,UNCHANGED,UNCHANGED,SELL,SELL,"Aug 10, 2026",Technology,Semiconductors,DOWNTREND,MOVING DOWN,,No active BUY transition
LAUR,UNCHANGED,UNCHANGED,SELL,SELL,"Aug 12, 2026",Staples,Education & Training Services,NEUTRAL,MOVING DOWN,,No active BUY transition
LAZ,LEADER,🚀 LEADER,BUY,BUY,"Aug 05, 2026",Financials,Capital Markets,UPTREND,MOVING UP,,Sustained BUY with confirmed trend and momentum
LB,UNCHANGED,UNCHANGED,,,,Energy,Oil & Gas Equipment & Services,UPTREND,,,No active BUY transition
LBRDA,LEADER,🚀 LEADER,BUY,BUY,"Jul 30, 2026",Communication,Telecom Services,UPTREND,MOVING UP,,Sustained BUY with confirmed trend and momentum
LBRDK,LEADER,🚀 LEADER,BUY,BUY,"Jul 30, 2026",Communication,Telecom Services,UPTREND,MOVING UP,,Sustained BUY with confirmed trend and momentum
LBRX,UNCHANGED,UNCHANGED,,,,Health Care,Biotechnology,UPTREND,,,No active BUY transition
LBTYB,ACTIVE_BUY,ACTIVE BUY,BUY,BUY,"Aug 11, 2026",Communication,Cable & Other Pay Television Services,NEUTRAL,MOVING UP,,BUY remains active without a higher-priority setup
LCCC,UNCHANGED,UNCHANGED,,,,Financials,Shell Companies,UPTREND,,,No active BUY transition
LCII,UNCHANGED,UNCHANGED,SELL,SELL,"Aug 03, 2026",Discretionary,Recreational Vehicles,UPTREND,MOVING DOWN,,No active BUY transition
LCNB,UNCHANGED,UNCHANGED,SELL,SELL,"Aug 07, 2026",Financials,Banks - Regional,UPTREND,MOVING DOWN,,No active BUY transition
LDOS,LEADER,🚀 LEADER,BUY,BUY,"Jul 28, 2026",Technology,Information Technology Services,UPTREND,MOVING UP,,Sustained BUY with confirmed trend and momentum
LDP,UNCHANGED,UNCHANGED,SELL,SELL,"Jul 20, 2026",Financials,Closed-End Fund - Debt,DOWNTREND,MOVING UP,,No active BUY transition
LE,REMOVED,❌ REMOVED,SELL,BUY,"Aug 14, 2026",Discretionary,Apparel Retail,UPTREND,MOVING DOWN,,Prior BUY is missing or no longer rated BUY
LEA,UNCHANGED,UNCHANGED,SELL,SELL,"Aug 04, 2026",Discretionary,Auto Parts,DOWNTREND,MOVING DOWN,,No active BUY transition
LECO,LEADER,🚀 LEADER,BUY,BUY,"Aug 04, 2026",Industrials,Tools & Accessories,UPTREND,MOVING UP,,Sustained BUY with confirmed trend and momentum
LEGH,LEADER,🚀 LEADER,BUY,BUY,"Aug 06, 2026",Discretionary,Residential Construction,UPTREND,MOVING UP,,Sustained BUY with confirmed trend and momentum
LEN,LEADER,🚀 LEADER,BUY,BUY,"Aug 10, 2026",Discretionary,Residential Construction,UPTREND,MOVING UP,,Sustained BUY with confirmed trend and momentum
LEN/B,LEADER,🚀 LEADER,BUY,BUY,"Aug 06, 2026",Discretionary,Homebuilding,UPTREND,MOVING UP,,Sustained BUY with confirmed trend and momentum
LEU,LEADER,🚀 LEADER,BUY,BUY,"Jul 28, 2026",Energy,Uranium,UPTREND,MOVING UP,,Sustained BUY with confirmed trend and momentum
LEVI,UNCHANGED,UNCHANGED,SELL,SELL,"Aug 03, 2026",Discretionary,Apparel Manufacturing,DOWNTREND,MOVING DOWN,,No active BUY transition
LFST,LEADER,🚀 LEADER,BUY,BUY,"Aug 11, 2026",Health Care,Medical Care Facilities,UPTREND,MOVING UP,,Sustained BUY with confirmed trend and momentum
LFUS,LEADER,🚀 LEADER,BUY,BUY,"Aug 04, 2026",Technology,Electronic Components,UPTREND,MOVING UP,,Sustained BUY with confirmed trend and momentum
LGCY,UNCHANGED,UNCHANGED,,,,Staples,Education & Training Services,DOWNTREND,,,No active BUY transition
LGI,LEADER,🚀 LEADER,BUY,BUY,"Aug 10, 2026",Financials,Closed-End Fund - Foreign,UPTREND,MOVING UP,,Sustained BUY with confirmed trend and momentum
LGIH,UNCHANGED,UNCHANGED,SELL,SELL,"Aug 11, 2026",Discretionary,Residential Construction,NEUTRAL,MOVING DOWN,,No active BUY transition
LGN,UNCHANGED,UNCHANGED,,,,Industrials,Engineering & Construction,DOWNTREND,,,No active BUY transition
LGND,UNCHANGED,UNCHANGED,SELL,SELL,"Jul 10, 2026",Health Care,Biotechnology,NEUTRAL,MOVING DOWN,,No active BUY transition
LH,LEADER,🚀 LEADER,BUY,BUY,"Jul 28, 2026",Health Care,Diagnostics & Research,UPTREND,MOVING UP,,Sustained BUY with confirmed trend and momentum
LHX,UNCHANGED,UNCHANGED,SELL,SELL,"Jul 31, 2026",Industrials,Aerospace & Defense,DOWNTREND,MOVING UP,,No active BUY transition
LI,UNCHANGED,UNCHANGED,SELL,SELL,"Aug 07, 2026",Discretionary,Auto Manufacturers,DOWNTREND,MOVING DOWN,,No active BUY transition
LIF,UNCHANGED,UNCHANGED,,,,Technology,Software - Application,DOWNTREND,,,No active BUY transition
LII,UNCHANGED,UNCHANGED,SELL,SELL,"Jul 13, 2026",Industrials,Building Products & Equipment,DOWNTREND,MOVING DOWN,,No active BUY transition
LIN,UNCHANGED,UNCHANGED,SELL,SELL,"Jul 15, 2026",Materials,Specialty Chemicals,DOWNTREND,MOVING DOWN,,No active BUY transition
LINC,UNCHANGED,UNCHANGED,SELL,SELL,"Jul 16, 2026",Staples,Education & Training Services,DOWNTREND,MOVING DOWN,,No active BUY transition
LIND,LEADER,🚀 LEADER,BUY,BUY,"Jul 29, 2026",Discretionary,Travel Services,UPTREND,MOVING UP,,Sustained BUY with confirmed trend and momentum
LINE,UNCHANGED,UNCHANGED,,,,Real Estate,REIT - Industrial,NEUTRAL,,,No active BUY transition
LITE,LEADER,🚀 LEADER,BUY,BUY,"Aug 07, 2026",Technology,Communication Equipment,UPTREND,MOVING UP,,Sustained BUY with confirmed trend and momentum
LIVN,UNCHANGED,UNCHANGED,SELL,SELL,"Aug 07, 2026",Health Care,Medical Devices,NEUTRAL,MOVING UP,,No active BUY transition
LKFN,UNCHANGED,UNCHANGED,SELL,SELL,"Aug 11, 2026",Financials,Banks - Regional,UPTREND,MOVING DOWN,,No active BUY transition
LKFT,UNCHANGED,UNCHANGED,SELL,SELL,"Jul 15, 2026",Health Care,Biotechnology,DOWNTREND,MOVING UP,,No active BUY transition
LKQ,UNCHANGED,UNCHANGED,SELL,SELL,"Jul 31, 2026",Discretionary,Auto Parts,DOWNTREND,MOVING UP,,No active BUY transition
LLY,UNCHANGED,UNCHANGED,SELL,SELL,"Jul 16, 2026",Health Care,Drug Manufacturers - General,UPTREND,MOVING DOWN,,No active BUY transition
LMAT,UNCHANGED,UNCHANGED,SELL,SELL,"Jul 24, 2026",Health Care,Medical Instruments & Supplies,DOWNTREND,MOVING DOWN,,No active BUY transition
LMND,UNCHANGED,UNCHANGED,SELL,SELL,"Jul 16, 2026",Financials,Insurance - Property & Casualty,DOWNTREND,MOVING DOWN,,No active BUY transition
LMNR,LEADER,🚀 LEADER,BUY,BUY,"Aug 10, 2026",Staples,Farm Products,UPTREND,MOVING UP,,Sustained BUY with confirmed trend and momentum
LMT,LEADER,🚀 LEADER,BUY,BUY,"Jul 27, 2026",Industrials,Aerospace & Defense,UPTREND,MOVING UP,,Sustained BUY with confirmed trend and momentum
LNC,UNCHANGED,UNCHANGED,SELL,SELL,"Aug 13, 2026",Financials,Insurance - Life,UPTREND,MOVING DOWN,,No active BUY transition
LNG,LEADER,🚀 LEADER,BUY,BUY,"Aug 13, 2026",Energy,Oil & Gas Midstream,UPTREND,MOVING UP,,Sustained BUY with confirmed trend and momentum
LNN,ACTIVE_BUY,ACTIVE BUY,BUY,BUY,"Aug 12, 2026",Industrials,Farm & Heavy Construction Machinery,NEUTRAL,MOVING UP,,BUY remains active without a higher-priority setup
LNT,UNCHANGED,UNCHANGED,SELL,SELL,"Jul 15, 2026",Utilities,Utilities - Regulated Electric,DOWNTREND,MOVING DOWN,,No active BUY transition
LNTH,UNCHANGED,UNCHANGED,SELL,SELL,"Jul 08, 2026",Health Care,Drug Manufacturers - Specialty & Generic,DOWNTREND,MOVING DOWN,,No active BUY transition
LOAR,UNCHANGED,UNCHANGED,,,,Industrials,Aerospace & Defense,UPTREND,,,No active BUY transition
LOB,LEADER,🚀 LEADER,BUY,BUY,"Aug 04, 2026",Financials,Banks - Regional,UPTREND,MOVING UP,,Sustained BUY with confirmed trend and momentum
LOCO,UNCHANGED,UNCHANGED,SELL,SELL,"Aug 10, 2026",Discretionary,Restaurants,DOWNTREND,MOVING DOWN,,No active BUY transition
LOGI,LEADER,🚀 LEADER,BUY,BUY,"Jul 27, 2026",Technology,Computer Hardware,UPTREND,MOVING UP,,Sustained BUY with confirmed trend and momentum
LOPE,UNCHANGED,UNCHANGED,SELL,SELL,"Aug 13, 2026",Staples,Education & Training Services,DOWNTREND,MOVING DOWN,,No active BUY transition
LOVE,REMOVED,❌ REMOVED,SELL,BUY,"Aug 14, 2026",Discretionary,Furnishings Fixtures & Appliances,UPTREND,MOVING DOWN,,Prior BUY is missing or no longer rated BUY
LOW,LEADER,🚀 LEADER,BUY,BUY,"Aug 06, 2026",Discretionary,Home Improvement Retail,UPTREND,MOVING UP,,Sustained BUY with confirmed trend and momentum
LPAA,UNCHANGED,UNCHANGED,,,,Financials,Shell Companies,DOWNTREND,,,No active BUY transition
LPBB,UNCHANGED,UNCHANGED,,,,Financials,Shell Companies,UPTREND,,,No active BUY transition
LPG,UNCHANGED,UNCHANGED,SELL,SELL,"Aug 06, 2026",Energy,Oil & Gas Midstream,UPTREND,MOVING DOWN,,No active BUY transition
LPLA,LEADER,🚀 LEADER,BUY,BUY,"Jul 07, 2026",Financials,Capital Markets,UPTREND,MOVING UP,,Sustained BUY with confirmed trend and momentum
LPTH,LEADER,🚀 LEADER,BUY,BUY,"Aug 11, 2026",Technology,Electronic Components,UPTREND,MOVING UP,,Sustained BUY with confirmed trend and momentum
LPX,ACTIVE_BUY,ACTIVE BUY,BUY,BUY,"Aug 06, 2026",Industrials,Building Products & Equipment,NEUTRAL,MOVING UP,,BUY remains active without a higher-priority setup
LQDA,UNCHANGED,UNCHANGED,SELL,SELL,"Aug 04, 2026",Health Care,Drug Manufacturers - Specialty & Generic,NEUTRAL,MOVING DOWN,,No active BUY transition
LQDT,LEADER,🚀 LEADER,BUY,BUY,"Aug 07, 2026",Discretionary,Internet Retail,UPTREND,MOVING UP,,Sustained BUY with confirmed trend and momentum
LRCX,UNCHANGED,UNCHANGED,SELL,SELL,"Jul 06, 2026",Technology,Semiconductor Equipment & Materials,NEUTRAL,MOVING UP,,No active BUY transition
LRN,UNCHANGED,UNCHANGED,SELL,SELL,"Aug 03, 2026",Staples,Education & Training Services,DOWNTREND,MOVING DOWN,,No active BUY transition
LSBK,UNCHANGED,UNCHANGED,,,,Financials,Banks - Regional,UPTREND,,,No active BUY transition
LSPD,EMERGING,🔥 EMERGING,BUY,SELL,"Aug 14, 2026",Technology,Software - Application,UPTREND,MOVING UP,,New BUY with rising trend and accelerating momentum
LTC,UNCHANGED,UNCHANGED,SELL,SELL,"Aug 03, 2026",Real Estate,REIT - Healthcare Facilities,DOWNTREND,MOVING DOWN,,No active BUY transition
LTH,UNCHANGED,UNCHANGED,SELL,SELL,"Aug 05, 2026",Discretionary,Leisure,UPTREND,MOVING UP,,No active BUY transition
LULU,DETERIORATING,⚠️ DETERIORATING,BUY,BUY,"Aug 03, 2026",Discretionary,Apparel Retail,NEUTRAL,MOVING DOWN,,Existing BUY momentum is weakening
LUNR,NEW_BUY,NEW BUY,BUY,,"Aug 14, 2026",Industrials,Aerospace & Defense,NEUTRAL,MOVING UP,,BUY triggered since the previous file
LUV,UNCHANGED,UNCHANGED,SELL,SELL,"Jul 08, 2026",Industrials,Airlines,DOWNTREND,MOVING DOWN,,No active BUY transition
LVLU,DETERIORATING,⚠️ DETERIORATING,BUY,BUY,"Aug 12, 2026",Discretionary,Apparel Retail,UPTREND,MOVING DOWN,,Existing BUY momentum is weakening
LVS,UNCHANGED,UNCHANGED,SELL,SELL,"Aug 07, 2026",Discretionary,Resorts & Casinos,DOWNTREND,MOVING DOWN,,No active BUY transition
LW,UNCHANGED,UNCHANGED,SELL,SELL,"Aug 11, 2026",Staples,Packaged Foods,UPTREND,MOVING DOWN,,No active BUY transition
LWAC,UNCHANGED,UNCHANGED,,,,Financials,Shell Companies,UPTREND,,,No active BUY transition
LWAY,UNCHANGED,UNCHANGED,SELL,SELL,"Jul 23, 2026",Staples,Packaged Foods,DOWNTREND,MOVING DOWN,,No active BUY transition
LXFR,UNCHANGED,UNCHANGED,SELL,SELL,"Jul 01, 2026",Industrials,Specialty Industrial Machinery,NEUTRAL,MOVING DOWN,,No active BUY transition
LXP,UNCHANGED,UNCHANGED,SELL,SELL,"Aug 07, 2026",Real Estate,REIT - Industrial,UPTREND,MOVING DOWN,,No active BUY transition
LYB,LEADER,🚀 LEADER,BUY,BUY,"Jul 22, 2026",Materials,Specialty Chemicals,UPTREND,MOVING UP,,Sustained BUY with confirmed trend and momentum
LYEL,UNCHANGED,UNCHANGED,SELL,SELL,"Aug 13, 2026",Health Care,Biotechnology,NEUTRAL,MOVING DOWN,,No active BUY transition
LYFT,LEADER,🚀 LEADER,BUY,BUY,"Aug 03, 2026",Technology,Software - Application,UPTREND,MOVING UP,,Sustained BUY with confirmed trend and momentum
LYTS,UNCHANGED,UNCHANGED,SELL,SELL,"Jul 07, 2026",Technology,Electronic Components,UPTREND,MOVING DOWN,,No active BUY transition
LYV,LEADER,🚀 LEADER,BUY,BUY,"Aug 11, 2026",Communication,Entertainment,UPTREND,MOVING UP,,Sustained BUY with confirmed trend and momentum
LZB,DETERIORATING,⚠️ DETERIORATING,BUY,BUY,"Aug 05, 2026",Discretionary,Furnishings Fixtures & Appliances,UPTREND,MOVING DOWN,,Existing BUY momentum is weakening
M,UNCHANGED,UNCHANGED,SELL,SELL,"Aug 12, 2026",Discretionary,Department Stores,UPTREND,MOVING DOWN,,No active BUY transition
MA,UNCHANGED,UNCHANGED,SELL,SELL,"Aug 12, 2026",Financials,Credit Services,UPTREND,MOVING DOWN,,No active BUY transition
MAA,UNCHANGED,UNCHANGED,SELL,SELL,"Jul 14, 2026",Real Estate,REIT - Residential,NEUTRAL,MOVING DOWN,,No active BUY transition
MAC,UNCHANGED,UNCHANGED,SELL,SELL,"Jul 31, 2026",Real Estate,REIT - Retail,NEUTRAL,MOVING DOWN,,No active BUY transition
MACI,UNCHANGED,UNCHANGED,,,,Financials,Shell Companies,UPTREND,,,No active BUY transition
MAGN,UNCHANGED,UNCHANGED,SELL,SELL,"Aug 04, 2026",Staples,Household & Personal Products,DOWNTREND,MOVING DOWN,,No active BUY transition
MAIN,LEADER,🚀 LEADER,BUY,BUY,"Jul 06, 2026",Financials,Asset Management,UPTREND,MOVING UP,,Sustained BUY with confirmed trend and momentum
MAMA,UNCHANGED,UNCHANGED,SELL,SELL,"Aug 12, 2026",Staples,Packaged Foods,DOWNTREND,MOVING DOWN,,No active BUY transition
MAN,UNCHANGED,UNCHANGED,SELL,SELL,"Jul 30, 2026",Industrials,Staffing & Employment Services,UPTREND,MOVING DOWN,,No active BUY transition
MANH,LEADER,🚀 LEADER,BUY,BUY,"Jul 29, 2026",Technology,Software - Application,UPTREND,MOVING UP,,Sustained BUY with confirmed trend and momentum
MANU,UNCHANGED,UNCHANGED,SELL,SELL,"Aug 07, 2026",Communication,Entertainment,UPTREND,MOVING UP,,No active BUY transition
MAR,UNCHANGED,UNCHANGED,SELL,SELL,"Aug 04, 2026",Discretionary,Lodging,DOWNTREND,MOVING DOWN,,No active BUY transition
MAS,UNCHANGED,UNCHANGED,SELL,SELL,"Jul 13, 2026",Industrials,Building Products & Equipment,DOWNTREND,MOVING DOWN,,No active BUY transition
MASS,UNCHANGED,UNCHANGED,,,,Health Care,Medical Devices,UPTREND,,,No active BUY transition
MAT,LEADER,🚀 LEADER,BUY,BUY,"Jul 20, 2026",Discretionary,Leisure,UPTREND,MOVING UP,,Sustained BUY with confirmed trend and momentum
MATV,LEADER,🚀 LEADER,BUY,BUY,"Jul 20, 2026",Materials,Specialty Chemicals,UPTREND,MOVING UP,,Sustained BUY with confirmed trend and momentum
MATW,UNCHANGED,UNCHANGED,SELL,SELL,"Aug 10, 2026",Industrials,Conglomerates,DOWNTREND,MOVING DOWN,,No active BUY transition
MATX,UNCHANGED,UNCHANGED,SELL,SELL,"Jul 29, 2026",Industrials,Marine Shipping,UPTREND,MOVING DOWN,,No active BUY transition
MAX,UNCHANGED,UNCHANGED,,,,Communication,Internet Content & Information,UPTREND,,,No active BUY transition
MAYS,LEADER,🚀 LEADER,BUY,BUY,"Aug 11, 2026",Real Estate,Real Estate Services,UPTREND,MOVING UP,,Sustained BUY with confirmed trend and momentum
MAZE,UNCHANGED,UNCHANGED,,,,Health Care,Biotechnology,DOWNTREND,,,No active BUY transition
MBBC,UNCHANGED,UNCHANGED,SELL,SELL,"Aug 12, 2026",Financials,Banks - Regional,NEUTRAL,MOVING DOWN,,No active BUY transition
MBIN,UNCHANGED,UNCHANGED,SELL,SELL,"Aug 13, 2026",Financials,Banks - Regional,UPTREND,MOVING DOWN,,No active BUY transition
MBUU,DETERIORATING,⚠️ DETERIORATING,BUY,BUY,"Jul 17, 2026",Discretionary,Recreational Vehicles,UPTREND,MOVING DOWN,,Existing BUY momentum is weakening
MBVI,UNCHANGED,UNCHANGED,,,,Financials,Shell Companies,UPTREND,,,No active BUY transition
MBWM,REMOVED,❌ REMOVED,SELL,BUY,"Aug 14, 2026",Financials,Banks - Regional,UPTREND,MOVING DOWN,,Prior BUY is missing or no longer rated BUY
MBX,UNCHANGED,UNCHANGED,,,,Health Care,Biotechnology,UPTREND,,,No active BUY transition
MC,UNCHANGED,UNCHANGED,SELL,SELL,"Aug 11, 2026",Financials,Capital Markets,UPTREND,MOVING UP,,No active BUY transition
MCB,UNCHANGED,UNCHANGED,SELL,SELL,"Jul 23, 2026",Financials,Banks - Regional,NEUTRAL,MOVING UP,,No active BUY transition
MCBS,LEADER,🚀 LEADER,BUY,BUY,"Aug 12, 2026",Financials,Banks - Regional,UPTREND,MOVING UP,,Sustained BUY with confirmed trend and momentum
MCD,ACTIVE_BUY,ACTIVE BUY,BUY,BUY,"Aug 07, 2026",Discretionary,Restaurants,NEUTRAL,MOVING UP,,BUY remains active without a higher-priority setup
MCFT,EMERGING,🔥 EMERGING,BUY,SELL,"Aug 14, 2026",Discretionary,Recreational Vehicles,UPTREND,MOVING UP,,New BUY with rising trend and accelerating momentum
MCGA,UNCHANGED,UNCHANGED,,,,Financials,Shell Companies,UPTREND,,,No active BUY transition
MCI,UNCHANGED,UNCHANGED,,,,Financials,Closed-End Fund - Debt,DOWNTREND,,,No active BUY transition
MCK,UNCHANGED,UNCHANGED,SELL,SELL,"Aug 05, 2026",Health Care,Medical Distribution,UPTREND,MOVING DOWN,,No active BUY transition
MCO,UNCHANGED,UNCHANGED,SELL,SELL,"Jul 27, 2026",Financials,Financial Data & Stock Exchanges,NEUTRAL,MOVING DOWN,,No active BUY transition
MCRI,UNCHANGED,UNCHANGED,SELL,SELL,"Jul 01, 2026",Discretionary,Resorts & Casinos,NEUTRAL,MOVING UP,,No active BUY transition
MCS,LEADER,🚀 LEADER,BUY,BUY,"Jul 24, 2026",Communication,Entertainment,UPTREND,MOVING UP,,Sustained BUY with confirmed trend and momentum
MCY,UNCHANGED,UNCHANGED,SELL,SELL,"Jul 16, 2026",Financials,Insurance - Property & Casualty,DOWNTREND,MOVING DOWN,,No active BUY transition
MD,UNCHANGED,UNCHANGED,SELL,SELL,"Jul 20, 2026",Health Care,Medical Care Facilities,UPTREND,MOVING DOWN,,No active BUY transition
MDB,LEADER,🚀 LEADER,BUY,BUY,"Aug 04, 2026",Technology,Software - Infrastructure,UPTREND,MOVING UP,,Sustained BUY with confirmed trend and momentum
MDGL,UNCHANGED,UNCHANGED,SELL,SELL,"Jul 24, 2026",Health Care,Biotechnology,DOWNTREND,MOVING DOWN,,No active BUY transition
MDLZ,LEADER,🚀 LEADER,BUY,BUY,"Jul 27, 2026",Staples,Confectioners,UPTREND,MOVING UP,,Sustained BUY with confirmed trend and momentum
MDRR,DETERIORATING,⚠️ DETERIORATING,BUY,BUY,"Aug 06, 2026",Real Estate,Real Estate Services,NEUTRAL,MOVING DOWN,,Existing BUY momentum is weakening
MDU,UNCHANGED,UNCHANGED,SELL,SELL,"Jul 02, 2026",Utilities,Utilities - Regulated Gas,DOWNTREND,MOVING DOWN,,No active BUY transition
MDV,LEADER,🚀 LEADER,BUY,BUY,"Aug 11, 2026",Real Estate,REIT - Industrial,UPTREND,MOVING UP,,Sustained BUY with confirmed trend and momentum
MEC,UNCHANGED,UNCHANGED,,,,Industrials,Metal Fabrication,DOWNTREND,,,No active BUY transition
MED,LEADER,🚀 LEADER,BUY,BUY,"Aug 05, 2026",Discretionary,Personal Services,UPTREND,MOVING UP,,Sustained BUY with confirmed trend and momentum
MEDP,DETERIORATING,⚠️ DETERIORATING,BUY,BUY,"Jul 27, 2026",Health Care,Diagnostics & Research,UPTREND,MOVING DOWN,,Existing BUY momentum is weakening
MEGI,UNCHANGED,UNCHANGED,SELL,SELL,"Jul 24, 2026",Financials,Closed-End Fund - Equity,DOWNTREND,MOVING DOWN,,No active BUY transition
MEI,UNCHANGED,UNCHANGED,SELL,SELL,"Jul 10, 2026",Technology,Electronic Components,UPTREND,MOVING DOWN,,No active BUY transition
MELI,UNCHANGED,UNCHANGED,SELL,SELL,"Aug 10, 2026",Discretionary,Internet Retail,UPTREND,MOVING DOWN,,No active BUY transition
MEOH,UNCHANGED,UNCHANGED,SELL,SELL,"Aug 10, 2026",Materials,Chemicals,NEUTRAL,MOVING DOWN,,No active BUY transition
MESO,LEADER,🚀 LEADER,BUY,BUY,"Aug 12, 2026",Health Care,Biotechnology,UPTREND,MOVING UP,,Sustained BUY with confirmed trend and momentum
MET,UNCHANGED,UNCHANGED,SELL,SELL,"Aug 05, 2026",Financials,Insurance - Life,UPTREND,MOVING DOWN,,No active BUY transition
META,UNCHANGED,UNCHANGED,SELL,SELL,"Jul 24, 2026",Communication,Internet Content & Information,DOWNTREND,MOVING DOWN,,No active BUY transition
MFC,UNCHANGED,UNCHANGED,SELL,SELL,"Aug 07, 2026",Financials,Insurance - Life,UPTREND,MOVING DOWN,,No active BUY transition
MFG,LEADER,🚀 LEADER,BUY,BUY,"Aug 10, 2026",Financials,Banks - Regional,UPTREND,MOVING UP,,Sustained BUY with confirmed trend and momentum
MFIN,LEADER,🚀 LEADER,BUY,BUY,"Aug 04, 2026",Financials,Credit Services,UPTREND,MOVING UP,,Sustained BUY with confirmed trend and momentum
MG,LEADER,🚀 LEADER,BUY,BUY,"Aug 12, 2026",Industrials,Security & Protection Services,UPTREND,MOVING UP,,Sustained BUY with confirmed trend and momentum
MGA,LEADER,🚀 LEADER,BUY,BUY,"Jul 17, 2026",Discretionary,Auto Parts,UPTREND,MOVING UP,,Sustained BUY with confirmed trend and momentum
MGEE,UNCHANGED,UNCHANGED,SELL,SELL,"Jul 30, 2026",Utilities,Utilities - Regulated Electric,UPTREND,MOVING DOWN,,No active BUY transition
MGNI,LEADER,🚀 LEADER,BUY,BUY,"Aug 05, 2026",Communication,Advertising Agencies,UPTREND,MOVING UP,,Sustained BUY with confirmed trend and momentum
MGPI,UNCHANGED,UNCHANGED,SELL,SELL,"Aug 04, 2026",Staples,Beverages - Wineries & Distilleries,UPTREND,MOVING DOWN,,No active BUY transition
MGRC,LEADER,🚀 LEADER,BUY,BUY,"Aug 07, 2026",Industrials,Rental & Leasing Services,UPTREND,MOVING UP,,Sustained BUY with confirmed trend and momentum
MGTX,LEADER,🚀 LEADER,BUY,BUY,"Aug 07, 2026",Health Care,Biotechnology,UPTREND,MOVING UP,,Sustained BUY with confirmed trend and momentum
MGY,NEW_BUY,NEW BUY,BUY,,"Aug 14, 2026",Energy,Oil & Gas E&P,NEUTRAL,MOVING UP,,BUY triggered since the previous file
MGYR,LEADER,🚀 LEADER,BUY,BUY,"Jul 27, 2026",Financials,Banks - Regional,UPTREND,MOVING UP,,Sustained BUY with confirmed trend and momentum
MH,UNCHANGED,UNCHANGED,,,,Staples,Education & Training Services,UPTREND,,,No active BUY transition
MHD,UNCHANGED,UNCHANGED,SELL,SELL,"Jul 21, 2026",Financials,Closed-End Fund - Debt,NEUTRAL,MOVING UP,,No active BUY transition
MHK,LEADER,🚀 LEADER,BUY,BUY,"Jul 29, 2026",Discretionary,Furnishings Fixtures & Appliances,UPTREND,MOVING UP,,Sustained BUY with confirmed trend and momentum
MHO,LEADER,🚀 LEADER,BUY,BUY,"Aug 12, 2026",Discretionary,Residential Construction,UPTREND,MOVING UP,,Sustained BUY with confirmed trend and momentum
MIAX,UNCHANGED,UNCHANGED,,,,Financials,Capital Markets,UPTREND,,,No active BUY transition
MIDD,UNCHANGED,UNCHANGED,SELL,SELL,"Jul 08, 2026",Industrials,Specialty Industrial Machinery,DOWNTREND,MOVING DOWN,,No active BUY transition
MIR,UNCHANGED,UNCHANGED,SELL,SELL,"Jul 02, 2026",Industrials,Specialty Industrial Machinery,DOWNTREND,MOVING UP,,No active BUY transition
MIRM,UNCHANGED,UNCHANGED,SELL,SELL,"Jul 07, 2026",Health Care,Biotechnology,DOWNTREND,MOVING DOWN,,No active BUY transition
MITK,LEADER,🚀 LEADER,BUY,BUY,"Aug 12, 2026",Technology,Software - Application,UPTREND,MOVING UP,,Sustained BUY with confirmed trend and momentum
MIY,LEADER,🚀 LEADER,BUY,BUY,"Aug 12, 2026",Financials,Closed-End Fund - Debt,UPTREND,MOVING UP,,Sustained BUY with confirmed trend and momentum
MKC,EMERGING,🔥 EMERGING,BUY,SELL,"Aug 14, 2026",Staples,Packaged Foods,UPTREND,MOVING UP,,New BUY with rising trend and accelerating momentum
MKL,UNCHANGED,UNCHANGED,SELL,SELL,"Jul 31, 2026",Financials,Insurance - Property & Casualty,DOWNTREND,MOVING DOWN,,No active BUY transition
MKLY,UNCHANGED,UNCHANGED,,,,Financials,Shell Companies,UPTREND,,,No active BUY transition
MKSI,UNCHANGED,UNCHANGED,SELL,SELL,"Jul 08, 2026",Technology,Scientific & Technical Instruments,DOWNTREND,MOVING UP,,No active BUY transition
MKTW,UNCHANGED,UNCHANGED,SELL,SELL,"Aug 12, 2026",Financials,Financial Data & Stock Exchanges,DOWNTREND,MOVING DOWN,,No active BUY transition
MKTX,LEADER,🚀 LEADER,BUY,BUY,"Jul 29, 2026",Financials,Capital Markets,UPTREND,MOVING UP,,Sustained BUY with confirmed trend and momentum
MLAB,LEADER,🚀 LEADER,BUY,BUY,"Jul 29, 2026",Technology,Scientific & Technical Instruments,UPTREND,MOVING UP,,Sustained BUY with confirmed trend and momentum
MLI,LEADER,🚀 LEADER,BUY,BUY,"Jul 27, 2026",Industrials,Metal Fabrication,UPTREND,MOVING UP,,Sustained BUY with confirmed trend and momentum
MLM,UNCHANGED,UNCHANGED,SELL,SELL,"Jul 09, 2026",Materials,Building Materials,DOWNTREND,MOVING DOWN,,No active BUY transition
MLP,UNCHANGED,UNCHANGED,SELL,SELL,"Aug 07, 2026",Real Estate,Real Estate Services,DOWNTREND,MOVING DOWN,,No active BUY transition
MLR,LEADER,🚀 LEADER,BUY,BUY,"Aug 07, 2026",Discretionary,Auto Parts,UPTREND,MOVING UP,,Sustained BUY with confirmed trend and momentum
MLTX,UNCHANGED,UNCHANGED,SELL,SELL,"Jul 23, 2026",Health Care,Biotechnology,DOWNTREND,MOVING DOWN,,No active BUY transition
MLYS,UNCHANGED,UNCHANGED,,,,Health Care,Biotechnology,DOWNTREND,,,No active BUY transition
MMD,UNCHANGED,UNCHANGED,SELL,SELL,"Jul 08, 2026",Financials,Closed-End Fund - Debt,DOWNTREND,MOVING UP,,No active BUY transition
MMI,LEADER,🚀 LEADER,BUY,BUY,"Aug 07, 2026",Real Estate,Real Estate Services,UPTREND,MOVING UP,,Sustained BUY with confirmed trend and momentum
MMM,LEADER,🚀 LEADER,BUY,BUY,"Jul 22, 2026",Industrials,Conglomerates,UPTREND,MOVING UP,,Sustained BUY with confirmed trend and momentum
MMS,UNCHANGED,UNCHANGED,SELL,SELL,"Aug 11, 2026",Industrials,Specialty Business Services,DOWNTREND,MOVING DOWN,,No active BUY transition
MMSI,LEADER,🚀 LEADER,BUY,BUY,"Jul 30, 2026",Health Care,Medical Instruments & Supplies,UPTREND,MOVING UP,,Sustained BUY with confirmed trend and momentum
MMU,UNCHANGED,UNCHANGED,SELL,SELL,"Jul 22, 2026",Financials,Closed-End Fund - Debt,NEUTRAL,MOVING UP,,No active BUY transition
MMYT,LEADER,🚀 LEADER,BUY,BUY,"Aug 04, 2026",Discretionary,Travel Services,UPTREND,MOVING UP,,Sustained BUY with confirmed trend and momentum
MNDY,UNCHANGED,UNCHANGED,SELL,SELL,"Aug 11, 2026",Technology,Software - Application,UPTREND,MOVING DOWN,,No active BUY transition
MNPR,UNCHANGED,UNCHANGED,SELL,SELL,"Aug 12, 2026",Health Care,Biotechnology,UPTREND,MOVING DOWN,,No active BUY transition
MNR,UNCHANGED,UNCHANGED,,,,Energy,Oil & Gas E&P,DOWNTREND,,,No active BUY transition
MNRO,UNCHANGED,UNCHANGED,SELL,SELL,"Jul 24, 2026",Discretionary,Auto Parts,DOWNTREND,MOVING DOWN,,No active BUY transition
MNSO,UNCHANGED,UNCHANGED,SELL,SELL,"Aug 10, 2026",Discretionary,Specialty Retail,DOWNTREND,MOVING DOWN,,No active BUY transition
MNTN,UNCHANGED,UNCHANGED,,,,Technology,Software - Application,UPTREND,,,No active BUY transition
MO,UNCHANGED,UNCHANGED,SELL,SELL,"Jul 10, 2026",Staples,Tobacco,DOWNTREND,MOVING DOWN,,No active BUY transition
MOG/A,UNCHANGED,UNCHANGED,SELL,SELL,"Jul 06, 2026",Industrials,Aerospace & Defense,UPTREND,MOVING DOWN,,No active BUY transition
MOH,UNCHANGED,UNCHANGED,SELL,SELL,"Jul 17, 2026",Health Care,Healthcare Plans,NEUTRAL,MOVING UP,,No active BUY transition
MORN,LEADER,🚀 LEADER,BUY,BUY,"Jul 15, 2026",Financials,Financial Data & Stock Exchanges,UPTREND,MOVING UP,,Sustained BUY with confirmed trend and momentum
MOS,DETERIORATING,⚠️ DETERIORATING,BUY,BUY,"Jul 16, 2026",Materials,Agricultural Inputs,NEUTRAL,MOVING DOWN,,Existing BUY momentum is weakening
MOVE,UNCHANGED,UNCHANGED,SELL,SELL,"Jun 30, 2026",Technology,Software - Infrastructure,DOWNTREND,MOVING DOWN,,No active BUY transition
MP,LEADER,🚀 LEADER,BUY,BUY,"Aug 11, 2026",Materials,Other Industrial Metals & Mining,UPTREND,MOVING UP,,Sustained BUY with confirmed trend and momentum
MPA,UNCHANGED,UNCHANGED,SELL,SELL,"Jul 20, 2026",Financials,Closed-End Fund - Debt,NEUTRAL,MOVING UP,,No active BUY transition
MPAA,UNCHANGED,UNCHANGED,SELL,SELL,"Jul 09, 2026",Discretionary,Auto Parts,DOWNTREND,MOVING DOWN,,No active BUY transition
MPB,DETERIORATING,⚠️ DETERIORATING,BUY,BUY,"Jul 20, 2026",Financials,Banks - Regional,UPTREND,MOVING DOWN,,Existing BUY momentum is weakening
MPC,EMERGING,🔥 EMERGING,BUY,SELL,"Aug 14, 2026",Energy,Oil & Gas Refining & Marketing,UPTREND,MOVING UP,,New BUY with rising trend and accelerating momentum
MPLX,DETERIORATING,⚠️ DETERIORATING,BUY,BUY,"Jul 27, 2026",Energy,Oil & Gas Midstream,UPTREND,MOVING DOWN,,Existing BUY momentum is weakening
MPTI,UNCHANGED,UNCHANGED,,,,Technology,Electronic Components,NEUTRAL,,,No active BUY transition
MPV,ACTIVE_BUY,ACTIVE BUY,BUY,BUY,"Aug 06, 2026",Financials,Closed-End Fund - Debt,NEUTRAL,MOVING UP,,BUY remains active without a higher-priority setup
MPWR,ACTIVE_BUY,ACTIVE BUY,BUY,BUY,"Aug 11, 2026",Technology,Semiconductors,NEUTRAL,MOVING UP,,BUY remains active without a higher-priority setup
MQ,UNCHANGED,UNCHANGED,,,,Technology,Software - Infrastructure,DOWNTREND,,,No active BUY transition
MQY,UNCHANGED,UNCHANGED,SELL,SELL,"Jul 14, 2026",Financials,Closed-End Fund - Debt,DOWNTREND,MOVING DOWN,,No active BUY transition
MRBK,UNCHANGED,UNCHANGED,SELL,SELL,"Aug 03, 2026",Financials,Banks - Regional,NEUTRAL,MOVING DOWN,,No active BUY transition
MRCY,LEADER,🚀 LEADER,BUY,BUY,"Aug 07, 2026",Industrials,Aerospace & Defense,UPTREND,MOVING UP,,Sustained BUY with confirmed trend and momentum
MRDN,LEADER,🚀 LEADER,BUY,BUY,"Aug 07, 2026",Discretionary,Gambling,UPTREND,MOVING UP,,Sustained BUY with confirmed trend and momentum
MRK,UNCHANGED,UNCHANGED,SELL,SELL,"Aug 03, 2026",Health Care,Drug Manufacturers - General,UPTREND,MOVING UP,,No active BUY transition
MRNA,EMERGING,🔥 EMERGING,BUY,SELL,"Aug 14, 2026",Health Care,Biotechnology,UPTREND,MOVING UP,,New BUY with rising trend and accelerating momentum
MRP,UNCHANGED,UNCHANGED,,,,Real Estate,REIT - Residential,UPTREND,,,No active BUY transition
MRSH,EMERGING,🔥 EMERGING,BUY,,"Jun 29, 2026",Financials,Insurance Brokers,UPTREND,MOVING UP,,New BUY with rising trend and accelerating momentum
MRTN,UNCHANGED,UNCHANGED,SELL,SELL,"Jul 24, 2026",Industrials,Trucking,DOWNTREND,MOVING UP,,No active BUY transition
MRVL,EMERGING,🔥 EMERGING,BUY,,"Aug 14, 2026",Technology,Semiconductors,UPTREND,MOVING UP,,New BUY with rising trend and accelerating momentum
MS,LEADER,🚀 LEADER,BUY,BUY,"Aug 13, 2026",Financials,Capital Markets,UPTREND,MOVING UP,,Sustained BUY with confirmed trend and momentum
MSA,EMERGING,🔥 EMERGING,BUY,,"Jun 29, 2026",Industrials,Security & Protection Services,UPTREND,MOVING UP,,New BUY with rising trend and accelerating momentum
MSBI,UNCHANGED,UNCHANGED,,,,Financials,Banks - Regional,UPTREND,,,No active BUY transition
MSCI,UNCHANGED,UNCHANGED,SELL,SELL,"Jul 23, 2026",Financials,Financial Data & Stock Exchanges,DOWNTREND,MOVING DOWN,,No active BUY transition
MSDL,UNCHANGED,UNCHANGED,,,,Financials,Asset Management,UPTREND,,,No active BUY transition
MSFT,LEADER,🚀 LEADER,BUY,BUY,"Jul 30, 2026",Technology,Software - Infrastructure,UPTREND,MOVING UP,,Sustained BUY with confirmed trend and momentum
MSGE,UNCHANGED,UNCHANGED,,,,Communication,Entertainment,UPTREND,,,No active BUY transition
MSGS,EMERGING,🔥 EMERGING,BUY,SELL,"Aug 14, 2026",Communication,Entertainment,UPTREND,MOVING UP,,New BUY with rising trend and accelerating momentum
MSI,LEADER,🚀 LEADER,BUY,BUY,"Jul 28, 2026",Technology,Communication Equipment,UPTREND,MOVING UP,,Sustained BUY with confirmed trend and momentum
MSIF,UNCHANGED,UNCHANGED,,,,Financials,Asset Management,UPTREND,,,No active BUY transition
MT,LEADER,🚀 LEADER,BUY,BUY,"Jul 15, 2026",Materials,Steel,UPTREND,MOVING UP,,Sustained BUY with confirmed trend and momentum
MTB,UNCHANGED,UNCHANGED,SELL,SELL,"Aug 03, 2026",Financials,Banks - Regional,UPTREND,MOVING DOWN,,No active BUY transition
MTCH,UNCHANGED,UNCHANGED,SELL,SELL,"Aug 07, 2026",Communication,Internet Content & Information,DOWNTREND,MOVING DOWN,,No active BUY transition
MTD,REMOVED,❌ REMOVED,SELL,BUY,"Aug 14, 2026",Health Care,Diagnostics & Research,UPTREND,MOVING DOWN,,Prior BUY is missing or no longer rated BUY
MTDR,ACTIVE_BUY,ACTIVE BUY,BUY,BUY,"Aug 13, 2026",Energy,Oil & Gas E&P,NEUTRAL,MOVING UP,,BUY remains active without a higher-priority setup
MTG,UNCHANGED,UNCHANGED,SELL,SELL,"Aug 10, 2026",Financials,Insurance - Specialty,UPTREND,MOVING DOWN,,No active BUY transition
MTH,UNCHANGED,UNCHANGED,SELL,SELL,"Jul 09, 2026",Discretionary,Residential Construction,NEUTRAL,MOVING UP,,No active BUY transition
MTN,UNCHANGED,UNCHANGED,SELL,SELL,"Jul 23, 2026",Discretionary,Resorts & Casinos,UPTREND,MOVING DOWN,,No active BUY transition
MTRN,LEADER,🚀 LEADER,BUY,BUY,"Aug 10, 2026",Materials,Other Industrial Metals & Mining,UPTREND,MOVING UP,,Sustained BUY with confirmed trend and momentum
MTSI,LEADER,🚀 LEADER,BUY,BUY,"Aug 13, 2026",Technology,Semiconductors,UPTREND,MOVING UP,,Sustained BUY with confirmed trend and momentum
MTUS,LEADER,🚀 LEADER,BUY,BUY,"Jul 17, 2026",Materials,Steel,UPTREND,MOVING UP,,Sustained BUY with confirmed trend and momentum
MTW,LEADER,🚀 LEADER,BUY,BUY,"Jul 22, 2026",Industrials,Farm & Heavy Construction Machinery,UPTREND,MOVING UP,,Sustained BUY with confirmed trend and momentum
MTX,UNCHANGED,UNCHANGED,SELL,SELL,"Aug 13, 2026",Materials,Specialty Chemicals,DOWNTREND,MOVING DOWN,,No active BUY transition
MTZ,UNCHANGED,UNCHANGED,SELL,SELL,"Jul 08, 2026",Industrials,Engineering & Construction,DOWNTREND,MOVING UP,,No active BUY transition
MUA,UNCHANGED,UNCHANGED,SELL,SELL,"Jul 20, 2026",Financials,Closed-End Fund - Debt,DOWNTREND,MOVING UP,,No active BUY transition
MUC,UNCHANGED,UNCHANGED,SELL,SELL,"Jul 20, 2026",Financials,Closed-End Fund - Debt,NEUTRAL,MOVING UP,,No active BUY transition
MUFG,UNCHANGED,UNCHANGED,SELL,SELL,"Aug 05, 2026",Financials,Banks - Diversified,UPTREND,MOVING UP,,No active BUY transition
MUJ,LEADER,🚀 LEADER,BUY,BUY,"Aug 12, 2026",Financials,Closed-End Fund - Debt,UPTREND,MOVING UP,,Sustained BUY with confirmed trend and momentum
MUR,UNCHANGED,UNCHANGED,SELL,SELL,"Aug 07, 2026",Energy,Oil & Gas E&P,DOWNTREND,MOVING DOWN,,No active BUY transition
MUSA,UNCHANGED,UNCHANGED,SELL,SELL,"Jul 29, 2026",Discretionary,Specialty Retail,DOWNTREND,MOVING DOWN,,No active BUY transition
MWA,ACTIVE_BUY,ACTIVE BUY,BUY,BUY,"Aug 04, 2026",Industrials,Specialty Industrial Machinery,NEUTRAL,MOVING UP,,BUY remains active without a higher-priority setup
MXE,LEADER,🚀 LEADER,BUY,BUY,"Jul 28, 2026",Financials,Closed-End Fund - Foreign,UPTREND,MOVING UP,,Sustained BUY with confirmed trend and momentum
MXF,DETERIORATING,⚠️ DETERIORATING,BUY,BUY,"Aug 06, 2026",Financials,Closed-End Fund - Foreign,NEUTRAL,MOVING DOWN,,Existing BUY momentum is weakening
MXL,UNCHANGED,UNCHANGED,SELL,SELL,"Jul 10, 2026",Technology,Semiconductors,DOWNTREND,MOVING UP,,No active BUY transition
MYE,REMOVED,❌ REMOVED,SELL,BUY,"Aug 14, 2026",Discretionary,Packaging & Containers,UPTREND,MOVING DOWN,,Prior BUY is missing or no longer rated BUY
MYFW,UNCHANGED,UNCHANGED,SELL,SELL,"Jul 13, 2026",Financials,Banks - Regional,NEUTRAL,MOVING DOWN,,No active BUY transition
MYI,UNCHANGED,UNCHANGED,SELL,SELL,"Jul 13, 2026",Financials,Closed-End Fund - Debt,NEUTRAL,MOVING UP,,No active BUY transition
MYRG,UNCHANGED,UNCHANGED,SELL,SELL,"Jul 07, 2026",Industrials,Engineering & Construction,DOWNTREND,MOVING UP,,No active BUY transition
MZTI,LEADER,🚀 LEADER,BUY,BUY,"Aug 10, 2026",Staples,Packaged Foods,UPTREND,MOVING UP,,Sustained BUY with confirmed trend and momentum
NAC,UNCHANGED,UNCHANGED,SELL,SELL,"Jul 16, 2026",Financials,Closed-End Fund - Debt,NEUTRAL,MOVING UP,,No active BUY transition
NAD,UNCHANGED,UNCHANGED,SELL,SELL,"Jul 13, 2026",Financials,Closed-End Fund - Debt,NEUTRAL,MOVING UP,,No active BUY transition
NAN,UNCHANGED,UNCHANGED,SELL,SELL,"Jul 17, 2026",Financials,Closed-End Fund - Debt,DOWNTREND,MOVING UP,,No active BUY transition
NATH,UNCHANGED,UNCHANGED,SELL,SELL,"Jul 07, 2026",Discretionary,Restaurants,DOWNTREND,MOVING DOWN,,No active BUY transition
NATL,UNCHANGED,UNCHANGED,,,,Technology,Software - Application,UPTREND,,,No active BUY transition
NATR,UNCHANGED,UNCHANGED,SELL,SELL,"Jul 16, 2026",Staples,Packaged Foods,DOWNTREND,MOVING DOWN,,No active BUY transition
NBB,EMERGING,🔥 EMERGING,BUY,SELL,"Aug 14, 2026",Financials,Closed-End Fund - Debt,UPTREND,MOVING UP,,New BUY with rising trend and accelerating momentum
NBBK,UNCHANGED,UNCHANGED,,,,Financials,Banks - Regional,UPTREND,,,No active BUY transition
NBH,UNCHANGED,UNCHANGED,,,,Financials,Closed-End Fund - Debt,DOWNTREND,,,No active BUY transition
NBHC,UNCHANGED,UNCHANGED,SELL,SELL,"Jul 24, 2026",Financials,Banks - Regional,NEUTRAL,MOVING DOWN,,No active BUY transition
NBIX,UNCHANGED,UNCHANGED,SELL,SELL,"Aug 04, 2026",Health Care,Drug Manufacturers - Specialty & Generic,DOWNTREND,MOVING DOWN,,No active BUY transition
NBN,LEADER,🚀 LEADER,BUY,BUY,"Aug 12, 2026",Financials,Banks - Regional,UPTREND,MOVING UP,,Sustained BUY with confirmed trend and momentum
NBTB,UNCHANGED,UNCHANGED,SELL,SELL,"Aug 06, 2026",Financials,Banks - Regional,UPTREND,MOVING DOWN,,No active BUY transition
NBXG,EMERGING,🔥 EMERGING,BUY,,"Aug 14, 2026",Financials,Closed-End Fund - Equity,UPTREND,MOVING UP,,New BUY with rising trend and accelerating momentum
NCDL,UNCHANGED,UNCHANGED,,,,Financials,Asset Management,DOWNTREND,,,No active BUY transition
NCLH,UNCHANGED,UNCHANGED,SELL,SELL,"Aug 10, 2026",Discretionary,Travel Services,NEUTRAL,MOVING UP,,No active BUY transition
NCNO,UNCHANGED,UNCHANGED,SELL,SELL,"Aug 12, 2026",Technology,Software - Application,UPTREND,MOVING UP,,No active BUY transition
NCSM,LEADER,🚀 LEADER,BUY,BUY,"Aug 04, 2026",Energy,Oil & Gas Equipment & Services,UPTREND,MOVING UP,,Sustained BUY with confirmed trend and momentum
NCV,LEADER,🚀 LEADER,BUY,BUY,"Aug 07, 2026",Financials,Closed-End Fund - Debt,UPTREND,MOVING UP,,Sustained BUY with confirmed trend and momentum
NCZ,LEADER,🚀 LEADER,BUY,BUY,"Aug 06, 2026",Financials,Closed-End Fund - Debt,UPTREND,MOVING UP,,Sustained BUY with confirmed trend and momentum
NDAQ,UNCHANGED,UNCHANGED,SELL,SELL,"Aug 06, 2026",Financials,Financial Data & Stock Exchanges,UPTREND,MOVING DOWN,,No active BUY transition
NDLS,UNCHANGED,UNCHANGED,,,,Discretionary,Restaurants,UPTREND,,,No active BUY transition
NDMO,UNCHANGED,UNCHANGED,SELL,,"Jul 09, 2026",Financials,Asset Management,DOWNTREND,MOVING UP,,No active BUY transition
NDSN,LEADER,🚀 LEADER,BUY,BUY,"Jul 27, 2026",Industrials,Specialty Industrial Machinery,UPTREND,MOVING UP,,Sustained BUY with confirmed trend and momentum
NE,LEADER,🚀 LEADER,BUY,BUY,"Aug 11, 2026",Energy,Oil & Gas Drilling,UPTREND,MOVING UP,,Sustained BUY with confirmed trend and momentum
NEA,UNCHANGED,UNCHANGED,SELL,SELL,"Jul 13, 2026",Financials,Closed-End Fund - Debt,DOWNTREND,MOVING UP,,No active BUY transition
NECB,UNCHANGED,UNCHANGED,SELL,SELL,"Jul 10, 2026",Financials,Banks - Regional,UPTREND,MOVING DOWN,,No active BUY transition
NEE,UNCHANGED,UNCHANGED,SELL,SELL,"Aug 03, 2026",Utilities,Utilities - Regulated Electric,DOWNTREND,MOVING DOWN,,No active BUY transition
NEGG,LEADER,🚀 LEADER,BUY,BUY,"Aug 07, 2026",Discretionary,Internet Retail,UPTREND,MOVING UP,,Sustained BUY with confirmed trend and momentum
NEM,LEADER,🚀 LEADER,BUY,BUY,"Aug 06, 2026",Materials,Gold,UPTREND,MOVING UP,,Sustained BUY with confirmed trend and momentum
NEN,UNCHANGED,UNCHANGED,,,,Real Estate,Real Estate Services,DOWNTREND,,,No active BUY transition
NEO,LEADER,🚀 LEADER,BUY,BUY,"Aug 04, 2026",Health Care,Diagnostics & Research,UPTREND,MOVING UP,,Sustained BUY with confirmed trend and momentum
NEOG,LEADER,🚀 LEADER,BUY,BUY,"Aug 04, 2026",Health Care,Medical Devices,UPTREND,MOVING UP,,Sustained BUY with confirmed trend and momentum
NESR,LEADER,🚀 LEADER,BUY,BUY,"Aug 06, 2026",Energy,Oil & Gas Equipment & Services,UPTREND,MOVING UP,,Sustained BUY with confirmed trend and momentum
NET,EMERGING,🔥 EMERGING,BUY,SELL,"Aug 14, 2026",Technology,Software - Infrastructure,UPTREND,MOVING UP,,New BUY with rising trend and accelerating momentum
NEU,LEADER,🚀 LEADER,BUY,BUY,"Jul 30, 2026",Materials,Specialty Chemicals,UPTREND,MOVING UP,,Sustained BUY with confirmed trend and momentum
NEWT,UNCHANGED,UNCHANGED,SELL,SELL,"Jul 22, 2026",Financials,Banks - Regional,DOWNTREND,MOVING DOWN,,No active BUY transition
NEXA,LEADER,🚀 LEADER,BUY,BUY,"Aug 06, 2026",Materials,Other Industrial Metals & Mining,UPTREND,MOVING UP,,Sustained BUY with confirmed trend and momentum
NFG,LEADER,🚀 LEADER,BUY,BUY,"Aug 12, 2026",Energy,Oil & Gas Integrated,UPTREND,MOVING UP,,Sustained BUY with confirmed trend and momentum
NFJ,LEADER,🚀 LEADER,BUY,BUY,"Jul 24, 2026",Financials,Closed-End Fund - Equity,UPTREND,MOVING UP,,Sustained BUY with confirmed trend and momentum
NFLX,LEADER,🚀 LEADER,BUY,BUY,"Aug 10, 2026",Communication,Entertainment,UPTREND,MOVING UP,,Sustained BUY with confirmed trend and momentum
NGG,UNCHANGED,UNCHANGED,SELL,SELL,"Jul 27, 2026",Utilities,Utilities - Regulated Electric,DOWNTREND,MOVING DOWN,,No active BUY transition
NGL,LEADER,🚀 LEADER,BUY,BUY,"Aug 03, 2026",Energy,Oil & Gas Midstream,UPTREND,MOVING UP,,Sustained BUY with confirmed trend and momentum
NGNE,UNCHANGED,UNCHANGED,,,,Health Care,Biotechnology,UPTREND,,,No active BUY transition
NGS,UNCHANGED,UNCHANGED,SELL,SELL,"Jul 06, 2026",Energy,Oil & Gas Equipment & Services,DOWNTREND,MOVING UP,,No active BUY transition
NGVC,UNCHANGED,UNCHANGED,SELL,SELL,"Aug 10, 2026",Staples,Grocery Stores,DOWNTREND,MOVING DOWN,,No active BUY transition
NGVT,LEADER,🚀 LEADER,BUY,BUY,"Aug 05, 2026",Materials,Specialty Chemicals,UPTREND,MOVING UP,,Sustained BUY with confirmed trend and momentum
NHC,UNCHANGED,UNCHANGED,SELL,SELL,"Aug 04, 2026",Health Care,Medical Care Facilities,UPTREND,MOVING DOWN,,No active BUY transition
NHI,UNCHANGED,UNCHANGED,SELL,SELL,"Aug 03, 2026",Real Estate,REIT - Healthcare Facilities,DOWNTREND,MOVING DOWN,,No active BUY transition
NHIC,UNCHANGED,UNCHANGED,,,,Financials,Shell Companies,DOWNTREND,,,No active BUY transition
NI,UNCHANGED,UNCHANGED,SELL,SELL,"Jul 08, 2026",Utilities,Utilities - Regulated Gas,DOWNTREND,MOVING DOWN,,No active BUY transition
NIC,LEADER,🚀 LEADER,BUY,BUY,"Aug 05, 2026",Financials,Banks - Regional,UPTREND,MOVING UP,,Sustained BUY with confirmed trend and momentum
NICE,LEADER,🚀 LEADER,BUY,BUY,"Aug 10, 2026",Technology,Software - Application,UPTREND,MOVING UP,,Sustained BUY with confirmed trend and momentum
NIE,LEADER,🚀 LEADER,BUY,BUY,"Aug 11, 2026",Financials,Closed-End Fund - Equity,UPTREND,MOVING UP,,Sustained BUY with confirmed trend and momentum
NINE,UNCHANGED,UNCHANGED,,,,Energy,Oil & Gas Equipment & Services,DOWNTREND,,,No active BUY transition
NIQ,UNCHANGED,UNCHANGED,,,,Technology,Software - Application,UPTREND,,,No active BUY transition
NJR,UNCHANGED,UNCHANGED,SELL,SELL,"Aug 04, 2026",Utilities,Utilities - Regulated Gas,DOWNTREND,MOVING DOWN,,No active BUY transition
NKE,UNCHANGED,UNCHANGED,SELL,SELL,"Jul 23, 2026",Discretionary,Footwear & Accessories,DOWNTREND,MOVING DOWN,,No active BUY transition
NKSH,LEADER,🚀 LEADER,BUY,BUY,"Jul 28, 2026",Financials,Banks - Regional,UPTREND,MOVING UP,,Sustained BUY with confirmed trend and momentum
NKTR,LEADER,🚀 LEADER,BUY,BUY,"Jul 24, 2026",Health Care,Biotechnology,UPTREND,MOVING UP,,Sustained BUY with confirmed trend and momentum
NKX,EMERGING,🔥 EMERGING,BUY,,"Aug 14, 2026",Financials,Closed-End Fund - Debt,UPTREND,MOVING UP,,New BUY with rising trend and accelerating momentum
NLOP,UNCHANGED,UNCHANGED,,,,Real Estate,REIT - Office,NEUTRAL,,,No active BUY transition
NLY,UNCHANGED,UNCHANGED,SELL,SELL,"Jul 23, 2026",Real Estate,REIT - Mortgage,UPTREND,MOVING UP,,No active BUY transition
NMAI,LEADER,🚀 LEADER,BUY,BUY,"Aug 04, 2026",Financials,Asset Management,UPTREND,MOVING UP,,Sustained BUY with confirmed trend and momentum
NMCO,UNCHANGED,UNCHANGED,SELL,SELL,"Jul 10, 2026",Financials,Closed-End Fund - Debt,DOWNTREND,MOVING UP,,No active BUY transition
NMIH,LEADER,🚀 LEADER,BUY,BUY,"Aug 04, 2026",Financials,Insurance - Specialty,UPTREND,MOVING UP,,Sustained BUY with confirmed trend and momentum
NML,UNCHANGED,UNCHANGED,,,,Financials,Closed-End Fund - Equity,UPTREND,,,No active BUY transition
NMM,UNCHANGED,UNCHANGED,SELL,SELL,"Aug 13, 2026",Industrials,Marine Shipping,UPTREND,MOVING UP,,No active BUY transition
NMP,UNCHANGED,UNCHANGED,,,,Financials,Shell Companies,UPTREND,,,No active BUY transition
NMR,UNCHANGED,UNCHANGED,SELL,,"Jul 28, 2026",Financials,Capital Markets,UPTREND,MOVING DOWN,,No active BUY transition
NMRK,UNCHANGED,UNCHANGED,SELL,SELL,"Jul 31, 2026",Real Estate,Real Estate Services,NEUTRAL,MOVING UP,,No active BUY transition
NMS,UNCHANGED,UNCHANGED,SELL,SELL,"Jul 27, 2026",Financials,Closed-End Fund - Debt,DOWNTREND,MOVING DOWN,,No active BUY transition
NMZ,UNCHANGED,UNCHANGED,SELL,SELL,"Jul 15, 2026",Financials,Closed-End Fund - Debt,NEUTRAL,MOVING UP,,No active BUY transition
NN,UNCHANGED,UNCHANGED,,,,Technology,Software - Infrastructure,UPTREND,,,No active BUY transition
NNE,UNCHANGED,UNCHANGED,,,,Industrials,Specialty Industrial Machinery,UPTREND,,,No active BUY transition
NNI,UNCHANGED,UNCHANGED,SELL,SELL,"Aug 11, 2026",Financials,Credit Services,DOWNTREND,MOVING DOWN,,No active BUY transition
NNN,UNCHANGED,UNCHANGED,SELL,SELL,"Jul 31, 2026",Real Estate,REIT - Retail,DOWNTREND,MOVING DOWN,,No active BUY transition
NOC,LEADER,🚀 LEADER,BUY,BUY,"Jul 28, 2026",Industrials,Aerospace & Defense,UPTREND,MOVING UP,,Sustained BUY with confirmed trend and momentum
NODK,UNCHANGED,UNCHANGED,SELL,SELL,"Jul 29, 2026",Financials,Insurance - Property & Casualty,NEUTRAL,MOVING DOWN,,No active BUY transition
NOEM,UNCHANGED,UNCHANGED,,,,Financials,Shell Companies,DOWNTREND,,,No active BUY transition
NOG,LEADER,🚀 LEADER,BUY,BUY,"Aug 11, 2026",Energy,Oil & Gas E&P,UPTREND,MOVING UP,,Sustained BUY with confirmed trend and momentum
NOMD,UNCHANGED,UNCHANGED,SELL,SELL,"Aug 04, 2026",Staples,Packaged Foods,UPTREND,MOVING DOWN,,No active BUY transition
NOV,LEADER,🚀 LEADER,BUY,BUY,"Jul 21, 2026",Energy,Oil & Gas Equipment & Services,UPTREND,MOVING UP,,Sustained BUY with confirmed trend and momentum
NOVT,LEADER,🚀 LEADER,BUY,BUY,"Aug 07, 2026",Technology,Scientific & Technical Instruments,UPTREND,MOVING UP,,Sustained BUY with confirmed trend and momentum
NOW,LEADER,🚀 LEADER,BUY,BUY,"Aug 03, 2026",Technology,Software - Application,UPTREND,MOVING UP,,Sustained BUY with confirmed trend and momentum
NP,UNCHANGED,UNCHANGED,,,,Financials,Insurance Brokers,UPTREND,,,No active BUY transition
NPAC,UNCHANGED,UNCHANGED,,,,Financials,Shell Companies,UPTREND,,,No active BUY transition
NPB,UNCHANGED,UNCHANGED,,,,Financials,Banks - Regional,DOWNTREND,,,No active BUY transition
NPCE,UNCHANGED,UNCHANGED,,,,Health Care,Medical Devices,DOWNTREND,,,No active BUY transition
NPFD,UNCHANGED,UNCHANGED,,,,Financials,Closed-End Fund - Equity,UPTREND,,,No active BUY transition
NPK,LEADER,🚀 LEADER,BUY,BUY,"Aug 04, 2026",Industrials,Aerospace & Defense,UPTREND,MOVING UP,,Sustained BUY with confirmed trend and momentum
NPKI,UNCHANGED,UNCHANGED,SELL,SELL,"Jul 06, 2026",Industrials,Building Products & Equipment,DOWNTREND,MOVING UP,,No active BUY transition
NPO,LEADER,🚀 LEADER,BUY,BUY,"Aug 12, 2026",Industrials,Specialty Industrial Machinery,UPTREND,MOVING UP,,Sustained BUY with confirmed trend and momentum
NPV,UNCHANGED,UNCHANGED,SELL,SELL,"Jul 10, 2026",Financials,Closed-End Fund - Debt,DOWNTREND,MOVING UP,,No active BUY transition
NRC,UNCHANGED,UNCHANGED,SELL,SELL,"Jul 15, 2026",Health Care,Health Information Services,NEUTRAL,MOVING UP,,No active BUY transition
NRDS,EMERGING,🔥 EMERGING,BUY,,"Aug 11, 2026",Communication,Internet Content & Information,UPTREND,MOVING UP,,New BUY with rising trend and accelerating momentum
NREF,UNCHANGED,UNCHANGED,SELL,SELL,"Aug 13, 2026",Real Estate,REIT - Mortgage,UPTREND,MOVING DOWN,,No active BUY transition
NRG,UNCHANGED,UNCHANGED,SELL,SELL,"Jul 14, 2026",Utilities,Utilities - Independent Power Producers,DOWNTREND,MOVING DOWN,,No active BUY transition
NRIM,UNCHANGED,UNCHANGED,SELL,SELL,"Jul 28, 2026",Financials,Banks - Regional,NEUTRAL,MOVING DOWN,,No active BUY transition
NRIX,DETERIORATING,⚠️ DETERIORATING,BUY,BUY,"Jul 24, 2026",Health Care,Biotechnology,UPTREND,MOVING DOWN,,Existing BUY momentum is weakening
NRK,EMERGING,🔥 EMERGING,BUY,SELL,"Aug 14, 2026",Financials,Closed-End Fund - Debt,UPTREND,MOVING UP,,New BUY with rising trend and accelerating momentum
NRP,LEADER,🚀 LEADER,BUY,BUY,"Aug 06, 2026",Energy,Thermal Coal,UPTREND,MOVING UP,,Sustained BUY with confirmed trend and momentum
NSC,UNCHANGED,UNCHANGED,SELL,SELL,"Aug 04, 2026",Industrials,Railroads,UPTREND,MOVING DOWN,,No active BUY transition
NSIT,LEADER,🚀 LEADER,BUY,BUY,"Jul 15, 2026",Technology,Electronics & Computer Distribution,UPTREND,MOVING UP,,Sustained BUY with confirmed trend and momentum
NSP,UNCHANGED,UNCHANGED,SELL,SELL,"Jul 29, 2026",Industrials,Staffing & Employment Services,UPTREND,MOVING DOWN,,No active BUY transition
NSSC,LEADER,🚀 LEADER,BUY,BUY,"Aug 04, 2026",Industrials,Security & Protection Services,UPTREND,MOVING UP,,Sustained BUY with confirmed trend and momentum
NSTS,UNCHANGED,UNCHANGED,,,,Financials,Banks - Regional,UPTREND,,,No active BUY transition
NSYS,REMOVED,❌ REMOVED,SELL,BUY,"Aug 14, 2026",Health Care,Medical Devices,DOWNTREND,MOVING DOWN,,Prior BUY is missing or no longer rated BUY
NTAP,LEADER,🚀 LEADER,BUY,BUY,"Aug 05, 2026",Technology,Software - Infrastructure,UPTREND,MOVING UP,,Sustained BUY with confirmed trend and momentum
NTB,LEADER,🚀 LEADER,BUY,BUY,"Aug 04, 2026",Financials,Banks - Diversified,UPTREND,MOVING UP,,Sustained BUY with confirmed trend and momentum
NTCT,UNCHANGED,UNCHANGED,SELL,SELL,"Jul 20, 2026",Technology,Software - Infrastructure,DOWNTREND,MOVING DOWN,,No active BUY transition
NTES,UNCHANGED,UNCHANGED,SELL,SELL,"Aug 13, 2026",Communication,Electronic Gaming & Multimedia,DOWNTREND,MOVING DOWN,,No active BUY transition
NTGR,UNCHANGED,UNCHANGED,SELL,SELL,"Aug 11, 2026",Technology,Communication Equipment,NEUTRAL,MOVING UP,,No active BUY transition
NTLA,UNCHANGED,UNCHANGED,SELL,SELL,"Jul 10, 2026",Health Care,Biotechnology,DOWNTREND,MOVING UP,,No active BUY transition
NTNX,LEADER,🚀 LEADER,BUY,BUY,"Aug 11, 2026",Technology,Software - Infrastructure,UPTREND,MOVING UP,,Sustained BUY with confirmed trend and momentum
NTR,UNCHANGED,UNCHANGED,SELL,SELL,"Jul 24, 2026",Materials,Agricultural Inputs,NEUTRAL,MOVING UP,,No active BUY transition
NTRA,LEADER,🚀 LEADER,BUY,BUY,"Aug 06, 2026",Health Care,Diagnostics & Research,UPTREND,MOVING UP,,Sustained BUY with confirmed trend and momentum
NTRS,LEADER,🚀 LEADER,BUY,BUY,"Aug 13, 2026",Financials,Asset Management,UPTREND,MOVING UP,,Sustained BUY with confirmed trend and momentum
NTSK,UNCHANGED,UNCHANGED,,,,Technology,Software - Infrastructure,UPTREND,,,No active BUY transition
NTST,UNCHANGED,UNCHANGED,SELL,SELL,"Aug 03, 2026",Real Estate,REIT - Retail,DOWNTREND,MOVING DOWN,,No active BUY transition
NTWO,UNCHANGED,UNCHANGED,,,,Financials,Shell Companies,UPTREND,,,No active BUY transition
NU,UNCHANGED,UNCHANGED,SELL,SELL,"Jul 31, 2026",Financials,Banks - Regional,NEUTRAL,MOVING UP,,No active BUY transition
NUE,LEADER,🚀 LEADER,BUY,BUY,"Jul 27, 2026",Materials,Steel,UPTREND,MOVING UP,,Sustained BUY with confirmed trend and momentum
NUW,UNCHANGED,UNCHANGED,SELL,SELL,"Jul 17, 2026",Financials,Closed-End Fund - Debt,DOWNTREND,MOVING UP,,No active BUY transition
NVCR,EMERGING,🔥 EMERGING,BUY,SELL,"Aug 14, 2026",Health Care,Medical Devices,UPTREND,MOVING UP,,New BUY with rising trend and accelerating momentum
NVCT,UNCHANGED,UNCHANGED,,,,Health Care,Biotechnology,UPTREND,,,No active BUY transition
NVDA,LEADER,🚀 LEADER,BUY,BUY,"Aug 06, 2026",Technology,Semiconductors,UPTREND,MOVING UP,,Sustained BUY with confirmed trend and momentum
NVEC,DETERIORATING,⚠️ DETERIORATING,BUY,BUY,"Jul 24, 2026",Technology,Semiconductors,UPTREND,MOVING DOWN,,Existing BUY momentum is weakening
NVG,UNCHANGED,UNCHANGED,SELL,SELL,"Jul 16, 2026",Financials,Closed-End Fund - Debt,DOWNTREND,MOVING UP,,No active BUY transition
NVGS,UNCHANGED,UNCHANGED,SELL,SELL,"Aug 07, 2026",Energy,Oil & Gas Midstream,DOWNTREND,MOVING DOWN,,No active BUY transition
NVMI,UNCHANGED,UNCHANGED,SELL,,"Jun 29, 2026",Technology,Semiconductor Equipment & Materials,DOWNTREND,MOVING UP,,No active BUY transition
NVNO,DETERIORATING,⚠️ DETERIORATING,BUY,BUY,"Aug 12, 2026",Health Care,Medical Devices,UPTREND,MOVING DOWN,,Existing BUY momentum is weakening
NVO,UNCHANGED,UNCHANGED,SELL,SELL,"Jul 22, 2026",Health Care,Drug Manufacturers - General,DOWNTREND,MOVING DOWN,,No active BUY transition
NVR,UNCHANGED,UNCHANGED,SELL,SELL,"Jul 09, 2026",Discretionary,Residential Construction,DOWNTREND,MOVING UP,,No active BUY transition
NVS,UNCHANGED,UNCHANGED,SELL,SELL,"Aug 13, 2026",Health Care,Drug Manufacturers - General,DOWNTREND,MOVING DOWN,,No active BUY transition
NVST,REMOVED,❌ REMOVED,SELL,BUY,"Aug 14, 2026",Health Care,Medical Instruments & Supplies,UPTREND,MOVING DOWN,,Prior BUY is missing or no longer rated BUY
NVT,LEADER,🚀 LEADER,BUY,BUY,"Aug 07, 2026",Industrials,Electrical Equipment & Parts,UPTREND,MOVING UP,,Sustained BUY with confirmed trend and momentum
NWBI,UNCHANGED,UNCHANGED,SELL,SELL,"Aug 11, 2026",Financials,Banks - Regional,UPTREND,MOVING DOWN,,No active BUY transition
NWE,UNCHANGED,UNCHANGED,SELL,SELL,"Jul 30, 2026",Utilities,Utilities - Regulated Electric,NEUTRAL,MOVING UP,,No active BUY transition
NWFL,LEADER,🚀 LEADER,BUY,BUY,"Jul 28, 2026",Financials,Banks - Regional,UPTREND,MOVING UP,,Sustained BUY with confirmed trend and momentum
NWG,LEADER,🚀 LEADER,BUY,BUY,"Aug 04, 2026",Financials,Banks - Regional,UPTREND,MOVING UP,,Sustained BUY with confirmed trend and momentum
NWN,UNCHANGED,UNCHANGED,SELL,SELL,"Aug 03, 2026",Utilities,Utilities - Regulated Gas,NEUTRAL,MOVING UP,,No active BUY transition
NWPX,UNCHANGED,UNCHANGED,SELL,SELL,"Jul 07, 2026",Materials,Steel,DOWNTREND,MOVING DOWN,,No active BUY transition
NWS,UNCHANGED,UNCHANGED,SELL,SELL,"Aug 12, 2026",Communication,Entertainment,UPTREND,MOVING DOWN,,No active BUY transition
NWSA,UNCHANGED,UNCHANGED,SELL,SELL,"Aug 11, 2026",Communication,Entertainment,UPTREND,MOVING DOWN,,No active BUY transition
NX,LEADER,🚀 LEADER,BUY,BUY,"Jul 17, 2026",Industrials,Building Products & Equipment,UPTREND,MOVING UP,,Sustained BUY with confirmed trend and momentum
NXE,LEADER,🚀 LEADER,BUY,BUY,"Aug 06, 2026",Energy,Uranium,UPTREND,MOVING UP,,Sustained BUY with confirmed trend and momentum
NXG,UNCHANGED,UNCHANGED,,,,Financials,Closed-End Fund - Equity,UPTREND,,,No active BUY transition
NXP,UNCHANGED,UNCHANGED,SELL,SELL,"Jul 24, 2026",Financials,Closed-End Fund - Debt,NEUTRAL,MOVING UP,,No active BUY transition
NXRT,UNCHANGED,UNCHANGED,SELL,SELL,"Jul 10, 2026",Real Estate,REIT - Residential,DOWNTREND,MOVING DOWN,,No active BUY transition
NXST,UNCHANGED,UNCHANGED,SELL,SELL,"Aug 13, 2026",Communication,Broadcasting,UPTREND,MOVING DOWN,,No active BUY transition
NXT,UNCHANGED,UNCHANGED,,,,Technology,Solar,DOWNTREND,,,No active BUY transition
NYT,UNCHANGED,UNCHANGED,SELL,SELL,"Aug 06, 2026",Communication,Publishing,DOWNTREND,MOVING DOWN,,No active BUY transition
NZF,UNCHANGED,UNCHANGED,SELL,SELL,"Jul 08, 2026",Financials,Closed-End Fund - Debt,NEUTRAL,MOVING UP,,No active BUY transition
O,UNCHANGED,UNCHANGED,SELL,SELL,"Aug 04, 2026",Real Estate,REIT - Retail,DOWNTREND,MOVING DOWN,,No active BUY transition
OACC,UNCHANGED,UNCHANGED,,,,Financials,Shell Companies,UPTREND,,,No active BUY transition
OBDC,LEADER,🚀 LEADER,BUY,BUY,"Aug 05, 2026",Financials,Asset Management,UPTREND,MOVING UP,,Sustained BUY with confirmed trend and momentum
OBK,UNCHANGED,UNCHANGED,SELL,SELL,"Aug 07, 2026",Financials,Banks - Regional,UPTREND,MOVING DOWN,,No active BUY transition
OC,LEADER,🚀 LEADER,BUY,BUY,"Aug 10, 2026",Industrials,Building Products & Equipment,UPTREND,MOVING UP,,Sustained BUY with confirmed trend and momentum
OCC,LEADER,🚀 LEADER,BUY,BUY,"Aug 13, 2026",Technology,Communication Equipment,UPTREND,MOVING UP,,Sustained BUY with confirmed trend and momentum
OCFC,UNCHANGED,UNCHANGED,SELL,SELL,"Aug 03, 2026",Financials,Banks - Regional,NEUTRAL,MOVING DOWN,,No active BUY transition
OCSL,LEADER,🚀 LEADER,BUY,BUY,"Aug 07, 2026",Financials,Asset Management,UPTREND,MOVING UP,,Sustained BUY with confirmed trend and momentum
OCUL,LEADER,🚀 LEADER,BUY,BUY,"Aug 12, 2026",Health Care,Biotechnology,UPTREND,MOVING UP,,Sustained BUY with confirmed trend and momentum
ODC,UNCHANGED,UNCHANGED,SELL,SELL,"Jul 10, 2026",Materials,Specialty Chemicals,DOWNTREND,MOVING DOWN,,No active BUY transition
ODFL,UNCHANGED,UNCHANGED,SELL,SELL,"Jul 30, 2026",Industrials,Trucking,DOWNTREND,MOVING DOWN,,No active BUY transition
OESX,LEADER,🚀 LEADER,BUY,BUY,"Aug 06, 2026",Industrials,Electrical Equipment & Parts,UPTREND,MOVING UP,,Sustained BUY with confirmed trend and momentum
OFG,UNCHANGED,UNCHANGED,SELL,SELL,"Aug 10, 2026",Financials,Banks - Regional,UPTREND,MOVING DOWN,,No active BUY transition
OFIX,UNCHANGED,UNCHANGED,SELL,SELL,"Aug 07, 2026",Health Care,Medical Devices,DOWNTREND,MOVING DOWN,,No active BUY transition
OFLX,REMOVED,❌ REMOVED,SELL,BUY,"Aug 14, 2026",Industrials,Specialty Industrial Machinery,DOWNTREND,MOVING DOWN,,Prior BUY is missing or no longer rated BUY
OGE,UNCHANGED,UNCHANGED,SELL,SELL,"Jul 31, 2026",Utilities,Utilities - Regulated Electric,DOWNTREND,MOVING DOWN,,No active BUY transition
OGS,UNCHANGED,UNCHANGED,SELL,SELL,"Jul 30, 2026",Utilities,Utilities - Regulated Gas,UPTREND,MOVING UP,,No active BUY transition
OHI,UNCHANGED,UNCHANGED,SELL,SELL,"Aug 04, 2026",Real Estate,REIT - Healthcare Facilities,DOWNTREND,MOVING DOWN,,No active BUY transition
OII,REMOVED,❌ REMOVED,SELL,BUY,"Aug 14, 2026",Energy,Oil & Gas Equipment & Services,UPTREND,MOVING DOWN,,Prior BUY is missing or no longer rated BUY
OKE,EMERGING,🔥 EMERGING,BUY,SELL,"Aug 14, 2026",Energy,Oil & Gas Midstream,UPTREND,MOVING UP,,New BUY with rising trend and accelerating momentum
OKLO,NEW_BUY,NEW BUY,BUY,,"Aug 14, 2026",Utilities,Utilities - Independent Power Producers,NEUTRAL,MOVING UP,,BUY triggered since the previous file
OKTA,LEADER,🚀 LEADER,BUY,BUY,"Aug 11, 2026",Technology,Software - Infrastructure,UPTREND,MOVING UP,,Sustained BUY with confirmed trend and momentum
OLED,LEADER,🚀 LEADER,BUY,BUY,"Aug 06, 2026",Technology,Electronic Components,UPTREND,MOVING UP,,Sustained BUY with confirmed trend and momentum
OLLI,LEADER,🚀 LEADER,BUY,BUY,"Aug 03, 2026",Staples,Discount Stores,UPTREND,MOVING UP,,Sustained BUY with confirmed trend and momentum
OLMA,UNCHANGED,UNCHANGED,SELL,SELL,"Jul 30, 2026",Health Care,Biotechnology,DOWNTREND,MOVING DOWN,,No active BUY transition
OLN,UNCHANGED,UNCHANGED,SELL,SELL,"Aug 03, 2026",Materials,Chemicals,DOWNTREND,MOVING DOWN,,No active BUY transition
OLP,UNCHANGED,UNCHANGED,SELL,SELL,"Jul 31, 2026",Real Estate,REIT - Diversified,NEUTRAL,MOVING DOWN,,No active BUY transition
OMAB,DETERIORATING,⚠️ DETERIORATING,BUY,BUY,"Aug 06, 2026",Industrials,Airports & Air Services,NEUTRAL,MOVING DOWN,,Existing BUY momentum is weakening
OMC,LEADER,🚀 LEADER,BUY,BUY,"Aug 12, 2026",Communication,Advertising Agencies,UPTREND,MOVING UP,,Sustained BUY with confirmed trend and momentum
OMCL,UNCHANGED,UNCHANGED,SELL,SELL,"Jul 23, 2026",Health Care,Health Information Services,DOWNTREND,MOVING DOWN,,No active BUY transition
OMDA,UNCHANGED,UNCHANGED,,,,Health Care,Health Information Services,UPTREND,,,No active BUY transition
OMER,LEADER,🚀 LEADER,BUY,BUY,"Jul 28, 2026",Health Care,Biotechnology,UPTREND,MOVING UP,,Sustained BUY with confirmed trend and momentum
OMF,LEADER,🚀 LEADER,BUY,BUY,"Jul 29, 2026",Financials,Credit Services,UPTREND,MOVING UP,,Sustained BUY with confirmed trend and momentum
ONB,UNCHANGED,UNCHANGED,SELL,SELL,"Jul 24, 2026",Financials,Banks - Regional,UPTREND,MOVING DOWN,,No active BUY transition
ONC,LEADER,🚀 LEADER,BUY,BUY,"Aug 11, 2026",Health Care,Biotechnology,UPTREND,MOVING UP,,Sustained BUY with confirmed trend and momentum
ONCH,UNCHANGED,UNCHANGED,,,,Financials,Shell Companies,NEUTRAL,,,No active BUY transition
ONEW,UNCHANGED,UNCHANGED,SELL,SELL,"Jul 27, 2026",Discretionary,Specialty Retail,UPTREND,MOVING UP,,No active BUY transition
ONIT,UNCHANGED,UNCHANGED,SELL,SELL,"Aug 03, 2026",Financials,Mortgage Finance,UPTREND,MOVING DOWN,,No active BUY transition
ONON,UNCHANGED,UNCHANGED,SELL,SELL,"Aug 12, 2026",Discretionary,Footwear & Accessories,DOWNTREND,MOVING DOWN,,No active BUY transition
ONT,UNCHANGED,UNCHANGED,,,,Industrials,Waste Management,DOWNTREND,,,No active BUY transition
ONTO,LEADER,🚀 LEADER,BUY,BUY,"Aug 12, 2026",Technology,Semiconductor Equipment & Materials,UPTREND,MOVING UP,,Sustained BUY with confirmed trend and momentum
OOMA,UNCHANGED,UNCHANGED,SELL,SELL,"Jul 20, 2026",Technology,Software - Application,UPTREND,MOVING DOWN,,No active BUY transition
OPBK,UNCHANGED,UNCHANGED,SELL,SELL,"Aug 12, 2026",Financials,Banks - Regional,UPTREND,MOVING DOWN,,No active BUY transition
OPCH,LEADER,🚀 LEADER,BUY,BUY,"Jul 31, 2026",Health Care,Medical Care Facilities,UPTREND,MOVING UP,,Sustained BUY with confirmed trend and momentum
OPLN,UNCHANGED,UNCHANGED,SELL,SELL,"Jul 14, 2026",Discretionary,Auto & Truck Dealerships,DOWNTREND,MOVING DOWN,,No active BUY transition
OPRA,LEADER,🚀 LEADER,BUY,BUY,"Aug 05, 2026",Communication,Internet Content & Information,UPTREND,MOVING UP,,Sustained BUY with confirmed trend and momentum
OPXS,UNCHANGED,UNCHANGED,SELL,SELL,"Jul 14, 2026",Industrials,Aerospace & Defense,DOWNTREND,MOVING UP,,No active BUY transition
OPY,LEADER,🚀 LEADER,BUY,BUY,"Aug 07, 2026",Financials,Capital Markets,UPTREND,MOVING UP,,Sustained BUY with confirmed trend and momentum
OR,LEADER,🚀 LEADER,BUY,BUY,"Aug 06, 2026",Materials,Gold,UPTREND,MOVING UP,,Sustained BUY with confirmed trend and momentum
ORA,LEADER,🚀 LEADER,BUY,BUY,"Aug 12, 2026",Utilities,Utilities - Renewable,UPTREND,MOVING UP,,Sustained BUY with confirmed trend and momentum
ORCL,LEADER,🚀 LEADER,BUY,BUY,"Aug 10, 2026",Technology,Software - Infrastructure,UPTREND,MOVING UP,,Sustained BUY with confirmed trend and momentum
ORI,UNCHANGED,UNCHANGED,SELL,SELL,"Aug 10, 2026",Financials,Insurance - Property & Casualty,UPTREND,MOVING DOWN,,No active BUY transition
ORIC,DETERIORATING,⚠️ DETERIORATING,BUY,BUY,"Aug 07, 2026",Health Care,Biotechnology,UPTREND,MOVING DOWN,,Existing BUY momentum is weakening
ORKA,LEADER,🚀 LEADER,BUY,BUY,"Jul 22, 2026",Health Care,Biotechnology,UPTREND,MOVING UP,,Sustained BUY with confirmed trend and momentum
ORLY,LEADER,🚀 LEADER,BUY,BUY,"Jul 29, 2026",Discretionary,Auto Parts,UPTREND,MOVING UP,,Sustained BUY with confirmed trend and momentum
ORRF,UNCHANGED,UNCHANGED,SELL,SELL,"Aug 11, 2026",Financials,Banks - Regional,UPTREND,MOVING DOWN,,No active BUY transition
OSBC,DETERIORATING,⚠️ DETERIORATING,BUY,BUY,"Jul 20, 2026",Financials,Banks - Regional,UPTREND,MOVING DOWN,,Existing BUY momentum is weakening
OSCR,UNCHANGED,UNCHANGED,,,,Health Care,Healthcare Plans,NEUTRAL,,,No active BUY transition
OSIS,LEADER,🚀 LEADER,BUY,BUY,"Jul 31, 2026",Technology,Electronic Components,UPTREND,MOVING UP,,Sustained BUY with confirmed trend and momentum
OSK,LEADER,🚀 LEADER,BUY,BUY,"Aug 13, 2026",Industrials,Farm & Heavy Construction Machinery,UPTREND,MOVING UP,,Sustained BUY with confirmed trend and momentum
OSPN,LEADER,🚀 LEADER,BUY,BUY,"Aug 06, 2026",Technology,Software - Infrastructure,UPTREND,MOVING UP,,Sustained BUY with confirmed trend and momentum
OSW,UNCHANGED,UNCHANGED,SELL,SELL,"Jul 30, 2026",Discretionary,Leisure,NEUTRAL,MOVING DOWN,,No active BUY transition
OTEX,UNCHANGED,UNCHANGED,SELL,SELL,"Aug 13, 2026",Technology,Software - Application,UPTREND,MOVING DOWN,,No active BUY transition
OTF,UNCHANGED,UNCHANGED,,,,Financials,Asset Management,UPTREND,,,No active BUY transition
OTIS,DETERIORATING,⚠️ DETERIORATING,BUY,BUY,"Aug 05, 2026",Industrials,Specialty Industrial Machinery,NEUTRAL,MOVING DOWN,,Existing BUY momentum is weakening
OTTR,LEADER,🚀 LEADER,BUY,BUY,"Aug 07, 2026",Industrials,Conglomerates,UPTREND,MOVING UP,,Sustained BUY with confirmed trend and momentum
OUST,UNCHANGED,UNCHANGED,,,,Technology,Electronic Components,UPTREND,,,No active BUY transition
OUT,UNCHANGED,UNCHANGED,SELL,SELL,"Jul 21, 2026",Real Estate,REIT - Specialty,DOWNTREND,MOVING DOWN,,No active BUY transition
OVBC,LEADER,🚀 LEADER,BUY,BUY,"Aug 12, 2026",Financials,Banks - Regional,UPTREND,MOVING UP,,Sustained BUY with confirmed trend and momentum
OVLY,EMERGING,🔥 EMERGING,BUY,SELL,"Aug 14, 2026",Financials,Banks - Regional,UPTREND,MOVING UP,,New BUY with rising trend and accelerating momentum
OVV,LEADER,🚀 LEADER,BUY,BUY,"Jul 14, 2026",Energy,Oil & Gas E&P,UPTREND,MOVING UP,,Sustained BUY with confirmed trend and momentum
OWL,LEADER,🚀 LEADER,BUY,BUY,"Jul 31, 2026",Financials,Asset Management,UPTREND,MOVING UP,,Sustained BUY with confirmed trend and momentum
OXM,UNCHANGED,UNCHANGED,SELL,SELL,"Aug 04, 2026",Discretionary,Apparel Manufacturing,DOWNTREND,MOVING DOWN,,No active BUY transition
OXY,LEADER,🚀 LEADER,BUY,BUY,"Aug 11, 2026",Energy,Oil & Gas E&P,UPTREND,MOVING UP,,Sustained BUY with confirmed trend and momentum
OYSE,UNCHANGED,UNCHANGED,,,,Financials,Shell Companies,UPTREND,,,No active BUY transition
P,LEADER,🚀 LEADER,BUY,BUY,"Aug 04, 2026",Technology,Computer Hardware,UPTREND,MOVING UP,,Sustained BUY with confirmed trend and momentum
PAA,UNCHANGED,UNCHANGED,SELL,SELL,"Aug 06, 2026",Energy,Oil & Gas Midstream,NEUTRAL,MOVING DOWN,,No active BUY transition
PAAS,ACTIVE_BUY,ACTIVE BUY,BUY,BUY,"Aug 06, 2026",Materials,Gold,NEUTRAL,MOVING UP,,BUY remains active without a higher-priority setup
PAC,UNCHANGED,UNCHANGED,SELL,SELL,"Jul 09, 2026",Industrials,Airports & Air Services,DOWNTREND,MOVING DOWN,,No active BUY transition
PACH,UNCHANGED,UNCHANGED,,,,Financials,Shell Companies,UPTREND,,,No active BUY transition
PACS,UNCHANGED,UNCHANGED,,,,Health Care,Medical Care Facilities,UPTREND,,,No active BUY transition
PAG,UNCHANGED,UNCHANGED,SELL,SELL,"Aug 06, 2026",Discretionary,Auto & Truck Dealerships,UPTREND,MOVING DOWN,,No active BUY transition
PAGP,UNCHANGED,UNCHANGED,SELL,SELL,"Aug 04, 2026",Energy,Oil & Gas Midstream,NEUTRAL,MOVING DOWN,,No active BUY transition
PAHC,UNCHANGED,UNCHANGED,SELL,SELL,"Aug 11, 2026",Health Care,Drug Manufacturers - Specialty & Generic,NEUTRAL,MOVING DOWN,,No active BUY transition
PAI,UNCHANGED,UNCHANGED,SELL,SELL,"Jul 14, 2026",Financials,Closed-End Fund - Debt,DOWNTREND,MOVING UP,,No active BUY transition
PAII,UNCHANGED,UNCHANGED,,,,Financials,Shell Companies,UPTREND,,,No active BUY transition
PAM,UNCHANGED,UNCHANGED,SELL,SELL,"Aug 07, 2026",Industrials,Conglomerates,DOWNTREND,MOVING DOWN,,No active BUY transition
PAMT,UNCHANGED,UNCHANGED,SELL,SELL,"Aug 07, 2026",Industrials,Trucking,DOWNTREND,MOVING DOWN,,No active BUY transition
PANW,LEADER,🚀 LEADER,BUY,BUY,"Aug 06, 2026",Technology,Software - Infrastructure,UPTREND,MOVING UP,,Sustained BUY with confirmed trend and momentum
PAR,LEADER,🚀 LEADER,BUY,BUY,"Aug 03, 2026",Technology,Software - Application,UPTREND,MOVING UP,,Sustained BUY with confirmed trend and momentum
PARR,UNCHANGED,UNCHANGED,SELL,SELL,"Jul 31, 2026",Energy,Oil & Gas Refining & Marketing,UPTREND,MOVING DOWN,,No active BUY transition
PATH,LEADER,🚀 LEADER,BUY,BUY,"Jul 30, 2026",Technology,Software - Infrastructure,UPTREND,MOVING UP,,Sustained BUY with confirmed trend and momentum
PATK,UNCHANGED,UNCHANGED,SELL,SELL,"Jul 06, 2026",Discretionary,Recreational Vehicles,NEUTRAL,MOVING DOWN,,No active BUY transition
PAX,LEADER,🚀 LEADER,BUY,BUY,"Aug 05, 2026",Financials,Asset Management,UPTREND,MOVING UP,,Sustained BUY with confirmed trend and momentum
PAXS,DETERIORATING,⚠️ DETERIORATING,BUY,BUY,"Aug 13, 2026",Financials,Closed-End Fund - Debt,UPTREND,MOVING DOWN,,Existing BUY momentum is weakening
PAY,UNCHANGED,UNCHANGED,SELL,SELL,"Aug 11, 2026",Technology,Software - Infrastructure,UPTREND,MOVING DOWN,,No active BUY transition
PAYC,LEADER,🚀 LEADER,BUY,BUY,"Jul 29, 2026",Technology,Software - Application,UPTREND,MOVING UP,,Sustained BUY with confirmed trend and momentum
PAYS,LEADER,🚀 LEADER,BUY,BUY,"Aug 07, 2026",Technology,Software - Infrastructure,UPTREND,MOVING UP,,Sustained BUY with confirmed trend and momentum
PAYX,REMOVED,❌ REMOVED,SELL,BUY,"Aug 14, 2026",Technology,Software - Application,UPTREND,MOVING DOWN,,Prior BUY is missing or no longer rated BUY
PB,UNCHANGED,UNCHANGED,SELL,SELL,"Aug 10, 2026",Financials,Banks - Regional,UPTREND,MOVING DOWN,,No active BUY transition
PBA,UNCHANGED,UNCHANGED,SELL,SELL,"Aug 04, 2026",Energy,Oil & Gas Midstream,NEUTRAL,MOVING DOWN,,No active BUY transition
PBF,UNCHANGED,UNCHANGED,SELL,SELL,"Jul 29, 2026",Energy,Oil & Gas Refining & Marketing,UPTREND,MOVING DOWN,,No active BUY transition
PBFS,UNCHANGED,UNCHANGED,SELL,SELL,"Aug 03, 2026",Financials,Banks - Regional,UPTREND,MOVING DOWN,,No active BUY transition
PBH,DETERIORATING,⚠️ DETERIORATING,BUY,BUY,"Aug 04, 2026",Health Care,Drug Manufacturers - Specialty & Generic,UPTREND,MOVING DOWN,,Existing BUY momentum is weakening
PBHC,UNCHANGED,UNCHANGED,SELL,SELL,"Jul 08, 2026",Financials,Banks - Regional,UPTREND,MOVING DOWN,,No active BUY transition
PBI,UNCHANGED,UNCHANGED,SELL,SELL,"Jul 23, 2026",Industrials,Integrated Freight & Logistics,DOWNTREND,MOVING DOWN,,No active BUY transition
PBR,UNCHANGED,UNCHANGED,SELL,SELL,"Aug 10, 2026",Energy,Oil & Gas Integrated,DOWNTREND,MOVING DOWN,,No active BUY transition
PBT,LEADER,🚀 LEADER,BUY,BUY,"Jul 14, 2026",Energy,Oil & Gas Midstream,UPTREND,MOVING UP,,Sustained BUY with confirmed trend and momentum
PCAR,UNCHANGED,UNCHANGED,SELL,,"Aug 14, 2026",Industrials,Farm & Heavy Construction Machinery,UPTREND,MOVING DOWN,,No active BUY transition
PCB,UNCHANGED,UNCHANGED,SELL,SELL,"Jul 08, 2026",Financials,Banks - Regional,NEUTRAL,MOVING UP,,No active BUY transition
PCG,UNCHANGED,UNCHANGED,SELL,SELL,"Aug 04, 2026",Utilities,Utilities - Regulated Electric,NEUTRAL,MOVING DOWN,,No active BUY transition
PCN,LEADER,🚀 LEADER,BUY,BUY,"Aug 10, 2026",Financials,Closed-End Fund - Debt,UPTREND,MOVING UP,,Sustained BUY with confirmed trend and momentum
PCOR,UNCHANGED,UNCHANGED,SELL,SELL,"Aug 12, 2026",Technology,Software - Application,UPTREND,MOVING DOWN,,No active BUY transition
PCRX,UNCHANGED,UNCHANGED,SELL,SELL,"Aug 06, 2026",Health Care,Drug Manufacturers - Specialty & Generic,DOWNTREND,MOVING DOWN,,No active BUY transition
PCTY,UNCHANGED,UNCHANGED,SELL,SELL,"Aug 13, 2026",Technology,Software - Application,UPTREND,MOVING DOWN,,No active BUY transition
PCVX,LEADER,🚀 LEADER,BUY,BUY,"Aug 07, 2026",Health Care,Biotechnology,UPTREND,MOVING UP,,Sustained BUY with confirmed trend and momentum
PCYO,LEADER,🚀 LEADER,BUY,BUY,"Aug 11, 2026",Utilities,Utilities - Regulated Water,UPTREND,MOVING UP,,Sustained BUY with confirmed trend and momentum
PD,LEADER,🚀 LEADER,BUY,BUY,"Jul 31, 2026",Technology,Software - Application,UPTREND,MOVING UP,,Sustained BUY with confirmed trend and momentum
PDD,REMOVED,❌ REMOVED,SELL,BUY,"Aug 14, 2026",Discretionary,Internet Retail,NEUTRAL,MOVING DOWN,,Prior BUY is missing or no longer rated BUY
PDEX,LEADER,🚀 LEADER,BUY,BUY,"Aug 05, 2026",Health Care,Medical Instruments & Supplies,UPTREND,MOVING UP,,Sustained BUY with confirmed trend and momentum
PDI,UNCHANGED,UNCHANGED,SELL,SELL,"Jul 15, 2026",Financials,Closed-End Fund - Debt,DOWNTREND,MOVING DOWN,,No active BUY transition
PDLB,UNCHANGED,UNCHANGED,SELL,SELL,"Aug 10, 2026",Financials,Banks - Regional,UPTREND,MOVING UP,,No active BUY transition
PDO,UNCHANGED,UNCHANGED,,,,Financials,Closed-End Fund - Debt,DOWNTREND,,,No active BUY transition
PDS,EMERGING,🔥 EMERGING,BUY,SELL,"Aug 14, 2026",Energy,Oil & Gas Drilling,UPTREND,MOVING UP,,New BUY with rising trend and accelerating momentum
PDT,UNCHANGED,UNCHANGED,SELL,SELL,"Aug 03, 2026",Financials,Closed-End Fund - Debt,DOWNTREND,MOVING DOWN,,No active BUY transition
PDX,LEADER,🚀 LEADER,BUY,BUY,"Aug 04, 2026",Financials,Asset Management,UPTREND,MOVING UP,,Sustained BUY with confirmed trend and momentum
PEB,UNCHANGED,UNCHANGED,SELL,,"Jun 29, 2026",Real Estate,REIT - Hotel & Motel,NEUTRAL,MOVING DOWN,,No active BUY transition
PEBK,EMERGING,🔥 EMERGING,BUY,,"Aug 14, 2026",Financials,Banks - Regional,UPTREND,MOVING UP,,New BUY with rising trend and accelerating momentum
PEBO,UNCHANGED,UNCHANGED,SELL,SELL,"Aug 11, 2026",Financials,Banks - Regional,UPTREND,MOVING DOWN,,No active BUY transition
PECO,UNCHANGED,UNCHANGED,SELL,SELL,"Jul 27, 2026",Real Estate,REIT - Retail,DOWNTREND,MOVING UP,,No active BUY transition
PED,UNCHANGED,UNCHANGED,,,,Energy,Oil & Gas E&P,NEUTRAL,,,No active BUY transition
PEG,UNCHANGED,UNCHANGED,SELL,SELL,"Jul 09, 2026",Utilities,Utilities - Regulated Electric,DOWNTREND,MOVING DOWN,,No active BUY transition
PEGA,LEADER,🚀 LEADER,BUY,BUY,"Aug 06, 2026",Technology,Software - Application,UPTREND,MOVING UP,,Sustained BUY with confirmed trend and momentum
PEN,LEADER,🚀 LEADER,BUY,BUY,"Jul 28, 2026",Health Care,Medical Devices,UPTREND,MOVING UP,,Sustained BUY with confirmed trend and momentum
PENG,UNCHANGED,UNCHANGED,SELL,SELL,"Jul 20, 2026",Technology,Information Technology Services,NEUTRAL,MOVING UP,,No active BUY transition
PEO,UNCHANGED,UNCHANGED,SELL,SELL,"Aug 06, 2026",Financials,Closed-End Fund - Equity,UPTREND,MOVING UP,,No active BUY transition
PEP,UNCHANGED,UNCHANGED,SELL,SELL,"Aug 11, 2026",Staples,Beverages - Non-Alcoholic,DOWNTREND,MOVING UP,,No active BUY transition
PFBC,UNCHANGED,UNCHANGED,SELL,SELL,"Jul 22, 2026",Financials,Banks - Regional,UPTREND,MOVING DOWN,,No active BUY transition
PFD,UNCHANGED,UNCHANGED,SELL,SELL,"Jul 21, 2026",Financials,Closed-End Fund - Debt,DOWNTREND,MOVING UP,,No active BUY transition
PFE,LEADER,🚀 LEADER,BUY,BUY,"Jul 23, 2026",Health Care,Drug Manufacturers - General,UPTREND,MOVING UP,,Sustained BUY with confirmed trend and momentum
PFG,DETERIORATING,⚠️ DETERIORATING,BUY,BUY,"Aug 05, 2026",Financials,Asset Management,UPTREND,MOVING DOWN,,Existing BUY momentum is weakening
PFGC,UNCHANGED,UNCHANGED,SELL,SELL,"Aug 05, 2026",Staples,Food Distribution,DOWNTREND,MOVING DOWN,,No active BUY transition
PFIS,UNCHANGED,UNCHANGED,SELL,SELL,"Aug 04, 2026",Financials,Banks - Regional,UPTREND,MOVING DOWN,,No active BUY transition
PFS,DETERIORATING,⚠️ DETERIORATING,BUY,BUY,"Aug 04, 2026",Financials,Banks - Regional,UPTREND,MOVING DOWN,,Existing BUY momentum is weakening
PFSI,UNCHANGED,UNCHANGED,SELL,SELL,"Jul 08, 2026",Financials,Mortgage Finance,DOWNTREND,MOVING UP,,No active BUY transition
PFX,LEADER,🚀 LEADER,BUY,BUY,"Aug 06, 2026",Financials,Asset Management,UPTREND,MOVING UP,,Sustained BUY with confirmed trend and momentum
PG,UNCHANGED,UNCHANGED,SELL,SELL,"Jul 10, 2026",Staples,Household & Personal Products,DOWNTREND,MOVING DOWN,,No active BUY transition
PGAC,UNCHANGED,UNCHANGED,,,,Financials,Shell Companies,UPTREND,,,No active BUY transition
PGC,UNCHANGED,UNCHANGED,SELL,SELL,"Jul 10, 2026",Financials,Banks - Regional,NEUTRAL,MOVING DOWN,,No active BUY transition
PGNY,UNCHANGED,UNCHANGED,SELL,SELL,"Aug 07, 2026",Health Care,Healthcare Plans,DOWNTREND,MOVING DOWN,,No active BUY transition
PGR,UNCHANGED,UNCHANGED,SELL,SELL,"Jul 16, 2026",Financials,Insurance - Property & Casualty,DOWNTREND,MOVING DOWN,,No active BUY transition
PGY,UNCHANGED,UNCHANGED,SELL,SELL,"Aug 13, 2026",Technology,Software - Infrastructure,UPTREND,MOVING DOWN,,No active BUY transition
PGZ,UNCHANGED,UNCHANGED,SELL,SELL,"Jul 21, 2026",Financials,Closed-End Fund - Debt,NEUTRAL,MOVING DOWN,,No active BUY transition
PHG,LEADER,🚀 LEADER,BUY,BUY,"Aug 12, 2026",Health Care,Medical Devices,UPTREND,MOVING UP,,Sustained BUY with confirmed trend and momentum
PHI,UNCHANGED,UNCHANGED,SELL,SELL,"Aug 06, 2026",Communication,Telecom Services,UPTREND,MOVING DOWN,,No active BUY transition
PHIN,UNCHANGED,UNCHANGED,,,,Discretionary,Auto Parts,DOWNTREND,,,No active BUY transition
PHM,LEADER,🚀 LEADER,BUY,BUY,"Jul 29, 2026",Discretionary,Residential Construction,UPTREND,MOVING UP,,Sustained BUY with confirmed trend and momentum
PHR,LEADER,🚀 LEADER,BUY,BUY,"Jul 30, 2026",Health Care,Health Information Services,UPTREND,MOVING UP,,Sustained BUY with confirmed trend and momentum
PI,LEADER,🚀 LEADER,BUY,BUY,"Aug 03, 2026",Technology,Semiconductors,UPTREND,MOVING UP,,Sustained BUY with confirmed trend and momentum
PII,UNCHANGED,UNCHANGED,SELL,SELL,"Jul 31, 2026",Discretionary,Recreational Vehicles,DOWNTREND,MOVING DOWN,,No active BUY transition
PIII,LEADER,🚀 LEADER,BUY,BUY,"Aug 11, 2026",Health Care,Medical Care Facilities,UPTREND,MOVING UP,,Sustained BUY with confirmed trend and momentum
PINE,UNCHANGED,UNCHANGED,SELL,SELL,"Jul 27, 2026",Real Estate,REIT - Retail,DOWNTREND,MOVING DOWN,,No active BUY transition
PINS,UNCHANGED,UNCHANGED,SELL,SELL,"Aug 07, 2026",Communication,Internet Content & Information,UPTREND,MOVING DOWN,,No active BUY transition
PIPR,UNCHANGED,UNCHANGED,SELL,SELL,"Aug 03, 2026",Financials,Capital Markets,UPTREND,MOVING DOWN,,No active BUY transition
PJT,EMERGING,🔥 EMERGING,BUY,SELL,"Aug 14, 2026",Financials,Capital Markets,UPTREND,MOVING UP,,New BUY with rising trend and accelerating momentum
PK,UNCHANGED,UNCHANGED,SELL,SELL,"Aug 07, 2026",Real Estate,REIT - Hotel & Motel,UPTREND,MOVING DOWN,,No active BUY transition
PKBK,LEADER,🚀 LEADER,BUY,BUY,"Jul 31, 2026",Financials,Banks - Regional,UPTREND,MOVING UP,,Sustained BUY with confirmed trend and momentum
PKE,LEADER,🚀 LEADER,BUY,BUY,"Aug 05, 2026",Industrials,Aerospace & Defense,UPTREND,MOVING UP,,Sustained BUY with confirmed trend and momentum
PKG,LEADER,🚀 LEADER,BUY,BUY,"Jul 28, 2026",Discretionary,Packaging & Containers,UPTREND,MOVING UP,,Sustained BUY with confirmed trend and momentum
PKOH,LEADER,🚀 LEADER,BUY,BUY,"Jul 23, 2026",Industrials,Specialty Industrial Machinery,UPTREND,MOVING UP,,Sustained BUY with confirmed trend and momentum
PKX,ACTIVE_BUY,ACTIVE BUY,BUY,BUY,"Aug 07, 2026",Materials,Steel,NEUTRAL,MOVING UP,,BUY remains active without a higher-priority setup
PLAB,LEADER,🚀 LEADER,BUY,BUY,"Aug 05, 2026",Technology,Semiconductor Equipment & Materials,UPTREND,MOVING UP,,Sustained BUY with confirmed trend and momentum
PLAY,UNCHANGED,UNCHANGED,SELL,SELL,"Aug 10, 2026",Communication,Entertainment,DOWNTREND,MOVING UP,,No active BUY transition
PLBC,UNCHANGED,UNCHANGED,SELL,SELL,"Jul 31, 2026",Financials,Banks - Regional,UPTREND,MOVING UP,,No active BUY transition
PLD,UNCHANGED,UNCHANGED,SELL,SELL,"Aug 05, 2026",Real Estate,REIT - Industrial,DOWNTREND,MOVING DOWN,,No active BUY transition
PLMK,UNCHANGED,UNCHANGED,,,,Financials,Shell Companies,DOWNTREND,,,No active BUY transition
PLMR,UNCHANGED,UNCHANGED,SELL,SELL,"Aug 10, 2026",Financials,Insurance - Property & Casualty,DOWNTREND,MOVING DOWN,,No active BUY transition
PLNT,UNCHANGED,UNCHANGED,SELL,SELL,"Aug 10, 2026",Discretionary,Leisure,DOWNTREND,MOVING DOWN,,No active BUY transition
PLOW,UNCHANGED,UNCHANGED,SELL,SELL,"Jul 08, 2026",Discretionary,Auto Parts,DOWNTREND,MOVING DOWN,,No active BUY transition
PLPC,LEADER,🚀 LEADER,BUY,BUY,"Aug 05, 2026",Industrials,Electrical Equipment & Parts,UPTREND,MOVING UP,,Sustained BUY with confirmed trend and momentum
PLSE,LEADER,🚀 LEADER,BUY,BUY,"Jul 23, 2026",Health Care,Medical Instruments & Supplies,UPTREND,MOVING UP,,Sustained BUY with confirmed trend and momentum
PLTR,LEADER,🚀 LEADER,BUY,BUY,"Aug 05, 2026",Technology,Software - Infrastructure,UPTREND,MOVING UP,,Sustained BUY with confirmed trend and momentum
PLUS,UNCHANGED,UNCHANGED,SELL,SELL,"Aug 12, 2026",Technology,Software - Application,UPTREND,MOVING DOWN,,No active BUY transition
PLXS,ACTIVE_BUY,ACTIVE BUY,BUY,BUY,"Aug 07, 2026",Technology,Electronic Components,NEUTRAL,MOVING UP,,BUY remains active without a higher-priority setup
PM,UNCHANGED,UNCHANGED,SELL,SELL,"Aug 07, 2026",Staples,Tobacco,NEUTRAL,MOVING DOWN,,No active BUY transition
PMO,UNCHANGED,UNCHANGED,SELL,SELL,"Jul 13, 2026",Financials,Closed-End Fund - Debt,NEUTRAL,MOVING UP,,No active BUY transition
PMTR,UNCHANGED,UNCHANGED,,,,Financials,Shell Companies,DOWNTREND,,,No active BUY transition
PMTS,LEADER,🚀 LEADER,BUY,BUY,"Jul 23, 2026",Financials,Credit Services,UPTREND,MOVING UP,,Sustained BUY with confirmed trend and momentum
PNC,UNCHANGED,UNCHANGED,SELL,SELL,"Jul 15, 2026",Financials,Banks - Regional,UPTREND,MOVING DOWN,,No active BUY transition
PNFP,DETERIORATING,⚠️ DETERIORATING,BUY,BUY,"Jul 30, 2026",Financials,Banks - Regional,UPTREND,MOVING DOWN,,Existing BUY momentum is weakening
PNR,UNCHANGED,UNCHANGED,SELL,SELL,"Jul 16, 2026",Industrials,Specialty Industrial Machinery,DOWNTREND,MOVING UP,,No active BUY transition
PNTG,UNCHANGED,UNCHANGED,SELL,SELL,"Aug 05, 2026",Health Care,Medical Care Facilities,NEUTRAL,MOVING DOWN,,No active BUY transition
PNW,UNCHANGED,UNCHANGED,SELL,SELL,"Jul 16, 2026",Utilities,Utilities - Regulated Electric,DOWNTREND,MOVING DOWN,,No active BUY transition
PODD,UNCHANGED,UNCHANGED,SELL,SELL,"Jul 22, 2026",Health Care,Medical Devices,DOWNTREND,MOVING DOWN,,No active BUY transition
POLE,UNCHANGED,UNCHANGED,,,,Financials,Shell Companies,UPTREND,,,No active BUY transition
POOL,LEADER,🚀 LEADER,BUY,BUY,"Aug 10, 2026",Industrials,Industrial Distribution,UPTREND,MOVING UP,,Sustained BUY with confirmed trend and momentum
POR,UNCHANGED,UNCHANGED,SELL,SELL,"Jul 20, 2026",Utilities,Utilities - Regulated Electric,DOWNTREND,MOVING DOWN,,No active BUY transition
POST,UNCHANGED,UNCHANGED,SELL,SELL,"Aug 06, 2026",Staples,Packaged Foods,DOWNTREND,MOVING DOWN,,No active BUY transition
PPC,UNCHANGED,UNCHANGED,SELL,SELL,"Aug 04, 2026",Staples,Packaged Foods,DOWNTREND,MOVING DOWN,,No active BUY transition
PPG,UNCHANGED,UNCHANGED,SELL,SELL,"Aug 13, 2026",Materials,Specialty Chemicals,DOWNTREND,MOVING DOWN,,No active BUY transition
PPIH,ACTIVE_BUY,ACTIVE BUY,BUY,BUY,"Aug 11, 2026",Industrials,Building Products & Equipment,NEUTRAL,MOVING UP,,BUY remains active without a higher-priority setup
PPL,UNCHANGED,UNCHANGED,SELL,SELL,"Jul 10, 2026",Utilities,Utilities - Regulated Electric,DOWNTREND,MOVING UP,,No active BUY transition
PPLI,UNCHANGED,UNCHANGED,SELL,SELL,"Jul 20, 2026",Communication,Internet Content & Information,DOWNTREND,MOVING DOWN,,No active BUY transition
PPTA,DETERIORATING,⚠️ DETERIORATING,BUY,BUY,"Aug 06, 2026",Materials,Other Precious Metals & Mining,UPTREND,MOVING DOWN,,Existing BUY momentum is weakening
PR,UNCHANGED,UNCHANGED,SELL,SELL,"Jul 30, 2026",Energy,Oil & Gas E&P,UPTREND,MOVING DOWN,,No active BUY transition
PRAA,LEADER,🚀 LEADER,BUY,BUY,"Aug 10, 2026",Financials,Credit Services,UPTREND,MOVING UP,,Sustained BUY with confirmed trend and momentum
PRAX,LEADER,🚀 LEADER,BUY,BUY,"Aug 07, 2026",Health Care,Biotechnology,UPTREND,MOVING UP,,Sustained BUY with confirmed trend and momentum
PRCH,REMOVED,❌ REMOVED,SELL,BUY,"Aug 14, 2026",Financials,Insurance - Property & Casualty,UPTREND,MOVING DOWN,,Prior BUY is missing or no longer rated BUY
PRCT,LEADER,🚀 LEADER,BUY,BUY,"Aug 11, 2026",Health Care,Medical Devices,UPTREND,MOVING UP,,Sustained BUY with confirmed trend and momentum
PRDO,UNCHANGED,UNCHANGED,SELL,SELL,"Aug 12, 2026",Staples,Education & Training Services,DOWNTREND,MOVING UP,,No active BUY transition
PRG,UNCHANGED,UNCHANGED,SELL,SELL,"Jul 13, 2026",Industrials,Rental & Leasing Services,NEUTRAL,MOVING DOWN,,No active BUY transition
PRGO,LEADER,🚀 LEADER,BUY,BUY,"Aug 05, 2026",Health Care,Drug Manufacturers - Specialty & Generic,UPTREND,MOVING UP,,Sustained BUY with confirmed trend and momentum
PRGS,UNCHANGED,UNCHANGED,SELL,SELL,"Jul 27, 2026",Technology,Software - Infrastructure,UPTREND,MOVING UP,,No active BUY transition
PRI,UNCHANGED,UNCHANGED,SELL,SELL,"Aug 05, 2026",Financials,Insurance - Life,UPTREND,MOVING DOWN,,No active BUY transition
PRK,LEADER,🚀 LEADER,BUY,BUY,"Jul 29, 2026",Financials,Banks - Regional,UPTREND,MOVING UP,,Sustained BUY with confirmed trend and momentum
PRKS,UNCHANGED,UNCHANGED,SELL,SELL,"Aug 07, 2026",Discretionary,Leisure,NEUTRAL,MOVING UP,,No active BUY transition
PRLB,LEADER,🚀 LEADER,BUY,BUY,"Aug 05, 2026",Industrials,Metal Fabrication,UPTREND,MOVING UP,,Sustained BUY with confirmed trend and momentum
PRM,DETERIORATING,⚠️ DETERIORATING,BUY,BUY,"Aug 07, 2026",Materials,Specialty Chemicals,UPTREND,MOVING DOWN,,Existing BUY momentum is weakening
PRMB,UNCHANGED,UNCHANGED,,,,Staples,Beverages - Non-Alcoholic,UPTREND,,,No active BUY transition
PROV,LEADER,🚀 LEADER,BUY,BUY,"Jul 29, 2026",Financials,Banks - Regional,UPTREND,MOVING UP,,Sustained BUY with confirmed trend and momentum
PRPO,UNCHANGED,UNCHANGED,SELL,SELL,"Jul 21, 2026",Health Care,Diagnostics & Research,DOWNTREND,MOVING UP,,No active BUY transition
PRSU,UNCHANGED,UNCHANGED,SELL,SELL,"Jul 10, 2026",Discretionary,Travel Services,DOWNTREND,MOVING DOWN,,No active BUY transition
PRU,UNCHANGED,UNCHANGED,SELL,SELL,"Aug 06, 2026",Financials,Insurance - Life,UPTREND,MOVING DOWN,,No active BUY transition
PRVA,UNCHANGED,UNCHANGED,SELL,SELL,"Jul 17, 2026",Health Care,Health Information Services,DOWNTREND,MOVING DOWN,,No active BUY transition
PSA,DETERIORATING,⚠️ DETERIORATING,BUY,BUY,"Jul 30, 2026",Real Estate,REIT - Industrial,UPTREND,MOVING DOWN,,Existing BUY momentum is weakening
PSBD,UNCHANGED,UNCHANGED,,,,Financials,Asset Management,UPTREND,,,No active BUY transition
PSF,UNCHANGED,UNCHANGED,SELL,SELL,"Jul 20, 2026",Financials,Closed-End Fund - Debt,DOWNTREND,MOVING DOWN,,No active BUY transition
PSIX,LEADER,🚀 LEADER,BUY,BUY,"Aug 10, 2026",Industrials,Specialty Industrial Machinery,UPTREND,MOVING UP,,Sustained BUY with confirmed trend and momentum
PSMT,UNCHANGED,UNCHANGED,SELL,SELL,"Aug 06, 2026",Staples,Discount Stores,DOWNTREND,MOVING DOWN,,No active BUY transition
PSN,UNCHANGED,UNCHANGED,SELL,SELL,"Jul 21, 2026",Technology,Information Technology Services,DOWNTREND,MOVING UP,,No active BUY transition
PSNL,UNCHANGED,UNCHANGED,,,,Health Care,Diagnostics & Research,UPTREND,,,No active BUY transition
PSO,UNCHANGED,UNCHANGED,SELL,SELL,"Jul 23, 2026",Communication,Publishing,NEUTRAL,MOVING DOWN,,No active BUY transition
PSTL,UNCHANGED,UNCHANGED,SELL,SELL,"Jul 10, 2026",Real Estate,REIT - Office,DOWNTREND,MOVING UP,,No active BUY transition
PSX,UNCHANGED,UNCHANGED,SELL,SELL,"Aug 05, 2026",Energy,Oil & Gas Refining & Marketing,UPTREND,MOVING UP,,No active BUY transition
PTA,UNCHANGED,UNCHANGED,SELL,SELL,"Jul 15, 2026",Financials,Closed-End Fund - Debt,DOWNTREND,MOVING DOWN,,No active BUY transition
PTC,LEADER,🚀 LEADER,BUY,BUY,"Jul 30, 2026",Technology,Software - Application,UPTREND,MOVING UP,,Sustained BUY with confirmed trend and momentum
PTCT,UNCHANGED,UNCHANGED,SELL,SELL,"Jul 14, 2026",Health Care,Biotechnology,DOWNTREND,MOVING UP,,No active BUY transition
PTEN,LEADER,🚀 LEADER,BUY,BUY,"Aug 04, 2026",Energy,Oil & Gas Drilling,UPTREND,MOVING UP,,Sustained BUY with confirmed trend and momentum
PTGX,LEADER,🚀 LEADER,BUY,BUY,"Aug 07, 2026",Health Care,Biotechnology,UPTREND,MOVING UP,,Sustained BUY with confirmed trend and momentum
PTHS,UNCHANGED,UNCHANGED,,,,Health Care,Biotechnology,UPTREND,,,No active BUY transition
PTRN,UNCHANGED,UNCHANGED,,,,Technology,Software - Application,NEUTRAL,,,No active BUY transition
PTY,ACTIVE_BUY,ACTIVE BUY,BUY,BUY,"Aug 13, 2026",Financials,Closed-End Fund - Debt,DOWNTREND,MOVING UP,,BUY remains active without a higher-priority setup
PUBM,LEADER,🚀 LEADER,BUY,BUY,"Aug 05, 2026",Technology,Software - Application,UPTREND,MOVING UP,,Sustained BUY with confirmed trend and momentum
PUK,UNCHANGED,UNCHANGED,SELL,SELL,"Aug 07, 2026",Financials,Insurance - Life,DOWNTREND,MOVING DOWN,,No active BUY transition
PUMP,UNCHANGED,UNCHANGED,,,,Energy,Oil & Gas Equipment & Services,DOWNTREND,,,No active BUY transition
PVH,UNCHANGED,UNCHANGED,SELL,SELL,"Aug 13, 2026",Discretionary,Apparel Manufacturing,NEUTRAL,MOVING DOWN,,No active BUY transition
PVLA,UNCHANGED,UNCHANGED,,,,Health Care,Biotechnology,UPTREND,,,No active BUY transition
PWP,DETERIORATING,⚠️ DETERIORATING,BUY,BUY,"Aug 03, 2026",Financials,Capital Markets,UPTREND,MOVING DOWN,,Existing BUY momentum is weakening
PWR,LEADER,🚀 LEADER,BUY,BUY,"Aug 06, 2026",Industrials,Engineering & Construction,UPTREND,MOVING UP,,Sustained BUY with confirmed trend and momentum
PXED,UNCHANGED,UNCHANGED,,,,Staples,Education & Training Services,DOWNTREND,,,No active BUY transition
PYPL,UNCHANGED,UNCHANGED,SELL,SELL,"Aug 03, 2026",Financials,Credit Services,UPTREND,MOVING DOWN,,No active BUY transition
PZZA,UNCHANGED,UNCHANGED,SELL,SELL,"Jul 10, 2026",Discretionary,Restaurants,DOWNTREND,MOVING DOWN,,No active BUY transition
QBTS,UNCHANGED,UNCHANGED,,,,Technology,Computer Hardware,UPTREND,,,No active BUY transition
QCRH,LEADER,🚀 LEADER,BUY,BUY,"Jul 29, 2026",Financials,Banks - Regional,UPTREND,MOVING UP,,Sustained BUY with confirmed trend and momentum
QDEL,UNCHANGED,UNCHANGED,SELL,SELL,"Jul 22, 2026",Health Care,Medical Devices,DOWNTREND,MOVING DOWN,,No active BUY transition
QETA,UNCHANGED,UNCHANGED,,,,Financials,Shell Companies,DOWNTREND,,,No active BUY transition
QFIN,UNCHANGED,UNCHANGED,SELL,SELL,"Jul 09, 2026",Financials,Credit Services,DOWNTREND,MOVING DOWN,,No active BUY transition
QGEN,UNCHANGED,UNCHANGED,SELL,SELL,"Jul 23, 2026",Health Care,Diagnostics & Research,UPTREND,MOVING DOWN,,No active BUY transition
QLYS,LEADER,🚀 LEADER,BUY,BUY,"Aug 06, 2026",Technology,Software - Infrastructure,UPTREND,MOVING UP,,Sustained BUY with confirmed trend and momentum
QMCO,LEADER,🚀 LEADER,BUY,BUY,"Aug 06, 2026",Technology,Computer Hardware,UPTREND,MOVING UP,,Sustained BUY with confirmed trend and momentum
QNCX,LEADER,🚀 LEADER,BUY,BUY,"Jul 31, 2026",Health Care,Biotechnology,UPTREND,MOVING UP,,Sustained BUY with confirmed trend and momentum
QNST,LEADER,🚀 LEADER,BUY,BUY,"Aug 11, 2026",Communication,Advertising Agencies,UPTREND,MOVING UP,,Sustained BUY with confirmed trend and momentum
QQQX,LEADER,🚀 LEADER,BUY,BUY,"Aug 06, 2026",Financials,Closed-End Fund - Equity,UPTREND,MOVING UP,,Sustained BUY with confirmed trend and momentum
QRVO,LEADER,🚀 LEADER,BUY,BUY,"Aug 03, 2026",Technology,Semiconductors,UPTREND,MOVING UP,,Sustained BUY with confirmed trend and momentum
QSEA,UNCHANGED,UNCHANGED,,,,Financials,Shell Companies,UPTREND,,,No active BUY transition
QSR,EMERGING,🔥 EMERGING,BUY,SELL,"Aug 14, 2026",Discretionary,Restaurants,UPTREND,MOVING UP,,New BUY with rising trend and accelerating momentum
QTTB,UNCHANGED,UNCHANGED,SELL,SELL,"Jul 27, 2026",Health Care,Biotechnology,UPTREND,MOVING DOWN,,No active BUY transition
QTWO,UNCHANGED,UNCHANGED,SELL,SELL,"Aug 13, 2026",Technology,Software - Application,UPTREND,MOVING DOWN,,No active BUY transition
QUMS,UNCHANGED,UNCHANGED,,,,Financials,Shell Companies,UPTREND,,,No active BUY transition
QXO,ACTIVE_BUY,ACTIVE BUY,BUY,BUY,"Aug 10, 2026",Industrials,Industrial Distribution,NEUTRAL,MOVING UP,,BUY remains active without a higher-priority setup
RA,UNCHANGED,UNCHANGED,SELL,SELL,"Aug 07, 2026",Financials,Closed-End Fund - Debt,DOWNTREND,MOVING DOWN,,No active BUY transition
RAC,UNCHANGED,UNCHANGED,,,,Financials,Shell Companies,UPTREND,,,No active BUY transition
RACE,LEADER,🚀 LEADER,BUY,BUY,"Jul 30, 2026",Discretionary,Auto Manufacturers,UPTREND,MOVING UP,,Sustained BUY with confirmed trend and momentum
RAL,UNCHANGED,UNCHANGED,,,,Technology,Electronic Components,UPTREND,,,No active BUY transition
RAMP,UNCHANGED,UNCHANGED,SELL,SELL,"Jul 17, 2026",Technology,Software - Infrastructure,UPTREND,MOVING DOWN,,No active BUY transition
RAND,UNCHANGED,UNCHANGED,SELL,SELL,"Aug 13, 2026",Financials,Asset Management,DOWNTREND,MOVING UP,,No active BUY transition
RANG,UNCHANGED,UNCHANGED,,,,Financials,Shell Companies,UPTREND,,,No active BUY transition
RAPP,UNCHANGED,UNCHANGED,,,,Health Care,Biotechnology,UPTREND,,,No active BUY transition
RARE,UNCHANGED,UNCHANGED,SELL,SELL,"Jul 13, 2026",Health Care,Biotechnology,DOWNTREND,MOVING UP,,No active BUY transition
RBA,UNCHANGED,UNCHANGED,SELL,SELL,"Jul 10, 2026",Industrials,Specialty Business Services,DOWNTREND,MOVING DOWN,,No active BUY transition
RBB,LEADER,🚀 LEADER,BUY,BUY,"Aug 07, 2026",Financials,Banks - Regional,UPTREND,MOVING UP,,Sustained BUY with confirmed trend and momentum
RBC,UNCHANGED,UNCHANGED,SELL,SELL,"Jul 07, 2026",Industrials,Tools & Accessories,DOWNTREND,MOVING DOWN,,No active BUY transition
RBCAA,UNCHANGED,UNCHANGED,SELL,SELL,"Aug 13, 2026",Financials,Banks - Regional,UPTREND,MOVING DOWN,,No active BUY transition
RBLX,UNCHANGED,UNCHANGED,SELL,SELL,"Jul 20, 2026",Communication,Electronic Gaming & Multimedia,DOWNTREND,MOVING UP,,No active BUY transition
RBRK,UNCHANGED,UNCHANGED,,,,Technology,Software - Infrastructure,UPTREND,,,No active BUY transition
RCAT,LEADER,🚀 LEADER,BUY,BUY,"Aug 11, 2026",Industrials,Aerospace & Defense,UPTREND,MOVING UP,,Sustained BUY with confirmed trend and momentum
RCI,LEADER,🚀 LEADER,BUY,BUY,"Aug 07, 2026",Communication,Telecom Services,UPTREND,MOVING UP,,Sustained BUY with confirmed trend and momentum
RCKY,LEADER,🚀 LEADER,BUY,BUY,"Jul 23, 2026",Discretionary,Footwear & Accessories,UPTREND,MOVING UP,,Sustained BUY with confirmed trend and momentum
RCL,DETERIORATING,⚠️ DETERIORATING,BUY,BUY,"Jul 29, 2026",Discretionary,Travel Services,UPTREND,MOVING DOWN,,Existing BUY momentum is weakening
RCMT,UNCHANGED,UNCHANGED,SELL,SELL,"Jul 10, 2026",Industrials,Conglomerates,UPTREND,MOVING DOWN,,No active BUY transition
RCUS,LEADER,🚀 LEADER,BUY,BUY,"Aug 10, 2026",Health Care,Biotechnology,UPTREND,MOVING UP,,Sustained BUY with confirmed trend and momentum
RDAG,UNCHANGED,UNCHANGED,,,,Financials,Shell Companies,UPTREND,,,No active BUY transition
RDDT,UNCHANGED,UNCHANGED,,,,Communication,Internet Content & Information,DOWNTREND,,,No active BUY transition
RDN,UNCHANGED,UNCHANGED,SELL,SELL,"Aug 07, 2026",Financials,Insurance - Specialty,DOWNTREND,MOVING DOWN,,No active BUY transition
RDNT,LEADER,🚀 LEADER,BUY,BUY,"Aug 05, 2026",Health Care,Diagnostics & Research,UPTREND,MOVING UP,,Sustained BUY with confirmed trend and momentum
RDVT,LEADER,🚀 LEADER,BUY,BUY,"Jul 31, 2026",Technology,Software - Application,UPTREND,MOVING UP,,Sustained BUY with confirmed trend and momentum
RDW,LEADER,🚀 LEADER,BUY,BUY,"Aug 10, 2026",Industrials,Aerospace & Defense,UPTREND,MOVING UP,,Sustained BUY with confirmed trend and momentum
RDY,UNCHANGED,UNCHANGED,SELL,SELL,"Jul 13, 2026",Health Care,Drug Manufacturers - Specialty & Generic,DOWNTREND,MOVING UP,,No active BUY transition
REAL,UNCHANGED,UNCHANGED,SELL,SELL,"Aug 07, 2026",Discretionary,Luxury Goods,NEUTRAL,MOVING DOWN,,No active BUY transition
REG,UNCHANGED,UNCHANGED,SELL,SELL,"Aug 03, 2026",Real Estate,REIT - Retail,DOWNTREND,MOVING DOWN,,No active BUY transition
REGN,LEADER,🚀 LEADER,BUY,BUY,"Jul 06, 2026",Health Care,Biotechnology,UPTREND,MOVING UP,,Sustained BUY with confirmed trend and momentum
RELL,LEADER,🚀 LEADER,BUY,BUY,"Jul 24, 2026",Technology,Electronic Components,UPTREND,MOVING UP,,Sustained BUY with confirmed trend and momentum
RELX,REMOVED,❌ REMOVED,SELL,BUY,"Aug 14, 2026",Industrials,Specialty Business Services,UPTREND,MOVING DOWN,,Prior BUY is missing or no longer rated BUY
RELY,UNCHANGED,UNCHANGED,SELL,SELL,"Aug 12, 2026",Technology,Software - Infrastructure,UPTREND,MOVING DOWN,,No active BUY transition
REPL,DETERIORATING,⚠️ DETERIORATING,BUY,BUY,"Aug 05, 2026",Health Care,Biotechnology,UPTREND,MOVING DOWN,,Existing BUY momentum is weakening
REPX,UNCHANGED,UNCHANGED,,,,Energy,Oil & Gas E&P,UPTREND,,,No active BUY transition
REX,UNCHANGED,UNCHANGED,SELL,SELL,"Jul 27, 2026",Materials,Chemicals,DOWNTREND,MOVING UP,,No active BUY transition
REXR,UNCHANGED,UNCHANGED,SELL,SELL,"Aug 05, 2026",Real Estate,REIT - Industrial,UPTREND,MOVING DOWN,,No active BUY transition
REYN,DETERIORATING,⚠️ DETERIORATING,BUY,BUY,"Aug 06, 2026",Discretionary,Packaging & Containers,UPTREND,MOVING DOWN,,Existing BUY momentum is weakening
REZI,UNCHANGED,UNCHANGED,SELL,SELL,"Jul 23, 2026",Industrials,Industrial Distribution,DOWNTREND,MOVING DOWN,,No active BUY transition
RF,UNCHANGED,UNCHANGED,SELL,SELL,"Jul 28, 2026",Financials,Banks - Regional,UPTREND,MOVING DOWN,,No active BUY transition
RFI,UNCHANGED,UNCHANGED,SELL,SELL,"Aug 12, 2026",Financials,Closed-End Fund - Equity,NEUTRAL,MOVING DOWN,,No active BUY transition
RFIL,UNCHANGED,UNCHANGED,SELL,SELL,"Jul 08, 2026",Industrials,Electrical Equipment & Parts,DOWNTREND,MOVING UP,,No active BUY transition
RFM,LEADER,🚀 LEADER,BUY,BUY,"Aug 11, 2026",Financials,Asset Management,UPTREND,MOVING UP,,Sustained BUY with confirmed trend and momentum
RFMZ,UNCHANGED,UNCHANGED,SELL,SELL,"Jul 15, 2026",Financials,Asset Management,NEUTRAL,MOVING UP,,No active BUY transition
RGA,UNCHANGED,UNCHANGED,SELL,SELL,"Jul 29, 2026",Financials,Insurance - Reinsurance,UPTREND,MOVING DOWN,,No active BUY transition
RGCO,UNCHANGED,UNCHANGED,SELL,SELL,"Jul 23, 2026",Utilities,Utilities - Regulated Gas,DOWNTREND,MOVING DOWN,,No active BUY transition
RGEN,LEADER,🚀 LEADER,BUY,BUY,"Aug 06, 2026",Health Care,Medical Instruments & Supplies,UPTREND,MOVING UP,,Sustained BUY with confirmed trend and momentum
RGLD,LEADER,🚀 LEADER,BUY,BUY,"Aug 05, 2026",Materials,Gold,UPTREND,MOVING UP,,Sustained BUY with confirmed trend and momentum
RGNX,UNCHANGED,UNCHANGED,SELL,SELL,"Jul 13, 2026",Health Care,Biotechnology,NEUTRAL,MOVING UP,,No active BUY transition
RGR,UNCHANGED,UNCHANGED,SELL,,"Jun 29, 2026",Industrials,Aerospace & Defense,DOWNTREND,MOVING DOWN,,No active BUY transition
RGS,UNCHANGED,UNCHANGED,SELL,SELL,"Jul 28, 2026",Discretionary,Personal Services,NEUTRAL,MOVING UP,,No active BUY transition
RGT,DETERIORATING,⚠️ DETERIORATING,BUY,BUY,"Jul 07, 2026",Financials,Closed-End Fund - Equity,UPTREND,MOVING DOWN,,Existing BUY momentum is weakening
RGTI,UNCHANGED,UNCHANGED,,,,Technology,Computer Hardware,UPTREND,,,No active BUY transition
RH,UNCHANGED,UNCHANGED,SELL,SELL,"Aug 12, 2026",Discretionary,Specialty Retail,UPTREND,MOVING DOWN,,No active BUY transition
RHI,UNCHANGED,UNCHANGED,SELL,SELL,"Jul 31, 2026",Industrials,Staffing & Employment Services,UPTREND,MOVING DOWN,,No active BUY transition
RHLD,UNCHANGED,UNCHANGED,,,,Industrials,Specialty Business Services,DOWNTREND,,,No active BUY transition
RHP,UNCHANGED,UNCHANGED,SELL,SELL,"Aug 07, 2026",Real Estate,REIT - Hotel & Motel,NEUTRAL,MOVING DOWN,,No active BUY transition
RICK,LEADER,🚀 LEADER,BUY,BUY,"Aug 11, 2026",Discretionary,Restaurants,UPTREND,MOVING UP,,Sustained BUY with confirmed trend and momentum
RIGL,LEADER,🚀 LEADER,BUY,BUY,"Aug 11, 2026",Health Care,Biotechnology,UPTREND,MOVING UP,,Sustained BUY with confirmed trend and momentum
RIO,LEADER,🚀 LEADER,BUY,BUY,"Aug 03, 2026",Materials,Other Industrial Metals & Mining,UPTREND,MOVING UP,,Sustained BUY with confirmed trend and momentum
RITM,LEADER,🚀 LEADER,BUY,BUY,"Jul 30, 2026",Real Estate,REIT - Mortgage,UPTREND,MOVING UP,,Sustained BUY with confirmed trend and momentum
RIV,ACTIVE_BUY,ACTIVE BUY,BUY,BUY,"Aug 10, 2026",Financials,Closed-End Fund - Equity,NEUTRAL,MOVING UP,,BUY remains active without a higher-priority setup
RIVN,UNCHANGED,UNCHANGED,,,,Discretionary,Auto Manufacturers,DOWNTREND,,,No active BUY transition
RJET,UNCHANGED,UNCHANGED,SELL,SELL,"Aug 13, 2026",Industrials,Airlines,UPTREND,MOVING DOWN,,No active BUY transition
RJF,LEADER,🚀 LEADER,BUY,BUY,"Jul 06, 2026",Financials,Asset Management,UPTREND,MOVING UP,,Sustained BUY with confirmed trend and momentum
RKLB,REMOVED,❌ REMOVED,SELL,BUY,"Aug 14, 2026",Industrials,Aerospace & Defense,NEUTRAL,MOVING DOWN,,Prior BUY is missing or no longer rated BUY
RKT,EMERGING,🔥 EMERGING,BUY,SELL,"Aug 14, 2026",Financials,Mortgage Finance,UPTREND,MOVING UP,,New BUY with rising trend and accelerating momentum
RL,LEADER,🚀 LEADER,BUY,BUY,"Aug 10, 2026",Discretionary,Apparel Manufacturing,UPTREND,MOVING UP,,Sustained BUY with confirmed trend and momentum
RLAY,REMOVED,❌ REMOVED,SELL,BUY,"Aug 14, 2026",Health Care,Biotechnology,UPTREND,MOVING DOWN,,Prior BUY is missing or no longer rated BUY
RLJ,UNCHANGED,UNCHANGED,SELL,SELL,"Aug 07, 2026",Real Estate,REIT - Hotel & Motel,DOWNTREND,MOVING DOWN,,No active BUY transition
RLTY,UNCHANGED,UNCHANGED,SELL,SELL,"Aug 03, 2026",Financials,Closed-End Fund - Debt,DOWNTREND,MOVING UP,,No active BUY transition
RLYB,UNCHANGED,UNCHANGED,,,,Health Care,Biotechnology,UPTREND,,,No active BUY transition
RM,UNCHANGED,UNCHANGED,SELL,SELL,"Jul 16, 2026",Financials,Credit Services,DOWNTREND,MOVING DOWN,,No active BUY transition
RMAX,LEADER,🚀 LEADER,BUY,BUY,"Aug 10, 2026",Real Estate,Real Estate Services,UPTREND,MOVING UP,,Sustained BUY with confirmed trend and momentum
RMBI,DETERIORATING,⚠️ DETERIORATING,BUY,BUY,"Aug 06, 2026",Financials,Banks - Regional,UPTREND,MOVING DOWN,,Existing BUY momentum is weakening
RMD,LEADER,🚀 LEADER,BUY,BUY,"Jul 30, 2026",Health Care,Medical Instruments & Supplies,UPTREND,MOVING UP,,Sustained BUY with confirmed trend and momentum
RMI,DETERIORATING,⚠️ DETERIORATING,BUY,BUY,"Aug 05, 2026",Financials,Closed-End Fund - Debt,UPTREND,MOVING DOWN,,Existing BUY momentum is weakening
RMM,UNCHANGED,UNCHANGED,SELL,SELL,"Jul 16, 2026",Financials,Closed-End Fund - Debt,DOWNTREND,MOVING UP,,No active BUY transition
RMMZ,UNCHANGED,UNCHANGED,SELL,SELL,"Jul 09, 2026",Financials,Asset Management,DOWNTREND,MOVING DOWN,,No active BUY transition
RMR,UNCHANGED,UNCHANGED,SELL,SELL,"Jul 21, 2026",Real Estate,Real Estate Services,NEUTRAL,MOVING UP,,No active BUY transition
RMT,LEADER,🚀 LEADER,BUY,BUY,"Aug 10, 2026",Financials,Closed-End Fund - Equity,UPTREND,MOVING UP,,Sustained BUY with confirmed trend and momentum
RNA,NEW_BUY,NEW BUY,BUY,SELL,"Aug 14, 2026",Health Care,Biotechnology,NEUTRAL,MOVING DOWN,,BUY triggered since the previous file
RNG,REMOVED,❌ REMOVED,SELL,BUY,"Aug 14, 2026",Technology,Software - Application,UPTREND,MOVING DOWN,,Prior BUY is missing or no longer rated BUY
RNGR,LEADER,🚀 LEADER,BUY,BUY,"Aug 05, 2026",Energy,Oil & Gas Equipment & Services,UPTREND,MOVING UP,,Sustained BUY with confirmed trend and momentum
RNP,UNCHANGED,UNCHANGED,SELL,SELL,"Aug 04, 2026",Financials,Closed-End Fund - Debt,DOWNTREND,MOVING DOWN,,No active BUY transition
RNR,UNCHANGED,UNCHANGED,SELL,SELL,"Aug 06, 2026",Financials,Insurance - Reinsurance,UPTREND,MOVING DOWN,,No active BUY transition
RNST,UNCHANGED,UNCHANGED,SELL,SELL,"Jul 08, 2026",Financials,Banks - Regional,UPTREND,MOVING DOWN,,No active BUY transition
ROAD,LEADER,🚀 LEADER,BUY,BUY,"Aug 10, 2026",Industrials,Engineering & Construction,UPTREND,MOVING UP,,Sustained BUY with confirmed trend and momentum
ROCK,LEADER,🚀 LEADER,BUY,BUY,"Aug 04, 2026",Industrials,Building Products & Equipment,UPTREND,MOVING UP,,Sustained BUY with confirmed trend and momentum
ROG,UNCHANGED,UNCHANGED,SELL,SELL,"Jul 06, 2026",Technology,Electronic Components,UPTREND,MOVING UP,,No active BUY transition
ROIV,LEADER,🚀 LEADER,BUY,BUY,"Aug 10, 2026",Health Care,Biotechnology,UPTREND,MOVING UP,,Sustained BUY with confirmed trend and momentum
ROK,UNCHANGED,UNCHANGED,SELL,SELL,"Jul 09, 2026",Industrials,Specialty Industrial Machinery,DOWNTREND,MOVING DOWN,,No active BUY transition
ROKU,LEADER,🚀 LEADER,BUY,BUY,"Jul 17, 2026",Communication,Entertainment,UPTREND,MOVING UP,,Sustained BUY with confirmed trend and momentum
ROOT,UNCHANGED,UNCHANGED,SELL,SELL,"Jul 30, 2026",Financials,Insurance - Property & Casualty,DOWNTREND,MOVING DOWN,,No active BUY transition
ROP,EMERGING,🔥 EMERGING,BUY,,"Jun 29, 2026",Technology,Software - Application,UPTREND,MOVING UP,,New BUY with rising trend and accelerating momentum
ROST,REMOVED,❌ REMOVED,SELL,BUY,"Aug 14, 2026",Discretionary,Apparel Retail,UPTREND,MOVING DOWN,,Prior BUY is missing or no longer rated BUY
RPD,LEADER,🚀 LEADER,BUY,BUY,"Aug 11, 2026",Technology,Software - Infrastructure,UPTREND,MOVING UP,,Sustained BUY with confirmed trend and momentum
RPM,LEADER,🚀 LEADER,BUY,BUY,"Jul 29, 2026",Materials,Specialty Chemicals,UPTREND,MOVING UP,,Sustained BUY with confirmed trend and momentum
RPRX,UNCHANGED,UNCHANGED,SELL,SELL,"Aug 04, 2026",Health Care,Biotechnology,UPTREND,MOVING UP,,No active BUY transition
RPT,UNCHANGED,UNCHANGED,SELL,SELL,"Jul 10, 2026",Real Estate,REIT - Mortgage,DOWNTREND,MOVING UP,,No active BUY transition
RQI,UNCHANGED,UNCHANGED,SELL,SELL,"Aug 12, 2026",Financials,Closed-End Fund - Equity,DOWNTREND,MOVING UP,,No active BUY transition
RRBI,UNCHANGED,UNCHANGED,SELL,SELL,"Aug 11, 2026",Financials,Banks - Regional,UPTREND,MOVING UP,,No active BUY transition
RRC,LEADER,🚀 LEADER,BUY,BUY,"Jul 24, 2026",Energy,Oil & Gas E&P,UPTREND,MOVING UP,,Sustained BUY with confirmed trend and momentum
RRR,UNCHANGED,UNCHANGED,SELL,SELL,"Aug 06, 2026",Discretionary,Resorts & Casinos,DOWNTREND,MOVING DOWN,,No active BUY transition
RRX,UNCHANGED,UNCHANGED,SELL,SELL,"Jul 08, 2026",Industrials,Specialty Industrial Machinery,DOWNTREND,MOVING DOWN,,No active BUY transition
RS,LEADER,🚀 LEADER,BUY,BUY,"Jul 29, 2026",Materials,Steel,UPTREND,MOVING UP,,Sustained BUY with confirmed trend and momentum
RSF,LEADER,🚀 LEADER,BUY,BUY,"Aug 13, 2026",Financials,Asset Management,UPTREND,MOVING UP,,Sustained BUY with confirmed trend and momentum
RSG,UNCHANGED,UNCHANGED,SELL,SELL,"Jul 23, 2026",Industrials,Waste Management,NEUTRAL,MOVING DOWN,,No active BUY transition
RSI,UNCHANGED,UNCHANGED,SELL,SELL,"Jul 23, 2026",Discretionary,Gambling,DOWNTREND,MOVING UP,,No active BUY transition
RTAC,UNCHANGED,UNCHANGED,,,,Financials,Shell Companies,DOWNTREND,,,No active BUY transition
RTO,UNCHANGED,UNCHANGED,SELL,SELL,"Jul 27, 2026",Industrials,Specialty Business Services,DOWNTREND,MOVING DOWN,,No active BUY transition
RUSHA,UNCHANGED,UNCHANGED,SELL,SELL,"Aug 11, 2026",Discretionary,Auto & Truck Dealerships,UPTREND,MOVING DOWN,,No active BUY transition
RVLV,UNCHANGED,UNCHANGED,SELL,SELL,"Jul 27, 2026",Discretionary,Internet Retail,NEUTRAL,MOVING DOWN,,No active BUY transition
RVMD,DETERIORATING,⚠️ DETERIORATING,BUY,BUY,"Aug 10, 2026",Health Care,Biotechnology,UPTREND,MOVING DOWN,,Existing BUY momentum is weakening
RVT,LEADER,🚀 LEADER,BUY,BUY,"Aug 05, 2026",Financials,Closed-End Fund - Equity,UPTREND,MOVING UP,,Sustained BUY with confirmed trend and momentum
RVTY,LEADER,🚀 LEADER,BUY,BUY,"Aug 07, 2026",Health Care,Diagnostics & Research,UPTREND,MOVING UP,,Sustained BUY with confirmed trend and momentum
RXO,UNCHANGED,UNCHANGED,,,,Industrials,Trucking,DOWNTREND,,,No active BUY transition
RY,UNCHANGED,UNCHANGED,SELL,SELL,"Jul 23, 2026",Financials,Banks - Diversified,UPTREND,MOVING DOWN,,No active BUY transition
RYAAY,UNCHANGED,UNCHANGED,SELL,SELL,"Jul 14, 2026",Industrials,Airlines,DOWNTREND,MOVING UP,,No active BUY transition
RYAN,UNCHANGED,UNCHANGED,SELL,SELL,"Aug 10, 2026",Financials,Insurance - Specialty,UPTREND,MOVING DOWN,,No active BUY transition
RYM,UNCHANGED,UNCHANGED,,,,Staples,Tobacco,DOWNTREND,,,No active BUY transition
RYN,UNCHANGED,UNCHANGED,SELL,SELL,"Aug 12, 2026",Real Estate,REIT - Specialty,UPTREND,MOVING DOWN,,No active BUY transition
RYTM,LEADER,🚀 LEADER,BUY,BUY,"Aug 06, 2026",Health Care,Biotechnology,UPTREND,MOVING UP,,Sustained BUY with confirmed trend and momentum
S,UNCHANGED,UNCHANGED,,,,Technology,Software - Infrastructure,UPTREND,,,No active BUY transition
SA,LEADER,🚀 LEADER,BUY,BUY,"Aug 06, 2026",Materials,Gold,UPTREND,MOVING UP,,Sustained BUY with confirmed trend and momentum
SAFE,UNCHANGED,UNCHANGED,SELL,SELL,"Jul 31, 2026",Real Estate,REIT - Diversified,DOWNTREND,MOVING DOWN,,No active BUY transition
SAFT,DETERIORATING,⚠️ DETERIORATING,BUY,BUY,"Jul 28, 2026",Financials,Insurance - Property & Casualty,UPTREND,MOVING DOWN,,Existing BUY momentum is weakening
SAH,UNCHANGED,UNCHANGED,SELL,SELL,"Aug 04, 2026",Discretionary,Auto & Truck Dealerships,DOWNTREND,MOVING DOWN,,No active BUY transition
SAIC,LEADER,🚀 LEADER,BUY,BUY,"Jul 09, 2026",Technology,Information Technology Services,UPTREND,MOVING UP,,Sustained BUY with confirmed trend and momentum
SAIL,UNCHANGED,UNCHANGED,,,,Technology,Software - Infrastructure,UPTREND,,,No active BUY transition
SAM,LEADER,🚀 LEADER,BUY,BUY,"Jul 28, 2026",Staples,Beverages - Brewers,UPTREND,MOVING UP,,Sustained BUY with confirmed trend and momentum
SAN,LEADER,🚀 LEADER,BUY,BUY,"Aug 04, 2026",Financials,Banks - Diversified,UPTREND,MOVING UP,,Sustained BUY with confirmed trend and momentum
SAP,LEADER,🚀 LEADER,BUY,BUY,"Jul 29, 2026",Technology,Software - Application,UPTREND,MOVING UP,,Sustained BUY with confirmed trend and momentum
SAR,UNCHANGED,UNCHANGED,SELL,SELL,"Jul 07, 2026",Financials,Asset Management,DOWNTREND,MOVING UP,,No active BUY transition
SARO,UNCHANGED,UNCHANGED,,,,Industrials,Aerospace & Defense,DOWNTREND,,,No active BUY transition
SBAC,NEW_BUY,NEW BUY,BUY,,"Aug 14, 2026",Real Estate,REIT - Specialty,NEUTRAL,MOVING UP,,BUY triggered since the previous file
SBCF,LEADER,🚀 LEADER,BUY,BUY,"Jul 30, 2026",Financials,Banks - Regional,UPTREND,MOVING UP,,Sustained BUY with confirmed trend and momentum
SBFG,UNCHANGED,UNCHANGED,SELL,SELL,"Jul 27, 2026",Financials,Banks - Regional,UPTREND,MOVING DOWN,,No active BUY transition
SBGI,UNCHANGED,UNCHANGED,SELL,SELL,"Aug 12, 2026",Communication,Broadcasting,UPTREND,MOVING UP,,No active BUY transition
SBH,LEADER,🚀 LEADER,BUY,BUY,"Aug 05, 2026",Discretionary,Specialty Retail,UPTREND,MOVING UP,,Sustained BUY with confirmed trend and momentum
SBLK,UNCHANGED,UNCHANGED,SELL,SELL,"Aug 11, 2026",Industrials,Marine Shipping,UPTREND,MOVING DOWN,,No active BUY transition
SBRA,UNCHANGED,UNCHANGED,SELL,SELL,"Aug 05, 2026",Real Estate,REIT - Healthcare Facilities,DOWNTREND,MOVING DOWN,,No active BUY transition
SBSI,UNCHANGED,UNCHANGED,SELL,SELL,"Jul 09, 2026",Financials,Banks - Regional,DOWNTREND,MOVING DOWN,,No active BUY transition
SBSW,LEADER,🚀 LEADER,BUY,BUY,"Aug 05, 2026",Materials,Other Precious Metals & Mining,UPTREND,MOVING UP,,Sustained BUY with confirmed trend and momentum
SBUX,EMERGING,🔥 EMERGING,BUY,SELL,"Aug 14, 2026",Discretionary,Restaurants,UPTREND,MOVING UP,,New BUY with rising trend and accelerating momentum
SBXD,UNCHANGED,UNCHANGED,,,,Financials,Shell Companies,DOWNTREND,,,No active BUY transition
SCCO,LEADER,🚀 LEADER,BUY,BUY,"Jul 22, 2026",Materials,Copper,UPTREND,MOVING UP,,Sustained BUY with confirmed trend and momentum
SCD,LEADER,🚀 LEADER,BUY,BUY,"Aug 06, 2026",Financials,Closed-End Fund - Equity,UPTREND,MOVING UP,,Sustained BUY with confirmed trend and momentum
SCHL,UNCHANGED,UNCHANGED,SELL,SELL,"Jul 22, 2026",Communication,Publishing,DOWNTREND,MOVING DOWN,,No active BUY transition
SCHW,LEADER,🚀 LEADER,BUY,BUY,"Jul 30, 2026",Financials,Capital Markets,UPTREND,MOVING UP,,Sustained BUY with confirmed trend and momentum
SCI,LEADER,🚀 LEADER,BUY,BUY,"Jul 01, 2026",Discretionary,Personal Services,UPTREND,MOVING UP,,Sustained BUY with confirmed trend and momentum
SCL,LEADER,🚀 LEADER,BUY,BUY,"Jul 30, 2026",Materials,Specialty Chemicals,UPTREND,MOVING UP,,Sustained BUY with confirmed trend and momentum
SCSC,UNCHANGED,UNCHANGED,SELL,SELL,"Aug 10, 2026",Technology,Electronics & Computer Distribution,NEUTRAL,MOVING DOWN,,No active BUY transition
SD,ACTIVE_BUY,ACTIVE BUY,BUY,BUY,"Aug 11, 2026",Energy,Oil & Gas E&P,NEUTRAL,MOVING UP,,BUY remains active without a higher-priority setup
SDGR,LEADER,🚀 LEADER,BUY,BUY,"Aug 06, 2026",Health Care,Health Information Services,UPTREND,MOVING UP,,Sustained BUY with confirmed trend and momentum
SDHC,UNCHANGED,UNCHANGED,,,,Real Estate,Real Estate - Development,DOWNTREND,,,No active BUY transition
SDHI,UNCHANGED,UNCHANGED,,,,Financials,Shell Companies,UPTREND,,,No active BUY transition
SDHY,UNCHANGED,UNCHANGED,,,,Financials,Asset Management,UPTREND,,,No active BUY transition
SDOT,UNCHANGED,UNCHANGED,,,,Staples,Farm Products,DOWNTREND,,,No active BUY transition
SE,LEADER,🚀 LEADER,BUY,BUY,"Aug 05, 2026",Discretionary,Internet Retail,UPTREND,MOVING UP,,Sustained BUY with confirmed trend and momentum
SEG,UNCHANGED,UNCHANGED,,,,Real Estate,Real Estate Services,UPTREND,,,No active BUY transition
SEI,UNCHANGED,UNCHANGED,SELL,,"Jun 29, 2026",Energy,Oil & Gas Equipment & Services,DOWNTREND,MOVING UP,,No active BUY transition
SEIC,LEADER,🚀 LEADER,BUY,BUY,"Jul 08, 2026",Financials,Asset Management,UPTREND,MOVING UP,,Sustained BUY with confirmed trend and momentum
SENEA,LEADER,🚀 LEADER,BUY,BUY,"Aug 12, 2026",Staples,Packaged Foods,UPTREND,MOVING UP,,Sustained BUY with confirmed trend and momentum
SEPN,UNCHANGED,UNCHANGED,,,,Health Care,Biotechnology,UPTREND,,,No active BUY transition
SEZL,UNCHANGED,UNCHANGED,,,,Financials,Credit Services,DOWNTREND,,,No active BUY transition
SF,LEADER,🚀 LEADER,BUY,BUY,"Jul 09, 2026",Financials,Capital Markets,UPTREND,MOVING UP,,Sustained BUY with confirmed trend and momentum
SFBC,UNCHANGED,UNCHANGED,SELL,SELL,"Aug 13, 2026",Financials,Banks - Regional,UPTREND,MOVING DOWN,,No active BUY transition
SFBS,UNCHANGED,UNCHANGED,SELL,SELL,"Aug 07, 2026",Financials,Banks - Regional,UPTREND,MOVING UP,,No active BUY transition
SFD,UNCHANGED,UNCHANGED,,,,Staples,Packaged Foods,DOWNTREND,,,No active BUY transition
SFL,UNCHANGED,UNCHANGED,SELL,SELL,"Aug 12, 2026",Industrials,Marine Shipping,UPTREND,MOVING DOWN,,No active BUY transition
SFM,LEADER,🚀 LEADER,BUY,BUY,"Aug 03, 2026",Staples,Grocery Stores,UPTREND,MOVING UP,,Sustained BUY with confirmed trend and momentum
SFNC,UNCHANGED,UNCHANGED,SELL,SELL,"Aug 12, 2026",Financials,Banks - Regional,UPTREND,MOVING DOWN,,No active BUY transition
SFST,EMERGING,🔥 EMERGING,BUY,SELL,"Aug 14, 2026",Financials,Banks - Regional,UPTREND,MOVING UP,,New BUY with rising trend and accelerating momentum
SGA,REMOVED,❌ REMOVED,,BUY,"Aug 04, 2026",Communication,Broadcasting,,,,Prior BUY is missing or no longer rated BUY
SGC,LEADER,🚀 LEADER,BUY,BUY,"Aug 06, 2026",Discretionary,Apparel Manufacturing,UPTREND,MOVING UP,,Sustained BUY with confirmed trend and momentum
SGHC,UNCHANGED,UNCHANGED,SELL,SELL,"Jul 15, 2026",Discretionary,Gambling,DOWNTREND,MOVING UP,,No active BUY transition
SGI,UNCHANGED,UNCHANGED,SELL,SELL,"Jul 09, 2026",Discretionary,Furnishings Fixtures & Appliances,DOWNTREND,MOVING DOWN,,No active BUY transition
SGRY,UNCHANGED,UNCHANGED,SELL,SELL,"Aug 05, 2026",Health Care,Medical Care Facilities,DOWNTREND,MOVING UP,,No active BUY transition
SGU,UNCHANGED,UNCHANGED,SELL,SELL,"Jul 23, 2026",Energy,Oil & Gas Refining & Marketing,DOWNTREND,MOVING DOWN,,No active BUY transition
SHAK,LEADER,🚀 LEADER,BUY,BUY,"Jul 28, 2026",Discretionary,Restaurants,UPTREND,MOVING UP,,Sustained BUY with confirmed trend and momentum
SHBI,UNCHANGED,UNCHANGED,SELL,SELL,"Aug 12, 2026",Financials,Banks - Regional,UPTREND,MOVING DOWN,,No active BUY transition
SHC,DETERIORATING,⚠️ DETERIORATING,BUY,BUY,"Jul 31, 2026",Health Care,Diagnostics & Research,UPTREND,MOVING DOWN,,Existing BUY momentum is weakening
SHEL,LEADER,🚀 LEADER,BUY,BUY,"Jul 15, 2026",Energy,Oil & Gas Integrated,UPTREND,MOVING UP,,Sustained BUY with confirmed trend and momentum
SHEN,LEADER,🚀 LEADER,BUY,BUY,"Aug 10, 2026",Communication,Telecom Services,UPTREND,MOVING UP,,Sustained BUY with confirmed trend and momentum
SHG,UNCHANGED,UNCHANGED,SELL,SELL,"Jul 28, 2026",Financials,Banks - Regional,UPTREND,MOVING DOWN,,No active BUY transition
SHO,UNCHANGED,UNCHANGED,SELL,SELL,"Aug 07, 2026",Real Estate,REIT - Hotel & Motel,DOWNTREND,MOVING DOWN,,No active BUY transition
SHOE,ACTIVE_BUY,ACTIVE BUY,BUY,BUY,"Aug 04, 2026",Discretionary,Apparel Retail,NEUTRAL,MOVING UP,,BUY remains active without a higher-priority setup
SHOO,LEADER,🚀 LEADER,BUY,BUY,"Jul 17, 2026",Discretionary,Footwear & Accessories,UPTREND,MOVING UP,,Sustained BUY with confirmed trend and momentum
SHOP,LEADER,🚀 LEADER,BUY,BUY,"Aug 06, 2026",Technology,Software - Application,UPTREND,MOVING UP,,Sustained BUY with confirmed trend and momentum
SHW,LEADER,🚀 LEADER,BUY,BUY,"Jul 30, 2026",Materials,Specialty Chemicals,UPTREND,MOVING UP,,Sustained BUY with confirmed trend and momentum
SI,UNCHANGED,UNCHANGED,,,,Health Care,Medical Devices,DOWNTREND,,,No active BUY transition
SIBN,UNCHANGED,UNCHANGED,,,,Health Care,Medical Devices,UPTREND,,,No active BUY transition
SIF,UNCHANGED,UNCHANGED,,,,Industrials,Aerospace & Defense,DOWNTREND,,,No active BUY transition
SIG,UNCHANGED,UNCHANGED,SELL,SELL,"Aug 13, 2026",Discretionary,Luxury Goods,UPTREND,MOVING DOWN,,No active BUY transition
SIGI,UNCHANGED,UNCHANGED,SELL,SELL,"Jul 14, 2026",Financials,Insurance - Property & Casualty,NEUTRAL,MOVING DOWN,,No active BUY transition
SII,DETERIORATING,⚠️ DETERIORATING,BUY,BUY,"Aug 10, 2026",Financials,Asset Management,UPTREND,MOVING DOWN,,Existing BUY momentum is weakening
SIM,LEADER,🚀 LEADER,BUY,BUY,"Aug 10, 2026",Materials,Steel,UPTREND,MOVING UP,,Sustained BUY with confirmed trend and momentum
SIMA,UNCHANGED,UNCHANGED,,,,Financials,Shell Companies,UPTREND,,,No active BUY transition
SIMO,UNCHANGED,UNCHANGED,SELL,SELL,"Jul 15, 2026",Technology,Semiconductors,DOWNTREND,MOVING UP,,No active BUY transition
SIRI,UNCHANGED,UNCHANGED,SELL,SELL,"Jul 23, 2026",Communication,Entertainment,DOWNTREND,MOVING DOWN,,No active BUY transition
SITE,UNCHANGED,UNCHANGED,SELL,SELL,"Jul 08, 2026",Industrials,Industrial Distribution,DOWNTREND,MOVING UP,,No active BUY transition
SITM,LEADER,🚀 LEADER,BUY,BUY,"Aug 10, 2026",Technology,Semiconductors,UPTREND,MOVING UP,,Sustained BUY with confirmed trend and momentum
SJM,UNCHANGED,UNCHANGED,SELL,SELL,"Aug 12, 2026",Staples,Packaged Foods,UPTREND,MOVING UP,,No active BUY transition
SKM,LEADER,🚀 LEADER,BUY,BUY,"Aug 06, 2026",Communication,Telecom Services,UPTREND,MOVING UP,,Sustained BUY with confirmed trend and momentum
SKT,UNCHANGED,UNCHANGED,SELL,SELL,"Aug 04, 2026",Real Estate,REIT - Retail,DOWNTREND,MOVING DOWN,,No active BUY transition
SKWD,UNCHANGED,UNCHANGED,,,,Financials,Insurance - Property & Casualty,UPTREND,,,No active BUY transition
SKY,LEADER,🚀 LEADER,BUY,BUY,"Aug 06, 2026",Discretionary,Residential Construction,UPTREND,MOVING UP,,Sustained BUY with confirmed trend and momentum
SKYH,REMOVED,❌ REMOVED,SELL,BUY,"Aug 14, 2026",Real Estate,Real Estate - Development,UPTREND,MOVING DOWN,,Prior BUY is missing or no longer rated BUY
SKYW,UNCHANGED,UNCHANGED,SELL,SELL,"Aug 13, 2026",Industrials,Airlines,UPTREND,MOVING DOWN,,No active BUY transition
SLAB,LEADER,🚀 LEADER,BUY,BUY,"Aug 07, 2026",Technology,Semiconductors,UPTREND,MOVING UP,,Sustained BUY with confirmed trend and momentum
SLB,LEADER,🚀 LEADER,BUY,BUY,"Jul 28, 2026",Energy,Oil & Gas Equipment & Services,UPTREND,MOVING UP,,Sustained BUY with confirmed trend and momentum
SLDE,UNCHANGED,UNCHANGED,,,,Financials,Insurance - Property & Casualty,UPTREND,,,No active BUY transition
SLF,UNCHANGED,UNCHANGED,SELL,SELL,"Jul 07, 2026",Financials,Insurance - Diversified,UPTREND,MOVING DOWN,,No active BUY transition
SLG,LEADER,🚀 LEADER,BUY,BUY,"Jul 27, 2026",Real Estate,REIT - Office,UPTREND,MOVING UP,,Sustained BUY with confirmed trend and momentum
SLGN,UNCHANGED,UNCHANGED,SELL,SELL,"Jul 13, 2026",Discretionary,Packaging & Containers,DOWNTREND,MOVING DOWN,,No active BUY transition
SLM,LEADER,🚀 LEADER,BUY,BUY,"Aug 04, 2026",Financials,Credit Services,UPTREND,MOVING UP,,Sustained BUY with confirmed trend and momentum
SLP,UNCHANGED,UNCHANGED,SELL,SELL,"Jul 14, 2026",Health Care,Health Information Services,UPTREND,MOVING DOWN,,No active BUY transition
SLRC,UNCHANGED,UNCHANGED,SELL,SELL,"Jul 30, 2026",Financials,Asset Management,UPTREND,MOVING DOWN,,No active BUY transition
SLS,UNCHANGED,UNCHANGED,SELL,SELL,"Jul 09, 2026",Health Care,Biotechnology,UPTREND,MOVING DOWN,,No active BUY transition
SLVM,REMOVED,❌ REMOVED,SELL,BUY,"Aug 14, 2026",Materials,Paper & Paper Products,NEUTRAL,MOVING DOWN,,Prior BUY is missing or no longer rated BUY
SM,LEADER,🚀 LEADER,BUY,BUY,"Aug 12, 2026",Energy,Oil & Gas E&P,UPTREND,MOVING UP,,Sustained BUY with confirmed trend and momentum
SMA,UNCHANGED,UNCHANGED,,,,Real Estate,REIT - Industrial,UPTREND,,,No active BUY transition
SMBC,UNCHANGED,UNCHANGED,SELL,SELL,"Jul 10, 2026",Financials,Banks - Regional,UPTREND,MOVING DOWN,,No active BUY transition
SMBK,UNCHANGED,UNCHANGED,SELL,SELL,"Aug 12, 2026",Financials,Banks - Regional,UPTREND,MOVING DOWN,,No active BUY transition
SMC,UNCHANGED,UNCHANGED,,,,Energy,Oil & Gas Midstream,UPTREND,,,No active BUY transition
SMCI,LEADER,🚀 LEADER,BUY,BUY,"Aug 05, 2026",Technology,Computer Hardware,UPTREND,MOVING UP,,Sustained BUY with confirmed trend and momentum
SMFG,UNCHANGED,UNCHANGED,SELL,SELL,"Jul 30, 2026",Financials,Banks - Diversified,UPTREND,MOVING UP,,No active BUY transition
SMG,UNCHANGED,UNCHANGED,SELL,SELL,"Aug 05, 2026",Materials,Agricultural Inputs,DOWNTREND,MOVING DOWN,,No active BUY transition
SMMT,ACTIVE_BUY,ACTIVE BUY,BUY,BUY,"Aug 12, 2026",Health Care,Biotechnology,NEUTRAL,MOVING UP,,BUY remains active without a higher-priority setup
SMP,LEADER,🚀 LEADER,BUY,BUY,"Jul 28, 2026",Discretionary,Auto Parts,UPTREND,MOVING UP,,Sustained BUY with confirmed trend and momentum
SMPL,UNCHANGED,UNCHANGED,SELL,SELL,"Jul 10, 2026",Staples,Packaged Foods,DOWNTREND,MOVING UP,,No active BUY transition
SMTC,LEADER,🚀 LEADER,BUY,BUY,"Aug 13, 2026",Technology,Semiconductors,UPTREND,MOVING UP,,Sustained BUY with confirmed trend and momentum
SMTI,UNCHANGED,UNCHANGED,SELL,SELL,"Aug 12, 2026",Health Care,Medical Instruments & Supplies,UPTREND,MOVING DOWN,,No active BUY transition
SN,UNCHANGED,UNCHANGED,,,,Discretionary,Furnishings Fixtures & Appliances,UPTREND,,,No active BUY transition
SNA,REMOVED,❌ REMOVED,SELL,BUY,"Aug 14, 2026",Industrials,Tools & Accessories,UPTREND,MOVING DOWN,,Prior BUY is missing or no longer rated BUY
SNDA,UNCHANGED,UNCHANGED,SELL,SELL,"Jul 23, 2026",Health Care,Medical Care Facilities,NEUTRAL,MOVING DOWN,,No active BUY transition
SNDK,UNCHANGED,UNCHANGED,,,,Technology,Computer Hardware,NEUTRAL,,,No active BUY transition
SNDR,UNCHANGED,UNCHANGED,SELL,SELL,"Jul 29, 2026",Industrials,Trucking,NEUTRAL,MOVING UP,,No active BUY transition
SNDX,UNCHANGED,UNCHANGED,SELL,SELL,"Jul 17, 2026",Health Care,Biotechnology,DOWNTREND,MOVING UP,,No active BUY transition
SNEX,UNCHANGED,UNCHANGED,SELL,SELL,"Jul 01, 2026",Financials,Capital Markets,DOWNTREND,MOVING DOWN,,No active BUY transition
SNN,UNCHANGED,UNCHANGED,SELL,SELL,"Aug 07, 2026",Health Care,Medical Devices,DOWNTREND,MOVING DOWN,,No active BUY transition
SNOW,UNCHANGED,UNCHANGED,SELL,SELL,"Aug 13, 2026",Technology,Software - Application,UPTREND,MOVING DOWN,,No active BUY transition
SNPS,NEW_BUY,NEW BUY,BUY,,"Aug 14, 2026",Technology,Software - Infrastructure,NEUTRAL,MOVING UP,,BUY triggered since the previous file
SNX,LEADER,🚀 LEADER,BUY,BUY,"Aug 05, 2026",Technology,Electronics & Computer Distribution,UPTREND,MOVING UP,,Sustained BUY with confirmed trend and momentum
SNY,UNCHANGED,UNCHANGED,SELL,SELL,"Aug 04, 2026",Health Care,Drug Manufacturers - General,UPTREND,MOVING DOWN,,No active BUY transition
SO,UNCHANGED,UNCHANGED,SELL,SELL,"Aug 03, 2026",Utilities,Utilities - Regulated Electric,DOWNTREND,MOVING DOWN,,No active BUY transition
SOCA,UNCHANGED,UNCHANGED,,,,Financials,Shell Companies,UPTREND,,,No active BUY transition
SOFI,REMOVED,❌ REMOVED,SELL,BUY,"Aug 14, 2026",Financials,Credit Services,UPTREND,MOVING DOWN,,Prior BUY is missing or no longer rated BUY
SOLV,UNCHANGED,UNCHANGED,,,,Health Care,Medical Instruments & Supplies,UPTREND,,,No active BUY transition
SONO,UNCHANGED,UNCHANGED,SELL,SELL,"Aug 03, 2026",Technology,Consumer Electronics,UPTREND,MOVING UP,,No active BUY transition
SONY,LEADER,🚀 LEADER,BUY,BUY,"Jul 10, 2026",Technology,Consumer Electronics,UPTREND,MOVING UP,,Sustained BUY with confirmed trend and momentum
SOR,LEADER,🚀 LEADER,BUY,BUY,"Aug 04, 2026",Financials,Closed-End Fund - Equity,UPTREND,MOVING UP,,Sustained BUY with confirmed trend and momentum
SPB,UNCHANGED,UNCHANGED,SELL,SELL,"Aug 04, 2026",Staples,Household & Personal Products,UPTREND,MOVING DOWN,,No active BUY transition
SPCX,UNCHANGED,UNCHANGED,,,,Industrials,Aerospace & Defense,UPTREND,,,No active BUY transition
SPE,LEADER,🚀 LEADER,BUY,BUY,"Aug 11, 2026",Financials,Closed-End Fund - Equity,UPTREND,MOVING UP,,Sustained BUY with confirmed trend and momentum
SPEG,UNCHANGED,UNCHANGED,,,,Financials,Shell Companies,UPTREND,,,No active BUY transition
SPFI,UNCHANGED,UNCHANGED,SELL,SELL,"Aug 03, 2026",Financials,Banks - Regional,UPTREND,MOVING UP,,No active BUY transition
SPG,UNCHANGED,UNCHANGED,SELL,SELL,"Aug 05, 2026",Real Estate,REIT - Retail,NEUTRAL,MOVING DOWN,,No active BUY transition
SPGI,UNCHANGED,UNCHANGED,SELL,SELL,"Jul 23, 2026",Financials,Financial Data & Stock Exchanges,NEUTRAL,MOVING DOWN,,No active BUY transition
SPH,UNCHANGED,UNCHANGED,SELL,SELL,"Aug 07, 2026",Utilities,Utilities - Regulated Gas,DOWNTREND,MOVING DOWN,,No active BUY transition
SPHR,LEADER,🚀 LEADER,BUY,BUY,"Aug 05, 2026",Communication,Entertainment,UPTREND,MOVING UP,,Sustained BUY with confirmed trend and momentum
SPIR,UNCHANGED,UNCHANGED,,,,Industrials,Specialty Business Services,NEUTRAL,,,No active BUY transition
SPKL,UNCHANGED,UNCHANGED,,,,Financials,Shell Companies,DOWNTREND,,,No active BUY transition
SPMC,UNCHANGED,UNCHANGED,,,,Financials,Asset Management,NEUTRAL,,,No active BUY transition
SPNT,UNCHANGED,UNCHANGED,SELL,SELL,"Jul 17, 2026",Financials,Insurance - Reinsurance,DOWNTREND,MOVING DOWN,,No active BUY transition
SPOK,LEADER,🚀 LEADER,BUY,BUY,"Jul 20, 2026",Health Care,Health Information Services,UPTREND,MOVING UP,,Sustained BUY with confirmed trend and momentum
SPOT,UNCHANGED,UNCHANGED,SELL,SELL,"Aug 04, 2026",Communication,Internet Content & Information,UPTREND,MOVING DOWN,,No active BUY transition
SPRB,UNCHANGED,UNCHANGED,,,,Health Care,Biotechnology,UPTREND,,,No active BUY transition
SPSC,LEADER,🚀 LEADER,BUY,BUY,"Jul 30, 2026",Technology,Software - Application,UPTREND,MOVING UP,,Sustained BUY with confirmed trend and momentum
SPXC,UNCHANGED,UNCHANGED,SELL,SELL,"Jul 07, 2026",Industrials,Building Products & Equipment,DOWNTREND,MOVING DOWN,,No active BUY transition
SPXX,LEADER,🚀 LEADER,BUY,BUY,"Aug 05, 2026",Financials,Closed-End Fund - Equity,UPTREND,MOVING UP,,Sustained BUY with confirmed trend and momentum
SQM,ACTIVE_BUY,ACTIVE BUY,BUY,BUY,"Aug 12, 2026",Materials,Specialty Chemicals,NEUTRAL,MOVING UP,,BUY remains active without a higher-priority setup
SR,LEADER,🚀 LEADER,BUY,BUY,"Aug 12, 2026",Utilities,Utilities - Regulated Gas,UPTREND,MOVING UP,,Sustained BUY with confirmed trend and momentum
SRAD,UNCHANGED,UNCHANGED,SELL,SELL,"Jul 14, 2026",Technology,Software - Application,DOWNTREND,MOVING UP,,No active BUY transition
SRBK,UNCHANGED,UNCHANGED,,,,Financials,Banks - Regional,UPTREND,,,No active BUY transition
SRCE,UNCHANGED,UNCHANGED,SELL,SELL,"Aug 12, 2026",Financials,Banks - Regional,UPTREND,MOVING DOWN,,No active BUY transition
SRE,UNCHANGED,UNCHANGED,SELL,SELL,"Jul 17, 2026",Utilities,Utilities - Diversified,DOWNTREND,MOVING DOWN,,No active BUY transition
SRPT,LEADER,🚀 LEADER,BUY,BUY,"Aug 12, 2026",Health Care,Biotechnology,UPTREND,MOVING UP,,Sustained BUY with confirmed trend and momentum
SRRK,LEADER,🚀 LEADER,BUY,BUY,"Aug 12, 2026",Health Care,Biotechnology,UPTREND,MOVING UP,,Sustained BUY with confirmed trend and momentum
SRV,UNCHANGED,UNCHANGED,SELL,SELL,"Jul 20, 2026",Financials,Closed-End Fund - Equity,NEUTRAL,MOVING UP,,No active BUY transition
SSB,LEADER,🚀 LEADER,BUY,BUY,"Jul 17, 2026",Financials,Banks - Regional,UPTREND,MOVING UP,,Sustained BUY with confirmed trend and momentum
SSBI,UNCHANGED,UNCHANGED,SELL,SELL,"Jul 06, 2026",Financials,Banks - Regional,DOWNTREND,MOVING DOWN,,No active BUY transition
SSD,LEADER,🚀 LEADER,BUY,BUY,"Aug 10, 2026",Materials,Lumber & Wood Production,UPTREND,MOVING UP,,Sustained BUY with confirmed trend and momentum
SSEA,UNCHANGED,UNCHANGED,,,,Financials,Shell Companies,UPTREND,,,No active BUY transition
SSL,UNCHANGED,UNCHANGED,SELL,SELL,"Aug 07, 2026",Materials,Specialty Chemicals,NEUTRAL,MOVING UP,,No active BUY transition
SSNC,LEADER,🚀 LEADER,BUY,BUY,"Jul 14, 2026",Technology,Software - Application,UPTREND,MOVING UP,,Sustained BUY with confirmed trend and momentum
SSRM,LEADER,🚀 LEADER,BUY,BUY,"Aug 10, 2026",Materials,Gold,UPTREND,MOVING UP,,Sustained BUY with confirmed trend and momentum
ST,UNCHANGED,UNCHANGED,SELL,SELL,"Aug 13, 2026",Technology,Scientific & Technical Instruments,DOWNTREND,MOVING DOWN,,No active BUY transition
STAA,UNCHANGED,UNCHANGED,SELL,SELL,"Jul 01, 2026",Health Care,Medical Instruments & Supplies,DOWNTREND,MOVING UP,,No active BUY transition
STAG,UNCHANGED,UNCHANGED,SELL,SELL,"Jul 30, 2026",Real Estate,REIT - Industrial,DOWNTREND,MOVING DOWN,,No active BUY transition
STBA,UNCHANGED,UNCHANGED,SELL,SELL,"Aug 10, 2026",Financials,Banks - Regional,UPTREND,MOVING DOWN,,No active BUY transition
STC,UNCHANGED,UNCHANGED,SELL,SELL,"Jul 24, 2026",Financials,Insurance - Property & Casualty,NEUTRAL,MOVING DOWN,,No active BUY transition
STE,LEADER,🚀 LEADER,BUY,BUY,"Jul 28, 2026",Health Care,Medical Devices,UPTREND,MOVING UP,,Sustained BUY with confirmed trend and momentum
STEP,LEADER,🚀 LEADER,BUY,BUY,"Aug 03, 2026",Financials,Asset Management,UPTREND,MOVING UP,,Sustained BUY with confirmed trend and momentum
STEW,UNCHANGED,UNCHANGED,,,,Financials,Closed-End Fund - Equity,UPTREND,,,No active BUY transition
STK,LEADER,🚀 LEADER,BUY,BUY,"Aug 10, 2026",Financials,Closed-End Fund - Equity,UPTREND,MOVING UP,,Sustained BUY with confirmed trend and momentum
STLD,LEADER,🚀 LEADER,BUY,BUY,"Jul 28, 2026",Materials,Steel,UPTREND,MOVING UP,,Sustained BUY with confirmed trend and momentum
STN,LEADER,🚀 LEADER,BUY,BUY,"Jul 30, 2026",Industrials,Engineering & Construction,UPTREND,MOVING UP,,Sustained BUY with confirmed trend and momentum
STNE,UNCHANGED,UNCHANGED,SELL,SELL,"Aug 10, 2026",Technology,Software - Infrastructure,DOWNTREND,MOVING DOWN,,No active BUY transition
STNG,UNCHANGED,UNCHANGED,SELL,SELL,"Aug 04, 2026",Energy,Oil & Gas Midstream,NEUTRAL,MOVING DOWN,,No active BUY transition
STOK,UNCHANGED,UNCHANGED,,,,Health Care,Biotechnology,UPTREND,,,No active BUY transition
STRA,DETERIORATING,⚠️ DETERIORATING,BUY,BUY,"Jul 31, 2026",Staples,Education & Training Services,UPTREND,MOVING DOWN,,Existing BUY momentum is weakening
STRC,UNCHANGED,UNCHANGED,,,,Technology,Software - Application,UPTREND,,,No active BUY transition
STRO,UNCHANGED,UNCHANGED,SELL,SELL,"Jul 06, 2026",Health Care,Biotechnology,DOWNTREND,MOVING DOWN,,No active BUY transition
STRR,REMOVED,❌ REMOVED,SELL,BUY,"Aug 14, 2026",Industrials,Conglomerates,DOWNTREND,MOVING DOWN,,Prior BUY is missing or no longer rated BUY
STRS,UNCHANGED,UNCHANGED,SELL,SELL,"Jul 06, 2026",Real Estate,Real Estate - Diversified,DOWNTREND,MOVING UP,,No active BUY transition
STRT,UNCHANGED,UNCHANGED,SELL,SELL,"Aug 07, 2026",Discretionary,Auto Parts,DOWNTREND,MOVING DOWN,,No active BUY transition
STRW,UNCHANGED,UNCHANGED,,,,Real Estate,REIT - Healthcare Facilities,DOWNTREND,,,No active BUY transition
STRZ,UNCHANGED,UNCHANGED,,,,Communication,Entertainment,NEUTRAL,,,No active BUY transition
STT,UNCHANGED,UNCHANGED,SELL,SELL,"Jul 27, 2026",Financials,Asset Management,UPTREND,MOVING DOWN,,No active BUY transition
STVN,UNCHANGED,UNCHANGED,SELL,SELL,"Aug 07, 2026",Health Care,Medical Instruments & Supplies,UPTREND,MOVING UP,,No active BUY transition
STWD,UNCHANGED,UNCHANGED,SELL,SELL,"Jul 23, 2026",Real Estate,REIT - Mortgage,DOWNTREND,MOVING UP,,No active BUY transition
STX,EMERGING,🔥 EMERGING,BUY,SELL,"Aug 14, 2026",Technology,Computer Hardware,UPTREND,MOVING UP,,New BUY with rising trend and accelerating momentum
STZ,EMERGING,🔥 EMERGING,BUY,SELL,"Aug 14, 2026",Staples,Beverages - Brewers,UPTREND,MOVING UP,,New BUY with rising trend and accelerating momentum
SU,UNCHANGED,UNCHANGED,SELL,SELL,"Aug 10, 2026",Energy,Oil & Gas Integrated,UPTREND,MOVING DOWN,,No active BUY transition
SUI,UNCHANGED,UNCHANGED,SELL,SELL,"Aug 07, 2026",Real Estate,REIT - Residential,DOWNTREND,MOVING DOWN,,No active BUY transition
SUN,UNCHANGED,UNCHANGED,SELL,SELL,"Jul 28, 2026",Energy,Oil & Gas Refining & Marketing,UPTREND,MOVING DOWN,,No active BUY transition
SUPN,LEADER,🚀 LEADER,BUY,BUY,"Aug 13, 2026",Health Care,Drug Manufacturers - Specialty & Generic,UPTREND,MOVING UP,,Sustained BUY with confirmed trend and momentum
SVCC,UNCHANGED,UNCHANGED,,,,Financials,Shell Companies,UPTREND,,,No active BUY transition
SVV,UNCHANGED,UNCHANGED,,,,Discretionary,Specialty Retail,UPTREND,,,No active BUY transition
SWBI,UNCHANGED,UNCHANGED,SELL,SELL,"Jul 16, 2026",Industrials,Aerospace & Defense,DOWNTREND,MOVING DOWN,,No active BUY transition
SWK,LEADER,🚀 LEADER,BUY,BUY,"Jul 29, 2026",Industrials,Tools & Accessories,UPTREND,MOVING UP,,Sustained BUY with confirmed trend and momentum
SWKS,LEADER,🚀 LEADER,BUY,BUY,"Aug 06, 2026",Technology,Semiconductors,UPTREND,MOVING UP,,Sustained BUY with confirmed trend and momentum
SWX,UNCHANGED,UNCHANGED,SELL,SELL,"Jul 31, 2026",Utilities,Utilities - Regulated Gas,UPTREND,MOVING DOWN,,No active BUY transition
SXI,LEADER,🚀 LEADER,BUY,BUY,"Aug 07, 2026",Industrials,Specialty Industrial Machinery,UPTREND,MOVING UP,,Sustained BUY with confirmed trend and momentum
SXT,LEADER,🚀 LEADER,BUY,BUY,"Jul 28, 2026",Materials,Specialty Chemicals,UPTREND,MOVING UP,,Sustained BUY with confirmed trend and momentum
SYBT,UNCHANGED,UNCHANGED,SELL,SELL,"Aug 11, 2026",Financials,Banks - Regional,UPTREND,MOVING DOWN,,No active BUY transition
SYF,LEADER,🚀 LEADER,BUY,BUY,"Jul 30, 2026",Financials,Credit Services,UPTREND,MOVING UP,,Sustained BUY with confirmed trend and momentum
SYK,LEADER,🚀 LEADER,BUY,BUY,"Jul 30, 2026",Health Care,Medical Devices,UPTREND,MOVING UP,,Sustained BUY with confirmed trend and momentum
SYM,UNCHANGED,UNCHANGED,SELL,SELL,"Aug 10, 2026",Industrials,Specialty Industrial Machinery,DOWNTREND,MOVING DOWN,,No active BUY transition
SYRE,LEADER,🚀 LEADER,BUY,BUY,"Aug 10, 2026",Health Care,Biotechnology,UPTREND,MOVING UP,,Sustained BUY with confirmed trend and momentum
SYY,DETERIORATING,⚠️ DETERIORATING,BUY,BUY,"Jul 28, 2026",Staples,Food Distribution,UPTREND,MOVING DOWN,,Existing BUY momentum is weakening
SZZL,UNCHANGED,UNCHANGED,,,,Financials,Shell Companies,UPTREND,,,No active BUY transition
T,LEADER,🚀 LEADER,BUY,BUY,"Jul 23, 2026",Communication,Telecom Services,UPTREND,MOVING UP,,Sustained BUY with confirmed trend and momentum
TAC,UNCHANGED,UNCHANGED,SELL,SELL,"Jul 17, 2026",Utilities,Utilities - Independent Power Producers,DOWNTREND,MOVING DOWN,,No active BUY transition
TACH,UNCHANGED,UNCHANGED,,,,Financials,Shell Companies,UPTREND,,,No active BUY transition
TACO,UNCHANGED,UNCHANGED,,,,Financials,Shell Companies,NEUTRAL,,,No active BUY transition
TAK,UNCHANGED,UNCHANGED,SELL,SELL,"Aug 04, 2026",Health Care,Drug Manufacturers - Specialty & Generic,UPTREND,MOVING DOWN,,No active BUY transition
TAL,REMOVED,❌ REMOVED,SELL,BUY,"Aug 14, 2026",Staples,Education & Training Services,UPTREND,MOVING DOWN,,Prior BUY is missing or no longer rated BUY
TALO,UNCHANGED,UNCHANGED,,,,Energy,Oil & Gas E&P,UPTREND,,,No active BUY transition
TAP,LEADER,🚀 LEADER,BUY,BUY,"Jul 20, 2026",Staples,Beverages - Brewers,UPTREND,MOVING UP,,Sustained BUY with confirmed trend and momentum
TARS,LEADER,🚀 LEADER,BUY,BUY,"Aug 07, 2026",Health Care,Biotechnology,UPTREND,MOVING UP,,Sustained BUY with confirmed trend and momentum
TAVI,UNCHANGED,UNCHANGED,,,,Financials,Shell Companies,UPTREND,,,No active BUY transition
TAYD,UNCHANGED,UNCHANGED,SELL,SELL,"Jul 07, 2026",Industrials,Specialty Industrial Machinery,DOWNTREND,MOVING UP,,No active BUY transition
TBBK,UNCHANGED,UNCHANGED,SELL,SELL,"Jul 27, 2026",Financials,Banks - Regional,UPTREND,MOVING DOWN,,No active BUY transition
TBCH,UNCHANGED,UNCHANGED,,,,Technology,Consumer Electronics,UPTREND,,,No active BUY transition
TBI,EMERGING,🔥 EMERGING,BUY,,"Aug 07, 2026",Industrials,Staffing & Employment Services,UPTREND,MOVING UP,,New BUY with rising trend and accelerating momentum
TBLD,DETERIORATING,⚠️ DETERIORATING,BUY,BUY,"Aug 05, 2026",Financials,Closed-End Fund - Equity,UPTREND,MOVING DOWN,,Existing BUY momentum is weakening
TBPH,LEADER,🚀 LEADER,BUY,BUY,"Aug 06, 2026",Health Care,Biotechnology,UPTREND,MOVING UP,,Sustained BUY with confirmed trend and momentum
TCBI,UNCHANGED,UNCHANGED,SELL,SELL,"Jul 24, 2026",Financials,Banks - Regional,NEUTRAL,MOVING UP,,No active BUY transition
TCBK,UNCHANGED,UNCHANGED,SELL,SELL,"Jul 30, 2026",Financials,Banks - Regional,UPTREND,MOVING DOWN,,No active BUY transition
TCBS,UNCHANGED,UNCHANGED,SELL,SELL,"Jul 01, 2026",Financials,Banks - Regional,DOWNTREND,MOVING DOWN,,No active BUY transition
TCBX,UNCHANGED,UNCHANGED,,,,Financials,Banks - Regional,UPTREND,,,No active BUY transition
TCI,UNCHANGED,UNCHANGED,SELL,SELL,"Jul 15, 2026",Real Estate,Real Estate Services,DOWNTREND,MOVING DOWN,,No active BUY transition
TCMD,UNCHANGED,UNCHANGED,SELL,SELL,"Aug 12, 2026",Health Care,Medical Devices,DOWNTREND,MOVING DOWN,,No active BUY transition
TCOM,ACTIVE_BUY,ACTIVE BUY,BUY,BUY,"Jul 28, 2026",Discretionary,Travel Services,NEUTRAL,MOVING UP,,BUY remains active without a higher-priority setup
TD,LEADER,🚀 LEADER,BUY,BUY,"Aug 12, 2026",Financials,Banks - Diversified,UPTREND,MOVING UP,,Sustained BUY with confirmed trend and momentum
TDAC,UNCHANGED,UNCHANGED,,,,Financials,Shell Companies,UPTREND,,,No active BUY transition
TDC,UNCHANGED,UNCHANGED,SELL,SELL,"Jul 15, 2026",Technology,Software - Infrastructure,DOWNTREND,MOVING DOWN,,No active BUY transition
TDF,DETERIORATING,⚠️ DETERIORATING,BUY,BUY,"Aug 07, 2026",Financials,Closed-End Fund - Foreign,NEUTRAL,MOVING DOWN,,Existing BUY momentum is weakening
TDG,UNCHANGED,UNCHANGED,SELL,SELL,"Aug 10, 2026",Industrials,Aerospace & Defense,DOWNTREND,MOVING UP,,No active BUY transition
TDW,LEADER,🚀 LEADER,BUY,BUY,"Aug 05, 2026",Energy,Oil & Gas Equipment & Services,UPTREND,MOVING UP,,Sustained BUY with confirmed trend and momentum
TDY,LEADER,🚀 LEADER,BUY,BUY,"Jul 27, 2026",Technology,Scientific & Technical Instruments,UPTREND,MOVING UP,,Sustained BUY with confirmed trend and momentum
TEAM,LEADER,🚀 LEADER,BUY,BUY,"Aug 05, 2026",Technology,Software - Application,UPTREND,MOVING UP,,Sustained BUY with confirmed trend and momentum
TECH,UNCHANGED,UNCHANGED,SELL,SELL,"Jul 15, 2026",Health Care,Biotechnology,UPTREND,MOVING DOWN,,No active BUY transition
TECK,LEADER,🚀 LEADER,BUY,BUY,"Jul 31, 2026",Materials,Other Industrial Metals & Mining,UPTREND,MOVING UP,,Sustained BUY with confirmed trend and momentum
TECX,UNCHANGED,UNCHANGED,,,,Health Care,Biotechnology,UPTREND,,,No active BUY transition
TEL,LEADER,🚀 LEADER,BUY,BUY,"Jul 28, 2026",Technology,Electronic Components,UPTREND,MOVING UP,,Sustained BUY with confirmed trend and momentum
TEM,UNCHANGED,UNCHANGED,,,,Health Care,Health Information Services,UPTREND,,,No active BUY transition
TEN,UNCHANGED,UNCHANGED,SELL,SELL,"Aug 06, 2026",Energy,Oil & Gas Midstream,UPTREND,MOVING UP,,No active BUY transition
TENB,LEADER,🚀 LEADER,BUY,BUY,"Aug 07, 2026",Technology,Software - Infrastructure,UPTREND,MOVING UP,,Sustained BUY with confirmed trend and momentum
TEO,UNCHANGED,UNCHANGED,SELL,SELL,"Aug 13, 2026",Communication,Telecom Services,NEUTRAL,MOVING DOWN,,No active BUY transition
TER,LEADER,🚀 LEADER,BUY,BUY,"Aug 06, 2026",Technology,Semiconductor Equipment & Materials,UPTREND,MOVING UP,,Sustained BUY with confirmed trend and momentum
TEVA,LEADER,🚀 LEADER,BUY,BUY,"Jul 31, 2026",Health Care,Drug Manufacturers - Specialty & Generic,UPTREND,MOVING UP,,Sustained BUY with confirmed trend and momentum
TEX,LEADER,🚀 LEADER,BUY,BUY,"Aug 12, 2026",Industrials,Farm & Heavy Construction Machinery,UPTREND,MOVING UP,,Sustained BUY with confirmed trend and momentum
TFC,LEADER,🚀 LEADER,BUY,BUY,"Aug 07, 2026",Financials,Banks - Regional,UPTREND,MOVING UP,,Sustained BUY with confirmed trend and momentum
TFIN,UNCHANGED,UNCHANGED,SELL,SELL,"Jul 27, 2026",Financials,Banks - Regional,NEUTRAL,MOVING UP,,No active BUY transition
TFPM,DETERIORATING,⚠️ DETERIORATING,BUY,BUY,"Jul 31, 2026",Materials,Other Precious Metals & Mining,UPTREND,MOVING DOWN,,Existing BUY momentum is weakening
TFSL,UNCHANGED,UNCHANGED,SELL,SELL,"Jul 14, 2026",Financials,Banks - Regional,NEUTRAL,MOVING DOWN,,No active BUY transition
TFX,UNCHANGED,UNCHANGED,SELL,SELL,"Aug 11, 2026",Health Care,Medical Instruments & Supplies,UPTREND,MOVING DOWN,,No active BUY transition
TGLS,UNCHANGED,UNCHANGED,SELL,SELL,"Aug 11, 2026",Materials,Building Materials,DOWNTREND,MOVING DOWN,,No active BUY transition
TGS,UNCHANGED,UNCHANGED,SELL,SELL,"Aug 06, 2026",Energy,Oil & Gas Integrated,DOWNTREND,MOVING DOWN,,No active BUY transition
TGT,LEADER,🚀 LEADER,BUY,BUY,"Jul 20, 2026",Staples,Discount Stores,UPTREND,MOVING UP,,Sustained BUY with confirmed trend and momentum
TGTX,UNCHANGED,UNCHANGED,SELL,SELL,"Jul 08, 2026",Health Care,Biotechnology,DOWNTREND,MOVING DOWN,,No active BUY transition
THC,LEADER,🚀 LEADER,BUY,BUY,"Jul 28, 2026",Health Care,Medical Care Facilities,UPTREND,MOVING UP,,Sustained BUY with confirmed trend and momentum
THFF,DETERIORATING,⚠️ DETERIORATING,BUY,BUY,"Jul 30, 2026",Financials,Banks - Regional,UPTREND,MOVING DOWN,,Existing BUY momentum is weakening
THG,UNCHANGED,UNCHANGED,SELL,SELL,"Aug 13, 2026",Financials,Insurance - Property & Casualty,UPTREND,MOVING DOWN,,No active BUY transition
THO,LEADER,🚀 LEADER,BUY,BUY,"Jul 23, 2026",Discretionary,Recreational Vehicles,UPTREND,MOVING UP,,Sustained BUY with confirmed trend and momentum
THQ,LEADER,🚀 LEADER,BUY,BUY,"Aug 10, 2026",Financials,Closed-End Fund - Equity,UPTREND,MOVING UP,,Sustained BUY with confirmed trend and momentum
THRM,UNCHANGED,UNCHANGED,SELL,SELL,"Aug 13, 2026",Discretionary,Auto Parts,UPTREND,MOVING DOWN,,No active BUY transition
THW,LEADER,🚀 LEADER,BUY,BUY,"Aug 10, 2026",Financials,Closed-End Fund - Equity,UPTREND,MOVING UP,,Sustained BUY with confirmed trend and momentum
TIC,UNCHANGED,UNCHANGED,,,,Industrials,Specialty Business Services,UPTREND,,,No active BUY transition
TILE,LEADER,🚀 LEADER,BUY,BUY,"Aug 04, 2026",Discretionary,Furnishings Fixtures & Appliances,UPTREND,MOVING UP,,Sustained BUY with confirmed trend and momentum
TIMB,UNCHANGED,UNCHANGED,SELL,SELL,"Jul 21, 2026",Communication,Telecom Services,DOWNTREND,MOVING UP,,No active BUY transition
TIPT,EMERGING,🔥 EMERGING,BUY,SELL,"Aug 14, 2026",Financials,Insurance - Specialty,UPTREND,MOVING UP,,New BUY with rising trend and accelerating momentum
TISI,LEADER,🚀 LEADER,BUY,BUY,"Aug 12, 2026",Industrials,Specialty Business Services,UPTREND,MOVING UP,,Sustained BUY with confirmed trend and momentum
TITN,UNCHANGED,UNCHANGED,SELL,SELL,"Jul 30, 2026",Industrials,Industrial Distribution,DOWNTREND,MOVING UP,,No active BUY transition
TJX,UNCHANGED,UNCHANGED,SELL,SELL,"Aug 13, 2026",Discretionary,Apparel Retail,DOWNTREND,MOVING DOWN,,No active BUY transition
TKO,UNCHANGED,UNCHANGED,,,,Communication,Entertainment,UPTREND,,,No active BUY transition
TKR,UNCHANGED,UNCHANGED,SELL,SELL,"Jul 01, 2026",Industrials,Tools & Accessories,DOWNTREND,MOVING DOWN,,No active BUY transition
TLK,REMOVED,❌ REMOVED,SELL,BUY,"Aug 14, 2026",Communication,Telecom Services,NEUTRAL,MOVING DOWN,,Prior BUY is missing or no longer rated BUY
TLN,UNCHANGED,UNCHANGED,,,,Utilities,Utilities - Independent Power Producers,DOWNTREND,,,No active BUY transition
TLNC,UNCHANGED,UNCHANGED,,,,Financials,Shell Companies,DOWNTREND,,,No active BUY transition
TM,LEADER,🚀 LEADER,BUY,BUY,"Jul 17, 2026",Discretionary,Auto Manufacturers,UPTREND,MOVING UP,,Sustained BUY with confirmed trend and momentum
TMDX,LEADER,🚀 LEADER,BUY,BUY,"Aug 04, 2026",Health Care,Medical Devices,UPTREND,MOVING UP,,Sustained BUY with confirmed trend and momentum
TMO,DETERIORATING,⚠️ DETERIORATING,BUY,BUY,"Jul 27, 2026",Health Care,Diagnostics & Research,UPTREND,MOVING DOWN,,Existing BUY momentum is weakening
TMP,UNCHANGED,UNCHANGED,SELL,SELL,"Aug 12, 2026",Financials,Banks - Regional,UPTREND,MOVING DOWN,,No active BUY transition
TMUS,UNCHANGED,UNCHANGED,SELL,SELL,"Jul 27, 2026",Communication,Telecom Services,NEUTRAL,MOVING UP,,No active BUY transition
TNC,UNCHANGED,UNCHANGED,SELL,SELL,"Jul 02, 2026",Industrials,Specialty Industrial Machinery,DOWNTREND,MOVING DOWN,,No active BUY transition
TNDM,LEADER,🚀 LEADER,BUY,BUY,"Jul 20, 2026",Health Care,Medical Devices,UPTREND,MOVING UP,,Sustained BUY with confirmed trend and momentum
TNET,UNCHANGED,UNCHANGED,SELL,SELL,"Aug 07, 2026",Industrials,Staffing & Employment Services,UPTREND,MOVING DOWN,,No active BUY transition
TNGX,UNCHANGED,UNCHANGED,SELL,SELL,"Jul 17, 2026",Health Care,Biotechnology,DOWNTREND,MOVING DOWN,,No active BUY transition
TNK,UNCHANGED,UNCHANGED,SELL,SELL,"Aug 07, 2026",Energy,Oil & Gas Midstream,UPTREND,MOVING UP,,No active BUY transition
TNL,UNCHANGED,UNCHANGED,SELL,SELL,"Aug 12, 2026",Discretionary,Travel Services,NEUTRAL,MOVING DOWN,,No active BUY transition
TNXP,UNCHANGED,UNCHANGED,,,,Health Care,Biotechnology,UPTREND,,,No active BUY transition
TOL,UNCHANGED,UNCHANGED,SELL,SELL,"Aug 11, 2026",Discretionary,Residential Construction,DOWNTREND,MOVING DOWN,,No active BUY transition
TONT,UNCHANGED,UNCHANGED,,,,Financials,Shell Companies,UPTREND,,,No active BUY transition
TOST,UNCHANGED,UNCHANGED,SELL,SELL,"Aug 12, 2026",Technology,Software - Infrastructure,UPTREND,MOVING DOWN,,No active BUY transition
TOWN,UNCHANGED,UNCHANGED,SELL,SELL,"Aug 11, 2026",Financials,Banks - Regional,UPTREND,MOVING DOWN,,No active BUY transition
TPB,LEADER,🚀 LEADER,BUY,BUY,"Aug 07, 2026",Staples,Tobacco,UPTREND,MOVING UP,,Sustained BUY with confirmed trend and momentum
TPC,LEADER,🚀 LEADER,BUY,BUY,"Jul 22, 2026",Industrials,Engineering & Construction,UPTREND,MOVING UP,,Sustained BUY with confirmed trend and momentum
TPG,LEADER,🚀 LEADER,BUY,BUY,"Jul 29, 2026",Financials,Asset Management,UPTREND,MOVING UP,,Sustained BUY with confirmed trend and momentum
TPL,UNCHANGED,UNCHANGED,SELL,SELL,"Jul 29, 2026",Energy,Oil & Gas E&P,DOWNTREND,MOVING DOWN,,No active BUY transition
TPR,REMOVED,❌ REMOVED,SELL,BUY,"Aug 14, 2026",Discretionary,Luxury Goods,NEUTRAL,MOVING DOWN,,Prior BUY is missing or no longer rated BUY
TR,LEADER,🚀 LEADER,BUY,BUY,"Jul 29, 2026",Staples,Confectioners,UPTREND,MOVING UP,,Sustained BUY with confirmed trend and momentum
TREE,UNCHANGED,UNCHANGED,SELL,SELL,"Jul 23, 2026",Financials,Financial Conglomerates,DOWNTREND,MOVING DOWN,,No active BUY transition
TREX,LEADER,🚀 LEADER,BUY,BUY,"Aug 06, 2026",Industrials,Building Products & Equipment,UPTREND,MOVING UP,,Sustained BUY with confirmed trend and momentum
TRGP,UNCHANGED,UNCHANGED,SELL,SELL,"Jul 29, 2026",Energy,Oil & Gas Midstream,DOWNTREND,MOVING DOWN,,No active BUY transition
TRI,LEADER,🚀 LEADER,BUY,BUY,"Jul 06, 2026",Industrials,Specialty Business Services,UPTREND,MOVING UP,,Sustained BUY with confirmed trend and momentum
TRIN,LEADER,🚀 LEADER,BUY,BUY,"Aug 05, 2026",Financials,Asset Management,UPTREND,MOVING UP,,Sustained BUY with confirmed trend and momentum
TRIP,UNCHANGED,UNCHANGED,SELL,SELL,"Jul 10, 2026",Discretionary,Travel Services,DOWNTREND,MOVING DOWN,,No active BUY transition
TRMB,LEADER,🚀 LEADER,BUY,BUY,"Jul 28, 2026",Technology,Scientific & Technical Instruments,UPTREND,MOVING UP,,Sustained BUY with confirmed trend and momentum
TRMD,UNCHANGED,UNCHANGED,SELL,SELL,"Aug 05, 2026",Energy,Oil & Gas Midstream,NEUTRAL,MOVING DOWN,,No active BUY transition
TRMK,LEADER,🚀 LEADER,BUY,BUY,"Aug 05, 2026",Financials,Banks - Regional,UPTREND,MOVING UP,,Sustained BUY with confirmed trend and momentum
TRN,UNCHANGED,UNCHANGED,SELL,SELL,"Aug 03, 2026",Industrials,Railroads,DOWNTREND,MOVING DOWN,,No active BUY transition
TRNO,UNCHANGED,UNCHANGED,SELL,SELL,"Jul 30, 2026",Real Estate,REIT - Industrial,DOWNTREND,MOVING DOWN,,No active BUY transition
TRNS,LEADER,🚀 LEADER,BUY,BUY,"Aug 06, 2026",Industrials,Specialty Business Services,UPTREND,MOVING UP,,Sustained BUY with confirmed trend and momentum
TROW,UNCHANGED,UNCHANGED,SELL,SELL,"Jul 22, 2026",Financials,Asset Management,DOWNTREND,MOVING DOWN,,No active BUY transition
TRP,UNCHANGED,UNCHANGED,SELL,SELL,"Jul 29, 2026",Energy,Oil & Gas Midstream,DOWNTREND,MOVING DOWN,,No active BUY transition
TRS,UNCHANGED,UNCHANGED,SELL,SELL,"Jul 07, 2026",Discretionary,Packaging & Containers,DOWNTREND,MOVING DOWN,,No active BUY transition
TRST,UNCHANGED,UNCHANGED,SELL,SELL,"Aug 07, 2026",Financials,Banks - Regional,UPTREND,MOVING DOWN,,No active BUY transition
TRT,UNCHANGED,UNCHANGED,,,,Technology,Semiconductor Equipment & Materials,UPTREND,,,No active BUY transition
TRU,UNCHANGED,UNCHANGED,SELL,SELL,"Jul 23, 2026",Financials,Financial Data & Stock Exchanges,UPTREND,MOVING DOWN,,No active BUY transition
TRUP,LEADER,🚀 LEADER,BUY,BUY,"Aug 07, 2026",Financials,Insurance - Property & Casualty,UPTREND,MOVING UP,,Sustained BUY with confirmed trend and momentum
TRV,UNCHANGED,UNCHANGED,SELL,SELL,"Aug 07, 2026",Financials,Insurance - Property & Casualty,UPTREND,MOVING DOWN,,No active BUY transition
TRVI,UNCHANGED,UNCHANGED,SELL,SELL,"Aug 11, 2026",Health Care,Biotechnology,UPTREND,MOVING DOWN,,No active BUY transition
TS,UNCHANGED,UNCHANGED,SELL,SELL,"Aug 07, 2026",Energy,Oil & Gas Equipment & Services,DOWNTREND,MOVING DOWN,,No active BUY transition
TSBK,LEADER,🚀 LEADER,BUY,BUY,"Aug 03, 2026",Financials,Banks - Regional,UPTREND,MOVING UP,,Sustained BUY with confirmed trend and momentum
TSCO,LEADER,🚀 LEADER,BUY,BUY,"Aug 04, 2026",Discretionary,Specialty Retail,UPTREND,MOVING UP,,Sustained BUY with confirmed trend and momentum
TSEM,LEADER,🚀 LEADER,BUY,BUY,"Aug 11, 2026",Technology,Semiconductors,UPTREND,MOVING UP,,Sustained BUY with confirmed trend and momentum
TSLA,UNCHANGED,UNCHANGED,SELL,SELL,"Jul 14, 2026",Discretionary,Auto Manufacturers,DOWNTREND,MOVING UP,,No active BUY transition
TSLX,LEADER,🚀 LEADER,BUY,BUY,"Aug 06, 2026",Financials,Asset Management,UPTREND,MOVING UP,,Sustained BUY with confirmed trend and momentum
TSM,LEADER,🚀 LEADER,BUY,BUY,"Aug 13, 2026",Technology,Semiconductors,UPTREND,MOVING UP,,Sustained BUY with confirmed trend and momentum
TSN,UNCHANGED,UNCHANGED,SELL,SELL,"Aug 07, 2026",Staples,Farm Products,DOWNTREND,MOVING DOWN,,No active BUY transition
TSSI,LEADER,🚀 LEADER,BUY,BUY,"Aug 10, 2026",Technology,Information Technology Services,UPTREND,MOVING UP,,Sustained BUY with confirmed trend and momentum
TT,LEADER,🚀 LEADER,BUY,BUY,"Aug 10, 2026",Industrials,Building Products & Equipment,UPTREND,MOVING UP,,Sustained BUY with confirmed trend and momentum
TTAN,UNCHANGED,UNCHANGED,,,,Technology,Software - Application,UPTREND,,,No active BUY transition
TTC,LEADER,🚀 LEADER,BUY,BUY,"Aug 06, 2026",Industrials,Tools & Accessories,UPTREND,MOVING UP,,Sustained BUY with confirmed trend and momentum
TTE,DETERIORATING,⚠️ DETERIORATING,BUY,BUY,"Jul 23, 2026",Energy,Oil & Gas Integrated,UPTREND,MOVING DOWN,,Existing BUY momentum is weakening
TTEK,LEADER,🚀 LEADER,BUY,BUY,"Jul 29, 2026",Industrials,Engineering & Construction,UPTREND,MOVING UP,,Sustained BUY with confirmed trend and momentum
TTMI,UNCHANGED,UNCHANGED,SELL,,"Jun 29, 2026",Technology,Electronic Components,DOWNTREND,MOVING UP,,No active BUY transition
TTRX,UNCHANGED,UNCHANGED,,,,Health Care,Biotechnology,,,,Previously inactive symbol is absent
TTWO,UNCHANGED,UNCHANGED,SELL,SELL,"Jul 15, 2026",Communication,Electronic Gaming & Multimedia,UPTREND,MOVING DOWN,,No active BUY transition
TVA,UNCHANGED,UNCHANGED,,,,Financials,Shell Companies,UPTREND,,,No active BUY transition
TVAI,UNCHANGED,UNCHANGED,,,,Financials,Shell Companies,UPTREND,,,No active BUY transition
TVTX,LEADER,🚀 LEADER,BUY,BUY,"Aug 06, 2026",Health Care,Biotechnology,UPTREND,MOVING UP,,Sustained BUY with confirmed trend and momentum
TW,LEADER,🚀 LEADER,BUY,BUY,"Jul 29, 2026",Financials,Capital Markets,UPTREND,MOVING UP,,Sustained BUY with confirmed trend and momentum
TWFG,UNCHANGED,UNCHANGED,,,,Financials,Insurance Brokers,UPTREND,,,No active BUY transition
TWIN,UNCHANGED,UNCHANGED,SELL,SELL,"Jul 13, 2026",Industrials,Specialty Industrial Machinery,UPTREND,MOVING DOWN,,No active BUY transition
TWLO,LEADER,🚀 LEADER,BUY,BUY,"Aug 10, 2026",Technology,Software - Infrastructure,UPTREND,MOVING UP,,Sustained BUY with confirmed trend and momentum
TWN,LEADER,🚀 LEADER,BUY,BUY,"Aug 11, 2026",Financials,Closed-End Fund - Foreign,UPTREND,MOVING UP,,Sustained BUY with confirmed trend and momentum
TWO,UNCHANGED,UNCHANGED,SELL,SELL,"Jul 06, 2026",Real Estate,REIT - Mortgage,DOWNTREND,MOVING DOWN,,No active BUY transition
TWST,LEADER,🚀 LEADER,BUY,BUY,"Aug 06, 2026",Health Care,Diagnostics & Research,UPTREND,MOVING UP,,Sustained BUY with confirmed trend and momentum
TXG,LEADER,🚀 LEADER,BUY,BUY,"Aug 10, 2026",Health Care,Health Information Services,UPTREND,MOVING UP,,Sustained BUY with confirmed trend and momentum
TXN,UNCHANGED,UNCHANGED,SELL,SELL,"Jul 17, 2026",Technology,Semiconductors,DOWNTREND,MOVING UP,,No active BUY transition
TXNM,UNCHANGED,UNCHANGED,SELL,SELL,"Aug 06, 2026",Utilities,Utilities - Regulated Electric,DOWNTREND,MOVING DOWN,,No active BUY transition
TXO,UNCHANGED,UNCHANGED,,,,Energy,Oil & Gas E&P,UPTREND,,,No active BUY transition
TXRH,DETERIORATING,⚠️ DETERIORATING,BUY,BUY,"Jul 28, 2026",Discretionary,Restaurants,UPTREND,MOVING DOWN,,Existing BUY momentum is weakening
TXT,UNCHANGED,UNCHANGED,SELL,SELL,"Jul 30, 2026",Industrials,Aerospace & Defense,DOWNTREND,MOVING DOWN,,No active BUY transition
TY,LEADER,🚀 LEADER,BUY,BUY,"Aug 07, 2026",Financials,Closed-End Fund - Equity,UPTREND,MOVING UP,,Sustained BUY with confirmed trend and momentum
TYG,UNCHANGED,UNCHANGED,SELL,SELL,"Jul 30, 2026",Financials,Closed-End Fund - Equity,DOWNTREND,MOVING UP,,No active BUY transition
TYL,LEADER,🚀 LEADER,BUY,BUY,"Jul 29, 2026",Technology,Software - Application,UPTREND,MOVING UP,,Sustained BUY with confirmed trend and momentum
TYRA,UNCHANGED,UNCHANGED,SELL,SELL,"Aug 06, 2026",Health Care,Biotechnology,DOWNTREND,MOVING DOWN,,No active BUY transition
U,LEADER,🚀 LEADER,BUY,BUY,"Jul 29, 2026",Technology,Software - Application,UPTREND,MOVING UP,,Sustained BUY with confirmed trend and momentum
UAL,LEADER,🚀 LEADER,BUY,BUY,"Aug 05, 2026",Industrials,Airlines,UPTREND,MOVING UP,,Sustained BUY with confirmed trend and momentum
UAN,UNCHANGED,UNCHANGED,SELL,SELL,"Aug 11, 2026",Materials,Agricultural Inputs,NEUTRAL,MOVING DOWN,,No active BUY transition
UBCP,DETERIORATING,⚠️ DETERIORATING,BUY,BUY,"Aug 10, 2026",Financials,Banks - Regional,NEUTRAL,MOVING DOWN,,Existing BUY momentum is weakening
UBER,LEADER,🚀 LEADER,BUY,BUY,"Aug 11, 2026",Technology,Software - Application,UPTREND,MOVING UP,,Sustained BUY with confirmed trend and momentum
UBS,LEADER,🚀 LEADER,BUY,BUY,"Aug 12, 2026",Financials,Banks - Diversified,UPTREND,MOVING UP,,Sustained BUY with confirmed trend and momentum
UBSI,UNCHANGED,UNCHANGED,SELL,SELL,"Aug 13, 2026",Financials,Banks - Regional,UPTREND,MOVING DOWN,,No active BUY transition
UCTT,UNCHANGED,UNCHANGED,SELL,SELL,"Jul 08, 2026",Technology,Semiconductor Equipment & Materials,NEUTRAL,MOVING UP,,No active BUY transition
UDR,UNCHANGED,UNCHANGED,SELL,SELL,"Jul 17, 2026",Real Estate,REIT - Residential,DOWNTREND,MOVING DOWN,,No active BUY transition
UE,UNCHANGED,UNCHANGED,SELL,SELL,"Jul 31, 2026",Real Estate,REIT - Retail,DOWNTREND,MOVING DOWN,,No active BUY transition
UEC,LEADER,🚀 LEADER,BUY,BUY,"Aug 07, 2026",Energy,Uranium,UPTREND,MOVING UP,,Sustained BUY with confirmed trend and momentum
UFCS,REMOVED,❌ REMOVED,SELL,BUY,"Aug 14, 2026",Financials,Insurance - Property & Casualty,UPTREND,MOVING DOWN,,Prior BUY is missing or no longer rated BUY
UFPI,LEADER,🚀 LEADER,BUY,BUY,"Jul 29, 2026",Materials,Lumber & Wood Production,UPTREND,MOVING UP,,Sustained BUY with confirmed trend and momentum
UFPT,LEADER,🚀 LEADER,BUY,BUY,"Jul 31, 2026",Health Care,Medical Devices,UPTREND,MOVING UP,,Sustained BUY with confirmed trend and momentum
UGI,UNCHANGED,UNCHANGED,SELL,SELL,"Aug 06, 2026",Utilities,Utilities - Regulated Gas,DOWNTREND,MOVING DOWN,,No active BUY transition
UHAL,UNCHANGED,UNCHANGED,SELL,SELL,"Jul 08, 2026",Industrials,Rental & Leasing Services,UPTREND,MOVING DOWN,,No active BUY transition
UHAL/B,UNCHANGED,UNCHANGED,,,,Industrials,Rental & Leasing Services,UPTREND,,,No active BUY transition
UHS,LEADER,🚀 LEADER,BUY,BUY,"Jul 28, 2026",Health Care,Medical Care Facilities,UPTREND,MOVING UP,,Sustained BUY with confirmed trend and momentum
UHT,UNCHANGED,UNCHANGED,SELL,SELL,"Aug 04, 2026",Real Estate,REIT - Healthcare Facilities,DOWNTREND,MOVING DOWN,,No active BUY transition
UI,LEADER,🚀 LEADER,BUY,BUY,"Aug 06, 2026",Technology,Communication Equipment,UPTREND,MOVING UP,,Sustained BUY with confirmed trend and momentum
UL,UNCHANGED,UNCHANGED,SELL,SELL,"Aug 13, 2026",Staples,Household & Personal Products,UPTREND,MOVING DOWN,,No active BUY transition
ULH,LEADER,🚀 LEADER,BUY,BUY,"Aug 04, 2026",Industrials,Trucking,UPTREND,MOVING UP,,Sustained BUY with confirmed trend and momentum
ULS,UNCHANGED,UNCHANGED,,,,Industrials,Specialty Business Services,DOWNTREND,,,No active BUY transition
ULTA,DETERIORATING,⚠️ DETERIORATING,BUY,BUY,"Jul 20, 2026",Discretionary,Specialty Retail,UPTREND,MOVING DOWN,,Existing BUY momentum is weakening
UMAC,UNCHANGED,UNCHANGED,,,,Technology,Computer Hardware,UPTREND,,,No active BUY transition
UMBF,UNCHANGED,UNCHANGED,SELL,SELL,"Jul 16, 2026",Financials,Banks - Regional,UPTREND,MOVING UP,,No active BUY transition
UMC,UNCHANGED,UNCHANGED,SELL,SELL,"Jul 10, 2026",Technology,Semiconductors,DOWNTREND,MOVING UP,,No active BUY transition
UMH,LEADER,🚀 LEADER,BUY,BUY,"Aug 12, 2026",Real Estate,REIT - Residential,UPTREND,MOVING UP,,Sustained BUY with confirmed trend and momentum
UNB,UNCHANGED,UNCHANGED,SELL,SELL,"Jul 28, 2026",Financials,Banks - Regional,NEUTRAL,MOVING UP,,No active BUY transition
UNF,UNCHANGED,UNCHANGED,SELL,SELL,"Aug 05, 2026",Industrials,Specialty Business Services,UPTREND,MOVING DOWN,,No active BUY transition
UNFI,UNCHANGED,UNCHANGED,SELL,SELL,"Aug 05, 2026",Staples,Food Distribution,DOWNTREND,MOVING DOWN,,No active BUY transition
UNH,UNCHANGED,UNCHANGED,SELL,SELL,"Jul 29, 2026",Health Care,Healthcare Plans,DOWNTREND,MOVING DOWN,,No active BUY transition
UNM,LEADER,🚀 LEADER,BUY,BUY,"Aug 06, 2026",Financials,Insurance - Life,UPTREND,MOVING UP,,Sustained BUY with confirmed trend and momentum
UNP,UNCHANGED,UNCHANGED,SELL,SELL,"Aug 03, 2026",Industrials,Railroads,UPTREND,MOVING DOWN,,No active BUY transition
UNTY,LEADER,🚀 LEADER,BUY,BUY,"Aug 04, 2026",Financials,Banks - Regional,UPTREND,MOVING UP,,Sustained BUY with confirmed trend and momentum
UPBD,UNCHANGED,UNCHANGED,SELL,SELL,"Jul 27, 2026",Technology,Software - Application,DOWNTREND,MOVING DOWN,,No active BUY transition
UPS,UNCHANGED,UNCHANGED,SELL,SELL,"Jul 28, 2026",Industrials,Integrated Freight & Logistics,DOWNTREND,MOVING DOWN,,No active BUY transition
UPST,UNCHANGED,UNCHANGED,,,,Financials,Credit Services,UPTREND,,,No active BUY transition
URBN,LEADER,🚀 LEADER,BUY,BUY,"Jul 29, 2026",Discretionary,Apparel Retail,UPTREND,MOVING UP,,Sustained BUY with confirmed trend and momentum
URGN,LEADER,🚀 LEADER,BUY,BUY,"Aug 07, 2026",Health Care,Biotechnology,UPTREND,MOVING UP,,Sustained BUY with confirmed trend and momentum
URI,DETERIORATING,⚠️ DETERIORATING,BUY,BUY,"Aug 06, 2026",Industrials,Rental & Leasing Services,UPTREND,MOVING DOWN,,Existing BUY momentum is weakening
USAC,UNCHANGED,UNCHANGED,SELL,SELL,"Jul 28, 2026",Energy,Oil & Gas Equipment & Services,DOWNTREND,MOVING DOWN,,No active BUY transition
USAR,UNCHANGED,UNCHANGED,,,,Materials,Other Industrial Metals & Mining,NEUTRAL,,,No active BUY transition
USAU,LEADER,🚀 LEADER,BUY,BUY,"Aug 10, 2026",Materials,Gold,UPTREND,MOVING UP,,Sustained BUY with confirmed trend and momentum
USB,UNCHANGED,UNCHANGED,SELL,SELL,"Jul 17, 2026",Financials,Banks - Regional,UPTREND,MOVING DOWN,,No active BUY transition
USCB,UNCHANGED,UNCHANGED,SELL,SELL,"Aug 06, 2026",Financials,Banks - Regional,UPTREND,MOVING UP,,No active BUY transition
USFD,LEADER,🚀 LEADER,BUY,BUY,"Jul 30, 2026",Staples,Food Distribution,UPTREND,MOVING UP,,Sustained BUY with confirmed trend and momentum
USLM,LEADER,🚀 LEADER,BUY,BUY,"Jul 23, 2026",Materials,Building Materials,UPTREND,MOVING UP,,Sustained BUY with confirmed trend and momentum
USNA,UNCHANGED,UNCHANGED,SELL,SELL,"Jul 22, 2026",Staples,Packaged Foods,DOWNTREND,MOVING DOWN,,No active BUY transition
UTF,UNCHANGED,UNCHANGED,SELL,SELL,"Jul 02, 2026",Financials,Closed-End Fund - Equity,DOWNTREND,MOVING DOWN,,No active BUY transition
UTG,UNCHANGED,UNCHANGED,,,,Financials,Closed-End Fund - Equity,DOWNTREND,,,No active BUY transition
UTHR,UNCHANGED,UNCHANGED,SELL,SELL,"Jul 14, 2026",Health Care,Drug Manufacturers - Specialty & Generic,DOWNTREND,MOVING DOWN,,No active BUY transition
UTI,UNCHANGED,UNCHANGED,SELL,SELL,"Jul 17, 2026",Staples,Education & Training Services,DOWNTREND,MOVING DOWN,,No active BUY transition
UTL,UNCHANGED,UNCHANGED,SELL,SELL,"Aug 04, 2026",Utilities,Utilities - Diversified,UPTREND,MOVING DOWN,,No active BUY transition
UTMD,LEADER,🚀 LEADER,BUY,BUY,"Aug 04, 2026",Health Care,Medical Instruments & Supplies,UPTREND,MOVING UP,,Sustained BUY with confirmed trend and momentum
UTZ,UNCHANGED,UNCHANGED,SELL,SELL,"Aug 07, 2026",Staples,Packaged Foods,UPTREND,MOVING DOWN,,No active BUY transition
UUUU,LEADER,🚀 LEADER,BUY,BUY,"Aug 11, 2026",Energy,Uranium,UPTREND,MOVING UP,,Sustained BUY with confirmed trend and momentum
UVE,REMOVED,❌ REMOVED,SELL,BUY,"Aug 14, 2026",Financials,Insurance - Property & Casualty,UPTREND,MOVING DOWN,,Prior BUY is missing or no longer rated BUY
UVSP,UNCHANGED,UNCHANGED,SELL,SELL,"Jul 10, 2026",Financials,Banks - Regional,NEUTRAL,MOVING DOWN,,No active BUY transition
UVV,UNCHANGED,UNCHANGED,SELL,SELL,"Aug 06, 2026",Staples,Tobacco,DOWNTREND,MOVING DOWN,,No active BUY transition
UYSC,UNCHANGED,UNCHANGED,,,,Financials,Shell Companies,UPTREND,,,No active BUY transition
V,UNCHANGED,UNCHANGED,SELL,SELL,"Aug 10, 2026",Financials,Credit Services,UPTREND,MOVING DOWN,,No active BUY transition
VAC,LEADER,🚀 LEADER,BUY,BUY,"Aug 07, 2026",Discretionary,Resorts & Casinos,UPTREND,MOVING UP,,Sustained BUY with confirmed trend and momentum
VALE,UNCHANGED,UNCHANGED,SELL,SELL,"Aug 12, 2026",Materials,Other Industrial Metals & Mining,DOWNTREND,MOVING DOWN,,No active BUY transition
VALU,ACTIVE_BUY,ACTIVE BUY,BUY,BUY,"Aug 13, 2026",Financials,Financial Data & Stock Exchanges,DOWNTREND,MOVING UP,,BUY remains active without a higher-priority setup
VBF,UNCHANGED,UNCHANGED,SELL,SELL,"Jul 13, 2026",Financials,Closed-End Fund - Debt,DOWNTREND,MOVING UP,,No active BUY transition
VC,EMERGING,🔥 EMERGING,BUY,,"Aug 14, 2026",Discretionary,Auto Parts,UPTREND,MOVING UP,,New BUY with rising trend and accelerating momentum
VCEL,UNCHANGED,UNCHANGED,SELL,SELL,"Jul 20, 2026",Health Care,Biotechnology,NEUTRAL,MOVING DOWN,,No active BUY transition
VCTR,LEADER,🚀 LEADER,BUY,BUY,"Aug 07, 2026",Financials,Asset Management,UPTREND,MOVING UP,,Sustained BUY with confirmed trend and momentum
VCV,LEADER,🚀 LEADER,BUY,BUY,"Aug 13, 2026",Financials,Closed-End Fund - Debt,UPTREND,MOVING UP,,Sustained BUY with confirmed trend and momentum
VCYT,UNCHANGED,UNCHANGED,SELL,SELL,"Jul 10, 2026",Health Care,Diagnostics & Research,DOWNTREND,MOVING DOWN,,No active BUY transition
VECO,UNCHANGED,UNCHANGED,SELL,SELL,"Jul 01, 2026",Technology,Semiconductor Equipment & Materials,DOWNTREND,MOVING UP,,No active BUY transition
VEEE,UNCHANGED,UNCHANGED,SELL,SELL,"Jul 22, 2026",Discretionary,Recreational Vehicles,DOWNTREND,MOVING DOWN,,No active BUY transition
VEEV,LEADER,🚀 LEADER,BUY,BUY,"Aug 07, 2026",Health Care,Health Information Services,UPTREND,MOVING UP,,Sustained BUY with confirmed trend and momentum
VEL,REMOVED,❌ REMOVED,SELL,BUY,"Aug 14, 2026",Financials,Mortgage Finance,UPTREND,MOVING DOWN,,Prior BUY is missing or no longer rated BUY
VEON,LEADER,🚀 LEADER,BUY,BUY,"Aug 05, 2026",Communication,Telecom Services,UPTREND,MOVING UP,,Sustained BUY with confirmed trend and momentum
VERA,UNCHANGED,UNCHANGED,SELL,SELL,"Jul 06, 2026",Health Care,Biotechnology,DOWNTREND,MOVING DOWN,,No active BUY transition
VERX,EMERGING,🔥 EMERGING,BUY,SELL,"Aug 14, 2026",Technology,Software - Application,UPTREND,MOVING UP,,New BUY with rising trend and accelerating momentum
VET,DETERIORATING,⚠️ DETERIORATING,BUY,BUY,"Jul 23, 2026",Energy,Oil & Gas E&P,UPTREND,MOVING DOWN,,Existing BUY momentum is weakening
VFC,UNCHANGED,UNCHANGED,SELL,SELL,"Jul 30, 2026",Discretionary,Apparel Manufacturing,DOWNTREND,MOVING DOWN,,No active BUY transition
VG,UNCHANGED,UNCHANGED,,,,Energy,Oil & Gas Midstream,UPTREND,,,No active BUY transition
VGM,LEADER,🚀 LEADER,BUY,BUY,"Aug 13, 2026",Financials,Closed-End Fund - Debt,UPTREND,MOVING UP,,Sustained BUY with confirmed trend and momentum
VHC,LEADER,🚀 LEADER,BUY,BUY,"Jul 27, 2026",Technology,Software - Infrastructure,UPTREND,MOVING UP,,Sustained BUY with confirmed trend and momentum
VHI,LEADER,🚀 LEADER,BUY,BUY,"Aug 07, 2026",Materials,Chemicals,UPTREND,MOVING UP,,Sustained BUY with confirmed trend and momentum
VIA,UNCHANGED,UNCHANGED,,,,Technology,Software - Application,UPTREND,,,No active BUY transition
VIAV,EMERGING,🔥 EMERGING,BUY,,"Aug 14, 2026",Technology,Communication Equipment,UPTREND,MOVING UP,,New BUY with rising trend and accelerating momentum
VICI,UNCHANGED,UNCHANGED,SELL,SELL,"Aug 03, 2026",Real Estate,REIT - Diversified,DOWNTREND,MOVING UP,,No active BUY transition
VICR,UNCHANGED,UNCHANGED,SELL,SELL,"Jul 07, 2026",Technology,Electronic Components,DOWNTREND,MOVING UP,,No active BUY transition
VIPS,UNCHANGED,UNCHANGED,SELL,SELL,"Aug 13, 2026",Discretionary,Internet Retail,NEUTRAL,MOVING DOWN,,No active BUY transition
VIRT,UNCHANGED,UNCHANGED,SELL,SELL,"Jul 01, 2026",Financials,Capital Markets,DOWNTREND,MOVING UP,,No active BUY transition
VIST,UNCHANGED,UNCHANGED,SELL,SELL,"Aug 05, 2026",Energy,Oil & Gas E&P,NEUTRAL,MOVING UP,,No active BUY transition
VITL,UNCHANGED,UNCHANGED,SELL,SELL,"Aug 04, 2026",Staples,Farm Products,DOWNTREND,MOVING DOWN,,No active BUY transition
VIV,UNCHANGED,UNCHANGED,SELL,SELL,"Jul 29, 2026",Communication,Telecom Services,DOWNTREND,MOVING DOWN,,No active BUY transition
VKTX,UNCHANGED,UNCHANGED,SELL,SELL,"Jul 15, 2026",Health Care,Biotechnology,DOWNTREND,MOVING UP,,No active BUY transition
VLGEA,UNCHANGED,UNCHANGED,SELL,SELL,"Aug 11, 2026",Staples,Grocery Stores,NEUTRAL,MOVING DOWN,,No active BUY transition
VLO,UNCHANGED,UNCHANGED,SELL,SELL,"Aug 06, 2026",Energy,Oil & Gas Refining & Marketing,UPTREND,MOVING UP,,No active BUY transition
VLT,UNCHANGED,UNCHANGED,SELL,SELL,"Jul 17, 2026",Financials,Closed-End Fund - Debt,DOWNTREND,MOVING DOWN,,No active BUY transition
VLTO,UNCHANGED,UNCHANGED,,,,Industrials,Pollution & Treatment Controls,UPTREND,,,No active BUY transition
VLY,EMERGING,🔥 EMERGING,BUY,SELL,"Aug 14, 2026",Financials,Banks - Regional,UPTREND,MOVING UP,,New BUY with rising trend and accelerating momentum
VMC,UNCHANGED,UNCHANGED,SELL,SELL,"Jul 10, 2026",Materials,Building Materials,DOWNTREND,MOVING DOWN,,No active BUY transition
VMI,UNCHANGED,UNCHANGED,SELL,SELL,"Jul 02, 2026",Industrials,Conglomerates,DOWNTREND,MOVING UP,,No active BUY transition
VNME,UNCHANGED,UNCHANGED,,,,Financials,Shell Companies,UPTREND,,,No active BUY transition
VNO,UNCHANGED,UNCHANGED,SELL,SELL,"Aug 10, 2026",Real Estate,REIT - Office,UPTREND,MOVING DOWN,,No active BUY transition
VNOM,UNCHANGED,UNCHANGED,SELL,SELL,"Jul 29, 2026",Energy,Oil & Gas Midstream,DOWNTREND,MOVING DOWN,,No active BUY transition
VNT,UNCHANGED,UNCHANGED,SELL,SELL,"Aug 13, 2026",Technology,Scientific & Technical Instruments,UPTREND,MOVING DOWN,,No active BUY transition
VOD,UNCHANGED,UNCHANGED,SELL,SELL,"Aug 11, 2026",Communication,Telecom Services,UPTREND,MOVING DOWN,,No active BUY transition
VOR,UNCHANGED,UNCHANGED,SELL,SELL,"Aug 10, 2026",Health Care,Biotechnology,UPTREND,MOVING DOWN,,No active BUY transition
VOYG,UNCHANGED,UNCHANGED,,,,Industrials,Aerospace & Defense,UPTREND,,,No active BUY transition
VPV,LEADER,🚀 LEADER,BUY,BUY,"Aug 12, 2026",Financials,Closed-End Fund - Debt,UPTREND,MOVING UP,,Sustained BUY with confirmed trend and momentum
VRDN,LEADER,🚀 LEADER,BUY,BUY,"Jul 27, 2026",Health Care,Biotechnology,UPTREND,MOVING UP,,Sustained BUY with confirmed trend and momentum
VREX,LEADER,🚀 LEADER,BUY,BUY,"Jul 13, 2026",Health Care,Medical Devices,UPTREND,MOVING UP,,Sustained BUY with confirmed trend and momentum
VRNS,EMERGING,🔥 EMERGING,BUY,SELL,"Aug 14, 2026",Technology,Software - Infrastructure,UPTREND,MOVING UP,,New BUY with rising trend and accelerating momentum
VRSK,UNCHANGED,UNCHANGED,SELL,SELL,"Aug 04, 2026",Industrials,Consulting Services,DOWNTREND,MOVING DOWN,,No active BUY transition
VRSN,REMOVED,❌ REMOVED,SELL,BUY,"Aug 14, 2026",Technology,Software - Infrastructure,UPTREND,MOVING DOWN,,Prior BUY is missing or no longer rated BUY
VRT,UNCHANGED,UNCHANGED,SELL,SELL,"Jun 30, 2026",Industrials,Electrical Equipment & Parts,DOWNTREND,MOVING UP,,No active BUY transition
VRTS,UNCHANGED,UNCHANGED,SELL,SELL,"Jul 31, 2026",Financials,Asset Management,UPTREND,MOVING DOWN,,No active BUY transition
VRTX,LEADER,🚀 LEADER,BUY,BUY,"Aug 10, 2026",Health Care,Biotechnology,UPTREND,MOVING UP,,Sustained BUY with confirmed trend and momentum
VSAT,LEADER,🚀 LEADER,BUY,BUY,"Aug 04, 2026",Technology,Communication Equipment,UPTREND,MOVING UP,,Sustained BUY with confirmed trend and momentum
VSEC,LEADER,🚀 LEADER,BUY,BUY,"Aug 06, 2026",Industrials,Aerospace & Defense,UPTREND,MOVING UP,,Sustained BUY with confirmed trend and momentum
VST,UNCHANGED,UNCHANGED,SELL,SELL,"Jul 29, 2026",Utilities,Utilities - Independent Power Producers,DOWNTREND,MOVING UP,,No active BUY transition
VSTS,UNCHANGED,UNCHANGED,,,,Industrials,Rental & Leasing Services,DOWNTREND,,,No active BUY transition
VSXY,REMOVED,❌ REMOVED,SELL,BUY,"Aug 14, 2026",Discretionary,Apparel Retail,UPTREND,MOVING DOWN,,Prior BUY is missing or no longer rated BUY
VTN,LEADER,🚀 LEADER,BUY,BUY,"Aug 11, 2026",Financials,Closed-End Fund - Debt,UPTREND,MOVING UP,,Sustained BUY with confirmed trend and momentum
VTOL,UNCHANGED,UNCHANGED,SELL,SELL,"Jul 31, 2026",Energy,Oil & Gas Equipment & Services,UPTREND,MOVING DOWN,,No active BUY transition
VTR,UNCHANGED,UNCHANGED,SELL,SELL,"Jul 31, 2026",Real Estate,REIT - Healthcare Facilities,DOWNTREND,MOVING DOWN,,No active BUY transition
VTRS,UNCHANGED,UNCHANGED,SELL,SELL,"Aug 04, 2026",Health Care,Drug Manufacturers - Specialty & Generic,DOWNTREND,MOVING DOWN,,No active BUY transition
VTS,UNCHANGED,UNCHANGED,,,,Energy,Oil & Gas E&P,NEUTRAL,,,No active BUY transition
VTVT,REMOVED,❌ REMOVED,SELL,BUY,"Aug 14, 2026",Health Care,Biotechnology,DOWNTREND,MOVING DOWN,,Prior BUY is missing or no longer rated BUY
VVV,UNCHANGED,UNCHANGED,SELL,SELL,"Aug 03, 2026",Discretionary,Auto & Truck Dealerships,DOWNTREND,MOVING DOWN,,No active BUY transition
VVX,UNCHANGED,UNCHANGED,SELL,SELL,"Aug 06, 2026",Industrials,Aerospace & Defense,UPTREND,MOVING DOWN,,No active BUY transition
VZ,LEADER,🚀 LEADER,BUY,BUY,"Jul 27, 2026",Communication,Telecom Services,UPTREND,MOVING UP,,Sustained BUY with confirmed trend and momentum
W,LEADER,🚀 LEADER,BUY,BUY,"Aug 05, 2026",Discretionary,Internet Retail,UPTREND,MOVING UP,,Sustained BUY with confirmed trend and momentum
WAB,LEADER,🚀 LEADER,BUY,BUY,"Jul 23, 2026",Industrials,Railroads,UPTREND,MOVING UP,,Sustained BUY with confirmed trend and momentum
WABC,UNCHANGED,UNCHANGED,SELL,SELL,"Jul 31, 2026",Financials,Banks - Regional,NEUTRAL,MOVING DOWN,,No active BUY transition
WAFD,LEADER,🚀 LEADER,BUY,BUY,"Aug 12, 2026",Financials,Banks - Regional,UPTREND,MOVING UP,,Sustained BUY with confirmed trend and momentum
WAL,UNCHANGED,UNCHANGED,SELL,SELL,"Aug 03, 2026",Financials,Banks - Regional,UPTREND,MOVING DOWN,,No active BUY transition
WASH,UNCHANGED,UNCHANGED,SELL,SELL,"Aug 11, 2026",Financials,Banks - Regional,UPTREND,MOVING DOWN,,No active BUY transition
WAT,LEADER,🚀 LEADER,BUY,BUY,"Jul 30, 2026",Health Care,Diagnostics & Research,UPTREND,MOVING UP,,Sustained BUY with confirmed trend and momentum
WATT,ACTIVE_BUY,ACTIVE BUY,BUY,BUY,"Aug 12, 2026",Technology,Communication Equipment,DOWNTREND,MOVING UP,,BUY remains active without a higher-priority setup
WAY,UNCHANGED,UNCHANGED,,,,Health Care,Health Information Services,UPTREND,,,No active BUY transition
WBD,LEADER,🚀 LEADER,BUY,BUY,"Aug 11, 2026",Communication,Entertainment,UPTREND,MOVING UP,,Sustained BUY with confirmed trend and momentum
WBI,UNCHANGED,UNCHANGED,,,,Energy,Oil & Gas Equipment & Services,DOWNTREND,,,No active BUY transition
WBS,LEADER,🚀 LEADER,BUY,BUY,"Aug 05, 2026",Financials,Banks - Regional,UPTREND,MOVING UP,,Sustained BUY with confirmed trend and momentum
WCC,LEADER,🚀 LEADER,BUY,BUY,"Aug 04, 2026",Industrials,Industrial Distribution,UPTREND,MOVING UP,,Sustained BUY with confirmed trend and momentum
WCN,UNCHANGED,UNCHANGED,SELL,SELL,"Jul 22, 2026",Industrials,Waste Management,NEUTRAL,MOVING DOWN,,No active BUY transition
WD,UNCHANGED,UNCHANGED,SELL,SELL,"Aug 07, 2026",Financials,Mortgage Finance,DOWNTREND,MOVING DOWN,,No active BUY transition
WDAY,LEADER,🚀 LEADER,BUY,BUY,"Jul 29, 2026",Technology,Software - Application,UPTREND,MOVING UP,,Sustained BUY with confirmed trend and momentum
WDC,UNCHANGED,UNCHANGED,SELL,SELL,"Jul 06, 2026",Technology,Computer Hardware,DOWNTREND,MOVING UP,,No active BUY transition
WDFC,UNCHANGED,UNCHANGED,SELL,SELL,"Jul 16, 2026",Materials,Specialty Chemicals,DOWNTREND,MOVING DOWN,,No active BUY transition
WDI,UNCHANGED,UNCHANGED,SELL,SELL,"Jul 16, 2026",Financials,Asset Management,DOWNTREND,MOVING UP,,No active BUY transition
WDS,UNCHANGED,UNCHANGED,SELL,SELL,"Aug 12, 2026",Energy,Oil & Gas E&P,UPTREND,MOVING DOWN,,No active BUY transition
WEA,UNCHANGED,UNCHANGED,SELL,SELL,"Jul 23, 2026",Financials,Closed-End Fund - Debt,DOWNTREND,MOVING UP,,No active BUY transition
WEC,UNCHANGED,UNCHANGED,SELL,SELL,"Jul 15, 2026",Utilities,Utilities - Regulated Electric,DOWNTREND,MOVING DOWN,,No active BUY transition
WENN,UNCHANGED,UNCHANGED,,,,Financials,Shell Companies,UPTREND,,,No active BUY transition
WES,UNCHANGED,UNCHANGED,SELL,SELL,"Jul 30, 2026",Energy,Oil & Gas Midstream,UPTREND,MOVING UP,,No active BUY transition
WEX,UNCHANGED,UNCHANGED,SELL,SELL,"Aug 11, 2026",Technology,Software - Infrastructure,UPTREND,MOVING DOWN,,No active BUY transition
WEYS,LEADER,🚀 LEADER,BUY,BUY,"Aug 05, 2026",Discretionary,Footwear & Accessories,UPTREND,MOVING UP,,Sustained BUY with confirmed trend and momentum
WF,LEADER,🚀 LEADER,BUY,BUY,"Jul 13, 2026",Financials,Banks - Regional,UPTREND,MOVING UP,,Sustained BUY with confirmed trend and momentum
WFC,UNCHANGED,UNCHANGED,SELL,SELL,"Jul 16, 2026",Financials,Banks - Diversified,UPTREND,MOVING DOWN,,No active BUY transition
WFRD,LEADER,🚀 LEADER,BUY,BUY,"Aug 04, 2026",Energy,Oil & Gas Equipment & Services,UPTREND,MOVING UP,,Sustained BUY with confirmed trend and momentum
WGO,LEADER,🚀 LEADER,BUY,BUY,"Jul 17, 2026",Discretionary,Recreational Vehicles,UPTREND,MOVING UP,,Sustained BUY with confirmed trend and momentum
WGS,LEADER,🚀 LEADER,BUY,BUY,"Jul 31, 2026",Health Care,Diagnostics & Research,UPTREND,MOVING UP,,Sustained BUY with confirmed trend and momentum
WH,UNCHANGED,UNCHANGED,SELL,SELL,"Jul 06, 2026",Discretionary,Lodging,DOWNTREND,MOVING DOWN,,No active BUY transition
WHD,LEADER,🚀 LEADER,BUY,BUY,"Aug 03, 2026",Energy,Oil & Gas Equipment & Services,UPTREND,MOVING UP,,Sustained BUY with confirmed trend and momentum
WHG,UNCHANGED,UNCHANGED,SELL,SELL,"Jul 14, 2026",Financials,Asset Management,NEUTRAL,MOVING DOWN,,No active BUY transition
WHR,LEADER,🚀 LEADER,BUY,BUY,"Aug 05, 2026",Discretionary,Furnishings Fixtures & Appliances,UPTREND,MOVING UP,,Sustained BUY with confirmed trend and momentum
WINA,UNCHANGED,UNCHANGED,SELL,SELL,"Jul 10, 2026",Discretionary,Specialty Retail,DOWNTREND,MOVING UP,,No active BUY transition
WING,UNCHANGED,UNCHANGED,SELL,SELL,"Jul 08, 2026",Discretionary,Restaurants,DOWNTREND,MOVING UP,,No active BUY transition
WIX,LEADER,🚀 LEADER,BUY,BUY,"Jul 28, 2026",Technology,Software - Infrastructure,UPTREND,MOVING UP,,Sustained BUY with confirmed trend and momentum
WK,LEADER,🚀 LEADER,BUY,BUY,"Jul 31, 2026",Technology,Software - Application,UPTREND,MOVING UP,,Sustained BUY with confirmed trend and momentum
WKC,UNCHANGED,UNCHANGED,SELL,SELL,"Aug 05, 2026",Energy,Oil & Gas Refining & Marketing,UPTREND,MOVING DOWN,,No active BUY transition
WLDN,LEADER,🚀 LEADER,BUY,BUY,"Aug 10, 2026",Industrials,Engineering & Construction,UPTREND,MOVING UP,,Sustained BUY with confirmed trend and momentum
WLFC,UNCHANGED,UNCHANGED,SELL,SELL,"Jul 15, 2026",Industrials,Rental & Leasing Services,DOWNTREND,MOVING DOWN,,No active BUY transition
WLK,LEADER,🚀 LEADER,BUY,BUY,"Aug 10, 2026",Materials,Specialty Chemicals,UPTREND,MOVING UP,,Sustained BUY with confirmed trend and momentum
WLY,UNCHANGED,UNCHANGED,SELL,SELL,"Jul 15, 2026",Communication,Publishing,UPTREND,MOVING DOWN,,No active BUY transition
WM,UNCHANGED,UNCHANGED,SELL,SELL,"Jul 31, 2026",Industrials,Waste Management,DOWNTREND,MOVING DOWN,,No active BUY transition
WMB,UNCHANGED,UNCHANGED,SELL,SELL,"Jul 20, 2026",Energy,Oil & Gas Midstream,NEUTRAL,MOVING UP,,No active BUY transition
WMS,EMERGING,🔥 EMERGING,BUY,SELL,"Aug 14, 2026",Industrials,Building Products & Equipment,UPTREND,MOVING UP,,New BUY with rising trend and accelerating momentum
WMT,LEADER,🚀 LEADER,BUY,BUY,"Aug 13, 2026",Staples,Discount Stores,UPTREND,MOVING UP,,Sustained BUY with confirmed trend and momentum
WNC,UNCHANGED,UNCHANGED,SELL,SELL,"Jul 17, 2026",Industrials,Farm & Heavy Construction Machinery,NEUTRAL,MOVING DOWN,,No active BUY transition
WNEB,UNCHANGED,UNCHANGED,SELL,SELL,"Jul 24, 2026",Financials,Banks - Regional,NEUTRAL,MOVING UP,,No active BUY transition
WOLF,UNCHANGED,UNCHANGED,,,,Technology,Semiconductors,DOWNTREND,,,No active BUY transition
WOR,LEADER,🚀 LEADER,BUY,BUY,"Jul 29, 2026",Industrials,Metal Fabrication,UPTREND,MOVING UP,,Sustained BUY with confirmed trend and momentum
WPC,UNCHANGED,UNCHANGED,SELL,SELL,"Aug 05, 2026",Real Estate,REIT - Diversified,DOWNTREND,MOVING DOWN,,No active BUY transition
WPM,LEADER,🚀 LEADER,BUY,BUY,"Aug 05, 2026",Materials,Gold,UPTREND,MOVING UP,,Sustained BUY with confirmed trend and momentum
WPP,LEADER,🚀 LEADER,BUY,BUY,"Jul 14, 2026",Communication,Advertising Agencies,UPTREND,MOVING UP,,Sustained BUY with confirmed trend and momentum
WRB,UNCHANGED,UNCHANGED,SELL,SELL,"Aug 04, 2026",Financials,Insurance - Property & Casualty,DOWNTREND,MOVING DOWN,,No active BUY transition
WRBY,UNCHANGED,UNCHANGED,,,,Health Care,Medical Instruments & Supplies,DOWNTREND,,,No active BUY transition
WRLD,UNCHANGED,UNCHANGED,SELL,SELL,"Jul 13, 2026",Financials,Credit Services,NEUTRAL,MOVING DOWN,,No active BUY transition
WS,UNCHANGED,UNCHANGED,,,,Materials,Steel,UPTREND,,,No active BUY transition
WSBC,UNCHANGED,UNCHANGED,SELL,SELL,"Jul 14, 2026",Financials,Banks - Regional,UPTREND,MOVING DOWN,,No active BUY transition
WSBF,LEADER,🚀 LEADER,BUY,BUY,"Jul 31, 2026",Financials,Banks - Regional,UPTREND,MOVING UP,,Sustained BUY with confirmed trend and momentum
WSBK,UNCHANGED,UNCHANGED,,,,Financials,Banks - Regional,NEUTRAL,,,No active BUY transition
WSFS,UNCHANGED,UNCHANGED,SELL,SELL,"Aug 10, 2026",Financials,Banks - Regional,UPTREND,MOVING DOWN,,No active BUY transition
WSM,LEADER,🚀 LEADER,BUY,BUY,"Jul 30, 2026",Discretionary,Specialty Retail,UPTREND,MOVING UP,,Sustained BUY with confirmed trend and momentum
WSO,UNCHANGED,UNCHANGED,SELL,SELL,"Jul 09, 2026",Industrials,Industrial Distribution,DOWNTREND,MOVING DOWN,,No active BUY transition
WSO/B,UNCHANGED,UNCHANGED,SELL,SELL,"Jul 30, 2026",Industrials,Industrial Distribution,DOWNTREND,MOVING DOWN,,No active BUY transition
WST,DETERIORATING,⚠️ DETERIORATING,BUY,BUY,"Aug 11, 2026",Health Care,Medical Instruments & Supplies,UPTREND,MOVING DOWN,,Existing BUY momentum is weakening
WT,LEADER,🚀 LEADER,BUY,BUY,"Aug 04, 2026",Financials,Asset Management,UPTREND,MOVING UP,,Sustained BUY with confirmed trend and momentum
WTBA,LEADER,🚀 LEADER,BUY,BUY,"Jul 29, 2026",Financials,Banks - Regional,UPTREND,MOVING UP,,Sustained BUY with confirmed trend and momentum
WTFC,UNCHANGED,UNCHANGED,SELL,SELL,"Jul 10, 2026",Financials,Banks - Regional,UPTREND,MOVING DOWN,,No active BUY transition
WTM,UNCHANGED,UNCHANGED,SELL,SELL,"Jul 30, 2026",Financials,Insurance - Property & Casualty,NEUTRAL,MOVING DOWN,,No active BUY transition
WTRG,UNCHANGED,UNCHANGED,SELL,SELL,"Aug 04, 2026",Utilities,Utilities - Regulated Water,UPTREND,MOVING DOWN,,No active BUY transition
WTS,LEADER,🚀 LEADER,BUY,BUY,"Aug 10, 2026",Industrials,Specialty Industrial Machinery,UPTREND,MOVING UP,,Sustained BUY with confirmed trend and momentum
WTTR,LEADER,🚀 LEADER,BUY,BUY,"Aug 10, 2026",Energy,Oil & Gas Equipment & Services,UPTREND,MOVING UP,,Sustained BUY with confirmed trend and momentum
WTW,DETERIORATING,⚠️ DETERIORATING,BUY,BUY,"Jul 30, 2026",Financials,Insurance Brokers,UPTREND,MOVING DOWN,,Existing BUY momentum is weakening
WWD,UNCHANGED,UNCHANGED,SELL,SELL,"Jul 08, 2026",Industrials,Aerospace & Defense,DOWNTREND,MOVING DOWN,,No active BUY transition
WWW,UNCHANGED,UNCHANGED,SELL,SELL,"Aug 10, 2026",Discretionary,Footwear & Accessories,UPTREND,MOVING DOWN,,No active BUY transition
WY,LEADER,🚀 LEADER,BUY,BUY,"Jul 29, 2026",Real Estate,REIT - Specialty,UPTREND,MOVING UP,,Sustained BUY with confirmed trend and momentum
WYFI,UNCHANGED,UNCHANGED,,,,Technology,Information Technology Services,NEUTRAL,,,No active BUY transition
WYNN,LEADER,🚀 LEADER,BUY,BUY,"Jul 31, 2026",Discretionary,Resorts & Casinos,UPTREND,MOVING UP,,Sustained BUY with confirmed trend and momentum
XEL,UNCHANGED,UNCHANGED,SELL,SELL,"Jul 10, 2026",Utilities,Utilities - Regulated Electric,DOWNTREND,MOVING DOWN,,No active BUY transition
XENE,UNCHANGED,UNCHANGED,SELL,SELL,"Jul 22, 2026",Health Care,Biotechnology,UPTREND,MOVING DOWN,,No active BUY transition
XFLT,LEADER,🚀 LEADER,BUY,BUY,"Jul 29, 2026",Financials,Closed-End Fund - Debt,UPTREND,MOVING UP,,Sustained BUY with confirmed trend and momentum
XHR,UNCHANGED,UNCHANGED,SELL,SELL,"Aug 03, 2026",Real Estate,REIT - Hotel & Motel,DOWNTREND,MOVING DOWN,,No active BUY transition
XIFR,UNCHANGED,UNCHANGED,SELL,SELL,"Jul 29, 2026",Utilities,Utilities - Renewable,DOWNTREND,MOVING DOWN,,No active BUY transition
XMTR,EMERGING,🔥 EMERGING,BUY,SELL,"Aug 14, 2026",Industrials,Industrial Distribution,UPTREND,MOVING UP,,New BUY with rising trend and accelerating momentum
XNCR,UNCHANGED,UNCHANGED,SELL,SELL,"Aug 06, 2026",Health Care,Biotechnology,UPTREND,MOVING UP,,No active BUY transition
XOM,LEADER,🚀 LEADER,BUY,BUY,"Jul 17, 2026",Energy,Oil & Gas Integrated,UPTREND,MOVING UP,,Sustained BUY with confirmed trend and momentum
XP,UNCHANGED,UNCHANGED,SELL,SELL,"Jul 27, 2026",Financials,Capital Markets,DOWNTREND,MOVING DOWN,,No active BUY transition
XPEL,LEADER,🚀 LEADER,BUY,BUY,"Aug 06, 2026",Discretionary,Auto Parts,UPTREND,MOVING UP,,Sustained BUY with confirmed trend and momentum
XPO,UNCHANGED,UNCHANGED,SELL,SELL,"Jul 29, 2026",Industrials,Trucking,NEUTRAL,MOVING UP,,No active BUY transition
XPRO,LEADER,🚀 LEADER,BUY,BUY,"Aug 11, 2026",Energy,Oil & Gas Equipment & Services,UPTREND,MOVING UP,,Sustained BUY with confirmed trend and momentum
XRAY,UNCHANGED,UNCHANGED,SELL,SELL,"Jul 29, 2026",Health Care,Medical Instruments & Supplies,DOWNTREND,MOVING DOWN,,No active BUY transition
XRN,UNCHANGED,UNCHANGED,SELL,SELL,"Jul 14, 2026",Real Estate,REIT - Healthcare Facilities,NEUTRAL,MOVING UP,,No active BUY transition
XYL,UNCHANGED,UNCHANGED,SELL,SELL,"Jul 22, 2026",Industrials,Specialty Industrial Machinery,UPTREND,MOVING DOWN,,No active BUY transition
XYZ,UNCHANGED,UNCHANGED,SELL,SELL,"Aug 10, 2026",Technology,Software - Infrastructure,UPTREND,MOVING DOWN,,No active BUY transition
YELP,UNCHANGED,UNCHANGED,SELL,SELL,"Aug 06, 2026",Communication,Internet Content & Information,DOWNTREND,MOVING DOWN,,No active BUY transition
YETI,UNCHANGED,UNCHANGED,SELL,SELL,"Aug 12, 2026",Discretionary,Leisure,DOWNTREND,MOVING DOWN,,No active BUY transition
YORW,LEADER,🚀 LEADER,BUY,BUY,"Aug 12, 2026",Utilities,Utilities - Regulated Water,UPTREND,MOVING UP,,Sustained BUY with confirmed trend and momentum
YOU,UNCHANGED,UNCHANGED,SELL,SELL,"Aug 10, 2026",Technology,Software - Application,DOWNTREND,MOVING DOWN,,No active BUY transition
YPF,UNCHANGED,UNCHANGED,SELL,SELL,"Aug 06, 2026",Energy,Oil & Gas Integrated,NEUTRAL,MOVING DOWN,,No active BUY transition
YUM,UNCHANGED,UNCHANGED,SELL,SELL,"Jul 16, 2026",Discretionary,Restaurants,DOWNTREND,MOVING UP,,No active BUY transition
YUMC,REMOVED,❌ REMOVED,SELL,BUY,"Aug 14, 2026",Discretionary,Restaurants,UPTREND,MOVING DOWN,,Prior BUY is missing or no longer rated BUY
Z,LEADER,🚀 LEADER,BUY,BUY,"Aug 04, 2026",Communication,Internet Content & Information,UPTREND,MOVING UP,,Sustained BUY with confirmed trend and momentum
ZBH,LEADER,🚀 LEADER,BUY,BUY,"Jul 14, 2026",Health Care,Medical Devices,UPTREND,MOVING UP,,Sustained BUY with confirmed trend and momentum
ZBRA,LEADER,🚀 LEADER,BUY,BUY,"Jul 31, 2026",Technology,Communication Equipment,UPTREND,MOVING UP,,Sustained BUY with confirmed trend and momentum
ZD,UNCHANGED,UNCHANGED,SELL,SELL,"Jul 16, 2026",Communication,Advertising Agencies,UPTREND,MOVING DOWN,,No active BUY transition
ZETA,DETERIORATING,⚠️ DETERIORATING,BUY,BUY,"Jul 31, 2026",Technology,Software - Infrastructure,UPTREND,MOVING DOWN,,Existing BUY momentum is weakening
ZG,UNCHANGED,UNCHANGED,SELL,SELL,"Aug 13, 2026",Communication,Internet Content & Information,UPTREND,MOVING DOWN,,No active BUY transition
ZGN,UNCHANGED,UNCHANGED,SELL,SELL,"Aug 07, 2026",Discretionary,Apparel Manufacturing,NEUTRAL,MOVING DOWN,,No active BUY transition
ZIM,LEADER,🚀 LEADER,BUY,BUY,"Aug 05, 2026",Industrials,Marine Shipping,UPTREND,MOVING UP,,Sustained BUY with confirmed trend and momentum
ZION,UNCHANGED,UNCHANGED,SELL,SELL,"Jul 22, 2026",Financials,Banks - Regional,UPTREND,MOVING DOWN,,No active BUY transition
ZLAB,LEADER,🚀 LEADER,BUY,BUY,"Aug 10, 2026",Health Care,Biotechnology,UPTREND,MOVING UP,,Sustained BUY with confirmed trend and momentum
ZM,LEADER,🚀 LEADER,BUY,BUY,"Aug 04, 2026",Technology,Software - Application,UPTREND,MOVING UP,,Sustained BUY with confirmed trend and momentum
ZS,LEADER,🚀 LEADER,BUY,BUY,"Aug 04, 2026",Technology,Software - Infrastructure,UPTREND,MOVING UP,,Sustained BUY with confirmed trend and momentum
ZTO,UNCHANGED,UNCHANGED,SELL,SELL,"Jul 23, 2026",Industrials,Integrated Freight & Logistics,DOWNTREND,MOVING DOWN,,No active BUY transition
ZTS,UNCHANGED,UNCHANGED,SELL,SELL,"Aug 10, 2026",Health Care,Drug Manufacturers - Specialty & Generic,DOWNTREND,MOVING UP,,No active BUY transition
ZUMZ,UNCHANGED,UNCHANGED,SELL,SELL,"Aug 13, 2026",Discretionary,Apparel Retail,NEUTRAL,MOVING DOWN,,No active BUY transition
ZVRA,UNCHANGED,UNCHANGED,SELL,SELL,"Jul 10, 2026",Health Care,Biotechnology,DOWNTREND,MOVING UP,,No active BUY transition
ZWS,DETERIORATING,⚠️ DETERIORATING,BUY,BUY,"Jul 31, 2026",Industrials,Pollution & Treatment Controls,UPTREND,MOVING DOWN,,Existing BUY momentum is weakening
ZYME,EMERGING,🔥 EMERGING,BUY,SELL,"Aug 14, 2026",Health Care,Biotechnology,UPTREND,MOVING UP,,New BUY with rising trend and accelerating momentum
