Symbol,Company Name,Sector/Index,Industry,Last Close Price ($),Fear & Greed Heatmap Value,Current Signal Status,Signal Start Date,Overlay,Overlay Start Date,30-Day Avg Volume,OVTLYR Signal Return (%),Capital Efficiency,Price Change,Fear & Greed Heatmap Direction,OC Channel,Unusual News Activity (UNA),Top Mentions Today (TMT),Ovtlyr Nine,Sector Relative Greed,Partial Data Stocks,Signal Type
"ACLS","Axcelis Technologies, Inc. Common Stock","Technology","Semiconductor Equipment & Materials","144.11","48.26","Buy","Aug 18, 2026","Uptrend","Aug 17, 2026","423175.83","391.54","2.47","2.83","Moving Up","","",,="9/9","<1","false","Swing"
"ADBE","Adobe Inc. Common Stock","Technology","Software - Application","254.04","87.94","Sell","Aug 18, 2026","Uptrend","Jul 27, 2026","5103480.3","66.73","11.26","-3.78","Moving Down","","",,="7/9","<1","false","Swing"
"AIRT","Air T, Inc. Common Stock","Industrials","Conglomerates","27.81","66.94","Sell","Aug 18, 2026","Uptrend","Jun 17, 2026","12887.77","-263.83","0.03","-5.5","Moving Down","","",,="5/9","<1","false","Swing"
"ALG","Alamo Group, Inc. Common Stock","Industrials","Farm & Heavy Construction Machinery","161.87","60.08","Sell","Aug 18, 2026","Neutral","Aug 17, 2026","138332.13","13.43","1.17","-1.86","Moving Down","","",,="4/9","<1","false","Swing"
"APPN","Appian Corporation Class A Common Stock","Technology","Software - Infrastructure","34.91","83.2","Sell","Aug 18, 2026","Uptrend","Jul 24, 2026","820321.63","-40.79","0.02","-1.41","Moving Down","","",,="7/9","<1","false","Swing"
"ARGX","argenx SE American Depositary Shares","Health Care","Biotechnology","987.84","45.45","Buy","Aug 18, 2026","Uptrend","Aug 17, 2026","298924.13","18.38","0.23","16.04","Moving Up","","",,="9/9","<1","false","Swing"
"ARW","Arrow Electronics, Inc. Common Stock","Technology","Electronics & Computer Distribution","220.36","70.41","Buy","Aug 18, 2026","Uptrend","Aug 17, 2026","577733.5","165.98","2.9","2.98","Moving Up","","",,="8/9","<1","false","Swing"
"ASO","Academy Sports and Outdoors, Inc. Common Stock","Discretionary","Specialty Retail","46.1","42.39","Sell","Aug 18, 2026","Downtrend","Aug 17, 2026","1259089.63","37.84","19.67","-3.93","Moving Down","","",,="4/9","<1","false","Swing"
"BAX","Baxter International Inc. Common Stock","Health Care","Medical Instruments & Supplies","25.91","97.45","Sell","Aug 18, 2026","Uptrend","May 19, 2026","7035936.5","-20.93","11.3","-3.07","Moving Down","","",,="7/9","<1","false","Swing"
"BE","Bloom Energy Corporation Class A Common Stock","Industrials","Electrical Equipment & Parts","232.16","31.54","Sell","Aug 18, 2026","Neutral","Aug 12, 2026","15548235.63","-117.65","0.23","0.97","Moving Down","","",,="4/9","<1","false","Swing"
"BF/A","Brown Forman Inc Class A Common Stock","Staples","Beverages - Wineries & Distilleries","28.05","81.55","Sell","Aug 18, 2026","Uptrend","Jul 27, 2026","124360.2","-45.8","2.78","-2.94","Moving Down","","",,="5/9","<1","false","Swing"
"BKE","Buckle, Inc. (The) Common Stock","Discretionary","Apparel Retail","43.19","57.79","Sell","Aug 18, 2026","Neutral","Aug 13, 2026","440241.2","30.24","0.87","-2.09","Moving Down","","",,="4/9","<1","false","Swing"
"BRK/A","Berkshire Hathaway Inc.","Financials","Insurance - Diversified","747400","74.12","Sell","Aug 18, 2026","Neutral","Aug 17, 2026","155.4","52.93","1.07","-1.08","Moving Down","","",,="5/9","<1","false","Swing"
"BRZE","Braze, Inc. Class A Common Stock","Technology","Software - Application","27.95","82.26","Sell","Aug 18, 2026","Uptrend","Jul 28, 2026","2199492","-17.05","11.03","-3.39","Moving Down","","",,="7/9","<1","false","Swing"
"BWIN","The Baldwin Insurance Group, Inc. Class A Common Stock","Financials","Insurance Brokers","30.77","87.53","Sell","Aug 18, 2026","Uptrend","Jun 22, 2026","1183080.23","-49.41","0.53","-2.35","Moving Down","","",,="5/9","<1","false","Swing"
"CAC","Camden National Corporation Common Stock","Financials","Banks - Regional","58.38","78.79","Sell","Aug 18, 2026","Uptrend","Jun 04, 2026","96488.67","41.11","1.68","-0.66","Moving Down","","",,="6/9","<1","false","Swing"
"CAKE","Cheesecake Factory Incorporated (The) Common Stock","Discretionary","Restaurants","109.07","95.84","Sell","Aug 18, 2026","Uptrend","May 26, 2026","1808338.23","81.53","1.18","-3.8","Moving Down","","",,="5/9","<1","false","Swing"
"CDNA","CareDx, Inc. Common Stock","Health Care","Diagnostics & Research","46.38","84.84","Sell","Aug 18, 2026","Uptrend","Apr 16, 2026","1189112.1","0.82","1.11","2.34","Moving Down","","",,="7/9","<1","false","Swing"
"CECO","CECO Environmental Corp. Common Stock","Industrials","Pollution & Treatment Controls","84.15","34.98","Buy","Aug 18, 2026","Uptrend","Aug 17, 2026","932560.3","459.73","1.37","5.73","Moving Up","","",,="6/9","<1","false","Swing"
"CENT","Central Garden & Pet Company Common Stock","Staples","Packaged Foods","43.35","63.8","Sell","Aug 18, 2026","Uptrend","May 08, 2026","97226.87","-21.89","0.24","-0.87","Moving Down","","",,="5/9","<1","false","Swing"
"CG","The Carlyle Group Inc. Common Stock","Financials","Asset Management","48.54","72.53","Sell","Aug 18, 2026","Uptrend","Jul 30, 2026","3469672.53","157.51","8.14","-1.5","Moving Down","","",,="6/9","<1","false","Swing"
"CGNX","Cognex Corporation Common Stock","Technology","Scientific & Technical Instruments","66.6","57.83","Buy","Aug 18, 2026","Uptrend","Aug 17, 2026","2194994","36.7","5.28","1.48","Moving Up","","",,="8/9","<1","false","Swing"
"CHD","Church & Dwight Company, Inc. Common Stock","Staples","Household & Personal Products","97.98","70.55","Sell","Aug 18, 2026","Neutral","Aug 17, 2026","1760202.6","53.07","3.41","-3.28","Moving Down","","",,="4/9","<1","false","Swing"
"CIGI","Colliers International Group Inc. Subordinate Voting Shares","Real Estate","Real Estate Services","103.43","64.11","Buy","Aug 18, 2026","Uptrend","Aug 07, 2026","213892.4","54.3","4.98","-1.88","Moving Up","","",,="8/9","<1","false","Swing"
"CL","Colgate-Palmolive Company Common Stock","Staples","Household & Personal Products","90.21","59.34","Sell","Aug 18, 2026","Downtrend","Aug 17, 2026","4344026.83","49.74","3.18","-1.89","Moving Down","","",,="4/9","<1","false","Swing"
"CME","CME Group Inc. Class A Common Stock","Financials","Financial Data & Stock Exchanges","267.88","82.33","Sell","Aug 18, 2026","Uptrend","Jul 24, 2026","2350851.33","0.38","0.02","-0.71","Moving Down","","",,="6/9","<1","false","Swing"
"CNMD","CONMED Corporation Common Stock","Health Care","Medical Devices","49.25","94.97","Sell","Aug 18, 2026","Uptrend","Jul 09, 2026","684031.27","-12.36","13.6","-2.3","Moving Down","","",,="7/9","<1","false","Swing"
"CNX","CNX Resources Corporation Common Stock","Energy","Oil & Gas E&P","35.34","52.77","Sell","Aug 18, 2026","Uptrend","Jul 29, 2026","1587224.53","162.17","1.39","-1.06","Moving Down","","",,="7/9","<1","false","Swing"
"CORT","Corcept Therapeutics Incorporated Common Stock","Health Care","Biotechnology","117.17","78.45","Sell","Aug 18, 2026","Uptrend","Mar 31, 2026","1209313.57","529.02","1.88","2.36","Moving Down","","",,="7/9","<1","false","Swing"
"CRI","Carter's, Inc. Common Stock","Discretionary","Apparel Retail","37.82","68.97","Sell","Aug 18, 2026","Downtrend","Aug 17, 2026","978458.13","-67.07","3.2","-2.32","Moving Down","","",,="3/9","<1","false","Swing"
"CSTM","Constellium SE Ordinary Shares (France)","Materials","Aluminum","29.92","59.27","Buy","Aug 18, 2026","Neutral","Aug 17, 2026","1555412.67","11.26","0.84","1.08","Moving Up","","",,="8/9","<1","false","Swing"
"CTRN","Citi Trends, Inc. Common Stock","Discretionary","Apparel Retail","72.67","81.91","Sell","Aug 18, 2026","Uptrend","Jun 10, 2026","131557.53","-31.02","0.3","-1.68","Moving Down","","",,="5/9","<1","false","Swing"
"CVEO","Civeo Corporation (Canada) Common Shares","Discretionary","Lodging","33.74","39.82","Buy","Aug 18, 2026","Uptrend","Aug 17, 2026","155029.6","-202.93","0.26","1.35","Moving Up","","",,="6/9","<1","false","Swing"
"DGX","Quest Diagnostics Incorporated Common Stock","Health Care","Diagnostics & Research","235.52","90.11","Sell","Aug 18, 2026","Uptrend","Jul 16, 2026","975514.23","93.86","2.01","0.48","Moving Down","","",,="7/9","<1","false","Swing"
"DMLP","Dorchester Minerals, L.P. Common Units Representing Limited Partnership Interests","Energy","Oil & Gas E&P","28.11","62.9","Buy","Aug 18, 2026","Uptrend","Aug 12, 2026","236662.93","-57.42","0.28","1.44","Moving Up","","",,="8/9","<1","false","Swing"
"DOCN","DigitalOcean Holdings, Inc. Common Stock","Technology","Software - Infrastructure","135.28","52.96","Buy","Aug 18, 2026","Uptrend","Aug 17, 2026","3300127.03","43.66","0.39","4.13","Moving Up","","",,="8/9","<1","false","Swing"
"ECL","Ecolab Inc. Common Stock","Materials","Specialty Chemicals","275.84","63.41","Sell","Aug 18, 2026","Uptrend","Jul 28, 2026","1158351.23","-53.04","0.21","-0.1","Moving Down","","",,="7/9","<1","false","Swing"
"EL","Estee Lauder Companies, Inc. (The) Common Stock","Staples","Household & Personal Products","84.34","68.84","Sell","Aug 18, 2026","Neutral","Aug 17, 2026","2220786.6","-4.26","39.52","-2.04","Moving Down","","",,="4/9","<1","false","Swing"
"ETON","Eton Pharmaceuticals, Inc. Common Stock","Health Care","Drug Manufacturers - Specialty & Generic","61.73","70.69","Buy","Aug 18, 2026","Uptrend","Jun 09, 2026","599741.03","550.1","2.26","4.88","Moving Up","","",,="9/9","<1","false","Swing"
"EWBC","East West Bancorp, Inc. Common Stock","Financials","Banks - Regional","135.52","56.32","Buy","Aug 18, 2026","Uptrend","Apr 07, 2026","736970.8","164.59","2.51","-0.79","Moving Up","","",,="8/9","<1","false","Swing"
"EXPO","Exponent, Inc. Common Stock","Industrials","Engineering & Construction","66.19","83.94","Sell","Aug 18, 2026","Uptrend","Jul 24, 2026","515735.5","7.58","9.5","-1.36","Moving Down","","",,="5/9","<1","false","Swing"
"FBIZ","First Business Financial Services, Inc. Common Stock","Financials","Banks - Regional","70.95","81.65","Sell","Aug 18, 2026","Uptrend","Jun 04, 2026","64465.53","180.24","2.16","-0.69","Moving Down","","",,="6/9","<1","false","Swing"
"FDS","FactSet Research Systems Inc. Common Stock","Financials","Financial Data & Stock Exchanges","276.76","92.82","Sell","Aug 18, 2026","Uptrend","Jul 02, 2026","822493.9","16.18","11.12","-2.37","Moving Down","","",,="6/9","<1","false","Swing"
"FELE","Franklin Electric Co., Inc. Common Stock","Industrials","Specialty Industrial Machinery","104.02","70.54","Sell","Aug 18, 2026","Neutral","Aug 17, 2026","277977.5","-63.71","0.23","-1.65","Moving Down","","",,="4/9","<1","false","Swing"
"FFIV","F5, Inc. Common Stock","Technology","Software - Infrastructure","395.54","65.36","Sell","Aug 18, 2026","Neutral","Aug 17, 2026","655762.47","79.63","1.23","-1.9","Moving Down","","",,="6/9","<1","false","Swing"
"FIX","Comfort Systems USA, Inc. Common Stock","Industrials","Engineering & Construction","1881.18","39.73","Buy","Aug 18, 2026","Uptrend","Aug 17, 2026","477853.9","1700.47","1.19","6.04","Moving Up","","",,="7/9","<1","false","Swing"
"FND","Floor & Decor Holdings, Inc. Common Stock","Discretionary","Home Improvement Retail","56.62","89.96","Sell","Aug 18, 2026","Uptrend","Jul 28, 2026","2401606.2","-2.16","71.18","-3.33","Moving Down","","",,="5/9","<1","false","Swing"
"FTAI","FTAI Aviation Ltd. Common Stock","Industrials","Aerospace & Defense","227.43","56.99","Buy","Aug 18, 2026","Neutral","Aug 17, 2026","1601294.8","-2017.88","0.16","4.74","Moving Up","","",,="6/9","<1","false","Swing"
"G","Genpact Limited Common Stock","Technology","Information Technology Services","33.7","86.27","Sell","Aug 18, 2026","Uptrend","Jul 24, 2026","2146058.5","20.33","6.33","-0.47","Moving Down","","",,="7/9","<1","false","Swing"
"GATX","GATX Corporation Common Stock","Industrials","Rental & Leasing Services","180.64","49.92","Buy","Aug 18, 2026","Uptrend","Aug 17, 2026","210564.9","156.63","3.04","0","Moving Up","","",,="7/9","<1","false","Swing"
"GE","GE Aerospace Common Stock","Industrials","Aerospace & Defense","369.43","62.1","Sell","Aug 18, 2026","Uptrend","Jul 28, 2026","3624835","197.03","1.25","0.29","Moving Down","","",,="5/9","<1","false","Swing"
"GEF/B","Greif, Inc. Corporation Class B Common Stock","Discretionary","Packaging & Containers","110.21","83.28","Sell","Aug 18, 2026","Uptrend","Jun 12, 2026","64432.17","-14.18","0.33","-0.44","Moving Down","","",,="5/9","<1","false","Swing"
"GLOB","Globant S.A. Common Shares","Technology","Information Technology Services","36.26","79.86","Sell","Aug 18, 2026","Uptrend","Jul 28, 2026","1950612.47","-301.88","0.76","-3","Moving Down","","",,="7/9","<1","false","Swing"
"GLW","Corning Incorporated Common Stock","Technology","Electronic Components","173.21","34.93","Buy","Aug 18, 2026","Uptrend","Aug 17, 2026","12411099.83","315","1.78","4.35","Moving Up","","",,="9/9","<1","false","Swing"
"GSAT","Globalstar, Inc. Common Stock","Communication","Telecom Services","83.03","50.49","Sell","Aug 18, 2026","Uptrend","Jul 31, 2026","982855.33","169.4","0.59","0.78","Moving Down","","",,="4/9","<1","false","Swing"
"GTLB","GitLab Inc. Class A Common Stock","Technology","Software - Infrastructure","40.52","95.65","Sell","Aug 18, 2026","Uptrend","Jun 26, 2026","4359491.97","51.78","9.67","-4.93","Moving Down","","",,="7/9","<1","false","Swing"
"HAL","Halliburton Company Common Stock","Energy","Oil & Gas Equipment & Services","34.73","42.86","Buy","Aug 18, 2026","Uptrend","Aug 17, 2026","11302644.67","35.76","2.36","0.9","Moving Up","","",,="8/9","<1","false","Swing"
"HD","Home Depot, Inc. (The) Common Stock","Discretionary","Home Improvement Retail","337.88","61.53","Sell","Aug 18, 2026","Neutral","Aug 17, 2026","3665652.17","83.61","3.47","-0.29","Moving Down","","",,="4/9","<1","false","Swing"
"HNVR","Hanover Bancorp, Inc. Common Stock","Financials","Banks - Regional","27.4","79.35","Sell","Aug 18, 2026","Uptrend","Jul 13, 2026","58661.23","77.58","2.99","-0.47","Moving Down","","",,="6/9","<1","false","Swing"
"HTHT","H World Group Limited American Depositary Shares","Discretionary","Lodging","46.61","53.08","Buy","Aug 18, 2026","Uptrend","Aug 17, 2026","1500990.17","-71.86","0.04","11.29","Moving Up","","Positive",,="7/9","<1","false","Swing"
"HY","Hyster-Yale, Inc. Class A common stock","Industrials","Farm & Heavy Construction Machinery","34.7","65.89","Sell","Aug 18, 2026","Uptrend","Aug 17, 2026","105423.53","6.98","4.72","0.75","Moving Down","","",,="5/9","<1","false","Swing"
"IBKR","Interactive Brokers Group, Inc. Class A Common Stock","Financials","Capital Markets","94.33","46.95","Buy","Aug 18, 2026","Uptrend","Aug 17, 2026","4374337.27","714.44","2.48","2.47","Moving Up","","",,="7/9","<1","false","Swing"
"INTC","Intel Corporation Common Stock","Technology","Semiconductors","103.49","61.22","Buy","Aug 18, 2026","Uptrend","Aug 17, 2026","113531708","122.43","5.32","0.97","Moving Up","","",,="8/9","<1","false","Swing"
"INVH","Invitation Homes Inc. Common Stock","Real Estate","REIT - Residential","29.69","72.49","Sell","Aug 18, 2026","Uptrend","Jul 28, 2026","3877050.37","-49.28","1.88","-1.98","Moving Down","","",,="6/9","<1","false","Swing"
"KMI","Kinder Morgan, Inc. Common Stock","Energy","Oil & Gas Midstream","32.33","42.96","Buy","Aug 18, 2026","Uptrend","Aug 17, 2026","9136349.03","76.44","1.92","-1.49","Moving Up","","",,="8/9","<1","false","Swing"
"KOD","Kodiak Sciences Inc Common Stock","Health Care","Biotechnology","40.98","48.01","Sell","Aug 18, 2026","Uptrend","Aug 14, 2026","602374.83","15.2","4.84","-0.89","Moving Down","","",,="7/9","<1","false","Swing"
"LIVN","LivaNova PLC Ordinary Shares","Health Care","Medical Devices","81.48","62.26","Buy","Aug 18, 2026","Uptrend","Aug 14, 2026","662673.9","-6.99","0.29","-0.9","Moving Up","","",,="9/9","<1","false","Swing"
"LKQ","LKQ Corporation Common Stock","Discretionary","Auto Parts","25.45","47.86","Buy","Aug 18, 2026","Neutral","Aug 17, 2026","3267219.87","-40.32","2.34","0.12","Moving Up","","",,="6/9","<1","false","Swing"
"LTH","Life Time Group Holdings, Inc. Common Stock","Discretionary","Leisure","45.34","72.45","Buy","Aug 18, 2026","Uptrend","May 05, 2026","2805560.7","6.74","0.09","0.18","Moving Up","","",,="7/9","<1","false","Swing"
"LZB","La-Z-Boy Incorporated Common Stock","Discretionary","Furnishings Fixtures & Appliances","41.52","75.38","Sell","Aug 18, 2026","Uptrend","Jun 17, 2026","370335.33","-46.45","0.19","-0.79","Moving Down","","",,="5/9","<1","false","Swing"
"MBUU","Malibu Boats, Inc. Class A Common Stock","Discretionary","Recreational Vehicles","29.41","71.57","Sell","Aug 18, 2026","Uptrend","Jul 16, 2026","195865.43","-201.67","0.46","0.27","Moving Down","","",,="5/9","<1","false","Swing"
"MCD","McDonald's Corporation Common Stock","Discretionary","Restaurants","265.53","31.07","Sell","Aug 18, 2026","Neutral","Aug 13, 2026","4295488.8","66.02","4.13","-2.68","Moving Up","","Positive",,="5/9","<1","false","Swing"
"MOG/A","Moog Inc. Class A Common Stock","Industrials","Aerospace & Defense","445.38","64.45","Buy","Aug 18, 2026","Uptrend","Jul 22, 2026","276392.27","229.1","1.24","0.95","Moving Up","","",,="7/9","<1","false","Swing"
"MRSH","Marsh Common Stock","Financials","Insurance Brokers","184.21","82.67","Sell","Aug 18, 2026","Uptrend","Jun 26, 2026","2248462.23","-49.59","0.24","-1.92","Moving Down","","",,="6/9","<1","false","Swing"
"MWA","MUELLER WATER PRODUCTS Common Stock","Industrials","Specialty Industrial Machinery","25.18","55.62","Sell","Aug 18, 2026","Neutral","Aug 13, 2026","1068931.73","-28.73","0.3","-1.41","Moving Down","","",,="4/9","<1","false","Swing"
"MXL","MaxLinear, Inc. Common Stock","Technology","Semiconductors","84.76","48.64","Buy","Aug 18, 2026","Uptrend","Aug 17, 2026","3482372.3","361.99","4.57","-0.09","Moving Up","","",,="8/9","<1","false","Swing"
"NRIX","Nurix Therapeutics, Inc. Common stock","Health Care","Biotechnology","27.17","76.49","Sell","Aug 18, 2026","Uptrend","Jun 15, 2026","1077787.43","158.63","4.02","0.44","Moving Down","","",,="6/9","<1","false","Swing"
"NTR","Nutrien Ltd. Common Shares","Materials","Agricultural Inputs","68.29","37.47","Buy","Aug 18, 2026","Uptrend","Aug 14, 2026","2322055.1","-18.38","0.28","0.07","Moving Up","","",,="9/9","<1","false","Swing"
"NVEC","NVE Corporation Common Stock","Technology","Semiconductors","121.09","89.04","Sell","Aug 18, 2026","Uptrend","Jul 23, 2026","252068.23","-73.22","0.21","-0.13","Moving Down","","",,="7/9","<1","false","Swing"
"OKLO","Oklo Inc. Class A common stock","Utilities","Utilities - Independent Power Producers","43.88","32.47","Sell","Aug 18, 2026","Downtrend","Aug 14, 2026","9104539.63","95.51","1.02","-1.13","Moving Down","","",,="5/9","<1","false","Swing"
"OSBC","Old Second Bancorp, Inc. Common Stock","Financials","Banks - Regional","25.83","81.32","Sell","Aug 18, 2026","Uptrend","Jun 04, 2026","433638.47","146.74","3.3","-0.31","Moving Down","","",,="6/9","<1","false","Swing"
"PEO","Adams Natural Resources Fund, Inc. Common Stock","Financials","Closed-End Fund - Equity","27.94","76.1","Buy","Aug 18, 2026","Uptrend","Jul 13, 2026","54206.47","41.14","0.7","0.54","Moving Up","","",,="8/9","<1","false","Swing"
"PHM","PulteGroup, Inc. Common Stock","Discretionary","Residential Construction","128.49","56.1","Sell","Aug 18, 2026","Uptrend","Jul 27, 2026","1644849.6","30.66","0.31","-1.3","Moving Down","","",,="5/9","<1","false","Swing"
"POOL","Pool Corporation Common Stock","Industrials","Industrial Distribution","190.47","43.2","Sell","Aug 18, 2026","Downtrend","Aug 17, 2026","809153.8","-53.99","0.61","-2.24","Moving Down","","",,="4/9","<1","false","Swing"
"PRM","Perimeter Solutions, SA Common Stock","Materials","Specialty Chemicals","32.59","37.04","Sell","Aug 18, 2026","Downtrend","Aug 17, 2026","1575526.77","257.87","1.08","-3.86","Moving Down","","",,="6/9","<1","false","Swing"
"PSA","Public Storage Common Stock","Real Estate","REIT - Industrial","324.31","70.9","Sell","Aug 18, 2026","Uptrend","Jul 28, 2026","1094461.3","4.63","0.18","-0.5","Moving Down","","",,="6/9","<1","false","Swing"
"RCKY","Rocky Brands, Inc. Common Stock","Discretionary","Footwear & Accessories","46.68","70.01","Sell","Aug 18, 2026","Uptrend","Jul 09, 2026","64201.5","-195.94","0.1","-1.79","Moving Down","","",,="5/9","<1","false","Swing"
"REYN","Reynolds Consumer Products Inc. Common Stock","Discretionary","Packaging & Containers","25.91","74.75","Sell","Aug 18, 2026","Uptrend","Aug 04, 2026","1149655.67","22.73","17.67","-1.3","Moving Down","","",,="5/9","<1","false","Swing"
"RPRX","Royalty Pharma plc Class A Ordinary Shares ","Health Care","Biotechnology","59.45","56.14","Buy","Aug 18, 2026","Uptrend","Dec 24, 2025","2808997.87","32.42","2.1","1.45","Moving Up","","",,="9/9","<1","false","Swing"
"SEI","Solaris Energy Infrastructure, Inc. Class A Common Stock","Energy","Oil & Gas Equipment & Services","65.97","43.03","Buy","Aug 18, 2026","Uptrend","Aug 17, 2026","3411137.63","446.6","1.41","4.22","Moving Up","","",,="9/9","<1","false","Swing"
"SEIC","SEI Investments Company Common Stock","Financials","Asset Management","105.47","87.38","Sell","Aug 18, 2026","Uptrend","Jul 02, 2026","719495.53","50.26","2.07","-0.86","Moving Down","","",,="6/9","<1","false","Swing"
"SFBS","ServisFirst Bancshares, Inc. Common Stock","Financials","Banks - Regional","90.53","58.18","Buy","Aug 18, 2026","Uptrend","Jun 08, 2026","255595.7","117.11","2.34","-0.88","Moving Up","","",,="8/9","<1","false","Swing"
"SFM","Sprouts Farmers Market, Inc. Common Stock","Staples","Grocery Stores","80.6","62.62","Sell","Aug 18, 2026","Neutral","Aug 17, 2026","1951895.03","638.47","5.58","-2.3","Moving Down","","",,="4/9","<1","false","Swing"
"SMP","Standard Motor Products, Inc. Common Stock","Discretionary","Auto Parts","38.76","59","Sell","Aug 18, 2026","Neutral","Aug 17, 2026","128307.23","-86.44","0.49","-0.46","Moving Down","","",,="4/9","<1","false","Swing"
"SPHR","Sphere Entertainment Co. Class A Common Stock","Communication","Entertainment","171.6","62.86","Sell","Aug 18, 2026","Uptrend","Aug 04, 2026","726350.97","120.79","1.49","2.14","Moving Down","","",,="5/9","<1","false","Swing"
"STE","STERIS plc (Ireland) Ordinary Shares","Health Care","Medical Devices","229.75","82.62","Sell","Aug 18, 2026","Uptrend","Jul 24, 2026","739121.53","-3.64","0.32","-1.51","Moving Down","","",,="7/9","<1","false","Swing"
"STEP","StepStone Group Inc. Class A Common Stock","Financials","Asset Management","48.28","73.41","Sell","Aug 18, 2026","Uptrend","Aug 03, 2026","1321004.43","-8.29","0.28","-4.21","Moving Down","","",,="6/9","<1","false","Swing"
"STRA","Strategic Education, Inc. Common Stock","Staples","Education & Training Services","80.69","63.3","Sell","Aug 18, 2026","Uptrend","Aug 13, 2026","309850.43","-93.47","1.38","-1.99","Moving Down","","",,="5/9","<1","false","Swing"
"SYK","Stryker Corporation Common Stock","Health Care","Medical Devices","331.68","72.82","Sell","Aug 18, 2026","Uptrend","Jul 24, 2026","2339150.43","-16.13","0.29","-2.22","Moving Down","","",,="7/9","<1","false","Swing"
"TAP","Molson Coors Beverage Company Class B Common Stock","Staples","Beverages - Brewers","40.74","68.1","Sell","Aug 18, 2026","Neutral","Aug 17, 2026","2929690.1","-23.47","2.99","-4.75","Moving Down","","",,="4/9","<1","false","Swing"
"TEN","Tsakos Energy Navigation Ltd Common Shares","Energy","Oil & Gas Midstream","42.16","56.55","Buy","Aug 18, 2026","Uptrend","Aug 13, 2026","209241.53","150.97","3.17","1.71","Moving Up","","",,="8/9","<1","false","Swing"
"THFF","First Financial Corporation Common Stock","Financials","Banks - Regional","81.61","79.1","Sell","Aug 18, 2026","Uptrend","May 18, 2026","97252.63","139.9","3.19","-0.55","Moving Down","","",,="6/9","<1","false","Swing"
"TNK","Teekay Tankers Ltd.","Energy","Oil & Gas Midstream","89.11","62.24","Buy","Aug 18, 2026","Uptrend","Jul 21, 2026","336899.73","330.27","2.13","4.68","Moving Up","","",,="9/9","<1","false","Swing"
"TPG","TPG Inc. Class A Common Stock","Financials","Asset Management","51.77","91.12","Sell","Aug 18, 2026","Uptrend","Jul 30, 2026","2615179.43","1.03","0.2","-2.38","Moving Down","","",,="6/9","<1","false","Swing"
"TRGP","Targa Resources, Inc. Common Stock","Energy","Oil & Gas Midstream","277.94","47.42","Buy","Aug 18, 2026","Uptrend","Aug 17, 2026","1096857.77","134.08","0.58","0.78","Moving Up","","",,="9/9","<1","false","Swing"
"TRMD","TORM plc Class A Common Stock","Energy","Oil & Gas Midstream","30.61","42.85","Buy","Aug 18, 2026","Uptrend","Aug 14, 2026","468630.03","238.69","1.13","1.76","Moving Up","","",,="9/9","<1","false","Swing"
"TTE","TotalEnergies SE Ordinary Shares","Energy","Oil & Gas Integrated","88.63","81.63","Sell","Aug 18, 2026","Uptrend","Jul 22, 2026","1546702.83","26.42","0.93","0.34","Moving Down","","",,="6/9","<1","false","Swing"
"TYG","Tortoise Energy Infrastructure Corporation Common Stock","Financials","Closed-End Fund - Equity","44.31","51.23","Buy","Aug 18, 2026","Uptrend","Aug 17, 2026","137117.87","5.41","7.03","0.05","Moving Up","","",,="7/9","<1","false","Swing"
"U","Unity Software Inc. Common Stock","Technology","Software - Application","45.45","89.51","Sell","Aug 18, 2026","Uptrend","Jun 30, 2026","10454953.93","43.82","4.49","-1.73","Moving Down","","Positive",,="6/9","<1","false","Swing"
"UHS","Universal Health Services, Inc. Common Stock","Health Care","Medical Care Facilities","170.53","77.46","Sell","Aug 18, 2026","Uptrend","Jul 24, 2026","888898.37","19.7","2.92","0.3","Moving Down","","",,="6/9","<1","false","Swing"
"USAC","USA Compression Partners, LP Common Units Representing Limited Partner Interests","Energy","Oil & Gas Equipment & Services","26.91","44.1","Buy","Aug 18, 2026","Uptrend","Aug 17, 2026","244365.63","143.96","1.58","1.09","Moving Up","","",,="8/9","<1","false","Swing"
"UTMD","Utah Medical Products, Inc. Common Stock","Health Care","Medical Instruments & Supplies","70.21","71.72","Sell","Aug 18, 2026","Uptrend","Jul 29, 2026","28359.9","-61.77","1.34","-1.11","Moving Down","","",,="7/9","<1","false","Swing"
"VALU","Value Line, Inc. Common Stock","Financials","Financial Data & Stock Exchanges","35.89","63.26","Sell","Aug 18, 2026","Downtrend","Aug 17, 2026","3237.17","-570.38","0.02","-4.47","Moving Down","","",,="5/9","<1","false","Swing"
"VOYA","Voya Financial, Inc. Common Stock","Financials","Financial Conglomerates","100.14","75.8","Buy","Aug 18, 2026","Uptrend","Apr 10, 2026","1005355.5","72.41","2.53","-1.36","Moving Up","","",,="8/9","<1","false","Swing"
"VRT","Vertiv Holdings, LLC Class A Common Stock","Industrials","Electrical Equipment & Parts","292.43","46.03","Buy","Aug 18, 2026","Uptrend","Aug 17, 2026","5515945.27","274.59","1.03","-0.48","Moving Up","","",,="6/9","<1","false","Swing"
"WAB","Westinghouse Air Brake Technologies Corporation Common Stock","Industrials","Railroads","300.65","88.5","Sell","Aug 18, 2026","Uptrend","Jul 22, 2026","1008443.3","50.74","0.46","0.55","Moving Down","","",,="5/9","<1","false","Swing"
"WES","Western Midstream Partners, LP Common Units Representing Limited Partner Interests","Energy","Oil & Gas Midstream","48.59","57.81","Buy","Aug 18, 2026","Uptrend","Jul 07, 2026","832276.6","-71.01","0.29","-0.67","Moving Up","","",,="9/9","<1","false","Swing"
"WST","West Pharmaceutical Services, Inc. Common Stock","Health Care","Medical Instruments & Supplies","346.61","61.43","Sell","Aug 18, 2026","Uptrend","Aug 07, 2026","717529.3","-71.83","0.23","-0.8","Moving Down","","",,="6/9","<1","false","Swing"
"ZWS","Zurn Elkay Water Solutions Corporation Common Stock","Industrials","Pollution & Treatment Controls","50.31","62.35","Sell","Aug 18, 2026","Uptrend","Jul 30, 2026","951683.83","391.38","1.83","-1.29","Moving Down","","",,="5/9","<1","false","Swing"
"ALGN","Align Technology, Inc. Common Stock","Health Care","Medical Instruments & Supplies","171.16","49.69","Buy","Aug 17, 2026","Neutral","Aug 17, 2026","889844.4","-5.47","21.12","-5.6","Moving Down","","",,="7/9","<1","false","Swing"
"ALLE","Allegion plc Ordinary Shares","Industrials","Security & Protection Services","162.1","96.21","Sell","Aug 17, 2026","Uptrend","Jul 16, 2026","1317139.6","27.36","2.82","-1.63","Moving Down","","",,="5/9","<1","false","Swing"
"ANAB","AnaptysBio, Inc. Common Stock","Health Care","Biotechnology","59.69","45.79","Buy","Aug 17, 2026","Uptrend","Aug 14, 2026","632465.03","-162.4","0.1","2.09","Moving Up","","",,="9/9","<1","false","Swing"
"ARTNA","Artesian Resources Corporation Class A Common Stock","Utilities","Utilities - Regulated Water","34.95","70.69","Buy","Aug 17, 2026","Uptrend","Jun 23, 2026","31069.9","-102.23","0.03","-2.32","Moving Up","","",,="8/9","<1","false","Swing"
"ASB","Associated Banc-Corp Common Stock","Financials","Banks - Regional","32.06","71.72","Buy","Aug 17, 2026","Uptrend","Jun 09, 2026","1801826.93","24.27","1.18","-0.84","Moving Up","","",,="8/9","<1","false","Swing"
"AWR","American States Water Company Common Stock","Utilities","Utilities - Regulated Water","87.87","80.43","Buy","Aug 17, 2026","Uptrend","Jun 04, 2026","281488.23","-73.77","0.02","-1.24","Moving Up","","",,="7/9","<1","false","Swing"
"AZO","AutoZone, Inc. Common Stock","Discretionary","Auto Parts","3019.3","42.21","Sell","Aug 17, 2026","Downtrend","Aug 14, 2026","172872.33","-50.31","0.27","-0.19","Moving Down","","",,="4/9","<1","false","Swing"
"BATRA","Atlanta Braves Holdings, Inc. Series A Common Stock","Communication","Entertainment","56.12","42.23","Buy","Aug 17, 2026","Uptrend","Aug 14, 2026","63315.47","103.9","3.59","-2.11","Moving Up","","",,="6/9","<1","false","Swing"
"BBIO","BridgeBio Pharma, Inc. Common Stock","Health Care","Biotechnology","79.89","48.99","Sell","Aug 17, 2026","Uptrend","Jun 23, 2026","2952143.23","23.43","1.23","0.04","Moving Down","","",,="7/9","<1","false","Swing"
"BFH","Bread Financial Holdings, Inc. Common Stock","Financials","Credit Services","111.25","73.71","Buy","Aug 17, 2026","Uptrend","Jul 21, 2026","588498.2","26.71","2.05","-1.9","Moving Up","","",,="8/9","<1","false","Swing"
"BILL","BILL Holdings, Inc. Common Stock","Technology","Software - Application","48.5","72.28","Sell","Aug 17, 2026","Uptrend","Jul 01, 2026","2334108.63","-11.91","10.87","-2.57","Moving Down","","",,="7/9","<1","false","Swing"
"BKU","BankUnited, Inc. Common Stock","Financials","Banks - Regional","47.86","51.12","Buy","Aug 17, 2026","Uptrend","Aug 14, 2026","887336.83","111.45","8.87","-0.99","Moving Up","","",,="7/9","<1","false","Swing"
"BMY","Bristol-Myers Squibb Company Common Stock","Health Care","Drug Manufacturers - General","64.63","81.63","Sell","Aug 17, 2026","Uptrend","Jul 15, 2026","11522998.93","2.51","1.14","1.25","Moving Up","","",,="8/9","<1","false","Swing"
"BNS","Bank Nova Scotia Halifax Pfd 3 Ordinary Shares","Financials","Banks - Diversified","91.35","72.55","Buy","Aug 17, 2026","Uptrend","Apr 10, 2026","1739918.27","108.64","3.92","-0.21","Moving Up","","",,="8/9","<1","false","Swing"
"BNY","The Bank of New York Mellon Corporation Common Stock","Financials","Banks - Diversified","164.27","83.21","Buy","Aug 17, 2026","Uptrend","Apr 01, 2026","3193331.33","131.28","0.98","0.63","Moving Up","","",,="8/9","<1","false","Swing"
"BRK/B","Berkshire Hathaway Inc.","Financials","Insurance - Diversified","498.23","72.46","Sell","Aug 17, 2026","Neutral","Aug 17, 2026","4192060.6","43.62","1","-1.15","Moving Down","","",,="5/9","<1","false","Swing"
"BUSE","First Busey Corporation Class A Common Stock","Financials","Banks - Regional","31.08","83.74","Sell","Aug 17, 2026","Uptrend","May 20, 2026","829355.2","74.26","5.39","-0.48","Moving Down","","",,="6/9","<1","false","Swing"
"CCL","Carnival Corporation Ltd. Common Shares","Discretionary","Travel Services","27.73","55.59","Sell","Aug 17, 2026","Uptrend","Jul 30, 2026","17676235.93","60.39","6.53","-1.39","Moving Down","","",,="5/9","<1","false","Swing"
"CENTA","Central Garden & Pet Company Class A Common Stock Nonvoting","Staples","Packaged Foods","37.64","58.31","Sell","Aug 17, 2026","Downtrend","Aug 17, 2026","288419.9","-68.02","0.15","-0.55","Moving Down","","",,="4/9","<1","false","Swing"
"CM","Canadian Imperial Bank of Commerce Common Stock","Financials","Banks - Diversified","123.45","63.25","Buy","Aug 17, 2026","Uptrend","Jun 12, 2026","812868.87","198.42","1.74","-0.23","Moving Up","","",,="8/9","<1","false","Swing"
"CRWD","CrowdStrike Holdings, Inc. Class A Common Stock","Technology","Software - Infrastructure","213.9","69.47","Sell","Aug 17, 2026","Uptrend","Aug 03, 2026","7671397.7","50.74","0.59","-1.41","Moving Down","","",,="7/9","<1","false","Swing"
"CSCO","Cisco Systems, Inc. Common Stock (DE)","Technology","Communication Equipment","112.9","71.61","Sell","Aug 17, 2026","Downtrend","Aug 17, 2026","21881241.27","78.48","1.54","1.09","Moving Down","","",,="6/9","<1","false","Swing"
"CUE","Cue Biopharma, Inc. Common Stock","Health Care","Biotechnology","27.64","59.05","Buy","Aug 17, 2026","Downtrend","Aug 17, 2026","192097.03","-148.18","1.73","-19.18","Moving Up","","",,="8/9","<1","false","Swing"
"DBX","Dropbox, Inc. Class A Common Stock","Technology","Software - Infrastructure","33.38","92.82","Sell","Aug 17, 2026","Uptrend","Jul 01, 2026","4143221.5","-100.6","0.05","-3.02","Moving Down","","",,="7/9","<1","false","Swing"
"DCI","Donaldson Company, Inc. Common Stock","Industrials","Specialty Industrial Machinery","94.68","76.31","Sell","Aug 17, 2026","Uptrend","Jun 24, 2026","654974.53","16.24","0.58","-1.32","Moving Down","","",,="5/9","<1","false","Swing"
"DSGR","Distribution Solutions Group, Inc. Common Stock","Industrials","Industrial Distribution","34.87","86.67","Sell","Aug 17, 2026","Uptrend","Jul 16, 2026","275143.97","15.59","1.27","-0.26","Moving Down","","",,="5/9","<1","false","Swing"
"ECPG","Encore Capital Group Inc Common Stock","Financials","Credit Services","103.68","73.06","Buy","Aug 17, 2026","Uptrend","Jun 12, 2026","357313.53","142.66","2.19","-0.06","Moving Up","","",,="8/9","<1","false","Swing"
"ESNT","Essent Group Ltd. Common Shares","Financials","Insurance - Specialty","69.43","66.85","Buy","Aug 17, 2026","Uptrend","Jun 24, 2026","538123.5","-25.06","0.19","-0.2","Moving Up","","",,="8/9","<1","false","Swing"
"ESQ","Esquire Financial Holdings, Inc. Common Stock","Financials","Banks - Regional","124.09","77.25","Sell","Aug 17, 2026","Uptrend","Jun 08, 2026","145621.23","79.81","0.76","-3.1","Moving Down","","",,="6/9","<1","false","Swing"
"EWTX","Edgewise Therapeutics, Inc. Common Stock","Health Care","Biotechnology","44.04","52.72","Sell","Aug 17, 2026","Uptrend","Aug 04, 2026","1169343.07","-149.97","0.22","-0.29","Moving Down","","",,="7/9","<1","false","Swing"
"FCFS","FirstCash Holdings, Inc. Common Stock","Financials","Credit Services","216.24","49.04","Buy","Aug 17, 2026","Uptrend","Aug 14, 2026","424234.43","82.35","1.36","0.69","Moving Up","","",,="7/9","<1","false","Swing"
"FIBK","First Interstate BancSystem, Inc. Common Stock (DE)","Financials","Banks - Regional","38.89","58.63","Buy","Aug 17, 2026","Uptrend","Aug 14, 2026","1179128.63","-23.78","0.02","-0.71","Moving Up","","",,="7/9","<1","false","Swing"
"FOR","Forestar Group Inc Common Stock ","Real Estate","Real Estate - Development","29.16","56.16","Buy","Aug 17, 2026","Uptrend","Aug 14, 2026","134305.47","-27.74","0.18","-0.95","Moving Up","","",,="8/9","<1","false","Swing"
"FTH","Faeth Therapeutics, Inc. Common Stock","Health Care","Biotechnology","32.77","50.28","Buy","Aug 17, 2026","Uptrend","Aug 11, 2026","298995.47","-78.52","0.2","1.33","Moving Up","","",,="9/9","<1","false","Swing"
"FTI","TechnipFMC plc Ordinary Share","Energy","Oil & Gas Equipment & Services","79.81","63.02","Buy","Aug 17, 2026","Uptrend","Aug 11, 2026","3381591.17","217.86","1.36","1.53","Moving Up","","",,="9/9","<1","false","Swing"
"GEF","Greif Inc. Class A Common Stock","Discretionary","Packaging & Containers","87.36","96.55","Sell","Aug 17, 2026","Uptrend","Jun 11, 2026","256380.23","-82.48","0.2","0.01","Moving Down","","",,="5/9","<1","false","Swing"
"GM","General Motors Company Common Stock","Discretionary","Auto Manufacturers","84.37","78.52","Sell","Aug 17, 2026","Uptrend","Jul 22, 2026","6195331.13","74.51","1.75","-2.77","Moving Down","","",,="5/9","<1","false","Swing"
"HOV","Hovnanian Enterprises, Inc. Class A Common Stock","Discretionary","Residential Construction","130.69","71.05","Sell","Aug 17, 2026","Uptrend","Aug 03, 2026","132727.03","103.66","0.61","-2.51","Moving Down","","",,="5/9","<1","false","Swing"
"HQY","HealthEquity, Inc. Common Stock","Health Care","Health Information Services","102.33","87.75","Sell","Aug 17, 2026","Uptrend","Jun 30, 2026","713996.13","48.58","2.76","-2.29","Moving Down","","",,="7/9","<1","false","Swing"
"HRMY","Harmony Biosciences Holdings, Inc. Common Stock","Health Care","Biotechnology","38.14","77.89","Sell","Aug 17, 2026","Uptrend","Jul 21, 2026","851711.73","-8.19","14.3","0.05","Moving Down","","",,="6/9","<1","false","Swing"
"HUM","Humana Inc. Common Stock","Health Care","Healthcare Plans","384.31","70.24","Buy","Aug 17, 2026","Uptrend","Aug 14, 2026","1369952.93","-75.48","0.02","-1.22","Moving Up","","",,="9/9","<1","false","Swing"
"ICE","Intercontinental Exchange Inc. Common Stock","Financials","Financial Data & Stock Exchanges","154.31","84.3","Sell","Aug 17, 2026","Uptrend","Jul 22, 2026","3932095.63","98.23","3.92","-0.27","Moving Down","","",,="5/9","<1","false","Swing"
"IDXX","IDEXX Laboratories, Inc. Common Stock","Health Care","Diagnostics & Research","546.09","60.27","Sell","Aug 17, 2026","Downtrend","Aug 17, 2026","629220.8","77.42","2.25","-0.88","Moving Down","","",,="6/9","<1","false","Swing"
"IP","International Paper Company Common Stock","Discretionary","Packaging & Containers","40.26","79.76","Sell","Aug 17, 2026","Uptrend","Jun 11, 2026","5193361.53","-67.54","0","-1.18","Moving Down","","",,="5/9","<1","false","Swing"
"IQV","IQVIA Holdings, Inc. Common Stock","Health Care","Diagnostics & Research","241.24","92.97","Sell","Aug 17, 2026","Uptrend","Jun 25, 2026","1362913.4","4.74","0.24","1.94","Moving Down","","",,="7/9","<1","false","Swing"
"IRM","Iron Mountain Incorporated (Delaware)Common Stock REIT","Real Estate","REIT - Specialty","129.9","47.63","Buy","Aug 17, 2026","Uptrend","Aug 13, 2026","1942365","203.8","1.31","0.36","Moving Up","","",,="7/9","<1","false","Swing"
"JXN","Jackson Financial Inc. Class A Common Stock ","Financials","Insurance - Life","133.15","87.35","Sell","Aug 17, 2026","Uptrend","Jul 09, 2026","623022.93","45.49","0.69","-1.6","Moving Down","","",,="6/9","<1","false","Swing"
"LOGI","Logitech International S.A. Ordinary Shares","Technology","Computer Hardware","101.12","52","Sell","Aug 17, 2026","Downtrend","Aug 17, 2026","1116356.17","188.59","4.58","-1.91","Moving Up","","",,="7/9","<1","false","Swing"
"LPX","Louisiana-Pacific Corporation Common Stock","Industrials","Building Products & Equipment","72.29","61.91","Sell","Aug 17, 2026","Downtrend","Aug 17, 2026","1219660.93","84.58","1.62","-2.17","Moving Down","","",,="4/9","<1","false","Swing"
"LRCX","Lam Research Corporation Common Stock","Technology","Semiconductor Equipment & Materials","343.84","50.13","Buy","Aug 17, 2026","Uptrend","Aug 14, 2026","10422612.4","290.06","0.7","3.45","Moving Up","","",,="8/9","<1","false","Swing"
"LULU","lululemon athletica inc. Common Stock","Discretionary","Apparel Retail","115.74","53.36","Sell","Aug 17, 2026","Neutral","Aug 12, 2026","2480526.07","170.61","15.19","-3.19","Moving Down","","",,="4/9","<1","false","Swing"
"MEDP","Medpace Holdings, Inc. Common Stock","Health Care","Diagnostics & Research","597.12","69.6","Sell","Aug 17, 2026","Uptrend","Jun 03, 2026","329942.67","-187.18","0.22","3.22","Moving Down","","",,="6/9","<1","false","Swing"
"MPB","Mid Penn Bancorp Common Stock","Financials","Banks - Regional","38.185","80.93","Sell","Aug 17, 2026","Uptrend","Jun 08, 2026","158705.2","107.64","4.79","-0.64","Moving Down","","",,="6/9","<1","false","Swing"
"MPLX","MPLX LP Common Units Representing Limited Partner Interests","Energy","Oil & Gas Midstream","59.08","81.77","Sell","Aug 17, 2026","Uptrend","Jul 02, 2026","1545146.37","3.57","0.01","-0.67","Moving Down","","",,="7/9","<1","false","Swing"
"MRK","Merck & Company, Inc. Common Stock (new)","Health Care","Drug Manufacturers - General","135.97","71.34","Buy","Aug 17, 2026","Uptrend","Jun 23, 2026","8176400.97","-72.95","0.15","0.1","Moving Up","","",,="9/9","<1","false","Swing"
"MU","Micron Technology, Inc. Common Stock","Technology","Semiconductors","1011.75","40.97","Buy","Aug 17, 2026","Uptrend","Aug 14, 2026","41652665.07","1473.52","2.2","4.13","Moving Up","","Positive","true",="8/9","<1","false","Swing"
"NET","Cloudflare, Inc. Class A Common Stock","Technology","Software - Infrastructure","307.01","68.2","Sell","Aug 17, 2026","Uptrend","Jun 29, 2026","3746281.23","245.93","2.55","-2.78","Moving Down","","",,="7/9","<1","false","Swing"
"NMM","Navios Maritime Partners LP Common Units Representing Limited Partner Interests","Industrials","Marine Shipping","82.77","74.47","Buy","Aug 17, 2026","Uptrend","Jul 20, 2026","109425","502.42","3.4","1.09","Moving Up","","",,="7/9","<1","false","Swing"
"OGS","ONE Gas, Inc. Common Stock","Utilities","Utilities - Regulated Gas","79.98","46.73","Buy","Aug 17, 2026","Uptrend","Aug 11, 2026","520137.8","-46.9","0.73","-1.23","Moving Up","","",,="8/9","<1","false","Swing"
"OII","Oceaneering International, Inc. Common Stock","Energy","Oil & Gas Equipment & Services","54.11","85.92","Buy","Aug 17, 2026","Uptrend","Jun 29, 2026","1070013.37","233.15","2.23","3.66","Moving Up","","",,="9/9","<1","false","Swing"
"OMAB","Grupo Aeroportuario del Centro Norte S.A.B. de C.V. ADS","Industrials","Airports & Air Services","102.79","47.46","Sell","Aug 17, 2026","Downtrend","Aug 14, 2026","61867.67","-105.01","0.18","-0.58","Moving Down","","",,="4/9","<1","false","Swing"
"OTIS","Otis Worldwide Corporation Common Stock ","Industrials","Specialty Industrial Machinery","70.56","56.96","Sell","Aug 17, 2026","Downtrend","Aug 17, 2026","3621464.2","-17.4","0.78","-2.85","Moving Down","","",,="4/9","<1","false","Swing"
"PBH","Prestige Consumer Healthcare Inc. Common Stock","Health Care","Drug Manufacturers - Specialty & Generic","50.04","58.49","Sell","Aug 17, 2026","Neutral","Aug 17, 2026","538171.8","67.53","9.25","-2.61","Moving Down","","",,="6/9","<1","false","Swing"
"PENG","Penguin Solutions, Inc. Common Stock","Technology","Information Technology Services","63.08","66.25","Buy","Aug 17, 2026","Uptrend","Aug 14, 2026","3793359.23","-179.87","0.16","-1.13","Moving Up","","",,="9/9","<1","false","Swing"
"PEP","PepsiCo, Inc. Common Stock","Staples","Beverages - Non-Alcoholic","138.24","39.7","Buy","Aug 17, 2026","Neutral","Aug 14, 2026","7800980.83","13.17","5.64","-1.81","Moving Up","","",,="6/9","<1","false","Swing"
"PFG","Principal Financial Group Inc Common Stock","Financials","Asset Management","112.97","78.97","Sell","Aug 17, 2026","Uptrend","Jul 27, 2026","1426133.23","7.42","0.16","-0.89","Moving Down","","",,="6/9","<1","false","Swing"
"PNFP","Pinnacle Financial Partners, Inc. Common stock","Financials","Banks - Regional","107.35","77.65","Sell","Aug 17, 2026","Uptrend","Jul 23, 2026","1172056.6","54.22","2.28","-0.61","Moving Down","","",,="6/9","<1","false","Swing"
"PSX","Phillips 66 Common Stock","Energy","Oil & Gas Refining & Marketing","240.55","93.45","Buy","Aug 17, 2026","Uptrend","Jul 07, 2026","2593472.9","56.01","1.29","2.97","Moving Up","","",,="9/9","<1","false","Swing"
"RCL","Royal Caribbean Cruises Ltd. Common Stock","Discretionary","Travel Services","301.79","59.45","Sell","Aug 17, 2026","Uptrend","Jul 28, 2026","2129404.2","214.2","4.9","-1.05","Moving Down","","",,="5/9","<1","false","Swing"
"RCMT","RCM Technologies, Inc. Common Stock","Industrials","Conglomerates","40.43","56.18","Buy","Aug 17, 2026","Uptrend","Jun 15, 2026","57954.9","632.86","1.56","15.35","Moving Up","","",,="7/9","<1","false","Swing"
"RELY","Remitly Global, Inc. Common Stock","Technology","Software - Infrastructure","26.3","76.7","Buy","Aug 17, 2026","Uptrend","Jun 24, 2026","2937252.73","17.01","2.02","0","Moving Up","","Positive",,="8/9","<1","false","Swing"
"ROG","Rogers Corporation Common Stock","Technology","Electronic Components","145.94","61.45","Buy","Aug 17, 2026","Uptrend","Aug 13, 2026","243551.83","88.53","21.99","2.12","Moving Up","","",,="9/9","<1","false","Swing"
"SAFT","Safety Insurance Group, Inc. Common Stock","Financials","Insurance - Property & Casualty","103.36","97.24","Sell","Aug 17, 2026","Uptrend","Jul 24, 2026","290752.5","-59.95","0.12","0.01","Moving Down","","",,="6/9","<1","false","Swing"
"SFST","Southern First Bancshares, Inc. Common Stock","Financials","Banks - Regional","64.35","64.44","Sell","Aug 17, 2026","Uptrend","Jun 04, 2026","109972.2","66.64","3.73","0.26","Moving Down","","",,="5/9","<1","false","Swing"
"SII","Sprott Inc. Common Shares","Financials","Asset Management","121.93","37.77","Sell","Aug 17, 2026","Uptrend","Aug 07, 2026","187326.6","336.44","2.96","4.42","Moving Down","","",,="5/9","<1","false","Swing"
"SJM","The J.M. Smucker Company Common Stock","Staples","Packaged Foods","117.83","71.49","Buy","Aug 17, 2026","Uptrend","Jul 16, 2026","1329543.53","-98.82","0.05","-2.93","Moving Down","","",,="6/9","<1","false","Swing"
"SMFG","Sumitomo Mitsui Financial Group Inc Unsponsored American Depositary Shares (Japan)","Financials","Banks - Diversified","26.24","64.55","Buy","Aug 17, 2026","Uptrend","Apr 28, 2026","1690907","50.29","0.47","-0.3","Moving Up","","",,="8/9","<1","false","Swing"
"SPFI","South Plains Financial, Inc. Common Stock","Financials","Banks - Regional","45.35","61.15","Buy","Aug 17, 2026","Uptrend","Jul 09, 2026","140446.43","8.12","0.38","-0.46","Moving Up","","",,="8/9","<1","false","Swing"
"SYY","Sysco Corporation Common Stock","Staples","Food Distribution","81.85","79.52","Sell","Aug 17, 2026","Neutral","Aug 17, 2026","3304600.73","-29.95","0","-1.37","Moving Down","","",,="4/9","<1","false","Swing"
"TFIN","Triumph Financial, Inc. Common Stock","Financials","Banks - Regional","77.78","62.68","Buy","Aug 17, 2026","Uptrend","Aug 14, 2026","274141.87","103.53","6.03","-0.56","Moving Up","","",,="7/9","<1","false","Swing"
"TMO","Thermo Fisher Scientific Inc Common Stock","Health Care","Diagnostics & Research","585.51","82.34","Sell","Aug 17, 2026","Uptrend","Jun 24, 2026","1973898.03","19.74","0.75","-0.47","Moving Down","","",,="7/9","<1","false","Swing"
"TXRH","Texas Roadhouse, Inc. Common Stock","Discretionary","Restaurants","204.4","81.07","Sell","Aug 17, 2026","Uptrend","Jun 18, 2026","853723.4","21.79","0.22","-1.3","Moving Down","","",,="4/9","<1","false","Swing"
"ULTA","Ulta Beauty, Inc. Common Stock","Discretionary","Specialty Retail","493.33","72.54","Sell","Aug 17, 2026","Neutral","Aug 17, 2026","540272.73","151.08","4.59","-3.41","Moving Down","","",,="4/9","<1","false","Swing"
"UMBF","UMB Financial Corporation Common Stock","Financials","Banks - Regional","151.95","67.06","Buy","Aug 17, 2026","Uptrend","Apr 08, 2026","619395.87","53.21","1.08","-0.06","Moving Up","","",,="8/9","<1","false","Swing"
"VIST","Vista Energy S.A.B. de C.V. American Depositary Shares, each representing one series A share, with no par value","Energy","Oil & Gas E&P","72.16","55.01","Buy","Aug 17, 2026","Uptrend","Aug 14, 2026","922737.03","-105","0.32","5.64","Moving Up","","",,="9/9","<1","false","Swing"
"VLO","Valero Energy Corporation Common Stock","Energy","Oil & Gas Refining & Marketing","347.19","82.71","Buy","Aug 17, 2026","Uptrend","Jun 26, 2026","2697884.3","158.14","1.29","1.62","Moving Up","","Positive",,="9/9","<1","false","Swing"
"WGS","GeneDx Holdings Corp. Class A Common Stock","Health Care","Diagnostics & Research","77.39","60.12","Sell","Aug 17, 2026","Uptrend","Jul 30, 2026","774071.73","-352.61","0.14","-0.88","Moving Down","","",,="7/9","<1","false","Swing"
"WMB","Williams Companies, Inc. (The) Common Stock","Energy","Oil & Gas Midstream","73.45","42","Buy","Aug 17, 2026","Uptrend","Aug 14, 2026","6375177.23","27.15","0.27","-2.33","Moving Up","","",,="8/9","<1","false","Swing"
"WTW","Willis Towers Watson Public Limited Company Ordinary Shares","Financials","Insurance Brokers","326.06","93.74","Sell","Aug 17, 2026","Uptrend","Jul 01, 2026","572913.77","-66.13","0.15","-1.67","Moving Down","","",,="6/9","<1","false","Swing"
"XPO","XPO, Inc. Common Stock","Industrials","Trucking","210.99","45.2","Buy","Aug 17, 2026","Uptrend","Aug 14, 2026","939677.73","118.03","0.49","-0.03","Moving Up","","",,="7/9","<1","false","Swing"
"ZETA","Zeta Global Holdings Corp. Class A Common Stock","Technology","Software - Infrastructure","28.83","81.74","Sell","Aug 17, 2026","Uptrend","Jul 28, 2026","9253373.87","-24.21","0.33","-0.76","Moving Down","","",,="7/9","<1","false","Swing"
"ADI","Analog Devices, Inc. Common Stock","Technology","Semiconductors","390.28","54.05","Buy","Aug 14, 2026","Uptrend","Aug 14, 2026","3572298.73","177.11","2.17","0.23","Moving Up","","",,="9/9","<1","false","Swing"
"AIZ","Assurant, Inc. Common Stock","Financials","Insurance - Property & Casualty","281.11","77.88","Sell","Aug 14, 2026","Uptrend","Apr 15, 2026","353870.67","7.96","0.17","-0.45","Moving Down","","",,="6/9","<1","false","Swing"
"AKAM","Akamai Technologies, Inc. Common Stock","Technology","Software - Infrastructure","122.97","42.3","Buy","Aug 14, 2026","Uptrend","Aug 13, 2026","3634540.3","3.25","0.21","-1.62","Moving Up","","",,="8/9","<1","false","Swing"
"ALK","Alaska Air Group, Inc. Common Stock","Industrials","Airlines","44.04","57.44","Sell","Aug 14, 2026","Downtrend","Aug 14, 2026","2861813.93","-18.81","5.95","-4.18","Moving Down","","",,="4/9","<1","false","Swing"
"ALV","Autoliv, Inc. Common Stock","Discretionary","Auto Parts","120.76","72.49","Sell","Aug 14, 2026","Neutral","Aug 17, 2026","690288.97","-3.93","0.32","-1.11","Moving Down","","",,="4/9","<1","false","Swing"
"AMG","Affiliated Managers Group, Inc. Common Stock","Financials","Asset Management","371.4","65.27","Sell","Aug 14, 2026","Uptrend","Apr 30, 2026","249551.73","3.99","0.03","-0.79","Moving Up","","",,="7/9","<1","false","Swing"
"APAM","Artisan Partners Asset Management Inc. Class A Common Stock","Financials","Asset Management","41.48","80.12","Sell","Aug 14, 2026","Uptrend","Jul 10, 2026","921699.47","-33.96","0.18","-1.66","Moving Down","","",,="6/9","<1","false","Swing"
"ASX","ASE Technology Holding Co., Ltd. American Depositary Shares (each representing Two Common Shares) ","Technology","Semiconductors","39.91","65.12","Buy","Aug 14, 2026","Uptrend","Aug 13, 2026","8869802.13","395.47","1.59","0.94","Moving Up","","",,="9/9","<1","false","Swing"
"AX","Axos Financial, Inc. Common Stock","Financials","Banks - Regional","99.32","52.19","Sell","Aug 14, 2026","Uptrend","Jun 22, 2026","337599.77","97.32","4.71","-2.78","Moving Down","","",,="6/9","<1","false","Swing"
"BLKB","Blackbaud, Inc. Common Stock","Technology","Software - Application","43.39","93.24","Sell","Aug 14, 2026","Uptrend","Jul 24, 2026","673034.17","-78.44","1.89","-4.11","Moving Down","","",,="7/9","<1","false","Swing"
"BNT","Brookfield Wealth Solutions Ltd. Class A Exchangeable Limited Voting Shares","Financials","Insurance - Diversified","42.86","45.69","Sell","Aug 14, 2026","Neutral","Aug 14, 2026","17010.7","16.27","0.58","-2.21","Moving Down","","",,="5/9","<1","false","Swing"
"BSAC","Banco Santander - Chile ADS","Financials","Banks - Regional","34.57","62.37","Sell","Aug 14, 2026","Uptrend","Jun 26, 2026","286180.8","6.56","0.19","0.06","Moving Down","","",,="6/9","<1","false","Swing"
"BWFG","Bankwell Financial Group, Inc. Common Stock","Financials","Banks - Regional","67.66","92.49","Sell","Aug 14, 2026","Uptrend","May 20, 2026","75002.2","127.68","1.88","-0.69","Moving Down","","",,="6/9","<1","false","Swing"
"CBZ","CBIZ, Inc. Common Stock","Industrials","Specialty Business Services","54.67","93.64","Sell","Aug 14, 2026","Uptrend","Jul 01, 2026","1680306.83","-68.24","0.24","0.39","Moving Down","","",,="4/9","<1","false","Swing"
"CHCO","City Holding Company Common Stock","Financials","Banks - Regional","145.69","81.76","Sell","Aug 14, 2026","Uptrend","May 22, 2026","128514.13","1.6","0.03","-1.08","Moving Down","","",,="6/9","<1","false","Swing"
"CIEN","Ciena Corporation Common Stock","Technology","Communication Equipment","445.18","59.16","Buy","Aug 14, 2026","Uptrend","Aug 13, 2026","2071997.8","662.41","1.94","3.83","Moving Up","","",,="9/9","<1","false","Swing"
"COHU","Cohu, Inc. Common Stock","Technology","Semiconductor Equipment & Materials","62.62","56.49","Buy","Aug 14, 2026","Uptrend","Aug 13, 2026","1077808.3","74.43","1.06","5.6","Moving Up","","",,="9/9","<1","false","Swing"
"COLB","Columbia Banking System, Inc. Common Stock","Financials","Banks - Regional","32.34","55.32","Buy","Aug 14, 2026","Uptrend","Aug 13, 2026","2854136","43.44","10.94","-1.07","Moving Up","","",,="7/9","<1","false","Swing"
"CP","Canadian Pacific Kansas City Limited Common Shares","Industrials","Railroads","93.92","69.61","Buy","Aug 14, 2026","Uptrend","Jul 31, 2026","2514327.7","108.52","3.29","0.45","Moving Up","","",,="7/9","<1","false","Swing"
"CRVL","CorVel Corp. Common Stock","Financials","Insurance Brokers","66.87","50.62","Buy","Aug 14, 2026","Uptrend","Aug 07, 2026","172912.5","44.34","0.91","1.73","Moving Up","","",,="8/9","<1","false","Swing"
"CVE","Cenovus Energy Inc Common Stock","Energy","Oil & Gas Integrated","32.13","84.51","Buy","Aug 14, 2026","Uptrend","Jul 14, 2026","6831984.4","98.38","1.21","3.61","Moving Up","","",,="9/9","<1","false","Swing"
"CWEN","Clearway Energy, Inc. Class C Common Stock","Utilities","Utilities - Renewable","34.15","54.71","Buy","Aug 14, 2026","Neutral","Aug 13, 2026","1114552.7","115.73","5.6","0.03","Moving Up","","",,="6/9","<1","false","Swing"
"DAR","Darling Ingredients Inc. Common Stock","Staples","Packaged Foods","67.67","70.8","Buy","Aug 14, 2026","Uptrend","Aug 10, 2026","2115936.17","2.14","0.04","0.94","Moving Up","","",,="6/9","<1","false","Swing"
"DKNG","DraftKings Inc. Class A Common Stock","Discretionary","Gambling","25.3","70.36","Buy","Aug 14, 2026","Uptrend","Aug 13, 2026","12714335.33","38.5","14.21","-3.21","Moving Up","","",,="7/9","<1","false","Swing"
"DT","Dynatrace, Inc. Common Stock","Technology","Software - Application","47.61","82.01","Sell","Aug 14, 2026","Uptrend","Jul 30, 2026","5183870.97","21.29","760.36","-3.11","Moving Down","","",,="7/9","<1","false","Swing"
"EDU","New Oriental Education & Technology Group, Inc. Sponsored ADR representing 10 Ordinary Share (Cayman Islands)","Staples","Education & Training Services","53.2","71.29","Sell","Aug 14, 2026","Uptrend","Jul 23, 2026","828185.1","-57.5","2.88","1.26","Moving Down","","",,="5/9","<1","false","Swing"
"ELVN","Enliven Therapeutics, Inc. Common Stock","Health Care","Biotechnology","59.535","60.67","Sell","Aug 14, 2026","Uptrend","Jun 15, 2026","970618.33","26.93","0.51","1.22","Moving Down","","",,="7/9","<1","false","Swing"
"EML","Eastern Company (The) Common Stock","Industrials","Tools & Accessories","25.11","57.7","Buy","Aug 14, 2026","Uptrend","Aug 12, 2026","14694.9","-11.86","1.51","-1.18","Moving Up","","",,="7/9","<1","false","Swing"
"EMO","ClearBridge Energy Midstream Opportunity Fund Inc. Common Stock","Financials","Closed-End Fund - Equity","53.88","57.26","Buy","Aug 14, 2026","Uptrend","Aug 11, 2026","38288.7","45.65","1.1","0.97","Moving Up","","",,="7/9","<1","false","Swing"
"EOG","EOG Resources, Inc. Common Stock","Energy","Oil & Gas E&P","146.15","61.78","Buy","Aug 14, 2026","Uptrend","Aug 10, 2026","2914417.03","35.26","1.12","2.48","Moving Up","","",,="9/9","<1","false","Swing"
"ESLT","Elbit Systems Ltd. Ordinary Shares","Industrials","Aerospace & Defense","782.84","67.3","Sell","Aug 14, 2026","Downtrend","Aug 17, 2026","78829.97","255.78","1.63","-0.1","Moving Down","","",,="4/9","<1","false","Swing"
"EXP","Eagle Materials Inc Common Stock","Materials","Building Materials","205.51","45.46","Sell","Aug 14, 2026","Downtrend","Aug 13, 2026","463438.27","-168.13","0.16","-1.44","Moving Down","","",,="6/9","<1","false","Swing"
"FBNC","First Bancorp Common Stock","Financials","Banks - Regional","66.12","68.64","Buy","Aug 14, 2026","Uptrend","Jun 04, 2026","229078.67","178.85","6.5","-0.33","Moving Up","","",,="8/9","<1","false","Swing"
"FISV","Fiserv, Inc. Common Stock","Technology","Information Technology Services","52.21","46.43","Buy","Aug 14, 2026","Neutral","Aug 17, 2026","7631669.4","48.48","5.05","-4.01","Moving Up","","",,="8/9","<1","false","Swing"
"FSV","FirstService Corporation Common Shares","Real Estate","Real Estate Services","139.87","58.56","Sell","Aug 14, 2026","Downtrend","Aug 13, 2026","183121.43","13.12","0.41","-0.67","Moving Down","","",,="5/9","<1","false","Swing"
"GOOG","Alphabet Inc. Class C Capital Stock","Communication","Internet Content & Information","341.45","46.82","Sell","Aug 14, 2026","Downtrend","Aug 13, 2026","18976816.2","259.73","1.7","-0.61","Moving Down","","Positive",,="4/9","<1","false","Swing"
"GOOGL","Alphabet Inc. Class A Common Stock","Communication","Internet Content & Information","344","61.84","Sell","Aug 14, 2026","Downtrend","Aug 13, 2026","28391225.33","166.86","1.06","-0.55","Moving Down","","Positive","true",="4/9","<1","false","Swing"
"GRC","Gorman-Rupp Company (The) Common Stock","Industrials","Specialty Industrial Machinery","80.65","44.16","Sell","Aug 14, 2026","Downtrend","Aug 17, 2026","195619.17","52.45","0.97","-0.2","Moving Down","","",,="4/9","<1","false","Swing"
"GTES","Gates Industrial Corporation plc Ordinary Shares","Industrials","Specialty Industrial Machinery","28.14","51.62","Sell","Aug 14, 2026","Uptrend","Aug 03, 2026","1873393.57","-41.45","0.18","1.37","Moving Down","","",,="5/9","<1","false","Swing"
"HOG","Harley-Davidson, Inc. Common Stock","Discretionary","Recreational Vehicles","27.03","79.27","Buy","Aug 14, 2026","Uptrend","Aug 05, 2026","2447539.07","43.22","9.02","-2.7","Moving Up","","",,="7/9","<1","false","Swing"
"IDYA","IDEAYA Biosciences, Inc. Common Stock","Health Care","Biotechnology","36.54","66.92","Sell","Aug 14, 2026","Uptrend","Jun 15, 2026","770018.57","108.58","2.33","0.66","Moving Down","","",,="7/9","<1","false","Swing"
"INTA","Intapp, Inc. Common Stock","Technology","Software - Application","38.49","91.75","Sell","Aug 14, 2026","Uptrend","Jun 26, 2026","757921.67","30.93","108.64","-4.04","Moving Down","","",,="7/9","<1","false","Swing"
"JAKK","JAKKS Pacific, Inc. Common Stock","Discretionary","Leisure","25.47","65.28","Sell","Aug 14, 2026","Uptrend","Jul 10, 2026","115529.97","93.8","1.74","-0.89","Moving Down","","",,="5/9","<1","false","Swing"
"KBH","KB Home Common Stock","Discretionary","Residential Construction","55.44","65.28","Sell","Aug 14, 2026","Downtrend","Aug 17, 2026","978844.43","-88.75","0.17","-1.11","Moving Down","","",,="4/9","<1","false","Swing"
"LAD","Lithia Motors, Inc. Common Stock","Discretionary","Auto & Truck Dealerships","369.52","76.82","Sell","Aug 14, 2026","Uptrend","Jul 02, 2026","325098.67","142.47","2.69","-2.13","Moving Down","","",,="5/9","<1","false","Swing"
"MBWM","Mercantile Bank Corporation Common Stock","Financials","Banks - Regional","61.14","82.6","Sell","Aug 14, 2026","Uptrend","Jun 04, 2026","129620","69.86","1.64","-0.68","Moving Down","","",,="6/9","<1","false","Swing"
"MCFT","MasterCraft Boat Holdings, Inc. Common Stock","Discretionary","Recreational Vehicles","25.11","44.11","Buy","Aug 14, 2026","Uptrend","Aug 11, 2026","147933.8","10.57","0.59","0.52","Moving Up","","",,="7/9","<1","false","Swing"
"MGY","Magnolia Oil & Gas Corporation Class A Common Stock","Energy","Oil & Gas E&P","26.79","47.66","Buy","Aug 14, 2026","Uptrend","Aug 14, 2026","5704033.07","-53.37","0","2.1","Moving Up","","",,="8/9","<1","false","Swing"
"MKC","McCormick & Company, Incorporated Common Stock","Staples","Packaged Foods","53.94","68.48","Buy","Aug 14, 2026","Uptrend","Jul 28, 2026","3047991.93","12.72","4.18","-1.34","Moving Up","","",,="7/9","<1","false","Swing"
"MPC","Marathon Petroleum Corporation Common Stock","Energy","Oil & Gas Refining & Marketing","358.18","87.24","Buy","Aug 14, 2026","Uptrend","Jul 01, 2026","2207909.63","981.61","1.15","0.78","Moving Up","","",,="9/9","<1","false","Swing"
"MRNA","Moderna, Inc. Common Stock","Health Care","Biotechnology","64.46","55.97","Buy","Aug 14, 2026","Uptrend","Aug 13, 2026","5510293.7","90.56","13.57","1.8","Moving Up","","",,="9/9","<1","false","Swing"
"MRVL","Marvell Technology, Inc. Common Stock","Technology","Semiconductors","234.33","59.63","Buy","Aug 14, 2026","Uptrend","Aug 13, 2026","22508454.27","328.46","1.19","5.54","Moving Up","","",,="9/9","<1","false","Swing"
"MSGS","Madison Square Garden Sports Corp. Class A Common Stock (New)","Communication","Entertainment","411.94","61.57","Buy","Aug 14, 2026","Uptrend","Nov 26, 2025","196060.73","18.04","0.32","1.17","Moving Up","","",,="7/9","<1","false","Swing"
"MTD","Mettler-Toledo International, Inc. Common Stock","Health Care","Diagnostics & Research","1417.42","83.8","Sell","Aug 14, 2026","Uptrend","Jun 24, 2026","154997.83","88.69","3.47","-0.11","Moving Down","","",,="6/9","<1","false","Swing"
"MYE","Myers Industries, Inc. Common Stock","Discretionary","Packaging & Containers","33.04","86.05","Sell","Aug 14, 2026","Uptrend","May 20, 2026","411280.27","159.27","2.92","0.12","Moving Down","","",,="5/9","<1","false","Swing"
"NVST","Envista Holdings Corporation Common Stock","Health Care","Medical Instruments & Supplies","27.64","58.37","Sell","Aug 14, 2026","Uptrend","Jun 15, 2026","3007480.27","-31.51","3.46","-1.53","Moving Down","","",,="6/9","<1","false","Swing"
"OFLX","Omega Flex, Inc. Common Stock","Industrials","Specialty Industrial Machinery","28.45","52.55","Sell","Aug 14, 2026","Downtrend","Aug 13, 2026","48016.53","-36.48","7.03","-0.77","Moving Down","","",,="4/9","<1","false","Swing"
"OKE","ONEOK, Inc. Common Stock","Energy","Oil & Gas Midstream","95.32","58.47","Buy","Aug 14, 2026","Uptrend","Aug 12, 2026","3552373.77","-25.09","0.26","0.35","Moving Up","","",,="9/9","<1","false","Swing"
"OVLY","Oak Valley Bancorp (CA) Common Stock","Financials","Banks - Regional","34.17","45.09","Buy","Aug 14, 2026","Uptrend","Aug 13, 2026","26219.47","65.93","2.13","0.29","Moving Up","","",,="7/9","<1","false","Swing"
"PAYX","Paychex, Inc. Common Stock","Technology","Software - Application","118.54","94.62","Sell","Aug 14, 2026","Uptrend","Jun 25, 2026","2923177.13","-36.29","0.23","-2.85","Moving Down","","",,="7/9","<1","false","Swing"
"PCAR","PACCAR Inc. Common Stock","Industrials","Farm & Heavy Construction Machinery","130.84","79.69","Sell","Aug 14, 2026","Uptrend","Jun 24, 2026","3383832.93","99.71","1.41","0.04","Moving Down","","",,="5/9","<1","false","Swing"
"PDD","PDD Holdings Inc. American Depositary Shares","Discretionary","Internet Retail","86.94","56.03","Sell","Aug 14, 2026","Neutral","Aug 13, 2026","6075097.2","-16.63","0.06","2.54","Moving Down","","",,="4/9","<1","false","Swing"
"PDS","Precision Drilling Corporation Common Stock","Energy","Oil & Gas Drilling","88.61","49.94","Buy","Aug 14, 2026","Uptrend","Aug 13, 2026","109915.43","56.62","0.74","4.7","Moving Up","","",,="9/9","<1","false","Swing"
"PEBK","Peoples Bancorp of North Carolina, Inc. Common Stock","Financials","Banks - Regional","44.6","53.62","Buy","Aug 14, 2026","Uptrend","Jul 24, 2026","39243.53","111.6","4.73","-0.54","Moving Up","","",,="8/9","<1","false","Swing"
"PJT","PJT Partners Inc. Class A Common Stock","Financials","Capital Markets","170.96","59.63","Buy","Aug 14, 2026","Uptrend","Jul 06, 2026","423213.5","78.96","0.95","-1.95","Moving Down","","",,="7/9","<1","false","Swing"
"QSR","Restaurant Brands International Inc. Common Shares","Discretionary","Restaurants","77.16","61.09","Buy","Aug 14, 2026","Uptrend","Aug 13, 2026","2324727.77","-41.21","0.12","-0.62","Moving Up","","",,="7/9","<1","false","Swing"
"RELX","RELX PLC PLC American Depositary Shares (Each representing One Ordinary Share)","Industrials","Specialty Business Services","33.56","75.41","Sell","Aug 14, 2026","Neutral","Aug 17, 2026","2765246.73","-8.64","0.32","-2.53","Moving Down","","",,="4/9","<1","false","Swing"
"RKLB","Rocket Lab Corporation Common Stock","Industrials","Aerospace & Defense","82.08","24.21","Sell","Aug 14, 2026","Neutral","Aug 11, 2026","19116894.6","2249.27","4.33","2.28","Moving Down","","",,="4/9","<1","false","Swing"
"RNG","RingCentral, Inc. Class A Common Stock","Technology","Software - Application","64.07","95.9","Sell","Aug 14, 2026","Uptrend","Jul 24, 2026","2239674.33","-46.89","5.83","-0.65","Moving Down","","",,="6/9","<1","false","Swing"
"ROST","Ross Stores, Inc. Common Stock","Discretionary","Apparel Retail","235.28","87.01","Sell","Aug 14, 2026","Neutral","Aug 17, 2026","2151936.4","35.99","0.92","-4.11","Moving Down","","",,="4/9","<1","false","Swing"
"SBAC","SBA Communications Corporation Class A Common Stock","Real Estate","REIT - Specialty","182.11","60.84","Buy","Aug 14, 2026","Neutral","Aug 13, 2026","1033317.7","-30.54","2.55","-1.67","Moving Up","","",,="6/9","<1","false","Swing"
"SBUX","Starbucks Corporation Common Stock","Discretionary","Restaurants","107.92","68.18","Buy","Aug 14, 2026","Uptrend","Jun 23, 2026","6992771.17","-85.72","0.06","0.21","Moving Up","","",,="7/9","<1","false","Swing"
"SLVM","Sylvamo Corporation Common Stock","Materials","Paper & Paper Products","36.43","60.11","Sell","Aug 14, 2026","Downtrend","Aug 17, 2026","289868.83","-38.59","2.77","-5.11","Moving Down","","",,="6/9","<1","false","Swing"
"SNA","Snap-On Incorporated Common Stock","Industrials","Tools & Accessories","401.22","73.47","Sell","Aug 14, 2026","Downtrend","Aug 17, 2026","337644.97","43.99","0.7","-0.58","Moving Down","","",,="4/9","<1","false","Swing"
"SNPS","Synopsys, Inc. Common Stock","Technology","Software - Infrastructure","413.22","47.83","Buy","Aug 14, 2026","Neutral","Aug 13, 2026","1739994.73","198.42","2.92","-1.96","Moving Up","","",,="8/9","<1","false","Swing"
"STX","Seagate Technology Holdings PLC Ordinary Shares (Ireland)","Technology","Computer Hardware","994.79","67.03","Buy","Aug 14, 2026","Uptrend","Aug 13, 2026","5245862.4","616.46","1.01","2.19","Moving Up","","Positive",,="9/9","<1","false","Swing"
"STZ","Constellation Brands, Inc. Common Stock","Staples","Beverages - Brewers","130.56","55.46","Buy","Aug 14, 2026","Neutral","Aug 17, 2026","1828831.33","-58.84","1.38","-6.19","Moving Up","","",,="6/9","<1","false","Swing"
"TPR","Tapestry, Inc. Common Stock","Discretionary","Luxury Goods","129.02","61.86","Sell","Aug 14, 2026","Downtrend","Aug 14, 2026","2505967.13","375.34","2.45","0.03","Moving Down","","",,="4/9","<1","false","Swing"
"UFCS","United Fire Group, Inc. Common Stock","Financials","Insurance - Property & Casualty","53.4","72.25","Sell","Aug 14, 2026","Uptrend","Jun 09, 2026","151120.8","-49.32","0.18","-1.62","Moving Down","","",,="6/9","<1","false","Swing"
"UVE","UNIVERSAL INSURANCE HOLDINGS INC Common Stock","Financials","Insurance - Property & Casualty","42.69","64.89","Sell","Aug 14, 2026","Uptrend","Jul 27, 2026","214642.67","-16.43","0.31","-1.2","Moving Down","","",,="6/9","<1","false","Swing"
"VC","Visteon Corporation Common Stock","Discretionary","Auto Parts","107.8","70.67","Buy","Aug 14, 2026","Uptrend","Aug 13, 2026","445200.4","-132.68","0.03","-0.39","Moving Up","","",,="7/9","<1","false","Swing"
"VIAV","Viavi Solutions Inc. Common Stock","Technology","Communication Equipment","46.26","64.91","Buy","Aug 14, 2026","Uptrend","Aug 13, 2026","5011395.83","273.23","2.73","6.25","Moving Up","","",,="9/9","<1","false","Swing"
"VRNS","Varonis Systems, Inc. Common Stock","Technology","Software - Infrastructure","43.17","58.65","Buy","Aug 14, 2026","Uptrend","Aug 13, 2026","1845453.73","30.78","3.22","-4.05","Moving Up","","",,="9/9","<1","false","Swing"
"VRSN","VeriSign, Inc. Common Stock","Technology","Software - Infrastructure","272.77","85.38","Sell","Aug 14, 2026","Neutral","Aug 17, 2026","812553.87","14.88","1.14","-4.04","Moving Down","","",,="6/9","<1","false","Swing"
"VSXY","Victorias Secret & Co. Common Stock ","Discretionary","Apparel Retail","84.1","61.12","Sell","Aug 14, 2026","Uptrend","May 26, 2026","1607052.8","245.41","1.68","-5.53","Moving Down","","",,="5/9","<1","false","Swing"
"VTVT","vTv Therapeutics Inc. Class A Common Stock","Health Care","Biotechnology","31.31","47.39","Sell","Aug 14, 2026","Downtrend","Aug 13, 2026","97239.63","-138.6","2.21","3.95","Moving Down","","",,="6/9","<1","false","Swing"
"WMS","Advanced Drainage Systems, Inc. Common Stock","Industrials","Building Products & Equipment","147.98","53.46","Buy","Aug 14, 2026","Uptrend","Aug 13, 2026","699592.2","-166.24","0.2","-1.94","Moving Up","","",,="6/9","<1","false","Swing"
"XMTR","Xometry, Inc. Class A Common Stock","Industrials","Industrial Distribution","89.73","52.92","Buy","Aug 14, 2026","Uptrend","Aug 13, 2026","785224.63","97.97","0.81","-6.78","Moving Down","","",,="6/9","<1","false","Swing"
"YUMC","Yum China Holdings, Inc. Common Stock","Discretionary","Restaurants","47.14","66.79","Sell","Aug 14, 2026","Uptrend","Jul 27, 2026","1594633.03","0.86","3.76","-0.95","Moving Down","","",,="4/9","<1","false","Swing"
"ZYME","Zymeworks Inc. Common Stock","Health Care","Biotechnology","25.31","65.55","Buy","Aug 14, 2026","Uptrend","Aug 12, 2026","473909.27","-32.65","0.28","0.76","Moving Up","","",,="9/9","<1","false","Swing"
"ACM","AECOM Common Stock","Industrials","Engineering & Construction","62.22","40.65","Sell","Aug 13, 2026","Downtrend","Aug 12, 2026","1831328.87","-25.67","0.2","-1.41","Moving Down","","",,="4/9","<1","false","Swing"
"ACV","Virtus Diversified Income & Convertible Fund Common Shares of Beneficial Interest","Financials","Closed-End Fund - Equity","27.44","60.33","Buy","Aug 13, 2026","Uptrend","Aug 12, 2026","31058.57","-6.88","0.36","-0.4","Moving Up","","",,="8/9","<1","false","Swing"
"ADP","Automatic Data Processing, Inc. Common Stock","Technology","Software - Application","266.06","95.85","Sell","Aug 13, 2026","Uptrend","Jun 30, 2026","2263922.2","141.99","7.07","-2.53","Moving Down","","",,="7/9","<1","false","Swing"
"AER","AerCap Holdings N.V. Ordinary Shares","Industrials","Rental & Leasing Services","150.45","54.67","Sell","Aug 13, 2026","Uptrend","Jul 02, 2026","1001004","-26.07","0.32","-1.31","Moving Down","","",,="5/9","<1","false","Swing"
"AIO","Virtus Artificial Intelligence & Technology Opportunities Fund Common Shares of Beneficial Interest","Financials","Closed-End Fund - Equity","26.95","72.59","Buy","Aug 13, 2026","Uptrend","Aug 12, 2026","72371","15.65","0.82","1.43","Moving Up","","",,="8/9","<1","false","Swing"
"ALCO","Alico, Inc. Common Stock","Staples","Farm Products","39.07","32.16","Buy","Aug 13, 2026","Neutral","Aug 17, 2026","19775.13","-28.77","0.17","-2.52","Moving Up","","",,="6/9","<1","false","Swing"
"AMR","Alpha Metallurgical Resources, Inc. Common Stock","Materials","Coking Coal","169.01","56.74","Buy","Aug 13, 2026","Uptrend","Aug 14, 2026","291936.73","122.17","0.58","1.78","Moving Up","","",,="9/9","<1","false","Swing"
"ARMK","Aramark Common Stock","Industrials","Specialty Business Services","61.8","83.93","Buy","Aug 13, 2026","Uptrend","Aug 11, 2026","2687226.77","28.94","1.95","-0.95","Moving Up","","",,="7/9","<1","false","Swing"
"ASML","ASML Holding N.V. New York Registry Shares","Technology","Semiconductor Equipment & Materials","1883.12","65.48","Buy","Aug 13, 2026","Uptrend","Aug 12, 2026","1722400.2","186.13","1","2.12","Moving Up","","",,="8/9","<1","false","Swing"
"BABA","Alibaba Group Holding Limited American Depositary Shares each representing eight Ordinary share","Discretionary","Internet Retail","124.71","54.38","Sell","Aug 13, 2026","Uptrend","Jul 30, 2026","11007395.2","9.53","4.94","0.73","Moving Down","","Positive","true",="5/9","<1","false","Swing"
"BANR","Banner Corporation Common Stock","Financials","Banks - Regional","73.65","69.67","Buy","Aug 13, 2026","Uptrend","Jun 09, 2026","409939.7","-4.57","0.36","-0.49","Moving Up","","",,="8/9","<1","false","Swing"
"BATRK","Atlanta Braves Holdings, Inc. Series C Common Stock","Communication","Entertainment","52.72","51.97","Buy","Aug 13, 2026","Uptrend","Aug 12, 2026","510621.8","47.79","1.82","-1.61","Moving Up","","",,="7/9","<1","false","Swing"
"BELFA","Bel Fuse Inc. Class A Common Stock","Technology","Electronic Components","248.02","40.08","Buy","Aug 13, 2026","Uptrend","Aug 12, 2026","175732.77","290.11","0.47","2.11","Moving Up","","",,="9/9","<1","false","Swing"
"BTU","Peabody Energy Corporation Common Stock ","Energy","Thermal Coal","25.91","46.18","Buy","Aug 13, 2026","Uptrend","Aug 14, 2026","2399187.17","-150.75","0.14","1.69","Moving Up","","",,="9/9","<1","false","Swing"
"BUD","Anheuser-Busch Inbev SA Sponsored ADR (Belgium)","Staples","Beverages - Brewers","77.2","64.78","Sell","Aug 13, 2026","Downtrend","Aug 12, 2026","1682919.93","48.4","26.54","-3.17","Moving Down","","",,="4/9","<1","false","Swing"
"CBRE","CBRE Group Inc Common Stock Class A","Real Estate","Real Estate Services","147.96","68.76","Sell","Aug 13, 2026","Uptrend","Jul 24, 2026","1647475.43","53.65","1.16","-3.21","Moving Down","","",,="6/9","<1","false","Swing"
"CFG","Citizens Financial Group, Inc. Common Stock","Financials","Banks - Regional","74.31","64.47","Buy","Aug 13, 2026","Uptrend","Jun 05, 2026","3982348.13","130.64","4.22","-0.56","Moving Up","","",,="8/9","<1","false","Swing"
"CHE","Chemed Corp","Health Care","Medical Care Facilities","524.98","83.9","Sell","Aug 13, 2026","Uptrend","Jun 16, 2026","165746.97","-12.62","0.23","-1.48","Moving Down","","",,="7/9","<1","false","Swing"
"CHMG","Chemung Financial Corp Common Stock","Financials","Banks - Regional","82.79","84.73","Sell","Aug 13, 2026","Uptrend","Apr 08, 2026","68664.57","47.17","0.9","-1.35","Moving Down","","",,="6/9","<1","false","Swing"
"CNM","Core & Main, Inc. Class A Common Stock","Industrials","Industrial Distribution","45.34","53.11","Sell","Aug 13, 2026","Neutral","Aug 12, 2026","1823176.67","-55.96","0.14","-1.39","Moving Down","","",,="4/9","<1","false","Swing"
"CRNX","Crinetics Pharmaceuticals, Inc. Common Stock","Health Care","Biotechnology","84.75","71.23","Sell","Aug 13, 2026","Uptrend","Jun 26, 2026","6385552","313.13","2.89","0.06","Moving Down","","",,="7/9","<1","false","Swing"
"CVLT","Commvault Systems, Inc. Common Stock","Technology","Software - Application","144.32","61.94","Buy","Aug 13, 2026","Uptrend","Aug 12, 2026","671303.93","-23.88","0.3","-1.88","Moving Up","","",,="9/9","<1","false","Swing"
"CZR","Caesars Entertainment, Inc. Common Stock","Discretionary","Resorts & Casinos","29.66","71.78","Sell","Aug 13, 2026","Neutral","Aug 13, 2026","4069178.6","-41.62","4.41","-0.3","Moving Down","","",,="3/9","<1","false","Swing"
"DAC","Danaos Corporation Common Stock","Industrials","Marine Shipping","146.28","83.91","Sell","Aug 13, 2026","Uptrend","Jul 20, 2026","117056.97","1809.51","3.12","3.07","Moving Down","","",,="5/9","<1","false","Swing"
"DASH","DoorDash, Inc. Class A Common Stock","Discretionary","Internet Retail","212.72","77.27","Sell","Aug 13, 2026","Uptrend","Jul 28, 2026","3933463.9","187.28","4.06","-1.98","Moving Down","","",,="5/9","<1","false","Swing"
"DOO","BRP Inc. Common Subordinate Voting Shares","Discretionary","Recreational Vehicles","63.795","51.89","Sell","Aug 13, 2026","Uptrend","Jul 22, 2026","178635.43","17.39","7.66","-1.11","Moving Down","","",,="5/9","<1","false","Swing"
"DPZ","Domino's Pizza Inc Common Stock","Discretionary","Restaurants","335.42","72.32","Sell","Aug 13, 2026","Uptrend","Jul 16, 2026","902419","73.83","14.55","-3.13","Moving Down","","",,="5/9","<1","false","Swing"
"ELV","Elevance Health, Inc. Common Stock","Health Care","Healthcare Plans","390.24","62.62","Buy","Aug 13, 2026","Uptrend","Aug 12, 2026","1282720.97","1.62","0.14","-2.52","Moving Up","","",,="9/9","<1","false","Swing"
"ENSG","The Ensign Group, Inc. Common Stock","Health Care","Medical Care Facilities","181.53","60.31","Sell","Aug 13, 2026","Uptrend","Jul 24, 2026","424875.93","365.32","3.43","-0.07","Moving Down","","",,="7/9","<1","false","Swing"
"EQNR","Equinor ASA","Energy","Oil & Gas Integrated","41.82","65.22","Buy","Aug 13, 2026","Uptrend","Jul 14, 2026","3631942.83","19.18","0.55","2.58","Moving Up","","",,="8/9","<1","false","Swing"
"EXPD","Expeditors International of Washington, Inc. Common Stock","Industrials","Integrated Freight & Logistics","188.27","82.9","Buy","Aug 13, 2026","Uptrend","May 05, 2026","1231516.23","-21.98","0.32","1.16","Moving Up","","",,="7/9","<1","false","Swing"
"FISI","Financial Institutions, Inc. Common Stock","Financials","Banks - Regional","41.56","72.18","Sell","Aug 13, 2026","Uptrend","Apr 02, 2026","145923.93","22.68","0.82","-0.46","Moving Down","","",,="6/9","<1","false","Swing"
"FUTU","Futu Holdings Limited American Depositary Shares","Financials","Capital Markets","109.5","41.79","Sell","Aug 13, 2026","Uptrend","Aug 17, 2026","1193344.5","286.51","13.21","4.06","Moving Up","","","true",="7/9","<1","false","Swing"
"FWONA","Liberty Media Corporation Series A Liberty Formula One Common Stock","Communication","Entertainment","93.46","67.23","Buy","Aug 13, 2026","Uptrend","Jun 16, 2026","162532.87","-25.45","0.29","-1.94","Moving Up","","",,="7/9","<1","false","Swing"
"GABC","German American Bancorp, Inc. Common Stock","Financials","Banks - Regional","50.94","85.98","Sell","Aug 13, 2026","Uptrend","Jun 04, 2026","157915.6","75.06","3","-0.86","Moving Down","","",,="6/9","<1","false","Swing"
"GILD","Gilead Sciences, Inc. Common Stock","Health Care","Drug Manufacturers - General","138.92","54.38","Buy","Aug 13, 2026","Uptrend","Aug 07, 2026","6480120","56.43","1.2","0.4","Moving Up","","",,="8/9","<1","false","Swing"
"GMAB","Genmab A/S ADS","Health Care","Biotechnology","32.84","82.92","Buy","Aug 13, 2026","Uptrend","Jun 30, 2026","2369584.33","71.93","4.67","2.82","Moving Up","","",,="9/9","<1","false","Swing"
"GPN","Global Payments Inc. Common Stock","Technology","Software - Infrastructure","90.38","92.67","Sell","Aug 13, 2026","Uptrend","Jun 29, 2026","3148420.73","-49.13","3.3","-2.87","Moving Up","","",,="8/9","<1","false","Swing"
"GSHD","Goosehead Insurance, Inc. Class A Common Stock","Financials","Insurance Brokers","64.4","92.81","Sell","Aug 13, 2026","Uptrend","Jun 24, 2026","562807.17","-29.76","2.38","-2.85","Moving Down","","",,="6/9","<1","false","Swing"
"HBCP","Home Bancorp, Inc. Common Stock","Financials","Banks - Regional","71.85","70.74","Sell","Aug 13, 2026","Uptrend","May 20, 2026","103109.83","30.29","0.75","-0.15","Moving Down","","",,="6/9","<1","false","Swing"
"HON","Honeywell International Inc. Common Stock","Industrials","Conglomerates","229.45","73.74","Sell","Aug 13, 2026","Downtrend","Aug 17, 2026","3294111.67","-46.43","0.15","-1.93","Moving Down","","",,="4/9","<1","false","Swing"
"HSIC","Henry Schein, Inc. Common Stock","Health Care","Medical Distribution","89.52","75.33","Buy","Aug 13, 2026","Uptrend","May 27, 2026","1300768.9","-35.29","0.16","-0.28","Moving Up","","",,="8/9","<1","false","Swing"
"HTB","HomeTrust Bancshares, Inc. Common Stock","Financials","Banks - Regional","47.8","59.14","Sell","Aug 13, 2026","Downtrend","Aug 17, 2026","148074.03","68.88","2.23","-4.36","Moving Down","","",,="5/9","<1","false","Swing"
"HWM","Howmet Aerospace Inc. Common Stock","Industrials","Aerospace & Defense","289.12","61.37","Sell","Aug 13, 2026","Uptrend","Jun 12, 2026","1971255.43","358.36","0.94","-0.02","Moving Down","","",,="5/9","<1","false","Swing"
"IBEX","IBEX Limited Common Shares","Technology","Information Technology Services","34.79","50.25","Sell","Aug 13, 2026","Uptrend","Jul 02, 2026","98313.3","95.75","4.08","-2.9","Moving Down","","",,="7/9","<1","false","Swing"
"IMVT","Immunovant, Inc. Common Stock","Health Care","Biotechnology","43.71","64.26","Buy","Aug 13, 2026","Uptrend","May 20, 2026","1029464.47","-158.65","0.13","4.52","Moving Up","","",,="8/9","<1","false","Swing"
"IOT","Samsara Inc. Class A Common Stock","Technology","Software - Infrastructure","39","79.44","Sell","Aug 13, 2026","Uptrend","Jul 27, 2026","5310247.17","20.83","159.91","-1.99","Moving Down","","",,="7/9","<1","false","Swing"
"IR","Ingersoll Rand Inc. Common Stock","Industrials","Specialty Industrial Machinery","82.31","77.21","Sell","Aug 13, 2026","Uptrend","Jul 10, 2026","4149469.43","37.3","1.71","-1.24","Moving Down","","",,="5/9","<1","false","Swing"
"KRUS","Kura Sushi USA, Inc. Class A Common Stock","Discretionary","Restaurants","50.62","70.35","Buy","Aug 13, 2026","Uptrend","Aug 12, 2026","264591.4","-21.52","0.47","-4.42","Moving Down","","",,="6/9","<1","false","Swing"
"KYMR","Kymera Therapeutics, Inc. Common Stock","Health Care","Biotechnology","121.41","61.83","Buy","Aug 13, 2026","Uptrend","Aug 12, 2026","644056.2","243.42","2.69","3.42","Moving Up","","",,="9/9","<1","false","Swing"
"LNC","Lincoln National Corporation Common Stock","Financials","Insurance - Life","44.67","82.69","Sell","Aug 13, 2026","Uptrend","Jul 01, 2026","2051434.07","-28.34","2.15","-1.74","Moving Down","","",,="6/9","<1","false","Swing"
"LNG","Cheniere Energy, Inc. Common Stock","Energy","Oil & Gas Midstream","266.93","55.87","Buy","Aug 13, 2026","Uptrend","Jul 01, 2026","1718900","-121.85","0.32","-1.73","Moving Up","","",,="8/9","<1","false","Swing"
"LOPE","Grand Canyon Education, Inc. Common Stock","Staples","Education & Training Services","141.84","38.24","Sell","Aug 13, 2026","Downtrend","Aug 12, 2026","338924.23","28.96","2.11","-1.64","Moving Down","","",,="4/9","<1","false","Swing"
"MBIN","Merchants Bancorp Common Stock","Financials","Banks - Regional","54.54","62.5","Sell","Aug 13, 2026","Uptrend","Jul 29, 2026","157035.7","74.75","3.22","-0.62","Moving Down","","",,="6/9","<1","false","Swing"
"MS","Morgan Stanley Common Stock","Financials","Capital Markets","218.21","57.32","Buy","Aug 13, 2026","Uptrend","Aug 12, 2026","5389268.8","187.51","1.46","0.39","Moving Up","","",,="7/9","<1","false","Swing"
"MTDR","Matador Resources Company Common Stock","Energy","Oil & Gas E&P","55.94","52.53","Buy","Aug 13, 2026","Uptrend","Aug 14, 2026","2015931.23","261.24","2.05","4.19","Moving Up","","",,="8/9","<1","false","Swing"
"MTSI","MACOM Technology Solutions Holdings, Inc. Common Stock","Technology","Semiconductors","327.53","64.46","Buy","Aug 13, 2026","Uptrend","Aug 12, 2026","1472182.3","562.93","1.27","3.5","Moving Up","","",,="9/9","<1","false","Swing"
"MTX","Minerals Technologies Inc. Common Stock","Materials","Specialty Chemicals","72.37","49.42","Sell","Aug 13, 2026","Downtrend","Aug 12, 2026","232942.3","-24.58","0.2","-0.84","Moving Down","","",,="6/9","<1","false","Swing"
"NTES","NetEase, Inc. American Depositary Shares","Communication","Electronic Gaming & Multimedia","124.4","54.12","Sell","Aug 13, 2026","Downtrend","Aug 13, 2026","868604.63","-66.83","0.21","-0.58","Moving Down","","",,="4/9","<1","false","Swing"
"NTRS","Northern Trust Corporation Common Stock","Financials","Asset Management","191.47","69.37","Buy","Aug 13, 2026","Uptrend","Apr 06, 2026","1069730.87","24.13","0.71","0.03","Moving Up","","",,="8/9","<1","false","Swing"
"NVS","Novartis AG Common Stock","Health Care","Drug Manufacturers - General","151.97","45.25","Sell","Aug 13, 2026","Downtrend","Aug 13, 2026","1644910.5","-0.45","0.34","0.72","Moving Down","","",,="6/9","<1","false","Swing"
"NXST","Nexstar Media Group, Inc. Common Stock","Communication","Broadcasting","184.8","75.12","Sell","Aug 13, 2026","Neutral","Aug 17, 2026","328037.13","97.55","3.97","-2.52","Moving Down","","",,="4/9","<1","false","Swing"
"OSK","Oshkosh Corporation (Holding Company)Common Stock","Industrials","Farm & Heavy Construction Machinery","153.97","65.15","Buy","Aug 13, 2026","Uptrend","Aug 03, 2026","837512.63","8.1","0.4","0.71","Moving Down","","",,="5/9","<1","false","Swing"
"PCTY","Paylocity Holding Corporation Common Stock","Technology","Software - Application","145.47","92.89","Sell","Aug 13, 2026","Uptrend","Jul 02, 2026","749402.93","87.12","19.55","-1.9","Moving Down","","",,="7/9","<1","false","Swing"
"PPG","PPG Industries, Inc. Common Stock","Materials","Specialty Chemicals","113.44","70.07","Sell","Aug 13, 2026","Downtrend","Aug 12, 2026","1790791.6","-41.06","0.79","-0.59","Moving Down","","",,="6/9","<1","false","Swing"
"PVH","PVH Corp. Common Stock","Discretionary","Apparel Manufacturing","78.18","77.4","Sell","Aug 13, 2026","Downtrend","Aug 17, 2026","882671.33","11.17","4.28","-5.2","Moving Down","","",,="4/9","<1","false","Swing"
"QTWO","Q2 Holdings, Inc. Common Stock","Technology","Software - Application","64.41","78.91","Sell","Aug 13, 2026","Uptrend","Jun 30, 2026","887110.3","15.32","5.79","-0.49","Moving Down","","",,="7/9","<1","false","Swing"
"RBCAA","Republic Bancorp, Inc. Class A Common Stock","Financials","Banks - Regional","96.76","81.86","Sell","Aug 13, 2026","Uptrend","Mar 31, 2026","110506.73","170.95","3.15","-1.24","Moving Down","","",,="6/9","<1","false","Swing"
"SFBC","Sound Financial Bancorp, Inc. Common Stock","Financials","Banks - Regional","46.3","69.95","Sell","Aug 13, 2026","Uptrend","Jul 22, 2026","16534.23","50.95","3.78","0.11","Moving Down","","",,="6/9","<1","false","Swing"
"SIG","Signet Jewelers Limited Common Shares","Discretionary","Luxury Goods","86.11","59.26","Sell","Aug 13, 2026","Downtrend","Aug 17, 2026","637226.27","144.52","1.07","-4.92","Moving Down","","",,="4/9","<1","false","Swing"
"SKYW","SkyWest, Inc. Common Stock","Industrials","Airlines","105.6","69.19","Sell","Aug 13, 2026","Uptrend","Jun 11, 2026","418336.6","110.21","4.98","-1.84","Moving Down","","",,="5/9","<1","false","Swing"
"SMTC","Semtech Corporation Common Stock","Technology","Semiconductors","154.22","55.13","Buy","Aug 13, 2026","Uptrend","Aug 12, 2026","2296174.9","252.1","4.16","9.88","Moving Up","","",,="9/9","<1","false","Swing"
"SNOW","Snowflake Inc. Common Stock","Technology","Software - Application","330.11","69.65","Sell","Aug 13, 2026","Uptrend","May 15, 2026","4663143.67","116.96","5.66","0.36","Moving Down","","",,="7/9","<1","false","Swing"
"ST","Sensata Technologies Holding plc Ordinary Shares","Technology","Scientific & Technical Instruments","45.92","75","Sell","Aug 13, 2026","Downtrend","Aug 13, 2026","1607675","-41.3","1.24","-0.67","Moving Down","","",,="6/9","<1","false","Swing"
"SUPN","Supernus Pharmaceuticals, Inc. Common Stock","Health Care","Drug Manufacturers - Specialty & Generic","48.27","39.25","Buy","Aug 13, 2026","Uptrend","Aug 12, 2026","937106.83","12.98","0.39","0","Moving Up","","",,="9/9","<1","false","Swing"
"THG","Hanover Insurance Group Inc","Financials","Insurance - Property & Casualty","222.1","89.61","Sell","Aug 13, 2026","Uptrend","Jun 05, 2026","319230.03","-24.46","0.27","-1.42","Moving Down","","",,="6/9","<1","false","Swing"
"THRM","Gentherm Inc Common Stock","Discretionary","Auto Parts","43.34","83.9","Sell","Aug 13, 2026","Uptrend","Jul 10, 2026","475726.2","-12.96","1.25","-1.5","Moving Up","","",,="6/9","<1","false","Swing"
"TJX","TJX Companies, Inc. (The) Common Stock","Discretionary","Apparel Retail","150.85","48.22","Sell","Aug 13, 2026","Downtrend","Aug 13, 2026","4814778","30.89","0.5","-0.83","Moving Down","","Positive",,="4/9","<1","false","Swing"
"TSM","Taiwan Semiconductor Manufacturing Company Ltd.","Technology","Semiconductors","430.97","45.17","Buy","Aug 13, 2026","Uptrend","Aug 12, 2026","13269825.97","162.73","0.69","1.08","Moving Up","","",,="9/9","<1","false","Swing"
"UBSI","United Bankshares, Inc. Common Stock","Financials","Banks - Regional","48.98","75.24","Sell","Aug 13, 2026","Uptrend","Jun 04, 2026","928736.2","84.39","6.31","-0.59","Moving Down","","",,="6/9","<1","false","Swing"
"UL","Unilever PLC American Depositary Shares (each representing One Ordinary Share)","Staples","Household & Personal Products","61.23","61.03","Sell","Aug 13, 2026","Downtrend","Aug 17, 2026","4391184.87","42.06","7.45","-1.39","Moving Down","","",,="4/9","<1","false","Swing"
"VNT","Vontier Corporation Common Stock ","Technology","Scientific & Technical Instruments","32.33","60.82","Sell","Aug 13, 2026","Uptrend","Jul 24, 2026","1574644.43","34.85","1.39","-1.55","Moving Down","","",,="7/9","<1","false","Swing"
"WMT","Walmart Inc. Common Stock","Staples","Discount Stores","114.33","36.55","Buy","Aug 13, 2026","Neutral","Aug 17, 2026","20410623.67","91.99","1.06","-0.82","Moving Up","","",,="6/9","<1","false","Swing"
"YARW","Yarrow Bioscience Inc","Health Care","Biotechnology","41.4","85.52","Sell","Aug 13, 2026","Uptrend","Jul 13, 2026","37913.63","-29.74","4.59","-2.57","Moving Down","","",,="7/9","<1","false","Swing"
"ZG","Zillow Group, Inc. Class A Common Stock","Communication","Internet Content & Information","34.32","59.18","Sell","Aug 13, 2026","Neutral","Aug 17, 2026","1284201.73","-48.47","1.81","-2.39","Moving Down","","",,="4/9","<1","false","Swing"
"AA","Alcoa Corporation Common Stock ","Materials","Aluminum","51.71","58.21","Buy","Aug 12, 2026","Neutral","Aug 12, 2026","5444802.57","-101.67","0.07","3.46","Moving Up","","",,="8/9","<1","false","Swing"
"AAP","Advance Auto Parts Inc.","Discretionary","Auto Parts","56.72","56.63","Sell","Aug 12, 2026","Neutral","Aug 13, 2026","1542830.1","-6.08","33.39","0.3","Moving Up","","",,="5/9","<1","false","Swing"
"ACNB","ACNB Corporation Common Stock","Financials","Banks - Regional","64.37","73.98","Sell","Aug 12, 2026","Uptrend","Apr 27, 2026","64645.7","6.49","0.13","-0.86","Moving Down","","",,="6/9","<1","false","Swing"
"ACT","Enact Holdings, Inc. Common Stock","Financials","Insurance - Specialty","49.78","92.76","Buy","Aug 12, 2026","Uptrend","Jun 16, 2026","368344.47","-2.19","0.39","-0.32","Moving Up","","",,="8/9","<1","false","Swing"
"ALB","Albemarle Corporation Common Stock","Materials","Specialty Chemicals","133.99","56.24","Buy","Aug 12, 2026","Neutral","Aug 17, 2026","2192832.7","146.16","5.02","-1.59","Moving Up","","",,="8/9","<1","false","Swing"
"ALL","Allstate Corporation (The) Common Stock","Financials","Insurance - Property & Casualty","258.1","83.9","Sell","Aug 12, 2026","Uptrend","Jun 09, 2026","1677173.63","21.01","0.39","-1.27","Moving Down","","",,="6/9","<1","false","Swing"
"ALRM","Alarm.com Holdings, Inc. Common Stock","Technology","Software - Application","55","71.96","Sell","Aug 12, 2026","Uptrend","Jun 29, 2026","419044.47","127.63","15.24","-1.03","Moving Down","","",,="7/9","<1","false","Swing"
"AMCR","Amcor plc Ordinary Shares","Discretionary","Packaging & Containers","45.53","69.21","Sell","Aug 12, 2026","Uptrend","Jun 11, 2026","3661436.53","-47.89","0.89","-1.09","Moving Down","","",,="5/9","<1","false","Swing"
"ATLC","Atlanticus Holdings Corporation Common Stock","Financials","Credit Services","100.14","52.68","Sell","Aug 12, 2026","Neutral","Aug 10, 2026","168473.73","609.4","1.58","-2.38","Moving Down","","",,="5/9","<1","false","Swing"
"BEP","Brookfield Renewable Partners L.P. Limited Partnership Units","Utilities","Utilities - Renewable","34.44","65.23","Buy","Aug 12, 2026","Uptrend","Aug 11, 2026","1002410.53","55.15","3.19","-0.89","Moving Up","","",,="7/9","<1","false","Swing"
"BME","Blackrock Health Sciences Trust","Financials","Closed-End Fund - Equity","44.4","74.9","Buy","Aug 12, 2026","Uptrend","Jun 22, 2026","43839.63","8.12","0.45","0.59","Moving Up","","",,="8/9","<1","false","Swing"
"BRC","Brady Corporation Common Stock","Industrials","Security & Protection Services","94.26","69.82","Sell","Aug 12, 2026","Uptrend","Jun 17, 2026","166471.2","-27.26","0.25","0.13","Moving Down","","",,="5/9","<1","false","Swing"
"BSY","Bentley Systems, Incorporated Class B Common Stock","Technology","Software - Application","34.74","66.6","Sell","Aug 12, 2026","Uptrend","Jul 27, 2026","2674034.23","-38.87","1.16","-4.14","Moving Down","","",,="7/9","<1","false","Swing"
"BURL","Burlington Stores, Inc. Common Stock","Discretionary","Apparel Retail","336.85","69.22","Sell","Aug 12, 2026","Neutral","Aug 17, 2026","663214.53","101.12","6.6","-3.11","Moving Down","","",,="4/9","<1","false","Swing"
"C","Citigroup, Inc. Common Stock","Financials","Banks - Diversified","138.51","55.43","Buy","Aug 12, 2026","Uptrend","Aug 11, 2026","10694442.67","113.05","4.13","-0.59","Moving Up","","",,="8/9","<1","false","Swing"
"CDW","CDW Corporation Common Stock","Technology","Information Technology Services","135.3","69.17","Sell","Aug 12, 2026","Downtrend","Aug 17, 2026","1861204.63","-87.59","0.16","-2.96","Moving Down","","",,="6/9","<1","false","Swing"
"CFBK","CF Bankshares Inc. Common Stock","Financials","Banks - Regional","35.92","84.65","Sell","Aug 12, 2026","Uptrend","May 28, 2026","63672.17","152.92","2.64","-0.36","Moving Down","","",,="6/9","<1","false","Swing"
"CHRD","Chord Energy Corporation Common Stock","Energy","Oil & Gas E&P","142.88","73.55","Buy","Aug 12, 2026","Uptrend","Aug 06, 2026","787749.4","-22.32","1.22","4.05","Moving Up","","",,="9/9","<1","false","Swing"
"CIB","Grupo Cibest S.A. American Depositary Shares each representing four Preferred Shares","Financials","Banks - Regional","96.54","87.31","Buy","Aug 12, 2026","Uptrend","Jun 01, 2026","286438.13","110.35","2.09","0.18","Moving Up","","",,="8/9","<1","false","Swing"
"CNS","Cohen & Steers Inc Common Stock","Financials","Asset Management","83.34","83.88","Sell","Aug 12, 2026","Uptrend","Apr 13, 2026","249858.63","154.14","12.57","-1.65","Moving Down","","",,="6/9","<1","false","Swing"
"CNXN","PC Connection, Inc. Common Stock","Technology","Electronics & Computer Distribution","78.55","79.79","Sell","Aug 12, 2026","Uptrend","Apr 07, 2026","153209.73","-25.43","0.27","-3.12","Moving Down","","",,="7/9","<1","false","Swing"
"COGT","Cogent Biosciences, Inc. Common Stock","Health Care","Biotechnology","37.87","34.11","Sell","Aug 12, 2026","Downtrend","Aug 14, 2026","2072605.53","202.51","2.08","-0.16","Moving Down","","",,="6/9","<1","false","Swing"
"CPS","Cooper-Standard Holdings Inc. Common Stock","Discretionary","Auto Parts","27.63","50.72","Sell","Aug 12, 2026","Downtrend","Aug 12, 2026","181884.33","-126.37","0.53","-2.88","Moving Down","","",,="4/9","<1","false","Swing"
"CRC","California Resources Corporation Common Stock","Energy","Oil & Gas E&P","53.53","52.39","Buy","Aug 12, 2026","Neutral","Aug 11, 2026","782866.4","-89.11","0.05","0.41","Moving Up","","",,="7/9","<1","false","Swing"
"CTAS","Cintas Corporation Common Stock","Industrials","Specialty Business Services","197.82","79.06","Sell","Aug 12, 2026","Uptrend","Jul 02, 2026","2334639.27","35.53","0.4","-0.85","Moving Down","","",,="5/9","<1","false","Swing"
"CXT","Crane NXT, Co. Common Stock","Industrials","Specialty Industrial Machinery","50.33","77.93","Sell","Aug 12, 2026","Uptrend","Jun 15, 2026","596399.1","-51.93","0.23","-2.57","Moving Down","","",,="5/9","<1","false","Swing"
"DG","Dollar General Corporation Common Stock","Staples","Discount Stores","120.08","64.25","Sell","Aug 12, 2026","Downtrend","Aug 17, 2026","2167223.77","28.4","7.42","-2.6","Moving Down","","",,="4/9","<1","false","Swing"
"DOW","Dow Inc. Common Stock ","Materials","Chemicals","31.34","61.05","Buy","Aug 12, 2026","Uptrend","Aug 17, 2026","9675186.83","-12.25","10.25","0.87","Moving Up","","",,="9/9","<1","false","Swing"
"EPAM","EPAM Systems, Inc. Common Stock","Technology","Information Technology Services","98.73","76.9","Sell","Aug 12, 2026","Uptrend","Aug 07, 2026","1555852.33","99.66","8.87","-1.76","Moving Down","","",,="7/9","<1","false","Swing"
"ESAB","ESAB Corporation Common Stock","Industrials","Metal Fabrication","82.13","31.38","Sell","Aug 12, 2026","Downtrend","Aug 11, 2026","665543.43","-53.06","0.93","-3.16","Moving Down","","",,="4/9","<1","false","Swing"
"EXE","Expand Energy Corporation Common Stock","Energy","Oil & Gas E&P","94.175","64.8","Buy","Aug 12, 2026","Uptrend","Aug 06, 2026","3524094.43","-22.14","0.17","-0.64","Moving Down","","",,="8/9","<1","false","Swing"
"EXR","Extra Space Storage Inc Common Stock","Real Estate","REIT - Industrial","146.89","64.6","Sell","Aug 12, 2026","Downtrend","Aug 17, 2026","1119523.2","21.85","1.37","-0.68","Moving Up","","",,="6/9","<1","false","Swing"
"FCCO","First Community Corporation Common Stock","Financials","Banks - Regional","34.7","69.69","Sell","Aug 12, 2026","Uptrend","Jun 04, 2026","47213.2","3.6","0.11","1.02","Moving Down","","",,="6/9","<1","false","Swing"
"FORM","FormFactor, Inc. FormFactor, Inc. Common Stock","Technology","Semiconductor Equipment & Materials","138.16","78.42","Buy","Aug 12, 2026","Uptrend","Aug 11, 2026","1357694.67","145.59","1.34","4.98","Moving Up","","",,="9/9","<1","false","Swing"
"FTV","Fortive Corporation Common Stock ","Technology","Scientific & Technical Instruments","60.64","67.23","Buy","Aug 12, 2026","Neutral","Aug 17, 2026","2516297.57","-40.33","1.57","-1.59","Moving Up","","",,="8/9","<1","false","Swing"
"GCO","Genesco Inc. Common Stock","Discretionary","Apparel Retail","34.64","52.8","Sell","Aug 12, 2026","Downtrend","Aug 13, 2026","174049.27","-57.52","1.23","-1.56","Moving Down","","",,="4/9","<1","false","Swing"
"GDS","GDS Holdings Limited ADS","Technology","Information Technology Services","35.38","46.52","Buy","Aug 12, 2026","Uptrend","Aug 13, 2026","1780258.9","-72.88","1.69","2.82","Moving Up","","",,="8/9","<1","false","Swing"
"GFL","GFL Environmental Inc. Subordinate voting shares, no par value","Industrials","Waste Management","41.54","80.41","Sell","Aug 12, 2026","Uptrend","Jul 01, 2026","2340916.83","-87.05","0.12","-0.86","Moving Down","","",,="4/9","<1","false","Swing"
"GHC","Graham Holdings Company Common Stock","Industrials","Conglomerates","1165.29","65.65","Sell","Aug 12, 2026","Downtrend","Aug 17, 2026","22386.13","24.78","0.69","-2.18","Moving Down","","",,="4/9","<1","false","Swing"
"GIS","General Mills, Inc. Common Stock","Staples","Packaged Foods","37.98","78.28","Buy","Aug 12, 2026","Uptrend","Aug 07, 2026","8982346.3","-52.46","1.3","-3.11","Moving Up","","",,="7/9","<1","false","Swing"
"GLBE","Global-E Online Ltd. Ordinary Shares","Discretionary","Internet Retail","41.18","74.89","Sell","Aug 12, 2026","Uptrend","Jul 24, 2026","1513983.3","-95.15","0.04","-2.79","Moving Down","","",,="5/9","<1","false","Swing"
"GSBC","Great Southern Bancorp, Inc. Common Stock","Financials","Banks - Regional","80.39","74.71","Sell","Aug 12, 2026","Uptrend","Mar 30, 2026","110361.27","-1.24","0.33","-1.47","Moving Down","","",,="6/9","<1","false","Swing"
"GSK","GSK plc American Depositary Shares (Each representing two Ordinary Shares)","Health Care","Drug Manufacturers - General","50.28","37.34","Sell","Aug 12, 2026","Downtrend","Aug 11, 2026","4141408.4","31.7","11.39","1.53","Moving Down","","",,="6/9","<1","false","Swing"
"HCI","HCI Group, Inc. Common Stock","Financials","Insurance - Property & Casualty","182.65","55.48","Buy","Aug 12, 2026","Uptrend","Jun 10, 2026","161377.1","-42.55","0.32","-0.92","Moving Down","","",,="7/9","<1","false","Swing"
"IONQ","IonQ, Inc. Common Stock","Technology","Computer Hardware","46.84","36.87","Buy","Aug 12, 2026","Uptrend","Aug 12, 2026","20221953.23","244.95","3.19","1.25","Moving Up","","Positive",,="9/9","<1","false","Swing"
"ISRG","Intuitive Surgical, Inc. Common Stock","Health Care","Medical Instruments & Supplies","390.33","56.68","Buy","Aug 12, 2026","Neutral","Aug 17, 2026","3653184.6","68.8","2.34","-1.06","Moving Up","","",,="8/9","<1","false","Swing"
"KFY","Korn Ferry Common Stock","Industrials","Staffing & Employment Services","83.05","93.93","Sell","Aug 12, 2026","Uptrend","Jul 07, 2026","370944.27","12.2","0.29","-1.35","Moving Down","","",,="5/9","<1","false","Swing"
"KNTK","Kinetik Holdings Inc. Class A Common Stock","Energy","Oil & Gas Midstream","52.98","67.7","Buy","Aug 12, 2026","Uptrend","Aug 06, 2026","961326.7","24.91","0.59","-0.86","Moving Up","","",,="9/9","<1","false","Swing"
"LAUR","Laureate Education, Inc. Common Stock","Staples","Education & Training Services","37.71","54.44","Sell","Aug 12, 2026","Neutral","Aug 12, 2026","1002390.23","14.53","0.14","0.24","Moving Up","","",,="5/9","<1","false","Swing"
"LNN","Lindsay Corporation Common Stock","Industrials","Farm & Heavy Construction Machinery","114.04","66.06","Buy","Aug 12, 2026","Neutral","Aug 17, 2026","118076.47","-93.21","0.08","-0.9","Moving Down","","",,="5/9","<1","false","Swing"
"MA","Mastercard Incorporated Common Stock","Financials","Credit Services","562.26","87.08","Sell","Aug 12, 2026","Uptrend","Jun 26, 2026","2849345.9","3.55","0.11","-1.23","Moving Down","","",,="5/9","<1","false","Swing"
"MCBS","MetroCity Bankshares, Inc. Common Stock","Financials","Banks - Regional","36.16","69.47","Buy","Aug 12, 2026","Uptrend","Mar 31, 2026","76912.57","21.58","1.15","-0.22","Moving Up","","",,="8/9","<1","false","Swing"
"MHO","M/I Homes, Inc. Common Stock","Discretionary","Residential Construction","151.2","61.22","Buy","Aug 12, 2026","Uptrend","Aug 07, 2026","216767.4","-122.31","0.23","-0.6","Moving Up","","",,="7/9","<1","false","Swing"
"MNPR","Monopar Therapeutics Inc. Common Stock","Health Care","Biotechnology","116.49","41.98","Sell","Aug 12, 2026","Uptrend","Jun 16, 2026","278556.3","533.17","3.44","3.05","Moving Down","","",,="7/9","<1","false","Swing"
"NBN","Northeast Bank Common Stock","Financials","Banks - Regional","134.01","51.96","Buy","Aug 12, 2026","Uptrend","Aug 05, 2026","118904.9","291.86","1.43","-0.67","Moving Up","","",,="7/9","<1","false","Swing"
"NFG","National Fuel Gas Company Common Stock","Energy","Oil & Gas Integrated","81.82","54.65","Buy","Aug 12, 2026","Uptrend","Aug 10, 2026","663176.37","15.8","0.43","-0.12","Moving Up","","",,="8/9","<1","false","Swing"
"NPO","Enpro Inc. Common Stock","Industrials","Specialty Industrial Machinery","346.33","44.21","Buy","Aug 12, 2026","Uptrend","Aug 11, 2026","221580.23","229.65","1.32","0.87","Moving Up","","",,="7/9","<1","false","Swing"
"NWS","News Corporation Class B Common Stock","Communication","Entertainment","32.68","66.73","Sell","Aug 12, 2026","Uptrend","Jul 27, 2026","1137363.7","80.39","1.81","-1.48","Moving Down","","",,="5/9","<1","false","Swing"
"OMC","Omnicom Group Inc. Common Stock","Communication","Advertising Agencies","85.46","75.07","Buy","Aug 12, 2026","Uptrend","Jul 02, 2026","2959186.5","-82.95","0.04","-2.41","Moving Up","","",,="7/9","<1","false","Swing"
"ONON","On Holding AG Class A Ordinary Shares","Discretionary","Footwear & Accessories","31.31","26.49","Sell","Aug 12, 2026","Downtrend","Aug 11, 2026","6526587.67","-27.55","0.05","-2.82","Moving Down","","",,="4/9","<1","false","Swing"
"ONTO","Onto Innovation Inc. Common Stock","Technology","Semiconductor Equipment & Materials","351.16","64.13","Buy","Aug 12, 2026","Uptrend","Aug 11, 2026","1206429.27","0.79","0","5.86","Moving Up","","",,="9/9","<1","false","Swing"
"ORA","Ormat Technologies, Inc. Common Stock","Utilities","Utilities - Renewable","113.91","59.22","Buy","Aug 12, 2026","Uptrend","Aug 11, 2026","830935.23","158.38","8.7","-0.74","Moving Up","","",,="8/9","<1","false","Swing"
"OVBC","Ohio Valley Banc Corp. Common Stock","Financials","Banks - Regional","45.41","29.69","Buy","Aug 12, 2026","Uptrend","Aug 11, 2026","43587.3","27.64","1.95","1.88","Moving Up","","",,="8/9","<1","false","Swing"
"PCOR","Procore Technologies, Inc. Common Stock","Technology","Software - Application","58.38","77.51","Sell","Aug 12, 2026","Uptrend","Jul 27, 2026","3373338","-65.61","0.59","-2.37","Moving Down","","",,="7/9","<1","false","Swing"
"PHG","Koninklijke Philips N.V. NY Registry Shares","Health Care","Medical Devices","26.82","54.97","Buy","Aug 12, 2026","Uptrend","Aug 11, 2026","1199153.13","-22.56","5.85","-1.72","Moving Up","","",,="9/9","<1","false","Swing"
"PLUS","ePlus inc. Common Stock","Technology","Software - Application","86.78","74.38","Sell","Aug 12, 2026","Downtrend","Aug 17, 2026","245860.2","72.41","1.93","-1.98","Moving Down","","",,="6/9","<1","false","Swing"
"PRDO","Perdoceo Education Corporation Common Stock","Staples","Education & Training Services","32.04","48.97","Sell","Aug 12, 2026","Downtrend","Aug 10, 2026","777660.97","72.22","2.83","0.09","Moving Up","","",,="5/9","<1","false","Swing"
"RH","RH Common Stock","Discretionary","Specialty Retail","175.9","71.75","Sell","Aug 12, 2026","Uptrend","Jun 24, 2026","703156.27","-49","1.12","-3.22","Moving Down","","",,="5/9","<1","false","Swing"
"SENEA","Seneca Foods Corp. Class A Common Stock","Staples","Packaged Foods","189.5","71.42","Buy","Aug 12, 2026","Uptrend","Aug 03, 2026","107891.9","228.11","1.41","-1.15","Moving Up","","",,="7/9","<1","false","Swing"
"SM","SM Energy Company Common Stock","Energy","Oil & Gas E&P","35.48","53.85","Buy","Aug 12, 2026","Uptrend","Aug 10, 2026","3740686.83","221.05","2.71","5.13","Moving Up","","",,="9/9","<1","false","Swing"
"SMBK","SmartFinancial, Inc. Common Stock","Financials","Banks - Regional","51.97","80.36","Sell","Aug 12, 2026","Uptrend","Jun 05, 2026","126131.2","154.6","2.96","-1.53","Moving Down","","",,="6/9","<1","false","Swing"
"SMTI","Sanara MedTech Inc. Common Stock","Health Care","Medical Instruments & Supplies","34","87.99","Sell","Aug 12, 2026","Uptrend","Jun 15, 2026","299752.93","-16.59","0.14","-0.44","Moving Down","","",,="6/9","<1","false","Swing"
"SQM","Sociedad Quimica y Minera S.A. Common Stock","Materials","Specialty Chemicals","75.1","47.09","Buy","Aug 12, 2026","Uptrend","Aug 14, 2026","910708.43","193.5","2.66","1.05","Moving Up","","",,="9/9","<1","false","Swing"
"SR","Spire Inc. Common Stock","Utilities","Utilities - Regulated Gas","82.29","45.75","Buy","Aug 12, 2026","Uptrend","Aug 11, 2026","432582.73","-11.31","0.11","-0.66","Moving Up","","",,="8/9","<1","false","Swing"
"SRCE","1st Source Corporation Common Stock","Financials","Banks - Regional","87.9","85.37","Sell","Aug 12, 2026","Uptrend","May 21, 2026","134401.13","76.88","2.3","-0.79","Moving Down","","",,="6/9","<1","false","Swing"
"SRRK","Scholar Rock Holding Corporation Common Stock","Health Care","Biotechnology","52.05","45","Buy","Aug 12, 2026","Uptrend","Aug 11, 2026","994452.37","-336.47","0.11","-0.89","Moving Up","","",,="9/9","<1","false","Swing"
"TD","Toronto Dominion Bank (The) Common Stock","Financials","Banks - Diversified","124.34","75.76","Buy","Aug 12, 2026","Uptrend","Aug 05, 2026","2410298.7","133.37","2.69","-0.02","Moving Up","","",,="7/9","<1","false","Swing"
"TEX","Terex Corporation Common Stock","Industrials","Farm & Heavy Construction Machinery","67.34","58.36","Buy","Aug 12, 2026","Uptrend","Aug 11, 2026","1303751.33","-15.81","0.28","-0.85","Moving Up","","",,="6/9","<1","false","Swing"
"TMP","Tompkins Financial Corporation Common Stock","Financials","Banks - Regional","100.28","76.94","Sell","Aug 12, 2026","Uptrend","Mar 31, 2026","93717.63","82.82","8.38","-0.92","Moving Down","","",,="6/9","<1","false","Swing"
"TNL","Travel   Leisure Co. Common  Stock","Discretionary","Travel Services","73.69","54.77","Sell","Aug 12, 2026","Downtrend","Aug 17, 2026","774738.73","-44.74","0.18","-2.38","Moving Down","","",,="4/9","<1","false","Swing"
"TOST","Toast, Inc. Class A Common Stock","Technology","Software - Infrastructure","34.32","80.39","Sell","Aug 12, 2026","Uptrend","Jun 25, 2026","10046806.4","156.27","4.47","-1.24","Moving Down","","",,="7/9","<1","false","Swing"
"UBS","UBS Group AG Registered Ordinary Shares","Financials","Banks - Diversified","53.44","67.15","Buy","Aug 12, 2026","Uptrend","Apr 24, 2026","1732173.73","321.83","2.6","-0.35","Moving Down","","",,="7/9","<1","false","Swing"
"WAFD","WaFd, Inc. Common Stock","Financials","Banks - Regional","37.76","56.46","Buy","Aug 12, 2026","Uptrend","Aug 10, 2026","578625.37","38.43","11.77","-0.47","Moving Up","","",,="7/9","<1","false","Swing"
"YETI","YETI Holdings, Inc. Common Stock","Discretionary","Leisure","43","36.9","Sell","Aug 12, 2026","Downtrend","Aug 13, 2026","1494612.53","5.8","3.98","-3.5","Moving Down","","",,="4/9","<1","false","Swing"
"YORW","York Water Company (The) Common Stock","Utilities","Utilities - Regulated Water","33.06","79.33","Buy","Aug 12, 2026","Uptrend","Jul 09, 2026","162116.5","-83.39","0.63","-0.75","Moving Up","","",,="7/9","<1","false","Swing"
"AMTB","Amerant Bancorp Inc. Class A Common Stock","Financials","Banks - Regional","29.02","81.02","Sell","Aug 11, 2026","Uptrend","Jun 09, 2026","425725.33","57.21","2.92","-0.51","Moving Down","","",,="6/9","<1","false","Swing"
"AN","AutoNation, Inc. Common Stock","Discretionary","Auto & Truck Dealerships","204.96","70.34","Sell","Aug 11, 2026","Uptrend","Jul 10, 2026","405904.3","256.19","2.22","-2.13","Moving Down","","",,="5/9","<1","false","Swing"
"APD","Air Products and Chemicals, Inc. Common Stock","Materials","Specialty Chemicals","300.86","64.23","Buy","Aug 11, 2026","Uptrend","Jul 01, 2026","1000980.73","-24.11","0.2","-2.62","Moving Down","","",,="8/9","<1","false","Swing"
"ARLP","Alliance Resource Partners, L.P. Common Units representing Limited Partners Interests","Energy","Thermal Coal","25.93","67.44","Sell","Aug 11, 2026","Uptrend","Aug 14, 2026","338643.27","216.85","2.19","2.01","Moving Up","","",,="7/9","<1","false","Swing"
"ASMB","Assembly Biosciences, Inc. Common Stock","Health Care","Biotechnology","30.01","53.49","Buy","Aug 11, 2026","Uptrend","Aug 07, 2026","180980","-38.04","9.19","-8.92","Moving Up","","",,="9/9","<1","false","Swing"
"ATRC","AtriCure, Inc. Common Stock","Health Care","Medical Instruments & Supplies","44.77","91.38","Buy","Aug 11, 2026","Uptrend","Jul 01, 2026","839591.63","-35.2","0.03","1.06","Moving Up","","",,="9/9","<1","false","Swing"
"BL","BlackLine, Inc. Common Stock","Technology","Software - Application","29.3","49.59","Sell","Aug 11, 2026","Downtrend","Aug 17, 2026","1064338.57","-74.73","3.69","-4.03","Moving Down","","",,="6/9","<1","false","Swing"
"BMRN","BioMarin Pharmaceutical Inc. Common Stock","Health Care","Biotechnology","66.64","82.15","Buy","Aug 11, 2026","Uptrend","Jun 22, 2026","2000640.8","-24.11","2.75","-1.07","Moving Up","","",,="9/9","<1","false","Swing"
"BWMN","Bowman Consulting Group Ltd. Common Stock","Industrials","Engineering & Construction","42.37","96.64","Buy","Aug 11, 2026","Uptrend","Aug 10, 2026","366649.4","45.55","5.92","0.17","Moving Up","","",,="6/9","<1","false","Swing"
"BY","Byline Bancorp, Inc. Common Stock","Financials","Banks - Regional","39.15","78.94","Sell","Aug 11, 2026","Uptrend","May 22, 2026","262123.7","107.36","5.59","-0.31","Moving Down","","",,="6/9","<1","false","Swing"
"CABO","Cable One, Inc. Common Stock","Communication","Telecom Services","29.88","37.63","Sell","Aug 11, 2026","Downtrend","Aug 07, 2026","219293.9","-65.63","7.17","-13.34","Moving Down","","",,="4/9","<1","false","Swing"
"CAMT","Camtek Ltd. Ordinary Shares","Technology","Semiconductor Equipment & Materials","171.8","53.49","Buy","Aug 11, 2026","Uptrend","Aug 10, 2026","534225.1","-285.04","0.32","3.88","Moving Up","","",,="9/9","<1","false","Swing"
"CBNK","Capital Bancorp, Inc. Common Stock","Financials","Banks - Regional","37.66","72.62","Sell","Aug 11, 2026","Uptrend","May 22, 2026","55957","98.37","8.02","0.05","Moving Down","","",,="6/9","<1","false","Swing"
"CBOE","Cboe Global Markets, Inc. Common Stock","Financials","Financial Data & Stock Exchanges","295","75.7","Sell","Aug 11, 2026","Uptrend","Aug 12, 2026","990726.43","103.87","1.7","-0.38","Moving Down","","",,="6/9","<1","false","Swing"
"CCBG","Capital City Bank Group Common Stock","Financials","Banks - Regional","51.97","76.66","Sell","Aug 11, 2026","Uptrend","Jun 12, 2026","79892","9.64","0.24","-0.99","Moving Down","","",,="6/9","<1","false","Swing"
"CCEP","Coca-Cola Europacific Partners plc Ordinary Shares","Staples","Beverages - Non-Alcoholic","105.57","80.09","Sell","Aug 11, 2026","Uptrend","Jun 09, 2026","1921167.77","44.29","0.9","-1.92","Moving Down","","",,="5/9","<1","false","Swing"
"CCJ","Cameco Corporation Common Stock","Energy","Uranium","98.58","49.62","Buy","Aug 11, 2026","Uptrend","Aug 10, 2026","3389034.53","434.9","1.23","0.86","Moving Up","","",,="9/9","<1","false","Swing"
"CCNE","CNB Financial Corporation Common Stock","Financials","Banks - Regional","34.85","71.18","Sell","Aug 11, 2026","Uptrend","Jun 04, 2026","154064.83","46.19","4.54","-0.26","Moving Down","","",,="6/9","<1","false","Swing"
"CNC","Centene Corporation Common Stock","Health Care","Healthcare Plans","64.41","75.73","Buy","Aug 11, 2026","Uptrend","Aug 10, 2026","4592086.6","7.15","5.35","-4.54","Moving Down","","",,="7/9","<1","false","Swing"
"CPA","Copa Holdings, S.A. Class A Common Stock","Industrials","Airlines","133.79","41.08","Sell","Aug 11, 2026","Downtrend","Aug 10, 2026","287314","-11.22","0.23","-1.53","Moving Down","","",,="4/9","<1","false","Swing"
"CRAI","CRA International, Inc. Common Stock","Industrials","Consulting Services","164.21","77.14","Sell","Aug 11, 2026","Downtrend","Aug 17, 2026","149625.27","46.89","0.58","-2.45","Moving Down","","",,="4/9","<1","false","Swing"
"CTBI","Community Trust Bancorp, Inc. Common Stock","Financials","Banks - Regional","78.48","78.68","Sell","Aug 11, 2026","Uptrend","Apr 01, 2026","120097.77","116.73","2.94","-0.49","Moving Down","","",,="6/9","<1","false","Swing"
"DE","Deere & Company Common Stock","Industrials","Farm & Heavy Construction Machinery","599.92","68.35","Sell","Aug 11, 2026","Neutral","Aug 17, 2026","980571.9","132.02","1.38","-1.47","Moving Down","","",,="4/9","<1","false","Swing"
"DHR","Danaher Corporation Common Stock","Health Care","Diagnostics & Research","202.63","67.85","Buy","Aug 11, 2026","Uptrend","Jul 23, 2026","5424543.47","-15.54","0.23","0.09","Moving Up","","",,="8/9","<1","false","Swing"
"DIOD","Diodes Incorporated Common Stock","Technology","Semiconductors","107.56","57.11","Buy","Aug 11, 2026","Uptrend","Aug 10, 2026","581406.67","88.16","2.71","3.94","Moving Up","","",,="9/9","<1","false","Swing"
"DVN","Devon Energy Corporation Common Stock","Energy","Oil & Gas E&P","47.57","60.24","Buy","Aug 11, 2026","Uptrend","Aug 10, 2026","10267096.43","-49.82","0.24","3.75","Moving Up","","",,="9/9","<1","false","Swing"
"EQBK","Equity Bancshares, Inc. Class A Common Stock","Financials","Banks - Regional","51.37","64.86","Sell","Aug 11, 2026","Uptrend","Jun 04, 2026","125117.43","30.76","1.07","-0.52","Moving Down","","",,="6/9","<1","false","Swing"
"EVTC","Evertec, Inc. Common Stock","Technology","Software - Infrastructure","30.39","75.04","Sell","Aug 11, 2026","Uptrend","Jun 24, 2026","422902.37","-84.87","0.07","-3.74","Moving Up","","",,="8/9","<1","false","Swing"
"FDX","FedEx Corporation Common Stock","Industrials","Integrated Freight & Logistics","331.49","43.19","Buy","Aug 11, 2026","Uptrend","Aug 12, 2026","1550804.37","48.38","1.07","-0.94","Moving Up","","",,="6/9","<1","false","Swing"
"FMBH","First Mid Bancshares, Inc. Common Stock","Financials","Banks - Regional","51.95","83.28","Sell","Aug 11, 2026","Uptrend","May 21, 2026","130298.97","100.36","3.55","-0.12","Moving Down","","",,="6/9","<1","false","Swing"
"FRD","Friedman Industries Inc. Common Stock","Materials","Steel","48.08","85.4","Buy","Aug 11, 2026","Uptrend","Apr 13, 2026","92977","402.26","1.45","4.86","Moving Up","","",,="9/9","<1","false","Swing"
"FROG","JFrog Ltd. Ordinary Shares","Technology","Software - Application","94.64","71.53","Buy","Aug 11, 2026","Uptrend","Aug 10, 2026","2282666.17","231.64","2.06","-1.59","Moving Up","","",,="8/9","<1","false","Swing"
"FWONK","Liberty Media Corporation Series C Liberty Formula One Common Stock","Communication","Entertainment","101.98","67.34","Buy","Aug 11, 2026","Uptrend","Jun 17, 2026","2037337.1","87.78","1.27","-1.85","Moving Up","","",,="7/9","<1","false","Swing"
"GHM","Graham Corporation Common Stock","Industrials","Specialty Industrial Machinery","115.48","55.09","Buy","Aug 11, 2026","Uptrend","Aug 10, 2026","222765.93","126.32","0.8","1.31","Moving Up","","",,="7/9","<1","false","Swing"
"GPOR","Gulfport Energy Corporation Common Shares","Energy","Oil & Gas E&P","169.6","62.04","Buy","Aug 11, 2026","Uptrend","Aug 10, 2026","343384.83","-96.23","0.06","-0.25","Moving Up","","",,="9/9","<1","false","Swing"
"HASI","HA Sustainable Infrastructure Capital, Inc. Common Stock","Financials","Asset Management","42.13","72.11","Buy","Aug 11, 2026","Uptrend","Aug 07, 2026","882681.77","-1.88","0.32","0.02","Moving Up","","",,="8/9","<1","false","Swing"
"HZO","MarineMax, Inc.  (FL) Common Stock","Discretionary","Specialty Retail","52.25","75.81","Buy","Aug 11, 2026","Uptrend","Aug 03, 2026","674399.63","-254.97","0.17","0.44","Moving Up","","",,="7/9","<1","false","Swing"
"IFS","Intercorp Financial Services Inc. Common Shares","Financials","Banks - Regional","54.64","29.5","Sell","Aug 11, 2026","Downtrend","Aug 12, 2026","232106.17","30.23","0.53","-0.09","Moving Down","","",,="5/9","<1","false","Swing"
"IPI","Intrepid Potash, Inc Common Stock","Materials","Agricultural Inputs","36.6","62.65","Buy","Aug 11, 2026","Uptrend","Aug 10, 2026","172276.53","-47.66","0.13","-0.05","Moving Up","","",,="9/9","<1","false","Swing"
"JAZZ","Jazz Pharmaceuticals plc Common Stock (Ireland)","Health Care","Biotechnology","248.36","70.89","Sell","Aug 11, 2026","Neutral","Aug 17, 2026","771445.47","-103.53","0.13","1.39","Moving Down","","",,="6/9","<1","false","Swing"
"KMB","Kimberly-Clark Corporation Common Stock","Staples","Household & Personal Products","107.91","83.45","Sell","Aug 11, 2026","Uptrend","Jun 09, 2026","3572389.03","-27.89","0.04","-2.25","Moving Down","","",,="5/9","<1","false","Swing"
"KMPR","Kemper Corporation","Financials","Insurance - Property & Casualty","26.21","51","Sell","Aug 11, 2026","Downtrend","Aug 11, 2026","845515.23","-25.67","6.51","-4.41","Moving Down","","",,="5/9","<1","false","Swing"
"KRT","Karat Packaging Inc. Common Stock","Discretionary","Packaging & Containers","47.8","97.18","Buy","Aug 11, 2026","Uptrend","Jun 08, 2026","143780.47","26.63","0.34","-0.23","Moving Down","","",,="6/9","<1","false","Swing"
"LGIH","LGI Homes, Inc. Common Stock","Discretionary","Residential Construction","58.62","66.28","Sell","Aug 11, 2026","Uptrend","Aug 14, 2026","305056.57","-204.37","0.28","-1.97","Moving Up","","",,="6/9","<1","false","Swing"
"LKFN","Lakeland Financial Corporation Common Stock","Financials","Banks - Regional","61.82","65.81","Sell","Aug 11, 2026","Uptrend","Aug 11, 2026","172611.23","-26.69","0.2","-1.07","Moving Down","","",,="6/9","<1","false","Swing"
"LW","Lamb Weston Holdings, Inc. Common Stock ","Staples","Packaged Foods","52.49","87.24","Sell","Aug 11, 2026","Uptrend","Jul 01, 2026","1757685.3","-14.05","4.76","-1.09","Moving Down","","",,="5/9","<1","false","Swing"
"LYV","Live Nation Entertainment, Inc. Common Stock","Communication","Entertainment","184.44","69.29","Buy","Aug 11, 2026","Uptrend","Aug 03, 2026","1939920.17","12.08","0.19","-2.13","Moving Up","","",,="7/9","<1","false","Swing"
"MAYS","J. W. Mays, Inc. Common Stock","Real Estate","Real Estate Services","41.5","55.11","Buy","Aug 11, 2026","Uptrend","Aug 10, 2026","1722.37","-219.74","0.05","0","Moving Up","","",,="8/9","<1","false","Swing"
"MC","Moelis & Company Class A Common Stock","Financials","Capital Markets","66.73","44.31","Sell","Aug 11, 2026","Neutral","Aug 17, 2026","916785.33","105.96","2.1","-2.46","Moving Up","","",,="6/9","<1","false","Swing"
"MMS","Maximus, Inc. Common Stock","Industrials","Specialty Business Services","54.43","50.39","Sell","Aug 11, 2026","Downtrend","Aug 11, 2026","651902.97","-34.33","2.18","-1.54","Moving Down","","",,="4/9","<1","false","Swing"
"MNDY","monday.com Ltd. Ordinary Shares","Technology","Software - Application","83.33","71.11","Sell","Aug 11, 2026","Uptrend","Jul 28, 2026","1585464.57","22.35","5.25","-4.79","Moving Down","","",,="7/9","<1","false","Swing"
"MP","MP Materials Corp. Common Stock","Materials","Other Industrial Metals & Mining","58.51","52.22","Buy","Aug 11, 2026","Uptrend","Aug 10, 2026","6496731.7","64","2.25","-0.39","Moving Up","","",,="8/9","<1","false","Swing"
"MPWR","Monolithic Power Systems, Inc. Common Stock","Technology","Semiconductors","1415.99","61.18","Buy","Aug 11, 2026","Uptrend","Aug 14, 2026","827749.43","452.17","1.89","1","Moving Up","","",,="9/9","<1","false","Swing"
"NE","Noble Corporation plc A Ordinary Shares","Energy","Oil & Gas Drilling","45.18","70.51","Buy","Aug 11, 2026","Uptrend","Aug 10, 2026","1527577.23","-26.88","0.78","0.18","Moving Up","","",,="9/9","<1","false","Swing"
"NIE","Virtus Equity & Convertible Income Fund Common Shares of Beneficial Interest","Financials","Closed-End Fund - Equity","26.78","61.15","Buy","Aug 11, 2026","Uptrend","Aug 10, 2026","48343.8","90.61","1.96","-0.07","Moving Up","","",,="7/9","<1","false","Swing"
"NNI","Nelnet, Inc. Common Stock","Financials","Credit Services","125.83","38.89","Sell","Aug 11, 2026","Downtrend","Aug 10, 2026","114990.77","-28.43","0.31","-1.53","Moving Down","","",,="5/9","<1","false","Swing"
"NOG","Northern Oil and Gas, Inc. Common Stock","Energy","Oil & Gas E&P","25.53","78.68","Buy","Aug 11, 2026","Uptrend","Aug 07, 2026","2780713.97","79.34","9.94","4.2","Moving Up","","",,="9/9","<1","false","Swing"
"NTNX","Nutanix, Inc. Class A Common Stock","Technology","Software - Infrastructure","65.66","88.25","Buy","Aug 11, 2026","Uptrend","Jun 29, 2026","2754419.87","32.32","1.36","-1.42","Moving Up","","",,="9/9","<1","false","Swing"
"NWSA","News Corporation Class A Common Stock","Communication","Entertainment","28.7","68.32","Sell","Aug 11, 2026","Uptrend","Jul 24, 2026","3547803.23","64.71","1.88","-1.58","Moving Down","","",,="5/9","<1","false","Swing"
"OKTA","Okta, Inc. Class A Common Stock","Technology","Software - Infrastructure","143.24","72.34","Buy","Aug 11, 2026","Uptrend","May 04, 2026","2692160.4","74.12","11.11","-2.84","Moving Down","","",,="8/9","<1","false","Swing"
"ONC","BeOne Medicines Ltd. American Depositary Shares","Health Care","Biotechnology","362.51","72.89","Buy","Aug 11, 2026","Uptrend","Jul 01, 2026","402055.67","-123.25","0.05","4.33","Moving Up","","",,="8/9","<1","false","Swing"
"ORRF","Orrstown Financial Services, Inc. Common Stock","Financials","Banks - Regional","43.03","66.92","Sell","Aug 11, 2026","Uptrend","Jun 04, 2026","113401.47","67.74","1.52","-0.72","Moving Down","","",,="6/9","<1","false","Swing"
"OXY","Occidental Petroleum Corporation Common Stock","Energy","Oil & Gas E&P","59.04","77.26","Buy","Aug 11, 2026","Uptrend","Aug 06, 2026","8780833.27","-23.69","0.21","1.17","Moving Up","","",,="8/9","<1","false","Swing"
"PAHC","Phibro Animal Health Corporation Class A Common Stock","Health Care","Drug Manufacturers - Specialty & Generic","34.63","30.78","Sell","Aug 11, 2026","Downtrend","Aug 14, 2026","222609","104.6","5.71","0.79","Moving Down","","",,="6/9","<1","false","Swing"
"PAY","Paymentus Holdings, Inc. Class A Common Stock","Technology","Software - Infrastructure","40.66","79.31","Sell","Aug 11, 2026","Uptrend","Jun 30, 2026","1111742.23","243.58","4.54","-2.87","Moving Down","","",,="7/9","<1","false","Swing"
"PEBO","Peoples Bancorp Inc. Common Stock","Financials","Banks - Regional","41.07","73.34","Sell","Aug 11, 2026","Uptrend","May 21, 2026","308888.83","18.85","0.9","-0.75","Moving Down","","",,="6/9","<1","false","Swing"
"PPIH","Perma-Pipe International Holdings, Inc. Common Stock","Industrials","Building Products & Equipment","26.61","42.05","Buy","Aug 11, 2026","Neutral","Aug 17, 2026","68929.33","359.7","3.85","-0.78","Moving Up","","",,="6/9","<1","false","Swing"
"RICK","RCI Hospitality Holdings, Inc. Common Stock","Discretionary","Restaurants","31.09","66.68","Buy","Aug 11, 2026","Uptrend","Aug 07, 2026","42823.2","163.39","9.41","0.71","Moving Up","","",,="7/9","<1","false","Swing"
"RIGL","Rigel Pharmaceuticals, Inc. Common Stock","Health Care","Biotechnology","42.45","51.25","Buy","Aug 11, 2026","Uptrend","Aug 05, 2026","331535.33","221.65","7.37","-0.31","Moving Up","","",,="9/9","<1","false","Swing"
"RRBI","Red River Bancshares, Inc. Common Stock","Financials","Banks - Regional","102.4","58.72","Sell","Aug 11, 2026","Uptrend","Jun 29, 2026","80898.5","40.83","1.16","-0.29","Moving Down","","",,="6/9","<1","false","Swing"
"RUSHA","Rush Enterprises, Inc. Common Stock Cl A","Discretionary","Auto & Truck Dealerships","82.13","74.31","Sell","Aug 11, 2026","Uptrend","Jun 22, 2026","475118.7","265.95","2.33","-0.12","Moving Down","","",,="5/9","<1","false","Swing"
"SBLK","Star Bulk Carriers Corp. Common Shares","Industrials","Marine Shipping","30.09","65.53","Sell","Aug 11, 2026","Uptrend","Jul 21, 2026","1283268.3","234.15","2.15","3.58","Moving Up","","Positive",,="6/9","<1","false","Swing"
"SYBT","Stock Yards Bancorp, Inc. Common Stock","Financials","Banks - Regional","84.28","69.92","Sell","Aug 11, 2026","Uptrend","Jun 04, 2026","177441.47","30.09","0.63","-0.92","Moving Down","","",,="6/9","<1","false","Swing"
"TFX","Teleflex Incorporated Common Stock","Health Care","Medical Instruments & Supplies","133.07","72","Sell","Aug 11, 2026","Uptrend","Jul 02, 2026","544930.4","-65.89","3.51","-2.99","Moving Down","","",,="7/9","<1","false","Swing"
"TGLS","Tecnoglass Inc. Ordinary Shares","Materials","Building Materials","40.72","48.07","Sell","Aug 11, 2026","Downtrend","Aug 10, 2026","250888.27","292.34","2.02","-2.68","Moving Down","","",,="6/9","<1","false","Swing"
"TOL","Toll Brothers, Inc. Common Stock","Discretionary","Residential Construction","145.45","54.75","Sell","Aug 11, 2026","Downtrend","Aug 13, 2026","861658.5","104.97","0.91","-1.9","Moving Down","","",,="4/9","<1","false","Swing"
"TOWN","TowneBank Common Stock","Financials","Banks - Regional","37.59","68.9","Sell","Aug 11, 2026","Uptrend","Jun 18, 2026","646934.33","16.13","0.86","-0.61","Moving Down","","",,="6/9","<1","false","Swing"
"TSEM","Tower Semiconductor Ltd. Ordinary Shares","Technology","Semiconductors","263.73","69.61","Buy","Aug 11, 2026","Uptrend","Aug 10, 2026","2035760.8","456.91","1.35","-0.66","Moving Up","","",,="9/9","<1","false","Swing"
"TWN","Taiwan Fund, Inc. (The) Common Stock","Financials","Closed-End Fund - Foreign","98.17","65.23","Buy","Aug 11, 2026","Uptrend","Aug 10, 2026","36543.13","616.35","2.87","0.77","Moving Up","","",,="8/9","<1","false","Swing"
"UAN","CVR Partners, LP Common Units representing Limited Partner Interests","Materials","Agricultural Inputs","122.29","64.57","Sell","Aug 11, 2026","Uptrend","Aug 14, 2026","43696.97","236.44","0.98","-0.98","Moving Down","","",,="7/9","<1","false","Swing"
"UBER","Uber Technologies, Inc. Common Stock","Technology","Software - Application","74.99","71.24","Buy","Aug 11, 2026","Uptrend","Aug 10, 2026","18460000.03","88.64","5.08","-1.26","Moving Down","","Positive",,="7/9","<1","false","Swing"
"VLGEA","Village Super Market, Inc. Class A Common Stock","Staples","Grocery Stores","42.8","43.34","Sell","Aug 11, 2026","Downtrend","Aug 17, 2026","46163.9","-75.33","0.26","-0.56","Moving Down","","",,="4/9","<1","false","Swing"
"WASH","Washington Trust Bancorp, Inc. Common Stock","Financials","Banks - Regional","40.22","76.46","Sell","Aug 11, 2026","Uptrend","Jun 04, 2026","148976.57","61.02","25.01","0.07","Moving Down","","",,="6/9","<1","false","Swing"
"WBD","Warner Bros. Discovery, Inc. Series A Common Stock ","Communication","Entertainment","27.93","52.24","Buy","Aug 11, 2026","Uptrend","Aug 10, 2026","21996429.5","144.75","46.1","-0.21","Moving Up","","Positive",,="7/9","<1","false","Swing"
"WEX","WEX Inc. common stock","Technology","Software - Infrastructure","188.87","93.03","Sell","Aug 11, 2026","Uptrend","Jul 02, 2026","746151.43","-66.47","0.51","-1.52","Moving Down","","",,="7/9","<1","false","Swing"
"AAOI","Applied Optoelectronics, Inc. Common Stock","Technology","Communication Equipment","154.89","61.09","Buy","Aug 10, 2026","Uptrend","Aug 07, 2026","10941538.9","956.26","3.11","3.07","Moving Up","","",,="9/9","<1","false","Swing"
"ABM","ABM Industries Incorporated Common Stock","Industrials","Specialty Business Services","47.72","81.22","Sell","Aug 10, 2026","Uptrend","Jun 05, 2026","389533.2","1.18","0.12","-0.85","Moving Down","","",,="4/9","<1","false","Swing"
"AGI","Alamos Gold Inc. Class A Common Shares","Materials","Gold","33.99","58.42","Buy","Aug 10, 2026","Uptrend","Aug 07, 2026","4209928.13","275.78","1.58","1.89","Moving Up","","",,="9/9","<1","false","Swing"
"AJG","Arthur J. Gallagher & Co. Common Stock","Financials","Insurance Brokers","247.97","80.19","Sell","Aug 10, 2026","Uptrend","Jun 23, 2026","1337964.2","194.11","2.68","-1.29","Moving Down","","",,="6/9","<1","false","Swing"
"AMP","Ameriprise Financial, Inc. Common Stock","Financials","Asset Management","561.63","85.58","Sell","Aug 10, 2026","Uptrend","Jul 01, 2026","506871.27","148.5","1.63","-1.39","Moving Down","","",,="5/9","<1","false","Swing"
"AMRC","Ameresco, Inc. Class A Common Stock","Industrials","Engineering & Construction","28.5","71.61","Buy","Aug 10, 2026","Uptrend","Aug 11, 2026","608595.03","207.35","22.92","2.15","Moving Up","","",,="6/9","<1","false","Swing"
"ATR","AptarGroup, Inc. Common Stock","Health Care","Medical Instruments & Supplies","131.74","65.42","Sell","Aug 10, 2026","Uptrend","Jun 16, 2026","477208.67","-87.42","0.05","-0.27","Moving Down","","",,="7/9","<1","false","Swing"
"BBW","Build-A-Bear Workshop, Inc. Common Stock","Discretionary","Specialty Retail","38.19","59.2","Buy","Aug 10, 2026","Uptrend","Aug 05, 2026","319966.6","2185.12","4.39","-0.39","Moving Up","","",,="6/9","<1","false","Swing"
"BFST","Business First Bancshares, Inc. Common Stock","Financials","Banks - Regional","32.11","64.5","Sell","Aug 10, 2026","Uptrend","May 22, 2026","228115.4","27.26","4.05","-0.03","Moving Down","","",,="6/9","<1","false","Swing"
"BHRB","Burke & Herbert Financial Services Corp. Common Stock","Financials","Banks - Regional","72.33","65.48","Sell","Aug 10, 2026","Uptrend","Jun 04, 2026","131642.77","23.52","1.3","-1.12","Moving Down","","",,="6/9","<1","false","Swing"
"BIIB","Biogen Inc. Common Stock","Health Care","Drug Manufacturers - General","209.15","55.44","Buy","Aug 10, 2026","Uptrend","Jul 29, 2026","1238868.47","-160.8","0.63","-0.32","Moving Up","","",,="8/9","<1","false","Swing"
"BWA","BorgWarner Inc. Common Stock","Discretionary","Auto Parts","69.9","52.05","Buy","Aug 10, 2026","Uptrend","Aug 07, 2026","2248288.73","56.32","1.72","1.81","Moving Up","","",,="7/9","<1","false","Swing"
"CALX","Calix, Inc Common Stock","Technology","Software - Infrastructure","39.52","42.53","Buy","Aug 10, 2026","Uptrend","Aug 11, 2026","1186532.53","-539.86","0.13","-0.05","Moving Up","","",,="8/9","<1","false","Swing"
"CASH","Pathward Financial, Inc. Common Stock","Financials","Banks - Regional","85.39","60.95","Sell","Aug 10, 2026","Downtrend","Aug 12, 2026","188770.17","41.48","0.77","-1.48","Moving Down","","",,="5/9","<1","false","Swing"
"CBFV","CB Financial Services, Inc. Common Stock","Financials","Banks - Regional","37.32","60.67","Buy","Aug 10, 2026","Uptrend","Jul 29, 2026","4967.9","-2.08","0.39","0.35","Moving Down","","",,="7/9","<1","false","Swing"
"CCK","Crown Holdings, Inc.","Discretionary","Packaging & Containers","116.24","86.52","Sell","Aug 10, 2026","Uptrend","Jun 16, 2026","1046690.3","31.03","1.35","-2.34","Moving Down","","",,="5/9","<1","false","Swing"
"CDRE","Cadre Holdings, Inc. Common Stock","Industrials","Aerospace & Defense","33.3","75.33","Buy","Aug 10, 2026","Uptrend","Jul 22, 2026","369770.83","-31.54","0","-2.46","Moving Down","","",,="6/9","<1","false","Swing"
"CENX","Century Aluminum Company Common Stock","Materials","Aluminum","47.12","45.72","Buy","Aug 10, 2026","Neutral","Aug 12, 2026","1942379.63","266.45","1.6","0.86","Moving Up","","",,="8/9","<1","false","Swing"
"CHDN","Churchill Downs, Incorporated Common Stock","Discretionary","Gambling","89.7","61.16","Buy","Aug 10, 2026","Uptrend","Aug 11, 2026","979404.8","-31.15","0.16","-1.23","Moving Up","","",,="6/9","<1","false","Swing"
"CLS","Celestica, Inc. Common Stock","Technology","Electronic Components","340.4","41.5","Sell","Aug 10, 2026","Downtrend","Aug 14, 2026","2721386.83","-1372.56","0.3","1.6","Moving Up","","",,="7/9","<1","false","Swing"
"COHR","Coherent Corp. Common Stock","Technology","Scientific & Technical Instruments","351.22","44.76","Buy","Aug 10, 2026","Uptrend","Aug 07, 2026","6027164.03","-0.87","0.36","7.79","Moving Up","","",,="9/9","<1","false","Swing"
"CRSP","CRISPR Therapeutics AG Common Shares","Health Care","Biotechnology","54.28","70","Buy","Aug 10, 2026","Uptrend","Aug 07, 2026","1478641.77","-33.06","7.26","1.36","Moving Up","","",,="9/9","<1","false","Swing"
"CSV","Carriage Services, Inc. Common Stock","Discretionary","Personal Services","34.76","39.21","Sell","Aug 10, 2026","Downtrend","Aug 07, 2026","176845.3","156.43","9.17","-4.61","Moving Down","","",,="4/9","<1","false","Swing"
"CVCO","Cavco Industries, Inc. Common Stock When Issued","Discretionary","Residential Construction","599.98","59.4","Buy","Aug 10, 2026","Uptrend","Aug 07, 2026","115424.6","-52.53","0.28","-0.84","Moving Up","","",,="7/9","<1","false","Swing"
"DAN","Dana Incorporated Common Stock ","Discretionary","Auto Parts","31.35","70.96","Buy","Aug 10, 2026","Uptrend","Aug 10, 2026","1393382.53","135.56","6.13","3.29","Moving Up","","",,="7/9","<1","false","Swing"
"DDOG","Datadog, Inc. Class A Common Stock","Technology","Software - Application","247.32","51","Sell","Aug 10, 2026","Neutral","Aug 13, 2026","4817102.63","97.92","3.01","-3.19","Moving Up","","",,="7/9","<1","false","Swing"
"DOCU","DocuSign, Inc. Common Stock","Technology","Software - Application","59.82","88.43","Buy","Aug 10, 2026","Uptrend","Jul 24, 2026","3061446.2","-112.94","0.25","-3.58","Moving Up","","",,="9/9","<1","false","Swing"
"DXPE","DXP Enterprises, Inc. Common Stock","Industrials","Industrial Distribution","199.91","67.47","Buy","Aug 10, 2026","Uptrend","Aug 05, 2026","142379.33","181.19","1.19","-0.46","Moving Up","","",,="7/9","<1","false","Swing"
"ENTG","Entegris, Inc. Common Stock","Technology","Semiconductor Equipment & Materials","163.09","73.58","Buy","Aug 10, 2026","Uptrend","Aug 07, 2026","2739248.4","86.19","1.22","0.82","Moving Up","","",,="9/9","<1","false","Swing"
"FAF","First American Corporation (New) Common Stock","Financials","Insurance - Specialty","73.18","84.98","Sell","Aug 10, 2026","Uptrend","Jun 26, 2026","708652.93","-10.84","0.26","-0.92","Moving Down","","",,="6/9","<1","false","Swing"
"FBP","First BanCorp. New Common Stock","Financials","Banks - Regional","29.54","82.98","Sell","Aug 10, 2026","Uptrend","Apr 01, 2026","1400262.57","112.06","1.38","-0.54","Moving Down","","",,="6/9","<1","false","Swing"
"FIS","Fidelity National Information Services, Inc. Common Stock","Technology","Information Technology Services","41.17","75.27","Sell","Aug 10, 2026","Neutral","Aug 17, 2026","5995174.73","-83.1","2.72","-4.08","Moving Down","","",,="6/9","<1","false","Swing"
"FIVN","Five9, Inc. Common Stock","Technology","Software - Infrastructure","31.85","90.87","Buy","Aug 10, 2026","Uptrend","Jul 24, 2026","3155568.27","-217.15","0.93","-3.48","Moving Down","","",,="8/9","<1","false","Swing"
"FLR","Fluor Corporation Common Stock","Industrials","Engineering & Construction","54.74","57.48","Buy","Aug 10, 2026","Uptrend","Aug 07, 2026","2464822.5","12.97","0.18","4.53","Moving Up","","",,="7/9","<1","false","Swing"
"FN","Fabrinet Ordinary Shares","Technology","Electronic Components","598.58","63.92","Buy","Aug 10, 2026","Uptrend","Aug 12, 2026","782504.83","-29.87","0.34","4.97","Moving Up","","",,="8/9","<1","false","Swing"
"FNF","Fidelity National Financial, Inc. Common Stock","Financials","Insurance - Specialty","49.13","67.25","Sell","Aug 10, 2026","Downtrend","Aug 11, 2026","1526819.33","-60.07","0.11","-0.69","Moving Down","","",,="5/9","<1","false","Swing"
"GEN","Gen Digital Inc. Common Stock","Technology","Software - Infrastructure","27.41","65.35","Buy","Aug 10, 2026","Uptrend","Jun 30, 2026","4367500.83","79.53","2.23","-3.76","Moving Down","","",,="8/9","<1","false","Swing"
"GIII","G-III Apparel Group, LTD. Common Stock","Discretionary","Apparel Manufacturing","33.77","55.22","Sell","Aug 10, 2026","Downtrend","Aug 12, 2026","427611.5","-119.86","0","-0.38","Moving Down","","",,="4/9","<1","false","Swing"
"GLNG","Golar Lng Ltd","Energy","Oil & Gas Midstream","52.47","55.5","Buy","Aug 10, 2026","Uptrend","Aug 07, 2026","1222952.77","-17.31","0.35","-0.04","Moving Up","","",,="9/9","<1","false","Swing"
"HBT","HBT Financial, Inc. Common Stock","Financials","Banks - Regional","36.94","77.56","Sell","Aug 10, 2026","Uptrend","Jun 04, 2026","138399.83","100.62","2.09","-0.67","Moving Down","","",,="6/9","<1","false","Swing"
"HLIO","Helios Technologies, Inc. Common Stock","Industrials","Specialty Industrial Machinery","82","58.12","Buy","Aug 10, 2026","Uptrend","Aug 07, 2026","297724.8","53.69","2.04","0.63","Moving Up","","",,="7/9","<1","false","Swing"
"HSBC","HSBC Holdings, plc. Common Stock","Financials","Banks - Diversified","103.8","76.56","Sell","Aug 10, 2026","Uptrend","Jun 15, 2026","1296734.63","97.97","1.44","0.01","Moving Down","","",,="6/9","<1","false","Swing"
"HUBS","HubSpot, Inc. Common Stock","Technology","Software - Application","215.17","61.35","Sell","Aug 10, 2026","Neutral","Aug 17, 2026","1950156.23","52.51","2.82","-4","Moving Down","","",,="6/9","<1","false","Swing"
"IMCR","Immunocore Holdings plc American Depositary Shares","Health Care","Biotechnology","35.05","75.75","Buy","Aug 10, 2026","Uptrend","Jun 24, 2026","515003.07","-10.27","14.16","2.46","Moving Up","","",,="8/9","<1","false","Swing"
"INSM","Insmed Incorporated Common Stock","Health Care","Biotechnology","128.32","45.56","Buy","Aug 10, 2026","Uptrend","Aug 06, 2026","2940435.1","224","1.64","3.7","Moving Up","","",,="9/9","<1","false","Swing"
"IRON","Disc Medicine, Inc. Common Stock","Health Care","Biotechnology","80.05","63.44","Sell","Aug 10, 2026","Uptrend","Jun 15, 2026","374297.63","40.82","1.8","1.53","Moving Down","","",,="6/9","<1","false","Swing"
"JD","JD.com, Inc. American Depositary Shares","Discretionary","Internet Retail","28.5","52.44","Sell","Aug 10, 2026","Downtrend","Aug 17, 2026","8856760.97","-102.17","1.05","-1.93","Moving Down","","",,="4/9","<1","false","Swing"
"LASR","nLIGHT, Inc. Common Stock","Technology","Semiconductors","54","11.56","Sell","Aug 10, 2026","Downtrend","Aug 10, 2026","1345183.73","-551.5","0.09","2.66","Moving Down","","",,="6/9","<1","false","Swing"
"LEN","Lennar Corporation Class A Common Stock","Discretionary","Residential Construction","86.54","58.65","Buy","Aug 10, 2026","Neutral","Aug 14, 2026","2301300.27","-149.53","0.09","-0.33","Moving Up","","",,="6/9","<1","false","Swing"
"MELI","MercadoLibre, Inc. Common Stock","Discretionary","Internet Retail","1787.57","62.37","Sell","Aug 10, 2026","Neutral","Aug 17, 2026","420335.93","-153.62","0.18","-3.09","Moving Down","","",,="4/9","<1","false","Swing"
"MEOH","Methanex Corporation Common Stock","Materials","Chemicals","57.29","77.24","Sell","Aug 10, 2026","Uptrend","Aug 14, 2026","926933.83","45.9","2.28","2.08","Moving Up","","",,="8/9","<1","false","Swing"
"MTG","MGIC Investment Corporation Common Stock","Financials","Insurance - Specialty","31.11","81.38","Sell","Aug 10, 2026","Uptrend","Jun 22, 2026","1738935.47","36.52","0.75","-0.16","Moving Down","","",,="6/9","<1","false","Swing"
"MTRN","Materion Corporation","Materials","Other Industrial Metals & Mining","287.79","71.17","Buy","Aug 10, 2026","Uptrend","Aug 06, 2026","356151.37","210.63","1.34","1.64","Moving Up","","",,="9/9","<1","false","Swing"
"MZTI","The Marzetti Company Common Stock","Staples","Packaged Foods","114.76","44.6","Buy","Aug 10, 2026","Uptrend","Aug 07, 2026","284569.57","-119.18","0.65","-1.11","Moving Up","","",,="7/9","<1","false","Swing"
"NFLX","Netflix, Inc. Common Stock","Communication","Entertainment","76.02","52.91","Buy","Aug 10, 2026","Neutral","Aug 17, 2026","41676525.53","36.39","2.41","-2.74","Moving Up","","",,="6/9","<1","false","Swing"
"NGVC","Natural Grocers by Vitamin Cottage, Inc. Common Stock","Staples","Grocery Stores","27.85","33.21","Sell","Aug 10, 2026","Downtrend","Aug 07, 2026","134558","433.5","4.32","-1","Moving Down","","",,="4/9","<1","false","Swing"
"NICE","NICE Ltd American Depositary Shares","Technology","Software - Application","97.9","76.34","Buy","Aug 10, 2026","Neutral","Aug 17, 2026","602429.8","-138.5","0.77","-4.26","Moving Down","","",,="7/9","<1","false","Swing"
"OC","Owens Corning Inc Common Stock New","Industrials","Building Products & Equipment","153.81","82.33","Buy","Aug 10, 2026","Uptrend","Jun 11, 2026","884457.77","72.85","1.39","-0.56","Moving Up","","",,="7/9","<1","false","Swing"
"OFG","OFG Bancorp Common Stock","Financials","Banks - Regional","53.52","75.6","Sell","Aug 10, 2026","Uptrend","Mar 31, 2026","286184.17","53.88","0.87","-0.8","Moving Down","","",,="6/9","<1","false","Swing"
"ORCL","Oracle Corporation Common Stock","Technology","Software - Infrastructure","146.65","34.07","Buy","Aug 10, 2026","Neutral","Aug 17, 2026","34413575","178.67","2.66","-2.57","Moving Up","","",,="8/9","<1","false","Swing"
"ORI","Old Republic International Corporation Common Stock","Financials","Insurance - Property & Casualty","42.51","59.38","Sell","Aug 10, 2026","Uptrend","Jun 23, 2026","1179841.6","-54.39","0.25","-0.79","Moving Down","","",,="6/9","<1","false","Swing"
"PB","Prosperity Bancshares, Inc. Common Stock","Financials","Banks - Regional","74.48","59.65","Sell","Aug 10, 2026","Uptrend","Jul 09, 2026","966335.2","31.5","12.5","-0.76","Moving Down","","",,="5/9","<1","false","Swing"
"PLMR","Palomar Holdings, Inc. Common stock","Financials","Insurance - Property & Casualty","123.92","56.23","Sell","Aug 10, 2026","Downtrend","Aug 12, 2026","288131.73","105","5.25","-3.35","Moving Down","","",,="5/9","<1","false","Swing"
"PLNT","Planet Fitness, Inc. Common Stock","Discretionary","Leisure","50.63","31.4","Sell","Aug 10, 2026","Downtrend","Aug 10, 2026","2035022.1","46.64","12.24","0.54","Moving Down","","",,="4/9","<1","false","Swing"
"PSIX","Power Solutions International, Inc. Common Stock","Industrials","Specialty Industrial Machinery","39.5","51.27","Buy","Aug 10, 2026","Uptrend","Aug 07, 2026","523227.17","54.98","0.61","-2.57","Moving Up","","",,="7/9","<1","false","Swing"
"RCUS","Arcus Biosciences, Inc. Common Stock","Health Care","Biotechnology","29.56","67.4","Buy","Aug 10, 2026","Uptrend","Aug 07, 2026","1095892.47","19.6","42.61","0.27","Moving Up","","",,="9/9","<1","false","Swing"
"RL","Ralph Lauren Corporation Common Stock","Discretionary","Apparel Manufacturing","379.31","41.48","Buy","Aug 10, 2026","Neutral","Aug 17, 2026","602028.47","110.81","1.31","-2.47","Moving Down","","",,="5/9","<1","false","Swing"
"ROAD","Construction Partners, Inc. Class A Common Stock","Industrials","Engineering & Construction","120.46","76.52","Buy","Aug 10, 2026","Uptrend","Aug 07, 2026","1191587.17","-55.48","0.32","-0.9","Moving Up","","",,="7/9","<1","false","Swing"
"ROIV","Roivant Sciences Ltd. Common Shares","Health Care","Biotechnology","36.24","45.31","Buy","Aug 10, 2026","Uptrend","Aug 04, 2026","5164454.77","16.91","0.17","0.11","Moving Down","","",,="8/9","<1","false","Swing"
"RVMD","Revolution Medicines, Inc. Common Stock","Health Care","Biotechnology","212","54.08","Buy","Aug 10, 2026","Uptrend","Apr 13, 2026","1776165.3","254.27","1.21","4.07","Moving Up","","",,="9/9","<1","false","Swing"
"RYAN","Ryan Specialty Holdings, Inc. Class A Common Stock","Financials","Insurance - Specialty","41.68","69.67","Sell","Aug 10, 2026","Uptrend","Jun 23, 2026","1977937.93","-25.21","1.58","-0.33","Moving Down","","",,="6/9","<1","false","Swing"
"SCSC","ScanSource, Inc. Common Stock","Technology","Electronics & Computer Distribution","51.71","76.62","Sell","Aug 10, 2026","Downtrend","Aug 17, 2026","205012.27","-57.75","0.15","-2.78","Moving Down","","",,="6/9","<1","false","Swing"
"SIM","Grupo Simec, S.A.B. de C.V. American Depositary Shares","Materials","Steel","30.5","50.79","Buy","Aug 10, 2026","Uptrend","Aug 07, 2026","28510.5","-471.77","0.1","0","Moving Up","","",,="9/9","<1","false","Swing"
"SITM","SiTime Corporation Common Stock","Technology","Semiconductors","749.44","69.99","Buy","Aug 10, 2026","Uptrend","Aug 07, 2026","483019.73","-1.13","0.31","5.27","Moving Up","","",,="8/9","<1","false","Swing"
"SSD","Simpson Manufacturing Company, Inc. Common Stock","Materials","Lumber & Wood Production","195.89","56.36","Buy","Aug 10, 2026","Uptrend","Aug 05, 2026","271815","-4.86","0.38","1.09","Moving Down","","",,="8/9","<1","false","Swing"
"SSRM","SSR Mining Inc. Common Stock","Materials","Gold","32.78","73.13","Buy","Aug 10, 2026","Uptrend","Aug 07, 2026","2999094.63","-133.2","0.11","1.83","Moving Up","","",,="9/9","<1","false","Swing"
"STBA","S&T Bancorp, Inc. Common Stock","Financials","Banks - Regional","51","73.88","Sell","Aug 10, 2026","Uptrend","Apr 01, 2026","262595.13","112.44","6.12","-0.27","Moving Down","","",,="6/9","<1","false","Swing"
"STK","Columbia Seligman Premium Technology Growth Fund Inc","Financials","Closed-End Fund - Equity","53.24","72.33","Buy","Aug 10, 2026","Uptrend","Aug 07, 2026","64105.73","157.56","1.43","0.24","Moving Up","","",,="7/9","<1","false","Swing"
"SU","Suncor Energy  Inc. Common Stock","Energy","Oil & Gas Integrated","66.66","84.34","Sell","Aug 10, 2026","Uptrend","Aug 10, 2026","3858683.7","62.83","1.42","1.28","Moving Down","","",,="6/9","<1","false","Swing"
"SYM","Symbotic Inc. Class A Common Stock","Industrials","Specialty Industrial Machinery","42.35","32.14","Sell","Aug 10, 2026","Downtrend","Aug 10, 2026","1613614.13","-285.72","0.01","-0.82","Moving Up","","",,="5/9","<1","false","Swing"
"SYRE","Spyre Therapeutics, Inc. Common Stock","Health Care","Biotechnology","104.6","53.36","Buy","Aug 10, 2026","Uptrend","Jan 14, 2026","962801.5","-49.38","3.45","0.94","Moving Down","","",,="8/9","<1","false","Swing"
"TDG","Transdigm Group Incorporated Common Stock","Industrials","Aerospace & Defense","1237.82","45.61","Sell","Aug 10, 2026","Downtrend","Aug 17, 2026","400857.33","-20.07","0.3","-1.52","Moving Up","","",,="5/9","<1","false","Swing"
"TT","Trane Technologies plc","Industrials","Building Products & Equipment","475.32","54.38","Buy","Aug 10, 2026","Uptrend","Aug 07, 2026","1148331.27","208.94","2.11","-1.02","Moving Up","","",,="6/9","<1","false","Swing"
"TWLO","Twilio Inc. Class A Common Stock","Technology","Software - Infrastructure","228.61","81.29","Buy","Aug 10, 2026","Uptrend","Aug 07, 2026","2288368.9","2.28","3.88","-4.03","Moving Up","","",,="9/9","<1","false","Swing"
"TXG","10x Genomics, Inc. Class A Common Stock","Health Care","Health Information Services","57.99","85.81","Buy","Aug 10, 2026","Uptrend","May 20, 2026","3091452.97","1.21","4.16","3.39","Moving Up","","",,="9/9","<1","false","Swing"
"V","Visa Inc.","Financials","Credit Services","358.84","81.61","Sell","Aug 10, 2026","Uptrend","Jun 16, 2026","7073253.93","32.8","1.01","-1.46","Moving Down","","",,="6/9","<1","false","Swing"
"VNO","Vornado Realty Trust Common Stock","Real Estate","REIT - Office","37.9","66.05","Sell","Aug 10, 2026","Downtrend","Aug 17, 2026","1665788.7","-41.53","2.97","-2.82","Moving Down","","",,="5/9","<1","false","Swing"
"VRTX","Vertex Pharmaceuticals Incorporated Common Stock","Health Care","Biotechnology","515.55","71.25","Buy","Aug 10, 2026","Uptrend","Aug 07, 2026","1405270.67","-158.2","0.16","1.94","Moving Up","","",,="9/9","<1","false","Swing"
"WLDN","Willdan Group, Inc. Common Stock","Industrials","Engineering & Construction","83.47","65.13","Buy","Aug 10, 2026","Uptrend","Aug 07, 2026","280042","3.79","0.07","-3.39","Moving Up","","",,="7/9","<1","false","Swing"
"WLK","Westlake Corporation Common Stock","Materials","Specialty Chemicals","78.21","63.46","Buy","Aug 10, 2026","Neutral","Aug 14, 2026","1114315.83","15.6","2.81","-1.68","Moving Up","","",,="8/9","<1","false","Swing"
"WSFS","WSFS Financial Corporation Common Stock","Financials","Banks - Regional","81.81","76.17","Sell","Aug 10, 2026","Uptrend","Mar 30, 2026","428540.47","71.84","2.32","0.18","Moving Down","","",,="6/9","<1","false","Swing"
"WTS","Watts Water Technologies, Inc. Class A Common Stock","Industrials","Specialty Industrial Machinery","385.18","79.73","Buy","Aug 10, 2026","Uptrend","Aug 04, 2026","204659.4","189.15","1.61","0.2","Moving Up","","",,="7/9","<1","false","Swing"
"XYZ","Block, Inc. Class A Common Stock,","Technology","Software - Infrastructure","80.2","66.99","Sell","Aug 10, 2026","Uptrend","Jun 16, 2026","4939225.83","101.18","11.19","-3.23","Moving Down","","",,="7/9","<1","false","Swing"
"YOU","Clear Secure, Inc. Class A Common Stock","Technology","Software - Application","43.84","7.88","Sell","Aug 10, 2026","Downtrend","Aug 07, 2026","1444006.2","-99.39","0.19","-3.54","Moving Down","","",,="6/9","<1","false","Swing"
"ZLAB","Zai Lab Limited American Depositary Shares","Health Care","Biotechnology","25.64","96.96","Buy","Aug 10, 2026","Uptrend","Aug 07, 2026","993644","-27.79","4.28","-1","Moving Up","","",,="9/9","<1","false","Swing"
"ZTS","Zoetis Inc. Class A Common Stock","Health Care","Drug Manufacturers - Specialty & Generic","72.97","48.74","Sell","Aug 10, 2026","Downtrend","Aug 07, 2026","6511632.17","-59.16","2.21","-1.11","Moving Down","","",,="6/9","<1","false","Swing"
"ABG","Asbury Automotive Group Inc Common Stock","Discretionary","Auto & Truck Dealerships","208.54","62.65","Sell","Aug 07, 2026","Downtrend","Aug 11, 2026","248522.43","12.45","0.36","-1.01","Moving Down","","",,="4/9","<1","false","Swing"
"ACAD","ACADIA Pharmaceuticals Inc. Common Stock","Health Care","Biotechnology","29.01","73.35","Buy","Aug 07, 2026","Uptrend","Jun 22, 2026","1645660.57","83.95","12.47","2.73","Moving Up","","",,="9/9","<1","false","Swing"
"AEIS","Advanced Energy Industries, Inc. Common Stock","Industrials","Electrical Equipment & Parts","348.63","68.87","Buy","Aug 07, 2026","Uptrend","Aug 11, 2026","677261.63","21.74","0.16","5.56","Moving Up","","",,="7/9","<1","false","Swing"
"AMAL","Amalgamated Financial Corp. Common Stock (DE)","Financials","Banks - Regional","50.82","71.48","Sell","Aug 07, 2026","Uptrend","May 26, 2026","153123.63","145.08","2.26","-0.47","Moving Down","","",,="6/9","<1","false","Swing"
"APG","APi Group Corporation Common Stock","Industrials","Engineering & Construction","44.72","54.86","Buy","Aug 07, 2026","Uptrend","Aug 06, 2026","2696582.7","226.03","2.02","1.75","Moving Up","","",,="7/9","<1","false","Swing"
"APOG","Apogee Enterprises, Inc. Common Stock","Industrials","Building Products & Equipment","42.18","66.6","Buy","Aug 07, 2026","Uptrend","Aug 03, 2026","180776.77","-0.64","0.37","-0.94","Moving Down","","",,="6/9","<1","false","Swing"
"ARE","Alexandria Real Estate Equities, Inc. Common Stock","Real Estate","REIT - Office","46.94","50.92","Sell","Aug 07, 2026","Downtrend","Aug 06, 2026","1695202.73","74.62","6.49","-2.49","Moving Down","","",,="5/9","<1","false","Swing"
"ASA","ASA  Gold and Precious Metals Limited","Financials","Closed-End Fund - Equity","59.63","32.02","Buy","Aug 07, 2026","Uptrend","Aug 06, 2026","54257.17","-22.91","0.41","1.76","Moving Up","","",,="7/9","<1","false","Swing"
"ATNI","ATN International, Inc. Common Stock","Communication","Telecom Services","31.57","72.23","Buy","Aug 07, 2026","Uptrend","Aug 06, 2026","80423.23","-61.03","1.74","-0.44","Moving Up","","",,="6/9","<1","false","Swing"
"AXTI","AXT Inc Common Stock","Technology","Semiconductor Equipment & Materials","95.97","80.25","Buy","Aug 07, 2026","Uptrend","Aug 06, 2026","11007754.93","1785.15","3.09","17.55","Moving Up","","",,="9/9","<1","false","Swing"
"AYI","Acuity Inc. Common Stock","Industrials","Electrical Equipment & Parts","360.4","61.65","Buy","Aug 07, 2026","Uptrend","Jun 12, 2026","291846.27","17.25","0.29","0.55","Moving Up","","",,="6/9","<1","false","Swing"
"BELFB","Bel Fuse Inc. Class B Common Stock","Technology","Electronic Components","297.91","40.03","Buy","Aug 07, 2026","Uptrend","Aug 05, 2026","259679.97","86.85","0.29","2.7","Moving Up","","",,="9/9","<1","false","Swing"
"BIP","Brookfield Infrastructure Partners LP Limited Partnership Units","Utilities","Utilities - Diversified","38.91","75.12","Sell","Aug 07, 2026","Downtrend","Aug 17, 2026","991367.33","54.64","3.47","-2.09","Moving Down","","",,="5/9","<1","false","Swing"
"BOOT","Boot Barn Holdings, Inc. Common Stock","Discretionary","Apparel Retail","164.13","61.6","Buy","Aug 07, 2026","Uptrend","Aug 06, 2026","690666.77","187.27","1.86","0.5","Moving Up","","",,="7/9","<1","false","Swing"
"BTO","John Hancock Financial Opportunities Fund Common Stock","Financials","Closed-End Fund - Equity","41.02","73.01","Sell","Aug 07, 2026","Uptrend","Jun 05, 2026","44301.03","3.26","0.1","-0.77","Moving Down","","",,="6/9","<1","false","Swing"
"CASY","Casey's General Stores, Inc. Common Stock","Discretionary","Specialty Retail","870.01","58.36","Sell","Aug 07, 2026","Uptrend","Aug 13, 2026","327775.23","16.35","0.08","2.78","Moving Up","","",,="6/9","<1","false","Swing"
"CBSH","Commerce Bancshares, Inc. Common Stock","Financials","Banks - Regional","59.71","80.26","Sell","Aug 07, 2026","Uptrend","Jun 04, 2026","1097075.43","39.3","3.23","-0.93","Moving Down","","",,="6/9","<1","false","Swing"
"CCD","Calamos Dynamic Convertible & Income Fund Common Stock","Financials","Closed-End Fund - Equity","26.06","84.94","Buy","Aug 07, 2026","Uptrend","Aug 06, 2026","68162.53","-7.45","0.24","-0.5","Moving Up","","",,="8/9","<1","false","Swing"
"CFR","Cullen/Frost Bankers, Inc. Common Stock","Financials","Banks - Regional","168.07","84.25","Sell","Aug 07, 2026","Uptrend","Jun 09, 2026","596548","37.61","1.28","-1.18","Moving Down","","",,="6/9","<1","false","Swing"
"CIVB","Civista Bancshares, Inc. Common Stock","Financials","Banks - Regional","28.36","66.53","Sell","Aug 07, 2026","Uptrend","Apr 06, 2026","123610.2","58.52","4.1","-0.53","Moving Down","","",,="6/9","<1","false","Swing"
"CMG","Chipotle Mexican Grill, Inc. Common Stock","Discretionary","Restaurants","33.76","43.11","Sell","Aug 07, 2026","Neutral","Aug 17, 2026","18449069.23","79.29","2.42","0.78","Moving Down","","",,="4/9","<1","false","Swing"
"CNA","CNA Financial Corporation Common Stock","Financials","Insurance - Property & Casualty","50","86.7","Sell","Aug 07, 2026","Downtrend","Aug 17, 2026","469211.77","-47.78","0.13","-1.96","Moving Down","","",,="5/9","<1","false","Swing"
"CNR","Core Natural Resources, Inc. Common Stock","Energy","Thermal Coal","95.87","86.52","Buy","Aug 07, 2026","Uptrend","Aug 06, 2026","529870.07","-23.94","0.18","-0.07","Moving Up","","",,="8/9","<1","false","Swing"
"COLL","Collegium Pharmaceutical, Inc. Common Stock","Health Care","Drug Manufacturers - Specialty & Generic","28.07","7.41","Sell","Aug 07, 2026","Downtrend","Aug 06, 2026","571382.2","-41.95","0.08","-0.57","Moving Down","","",,="6/9","<1","false","Swing"
"CPK","Chesapeake Utilities Corporation Common Stock","Utilities","Utilities - Regulated Gas","134.55","70.94","Sell","Aug 07, 2026","Uptrend","Jul 07, 2026","210321.73","25.95","1.32","-0.41","Moving Up","","",,="7/9","<1","false","Swing"
"CRL","Charles River Laboratories International, Inc. Common Stock","Health Care","Diagnostics & Research","286.64","91.68","Buy","Aug 07, 2026","Uptrend","May 29, 2026","902068.6","7.66","0.26","2.35","Moving Up","","",,="9/9","<1","false","Swing"
"CUBE","CubeSmart Common Shares","Real Estate","REIT - Industrial","41.14","73.03","Sell","Aug 07, 2026","Uptrend","Aug 12, 2026","2139482.93","-54.98","0.14","-0.82","Moving Down","","",,="6/9","<1","false","Swing"
"DINO","HF Sinclair Corporation Common Stock","Energy","Oil & Gas Refining & Marketing","94.99","78.87","Sell","Aug 07, 2026","Uptrend","Jul 01, 2026","2935075.77","132.33","3.85","1.41","Moving Up","","",,="8/9","<1","false","Swing"
"DKL","Delek Logistics Partners, L.P. Common Units representing Limited Partner Interests","Energy","Oil & Gas Refining & Marketing","53.77","72.58","Sell","Aug 07, 2026","Downtrend","Aug 17, 2026","152429.43","239.18","4.38","-0.44","Moving Down","","",,="6/9","<1","false","Swing"
"EHC","Encompass Health Corporation Common Stock","Health Care","Medical Care Facilities","121.99","85.49","Buy","Aug 07, 2026","Uptrend","Jul 02, 2026","935406.23","-50.87","0.27","-1.29","Moving Down","","",,="8/9","<1","false","Swing"
"EQH","Equitable Holdings, Inc. Common Stock","Financials","Asset Management","51.13","96.85","Buy","Aug 07, 2026","Uptrend","Jun 11, 2026","2854148.97","-38.1","0.21","-3.69","Moving Down","","",,="7/9","<1","false","Swing"
"EW","Edwards Lifesciences Corporation Common Stock","Health Care","Medical Devices","90.81","55.36","Buy","Aug 07, 2026","Uptrend","Aug 06, 2026","4499122.1","-10.08","0.22","-0.86","Moving Up","","",,="9/9","<1","false","Swing"
"FEIM","Frequency Electronics, Inc. Common Stock","Technology","Communication Equipment","78.84","61.98","Buy","Aug 07, 2026","Uptrend","Aug 05, 2026","379071.83","137.5","0.46","0.14","Moving Up","","",,="9/9","<1","false","Swing"
"FHN","First Horizon Corporation Common Stock","Financials","Banks - Regional","26.02","59.41","Sell","Aug 07, 2026","Uptrend","Aug 11, 2026","5889225.77","18.75","0.67","-0.76","Moving Up","","",,="7/9","<1","false","Swing"
"FOUR","Shift4 Payments, Inc. Class A Common Stock","Technology","Software - Infrastructure","44.35","57.23","Sell","Aug 07, 2026","Downtrend","Aug 14, 2026","1452515.7","-33.75","3.55","-2.25","Moving Up","","",,="7/9","<1","false","Swing"
"FUL","H. B. Fuller Company Common Stock","Materials","Specialty Chemicals","63.58","53.76","Buy","Aug 07, 2026","Uptrend","Aug 06, 2026","655280.2","-58.28","0.11","1.32","Moving Up","","",,="8/9","<1","false","Swing"
"GBX","Greenbrier Companies, Inc. (The) Common Stock","Industrials","Railroads","45.78","49.59","Sell","Aug 07, 2026","Downtrend","Aug 07, 2026","443503.73","46.59","1.99","0.75","Moving Down","","",,="4/9","<1","false","Swing"
"GNK","Genco Shipping & Trading Limited Ordinary Shares New (Marshall Islands)","Industrials","Marine Shipping","26.22","47.91","Sell","Aug 07, 2026","Uptrend","Aug 12, 2026","323682.87","116.15","2.27","-0.46","Moving Up","","",,="5/9","<1","false","Swing"
"HCC","Warrior Met Coal, Inc. Common Stock","Materials","Coking Coal","98.63","74.15","Buy","Aug 07, 2026","Uptrend","Aug 06, 2026","653772.77","-41.45","0.3","0.44","Moving Up","","",,="9/9","<1","false","Swing"
"HOMB","Home BancShares, Inc. Common Stock","Financials","Banks - Regional","31.11","76.31","Sell","Aug 07, 2026","Uptrend","Jun 04, 2026","1752586.27","63.79","2.79","-0.89","Moving Down","","",,="5/9","<1","false","Swing"
"HP","Helmerich & Payne, Inc. Common Stock","Energy","Oil & Gas Drilling","44.72","66.91","Buy","Aug 07, 2026","Uptrend","Aug 06, 2026","1226746.03","-13.54","0.19","1.18","Moving Up","","",,="8/9","<1","false","Swing"
"HYMC","Hycroft Mining Holding Corporation Class A Common Stock","Materials","Gold","26.32","53.52","Buy","Aug 07, 2026","Uptrend","Aug 07, 2026","1560000.17","-54.59","6.12","-2.77","Moving Up","","",,="9/9","<1","false","Swing"
"IBP","Installed Building Products, Inc. Common Stock","Discretionary","Residential Construction","243.54","54.61","Buy","Aug 07, 2026","Uptrend","Aug 03, 2026","374754.57","59.02","0.71","1.38","Moving Up","","",,="7/9","<1","false","Swing"
"IDT","IDT Corporation Class B Common Stock","Communication","Telecom Services","66.46","71.76","Sell","Aug 07, 2026","Uptrend","Jun 23, 2026","182185.47","82.42","0.26","-0.14","Moving Down","","",,="4/9","<1","false","Swing"
"JBL","Jabil Inc. Common Stock","Technology","Electronic Components","369.89","76.01","Buy","Aug 07, 2026","Uptrend","Aug 06, 2026","1077290.9","427.03","1.4","1.87","Moving Up","","",,="8/9","<1","false","Swing"
"JHX","James Hardie Industries plc. Ordinary Shares","Materials","Building Materials","30.43","81","Buy","Aug 07, 2026","Uptrend","May 27, 2026","7215847","-89.76","0.14","-1.97","Moving Up","","",,="9/9","<1","false","Swing"
"JOYY","JOYY Inc. American Depositary Shares","Communication","Internet Content & Information","73.62","52.09","Sell","Aug 07, 2026","Uptrend","May 27, 2026","247355.87","119.83","6.76","0.82","Moving Down","","",,="5/9","<1","false","Swing"
"KALU","Kaiser Aluminum Corporation Common Stock","Materials","Aluminum","185.5","84.58","Buy","Aug 07, 2026","Uptrend","Aug 06, 2026","257374","27.29","0.79","2.07","Moving Up","","",,="9/9","<1","false","Swing"
"KGC","Kinross Gold Corporation Common Stock","Materials","Gold","27.72","32.93","Buy","Aug 07, 2026","Uptrend","Aug 06, 2026","7604292.87","302.22","1.43","1.5","Moving Up","","",,="8/9","<1","false","Swing"
"KMT","Kennametal Inc. Common Stock","Industrials","Tools & Accessories","31.81","49.21","Sell","Aug 07, 2026","Downtrend","Aug 06, 2026","1324034.97","-16.91","0.04","1.89","Moving Down","","",,="4/9","<1","false","Swing"
"L","Loews Corporation Common Stock","Financials","Insurance - Property & Casualty","112.38","67.87","Sell","Aug 07, 2026","Downtrend","Aug 11, 2026","734661.2","-64.64","0.29","-0.58","Moving Down","","",,="5/9","<1","false","Swing"
"LITE","Lumentum Holdings Inc. Common Stock","Technology","Communication Equipment","968.9","72.27","Buy","Aug 07, 2026","Uptrend","Aug 06, 2026","4777625.5","1272.35","3.21","4.62","Moving Up","","",,="9/9","<1","false","Swing"
"LQDT","Liquidity Services, Inc. Common Stock","Discretionary","Internet Retail","42.71","68.2","Buy","Aug 07, 2026","Uptrend","Aug 06, 2026","217836.67","-65.6","0.3","-1.75","Moving Up","","",,="7/9","<1","false","Swing"
"LVS","Las Vegas Sands Corp. Common Stock","Discretionary","Resorts & Casinos","45.43","51.85","Sell","Aug 07, 2026","Downtrend","Aug 06, 2026","4894662.13","-1.21","97.94","-1.73","Moving Down","","",,="4/9","<1","false","Swing"
"LXP","LXP Industrial Trust Common Stock (Maryland REIT)","Real Estate","REIT - Industrial","60.66","81.58","Sell","Aug 07, 2026","Uptrend","Jun 05, 2026","828347.17","21.2","0.94","0.15","Moving Down","","",,="6/9","<1","false","Swing"
"MFC","Manulife Financial Corporation Common Stock","Financials","Insurance - Life","44.23","80","Sell","Aug 07, 2026","Uptrend","Jun 08, 2026","1569723","137","2.94","-0.52","Moving Down","","",,="6/9","<1","false","Swing"
"MGRC","McGrath RentCorp Common Stock","Industrials","Rental & Leasing Services","121.04","69.51","Buy","Aug 07, 2026","Uptrend","Aug 03, 2026","154478.87","-66.07","0.19","-1.01","Moving Up","","",,="6/9","<1","false","Swing"
"MLR","Miller Industries, Inc. Common Stock","Discretionary","Auto Parts","56.62","80.84","Buy","Aug 07, 2026","Uptrend","Jul 16, 2026","81465.3","69.19","2.64","-0.42","Moving Up","","",,="7/9","<1","false","Swing"
"MMI","Marcus & Millichap, Inc. Common Stock","Real Estate","Real Estate Services","31.03","68.66","Buy","Aug 07, 2026","Uptrend","Jul 27, 2026","129122.3","31.99","6.59","-1.74","Moving Up","","",,="8/9","<1","false","Swing"
"MRCY","Mercury Systems Inc Common Stock","Industrials","Aerospace & Defense","113.36","74.38","Buy","Aug 07, 2026","Uptrend","Aug 06, 2026","587654.33","71.51","3.76","2.02","Moving Up","","",,="7/9","<1","false","Swing"
"MTCH","Match Group, Inc. Common Stock","Communication","Internet Content & Information","37.22","49.73","Sell","Aug 07, 2026","Downtrend","Aug 17, 2026","2996633.53","-50.82","6.82","-1.92","Moving Down","","",,="4/9","<1","false","Swing"
"MUR","Murphy Oil Corporation Common Stock","Energy","Oil & Gas E&P","34.82","47.59","Sell","Aug 07, 2026","Downtrend","Aug 07, 2026","1674323.67","2.41","0.15","0.72","Moving Down","","",,="6/9","<1","false","Swing"
"NOVT","Novanta Inc. Common Stock","Technology","Scientific & Technical Instruments","168.75","90.28","Buy","Aug 07, 2026","Uptrend","Aug 06, 2026","455306.73","-54.57","0.15","1.3","Moving Up","","",,="8/9","<1","false","Swing"
"NVT","nVent Electric plc Ordinary Shares ","Industrials","Electrical Equipment & Parts","177.21","68.97","Buy","Aug 07, 2026","Uptrend","Aug 06, 2026","2047983.6","98.35","0.68","3.4","Moving Up","","",,="6/9","<1","false","Swing"
"OBK","Origin Bancorp, Inc. Common Stock","Financials","Banks - Regional","53.66","58.79","Sell","Aug 07, 2026","Uptrend","Apr 06, 2026","170960.93","61.58","3.82","-1.72","Moving Down","","",,="6/9","<1","false","Swing"
"OPY","Oppenheimer Holdings, Inc. Class A Common Stock (DE)","Financials","Capital Markets","118.26","65.76","Buy","Aug 07, 2026","Uptrend","Aug 03, 2026","124070.47","285.33","1.82","1.65","Moving Up","","",,="7/9","<1","false","Swing"
"OTTR","Otter Tail Corporation Common Stock","Industrials","Conglomerates","92.63","67.73","Buy","Aug 07, 2026","Uptrend","Aug 03, 2026","243709.7","-81.14","0.23","-0.26","Moving Up","","",,="7/9","<1","false","Swing"
"PAM","Pampa Energia S.A.","Industrials","Conglomerates","79.86","34.1","Sell","Aug 07, 2026","Downtrend","Aug 07, 2026","152990.23","-182.41","0.25","1.18","Moving Down","","",,="4/9","<1","false","Swing"
"PCVX","Vaxcyte, Inc. Common Stock","Health Care","Biotechnology","60.22","61.36","Buy","Aug 07, 2026","Uptrend","Aug 06, 2026","983370.5","222.02","5.42","3.7","Moving Down","","",,="7/9","<1","false","Swing"
"PGNY","Progyny, Inc. Common Stock","Health Care","Healthcare Plans","25.33","41.15","Sell","Aug 07, 2026","Downtrend","Aug 07, 2026","1153925.23","-50.93","3.17","-3.61","Moving Down","","",,="6/9","<1","false","Swing"
"PKX","POSCO HOLDINGS INC. American Depositary Shares (Each representing 1/4th of a share of Common Stock)","Materials","Steel","59.07","65.94","Buy","Aug 07, 2026","Uptrend","Aug 14, 2026","333188.37","81.17","15.41","0.8","Moving Up","","",,="9/9","<1","false","Swing"
"PLXS","Plexus Corp. Common Stock","Technology","Electronic Components","274.2","70.29","Buy","Aug 07, 2026","Uptrend","Aug 14, 2026","307187.17","151.66","1.64","2.54","Moving Up","","",,="9/9","<1","false","Swing"
"PM","Philip Morris International Inc Common Stock","Staples","Tobacco","184.52","63.37","Sell","Aug 07, 2026","Downtrend","Aug 17, 2026","4795606","38.5","0.83","-3.08","Moving Down","","",,="4/9","<1","false","Swing"
"PRAX","Praxis Precision Medicines, Inc. Common Stock","Health Care","Biotechnology","376.38","48.83","Buy","Aug 07, 2026","Uptrend","Aug 06, 2026","386142.7","78.18","0.24","2.61","Moving Down","","",,="8/9","<1","false","Swing"
"PRKS","United Parks & Resorts Inc. Common Stock","Discretionary","Leisure","44.45","70.47","Sell","Aug 07, 2026","Neutral","Aug 12, 2026","640653.87","2.41","0.21","-1.07","Moving Up","","",,="5/9","<1","false","Swing"
"PTGX","Protagonist Therapeutics, Inc. Common Stock","Health Care","Biotechnology","158.62","75.12","Buy","Aug 07, 2026","Uptrend","Jun 10, 2026","606972.03","1150.79","1.54","2.27","Moving Up","","",,="9/9","<1","false","Swing"
"PUK","Prudential Public Limited Company Common Stock","Financials","Insurance - Life","28.19","64.95","Sell","Aug 07, 2026","Downtrend","Aug 11, 2026","994966.27","-22.42","2.63","1.11","Moving Down","","",,="5/9","<1","false","Swing"
"RBB","RBB Bancorp Common Stock","Financials","Banks - Regional","27.32","74.15","Buy","Aug 07, 2026","Uptrend","Aug 04, 2026","175979.73","77.55","12.89","-0.98","Moving Up","","",,="8/9","<1","false","Swing"
"RCI","Rogers Communication, Inc. Common Stock","Communication","Telecom Services","36.09","64.54","Buy","Aug 07, 2026","Uptrend","Aug 11, 2026","1260129.43","31.52","7.31","-0.96","Moving Up","","",,="7/9","<1","false","Swing"
"RDN","Radian Group Inc. Common Stock","Financials","Insurance - Specialty","37.05","63.26","Sell","Aug 07, 2026","Downtrend","Aug 10, 2026","1231525.53","-37.11","0.25","-0.56","Moving Down","","",,="5/9","<1","false","Swing"
"RHP","Ryman Hospitality Properties, Inc. (REIT)","Real Estate","REIT - Hotel & Motel","124.11","70.46","Sell","Aug 07, 2026","Downtrend","Aug 17, 2026","788394.17","-59.09","0.18","-1.12","Moving Down","","",,="5/9","<1","false","Swing"
"RVTY","Revvity, Inc. Common Stock","Health Care","Diagnostics & Research","116.17","83.1","Buy","Aug 07, 2026","Uptrend","May 06, 2026","1394968.67","-73.75","0.06","-0.57","Moving Up","","",,="8/9","<1","false","Swing"
"SLAB","Silicon Laboratories, Inc. Common Stock","Technology","Semiconductors","219.29","43.13","Buy","Aug 07, 2026","Uptrend","Aug 06, 2026","254943.13","-38.9","0.22","0.4","Moving Up","","",,="8/9","<1","false","Swing"
"SNN","Smith & Nephew SNATS, Inc. Common Stock","Health Care","Medical Devices","29.68","63.31","Sell","Aug 07, 2026","Downtrend","Aug 07, 2026","1608438.73","-74.58","1.46","-0.44","Moving Down","","",,="6/9","<1","false","Swing"
"STRT","STRATTEC SECURITY CORPORATION Common Stock","Discretionary","Auto Parts","81.74","52.21","Sell","Aug 07, 2026","Downtrend","Aug 17, 2026","84595.87","-389.58","0.13","-1.92","Moving Down","","",,="4/9","<1","false","Swing"
"SUI","Sun Communities, Inc. Common Stock","Real Estate","REIT - Residential","121.36","52.92","Sell","Aug 07, 2026","Downtrend","Aug 17, 2026","1651696.13","-35.17","1.21","-1.57","Moving Up","","",,="5/9","<1","false","Swing"
"SXI","Standex International Corporation Common Stock","Industrials","Specialty Industrial Machinery","326.97","68.83","Buy","Aug 07, 2026","Uptrend","Aug 05, 2026","146399.77","206.29","1.5","-1.27","Moving Up","","",,="7/9","<1","false","Swing"
"TARS","Tarsus Pharmaceuticals, Inc. Common Stock","Health Care","Biotechnology","70.615","61.72","Buy","Aug 07, 2026","Uptrend","Aug 06, 2026","1025624.77","269.45","2.33","2.04","Moving Up","","",,="8/9","<1","false","Swing"
"TENB","Tenable Holdings, Inc. Common Stock","Technology","Software - Infrastructure","35.29","78.97","Buy","Aug 07, 2026","Uptrend","Aug 06, 2026","3443037.13","-128.27","0.81","-7.93","Moving Down","","",,="8/9","<1","false","Swing"
"TFC","Truist Financial Corporation Common Stock","Financials","Banks - Regional","52.53","52.91","Buy","Aug 07, 2026","Uptrend","Jun 23, 2026","7207407","-16.07","0.41","-1.07","Moving Up","","",,="8/9","<1","false","Swing"
"TNET","TriNet Group, Inc. Common Stock","Industrials","Staffing & Employment Services","67.14","86.89","Sell","Aug 07, 2026","Uptrend","Jun 23, 2026","391330.47","93.54","3.2","-2.34","Moving Down","","",,="5/9","<1","false","Swing"
"TPB","Turning Point Brands, Inc. Common Stock","Staples","Tobacco","85.3","52.05","Buy","Aug 07, 2026","Uptrend","Aug 06, 2026","336964.1","80.2","1.21","-2.34","Moving Up","","",,="7/9","<1","false","Swing"
"TRST","TrustCo Bank Corp NY Common Stock","Financials","Banks - Regional","56.8","72.17","Sell","Aug 07, 2026","Uptrend","Apr 02, 2026","114864.7","67.02","2.54","-0.96","Moving Down","","",,="5/9","<1","false","Swing"
"TRUP","Trupanion, Inc. Common Stock","Financials","Insurance - Property & Casualty","29.99","64.4","Buy","Aug 07, 2026","Uptrend","Aug 06, 2026","481220.77","-44.44","1.35","-1.99","Moving Up","","",,="8/9","<1","false","Swing"
"TRV","The Travelers Companies, Inc. Common Stock","Financials","Insurance - Property & Casualty","364.51","88.8","Sell","Aug 07, 2026","Uptrend","Jun 11, 2026","1915285.13","78.06","1.03","-1.58","Moving Down","","",,="6/9","<1","false","Swing"
"TS","Tenaris S.A. American Depositary Shares","Energy","Oil & Gas Equipment & Services","53.44","44.49","Sell","Aug 07, 2026","Downtrend","Aug 06, 2026","1328775.93","62.36","1.04","-0.26","Moving Down","","",,="6/9","<1","false","Swing"
"TSN","Tyson Foods, Inc. Common Stock","Staples","Farm Products","58.61","61.74","Sell","Aug 07, 2026","Downtrend","Aug 10, 2026","2995256.37","-49.9","2.18","0.76","Moving Down","","",,="4/9","<1","false","Swing"
"TY","Tri Continental Corporation Common Stock","Financials","Closed-End Fund - Equity","36","56.29","Buy","Aug 07, 2026","Uptrend","Aug 04, 2026","31089.17","81.54","1.77","0.17","Moving Up","","",,="8/9","<1","false","Swing"
"URGN","UroGen Pharma Ltd. Ordinary Shares","Health Care","Biotechnology","49.14","65","Buy","Aug 07, 2026","Uptrend","Apr 09, 2026","860576.37","243.39","1.15","1.91","Moving Up","","",,="9/9","<1","false","Swing"
"VAC","Marriott Vacations Worldwide Corporation Common Stock","Discretionary","Resorts & Casinos","119.47","90.67","Buy","Aug 07, 2026","Uptrend","Feb 25, 2026","464687.9","-11.07","1.95","-1.26","Moving Up","","",,="7/9","<1","false","Swing"
"VCTR","Victory Capital Holdings, Inc. Class A Common Stock","Financials","Asset Management","118.81","97.24","Buy","Aug 07, 2026","Uptrend","Jul 06, 2026","537908.57","45.79","0.59","0.49","Moving Up","","",,="8/9","<1","false","Swing"
"VEEV","Veeva Systems Inc. Class A Common Stock","Health Care","Health Information Services","238.34","98.98","Buy","Aug 07, 2026","Uptrend","Jun 29, 2026","1648176.37","-139.05","0.1","-2.22","Moving Up","","",,="9/9","<1","false","Swing"
"WD","Walker & Dunlop, Inc Common Stock","Financials","Mortgage Finance","40.7","43.19","Sell","Aug 07, 2026","Downtrend","Aug 06, 2026","360571.5","132.64","15.82","-4.37","Moving Down","","",,="5/9","<1","false","Swing"
"ACA","Arcosa, Inc. Common Stock ","Industrials","Engineering & Construction","145.01","60.17","Sell","Aug 06, 2026","Uptrend","May 20, 2026","698281.73","95.07","1.5","-0.27","Moving Down","","",,="5/9","<1","false","Swing"
"ADEA","Adeia Inc. Common Stock","Technology","Software - Application","29.67","48.55","Buy","Aug 06, 2026","Uptrend","Aug 13, 2026","1178633.1","160.17","0.83","-0.54","Moving Up","","",,="9/9","<1","false","Swing"
"AEM","Agnico Eagle Mines Limited Common Stock","Materials","Gold","188.78","58.32","Buy","Aug 06, 2026","Uptrend","Aug 05, 2026","2601571.83","148.01","1.72","1.24","Moving Up","","",,="8/9","<1","false","Swing"
"AFL","AFLAC Incorporated Common Stock","Financials","Insurance - Life","120.98","60.28","Sell","Aug 06, 2026","Downtrend","Aug 12, 2026","1895660.43","27.34","0.5","-0.39","Moving Down","","",,="5/9","<1","false","Swing"
"AKO/B","Embotelladora Andina S.A. Common Stock","Staples","Beverages - Non-Alcoholic","30.93","53.57","Buy","Aug 06, 2026","Uptrend","Jul 30, 2026","4216.6","96","1.2","0.68","Moving Up","","",,="6/9","<1","false","Swing"
"ALNT","Allient Inc. Common Stock","Technology","Electronic Components","113.02","82.97","Buy","Aug 06, 2026","Uptrend","Aug 04, 2026","276107.9","251.43","2.97","1.45","Moving Up","","",,="9/9","<1","false","Swing"
"ATI","ATI Inc. Common Stock","Industrials","Metal Fabrication","231.78","84.41","Buy","Aug 06, 2026","Uptrend","Aug 04, 2026","1490933.1","452.06","1.28","1.44","Moving Up","","",,="7/9","<1","false","Swing"
"ATRO","Astronics Corporation Common Stock","Industrials","Aerospace & Defense","93.05","67.42","Buy","Aug 06, 2026","Uptrend","Aug 05, 2026","612248.73","365.05","3.13","-0.43","Moving Up","","",,="7/9","<1","false","Swing"
"AU","AngloGold Ashanti PLC Ordinary Shares","Materials","Gold","99.6","49.74","Buy","Aug 06, 2026","Uptrend","Aug 05, 2026","2449803.1","-232.54","0.21","3.43","Moving Up","","",,="9/9","<1","false","Swing"
"AVNT","Avient Corporation Common Stock","Materials","Specialty Chemicals","45.39","91.5","Buy","Aug 06, 2026","Uptrend","Aug 03, 2026","859147.83","1.99","0.19","-2.05","Moving Up","","",,="9/9","<1","false","Swing"
"AXON","Axon Enterprise, Inc. Common Stock","Industrials","Aerospace & Defense","604.32","60.25","Buy","Aug 06, 2026","Uptrend","Jul 28, 2026","916371.6","-262.84","0.26","-1.39","Moving Up","","",,="7/9","<1","false","Swing"
"BALL","Ball Corporation Common Stock","Discretionary","Packaging & Containers","61.18","51.19","Sell","Aug 06, 2026","Downtrend","Aug 17, 2026","1829211.7","-56.41","0.18","-1.04","Moving Down","","",,="4/9","<1","false","Swing"
"BBY","Best Buy Co., Inc. Common Stock","Discretionary","Specialty Retail","85.44","72.59","Sell","Aug 06, 2026","Uptrend","Aug 13, 2026","3255627.13","-15.71","0.02","-1.13","Moving Up","","",,="6/9","<1","false","Swing"
"BJ","BJ's Wholesale Club Holdings, Inc. Common Stock","Staples","Discount Stores","94.43","50.95","Sell","Aug 06, 2026","Uptrend","Aug 13, 2026","1503167.17","-76.05","0.12","1.09","Moving Down","","",,="5/9","<1","false","Swing"
"BN","Brookfield Corporation Class A Limited Voting Shares","Financials","Asset Management","42.75","41.6","Buy","Aug 06, 2026","Neutral","Aug 17, 2026","3977125.97","-21.72","0.33","-2.51","Moving Up","","",,="7/9","<1","false","Swing"
"BST","BlackRock Science and Technology Trust Common Shares of Beneficial Interest","Financials","Closed-End Fund - Equity","50.08","86.99","Buy","Aug 06, 2026","Uptrend","Aug 05, 2026","86988.87","31.93","0.69","0.52","Moving Up","","",,="7/9","<1","false","Swing"
"BSTZ","BlackRock Science and Technology Term Trust Common Shares of Beneficial Interest","Financials","Closed-End Fund - Equity","31.71","81.05","Buy","Aug 06, 2026","Uptrend","Aug 05, 2026","191801.97","-7.16","0.22","0.73","Moving Up","","",,="8/9","<1","false","Swing"
"CAH","Cardinal Health, Inc. Common Stock","Health Care","Medical Distribution","235.66","70.28","Buy","Aug 06, 2026","Uptrend","Jul 28, 2026","2182965.5","332.36","2.18","0.21","Moving Down","","",,="8/9","<1","false","Swing"
"CSGP","CoStar Group, Inc. Common Stock","Real Estate","Real Estate Services","31.35","65.24","Buy","Aug 06, 2026","Uptrend","Aug 13, 2026","7261236.97","-171.45","0.94","-3.18","Moving Up","","",,="8/9","<1","false","Swing"
"CVI","CVR Energy Inc. Common Stock","Energy","Oil & Gas Refining & Marketing","36.42","70.45","Sell","Aug 06, 2026","Uptrend","Aug 11, 2026","942188.93","61.93","2.34","3.29","Moving Up","","",,="7/9","<1","false","Swing"
"CVNA","Carvana Co. Class A Common Stock","Discretionary","Auto & Truck Dealerships","70.09","55.04","Buy","Aug 06, 2026","Uptrend","Aug 05, 2026","9683595.6","285.83","5.15","-7.28","Moving Up","","",,="7/9","<1","false","Swing"
"DIS","Walt Disney Company (The) Common Stock","Communication","Entertainment","103.5","59.3","Buy","Aug 06, 2026","Uptrend","Aug 05, 2026","10558883.4","27.74","6.65","-3.14","Moving Up","","",,="7/9","<1","false","Swing"
"DYN","Dyne Therapeutics, Inc. Common Stock","Health Care","Biotechnology","26.15","61.22","Sell","Aug 06, 2026","Uptrend","Jun 15, 2026","2416201.27","217.45","4.65","1.75","Moving Down","","",,="7/9","<1","false","Swing"
"ELS","Equity Lifestyle Properties, Inc. Common Stock","Real Estate","REIT - Residential","64.89","78.57","Sell","Aug 06, 2026","Neutral","Aug 13, 2026","1558928.57","-76.75","0.1","-1.1","Moving Down","","",,="4/9","<1","false","Swing"
"EPD","Enterprise Products Partners L.P. Common Stock","Energy","Oil & Gas Midstream","38.61","74.36","Sell","Aug 06, 2026","Uptrend","Aug 14, 2026","3234448.47","-15.14","0.32","-0.75","Moving Up","","",,="8/9","<1","false","Swing"
"EQIX","Equinix, Inc. Common Stock REIT","Real Estate","REIT - Specialty","1097.61","58.61","Buy","Aug 06, 2026","Uptrend","Aug 12, 2026","527581.07","77.91","2.24","-0.41","Moving Up","","",,="7/9","<1","false","Swing"
"FANG","Diamondback Energy, Inc. Common Stock","Energy","Oil & Gas E&P","206.29","74.54","Sell","Aug 06, 2026","Uptrend","Aug 10, 2026","1811750.83","-64.15","0.22","1.89","Moving Up","","",,="7/9","<1","false","Swing"
"FSLR","First Solar, Inc. Common Stock","Technology","Solar","217.85","60.83","Buy","Aug 06, 2026","Neutral","Aug 12, 2026","2322856.47","-46.77","0.27","-3.42","Moving Up","","",,="8/9","<1","false","Swing"
"FTK","Flotek Industries, Inc. Common Stock","Energy","Oil & Gas Equipment & Services","28.66","71.81","Buy","Aug 06, 2026","Uptrend","Aug 03, 2026","537697.9","-119","0.16","-20.01","Moving Up","","",,="9/9","<1","false","Swing"
"FTNT","Fortinet, Inc. Common Stock","Technology","Software - Infrastructure","155.85","70.7","Buy","Aug 06, 2026","Uptrend","Jul 31, 2026","5041402.9","124.41","0.55","-2.6","Moving Down","","Positive",,="8/9","<1","false","Swing"
"GFF","Griffon Corporation Common Stock","Industrials","Building Products & Equipment","102.18","66.78","Buy","Aug 06, 2026","Uptrend","Aug 05, 2026","326518.1","-49.62","0.35","-1.9","Moving Up","","",,="7/9","<1","false","Swing"
"GFI","Gold Fields Limited American Depositary Shares","Materials","Gold","41.5","58.86","Buy","Aug 06, 2026","Uptrend","Aug 05, 2026","3623686.97","194.87","0.84","3.13","Moving Up","","",,="9/9","<1","false","Swing"
"GLPI","Gaming and Leisure Properties, Inc. Common Stock","Real Estate","REIT - Specialty","42.25","49.96","Sell","Aug 06, 2026","Downtrend","Aug 05, 2026","2535403.77","-7.55","0.15","-3.03","Moving Down","","",,="5/9","<1","false","Swing"
"HIFS","Hingham Institution for Savings Common Stock","Financials","Banks - Regional","301.87","58.08","Buy","Aug 06, 2026","Uptrend","Aug 05, 2026","43776.63","-69.94","0.16","-2.41","Moving Up","","",,="8/9","<1","false","Swing"
"HSTM","HealthStream, Inc. Common Stock","Health Care","Health Information Services","28.02","78.36","Sell","Aug 06, 2026","Uptrend","May 04, 2026","184619.7","11.46","10.21","-3.18","Moving Down","","",,="7/9","<1","false","Swing"
"HUBB","Hubbell Inc Common Stock","Industrials","Electrical Equipment & Parts","504.3","65.62","Buy","Aug 06, 2026","Uptrend","Aug 05, 2026","541841.73","69.45","0.89","-1.39","Moving Up","","",,="7/9","<1","false","Swing"
"IGIC","International General Insurance Holdings Ltd. Ordinary Share","Financials","Insurance - Diversified","26.24","46.09","Sell","Aug 06, 2026","Downtrend","Aug 17, 2026","108339.97","128.1","1.31","-3.56","Moving Down","","",,="5/9","<1","false","Swing"
"INSW","International Seaways, Inc. Common Stock ","Energy","Oil & Gas Midstream","98.36","61.16","Sell","Aug 06, 2026","Uptrend","Jul 07, 2026","508062.1","467.54","2.07","1.35","Moving Up","","",,="8/9","<1","false","Swing"
"IRDM","Iridium Communications Inc Common Stock","Communication","Telecom Services","50.05","66.55","Buy","Aug 06, 2026","Uptrend","Aug 05, 2026","1481798.1","92.85","2.96","-0.3","Moving Up","","",,="7/9","<1","false","Swing"
"JBTM","JBT Marel Corporation Common Stock","Industrials","Specialty Industrial Machinery","118.73","32.99","Sell","Aug 06, 2026","Downtrend","Aug 05, 2026","587997.8","-128.13","0","-1.21","Moving Down","","",,="4/9","<1","false","Swing"
"KEYS","Keysight Technologies Inc. Common Stock","Technology","Scientific & Technical Instruments","361.15","70.83","Buy","Aug 06, 2026","Uptrend","Aug 05, 2026","1166351.6","98.51","1.02","0.93","Moving Up","","",,="8/9","<1","false","Swing"
"KNSA","Kiniksa Pharmaceuticals International, plc Class A Ordinary Shares","Health Care","Drug Manufacturers - Specialty & Generic","79.18","70.76","Sell","Aug 06, 2026","Uptrend","Jun 17, 2026","670187.73","60.52","0.37","3.17","Moving Up","","",,="8/9","<1","false","Swing"
"KTOS","Kratos Defense & Security Solutions, Inc. Common Stock","Industrials","Aerospace & Defense","63.29","72.09","Buy","Aug 06, 2026","Uptrend","Aug 05, 2026","3866260","468.4","5.47","-2","Moving Up","","",,="7/9","<1","false","Swing"
"LEGH","Legacy Housing Corporation Common Stock (TX)","Discretionary","Residential Construction","29.1","82.4","Buy","Aug 06, 2026","Uptrend","May 05, 2026","127112.5","-28.72","0.07","-0.78","Moving Up","","",,="7/9","<1","false","Swing"
"LEN/B","Lennar Corporation Class B","Discretionary","Homebuilding","84.8","44.11","Buy","Aug 06, 2026","Neutral","Aug 17, 2026","71781.1","95.01","2.6","-0.66","Moving Up","","",,="6/9","<1","false","Swing"
"LOW","Lowe's Companies, Inc. Common Stock","Discretionary","Home Improvement Retail","215.81","56.73","Buy","Aug 06, 2026","Neutral","Aug 17, 2026","2706692","16.24","0.52","-1.22","Moving Up","","Positive",,="5/9","<1","false","Swing"
"LPG","Dorian LPG Ltd. Common Stock","Energy","Oil & Gas Midstream","48.42","65.39","Sell","Aug 06, 2026","Uptrend","Jul 14, 2026","615171.37","393.78","2.24","2.22","Moving Down","","",,="7/9","<1","false","Swing"
"NBTB","NBT Bancorp Inc. Common Stock","Financials","Banks - Regional","53.29","75.16","Sell","Aug 06, 2026","Uptrend","May 18, 2026","378956.87","51.01","2.42","-0.5","Moving Down","","",,="6/9","<1","false","Swing"
"NDAQ","Nasdaq, Inc. Common Stock","Financials","Financial Data & Stock Exchanges","96.68","72.67","Sell","Aug 06, 2026","Uptrend","Jul 10, 2026","3460399.57","142.18","2.13","-0.35","Moving Down","","",,="5/9","<1","false","Swing"
"NEM","Newmont Corporation","Materials","Gold","120.33","60.99","Buy","Aug 06, 2026","Uptrend","Aug 05, 2026","7290423.1","111.8","1.55","2.18","Moving Up","","",,="8/9","<1","false","Swing"
"NESR","National Energy Services Reunited Corp Ordinary Shares","Energy","Oil & Gas Equipment & Services","35.78","77.21","Buy","Aug 06, 2026","Uptrend","Aug 04, 2026","2055082.4","254.42","2.86","-1.46","Moving Up","","",,="9/9","<1","false","Swing"
"NRP","Natural Resource Partners LP Limited Partnership","Energy","Thermal Coal","103.94","57.75","Buy","Aug 06, 2026","Uptrend","Aug 05, 2026","49153.83","460.47","1.92","-0.59","Moving Up","","",,="9/9","<1","false","Swing"
"NTRA","Natera, Inc. Common Stock","Health Care","Diagnostics & Research","314.18","87.78","Buy","Aug 06, 2026","Uptrend","Jul 30, 2026","1255112.3","680.42","2.39","1.37","Moving Up","","",,="9/9","<1","false","Swing"
"NVDA","NVIDIA Corporation Common Stock","Technology","Semiconductors","225.01","58.97","Buy","Aug 06, 2026","Uptrend","Aug 05, 2026","121735383.17","414.92","0.3","-0.07","Moving Up","","","true",="8/9","<1","false","Swing"
"NYT","New York Times Company (The) Common Stock","Communication","Publishing","65.27","21.85","Sell","Aug 06, 2026","Downtrend","Aug 05, 2026","2013370.13","-19.98","0.32","0.74","Moving Down","","",,="4/9","<1","false","Swing"
"OLED","Universal Display Corporation Common Stock","Technology","Electronic Components","86.64","67.91","Buy","Aug 06, 2026","Uptrend","Aug 05, 2026","731375.87","-58.11","3.66","-2.56","Moving Up","","",,="9/9","<1","false","Swing"
"OR","OR Royalties Inc. Common Shares","Materials","Gold","33.33","62.18","Buy","Aug 06, 2026","Uptrend","Aug 05, 2026","887065.37","107.71","1.87","-0.09","Moving Up","","",,="9/9","<1","false","Swing"
"PAAS","Pan American Silver Corp. Common Stock","Materials","Gold","48.11","62.13","Buy","Aug 06, 2026","Uptrend","Aug 17, 2026","3978540.37","-165.31","0.14","1.46","Moving Up","","",,="9/9","<1","false","Swing"
"PAG","Penske Automotive Group, Inc. Common Stock","Discretionary","Auto & Truck Dealerships","217.95","91.02","Sell","Aug 06, 2026","Uptrend","May 26, 2026","473211.27","361.11","2.76","-0.86","Moving Down","","",,="5/9","<1","false","Swing"
"PANW","Palo Alto Networks, Inc. Common Stock","Technology","Software - Infrastructure","375.76","83.2","Buy","Aug 06, 2026","Uptrend","Apr 16, 2026","6127723.83","74.32","0.22","-2.21","Moving Up","","",,="9/9","<1","false","Swing"
"PEGA","Pegasystems Inc. Common Stock","Technology","Software - Application","31.88","56.52","Buy","Aug 06, 2026","Neutral","Aug 17, 2026","3052076.67","-110.14","0.65","-1.36","Moving Up","","",,="8/9","<1","false","Swing"
"PFX","PhenixFIN Corporation Common Stock","Financials","Asset Management","46.13","81.98","Buy","Aug 06, 2026","Uptrend","Aug 05, 2026","16189.2","17.66","4.55","0.94","Moving Up","","",,="8/9","<1","false","Swing"
"POST","Post Holdings, Inc. Common Stock","Staples","Packaged Foods","79.35","15.56","Sell","Aug 06, 2026","Downtrend","Aug 07, 2026","976804.73","-80.67","0.11","-1.98","Moving Down","","",,="4/9","<1","false","Swing"
"PRU","Prudential Financial, Inc. Common Stock","Financials","Insurance - Life","124.56","90.5","Sell","Aug 06, 2026","Uptrend","May 05, 2026","1737916.57","16.62","1.03","-0.46","Moving Down","","",,="6/9","<1","false","Swing"
"PSMT","PriceSmart, Inc. Common Stock","Staples","Discount Stores","179.99","33.99","Sell","Aug 06, 2026","Downtrend","Aug 06, 2026","279509.23","67.98","1.16","-0.13","Moving Down","","",,="4/9","<1","false","Swing"
"PWR","Quanta Services, Inc. Common Stock","Industrials","Engineering & Construction","722.31","47.86","Buy","Aug 06, 2026","Uptrend","Aug 11, 2026","1063755.87","1616.22","2.46","5.33","Moving Up","","",,="6/9","<1","false","Swing"
"QLYS","Qualys, Inc. Common Stock","Technology","Software - Infrastructure","183.31","92.19","Buy","Aug 06, 2026","Uptrend","Jul 31, 2026","785487.5","-38.42","0.19","-1.47","Moving Up","","",,="9/9","<1","false","Swing"
"QQQX","Nuveen NASDAQ 100 Dynamic Overwrite Fund Shares of Beneficial Interest","Financials","Closed-End Fund - Equity","30.78","72.45","Buy","Aug 06, 2026","Uptrend","Aug 05, 2026","111799.53","45.95","1.24","0.46","Moving Up","","",,="8/9","<1","false","Swing"
"RGEN","Repligen Corporation Common Stock","Health Care","Medical Instruments & Supplies","169.04","84.69","Buy","Aug 06, 2026","Uptrend","Jul 28, 2026","1125213.83","-212.24","0.09","1.32","Moving Up","","",,="8/9","<1","false","Swing"
"RNR","RenaissanceRe Holdings Ltd. Common Stock","Financials","Insurance - Reinsurance","318.5","67.62","Sell","Aug 06, 2026","Uptrend","Jun 15, 2026","322609.73","-32.68","0.26","-1.5","Moving Down","","",,="6/9","<1","false","Swing"
"RRR","Red Rock Resorts, Inc. Class A Common Stock","Discretionary","Resorts & Casinos","63.21","50.9","Sell","Aug 06, 2026","Neutral","Aug 14, 2026","700083.93","6.18","0.15","-0.71","Moving Up","","",,="5/9","<1","false","Swing"
"RYTM","Rhythm Pharmaceuticals, Inc. Common Stock","Health Care","Biotechnology","115.44","62.72","Buy","Aug 06, 2026","Uptrend","Aug 05, 2026","669937","307.59","2.72","-0.03","Moving Up","","",,="8/9","<1","false","Swing"
"SA","Seabridge Gold, Inc. Ordinary Shares (Canada)","Materials","Gold","32.42","68.38","Buy","Aug 06, 2026","Uptrend","Aug 05, 2026","563047.87","-204.35","0.14","-3.28","Moving Up","","",,="9/9","<1","false","Swing"
"SHOP","Shopify Inc. Class A Subordinate Voting Shares","Technology","Software - Application","148.65","91.48","Buy","Aug 06, 2026","Uptrend","Aug 04, 2026","9835157.6","-47.44","0.15","-3.67","Moving Up","","",,="9/9","<1","false","Swing"
"SKM","SK Telecom Co., Ltd. Common Stock","Communication","Telecom Services","39.96","65.54","Buy","Aug 06, 2026","Uptrend","Aug 12, 2026","2459818.3","160.81","6.12","3.77","Moving Up","","",,="7/9","<1","false","Swing"
"SKY","Champion Homes, Inc. Common Stock","Discretionary","Residential Construction","93.21","71.98","Buy","Aug 06, 2026","Uptrend","Aug 05, 2026","648833.9","-176.54","0.2","-1.4","Moving Up","","",,="6/9","<1","false","Swing"
"SWKS","Skyworks Solutions, Inc. Common Stock","Technology","Semiconductors","67.73","75.22","Buy","Aug 06, 2026","Uptrend","Aug 05, 2026","5409536.7","55.89","7.88","-2.71","Moving Up","","",,="9/9","<1","false","Swing"
"TER","Teradyne, Inc. Common Stock","Technology","Semiconductor Equipment & Materials","443.14","71.54","Buy","Aug 06, 2026","Uptrend","Aug 11, 2026","3463681.7","242.14","1.31","5.81","Moving Up","","Positive",,="9/9","<1","false","Swing"
"TGS","Transportadora de Gas del Sur SA TGS Common Stock","Energy","Oil & Gas Integrated","28.3","30.67","Sell","Aug 06, 2026","Downtrend","Aug 06, 2026","205651.17","-238.1","0.18","0.71","Moving Down","","",,="6/9","<1","false","Swing"
"TREX","Trex Company, Inc. Common Stock","Industrials","Building Products & Equipment","48.75","77.31","Buy","Aug 06, 2026","Uptrend","Aug 05, 2026","2197761.13","170.84","67.75","-1.77","Moving Up","","",,="7/9","<1","false","Swing"
"TRNS","Transcat, Inc. Common Stock","Industrials","Specialty Business Services","93.84","73.32","Buy","Aug 06, 2026","Uptrend","Aug 05, 2026","138258.03","-258.48","0.14","0.15","Moving Up","","",,="7/9","<1","false","Swing"
"TTC","Toro Company (The) Common Stock","Industrials","Tools & Accessories","97.5","73.85","Buy","Aug 06, 2026","Uptrend","Aug 04, 2026","538934.33","-56.71","0.1","-0.89","Moving Up","","",,="6/9","<1","false","Swing"
"TVTX","Travere Therapeutics, Inc. Common Stock","Health Care","Biotechnology","63.53","55.04","Buy","Aug 06, 2026","Uptrend","Apr 13, 2026","1510168.43","373.61","3.43","2.24","Moving Up","","",,="9/9","<1","false","Swing"
"TWST","Twist Bioscience Corporation Common Stock","Health Care","Diagnostics & Research","124.41","91.06","Buy","Aug 06, 2026","Uptrend","Jul 31, 2026","1493097.93","-33.17","3.89","4.93","Moving Up","","",,="9/9","<1","false","Swing"
"TXNM","TXNM Energy, Inc. Common Stock","Utilities","Utilities - Regulated Electric","57.58","46.59","Sell","Aug 06, 2026","Downtrend","Aug 10, 2026","797396.73","-13.03","0.21","0.31","Moving Up","","",,="6/9","<1","false","Swing"
"TYRA","Tyra Biosciences, Inc. Common Stock","Health Care","Biotechnology","26.22","27.08","Sell","Aug 06, 2026","Downtrend","Aug 05, 2026","640433.63","-171.76","0.13","3.68","Moving Up","","",,="7/9","<1","false","Swing"
"UGI","UGI Corporation Common Stock","Utilities","Utilities - Regulated Gas","35.09","63.79","Sell","Aug 06, 2026","Downtrend","Aug 06, 2026","1358204.83","-19.69","2.46","-0.79","Moving Down","","",,="5/9","<1","false","Swing"
"UI","Ubiquiti Inc. Common Stock","Technology","Communication Equipment","583.67","39.46","Buy","Aug 06, 2026","Uptrend","Aug 17, 2026","85843.4","301.39","4.81","1.9","Moving Up","","",,="8/9","<1","false","Swing"
"UNM","Unum Group Common Stock","Financials","Insurance - Life","91.51","68","Buy","Aug 06, 2026","Uptrend","Aug 04, 2026","1450281.03","97.79","0.99","-1.95","Moving Up","","",,="8/9","<1","false","Swing"
"URI","United Rentals, Inc. Common Stock","Industrials","Rental & Leasing Services","1164.82","56.81","Buy","Aug 06, 2026","Uptrend","Jul 24, 2026","471428","229.88","1.01","0.95","Moving Up","","Positive",,="7/9","<1","false","Swing"
"UVV","Universal Corporation Common Stock","Staples","Tobacco","44.32","27.15","Sell","Aug 06, 2026","Downtrend","Aug 06, 2026","288971.27","-46.88","0.03","-1.01","Moving Down","","",,="4/9","<1","false","Swing"
"VSEC","VSE Corporation Common Stock","Industrials","Aerospace & Defense","243.48","63.99","Buy","Aug 06, 2026","Uptrend","Aug 05, 2026","441677.67","337.39","1.51","0.69","Moving Up","","",,="7/9","<1","false","Swing"
"VVX","V2X, Inc. Common Stock","Industrials","Aerospace & Defense","82.65","66.33","Sell","Aug 06, 2026","Uptrend","Aug 06, 2026","718082.1","-64.13","0.16","-0.42","Moving Down","","",,="5/9","<1","false","Swing"
"XPEL","XPEL, Inc. Common Stock","Discretionary","Auto Parts","49.995","78.49","Buy","Aug 06, 2026","Uptrend","Aug 05, 2026","243019.3","-119.96","0.07","-0.01","Moving Up","","",,="7/9","<1","false","Swing"
"YPF","YPF Sociedad Anonima Common Stock","Energy","Oil & Gas Integrated","52.7","42.54","Sell","Aug 06, 2026","Uptrend","Aug 17, 2026","1256860.3","199.91","1.56","5.29","Moving Up","","",,="8/9","<1","false","Swing"
"AAMI","Acadian Asset Management Inc. Common Stock","Financials","Asset Management","92.99","78.29","Buy","Aug 05, 2026","Uptrend","Jul 06, 2026","388088.93","172.86","2.32","0.52","Moving Up","","",,="8/9","<1","false","Swing"
"ADUS","Addus HomeCare Corporation Common Stock","Health Care","Medical Care Facilities","114.9","86.49","Sell","Aug 05, 2026","Uptrend","Jun 22, 2026","229334.53","27.06","3.99","-1","Moving Down","","",,="6/9","<1","false","Swing"
"AEHR","Aehr Test Systems Common Stock","Technology","Semiconductor Equipment & Materials","145.61","68.15","Buy","Aug 05, 2026","Uptrend","Aug 04, 2026","3054025.63","5834.09","2.51","8.62","Moving Up","","",,="9/9","<1","false","Swing"
"ALC","Alcon Inc. Ordinary Shares","Health Care","Medical Instruments & Supplies","72.49","86.32","Buy","Aug 05, 2026","Uptrend","Jul 28, 2026","2265049.8","-26.51","1.29","-2.37","Moving Up","","",,="9/9","<1","false","Swing"
"ALSN","Allison Transmission Holdings, Inc. Common Stock","Discretionary","Auto Parts","127.11","57.22","Buy","Aug 05, 2026","Uptrend","Aug 07, 2026","821487.4","215.68","3.94","0.99","Moving Up","","",,="7/9","<1","false","Swing"
"AMH","American Homes 4 Rent Common Shares of Beneficial Interest","Real Estate","REIT - Residential","33.63","72.24","Buy","Aug 05, 2026","Uptrend","Jun 23, 2026","2075390.53","-77.95","0.09","-1.32","Moving Down","","",,="7/9","<1","false","Swing"
"ANET","Arista Networks, Inc. Common Stock","Technology","Computer Hardware","201.8","74.06","Buy","Aug 05, 2026","Uptrend","Jul 31, 2026","7853707.33","-286.35","0.31","1.5","Moving Up","","",,="9/9","<1","false","Swing"
"APH","Amphenol Corporation Common Stock","Technology","Electronic Components","170.87","64.21","Buy","Aug 05, 2026","Uptrend","Aug 03, 2026","6393081.2","63.62","0.29","2.25","Moving Up","","",,="8/9","<1","false","Swing"
"APPF","AppFolio, Inc. Class A Common Stock","Technology","Software - Application","195.965","75.3","Buy","Aug 05, 2026","Uptrend","Jul 27, 2026","422460.8","-0.79","0.33","-4.04","Moving Down","","",,="8/9","<1","false","Swing"
"AVAV","AeroVironment, Inc. Common Stock","Industrials","Aerospace & Defense","181.13","71.88","Buy","Aug 05, 2026","Uptrend","Aug 04, 2026","1384705.63","266.98","4.29","-6.06","Moving Up","","",,="7/9","<1","false","Swing"
"B","Barrick Mining Corporation Common Shares","Materials","Gold","42.52","56.08","Buy","Aug 05, 2026","Uptrend","Aug 04, 2026","9386007.3","46.38","0.88","2.21","Moving Up","","",,="9/9","<1","false","Swing"
"BBT","Beacon Financial Corporation Common stock","Financials","Banks - Regional","32.61","72.39","Buy","Aug 05, 2026","Uptrend","Jul 31, 2026","752336.43","-7.29","0.26","1.68","Moving Up","","",,="8/9","<1","false","Swing"
"BC","Brunswick Corporation Common Stock","Discretionary","Recreational Vehicles","82.3","69.09","Buy","Aug 05, 2026","Uptrend","Aug 13, 2026","691832.73","-73.08","0.11","-0.45","Moving Up","","",,="7/9","<1","false","Swing"
"BCC","Boise Cascade, L.L.C. Common Stock","Materials","Lumber & Wood Production","81.94","71.95","Buy","Aug 05, 2026","Uptrend","Jul 10, 2026","394841.43","-164.18","0.15","-1.56","Moving Down","","",,="7/9","<1","false","Swing"
"BCO","Brinks Company (The) Common Stock","Industrials","Security & Protection Services","111.28","69.61","Sell","Aug 05, 2026","Neutral","Aug 17, 2026","551717.3","34.65","4.69","-2.62","Moving Down","","",,="4/9","<1","false","Swing"
"BOTJ","Bank of the James Financial Group, Inc. Common Stock","Financials","Banks - Regional","27.73","76.06","Sell","Aug 05, 2026","Uptrend","Jun 08, 2026","35695.63","178.09","4.22","-0.14","Moving Down","","",,="6/9","<1","false","Swing"
"BRKR","Bruker Corporation Common Stock","Health Care","Medical Devices","57.67","66.84","Sell","Aug 05, 2026","Neutral","Aug 10, 2026","2218279.4","48.74","12.08","-0.05","Moving Up","","",,="7/9","<1","false","Swing"
"BXC","Bluelinx Holdings Inc. Common Stock","Industrials","Industrial Distribution","85.29","89.63","Buy","Aug 05, 2026","Uptrend","Aug 03, 2026","172496.53","129.08","0.77","-1.42","Moving Up","","",,="7/9","<1","false","Swing"
"CEG","Constellation Energy Corporation Common Stock ","Utilities","Utilities - Independent Power Producers","278.2","58.89","Buy","Aug 05, 2026","Uptrend","Aug 07, 2026","2714573.7","33.93","2.25","-1.52","Moving Down","","",,="7/9","<1","false","Swing"
"CHH","Choice Hotels International, Inc. Common Stock","Discretionary","Lodging","104.93","55.32","Sell","Aug 05, 2026","Downtrend","Aug 07, 2026","565281.6","15.62","46.94","0.47","Moving Down","","",,="4/9","<1","false","Swing"
"CLX","Clorox Company (The) Common Stock","Staples","Household & Personal Products","105.94","79.96","Buy","Aug 05, 2026","Uptrend","Aug 03, 2026","2590676.4","-69.99","1.28","0.23","Moving Up","","",,="6/9","<1","false","Swing"
"COF","Capital One Financial Corporation Common Stock","Financials","Credit Services","221.45","78.76","Buy","Aug 05, 2026","Uptrend","Jul 09, 2026","3885981.4","80.21","1.83","-2.59","Moving Up","","",,="8/9","<1","false","Swing"
"COO","The Cooper Companies, Inc. Common Stock","Health Care","Medical Instruments & Supplies","75.1","71.94","Buy","Aug 05, 2026","Uptrend","Jun 23, 2026","1945626.1","10.59","7.6","-1.4","Moving Up","","",,="9/9","<1","false","Swing"
"DB","Deutsche Bank AG Common Stock","Financials","Banks - Regional","38.12","57.33","Buy","Aug 05, 2026","Uptrend","Jul 24, 2026","1791670.47","196.63","1.33","-1.14","Moving Up","","",,="8/9","<1","false","Swing"
"DCO","Ducommun Incorporated Common Stock","Industrials","Aerospace & Defense","205.23","83.27","Buy","Aug 05, 2026","Uptrend","Apr 06, 2026","284246.17","164.35","1.24","-0.85","Moving Up","","",,="7/9","<1","false","Swing"
"DELL","Dell Technologies Inc. Class C Common Stock ","Technology","Computer Hardware","479.81","70.4","Buy","Aug 05, 2026","Uptrend","Aug 04, 2026","6240237.63","246.08","0.88","-2.24","Moving Up","","",,="9/9","<1","false","Swing"
"EME","EMCOR Group, Inc. Common Stock","Industrials","Engineering & Construction","862.54","70.15","Buy","Aug 05, 2026","Uptrend","Aug 04, 2026","436594.27","1059.68","3.22","3.14","Moving Up","","",,="6/9","<1","false","Swing"
"EPR","EPR Properties Common Stock","Real Estate","REIT - Specialty","60.5","69.06","Sell","Aug 05, 2026","Neutral","Aug 12, 2026","675629.8","64.38","20.33","-1.22","Moving Down","","",,="5/9","<1","false","Swing"
"ETN","Eaton Corporation, PLC Ordinary Shares","Industrials","Specialty Industrial Machinery","455.4","66.6","Buy","Aug 05, 2026","Uptrend","Aug 03, 2026","2200787","195.57","1.13","0.86","Moving Up","","",,="7/9","<1","false","Swing"
"FDBC","Fidelity D & D Bancorp, Inc. Common Stock","Financials","Banks - Regional","54.42","71.41","Buy","Aug 05, 2026","Uptrend","May 18, 2026","12796.93","-18.15","0.03","-2.37","Moving Up","","",,="8/9","<1","false","Swing"
"GDV","Gabelli Dividend & Income Trust Common Shares of Beneficial Interest","Financials","Closed-End Fund - Equity","30.63","63.46","Buy","Aug 05, 2026","Uptrend","Jun 30, 2026","88930.73","27.33","0.63","-0.42","Moving Up","","",,="8/9","<1","false","Swing"
"GKOS","Glaukos Corporation Common Stock","Health Care","Medical Devices","185.62","88.47","Buy","Aug 05, 2026","Uptrend","Jun 15, 2026","829938.57","76.96","0.5","0.59","Moving Up","","",,="9/9","<1","false","Swing"
"HBM","Hudbay Minerals Inc. Ordinary Shares (Canada)","Materials","Copper","27.44","74.63","Buy","Aug 05, 2026","Uptrend","Aug 04, 2026","4302009.17","-641.6","0.15","2.81","Moving Up","","",,="9/9","<1","false","Swing"
"HVT","Haverty Furniture Companies, Inc. Common Stock","Discretionary","Home Improvement Retail","28.44","79.81","Buy","Aug 05, 2026","Uptrend","May 26, 2026","123237.3","45.93","5.03","-1.22","Moving Down","","",,="6/9","<1","false","Swing"
"IESC","IES Holdings, Inc. Common Stock","Industrials","Engineering & Construction","793.96","85.08","Buy","Aug 05, 2026","Uptrend","Aug 04, 2026","207389.07","1744.25","1.42","5","Moving Up","","",,="7/9","<1","false","Swing"
"INGR","Ingredion Incorporated Common Stock","Staples","Packaged Foods","103.59","61.82","Buy","Aug 05, 2026","Uptrend","Aug 04, 2026","676618.6","6.21","1.28","-1.53","Moving Down","","",,="6/9","<1","false","Swing"
"ISBA","Isabella Bank Corporation Common stock","Financials","Banks - Regional","41","60.72","Buy","Aug 05, 2026","Uptrend","Aug 13, 2026","58710.67","-61.54","0.22","-1.44","Moving Up","","",,="7/9","<1","false","Swing"
"ITIC","Investors Title Company Common Stock","Financials","Insurance - Specialty","288.35","69.36","Sell","Aug 05, 2026","Uptrend","Jun 05, 2026","48967.63","58.14","0.91","0.22","Moving Down","","",,="6/9","<1","false","Swing"
"ITT","ITT Inc. Common Stock ","Industrials","Specialty Industrial Machinery","219.81","79.41","Buy","Aug 05, 2026","Uptrend","Jul 31, 2026","972306.4","48.61","0.7","0.19","Moving Up","","",,="6/9","<1","false","Swing"
"IVZ","Invesco Ltd Common Stock","Financials","Asset Management","32.57","81.38","Buy","Aug 05, 2026","Uptrend","Jul 30, 2026","5017937.43","122.59","3.81","0.06","Moving Up","","",,="8/9","<1","false","Swing"
"KBR","KBR, Inc. Common Stock","Industrials","Engineering & Construction","37.55","77.54","Buy","Aug 05, 2026","Uptrend","Jul 31, 2026","1594736.8","-167.8","0.05","-2.14","Moving Up","","",,="6/9","<1","false","Swing"
"KN","Knowles Corporation Common Stock","Technology","Electronic Components","38.99","84.13","Buy","Aug 05, 2026","Uptrend","Aug 04, 2026","915293.47","10.66","0.34","1.25","Moving Up","","",,="9/9","<1","false","Swing"
"LAZ","Lazard, Inc. Common Stock","Financials","Capital Markets","43.75","71.38","Buy","Aug 05, 2026","Uptrend","Aug 12, 2026","1713634.73","-97.13","0.04","-1.99","Moving Up","","",,="8/9","<1","false","Swing"
"MCK","McKesson Corporation Common Stock","Health Care","Medical Distribution","859.92","53.01","Sell","Aug 05, 2026","Uptrend","Jul 06, 2026","949794.63","294.35","1.36","-1.04","Moving Down","","",,="7/9","<1","false","Swing"
"MET","MetLife, Inc. Common Stock","Financials","Insurance - Life","96.68","87.97","Sell","Aug 05, 2026","Uptrend","Apr 08, 2026","3554639.77","36.59","1.05","-1","Moving Down","","",,="6/9","<1","false","Swing"
"NGVT","Ingevity Corporation Common Stock ","Materials","Specialty Chemicals","75.79","63.92","Buy","Aug 05, 2026","Uptrend","Aug 04, 2026","234285.13","97.02","35.65","-1.28","Moving Up","","",,="8/9","<1","false","Swing"
"NIC","Nicolet Bankshares Inc. Common Stock","Financials","Banks - Regional","177.9","78.94","Buy","Aug 05, 2026","Uptrend","Jun 11, 2026","196716.43","161.49","3.51","-0.63","Moving Up","","",,="8/9","<1","false","Swing"
"NTAP","NetApp, Inc. Common Stock","Technology","Software - Infrastructure","204.2","76.45","Buy","Aug 05, 2026","Uptrend","Apr 17, 2026","2473307.87","144.07","1.59","-1.39","Moving Up","","",,="9/9","<1","false","Swing"
"PDEX","Pro-Dex, Inc. Common Stock","Health Care","Medical Instruments & Supplies","67.15","54.21","Buy","Aug 05, 2026","Uptrend","Aug 04, 2026","98042.4","214.84","2.03","0.19","Moving Up","","",,="8/9","<1","false","Swing"
"PFGC","Performance Food Group Company Common Stock","Staples","Food Distribution","104.68","41.66","Sell","Aug 05, 2026","Downtrend","Aug 13, 2026","1772324.73","36.39","0.36","-2.4","Moving Down","","",,="4/9","<1","false","Swing"
"PKE","Park Aerospace Corp. Common Stock","Industrials","Aerospace & Defense","37.49","62.03","Buy","Aug 05, 2026","Uptrend","Aug 04, 2026","282469.53","15.29","0.17","-1.86","Moving Up","","",,="7/9","<1","false","Swing"
"PLAB","Photronics, Inc. Common Stock","Technology","Semiconductor Equipment & Materials","33.6","43.4","Buy","Aug 05, 2026","Uptrend","Aug 11, 2026","887236.03","129.99","2.97","0.84","Moving Up","","","true",="8/9","<1","false","Swing"
"PLD","Prologis, Inc. Common Stock","Real Estate","REIT - Industrial","140.62","52.93","Sell","Aug 05, 2026","Downtrend","Aug 04, 2026","4757057.27","76.88","3.38","-0.29","Moving Down","","",,="5/9","<1","false","Swing"
"PLPC","Preformed Line Products Company Common Stock","Industrials","Electrical Equipment & Parts","475.03","95.66","Buy","Aug 05, 2026","Uptrend","Aug 04, 2026","104571.7","128.41","0.53","2.24","Moving Up","","",,="7/9","<1","false","Swing"
"PLTR","Palantir Technologies Inc. Class A Common Stock","Technology","Software - Infrastructure","172.55","84.4","Buy","Aug 05, 2026","Uptrend","Aug 04, 2026","42225501.77","434.33","0.44","-0.86","Moving Down","","",,="7/9","<1","false","Swing"
"PNTG","The Pennant Group, Inc. Common Stock ","Health Care","Medical Care Facilities","39.18","69.19","Sell","Aug 05, 2026","Neutral","Aug 11, 2026","274847.6","25.9","0.82","-0.36","Moving Up","","",,="7/9","<1","false","Swing"
"PRI","Primerica, Inc. Common Stock","Financials","Insurance - Life","309.92","75.51","Sell","Aug 05, 2026","Uptrend","Jun 12, 2026","175588.73","-12.92","0.35","-1.2","Moving Down","","",,="6/9","<1","false","Swing"
"PRLB","Proto Labs, Inc. Common stock","Industrials","Metal Fabrication","90.86","82.02","Buy","Aug 05, 2026","Uptrend","Aug 04, 2026","200905.17","53.01","21.45","-1.1","Moving Up","","",,="7/9","<1","false","Swing"
"RDNT","RadNet, Inc. Common Stock","Health Care","Diagnostics & Research","75.93","79.74","Buy","Aug 05, 2026","Uptrend","Jul 23, 2026","752794","66.37","0.74","-0.55","Moving Up","","",,="9/9","<1","false","Swing"
"REXR","Rexford Industrial Realty, Inc. Common Stock","Real Estate","REIT - Industrial","35.86","66.87","Sell","Aug 05, 2026","Downtrend","Aug 17, 2026","2725379.5","69.07","15.9","-1.02","Moving Down","","",,="5/9","<1","false","Swing"
"RGLD","Royal Gold, Inc. Common Stock","Materials","Gold","236.62","58.77","Buy","Aug 05, 2026","Uptrend","Aug 05, 2026","708009.7","129.63","3.89","2.57","Moving Up","","",,="8/9","<1","false","Swing"
"SE","Sea Limited American Depositary Shares, each representing one Class A Ordinary Share","Discretionary","Internet Retail","119.45","85.18","Buy","Aug 05, 2026","Uptrend","Jun 26, 2026","4993126.17","31.83","0.47","-2.04","Moving Up","","",,="7/9","<1","false","Swing"
"SMCI","Super Micro Computer, Inc. Common Stock","Technology","Computer Hardware","38.28","64.57","Buy","Aug 05, 2026","Uptrend","Aug 07, 2026","50818066.47","260.2","0.5","-3.92","Moving Up","","",,="9/9","<1","false","Swing"
"SMG","Scotts Miracle-Gro Company (The) Common Stock","Materials","Agricultural Inputs","59.2","57.23","Sell","Aug 05, 2026","Downtrend","Aug 06, 2026","1021764.4","182.78","15.4","-2.86","Moving Down","","",,="6/9","<1","false","Swing"
"SNX","TD SYNNEX Corporation Common Stock","Technology","Electronics & Computer Distribution","263.88","69.96","Buy","Aug 05, 2026","Uptrend","Aug 04, 2026","726323.1","214.81","2.04","1.99","Moving Up","","",,="9/9","<1","false","Swing"
"SPG","Simon Property Group, Inc. Common Stock","Real Estate","REIT - Retail","221.67","60.85","Sell","Aug 05, 2026","Neutral","Aug 17, 2026","1393703.9","73.26","3.01","0.95","Moving Down","","",,="5/9","<1","false","Swing"
"TDW","Tidewater Inc. Common Stock","Energy","Oil & Gas Equipment & Services","93.97","70.26","Buy","Aug 05, 2026","Uptrend","Aug 04, 2026","678523.5","263.25","1.77","-0.33","Moving Up","","",,="9/9","<1","false","Swing"
"TEAM","Atlassian Corporation Class A Common Stock","Technology","Software - Application","158.34","98.79","Buy","Aug 05, 2026","Uptrend","Jul 27, 2026","4725178.1","23.93","4.81","-2.39","Moving Up","","",,="9/9","<1","false","Swing"
"TRMK","Trustmark Corporation Common Stock","Financials","Banks - Regional","48.13","65.94","Buy","Aug 05, 2026","Uptrend","Jun 09, 2026","412779.2","79.87","3.56","-0.33","Moving Up","","",,="8/9","<1","false","Swing"
"UAL","United Airlines Holdings, Inc. Common Stock","Industrials","Airlines","122.26","61.43","Buy","Aug 05, 2026","Uptrend","Aug 03, 2026","3897554.27","26.65","2.34","-2.46","Moving Down","","",,="6/9","<1","false","Swing"
"UNF","Unifirst Corporation Common Stock","Industrials","Specialty Business Services","286.47","70.93","Sell","Aug 05, 2026","Uptrend","Jul 01, 2026","137211.9","33.56","2.36","-0.1","Moving Down","","",,="5/9","<1","false","Swing"
"UNFI","United Natural Foods, Inc. Common Stock","Staples","Food Distribution","48.11","52.81","Sell","Aug 05, 2026","Downtrend","Aug 05, 2026","483059.43","500.5","3.63","-0.64","Moving Down","","",,="4/9","<1","false","Swing"
"VEON","VEON Ltd. ADS","Communication","Telecom Services","57.48","53.28","Buy","Aug 05, 2026","Uptrend","Aug 03, 2026","78182.4","8.35","7.49","0.7","Moving Up","","",,="6/9","<1","false","Swing"
"W","Wayfair Inc. Class A Common Stock","Discretionary","Internet Retail","103.08","73.69","Buy","Aug 05, 2026","Uptrend","Jul 27, 2026","3532894.9","15.92","5.28","1.43","Moving Up","","",,="7/9","<1","false","Swing"
"WBS","Webster Financial Corporation Common Stock","Financials","Banks - Regional","78.69","67.94","Buy","Aug 05, 2026","Uptrend","May 20, 2026","4754205.8","138.9","7.53","-0.39","Moving Down","","",,="7/9","<1","false","Swing"
"WEYS","Weyco Group, Inc. Common Stock","Discretionary","Footwear & Accessories","45.79","79.7","Buy","Aug 05, 2026","Uptrend","May 11, 2026","21923.53","-176.54","0.17","1.17","Moving Up","","",,="7/9","<1","false","Swing"
"WHR","Whirlpool Corporation Common Stock","Discretionary","Furnishings Fixtures & Appliances","39.59","75.19","Buy","Aug 05, 2026","Neutral","Aug 14, 2026","2405787.3","-20.2","13.19","-4.3","Moving Down","","",,="5/9","<1","false","Swing"
"WKC","World Kinect Corporation Common Stock","Energy","Oil & Gas Refining & Marketing","35.64","83.55","Sell","Aug 05, 2026","Neutral","Aug 17, 2026","1318717.37","-0.36","114.54","-1.3","Moving Down","","",,="6/9","<1","false","Swing"
"WPC","W. P. Carey Inc. REIT","Real Estate","REIT - Diversified","71.52","58.32","Sell","Aug 05, 2026","Downtrend","Aug 05, 2026","1324550.53","7.7","14.34","-0.14","Moving Down","","",,="5/9","<1","false","Swing"
"WPM","Wheaton Precious Metals Corp Common Shares (Canada)","Materials","Gold","136.61","78.56","Buy","Aug 05, 2026","Uptrend","Aug 05, 2026","1749163.43","37.37","0.63","1.79","Moving Up","","",,="9/9","<1","false","Swing"
"ZIM","ZIM Integrated Shipping Services Ltd. Ordinary Shares","Industrials","Marine Shipping","28.81","46.08","Buy","Aug 05, 2026","Uptrend","Aug 12, 2026","1397305.8","-42.2","0.2","2.38","Moving Up","","",,="7/9","<1","false","Swing"
"AAPL","Apple Inc. Common Stock","Technology","Consumer Electronics","305.59","48.79","Sell","Aug 04, 2026","Downtrend","Aug 10, 2026","49622295.33","97.87","0.8","-0.11","Moving Down","","Positive","true",="6/9","<1","false","Swing"
"APO","Apollo Global Management, Inc. (New) Common Stock","Financials","Asset Management","134.54","77.04","Buy","Aug 04, 2026","Uptrend","Aug 03, 2026","3916216.17","142.43","1.98","-4.42","Moving Up","","",,="8/9","<1","false","Swing"
"ATKR","Atkore Inc. Common Stock","Industrials","Electrical Equipment & Parts","93.71","98.81","Buy","Aug 04, 2026","Uptrend","Aug 03, 2026","1030979.1","-82.84","0.07","-0.1","Moving Down","","",,="6/9","<1","false","Swing"
"AVGO","Broadcom Inc. Common Stock","Technology","Semiconductors","392.43","65.04","Buy","Aug 04, 2026","Neutral","Aug 14, 2026","18986286.57","-36","0.38","-0.14","Moving Down","","Positive","true",="7/9","<1","false","Swing"
"AWK","American Water Works Company, Inc. Common Stock","Utilities","Utilities - Regulated Water","134.35","61.6","Sell","Aug 04, 2026","Uptrend","Aug 04, 2026","2171115.2","-1.17","0.29","-1.36","Moving Down","","",,="5/9","<1","false","Swing"
"AXGN","Axogen, Inc. Common Stock","Health Care","Medical Devices","49.15","57.56","Buy","Aug 04, 2026","Uptrend","Aug 03, 2026","1103860.17","135.43","2.04","0.86","Moving Up","","",,="9/9","<1","false","Swing"
"BA","Boeing Company (The) Common Stock","Industrials","Aerospace & Defense","225.95","61.75","Buy","Aug 04, 2026","Uptrend","Aug 03, 2026","5379361.5","12.75","4.5","-2.47","Moving Up","","Negative",,="6/9","<1","false","Swing"
"BCPC","Balchem Corporation Common Stock","Materials","Specialty Chemicals","178.38","80.23","Buy","Aug 04, 2026","Uptrend","Jul 31, 2026","196521.33","-1.55","0.4","-0.07","Moving Up","","",,="8/9","<1","false","Swing"
"BIO/B","Bio-Rad Laboratories, Inc. Class B  Common Stock","Health Care","Medical Devices","337","79.21","Buy","Aug 04, 2026","Uptrend","Jul 13, 2026","43.33","-45.4","0.55","0","Moving Up","","",,="9/9","<1","false","Swing"
"BTI","British American Tobacco  Industries, p.l.c. Common Stock ADR","Staples","Tobacco","55.73","30.74","Sell","Aug 04, 2026","Downtrend","Aug 03, 2026","4069807.03","7.41","0.42","-2.33","Moving Down","","",,="4/9","<1","false","Swing"
"CF","CF Industries Holdings, Inc. Common Stock","Materials","Agricultural Inputs","117.78","59.68","Sell","Aug 04, 2026","Neutral","Aug 14, 2026","2275431.53","216.91","4.01","-0.44","Moving Down","","",,="6/9","<1","false","Swing"
"CLDX","Celldex Therapeutics, Inc.","Health Care","Biotechnology","41.92","62.57","Buy","Aug 04, 2026","Uptrend","Jul 29, 2026","959129.2","2481.55","3.62","-0.07","Moving Up","","",,="9/9","<1","false","Swing"
"CNO","CNO Financial Group, Inc. Common Stock","Financials","Insurance - Life","54.81","80.13","Buy","Aug 04, 2026","Uptrend","Apr 07, 2026","668077.23","19.81","0.23","-0.85","Moving Down","","",,="7/9","<1","false","Swing"
"CQP","Cheniere Energy Partners, LP Common Units","Energy","Oil & Gas Midstream","67.63","78.8","Buy","Aug 04, 2026","Uptrend","Jul 20, 2026","116853.37","-95.06","0.16","-2.06","Moving Up","","",,="9/9","<1","false","Swing"
"CUBI","Customers Bancorp, Inc Common Stock","Financials","Banks - Regional","82.11","69.57","Buy","Aug 04, 2026","Uptrend","Jul 27, 2026","278782.17","394.61","5.44","-1.76","Moving Down","","",,="7/9","<1","false","Swing"
"CVSA","Covista Inc. Common Shares","Staples","Education & Training Services","132.32","49.63","Buy","Aug 04, 2026","Uptrend","Jul 30, 2026","355237.93","243.98","2.13","0.23","Moving Up","","",,="7/9","<1","false","Swing"
"CWT","California Water Service Group Common Stock","Utilities","Utilities - Regulated Water","49.66","81.96","Sell","Aug 04, 2026","Uptrend","Jun 02, 2026","448519.13","-25.72","0","-1.47","Moving Down","","",,="6/9","<1","false","Swing"
"DAL","Delta Air Lines, Inc. Common Stock","Industrials","Airlines","87.59","72.13","Buy","Aug 04, 2026","Uptrend","Jul 30, 2026","5829890.37","83.25","4.82","-1.97","Moving Down","","Positive",,="6/9","<1","false","Swing"
"DGII","Digi International Inc. Common Stock","Technology","Communication Equipment","83.34","80.93","Buy","Aug 04, 2026","Uptrend","Aug 03, 2026","368809.43","369.73","2.74","-2.09","Moving Up","","",,="9/9","<1","false","Swing"
"DUK","Duke Energy Corporation (Holding Company) Common Stock","Utilities","Utilities - Regulated Electric","123.58","42.68","Sell","Aug 04, 2026","Downtrend","Aug 04, 2026","4072453.6","1.32","0.05","-0.27","Moving Down","","",,="5/9","<1","false","Swing"
"EIX","Edison International Common Stock","Utilities","Utilities - Regulated Electric","71.3","54.09","Sell","Aug 04, 2026","Downtrend","Aug 03, 2026","2927729.7","31.4","50.07","-0.15","Moving Down","","",,="5/9","<1","false","Swing"
"EMBJ","Embraer S.A. Common Stock","Industrials","Aerospace & Defense","77.15","78.9","Buy","Aug 04, 2026","Uptrend","Jun 17, 2026","1152793.37","221.98","2.07","2.35","Moving Up","","",,="7/9","<1","false","Swing"
"EMN","Eastman Chemical Company Common Stock","Materials","Specialty Chemicals","73.97","77.85","Buy","Aug 04, 2026","Uptrend","Aug 03, 2026","1154364.13","-33.41","0.15","-0.14","Moving Up","","",,="8/9","<1","false","Swing"
"ESTC","Elastic N.V. Ordinary Shares","Technology","Software - Application","83.44","91.47","Buy","Aug 04, 2026","Uptrend","Jul 27, 2026","1934446.23","-54.5","3.12","-3.74","Moving Up","","",,="9/9","<1","false","Swing"
"ETO","Eaton Vance Tax-Advantage Global Dividend Opp Common Stock","Financials","Closed-End Fund - Equity","31.94","81.67","Buy","Aug 04, 2026","Uptrend","Aug 03, 2026","29248.57","48.12","1.36","-0.5","Moving Up","","",,="8/9","<1","false","Swing"
"FTDR","Frontdoor, Inc. Common Stock","Discretionary","Personal Services","83.75","84.55","Buy","Aug 04, 2026","Uptrend","Aug 03, 2026","543399.77","154.76","4.43","-3.15","Moving Down","","",,="6/9","<1","false","Swing"
"GAM","General American Investors, Inc. Common Stock","Financials","Closed-End Fund - Equity","67.71","52.56","Buy","Aug 04, 2026","Uptrend","Jul 02, 2026","20484.13","79.92","1.35","-0.27","Moving Up","","",,="8/9","<1","false","Swing"
"GH","Guardant Health, Inc. Common Stock","Health Care","Diagnostics & Research","161.67","66.13","Buy","Aug 04, 2026","Uptrend","Jul 31, 2026","2217950.77","43.42","7.52","2.84","Moving Down","","",,="8/9","<1","false","Swing"
"GIL","Gildan Activewear, Inc. Class A Sub. Vot. Common Stock","Discretionary","Apparel Manufacturing","55.89","80.57","Buy","Aug 04, 2026","Uptrend","Aug 03, 2026","1370991.53","92.21","3.03","-1.46","Moving Up","","",,="7/9","<1","false","Swing"
"HBB","Hamilton Beach Brands Holding Company Class A Common Stock ","Discretionary","Furnishings Fixtures & Appliances","34","99.3","Buy","Aug 04, 2026","Uptrend","Jun 10, 2026","65250.43","55.43","0.66","1.98","Moving Up","","",,="7/9","<1","false","Swing"
"HIG","The Hartford Insurance Group, Inc. Common Stock","Financials","Insurance - Diversified","136.71","52.06","Sell","Aug 04, 2026","Downtrend","Aug 14, 2026","1566708.4","66.7","1.41","-0.95","Moving Down","","",,="5/9","<1","false","Swing"
"INBK","First Internet Bancorp Common Stock","Financials","Banks - Regional","28.85","67.26","Buy","Aug 04, 2026","Uptrend","Jun 04, 2026","41485.2","153.05","18.31","-0.72","Moving Up","","",,="8/9","<1","false","Swing"
"INCY","Incyte Corp. Common Stock","Health Care","Biotechnology","123.5","66.24","Sell","Aug 04, 2026","Uptrend","Jun 22, 2026","1759793.93","50.68","3.58","2.78","Moving Down","","",,="7/9","<1","false","Swing"
"INSP","Inspire Medical Systems, Inc. Common Stock","Health Care","Medical Devices","57.22","84.28","Buy","Aug 04, 2026","Uptrend","Jul 02, 2026","828565.4","-40.33","6.55","0.21","Moving Down","","",,="8/9","<1","false","Swing"
"JBSS","John B. Sanfilippo & Son, Inc. Common Stock","Staples","Packaged Foods","83.79","76.15","Buy","Aug 04, 2026","Uptrend","Aug 03, 2026","128363.13","5.41","3.38","-3.41","Moving Up","","",,="7/9","<1","false","Swing"
"JOE","St. Joe Company (The) Common Stock","Real Estate","Real Estate - Diversified","67.78","63.82","Buy","Aug 04, 2026","Uptrend","Aug 03, 2026","220301.4","112.21","1.33","-0.91","Moving Up","","",,="8/9","<1","false","Swing"
"KRYS","Krystal Biotech, Inc. Common Stock","Health Care","Biotechnology","335.73","35.01","Sell","Aug 04, 2026","Neutral","Aug 17, 2026","502718.07","-67.35","0.3","1.04","Moving Up","","",,="7/9","<1","false","Swing"
"LARK","Landmark Bancorp Inc. Common Stock","Financials","Banks - Regional","31.99","69.37","Sell","Aug 04, 2026","Uptrend","May 05, 2026","9574.43","99.95","2.56","-0.62","Moving Down","","",,="6/9","<1","false","Swing"
"LEA","Lear Corporation Common Stock","Discretionary","Auto Parts","124.89","39.98","Sell","Aug 04, 2026","Downtrend","Aug 03, 2026","655156.83","-46.16","0.68","-0.05","Moving Down","","",,="4/9","<1","false","Swing"
"LECO","Lincoln Electric Holdings, Inc. Common Shares","Industrials","Tools & Accessories","286.02","85.91","Buy","Aug 04, 2026","Uptrend","Aug 03, 2026","402040.47","118.78","1.69","-0.3","Moving Up","","",,="7/9","<1","false","Swing"
"LFUS","Littelfuse, Inc. Common Stock","Technology","Electronic Components","471.81","59.83","Buy","Aug 04, 2026","Uptrend","Aug 03, 2026","338914.57","124.74","2.2","3.11","Moving Up","","",,="8/9","<1","false","Swing"
"LOB","Live Oak Bancshares, Inc. Common Stock","Financials","Banks - Regional","43.29","54.8","Buy","Aug 04, 2026","Uptrend","Jun 04, 2026","223648.4","335.19","14.17","0.05","Moving Up","","",,="8/9","<1","false","Swing"
"LQDA","Liquidia Corporation Common Stock","Health Care","Drug Manufacturers - Specialty & Generic","77.7","34.1","Sell","Aug 04, 2026","Neutral","Aug 17, 2026","1558886.6","1513.09","3.31","4.38","Moving Down","","",,="6/9","<1","false","Swing"
"MAR","Marriott International Class A Common Stock","Discretionary","Lodging","356.57","42.6","Sell","Aug 04, 2026","Downtrend","Aug 03, 2026","1580196.8","-2","0.35","-0.04","Moving Up","","",,="5/9","<1","false","Swing"
"MDB","MongoDB, Inc. Class A Common Stock","Technology","Software - Infrastructure","438.7","77.54","Buy","Aug 04, 2026","Uptrend","Aug 03, 2026","1448828.33","-5.83","0.34","-4.7","Moving Up","","",,="9/9","<1","false","Swing"
"MMYT","MakeMyTrip Limited Ordinary Shares","Discretionary","Travel Services","59.7","69.85","Buy","Aug 04, 2026","Uptrend","Jul 29, 2026","805281.03","-109.95","0.22","-1.19","Moving Up","","",,="7/9","<1","false","Swing"
"NBIX","Neurocrine Biosciences, Inc. Common Stock","Health Care","Drug Manufacturers - Specialty & Generic","154.49","27.33","Sell","Aug 04, 2026","Downtrend","Aug 04, 2026","1345062.33","-65.96","0.13","1.16","Moving Down","","",,="6/9","<1","false","Swing"
"NCSM","NCS Multistage Holdings, Inc. Common Stock","Energy","Oil & Gas Equipment & Services","51.14","62.5","Buy","Aug 04, 2026","Uptrend","Aug 06, 2026","9213.67","220.4","13.8","-1.05","Moving Up","","",,="9/9","<1","false","Swing"
"NHC","National HealthCare Corporation Common Stock","Health Care","Medical Care Facilities","228.2","66.71","Sell","Aug 04, 2026","Uptrend","Aug 05, 2026","113285.53","112.82","1.43","2.06","Moving Down","","",,="6/9","<1","false","Swing"
"NJR","NewJersey Resources Corporation Common Stock","Utilities","Utilities - Regulated Gas","54.97","49.59","Sell","Aug 04, 2026","Downtrend","Aug 05, 2026","612101.57","-61.36","0.13","-1.13","Moving Down","","",,="5/9","<1","false","Swing"
"NMIH","NMI Holdings Inc. Common Stock","Financials","Insurance - Specialty","45.56","80.31","Buy","Aug 04, 2026","Uptrend","Jun 22, 2026","448643.2","22.41","0.91","-0.33","Moving Up","","",,="8/9","<1","false","Swing"
"NPK","National Presto Industries, Inc. Common Stock","Industrials","Aerospace & Defense","144.17","54.35","Buy","Aug 04, 2026","Uptrend","Aug 03, 2026","89827.47","53.97","1.34","3.08","Moving Up","","",,="6/9","<1","false","Swing"
"NSC","Norfolk Southern Corporation Common Stock","Industrials","Railroads","341.12","70.96","Sell","Aug 04, 2026","Uptrend","Jun 29, 2026","1098633.2","127.29","4.05","2.01","Moving Down","","",,="5/9","<1","false","Swing"
"NSSC","NAPCO Security Technologies, Inc. Common Stock","Industrials","Security & Protection Services","38.06","55.34","Buy","Aug 04, 2026","Uptrend","Aug 03, 2026","279386.67","-172.88","0.17","-0.68","Moving Up","","",,="7/9","<1","false","Swing"
"NTB","Bank of N.T. Butterfield & Son Limited (The) Voting Ordinary Shares","Financials","Banks - Diversified","62.96","73.78","Buy","Aug 04, 2026","Uptrend","May 18, 2026","169181.73","75.22","1.97","-1.49","Moving Up","","",,="8/9","<1","false","Swing"
"O","Realty Income Corporation Common Stock","Real Estate","REIT - Retail","62.4","67.73","Sell","Aug 04, 2026","Downtrend","Aug 05, 2026","5157362.17","-2.82","2.96","-0.54","Moving Down","","Positive",,="5/9","<1","false","Swing"
"OHI","Omega Healthcare Investors, Inc. Common Stock","Real Estate","REIT - Healthcare Facilities","46.57","46.5","Sell","Aug 04, 2026","Downtrend","Aug 07, 2026","1827012.8","-27.2","0.16","0.09","Moving Down","","",,="5/9","<1","false","Swing"
"OXM","Oxford Industries, Inc. Common Stock","Discretionary","Apparel Manufacturing","36.51","56.09","Sell","Aug 04, 2026","Downtrend","Aug 06, 2026","350219.77","-104.68","1.25","0.38","Moving Down","","",,="3/9","<1","false","Swing"
"P","Everpure, Inc. Class A common stock","Technology","Computer Hardware","116.99","93.19","Buy","Aug 04, 2026","Uptrend","Aug 03, 2026","2725073.23","738.14","3.18","-0.99","Moving Up","","",,="9/9","<1","false","Swing"
"PAGP","Plains GP Holdings, L.P. Class A Units representing Limited Partner Interests","Energy","Oil & Gas Midstream","25.79","57.67","Sell","Aug 04, 2026","Uptrend","Aug 17, 2026","1450239.47","51.36","0.88","-0.19","Moving Down","","",,="7/9","<1","false","Swing"
"PBA","Pembina Pipeline Corp. Ordinary Shares (Canada)","Energy","Oil & Gas Midstream","48.66","67.98","Sell","Aug 04, 2026","Neutral","Aug 11, 2026","775600.7","31.57","1.82","-1.36","Moving Down","","",,="6/9","<1","false","Swing"
"PFIS","Peoples Financial Services Corp. Common Stock","Financials","Banks - Regional","71.41","73.98","Sell","Aug 04, 2026","Uptrend","Apr 01, 2026","61544.43","79.42","2.87","0.07","Moving Down","","",,="6/9","<1","false","Swing"
"PPC","Pilgrim's Pride Corporation Common Stock","Staples","Packaged Foods","28.77","31.9","Sell","Aug 04, 2026","Neutral","Aug 17, 2026","1563037.77","19.56","8.96","3.12","Moving Up","","",,="4/9","<1","false","Swing"
"ROCK","Gibraltar Industries, Inc. Common Stock","Industrials","Building Products & Equipment","47.53","74.97","Buy","Aug 04, 2026","Uptrend","Aug 03, 2026","335725.6","-43.55","0.38","-0.73","Moving Up","","",,="7/9","<1","false","Swing"
"SAH","Sonic Automotive, Inc. Common Stock","Discretionary","Auto & Truck Dealerships","80.26","41.59","Sell","Aug 04, 2026","Downtrend","Aug 05, 2026","302262.33","137.83","2.42","-0.71","Moving Down","","",,="4/9","<1","false","Swing"
"SKT","Tanger Inc. Common Stock","Real Estate","REIT - Retail","38.41","52.04","Sell","Aug 04, 2026","Downtrend","Aug 06, 2026","925429.5","151.12","1.47","-0.1","Moving Down","","",,="5/9","<1","false","Swing"
"SLM","SLM Corporation Common Stock","Financials","Credit Services","27.28","78.63","Buy","Aug 04, 2026","Uptrend","Jun 16, 2026","2699749.77","-96.71","0.25","-2.68","Moving Up","","",,="7/9","<1","false","Swing"
"SNY","Sanofi ADS","Health Care","Drug Manufacturers - General","44.41","54.68","Sell","Aug 04, 2026","Uptrend","Aug 13, 2026","3152681.53","-31.43","0.87","1.58","Moving Up","","",,="8/9","<1","false","Swing"
"SOR","Source Capital, Inc. Cmn Shs of BI","Financials","Closed-End Fund - Equity","46.49","56.04","Buy","Aug 04, 2026","Uptrend","Jul 31, 2026","9709.07","-3.25","0.41","0.14","Moving Up","","",,="7/9","<1","false","Swing"
"SPB","Spectrum Brands Holdings, Inc. Common Stock","Staples","Household & Personal Products","87.85","69.29","Sell","Aug 04, 2026","Uptrend","Jul 09, 2026","354956.87","-57.39","0.14","-2.31","Moving Down","","",,="5/9","<1","false","Swing"
"SPOT","Spotify Technology S.A. Ordinary Shares","Communication","Internet Content & Information","492.47","40.66","Sell","Aug 04, 2026","Uptrend","Aug 07, 2026","1821926.83","59.52","1.75","-3.97","Moving Up","","",,="6/9","<1","false","Swing"
"STNG","Scorpio Tankers Inc. Common Shares","Energy","Oil & Gas Midstream","80.33","47.4","Sell","Aug 04, 2026","Uptrend","Aug 14, 2026","740105.53","126.22","2.99","1.16","Moving Up","","",,="7/9","<1","false","Swing"
"TILE","Interface, Inc. Common Stock","Discretionary","Furnishings Fixtures & Appliances","38.04","81.87","Buy","Aug 04, 2026","Uptrend","Jul 27, 2026","451749.67","120.34","2.15","0.21","Moving Up","","",,="7/9","<1","false","Swing"
"TMDX","TransMedics Group, Inc. Common Stock","Health Care","Medical Devices","88.35","70.22","Buy","Aug 04, 2026","Uptrend","Aug 06, 2026","911648.83","49.92","2.88","-0.26","Moving Down","","",,="8/9","<1","false","Swing"
"TSCO","Tractor Supply Company Common Stock","Discretionary","Specialty Retail","34.68","69.29","Buy","Aug 04, 2026","Uptrend","Aug 03, 2026","11375780.43","-193.83","0.12","-3.21","Moving Up","","",,="7/9","<1","false","Swing"
"UHT","Universal Health Realty Income Trust Common Stock","Real Estate","REIT - Healthcare Facilities","40.27","59.26","Sell","Aug 04, 2026","Downtrend","Aug 10, 2026","98796.87","-61.19","2.12","-2.49","Moving Down","","",,="5/9","<1","false","Swing"
"UNTY","Unity Bancorp, Inc. Common Stock","Financials","Banks - Regional","60.87","67.35","Buy","Aug 04, 2026","Uptrend","Jul 15, 2026","64188.33","152.04","1.93","-1.54","Moving Up","","",,="8/9","<1","false","Swing"
"UTL","UNITIL Corporation Common Stock","Utilities","Utilities - Diversified","54.06","70.34","Sell","Aug 04, 2026","Uptrend","Aug 13, 2026","102624","-12.93","0.12","-0.92","Moving Down","","",,="6/9","<1","false","Swing"
"VRSK","Verisk Analytics, Inc. Common Stock","Industrials","Consulting Services","175.62","43.19","Sell","Aug 04, 2026","Downtrend","Aug 10, 2026","1666610.8","19.39","3.41","-3.33","Moving Down","","",,="4/9","<1","false","Swing"
"VSAT","ViaSat, Inc. Common Stock","Technology","Communication Equipment","81.41","76.6","Buy","Aug 04, 2026","Uptrend","Jul 30, 2026","2139394.2","-50.29","0.05","-1.76","Moving Down","","",,="8/9","<1","false","Swing"
"WCC","WESCO International, Inc. Common Stock","Industrials","Industrial Distribution","372.96","80.54","Buy","Aug 04, 2026","Uptrend","Aug 03, 2026","699297.87","317.04","1.68","3.16","Moving Up","","",,="7/9","<1","false","Swing"
"WFRD","Weatherford International plc Ordinary Shares","Energy","Oil & Gas Equipment & Services","93.08","56.07","Buy","Aug 04, 2026","Uptrend","Aug 10, 2026","1258400.23","-17.58","0.16","-1.8","Moving Down","","",,="8/9","<1","false","Swing"
"WRB","W.R. Berkley Corporation Common Stock","Financials","Insurance - Property & Casualty","69.75","49.6","Sell","Aug 04, 2026","Downtrend","Aug 10, 2026","1864505.37","-45.98","0.3","-1.08","Moving Down","","",,="5/9","<1","false","Swing"
"WTRG","Essential Utilities, Inc. Common Stock","Utilities","Utilities - Regulated Water","39.8","69.92","Sell","Aug 04, 2026","Uptrend","Jul 16, 2026","1940751.6","8.07","4.96","-1.44","Moving Down","","",,="6/9","<1","false","Swing"
"Z","Zillow Group, Inc. Class C Capital Stock","Communication","Internet Content & Information","33.72","49.54","Buy","Aug 04, 2026","Neutral","Aug 17, 2026","3721648.3","0.91","3.48","-3.05","Moving Down","","",,="5/9","<1","false","Swing"
"ZM","Zoom Communications, Inc. Class A Common Stock","Technology","Software - Application","105.56","84.78","Buy","Aug 04, 2026","Uptrend","Jul 30, 2026","3046435.57","-41.78","7.01","-0.38","Moving Down","","",,="8/9","<1","false","Swing"
"ZS","Zscaler, Inc. Common Stock","Technology","Software - Infrastructure","184.44","88.7","Buy","Aug 04, 2026","Uptrend","Jul 27, 2026","2359843.37","127.5","6.91","0.46","Moving Up","","",,="9/9","<1","false","Swing"
"AIR","AAR Corp. Common Stock","Industrials","Aerospace & Defense","153.71","84.48","Buy","Aug 03, 2026","Uptrend","Jul 27, 2026","436757.4","266.75","2.95","5.82","Moving Up","","",,="7/9","<1","false","Swing"
"AMBA","Ambarella, Inc. Ordinary Shares","Technology","Semiconductor Equipment & Materials","78.54","71.61","Buy","Aug 03, 2026","Uptrend","Jul 31, 2026","1740651.53","16.34","5.86","-4.27","Moving Down","","",,="8/9","<1","false","Swing"
"AMZN","Amazon.com, Inc. Common Stock","Discretionary","Internet Retail","261.31","80.91","Buy","Aug 03, 2026","Uptrend","Jul 31, 2026","43505338.97","24.09","0.36","-0.51","Moving Down","","Positive","true",="6/9","<1","false","Swing"
"AON","Aon plc Class A Ordinary Shares (Ireland)","Financials","Insurance Brokers","347.22","70.46","Sell","Aug 03, 2026","Downtrend","Aug 17, 2026","1126842.4","-22.52","0.28","-2.42","Moving Down","","",,="5/9","<1","false","Swing"
"AVT","Avnet, Inc. Common Stock","Technology","Electronics & Computer Distribution","98.63","81.14","Buy","Aug 03, 2026","Uptrend","Jul 31, 2026","1150537.8","101.92","2","3.05","Moving Up","","",,="9/9","<1","false","Swing"
"BBUC","Brookfield Business Corporation Class A Subordinate Voting Shares","Industrials","Conglomerates","28.95","27.67","Sell","Aug 03, 2026","Downtrend","Jul 31, 2026","315737.03","-45.98","0.15","-1.43","Moving Up","","",,="5/9","<1","false","Swing"
"BDC","Belden Inc Common Stock","Technology","Communication Equipment","137.59","87.97","Buy","Aug 03, 2026","Uptrend","Jul 31, 2026","512492.4","144.53","2.67","1.24","Moving Up","","",,="9/9","<1","false","Swing"
"BEN","Franklin Resources, Inc. Common Stock","Financials","Asset Management","34.19","76.24","Buy","Aug 03, 2026","Uptrend","Jul 31, 2026","4241360.9","76.33","5.75","0.97","Moving Up","","",,="8/9","<1","false","Swing"
"BNTX","BioNTech SE American Depositary Share","Health Care","Biotechnology","91.6","40.85","Sell","Aug 03, 2026","Neutral","Aug 17, 2026","871555.67","-45.27","1.36","-1.6","Moving Down","","",,="6/9","<1","false","Swing"
"BYD","Boyd Gaming Corporation Common Stock","Discretionary","Resorts & Casinos","82.77","40.21","Sell","Aug 03, 2026","Downtrend","Aug 03, 2026","935520.1","-13.49","0.37","-1.62","Moving Down","","",,="4/9","<1","false","Swing"
"CALM","Cal-Maine Foods, Inc. Common Stock","Staples","Farm Products","80.435","34.17","Sell","Aug 03, 2026","Downtrend","Aug 10, 2026","916015.43","17.99","0.38","-0.81","Moving Down","","",,="4/9","<1","false","Swing"
"CI","The Cigna Group Common Stock","Health Care","Healthcare Plans","275.33","43.77","Sell","Aug 03, 2026","Downtrend","Aug 03, 2026","1755300.53","-120.16","0.08","-2.56","Moving Down","","",,="6/9","<1","false","Swing"
"CNI","Canadian National Railway Company Common Stock","Industrials","Railroads","126.59","81.21","Sell","Aug 03, 2026","Uptrend","Jun 25, 2026","1380417.5","23.17","1.52","-0.2","Moving Down","","",,="5/9","<1","false","Swing"
"COIN","Coinbase Global, Inc. Class A Common Stock","Financials","Financial Data & Stock Exchanges","150.55","47.02","Sell","Aug 03, 2026","Downtrend","Jul 31, 2026","7099464.07","16.89","7.6","1.4","Moving Up","","",,="6/9","<1","false","Swing"
"CPT","Camden Property Trust Common Stock","Real Estate","REIT - Residential","108.26","58.06","Sell","Aug 03, 2026","Downtrend","Aug 10, 2026","934944","8.85","3.13","-1.9","Moving Down","","",,="5/9","<1","false","Swing"
"CSL","Carlisle Companies Incorporated Common Stock","Industrials","Building Products & Equipment","360.7","65.56","Buy","Aug 03, 2026","Uptrend","Jul 31, 2026","512479.63","14.83","0.28","-2.52","Moving Up","","",,="7/9","<1","false","Swing"
"CSX","CSX Corporation Common Stock","Industrials","Railroads","50.58","70.3","Sell","Aug 03, 2026","Uptrend","Apr 01, 2026","12382749.5","115.44","2.39","0.84","Moving Down","","",,="5/9","<1","false","Swing"
"CTVA","Corteva, Inc. Common Stock ","Materials","Agricultural Inputs","76.01","15.12","Sell","Aug 03, 2026","Downtrend","Aug 03, 2026","4075552.97","6.48","0.21","-0.87","Moving Up","","",,="7/9","<1","false","Swing"
"EG","Everest Group, Ltd. Common Stock","Financials","Insurance - Reinsurance","365.15","61.21","Sell","Aug 03, 2026","Neutral","Aug 13, 2026","340973.4","-45.25","0.14","-1.34","Moving Down","","",,="4/9","<1","false","Swing"
"ENVA","Enova International, Inc. Common Stock","Financials","Credit Services","263.91","78.57","Buy","Aug 03, 2026","Uptrend","Jun 05, 2026","330323.6","942.86","2.3","-0.58","Moving Up","","Positive",,="8/9","<1","false","Swing"
"ERIE","Erie Indemnity Company Class A Common Stock","Financials","Insurance Brokers","247.75","64.16","Buy","Aug 03, 2026","Uptrend","Jul 29, 2026","269000.33","125.51","7.34","-3.22","Moving Up","","",,="8/9","<1","false","Swing"
"ERO","Ero Copper Corp. Common Shares","Materials","Copper","34.91","88.7","Buy","Aug 03, 2026","Uptrend","Jul 31, 2026","1094447.07","-64.8","0.19","3.28","Moving Down","","",,="8/9","<1","false","Swing"
"ES","Eversource Energy (D/B/A) Common Stock","Utilities","Utilities - Regulated Electric","71.91","67.24","Sell","Aug 03, 2026","Downtrend","Aug 17, 2026","2151046","-13.16","1.87","-0.62","Moving Down","","",,="4/9","<1","false","Swing"
"FCAP","First Capital, Inc. Common Stock","Financials","Banks - Regional","63.69","48.48","Buy","Aug 03, 2026","Uptrend","Jul 29, 2026","13529.17","106.15","40.2","-1.27","Moving Up","","",,="8/9","<1","false","Swing"
"FCX","Freeport-McMoRan, Inc. Common Stock","Materials","Copper","68.38","77.91","Buy","Aug 03, 2026","Uptrend","Jul 31, 2026","13230618.13","110.38","0.76","2.84","Moving Up","","",,="8/9","<1","false","Swing"
"FICO","Fair Isaac Corporation Common Stock","Technology","Software - Application","1064.41","34.11","Sell","Aug 03, 2026","Downtrend","Jul 31, 2026","332842.57","-410.34","0.1","-1.97","Moving Down","","",,="6/9","<1","false","Swing"
"FRT","Federal Realty Investment Trust Common Stock","Real Estate","REIT - Retail","118.02","53.71","Sell","Aug 03, 2026","Downtrend","Aug 05, 2026","844795","-17.11","0.01","-0.31","Moving Down","","",,="5/9","<1","false","Swing"
"FSS","Federal Signal Corporation Common Stock","Industrials","Farm & Heavy Construction Machinery","126.14","61.62","Buy","Aug 03, 2026","Uptrend","Jul 31, 2026","469719.2","125.33","0.97","0.23","Moving Up","","",,="7/9","<1","false","Swing"
"GDDY","GoDaddy Inc. Class A Common Stock","Technology","Software - Infrastructure","92.37","54.98","Sell","Aug 03, 2026","Uptrend","Aug 04, 2026","2001416.57","72.08","8.8","-2.68","Moving Down","","",,="7/9","<1","false","Swing"
"GPI","Group 1 Automotive, Inc. Common Stock","Discretionary","Auto & Truck Dealerships","259.68","29.41","Sell","Aug 03, 2026","Downtrend","Aug 03, 2026","203133.2","221.1","3.91","-1.62","Moving Down","","",,="4/9","<1","false","Swing"
"HEI","Heico Corporation Common Stock","Industrials","Aerospace & Defense","371.28","68.34","Buy","Aug 03, 2026","Uptrend","Jul 24, 2026","418663.73","139.3","1.8","-0.9","Moving Up","","",,="7/9","<1","false","Swing"
"HPE","Hewlett Packard Enterprise Company Common Stock","Technology","Communication Equipment","57.61","82.94","Buy","Aug 03, 2026","Uptrend","Jul 09, 2026","16972971.97","470.32","2.76","-1.87","Moving Up","","",,="9/9","<1","false","Swing"
"HXL","Hexcel Corporation Common Stock","Industrials","Aerospace & Defense","103.1","66.52","Sell","Aug 03, 2026","Neutral","Aug 11, 2026","1025327.3","18.41","1.41","-0.93","Moving Down","","",,="4/9","<1","false","Swing"
"ICUI","ICU Medical, Inc. Common Stock","Health Care","Medical Instruments & Supplies","182.51","85.43","Buy","Aug 03, 2026","Uptrend","May 20, 2026","313993","-23.64","0.2","-0.26","Moving Up","","",,="8/9","<1","false","Swing"
"IEX","IDEX Corporation Common Stock","Industrials","Specialty Industrial Machinery","240.39","80.09","Buy","Aug 03, 2026","Uptrend","May 26, 2026","681684.47","11.97","0.77","0.61","Moving Up","","",,="6/9","<1","false","Swing"
"ING","ING Group, N.V. Common Stock","Financials","Banks - Diversified","35.63","72.69","Buy","Aug 03, 2026","Uptrend","Jun 15, 2026","2304660.5","181.7","2.38","-0.2","Moving Up","","",,="8/9","<1","false","Swing"
"JCI","Johnson Controls International plc Ordinary Share","Industrials","Building Products & Equipment","153.92","74.21","Buy","Aug 03, 2026","Uptrend","Jul 31, 2026","3385088.33","262.33","2.44","0.18","Moving Up","","",,="7/9","<1","false","Swing"
"JEF","Jefferies Financial Group Inc. Common Stock","Financials","Capital Markets","54.56","51.94","Sell","Aug 03, 2026","Downtrend","Aug 17, 2026","1839889.2","315","3.91","-1.05","Moving Down","","",,="5/9","<1","false","Swing"
"JKHY","Jack Henry & Associates, Inc. Common Stock","Technology","Information Technology Services","149.87","62.05","Sell","Aug 03, 2026","Uptrend","Jul 01, 2026","1032327","-53.77","0.02","-2.24","Moving Down","","",,="7/9","<1","false","Swing"
"KRG","Kite Realty Group Trust Common Stock","Real Estate","REIT - Retail","26.48","29.1","Sell","Aug 03, 2026","Downtrend","Aug 03, 2026","2694095.4","40.52","1.58","0.11","Moving Down","","",,="5/9","<1","false","Swing"
"KTB","Kontoor Brands, Inc. Common Stock ","Discretionary","Apparel Manufacturing","81.77","61.6","Sell","Aug 03, 2026","Neutral","Aug 12, 2026","749841.3","-23.22","0.29","-3.69","Moving Up","","",,="5/9","<1","false","Swing"
"LCII","LCI Industries","Discretionary","Recreational Vehicles","104.12","67.93","Sell","Aug 03, 2026","Neutral","Aug 17, 2026","339581.23","-28.51","0.02","-1.87","Moving Down","","",,="4/9","<1","false","Swing"
"LRN","Stride, Inc. Common Stock","Staples","Education & Training Services","83.43","31.01","Sell","Aug 03, 2026","Downtrend","Jul 31, 2026","1013240.33","-244.36","0.18","0.08","Moving Up","","",,="5/9","<1","false","Swing"
"LTC","LTC Properties, Inc. Common Stock","Real Estate","REIT - Healthcare Facilities","40.51","74.45","Sell","Aug 03, 2026","Neutral","Aug 14, 2026","560859.5","-13.65","0.24","0.72","Moving Down","","",,="5/9","<1","false","Swing"
"MTB","M&T Bank Corporation Common Stock","Financials","Banks - Regional","252.86","76.85","Sell","Aug 03, 2026","Uptrend","Jun 02, 2026","1048748.87","25.44","1.13","-0.48","Moving Down","","",,="6/9","<1","false","Swing"
"NEE","NextEra Energy, Inc. Common Stock","Utilities","Utilities - Regulated Electric","86.22","46.2","Sell","Aug 03, 2026","Downtrend","Aug 03, 2026","9533045.97","118.22","5.61","0.03","Moving Up","","",,="6/9","<1","false","Swing"
"NHI","National Health Investors, Inc. Common Stock","Real Estate","REIT - Healthcare Facilities","73.41","57.56","Sell","Aug 03, 2026","Downtrend","Aug 04, 2026","394795.47","44.07","29.69","0.63","Moving Down","","",,="5/9","<1","false","Swing"
"NOW","ServiceNow, Inc. Common Stock","Technology","Software - Application","117.7","94.63","Buy","Aug 03, 2026","Uptrend","Jul 29, 2026","21864282.5","-83.33","0.03","-5.08","Moving Down","","",,="8/9","<1","false","Swing"
"NWN","Northwest Natural Holding Company Common Stock","Utilities","Utilities - Regulated Gas","50.43","63.49","Sell","Aug 03, 2026","Uptrend","Aug 14, 2026","210527.67","-80.99","0.66","-0.85","Moving Up","","",,="6/9","<1","false","Swing"
"OLLI","Ollie's Bargain Outlet Holdings, Inc. Common Stock","Staples","Discount Stores","74.93","71.44","Buy","Aug 03, 2026","Neutral","Aug 17, 2026","1802908.77","-93.03","0.03","-2.04","Moving Down","","",,="5/9","<1","false","Swing"
"ONIT","Onity Group Inc. Common Stock","Financials","Mortgage Finance","38.25","43.56","Sell","Aug 03, 2026","Downtrend","Aug 17, 2026","59780","-35.64","0.27","-2.47","Moving Down","","",,="5/9","<1","false","Swing"
"PI","Impinj, Inc. Common Stock","Technology","Semiconductors","171.71","80.3","Buy","Aug 03, 2026","Uptrend","Jul 31, 2026","437735.8","640.86","3.89","-0.54","Moving Up","","",,="9/9","<1","false","Swing"
"PIPR","Piper Sandler Companies Common Stock","Financials","Capital Markets","75.24","48.1","Sell","Aug 03, 2026","Neutral","Aug 14, 2026","569580.2","289.69","2.22","-1.65","Moving Down","","",,="5/9","<1","false","Swing"
"PYPL","PayPal Holdings, Inc. Common Stock","Financials","Credit Services","60.47","72.31","Sell","Aug 03, 2026","Uptrend","Jul 02, 2026","15272757.77","-64.53","3.06","-1.93","Moving Down","","",,="6/9","<1","false","Swing"
"QRVO","Qorvo, Inc. Common Stock","Technology","Semiconductors","96.04","81.29","Buy","Aug 03, 2026","Uptrend","Aug 04, 2026","1169123.57","-109.36","0","-2.11","Moving Down","","",,="8/9","<1","false","Swing"
"REG","Regency Centers Corporation Common Stock","Real Estate","REIT - Retail","76.37","50.17","Sell","Aug 03, 2026","Downtrend","Aug 04, 2026","1314533.3","-17.61","0.26","-0.44","Moving Down","","",,="5/9","<1","false","Swing"
"RIO","Rio Tinto Plc Common Stock","Materials","Other Industrial Metals & Mining","97.21","53","Buy","Aug 03, 2026","Uptrend","Aug 17, 2026","2698136.07","20.15","0.54","1.6","Moving Up","","",,="9/9","<1","false","Swing"
"SO","Southern Company (The) Common Stock","Utilities","Utilities - Regulated Electric","92.29","30.83","Sell","Aug 03, 2026","Downtrend","Aug 03, 2026","4897707.1","75.94","3.13","-0.55","Moving Down","","",,="5/9","<1","false","Swing"
"TRN","Trinity Industries, Inc. Common Stock","Industrials","Railroads","29.87","33.47","Sell","Aug 03, 2026","Downtrend","Jul 31, 2026","743263.13","-1.97","0.37","0.95","Moving Down","","",,="4/9","<1","false","Swing"
"TSBK","Timberland Bancorp, Inc. Common Stock","Financials","Banks - Regional","45.87","72.27","Buy","Aug 03, 2026","Uptrend","Jun 04, 2026","34012.17","45.77","1.3","-0.39","Moving Up","","",,="8/9","<1","false","Swing"
"UNP","Union Pacific Corporation Common Stock","Industrials","Railroads","299.9","84.92","Sell","Aug 03, 2026","Uptrend","Jun 29, 2026","2841621.53","-10.4","0.35","2.12","Moving Down","","",,="5/9","<1","false","Swing"
"VICI","VICI Properties Inc. Common Stock","Real Estate","REIT - Diversified","25.96","27.43","Sell","Aug 03, 2026","Downtrend","Jul 30, 2026","9277798.7","-21.96","0.08","-1.52","Moving Down","","",,="4/9","<1","false","Swing"
"VVV","Valvoline Inc. Common Stock","Discretionary","Auto & Truck Dealerships","33.8","13.03","Sell","Aug 03, 2026","Downtrend","Aug 05, 2026","2125260.37","-75.65","0.02","-1.14","Moving Down","","",,="4/9","<1","false","Swing"
"WAL","Western Alliance Bancorporation Common Stock (DE)","Financials","Banks - Regional","81.72","59.75","Sell","Aug 03, 2026","Uptrend","Aug 12, 2026","945007.47","69.96","4.53","-0.73","Moving Down","","",,="6/9","<1","false","Swing"
"WHD","Cactus, Inc. Class A Common Stock","Energy","Oil & Gas Equipment & Services","73.45","98.15","Buy","Aug 03, 2026","Uptrend","Jul 30, 2026","826918.03","0.52","0.02","0.23","Moving Down","","",,="8/9","<1","false","Swing"
"AB","AllianceBernstein Holding L.P.  Units","Financials","Asset Management","36.19","62.19","Sell","Jul 31, 2026","Downtrend","Aug 10, 2026","247371.87","-41.67","0.18","-1.26","Moving Down","","",,="5/9","<1","false","Swing"
"ADC","Agree Realty Corporation Common Stock","Real Estate","REIT - Retail","74.54","39.3","Sell","Jul 31, 2026","Downtrend","Aug 04, 2026","1159467.97","-42.42","0.08","-0.27","Moving Down","","",,="5/9","<1","false","Swing"
"ADM","Archer-Daniels-Midland Company Common Stock","Staples","Farm Products","81.29","61.98","Sell","Jul 31, 2026","Neutral","Aug 10, 2026","3575855.77","87.23","2.84","1.04","Moving Up","","",,="5/9","<1","false","Swing"
"AGCO","AGCO Corporation Common Stock","Industrials","Farm & Heavy Construction Machinery","99.75","42.95","Sell","Jul 31, 2026","Downtrend","Jul 31, 2026","802436.1","-124.68","0.06","-1.56","Moving Down","","",,="4/9","<1","false","Swing"
"AMT","American Tower Corporation (REIT) Common Stock","Real Estate","REIT - Specialty","172.23","58.53","Buy","Jul 31, 2026","Neutral","Aug 17, 2026","2831876.7","-30.31","2.43","-1.91","Moving Up","","",,="7/9","<1","false","Swing"
"AR","Antero Resources Corporation Common Stock","Energy","Oil & Gas E&P","36.4","64.35","Buy","Jul 31, 2026","Uptrend","Aug 10, 2026","4499428.33","-138.33","0.27","-2.6","Moving Up","","",,="9/9","<1","false","Swing"
"ASH","Ashland Inc. Common Stock","Materials","Specialty Chemicals","74.17","93.15","Buy","Jul 31, 2026","Uptrend","May 20, 2026","741353.67","-21.78","0.21","0.62","Moving Down","","",,="8/9","<1","false","Swing"
"ATO","Atmos Energy Corporation Common Stock","Utilities","Utilities - Regulated Gas","169.9","34.79","Sell","Jul 31, 2026","Downtrend","Aug 03, 2026","1031854.9","-20.51","0.28","-0.01","Moving Down","","",,="5/9","<1","false","Swing"
"AVA","Avista Corporation Common Stock","Utilities","Utilities - Diversified","39.03","22.36","Sell","Jul 31, 2026","Downtrend","Jul 31, 2026","583571.43","-54.98","0.78","-0.31","Moving Down","","",,="5/9","<1","false","Swing"
"BRX","Brixmor Property Group Inc. Common Stock","Real Estate","REIT - Retail","29.76","40.33","Sell","Jul 31, 2026","Downtrend","Aug 04, 2026","2200780.5","-39.99","0.2","-0.73","Moving Down","","",,="5/9","<1","false","Swing"
"BSX","Boston Scientific Corporation Common Stock","Health Care","Medical Devices","51.43","71.07","Buy","Jul 31, 2026","Uptrend","Aug 06, 2026","18308276.1","-49.44","0.07","-0.77","Moving Up","","",,="9/9","<1","false","Swing"
"CHEF","The Chefs' Warehouse, Inc. Common Stock","Staples","Food Distribution","110.57","86.06","Buy","Jul 31, 2026","Uptrend","Apr 10, 2026","683508.3","44.68","0.6","1.37","Moving Down","","",,="6/9","<1","false","Swing"
"CNP","CenterPoint Energy, Inc (Holding Co) Common Stock","Utilities","Utilities - Regulated Electric","40.63","37.18","Sell","Jul 31, 2026","Downtrend","Jul 30, 2026","6069540.57","5.24","0.19","-0.49","Moving Down","","",,="5/9","<1","false","Swing"
"CTS","CTS Corporation Common Stock","Technology","Electronic Components","63.37","82.04","Buy","Jul 31, 2026","Uptrend","Jul 30, 2026","216359.7","63.75","1.65","-0.16","Moving Up","","",,="9/9","<1","false","Swing"
"ED","Consolidated Edison, Inc. Common Stock","Utilities","Utilities - Regulated Electric","108.99","44.21","Sell","Jul 31, 2026","Downtrend","Jul 31, 2026","1988215.47","6.9","0.51","0.17","Moving Down","","",,="4/9","<1","false","Swing"
"ENB","Enbridge Inc Common Stock","Energy","Oil & Gas Midstream","50.58","34.25","Sell","Jul 31, 2026","Downtrend","Jul 31, 2026","4166672.57","15.86","0.97","-0.65","Moving Down","","",,="6/9","<1","false","Swing"
"ESTA","Establishment Labs Holdings Inc. Common Shares","Health Care","Medical Devices","76.62","32.52","Sell","Jul 31, 2026","Downtrend","Aug 06, 2026","508395.97","-92.83","0.14","-3.59","Moving Down","","",,="6/9","<1","false","Swing"
"EVT","Eaton Vance Tax Advantaged Dividend Income Fund Common Shares of Beneficial Interest","Financials","Closed-End Fund - Equity","29.42","85.59","Buy","Jul 31, 2026","Uptrend","Jun 11, 2026","94428.37","50.99","1.34","0.03","Moving Up","","",,="8/9","<1","false","Swing"
"EXC","Exelon Corporation Common Stock","Utilities","Utilities - Regulated Electric","45.57","47.51","Sell","Jul 31, 2026","Downtrend","Jul 31, 2026","7781421.37","-20.11","0.32","-0.63","Moving Down","","",,="5/9","<1","false","Swing"
"EXPE","Expedia Group, Inc. Common Stock","Discretionary","Travel Services","318.5","90.96","Buy","Jul 31, 2026","Uptrend","Jun 16, 2026","1486926.73","28.66","0.43","-4.27","Moving Down","","",,="6/9","<1","false","Swing"
"FCPT","Four Corners Property Trust, Inc. Common Stock","Real Estate","REIT - Retail","25.07","32.03","Sell","Jul 31, 2026","Downtrend","Aug 05, 2026","668215.6","-8.08","0.08","-0.56","Moving Down","","",,="5/9","<1","false","Swing"
"FLS","Flowserve Corporation Common Stock","Industrials","Specialty Industrial Machinery","80.97","71.48","Buy","Jul 31, 2026","Uptrend","Jul 30, 2026","1831551.8","-1.85","0.41","0.12","Moving Up","","",,="6/9","<1","false","Swing"
"FLUT","Flutter Entertainment plc Ordinary Shares","Discretionary","Gambling","96.39","52.52","Sell","Jul 31, 2026","Downtrend","Aug 04, 2026","3004900.6","32.96","6.03","-4.95","Moving Up","","",,="5/9","<1","false","Swing"
"GMED","Globus Medical, Inc. Class A Common Stock","Health Care","Medical Devices","85.12","60.49","Buy","Jul 31, 2026","Uptrend","Aug 03, 2026","1642406.27","7.49","0.54","-0.91","Moving Up","","",,="9/9","<1","false","Swing"
"HRTG","Heritage Insurance Holdings, Inc. Common Stock","Financials","Insurance - Property & Casualty","34.17","74.47","Buy","Jul 31, 2026","Uptrend","Jun 23, 2026","316831.47","-35.71","0.23","0.62","Moving Up","","",,="8/9","<1","false","Swing"
"HTD","John Hancock Tax Advantaged Dividend Income Fund Common Shares of Beneficial Interest","Financials","Closed-End Fund - Debt","25.46","47.14","Sell","Jul 31, 2026","Downtrend","Aug 05, 2026","58913.6","15.68","0.82","-0.16","Moving Down","","",,="4/9","<1","false","Swing"
"HTO","H2O America Common Stock","Utilities","Utilities - Regulated Water","63.21","73.22","Sell","Jul 31, 2026","Uptrend","Aug 13, 2026","440802.63","-6.5","0.13","-1","Moving Down","","",,="5/9","<1","false","Swing"
"IDCC","InterDigital, Inc. Common Stock","Technology","Software - Application","348.39","81.67","Buy","Jul 31, 2026","Uptrend","Jul 30, 2026","253411.5","59.99","0.31","1.38","Moving Up","","",,="9/9","<1","false","Swing"
"IFF","International Flavors & Fragrances, Inc. Common Stock","Materials","Specialty Chemicals","81.83","77.58","Buy","Jul 31, 2026","Uptrend","Jul 29, 2026","1773300.2","-37.65","2.83","-2.79","Moving Up","","",,="9/9","<1","false","Swing"
"IRTC","iRhythm Holdings, Inc. Common Stock","Health Care","Medical Devices","116.92","61.23","Buy","Jul 31, 2026","Neutral","Aug 17, 2026","645506.5","-255.85","0.11","-7.53","Moving Down","","",,="7/9","<1","false","Swing"
"KWR","Quaker Houghton Common Stock","Materials","Specialty Chemicals","169.96","82.09","Buy","Jul 31, 2026","Uptrend","Jul 27, 2026","145991.03","-4.9","0.06","-0.45","Moving Up","","",,="8/9","<1","false","Swing"
"LHX","L3Harris Technologies, Inc. Common Stock","Industrials","Aerospace & Defense","278.38","36.02","Sell","Jul 31, 2026","Downtrend","Jul 30, 2026","1467611.97","42.97","2.99","-4.61","Moving Down","","Positive","true",="4/9","<1","false","Swing"
"MKL","Markel Group Inc. Common Stock","Financials","Insurance - Property & Casualty","1799.2","36.83","Sell","Jul 31, 2026","Downtrend","Aug 03, 2026","62271.5","17.13","0.87","-2.6","Moving Down","","",,="5/9","<1","false","Swing"
"NNN","NNN REIT, Inc. Common Stock","Real Estate","REIT - Retail","46.16","53.26","Sell","Jul 31, 2026","Downtrend","Aug 07, 2026","1396966.8","5.53","5.98","0.35","Moving Down","","",,="5/9","<1","false","Swing"
"OGE","OGE Energy Corp Common Stock","Utilities","Utilities - Regulated Electric","47.35","48.21","Sell","Jul 31, 2026","Downtrend","Jul 30, 2026","1361500.6","-14.18","0.22","-0.32","Moving Down","","",,="5/9","<1","false","Swing"
"OSIS","OSI Systems, Inc. Common Stock (DE)","Technology","Electronic Components","229.87","66.17","Buy","Jul 31, 2026","Uptrend","Aug 03, 2026","167832.53","-190.72","0.16","0.7","Moving Up","","",,="9/9","<1","false","Swing"
"PARR","Par Pacific Holdings, Inc.  Common Stock","Energy","Oil & Gas Refining & Marketing","82.07","66.58","Sell","Jul 31, 2026","Uptrend","Aug 10, 2026","1073230.87","398.81","5.12","2.18","Moving Down","","",,="7/9","<1","false","Swing"
"PII","Polaris Inc. Common Stock","Discretionary","Recreational Vehicles","68.33","60.29","Sell","Jul 31, 2026","Downtrend","Aug 17, 2026","818121.33","-2.57","35.43","-1.67","Moving Down","","",,="4/9","<1","false","Swing"
"PKBK","Parke Bancorp, Inc. Common Stock","Financials","Banks - Regional","34.9","79.09","Buy","Jul 31, 2026","Uptrend","Mar 24, 2026","46274","47.46","1.5","-0.65","Moving Up","","",,="8/9","<1","false","Swing"
"PLBC","Plumas Bancorp","Financials","Banks - Regional","62.48","74.84","Sell","Jul 31, 2026","Uptrend","Apr 08, 2026","56282.4","204.07","3.28","-0.95","Moving Down","","",,="6/9","<1","false","Swing"
"QNCX","Quince Therapeutics, Inc. Common Stock","Health Care","Biotechnology","34.12","64.25","Buy","Jul 31, 2026","Uptrend","Aug 03, 2026","36646.63","46.58","7.72","0.24","Moving Down","","",,="8/9","<1","false","Swing"
"RDVT","Red Violet, Inc. Common Stock ","Technology","Software - Application","68.04","80.5","Buy","Jul 31, 2026","Uptrend","May 04, 2026","243044.3","32.65","0.37","-2.49","Moving Down","","",,="8/9","<1","false","Swing"
"RHI","Robert Half Inc. Common Stock","Industrials","Staffing & Employment Services","42.47","93.2","Sell","Jul 31, 2026","Uptrend","May 22, 2026","2319068.77","48.58","7.81","-1.74","Moving Down","","",,="5/9","<1","false","Swing"
"SWX","Southwest Gas Holdings, Inc. Common Stock (DE)","Utilities","Utilities - Regulated Gas","91.26","56.53","Sell","Jul 31, 2026","Uptrend","Aug 07, 2026","453884.13","-83.96","0.08","-1.45","Moving Down","","",,="5/9","<1","false","Swing"
"TECK","Teck Resources Ltd Ordinary Shares","Materials","Other Industrial Metals & Mining","64.84","83.06","Buy","Jul 31, 2026","Uptrend","Jul 30, 2026","3230189.03","-503.45","0.17","2.06","Moving Down","","",,="7/9","<1","false","Swing"
"TEVA","Teva Pharmaceutical Industries Limited American Depositary Shares","Health Care","Drug Manufacturers - Specialty & Generic","36.46","52.36","Buy","Jul 31, 2026","Uptrend","Jul 30, 2026","5473337.57","236.34","2.28","-0.84","Moving Up","","",,="9/9","<1","false","Swing"
"TFPM","Triple Flag Precious Metals Corp. Common Shares","Materials","Other Precious Metals & Mining","31.64","43.76","Buy","Jul 31, 2026","Uptrend","Aug 04, 2026","469137.2","-55.06","0.27","0.54","Moving Down","","",,="8/9","<1","false","Swing"
"UFPT","UFP Technologies, Inc. Common Stock","Health Care","Medical Devices","321.31","90.2","Buy","Jul 31, 2026","Uptrend","Jul 28, 2026","208169.43","74.07","0.35","-0.14","Moving Up","","",,="9/9","<1","false","Swing"
"VRTS","Virtus Investment Partners, Inc. Common Stock","Financials","Asset Management","168.14","77.03","Sell","Jul 31, 2026","Uptrend","Jul 01, 2026","144819.03","-25.25","0.2","-0.53","Moving Down","","",,="6/9","<1","false","Swing"
"VTOL","Bristow Group, Inc. Common Stock","Energy","Oil & Gas Equipment & Services","46.15","62.19","Sell","Jul 31, 2026","Uptrend","Jul 09, 2026","194096.93","62.4","1.52","-0.82","Moving Down","","",,="7/9","<1","false","Swing"
"VTR","Ventas, Inc. Common Stock","Real Estate","REIT - Healthcare Facilities","91.17","57.55","Sell","Jul 31, 2026","Neutral","Aug 14, 2026","3196079.5","111.07","4.15","-0.38","Moving Down","","",,="5/9","<1","false","Swing"
"WABC","Westamerica Bancorporation Common Stock","Financials","Banks - Regional","59.5","64.2","Sell","Jul 31, 2026","Neutral","Aug 11, 2026","171291.5","-1.51","0.15","-0.63","Moving Down","","",,="4/9","<1","false","Swing"
"WK","Workiva Inc. Class A Common Stock","Technology","Software - Application","69.87","97.22","Buy","Jul 31, 2026","Uptrend","Jul 24, 2026","785013.73","-163.33","0.12","-0.91","Moving Up","","",,="9/9","<1","false","Swing"
"WM","Waste Management, Inc. Common Stock","Industrials","Waste Management","224.02","58.67","Sell","Jul 31, 2026","Downtrend","Aug 07, 2026","1863907.6","15.41","0.38","-0.24","Moving Down","","",,="4/9","<1","false","Swing"
"WYNN","Wynn Resorts, Limited Common stock","Discretionary","Resorts & Casinos","102.79","66.94","Buy","Jul 31, 2026","Uptrend","Aug 05, 2026","1459486.17","2.1","3.68","0.25","Moving Up","","",,="7/9","<1","false","Swing"
"ZBRA","Zebra Technologies Corporation Class A Common Stock","Technology","Communication Equipment","371.26","96.46","Buy","Jul 31, 2026","Uptrend","Jun 24, 2026","792521.97","62.7","3.88","-1.27","Moving Up","","",,="9/9","<1","false","Swing"
"ABNB","Airbnb, Inc. Class A Common Stock","Discretionary","Travel Services","179.29","97.86","Buy","Jul 30, 2026","Uptrend","Jul 28, 2026","4328864.23","49.26","5.61","-2.59","Moving Down","","",,="6/9","<1","false","Swing"
"AGM","Federal Agricultural Mortgage Corporation Common Stock","Financials","Credit Services","231.72","79.51","Buy","Jul 30, 2026","Uptrend","Apr 09, 2026","117210.53","135.43","1.41","-0.42","Moving Down","","",,="7/9","<1","false","Swing"
"ANDE","Andersons, Inc. (The) Common Stock","Staples","Food Distribution","68.88","36.72","Sell","Jul 30, 2026","Downtrend","Aug 05, 2026","331149.1","-119.02","0.27","4.52","Moving Down","","",,="4/9","<1","false","Swing"
"ANF","Abercrombie & Fitch Company Common Stock","Discretionary","Apparel Retail","105.16","66.86","Buy","Jul 30, 2026","Uptrend","Jun 09, 2026","976342.1","343.79","1.91","-2.75","Moving Down","","",,="6/9","<1","false","Swing"
"ARCB","ArcBest Corporation Common Stock","Industrials","Trucking","145.87","52.38","Sell","Jul 30, 2026","Neutral","Aug 17, 2026","365745.53","-72.77","0.3","2.09","Moving Down","","",,="4/9","<1","false","Swing"
"AXS","Axis Capital Holdings Limited Common Stock","Financials","Insurance - Specialty","99.88","43.09","Sell","Jul 30, 2026","Downtrend","Jul 31, 2026","739871.97","-18.64","0.33","-1.3","Moving Down","","",,="5/9","<1","false","Swing"
"BANF","BancFirst Corporation Common Stock","Financials","Banks - Regional","114.93","61.76","Sell","Jul 30, 2026","Uptrend","Aug 14, 2026","130328.1","38.02","0.99","-0.68","Moving Down","","",,="5/9","<1","false","Swing"
"BFC","Bank First Corporation Common Stock","Financials","Banks - Regional","156.88","62.55","Buy","Jul 30, 2026","Uptrend","Jun 18, 2026","88323.8","29.03","0.51","-0.71","Moving Up","","",,="8/9","<1","false","Swing"
"BG","Bunge Limited Common Shares","Staples","Farm Products","114.91","48.31","Sell","Jul 30, 2026","Neutral","Aug 17, 2026","1276433.87","-20.34","0.28","1.07","Moving Up","","",,="5/9","<1","false","Swing"
"BKH","Black Hills Corporation Common Stock","Utilities","Utilities - Regulated Gas","73.39","56.34","Sell","Jul 30, 2026","Downtrend","Aug 17, 2026","759656.57","-45.96","0","-1.21","Moving Down","","",,="5/9","<1","false","Swing"
"BKNG","Booking Holdings Inc. Common Stock","Discretionary","Travel Services","204.76","87.46","Buy","Jul 30, 2026","Uptrend","Jul 24, 2026","5665129.23","35.63","0.65","-3.44","Moving Down","","",,="6/9","<1","false","Swing"
"BSVN","Bank7 Corp. Common stock","Financials","Banks - Regional","52.09","76.33","Buy","Jul 30, 2026","Uptrend","May 22, 2026","36496","124.68","2.53","-0.38","Moving Up","","",,="8/9","<1","false","Swing"
"BZH","Beazer Homes USA, Inc. Common Stock","Discretionary","Residential Construction","33.17","85.34","Sell","Jul 30, 2026","Uptrend","May 20, 2026","739157.03","-127.2","0.21","0.21","Moving Down","","",,="5/9","<1","false","Swing"
"CFFI","C&F Financial Corporation Common Stock","Financials","Banks - Regional","85.96","78.85","Buy","Jul 30, 2026","Uptrend","Jul 28, 2026","17748.93","115.46","3.05","-2.75","Moving Up","","",,="8/9","<1","false","Swing"
"CHTR","Charter Communications, Inc. Class A Common Stock New","Communication","Telecom Services","144.1","71.28","Buy","Jul 30, 2026","Neutral","Aug 17, 2026","2670293.97","-14.45","16.35","-6.59","Moving Down","","",,="4/9","<1","false","Swing"
"CMCSA","Comcast Corporation Class A Common Stock","Communication","Telecom Services","25.57","76.35","Buy","Jul 30, 2026","Uptrend","Aug 03, 2026","29502340.83","-55.79","2.27","-2.33","Moving Up","","",,="7/9","<1","false","Swing"
"COST","Costco Wholesale Corporation Common Stock","Staples","Discount Stores","953.5","52.32","Buy","Jul 30, 2026","Neutral","Aug 17, 2026","1957555.1","266.1","2.95","-0.79","Moving Up","","",,="6/9","<1","false","Swing"
"CPRT","Copart, Inc. (DE) Common Stock","Industrials","Specialty Business Services","31.7","64.76","Buy","Jul 30, 2026","Uptrend","Aug 14, 2026","11393373","177.86","14.67","0.28","Moving Up","","",,="7/9","<1","false","Swing"
"CROX","Crocs, Inc. Common Stock","Discretionary","Footwear & Accessories","129.97","71.26","Sell","Jul 30, 2026","Uptrend","Jul 31, 2026","1011787.83","201.84","2.74","-1.33","Moving Down","","",,="5/9","<1","false","Swing"
"CTRE","CareTrust REIT, Inc. Common Stock","Real Estate","REIT - Healthcare Facilities","39.26","43.22","Sell","Jul 30, 2026","Downtrend","Aug 10, 2026","2106403.63","61.29","1.49","1.26","Moving Down","","",,="5/9","<1","false","Swing"
"CZFS","Citizens Financial Services, Inc. Common Stock","Financials","Banks - Regional","81.89","86.1","Buy","Jul 30, 2026","Uptrend","Jun 05, 2026","28365.87","51.55","1.91","-0.79","Moving Up","","",,="7/9","<1","false","Swing"
"DLB","Dolby Laboratories Common Stock","Industrials","Specialty Business Services","61.35","95.16","Buy","Jul 30, 2026","Uptrend","Jul 31, 2026","907874.67","-5.72","6.34","-1.67","Moving Up","","",,="7/9","<1","false","Swing"
"DOX","Amdocs Limited Ordinary Shares","Technology","Software - Infrastructure","57.25","71.55","Buy","Jul 30, 2026","Uptrend","Aug 06, 2026","1256945.53","-28.95","1.88","-1.67","Moving Up","","",,="9/9","<1","false","Swing"
"DRI","Darden Restaurants, Inc. Common Stock","Discretionary","Restaurants","225.5","78.4","Buy","Jul 30, 2026","Uptrend","Jul 29, 2026","1280539","-105.54","0.17","0.11","Moving Up","","",,="7/9","<1","false","Swing"
"DSGX","Descartes Systems Group Inc. (The) Common Stock","Technology","Software - Application","74.92","82.73","Buy","Jul 30, 2026","Uptrend","Jul 29, 2026","461126.2","-73.83","0.2","-3","Moving Down","","",,="8/9","<1","false","Swing"
"DXCM","DexCom, Inc. Common Stock","Health Care","Medical Devices","88.76","86.54","Buy","Jul 30, 2026","Uptrend","Jul 24, 2026","5085135.5","119.4","6.05","-1.1","Moving Up","","",,="9/9","<1","false","Swing"
"EVRG","Evergy, Inc. Common Stock","Utilities","Utilities - Regulated Electric","83.93","37.06","Sell","Jul 30, 2026","Downtrend","Jul 30, 2026","1992269.73","26.76","1.92","-0.12","Moving Up","","",,="5/9","<1","false","Swing"
"FOX","Fox Corporation Class B Common Stock","Communication","Entertainment","61.49","85.08","Buy","Jul 30, 2026","Uptrend","Jul 29, 2026","1145709.93","46.38","1.17","0.13","Moving Up","","",,="6/9","<1","false","Swing"
"FOXA","Fox Corporation Class A Common Stock","Communication","Entertainment","69.19","86.8","Buy","Jul 30, 2026","Uptrend","Jul 28, 2026","4849314.4","66.76","1.67","0.22","Moving Up","","",,="7/9","<1","false","Swing"
"FR","First Industrial Realty Trust, Inc. Common Stock","Real Estate","REIT - Industrial","62.9","50.35","Sell","Jul 30, 2026","Downtrend","Aug 05, 2026","1107226.57","38.97","2.01","0.05","Moving Down","","",,="5/9","<1","false","Swing"
"FSUN","FirstSun Capital Bancorp Common Stock","Financials","Banks - Regional","40.98","92.51","Buy","Jul 30, 2026","Uptrend","Jul 29, 2026","287500.07","-8.91","0.02","-0.32","Moving Up","","",,="7/9","<1","false","Swing"
"GRMN","Garmin Ltd. Common Stock (Switzerland)","Technology","Scientific & Technical Instruments","307.5","96.14","Buy","Jul 30, 2026","Uptrend","Jul 24, 2026","927582.2","32.48","0.39","-0.87","Moving Up","","",,="9/9","<1","false","Swing"
"GTY","Getty Realty Corporation Common Stock","Real Estate","REIT - Retail","33.07","49.12","Sell","Jul 30, 2026","Downtrend","Aug 03, 2026","428887.3","26.59","2.01","-0.33","Moving Down","","",,="5/9","<1","false","Swing"
"GXO","GXO Logistics, Inc. Common Stock ","Industrials","Integrated Freight & Logistics","47.32","35.01","Sell","Jul 30, 2026","Downtrend","Aug 05, 2026","1578252.4","-35.6","1.56","-2.59","Moving Up","","",,="5/9","<1","false","Swing"
"HAE","Haemonetics Corporation Common Stock","Health Care","Medical Devices","90.27","66.71","Buy","Jul 30, 2026","Uptrend","May 21, 2026","692154.17","-59.79","1.09","-0.58","Moving Up","","",,="9/9","<1","false","Swing"
"HCA","HCA Healthcare, Inc. Common Stock","Health Care","Medical Care Facilities","404.98","50.16","Buy","Jul 30, 2026","Uptrend","Jul 31, 2026","1560213.5","87.37","1.33","0.07","Moving Down","","",,="8/9","<1","false","Swing"
"HTH","Hilltop Holdings Inc.","Financials","Financial Conglomerates","39.33","56.25","Buy","Jul 30, 2026","Uptrend","Jul 24, 2026","235094.9","31.65","1.35","-0.68","Moving Down","","",,="6/9","<1","false","Swing"
"HUBG","Hub Group, Inc. Class A Common Stock","Industrials","Integrated Freight & Logistics","39.47","50.03","Sell","Jul 30, 2026","Downtrend","Aug 11, 2026","1051881.57","25.53","1.45","-2.06","Moving Down","","","true",="4/9","<1","false","Swing"
"IVT","InvenTrust Properties Corp. Common Stock","Real Estate","REIT - Retail","33.42","34.33","Sell","Jul 30, 2026","Downtrend","Aug 04, 2026","615445.4","-66.23","0.17","-0.62","Moving Up","","",,="6/9","<1","false","Swing"
"JPM","JP Morgan Chase & Co. Common Stock","Financials","Banks - Diversified","360.96","67.07","Sell","Jul 30, 2026","Uptrend","Jun 05, 2026","7927878.07","120.5","2.02","-0.52","Moving Down","","",,="6/9","<1","false","Swing"
"KEX","Kirby Corporation Common Stock","Industrials","Marine Shipping","141.13","36.98","Sell","Jul 30, 2026","Neutral","Aug 14, 2026","601992.03","32.52","1.43","1.81","Moving Up","","",,="5/9","<1","false","Swing"
"KFRC","Kforce, Inc. Common Stock","Industrials","Staffing & Employment Services","57.06","77.03","Sell","Jul 30, 2026","Uptrend","Apr 13, 2026","280722.83","-29.54","0.23","-1.76","Moving Down","","",,="5/9","<1","false","Swing"
"KO","Coca-Cola Company (The) Common Stock","Staples","Beverages - Non-Alcoholic","86.98","84.19","Buy","Jul 30, 2026","Uptrend","Jun 09, 2026","15718049","11.15","0.34","-0.83","Moving Down","","",,="6/9","<1","false","Swing"
"LBRDA","Liberty Broadband Corporation Class A Common Stock","Communication","Telecom Services","33.94","72.08","Buy","Jul 30, 2026","Neutral","Aug 17, 2026","205937.27","-63.09","4.06","-6.5","Moving Down","","",,="4/9","<1","false","Swing"
"LBRDK","Liberty Broadband Corporation Class C Common Stock","Communication","Telecom Services","33.96","71.8","Buy","Jul 30, 2026","Neutral","Aug 17, 2026","1685903.7","-43.37","5.9","-6.52","Moving Down","","",,="4/9","<1","false","Swing"
"MAN","ManpowerGroup Common Stock","Industrials","Staffing & Employment Services","56.77","93.19","Sell","Jul 30, 2026","Uptrend","May 28, 2026","1324860.23","47.25","6.64","-2.62","Moving Down","","",,="5/9","<1","false","Swing"
"MGEE","MGE Energy, Inc","Utilities","Utilities - Regulated Electric","81.03","66.56","Sell","Jul 30, 2026","Uptrend","Aug 12, 2026","179701.77","-43.7","0.04","-0.86","Moving Down","","",,="5/9","<1","false","Swing"
"MMSI","Merit Medical Systems, Inc. Common Stock","Health Care","Medical Instruments & Supplies","89.73","98.56","Buy","Jul 30, 2026","Uptrend","Jun 18, 2026","992967.43","45","0.69","-1.13","Moving Down","","",,="7/9","<1","false","Swing"
"MSFT","Microsoft Corporation Common Stock","Technology","Software - Infrastructure","480.35","94.54","Buy","Jul 30, 2026","Uptrend","Jul 30, 2026","34560032.93","119.68","1.56","-3.04","Moving Up","","Negative","true",="9/9","<1","false","Swing"
"NEU","NewMarket Corp Common Stock","Materials","Specialty Chemicals","951.06","97.27","Buy","Jul 30, 2026","Uptrend","Jul 29, 2026","125605.37","21.85","0.64","-1.13","Moving Up","","",,="9/9","<1","false","Swing"
"NWE","NorthWestern Energy Group, Inc. Common Stock","Utilities","Utilities - Regulated Electric","70.82","55.53","Sell","Jul 30, 2026","Downtrend","Aug 17, 2026","356570.8","-23.31","0.07","-1.38","Moving Up","","",,="5/9","<1","false","Swing"
"ODFL","Old Dominion Freight Line, Inc. Common Stock","Industrials","Trucking","211.96","38.83","Sell","Jul 30, 2026","Downtrend","Jul 30, 2026","1638907.53","-232.53","0.18","0.47","Moving Down","","",,="3/9","<1","false","Swing"
"OSW","OneSpaWorld Holdings Limited Common Shares","Discretionary","Leisure","26.725","50.8","Sell","Jul 30, 2026","Uptrend","Aug 14, 2026","866952.77","-40.26","0.24","-0.72","Moving Down","","",,="5/9","<1","false","Swing"
"PTC","PTC Inc. Common Stock","Technology","Software - Application","145.98","71.53","Buy","Jul 30, 2026","Uptrend","Jul 29, 2026","1455705.07","-20.87","0.31","-2.52","Moving Up","","",,="9/9","<1","false","Swing"
"RACE","Ferrari N.V. Common Shares","Discretionary","Auto Manufacturers","417.1","85.4","Buy","Jul 30, 2026","Uptrend","Jul 27, 2026","444912.5","18.85","0.44","0.54","Moving Up","","Positive",,="6/9","<1","false","Swing"
"RMD","ResMed Inc. Common Stock","Health Care","Medical Instruments & Supplies","220.37","75.71","Buy","Jul 30, 2026","Uptrend","Jul 28, 2026","1421540.7","-6.46","0.29","-1.82","Moving Up","","",,="9/9","<1","false","Swing"
"ROOT","Root, Inc. Class A Common Stock","Financials","Insurance - Property & Casualty","49.7","31.4","Sell","Jul 30, 2026","Downtrend","Aug 06, 2026","259848.5","15.15","22.9","-3.4","Moving Up","","",,="6/9","<1","false","Swing"
"SBCF","Seacoast Banking Corporation of Florida Common Stock","Financials","Banks - Regional","35.8","81.96","Buy","Jul 30, 2026","Uptrend","Jun 22, 2026","986469.7","-7.11","0.26","-0.91","Moving Up","","",,="8/9","<1","false","Swing"
"SCHW","Charles Schwab Corporation (The) Common Stock","Financials","Capital Markets","110.58","80.45","Buy","Jul 30, 2026","Uptrend","Jun 30, 2026","7548030.7","121.2","2.4","-0.46","Moving Up","","",,="8/9","<1","false","Swing"
"SCL","Stepan Company Common Stock","Materials","Specialty Chemicals","64.72","86.79","Buy","Jul 30, 2026","Uptrend","Jun 09, 2026","141091.53","11.66","3.44","-0.69","Moving Up","","",,="8/9","<1","false","Swing"
"SHW","Sherwin-Williams Company (The) Common Stock","Materials","Specialty Chemicals","349.97","88.46","Buy","Jul 30, 2026","Uptrend","Jul 28, 2026","1943218.03","99.26","2.83","-2.54","Moving Up","","",,="9/9","<1","false","Swing"
"SPSC","SPS Commerce, Inc. Common Stock","Technology","Software - Application","76.23","90.82","Buy","Jul 30, 2026","Uptrend","Jun 26, 2026","580672.43","-172.5","0.06","-3.99","Moving Up","","",,="9/9","<1","false","Swing"
"STAG","Stag Industrial, Inc. Common Stock","Real Estate","REIT - Industrial","36.8","30.94","Sell","Jul 30, 2026","Downtrend","Jul 31, 2026","1713622.43","46.01","5.16","0.14","Moving Down","","",,="5/9","<1","false","Swing"
"STN","Stantec Inc Common Stock","Industrials","Engineering & Construction","74.27","43.55","Buy","Jul 30, 2026","Uptrend","Aug 04, 2026","371794.7","-57.56","0.25","0.77","Moving Up","","",,="7/9","<1","false","Swing"
"SYF","Synchrony Financial Common Stock","Financials","Credit Services","80.75","70.24","Buy","Jul 30, 2026","Uptrend","Jul 28, 2026","3619134","178.97","4.07","-0.31","Moving Up","","Positive",,="8/9","<1","false","Swing"
"TCBK","TriCo Bancshares Common Stock","Financials","Banks - Regional","57.46","67.27","Sell","Jul 30, 2026","Uptrend","Jun 04, 2026","474287","81.19","3.81","-0.19","Moving Down","","",,="5/9","<1","false","Swing"
"TRNO","Terreno Realty Corporation Common Stock","Real Estate","REIT - Industrial","68.18","53.61","Sell","Jul 30, 2026","Downtrend","Aug 06, 2026","771955.63","49","4.6","-0.06","Moving Down","","",,="5/9","<1","false","Swing"
"TXT","Textron Inc. Common Stock","Industrials","Aerospace & Defense","87.65","47.28","Sell","Jul 30, 2026","Downtrend","Jul 29, 2026","1586749.9","-10.07","0.35","-1.52","Moving Down","","",,="4/9","<1","false","Swing"
"USFD","US Foods Holding Corp. Common Stock","Staples","Food Distribution","108.61","93.36","Buy","Jul 30, 2026","Uptrend","Jul 27, 2026","2423717.3","219.05","3.74","-0.28","Moving Up","","",,="7/9","<1","false","Swing"
"WAT","Waters Corporation Common Stock","Health Care","Diagnostics & Research","407.74","75.87","Buy","Jul 30, 2026","Uptrend","Jul 21, 2026","826785.5","-44.64","0.21","-1.07","Moving Up","","",,="9/9","<1","false","Swing"
"WSM","Williams-Sonoma, Inc. Common Stock (DE)","Discretionary","Specialty Retail","240.42","68.84","Buy","Jul 30, 2026","Uptrend","May 26, 2026","895241.73","427.81","4.93","-0.48","Moving Up","","",,="7/9","<1","false","Swing"
"WSO/B","Watsco, Inc. Class B Common Stock","Industrials","Industrial Distribution","328.83","21.99","Sell","Jul 30, 2026","Downtrend","Jul 29, 2026","114.17","-111.02","0.13","0","Moving Down","","",,="4/9","<1","false","Swing"
"WTM","White Mountains Insurance Group, Ltd. Common Stock","Financials","Insurance - Property & Casualty","2113.4","51.82","Sell","Jul 30, 2026","Downtrend","Aug 17, 2026","19318.7","-35.28","0.26","-1.11","Moving Down","","",,="5/9","<1","false","Swing"
"AOS","A.O. Smith Corporation Common Stock","Industrials","Specialty Industrial Machinery","61.4","53.79","Buy","Jul 29, 2026","Uptrend","Aug 03, 2026","1613441.83","-32.67","0.17","-1.24","Moving Down","","",,="6/9","<1","false","Swing"
"AVY","Avery Dennison Corporation Common Stock","Discretionary","Packaging & Containers","176.62","85.05","Buy","Jul 29, 2026","Uptrend","Jul 28, 2026","802881.97","-29.82","0.21","-1.29","Moving Up","","",,="7/9","<1","false","Swing"
"AXTA","Axalta Coating Systems Ltd. Common Shares","Materials","Specialty Chemicals","36.11","98.63","Buy","Jul 29, 2026","Uptrend","Jul 28, 2026","1591150","-68.12","0.06","-3.22","Moving Down","","",,="8/9","<1","false","Swing"
"BCH","Banco De Chile ADS","Financials","Banks - Regional","41.09","57.05","Sell","Jul 29, 2026","Uptrend","Aug 13, 2026","263963.47","56.09","0.95","0.98","Moving Down","","",,="6/9","<1","false","Swing"
"BKR","Baker Hughes Company Class A Common Stock","Energy","Oil & Gas Equipment & Services","64.9","72.55","Buy","Jul 29, 2026","Uptrend","Jul 30, 2026","8359945.2","31.05","1.01","0.12","Moving Up","","",,="8/9","<1","false","Swing"
"BOH","Bank of Hawaii Corporation Common Stock","Financials","Banks - Regional","79.83","56.81","Sell","Jul 29, 2026","Downtrend","Aug 05, 2026","423131.83","44.72","13.92","-0.57","Moving Down","","",,="4/9","<1","false","Swing"
"CACI","CACI International, Inc. Class A Common Stock","Technology","Information Technology Services","649.34","74.7","Buy","Jul 29, 2026","Uptrend","Jul 31, 2026","297222.83","218.63","3.17","-3.16","Moving Up","","",,="9/9","<1","false","Swing"
"CAE","CAE Inc. Ordinary Shares","Industrials","Aerospace & Defense","27.14","78.51","Buy","Jul 29, 2026","Uptrend","Jul 28, 2026","558175.5","-85.58","0.01","3.67","Moving Up","","",,="6/9","<1","false","Swing"
"CCS","Century Communities, Inc. Common Stock","Real Estate","Real Estate - Development","70.24","69.86","Buy","Jul 29, 2026","Uptrend","Jun 09, 2026","240081.1","-236.05","0.13","-0.55","Moving Up","","",,="8/9","<1","false","Swing"
"CSW","CSW Industrials, Inc. Common Stock","Industrials","Specialty Industrial Machinery","342.71","79.89","Buy","Jul 29, 2026","Uptrend","Jul 30, 2026","163634.47","120.39","0.87","-0.71","Moving Down","","",,="6/9","<1","false","Swing"
"CVLG","Covenant Logistics Group, Inc. Class A Common Stock","Industrials","Trucking","35.44","15.85","Sell","Jul 29, 2026","Downtrend","Jul 29, 2026","208627.57","31.99","0.19","1.55","Moving Down","","",,="4/9","<1","false","Swing"
"DD","DuPont de Nemours, Inc. Common Stock","Materials","Specialty Chemicals","143.07","55.81","Buy","Jul 29, 2026","Uptrend","Aug 03, 2026","1509452","101.89","2.59","-2.18","Moving Up","","",,="9/9","<1","false","Swing"
"DK","Delek US Holdings, Inc. Common Stock","Energy","Oil & Gas Refining & Marketing","67.21","77.54","Sell","Jul 29, 2026","Uptrend","Jun 26, 2026","1241839.17","-27.8","0.26","2.66","Moving Down","","",,="6/9","<1","false","Swing"
"DUOL","Duolingo, Inc. Class A Common Stock","Technology","Software - Application","130.16","64.02","Buy","Jul 29, 2026","Uptrend","Aug 07, 2026","1185659.37","187.88","26.99","-2.01","Moving Down","","",,="8/9","<1","false","Swing"
"EEFT","Euronet Worldwide, Inc. Common Stock","Technology","Software - Infrastructure","70.55","52.44","Sell","Jul 29, 2026","Downtrend","Aug 14, 2026","694933.7","-23.11","7.51","-3.62","Moving Down","","",,="6/9","<1","false","Swing"
"ELF","e.l.f. Beauty, Inc. Common Stock","Staples","Household & Personal Products","93.66","80.83","Buy","Jul 29, 2026","Uptrend","Jun 12, 2026","2433899.87","-12.41","0.3","2.43","Moving Up","","",,="7/9","<1","false","Swing"
"EPAC","Enerpac Tool Group Corp. Common Stock","Industrials","Specialty Industrial Machinery","37.08","62.51","Buy","Jul 29, 2026","Uptrend","Jul 28, 2026","528477.47","-18.67","0.24","0.38","Moving Up","","",,="6/9","<1","false","Swing"
"FAST","Fastenal Company Common Stock","Industrials","Industrial Distribution","51.23","79.95","Buy","Jul 29, 2026","Uptrend","Jul 27, 2026","8456842.77","93.22","1.08","0.41","Moving Up","","",,="7/9","<1","false","Swing"
"FHI","Federated Hermes, Inc. Common Stock","Financials","Asset Management","64.15","88.76","Buy","Jul 29, 2026","Uptrend","Jul 24, 2026","552355.73","17.81","0.38","0.03","Moving Up","","",,="8/9","<1","false","Swing"
"FRPT","Freshpet, Inc. Common Stock","Staples","Packaged Foods","72.65","85.48","Buy","Jul 29, 2026","Uptrend","Jul 15, 2026","1326082.83","21.21","8.04","-0.15","Moving Up","","",,="7/9","<1","false","Swing"
"FSLY","Fastly, Inc. Class A Common Stock","Technology","Software - Application","29.04","71.47","Buy","Jul 29, 2026","Uptrend","Jul 24, 2026","6066182.77","-25.68","0.19","-2.97","Moving Up","","",,="8/9","<1","false","Swing"
"GWRE","Guidewire Software, Inc. Common Stock","Technology","Software - Application","171.99","89.08","Buy","Jul 29, 2026","Uptrend","Jul 24, 2026","1195950.93","-10.41","0.29","-2.05","Moving Down","","",,="8/9","<1","false","Swing"
"HALO","Halozyme Therapeutics, Inc. Common Stock","Health Care","Biotechnology","103","85.93","Buy","Jul 29, 2026","Uptrend","Jun 03, 2026","2148193.7","367.22","2.23","4.4","Moving Up","","",,="9/9","<1","false","Swing"
"HII","Huntington Ingalls Industries, Inc. Common Stock","Industrials","Aerospace & Defense","318.34","74.86","Buy","Jul 29, 2026","Uptrend","Jul 30, 2026","499855.43","95","10.91","-2.86","Moving Down","","",,="6/9","<1","false","Swing"
"HRB","H&R Block, Inc. Common Stock","Discretionary","Personal Services","50.13","93.66","Buy","Jul 29, 2026","Uptrend","Jun 30, 2026","2381955.7","-46.04","0.28","-7.03","Moving Up","","",,="7/9","<1","false","Swing"
"HSY","The Hershey Company Common Stock","Staples","Confectioners","181.06","51.34","Buy","Jul 29, 2026","Uptrend","Aug 06, 2026","1612332.73","-19.73","0.23","-1.72","Moving Up","","",,="7/9","<1","false","Swing"
"IMNM","Immunome, Inc. Common Stock","Health Care","Biotechnology","27.4","55.54","Buy","Jul 29, 2026","Uptrend","Jun 30, 2026","1100987.9","176.62","2.53","0.74","Moving Down","","",,="8/9","<1","false","Swing"
"ISTR","Investar Holding Corporation Common Stock","Financials","Banks - Regional","30.91","70.55","Buy","Jul 29, 2026","Uptrend","Jul 16, 2026","171705.7","85.6","5.84","-0.13","Moving Up","","",,="8/9","<1","false","Swing"
"ITRI","Itron, Inc. Common Stock","Technology","Scientific & Technical Instruments","100.61","91.17","Buy","Jul 29, 2026","Uptrend","Jul 27, 2026","921793.17","-101.23","0.05","-0.94","Moving Down","","",,="8/9","<1","false","Swing"
"KARO","Karooooo Ltd. Ordinary Shares","Technology","Software - Application","62.21","65.9","Sell","Jul 29, 2026","Uptrend","Jun 25, 2026","137879.97","-120.81","0.22","-0.11","Moving Down","","",,="7/9","<1","false","Swing"
"KB","KB Financial Group Inc","Financials","Banks - Regional","120.31","68.5","Sell","Jul 29, 2026","Uptrend","Jul 06, 2026","270642.43","-85.97","0.27","0.3","Moving Down","","",,="6/9","<1","false","Swing"
"KKR","KKR & Co. Inc. Common Stock","Financials","Asset Management","108.83","77.63","Buy","Jul 29, 2026","Uptrend","Jul 24, 2026","4519948.8","232.79","2.22","-4.54","Moving Up","","",,="8/9","<1","false","Swing"
"KNSL","Kinsale Capital Group, Inc. Common Stock","Financials","Insurance - Property & Casualty","367.16","70.4","Buy","Jul 29, 2026","Uptrend","Jul 23, 2026","292946.8","-133.67","0.15","-3.17","Moving Down","","",,="7/9","<1","false","Swing"
"KOF","Coca Cola Femsa S.A.B. de C.V.  American Depositary Shares, each representing 10 Units (each Unit consists of 3 Series B Shares and 5 Series L Shares)","Staples","Beverages - Non-Alcoholic","108.69","62.99","Buy","Jul 29, 2026","Uptrend","Jul 28, 2026","141242.53","51.48","0.93","-0.23","Moving Down","","",,="6/9","<1","false","Swing"
"LIND","Lindblad Expeditions Holdings Inc. Common Stock","Discretionary","Travel Services","32.77","91.52","Buy","Jul 29, 2026","Uptrend","May 20, 2026","796586.9","38.06","1.23","-2.41","Moving Down","","",,="6/9","<1","false","Swing"
"MANH","Manhattan Associates, Inc. Common Stock","Technology","Software - Application","196.47","88.83","Buy","Jul 29, 2026","Uptrend","Jul 02, 2026","925287.2","-121.18","0.19","-0.47","Moving Up","","",,="9/9","<1","false","Swing"
"MATX","Matson, Inc. Common Stock","Industrials","Marine Shipping","219.95","69.35","Sell","Jul 29, 2026","Uptrend","Mar 25, 2026","309650.2","355.81","1.79","1.22","Moving Up","","",,="6/9","<1","false","Swing"
"MHK","Mohawk Industries, Inc. Common Stock","Discretionary","Furnishings Fixtures & Appliances","135.34","93.43","Buy","Jul 29, 2026","Uptrend","Jul 27, 2026","907671.47","27.59","221.48","-3.4","Moving Up","","",,="7/9","<1","false","Swing"
"MKTX","MarketAxess Holdings, Inc. Common Stock","Financials","Capital Markets","162.56","92.43","Buy","Jul 29, 2026","Uptrend","Jul 29, 2026","1178027.87","-87.46","2.23","-0.01","Moving Up","","",,="8/9","<1","false","Swing"
"MLAB","Mesa Laboratories, Inc. Common Stock","Technology","Scientific & Technical Instruments","107.64","60.06","Buy","Jul 29, 2026","Uptrend","Jul 28, 2026","175752.73","4.7","3.17","1.51","Moving Up","","",,="9/9","<1","false","Swing"
"MUSA","Murphy USA Inc. Common Stock","Discretionary","Specialty Retail","586.06","25.6","Sell","Jul 29, 2026","Neutral","Aug 17, 2026","287457.17","29.98","0.2","2.98","Moving Down","","",,="4/9","<1","false","Swing"
"NSP","Insperity, Inc. Common Stock","Industrials","Staffing & Employment Services","50.46","85.58","Sell","Jul 29, 2026","Uptrend","May 15, 2026","612477.8","-30.24","4.53","-3.33","Moving Down","","",,="4/9","<1","false","Swing"
"OMF","OneMain Holdings, Inc. Common Stock","Financials","Credit Services","65.15","80.24","Buy","Jul 29, 2026","Uptrend","Jun 11, 2026","1031788.9","86.08","2.17","-0.81","Moving Up","","",,="7/9","<1","false","Swing"
"ORLY","O'Reilly Automotive, Inc. Common Stock","Discretionary","Auto Parts","90.23","69.34","Buy","Jul 29, 2026","Uptrend","Jul 31, 2026","6983471.43","-17.5","0.33","-0.9","Moving Down","","",,="6/9","<1","false","Swing"
"PAYC","Paycom Software, Inc. Common Stock","Technology","Software - Application","214.19","97.82","Buy","Jul 29, 2026","Uptrend","Jul 06, 2026","892368.67","51.11","21.33","-1.81","Moving Down","","",,="8/9","<1","false","Swing"
"PBF","PBF Energy Inc. Class A Common Stock","Energy","Oil & Gas Refining & Marketing","75.07","85.02","Sell","Jul 29, 2026","Uptrend","Jun 26, 2026","3241892.2","202.02","4.36","4.48","Moving Up","","Positive",,="8/9","<1","false","Swing"
"PRK","Park National Corporation Common Stock","Financials","Banks - Regional","205.53","80.33","Buy","Jul 29, 2026","Uptrend","Jun 04, 2026","103792.87","103.97","2.04","-1.09","Moving Up","","",,="8/9","<1","false","Swing"
"QCRH","QCR Holdings, Inc. Common Stock","Financials","Banks - Regional","104.84","70.57","Buy","Jul 29, 2026","Uptrend","May 21, 2026","108586.93","82.53","1.38","-1.61","Moving Up","","",,="8/9","<1","false","Swing"
"RGA","Reinsurance Group of America, Incorporated Common Stock","Financials","Insurance - Reinsurance","246.98","80.33","Sell","Jul 29, 2026","Uptrend","Jun 16, 2026","366609.5","26.33","1.37","-0.99","Moving Down","","",,="6/9","<1","false","Swing"
"RPM","RPM International Inc. Common Stock","Materials","Specialty Chemicals","112.23","69.01","Buy","Jul 29, 2026","Uptrend","Jul 28, 2026","1014238.5","56.13","2.81","-1.4","Moving Up","","",,="9/9","<1","false","Swing"
"RS","Reliance, Inc. Common Stock","Materials","Steel","428.02","76.83","Buy","Jul 29, 2026","Uptrend","Jul 16, 2026","315762.13","231.87","1.93","0.35","Moving Up","","",,="9/9","<1","false","Swing"
"SAP","SAP  SE ADS","Technology","Software - Application","207.84","84.55","Buy","Jul 29, 2026","Uptrend","Jul 28, 2026","3211044.97","53.39","2.71","-0.06","Moving Up","","",,="9/9","<1","false","Swing"
"SNDR","Schneider National, Inc. Common Stock","Industrials","Trucking","36.41","56.41","Sell","Jul 29, 2026","Neutral","Aug 12, 2026","871227.17","73.88","6.19","0.86","Moving Up","","",,="5/9","<1","false","Swing"
"SWK","Stanley Black & Decker, Inc. Common Stock","Industrials","Tools & Accessories","99.59","93.9","Buy","Jul 29, 2026","Uptrend","May 26, 2026","1818716.63","-30.91","4.33","-2.43","Moving Up","","",,="7/9","<1","false","Swing"
"TPL","Texas Pacific Land Corporation Common Stock","Energy","Oil & Gas E&P","360.79","43.78","Sell","Jul 29, 2026","Downtrend","Aug 04, 2026","329687.3","508.3","4.01","0.63","Moving Down","","",,="6/9","<1","false","Swing"
"TR","Tootsie Roll Industries, Inc. Common Stock","Staples","Confectioners","40.2","46.38","Buy","Jul 29, 2026","Uptrend","Jul 28, 2026","162512.53","-54.41","0.19","-1.76","Moving Up","","",,="6/9","<1","false","Swing"
"TRP","TC Energy Corporation Common Stock","Energy","Oil & Gas Midstream","63.28","38.98","Sell","Jul 29, 2026","Downtrend","Jul 31, 2026","1949739.57","-10.03","0.32","-1.16","Moving Down","","",,="6/9","<1","false","Swing"
"TTEK","Tetra Tech, Inc. Common Stock","Industrials","Engineering & Construction","35.82","86.51","Buy","Jul 29, 2026","Uptrend","Jul 01, 2026","2780718.33","29.67","0.76","-1.89","Moving Up","","",,="7/9","<1","false","Swing"
"TW","Tradeweb Markets Inc. Class A Common Stock","Financials","Capital Markets","105.17","77.67","Buy","Jul 29, 2026","Uptrend","Aug 05, 2026","1563762.73","-3.08","0.26","-1.05","Moving Up","","",,="8/9","<1","false","Swing"
"TYL","Tyler Technologies, Inc. Common Stock","Technology","Software - Application","320.48","69.27","Buy","Jul 29, 2026","Uptrend","Aug 07, 2026","775760.2","15.97","10.83","-2.48","Moving Up","","",,="9/9","<1","false","Swing"
"UFPI","UFP Industries, Inc. Common Stock","Materials","Lumber & Wood Production","88.29","63.52","Buy","Jul 29, 2026","Neutral","Aug 17, 2026","447383","-125.8","0.13","-1.76","Moving Down","","",,="7/9","<1","false","Swing"
"UNH","UnitedHealth Group Incorporated Common Stock (DE)","Health Care","Healthcare Plans","395.62","69.13","Sell","Jul 29, 2026","Downtrend","Aug 11, 2026","4981741.5","-92.47","0.09","-1.52","Moving Down","","",,="5/9","<1","false","Swing"
"URBN","Urban Outfitters, Inc. Common Stock","Discretionary","Apparel Retail","76.64","71.51","Buy","Jul 29, 2026","Uptrend","Jul 27, 2026","997560.9","-51.64","0.28","-1.5","Moving Up","","",,="7/9","<1","false","Swing"
"VNOM","Viper Energy, Inc. Class A Common Stock","Energy","Oil & Gas Midstream","43.05","25.7","Sell","Jul 29, 2026","Downtrend","Aug 04, 2026","1588084.3","-210.15","0.18","1.8","Moving Up","","",,="6/9","<1","false","Swing"
"VST","Vistra Corp. Common Stock","Utilities","Utilities - Independent Power Producers","146.11","21.56","Sell","Jul 29, 2026","Downtrend","Jul 29, 2026","4420506.1","-259.13","0.25","-1.36","Moving Up","","",,="6/9","<1","false","Swing"
"WDAY","Workday, Inc. Class A Common Stock","Technology","Software - Application","191.18","98.96","Buy","Jul 29, 2026","Uptrend","Jul 24, 2026","4823745.73","2.89","0.47","-3.77","Moving Up","","Negative",,="9/9","<1","false","Swing"
"WOR","Worthington Enterprises, Inc. Common Shares","Industrials","Metal Fabrication","57.71","56.78","Buy","Jul 29, 2026","Uptrend","Jul 30, 2026","209318.1","-43.06","0.18","-1.62","Moving Up","","",,="7/9","<1","false","Swing"
"WTBA","West Bancorporation Common Stock","Financials","Banks - Regional","29.92","81.32","Buy","Jul 29, 2026","Uptrend","Jun 05, 2026","66162.7","80.42","4.11","0.3","Moving Up","","",,="8/9","<1","false","Swing"
"ACHC","Acadia Healthcare Company, Inc. Common Stock","Health Care","Medical Care Facilities","30","65.08","Sell","Jul 28, 2026","Neutral","Aug 13, 2026","2582230.53","-58.64","0.49","-2.69","Moving Down","","",,="6/9","<1","false","Swing"
"ACN","Accenture plc Class A Ordinary Shares (Ireland)","Technology","Information Technology Services","169.98","92.78","Buy","Jul 28, 2026","Uptrend","Jul 27, 2026","6920212.73","71.97","14.72","-3.91","Moving Up","","",,="9/9","<1","false","Swing"
"ALX","Alexander's, Inc. Common Stock","Real Estate","REIT - Retail","267.22","63.99","Sell","Jul 28, 2026","Downtrend","Aug 17, 2026","31705.4","-15.77","0.16","-0.94","Moving Down","","",,="5/9","<1","false","Swing"
"AMGN","Amgen Inc. Common Stock","Health Care","Drug Manufacturers - General","419.38","88.06","Buy","Jul 28, 2026","Uptrend","Jun 22, 2026","2384830.03","110.32","3.63","1","Moving Up","","",,="9/9","<1","false","Swing"
"ATLO","Ames National Corporation Common Stock","Financials","Banks - Regional","31.88","68.98","Buy","Jul 28, 2026","Uptrend","Jul 23, 2026","34913.9","73.89","3.64","0.89","Moving Up","","",,="8/9","<1","false","Swing"
"BF/B","Brown Forman Inc Class B Common Stock","Staples","Beverages - Wineries & Distilleries","27.58","80.44","Buy","Jul 28, 2026","Uptrend","Jul 27, 2026","2189608.17","-22.36","6.2","-2.96","Moving Up","","",,="6/9","<1","false","Swing"
"BHP","BHP Group Limited American Depositary Shares (Each representing two Ordinary Shares)","Materials","Other Industrial Metals & Mining","88.37","67.27","Buy","Jul 28, 2026","Uptrend","Jul 27, 2026","2476234.37","66.79","2.06","1.83","Moving Up","","Positive",,="9/9","<1","false","Swing"
"CHRW","C.H. Robinson Worldwide, Inc. Common Stock","Industrials","Integrated Freight & Logistics","144.78","21.58","Sell","Jul 28, 2026","Downtrend","Jul 28, 2026","2123106.73","-78.46","0.2","-2.55","Moving Down","","",,="4/9","<1","false","Swing"
"CMC","Commercial Metals Company Common Stock","Industrials","Metal Fabrication","72.73","73.93","Buy","Jul 28, 2026","Uptrend","Jul 31, 2026","1073940.47","43.41","0.53","1.54","Moving Up","","",,="7/9","<1","false","Swing"
"COKE","Coca-Cola Consolidated, Inc. Common Stock","Staples","Beverages - Non-Alcoholic","186.21","51.92","Buy","Jul 28, 2026","Uptrend","Aug 12, 2026","527074.37","238.2","0.95","-1.53","Moving Up","","",,="7/9","<1","false","Swing"
"CRM","Salesforce, Inc. Common Stock","Technology","Software - Application","190.97","73.83","Buy","Jul 28, 2026","Uptrend","Jul 27, 2026","11524101.1","-46.73","0.08","-2.67","Moving Up","","",,="9/9","<1","false","Swing"
"CTSH","Cognizant Technology Solutions Corporation Class A Common Stock","Technology","Information Technology Services","56.61","96.23","Buy","Jul 28, 2026","Uptrend","Jul 28, 2026","9195431.63","6.29","5.73","-3.71","Moving Down","","",,="8/9","<1","false","Swing"
"D","Dominion Energy, Inc. Common Stock","Utilities","Utilities - Regulated Electric","68.77","62.61","Sell","Jul 28, 2026","Neutral","Aug 13, 2026","4012500.5","-37.18","0.71","0","Moving Down","","",,="5/9","<1","false","Swing"
"DJCO","Daily Journal Corp. (S.C.) Common Stock","Technology","Software - Application","595.97","65.72","Sell","Jul 28, 2026","Uptrend","Aug 14, 2026","52967.8","-54.8","0.24","-1.22","Moving Up","","",,="8/9","<1","false","Swing"
"EGO","Eldorado Gold Corporation Ordinary Shares","Materials","Gold","40.33","64.06","Buy","Jul 28, 2026","Uptrend","Aug 03, 2026","2290643.7","87.26","0.62","1.51","Moving Up","","",,="9/9","<1","false","Swing"
"EGP","EastGroup Properties, Inc. Common Stock","Real Estate","REIT - Industrial","203.55","54.81","Sell","Jul 28, 2026","Downtrend","Aug 04, 2026","481270.8","17.2","0.65","0.24","Moving Down","","",,="5/9","<1","false","Swing"
"EXLS","ExlService Holdings, Inc. Common Stock","Technology","Information Technology Services","34.56","95.7","Buy","Jul 28, 2026","Uptrend","Jul 27, 2026","2413171.67","76.78","1.48","-0.73","Moving Up","","",,="9/9","<1","false","Swing"
"FLNG","FLEX LNG Ltd. Ordinary Shares","Energy","Oil & Gas Midstream","30.88","37.2","Sell","Jul 28, 2026","Neutral","Aug 14, 2026","297897.53","-17.51","0.26","0.26","Moving Up","","",,="6/9","<1","false","Swing"
"FNV","Franco-Nevada Corporation","Materials","Gold","238.56","78.43","Buy","Jul 28, 2026","Uptrend","Aug 04, 2026","714898.03","137.49","3.11","1.86","Moving Up","","",,="9/9","<1","false","Swing"
"GIB","CGI Inc. Common Stock","Technology","Information Technology Services","72.47","90.29","Buy","Jul 28, 2026","Uptrend","Jul 27, 2026","461498.93","9.44","5.03","-1.28","Moving Down","","",,="8/9","<1","false","Swing"
"GPC","Genuine Parts Company Common Stock","Discretionary","Auto Parts","132.52","93.41","Buy","Jul 28, 2026","Uptrend","Jun 12, 2026","1560091.2","-18.46","0.25","-1.86","Moving Up","","",,="7/9","<1","false","Swing"
"GS","Goldman Sachs Group, Inc. (The) Common Stock","Financials","Capital Markets","1051.31","50","Sell","Jul 28, 2026","Neutral","Aug 12, 2026","1873648.47","198.51","1.54","1.14","Moving Up","","",,="6/9","<1","false","Swing"
"HEI/A","Heico Corporation Common Stock","Industrials","Aerospace & Defense","270.6","85.82","Buy","Jul 28, 2026","Uptrend","Jul 27, 2026","204436.17","-34.59","0.28","-1.6","Moving Up","","",,="6/9","<1","false","Swing"
"HESM","Hess Midstream LP Class A Representing Limited Partner Interests","Energy","Oil & Gas Midstream","39.66","48.82","Sell","Jul 28, 2026","Uptrend","Jul 07, 2026","1013997.9","32.86","1.35","-2.15","Moving Down","","",,="7/9","<1","false","Swing"
"HFWA","Heritage Financial Corporation Common Stock","Financials","Banks - Regional","29.6","49.5","Sell","Jul 28, 2026","Neutral","Aug 14, 2026","411264.23","8.19","0.7","-0.47","Moving Down","","",,="5/9","<1","false","Swing"
"HLNE","Hamilton Lane Incorporated Class A Common Stock","Financials","Asset Management","100.84","90.57","Buy","Jul 28, 2026","Uptrend","Jul 27, 2026","731980.73","82.84","200.2","-3.26","Moving Down","","",,="7/9","<1","false","Swing"
"HNI","HNI Corporation Common Stock","Discretionary","Furnishings Fixtures & Appliances","48.32","93.9","Buy","Jul 28, 2026","Uptrend","Jun 18, 2026","573919.13","48.57","2.58","-1.11","Moving Down","","",,="6/9","<1","false","Swing"
"HPQ","HP Inc. Common Stock","Technology","Computer Hardware","29.4","88.1","Buy","Jul 28, 2026","Uptrend","Jul 13, 2026","14616256.37","-85.88","0.13","-2.36","Moving Up","","",,="9/9","<1","false","Swing"
"IT","Gartner, Inc. Common Stock","Technology","Information Technology Services","179.19","92.04","Buy","Jul 28, 2026","Uptrend","Jul 27, 2026","1484930.43","135.2","28.13","-1.05","Moving Up","","",,="9/9","<1","false","Swing"
"JNJ","Johnson & Johnson Common Stock","Health Care","Drug Manufacturers - General","262.37","78.67","Buy","Jul 28, 2026","Uptrend","Jun 23, 2026","7460150.03","71.64","1.94","0.78","Moving Up","","",,="9/9","<1","false","Swing"
"LDOS","Leidos Holdings, Inc. Common Stock","Technology","Information Technology Services","142.25","81.03","Buy","Jul 28, 2026","Uptrend","Aug 03, 2026","1518851.5","22.47","1.39","-1.1","Moving Up","","",,="9/9","<1","false","Swing"
"LEU","Centrus Energy Corp. Class A Common Stock","Energy","Uranium","184.12","49.37","Buy","Jul 28, 2026","Uptrend","Jul 30, 2026","743049","6385.61","6.22","-3.17","Moving Up","","",,="8/9","<1","false","Swing"
"LH","Labcorp Holdings Inc. Common Stock","Health Care","Diagnostics & Research","323.34","86.13","Buy","Jul 28, 2026","Uptrend","Jun 24, 2026","695015.93","-2.23","0.32","1.64","Moving Up","","",,="9/9","<1","false","Swing"
"MSI","Motorola Solutions, Inc. Common Stock","Technology","Communication Equipment","457.08","69.79","Buy","Jul 28, 2026","Uptrend","Jul 27, 2026","883870.53","80.83","0.96","-2.02","Moving Up","","",,="9/9","<1","false","Swing"
"NKSH","National Bankshares, Inc. Common Stock","Financials","Banks - Regional","42.61","87.69","Buy","Jul 28, 2026","Uptrend","Jul 24, 2026","39002.9","5.54","0.52","0.47","Moving Up","","",,="8/9","<1","false","Swing"
"NOC","Northrop Grumman Corporation Common Stock","Industrials","Aerospace & Defense","570.2","62.91","Buy","Jul 28, 2026","Uptrend","Aug 03, 2026","805229.93","45.22","2.05","-2.67","Moving Up","","",,="7/9","<1","false","Swing"
"NRIM","Northrim BanCorp Inc Common Stock","Financials","Banks - Regional","26.89","62.75","Sell","Jul 28, 2026","Neutral","Aug 11, 2026","153372.17","239.29","2.34","-1.32","Moving Down","","",,="5/9","<1","false","Swing"
"NWFL","Norwood Financial Corp. Common Stock","Financials","Banks - Regional","34.09","79.31","Buy","Jul 28, 2026","Uptrend","Jul 24, 2026","37103.77","-29.15","0.09","-1.16","Moving Up","","",,="8/9","<1","false","Swing"
"PEN","Penumbra, Inc. Common Stock","Health Care","Medical Devices","327.17","47.06","Buy","Jul 28, 2026","Uptrend","Jul 31, 2026","334659.83","85.15","4.18","0.05","Moving Up","","",,="8/9","<1","false","Swing"
"PKG","Packaging Corporation of America Common Stock","Discretionary","Packaging & Containers","252.97","83.73","Buy","Jul 28, 2026","Uptrend","Jul 23, 2026","650670.63","-0.61","0.41","-0.98","Moving Down","","",,="6/9","<1","false","Swing"
"RF","Regions Financial Corporation Common Stock","Financials","Banks - Regional","31.7","72.33","Sell","Jul 28, 2026","Uptrend","Jun 04, 2026","9216130.73","56.12","1.39","-0.63","Moving Down","","",,="6/9","<1","false","Swing"
"RGS","Regis Corporation Common Stock","Discretionary","Personal Services","27.1","42.32","Sell","Jul 28, 2026","Downtrend","Aug 17, 2026","6152.07","-12.64","24.38","-2.27","Moving Up","","",,="5/9","<1","false","Swing"
"SAM","Boston Beer Company, Inc. (The) Common Stock","Staples","Beverages - Brewers","182.3","66.97","Buy","Jul 28, 2026","Neutral","Aug 17, 2026","282271.9","92.27","9.03","-1.87","Moving Up","","",,="5/9","<1","false","Swing"
"SHAK","Shake Shack, Inc. Class A Common Stock","Discretionary","Restaurants","74.19","81.79","Buy","Jul 28, 2026","Uptrend","Jul 30, 2026","2011626.4","-19.73","1.79","-0.87","Moving Up","","",,="7/9","<1","false","Swing"
"SHG","Shinhan Financial Group Co Ltd American Depositary Shares","Financials","Banks - Regional","75.92","74.22","Sell","Jul 28, 2026","Uptrend","Jul 06, 2026","216361.6","37.95","1.08","0.74","Moving Up","","",,="7/9","<1","false","Swing"
"SLB","SLB Limited Common Shares","Energy","Oil & Gas Equipment & Services","53.86","60.55","Buy","Jul 28, 2026","Uptrend","Aug 04, 2026","11412581","14.5","0.98","0.17","Moving Up","","",,="9/9","<1","false","Swing"
"STLD","Steel Dynamics, Inc.","Materials","Steel","258.16","86.36","Buy","Jul 28, 2026","Uptrend","Jul 27, 2026","1079552.2","404.89","1.53","0.93","Moving Down","","",,="8/9","<1","false","Swing"
"SUN","Sunoco LP Common Units representing limited partner interests","Energy","Oil & Gas Refining & Marketing","74.96","54.51","Sell","Jul 28, 2026","Uptrend","Aug 10, 2026","490329.17","-69.56","0.17","-0.82","Moving Up","","",,="8/9","<1","false","Swing"
"SXT","Sensient Technologies Corporation Common Stock","Materials","Specialty Chemicals","133.45","86.99","Buy","Jul 28, 2026","Uptrend","Jul 27, 2026","527822.73","-27.31","0.29","-0.01","Moving Up","","",,="9/9","<1","false","Swing"
"TCOM","Trip.com Group Limited American Depositary Shares","Discretionary","Travel Services","44.85","52.85","Buy","Jul 28, 2026","Neutral","Aug 12, 2026","2805151.63","-90.03","0.06","-0.29","Moving Down","","",,="5/9","<1","false","Swing"
"TEL","TE Connectivity plc Ordinary Shares","Technology","Electronic Components","217.38","72.44","Buy","Jul 28, 2026","Uptrend","Aug 04, 2026","2433267.57","-92.71","0.21","0.53","Moving Up","","",,="8/9","<1","false","Swing"
"THC","Tenet Healthcare Corporation Common Stock","Health Care","Medical Care Facilities","264.56","90.26","Buy","Jul 28, 2026","Uptrend","Jul 15, 2026","1216945.67","154.77","0.75","-1.25","Moving Down","","",,="8/9","<1","false","Swing"
"TRMB","Trimble Inc. Common Stock","Technology","Scientific & Technical Instruments","55.69","73.05","Buy","Jul 28, 2026","Neutral","Aug 17, 2026","2660519.1","-36.34","0.17","-3.32","Moving Down","","",,="7/9","<1","false","Swing"
"UPS","United Parcel Service, Inc. Common Stock","Industrials","Integrated Freight & Logistics","102.02","43.94","Sell","Jul 28, 2026","Downtrend","Aug 05, 2026","5131887.17","-131.4","0.19","-2.37","Moving Down","","Positive",,="4/9","<1","false","Swing"
"WIX","Wix.com Ltd. Ordinary Shares","Technology","Software - Infrastructure","73.72","74.89","Buy","Jul 28, 2026","Uptrend","Jul 27, 2026","1606248.63","61.77","8.16","-0.55","Moving Up","","","true",="9/9","<1","false","Swing"
"A","Agilent Technologies, Inc. Common Stock","Health Care","Diagnostics & Research","148.45","87.15","Buy","Jul 27, 2026","Uptrend","May 28, 2026","1873782","56.14","2.26","-0.05","Moving Up","","",,="8/9","<1","false","Swing"
"AGL","agilon health, inc. Common Stock","Health Care","Medical Care Facilities","96.86","52.93","Sell","Jul 27, 2026","Neutral","Aug 14, 2026","368018.17","8.72","7.24","-0.04","Moving Up","","",,="7/9","<1","false","Swing"
"ARQT","Arcutis Biotherapeutics, Inc. Common Stock","Health Care","Biotechnology","25.61","45.82","Sell","Jul 27, 2026","Downtrend","Aug 17, 2026","1497836.1","-24.68","0.14","-2.21","Moving Down","","",,="6/9","<1","false","Swing"
"ARWR","Arrowhead Pharmaceuticals, Inc. Common Stock","Health Care","Biotechnology","88.7","62.9","Buy","Jul 27, 2026","Uptrend","Jul 23, 2026","1912593.67","31.03","2.45","2.38","Moving Up","","",,="8/9","<1","false","Swing"
"AWI","Armstrong World Industries Inc Common Stock","Industrials","Building Products & Equipment","179.17","84.11","Buy","Jul 27, 2026","Uptrend","Jul 24, 2026","512967.53","46.67","1.53","-1.66","Moving Down","","",,="6/9","<1","false","Swing"
"BAH","Booz Allen Hamilton Holding Corporation Common Stock","Industrials","Consulting Services","74.97","85.46","Buy","Jul 27, 2026","Uptrend","Jul 31, 2026","2121158.07","-92.46","0.02","-3.21","Moving Up","","",,="7/9","<1","false","Swing"
"BBSI","Barrett Business Services, Inc. Common Stock","Industrials","Staffing & Employment Services","31.33","43.89","Sell","Jul 27, 2026","Downtrend","Aug 07, 2026","250068.33","137.05","7.23","-2.82","Moving Down","","",,="4/9","<1","false","Swing"
"BPRN","Princeton Bancorp, Inc. Common Stock (PA)","Financials","Banks - Regional","42.76","95.58","Buy","Jul 27, 2026","Uptrend","Jun 09, 2026","21873.33","68.2","3.26","-1.63","Moving Down","","",,="7/9","<1","false","Swing"
"CLH","Clean Harbors, Inc. Common Stock","Industrials","Waste Management","326.05","60.82","Sell","Jul 27, 2026","Uptrend","Jul 06, 2026","469339.77","33.85","0.29","1.26","Moving Up","","",,="6/9","<1","false","Swing"
"CMPR","Cimpress plc Ordinary Shares (Ireland)","Industrials","Specialty Business Services","91.75","58.92","Sell","Jul 27, 2026","Downtrend","Aug 14, 2026","181885.07","-2.87","28.1","-2.87","Moving Down","","",,="4/9","<1","false","Swing"
"CPF","Central Pacific Financial Corp New","Financials","Banks - Regional","38.4","69","Sell","Jul 27, 2026","Neutral","Aug 17, 2026","147039","68.82","2.7","-0.78","Moving Down","","",,="5/9","<1","false","Swing"
"DLR","Digital Realty Trust, Inc. Common Stock","Real Estate","REIT - Specialty","197.91","74.34","Buy","Jul 27, 2026","Uptrend","Jul 24, 2026","2705165.63","-22.86","0.3","-1.12","Moving Up","","",,="8/9","<1","false","Swing"
"EGBN","Eagle Bancorp, Inc. Common Stock","Financials","Banks - Regional","28.55","68.69","Buy","Jul 27, 2026","Uptrend","Jul 24, 2026","271344.2","48.39","9.11","-0.87","Moving Up","","",,="7/9","<1","false","Swing"
"EMR","Emerson Electric Company Common Stock","Industrials","Specialty Industrial Machinery","162.05","77.5","Buy","Jul 27, 2026","Uptrend","Jul 24, 2026","2791804.93","119.07","2.38","-0.69","Moving Up","","",,="7/9","<1","false","Swing"
"EPC","Edgewell Personal Care Company Common Stock","Staples","Household & Personal Products","28.06","84.49","Sell","Jul 27, 2026","Uptrend","Jun 08, 2026","657303.13","-75.39","0.11","-1.27","Moving Down","","",,="5/9","<1","false","Swing"
"EPRT","Essential Properties Realty Trust, Inc. Common Stock","Real Estate","REIT - Retail","31.14","50.88","Sell","Jul 27, 2026","Downtrend","Aug 04, 2026","1437491.83","41.61","4.38","0.26","Moving Up","","",,="6/9","<1","false","Swing"
"EQT","EQT Corporation Common Stock","Energy","Oil & Gas E&P","53.01","41.96","Buy","Jul 27, 2026","Uptrend","Aug 10, 2026","6969652.87","189.18","1.03","-2.59","Moving Up","","",,="9/9","<1","false","Swing"
"FCNCA","First Citizens BancShares, Inc. Class A Common Stock","Financials","Banks - Regional","2248.18","64.96","Buy","Jul 27, 2026","Uptrend","Jun 04, 2026","72597.3","237.72","1.98","-1.88","Moving Up","","",,="8/9","<1","false","Swing"
"FRME","First Merchants Corporation Common Stock","Financials","Banks - Regional","43.52","63.94","Sell","Jul 27, 2026","Uptrend","Aug 14, 2026","444596.4","-28.95","0.09","-0.41","Moving Down","","",,="5/9","<1","false","Swing"
"HELE","Helen of Troy Limited Common Stock","Staples","Household & Personal Products","28.15","79.26","Buy","Jul 27, 2026","Uptrend","Jul 09, 2026","493063.47","-52.89","5.54","-6.85","Moving Up","","",,="7/9","<1","false","Swing"
"HROW","Harrow, Inc. Common Stock","Health Care","Drug Manufacturers - Specialty & Generic","39.475","43.88","Sell","Jul 27, 2026","Downtrend","Aug 11, 2026","564367.83","254.89","3.03","-1.39","Moving Down","","",,="6/9","<1","false","Swing"
"IBN","ICICI Bank Limited Common Stock","Financials","Banks - Regional","29.4","68.27","Sell","Jul 27, 2026","Uptrend","Jun 11, 2026","6027462.97","-83.14","0.19","-1.14","Moving Down","","",,="6/9","<1","false","Swing"
"KMX","CarMax Inc","Discretionary","Auto & Truck Dealerships","58.53","78.53","Sell","Jul 27, 2026","Uptrend","May 27, 2026","2435040.03","11.73","4.1","-2.32","Moving Down","","",,="5/9","<1","false","Swing"
"LAMR","Lamar Advertising Company Class A Common Stock","Real Estate","REIT - Specialty","152.38","64.01","Sell","Jul 27, 2026","Downtrend","Aug 10, 2026","640593.1","73.58","2.44","-1.99","Moving Down","","",,="5/9","<1","false","Swing"
"LMT","Lockheed Martin Corporation Common Stock","Industrials","Aerospace & Defense","593.74","77.53","Buy","Jul 27, 2026","Uptrend","Jul 23, 2026","1111003.97","3.16","0.18","-2.45","Moving Up","","",,="7/9","<1","false","Swing"
"MCO","Moody's Corporation Common Stock","Financials","Financial Data & Stock Exchanges","477.17","52.94","Sell","Jul 27, 2026","Neutral","Aug 07, 2026","797980.13","85.62","2.11","-1.61","Moving Down","","",,="5/9","<1","false","Swing"
"MDLZ","Mondelez International, Inc. Class A Common Stock","Staples","Confectioners","62.18","73.23","Buy","Jul 27, 2026","Uptrend","Jul 24, 2026","8077778.97","30.55","5.11","-2.25","Moving Up","","",,="7/9","<1","false","Swing"
"MLI","Mueller Industries, Inc. Common Stock","Industrials","Metal Fabrication","66.63","50.17","Buy","Jul 27, 2026","Uptrend","Jul 24, 2026","1376042.3","614.91","1.69","1.11","Moving Up","","",,="7/9","<1","false","Swing"
"NDSN","Nordson Corporation Common Stock","Industrials","Specialty Industrial Machinery","309.83","69.74","Buy","Jul 27, 2026","Uptrend","Jul 24, 2026","311935.4","113.42","3.01","0.36","Moving Up","","",,="7/9","<1","false","Swing"
"NGG","National Grid Transco, PLC National Grid PLC (NEW) American Depositary Shares","Utilities","Utilities - Regulated Electric","81.29","48.99","Sell","Jul 27, 2026","Downtrend","Jul 27, 2026","744261.3","47.27","3.07","0.3","Moving Up","","",,="6/9","<1","false","Swing"
"NUE","Nucor Corporation Common Stock","Materials","Steel","272.68","84.14","Buy","Jul 27, 2026","Uptrend","Jul 24, 2026","1280202.47","463.08","3.08","1.4","Moving Up","","",,="9/9","<1","false","Swing"
"PECO","Phillips Edison & Company, Inc. Common Stock","Real Estate","REIT - Retail","39.95","33.82","Sell","Jul 27, 2026","Downtrend","Aug 04, 2026","805572.8","-24.5","0.18","-1.36","Moving Up","","",,="6/9","<1","false","Swing"
"PRGS","Progress Software Corporation Common Stock (DE)","Technology","Software - Infrastructure","42.86","87.19","Sell","Jul 27, 2026","Uptrend","Jun 26, 2026","533574.63","-26.72","0.07","-1.99","Moving Down","","",,="7/9","<1","false","Swing"
"REX","REX American Resources Corporation","Materials","Chemicals","45.13","43.91","Sell","Jul 27, 2026","Neutral","Aug 17, 2026","162022.87","-91.37","0.28","1.21","Moving Up","","",,="6/9","<1","false","Swing"
"SBFG","SB Financial Group, Inc. Common Stock","Financials","Banks - Regional","27.1","80.54","Sell","Jul 27, 2026","Uptrend","Jun 08, 2026","21282.03","-17.73","0.31","-0.51","Moving Down","","Positive",,="6/9","<1","false","Swing"
"SLG","SL Green Realty Corp Common Stock","Real Estate","REIT - Office","56.11","75.26","Buy","Jul 27, 2026","Uptrend","May 21, 2026","1014750.67","-6.67","15.54","0.04","Moving Up","","",,="8/9","<1","false","Swing"
"STT","State Street Corporation Common Stock","Financials","Asset Management","193.04","66.88","Sell","Jul 27, 2026","Uptrend","Apr 01, 2026","2072065.1","10.07","0.18","0.68","Moving Up","","",,="7/9","<1","false","Swing"
"TBBK","The Bancorp Inc Common Stock","Financials","Banks - Regional","68.27","77.79","Sell","Jul 27, 2026","Uptrend","Jun 18, 2026","419938.07","525.36","3.76","-2.02","Moving Down","","",,="6/9","<1","false","Swing"
"TDY","Teledyne Technologies Incorporated Common Stock","Technology","Scientific & Technical Instruments","677.27","80.3","Buy","Jul 27, 2026","Uptrend","Jul 30, 2026","387683.47","17.97","0.55","-0.35","Moving Up","","",,="9/9","<1","false","Swing"
"TMUS","T-Mobile US, Inc. Common Stock","Communication","Telecom Services","180.12","28.55","Sell","Jul 27, 2026","Downtrend","Aug 14, 2026","4576532.87","68.98","1.68","-1.36","Moving Up","","",,="5/9","<1","false","Swing"
"VZ","Verizon Communications Inc. Common Stock","Communication","Telecom Services","48.06","52.35","Buy","Jul 27, 2026","Uptrend","Jul 24, 2026","24374487.93","-31.6","1.5","-0.87","Moving Up","","",,="6/9","<1","false","Swing"
"ADX","Adams Diversified Equity Fund Inc.","Financials","Closed-End Fund - Equity","26.23","50.97","Sell","Jul 24, 2026","Uptrend","Aug 04, 2026","307528.33","115.13","1.36","-0.23","Moving Down","","",,="6/9","<1","false","Swing"
"AGO","Assured Guaranty Ltd. Common Stock","Financials","Insurance - Specialty","76.22","39.87","Sell","Jul 24, 2026","Downtrend","Aug 07, 2026","328907.77","1.47","0.07","-0.74","Moving Down","","",,="5/9","<1","false","Swing"
"AIG","American International Group, Inc. New Common Stock","Financials","Insurance - Diversified","75.81","53.09","Sell","Jul 24, 2026","Downtrend","Aug 11, 2026","3217419.07","-4.8","0.34","-1.08","Moving Down","","",,="5/9","<1","false","Swing"
"AIT","Applied Industrial Technologies, Inc. Common Stock","Industrials","Industrial Distribution","358.78","76.9","Buy","Jul 24, 2026","Uptrend","Apr 07, 2026","278508.73","1.25","0","-0.88","Moving Down","","",,="6/9","<1","false","Swing"
"AME","AMETEK, Inc.","Industrials","Specialty Industrial Machinery","254.17","86.06","Buy","Jul 24, 2026","Uptrend","Jun 16, 2026","1119979.2","137.76","2.41","-0.24","Moving Up","","",,="7/9","<1","false","Swing"
"AVB","AvalonBay Communities, Inc. Common Stock","Real Estate","REIT - Residential","184.06","61.21","Sell","Jul 24, 2026","Downtrend","Aug 06, 2026","888914.53","-1.46","13.25","0","Moving Down","","",,="5/9","<1","false","Swing"
"AZTA","Azenta, Inc.","Health Care","Medical Instruments & Supplies","33.58","85.89","Buy","Jul 24, 2026","Uptrend","Jun 24, 2026","646413.27","-35.81","1.9","0.6","Moving Up","","",,="9/9","<1","false","Swing"
"BMRC","Bank of Marin Bancorp Common Stock","Financials","Banks - Regional","28.16","58.45","Sell","Jul 24, 2026","Neutral","Aug 14, 2026","151285.17","29.63","6.98","-0.46","Moving Down","","",,="5/9","<1","false","Swing"
"BVN","Buenaventura Mining Company Inc.","Materials","Other Precious Metals & Mining","33.96","52.52","Buy","Jul 24, 2026","Uptrend","Aug 04, 2026","795785.03","53.96","1.1","0.65","Moving Up","","",,="8/9","<1","false","Swing"
"CBRL","Cracker Barrel Old Country Store, Inc Common Stock","Discretionary","Restaurants","59.04","86.49","Sell","Jul 24, 2026","Uptrend","May 21, 2026","882513.3","-71.25","2.47","1.92","Moving Down","","",,="4/9","<1","false","Swing"
"CBU","Community Financial System, Inc. Common Stock","Financials","Banks - Regional","65.01","56.61","Sell","Jul 24, 2026","Downtrend","Aug 17, 2026","253892","-58.5","0.23","-1.26","Moving Down","","",,="5/9","<1","false","Swing"
"CNK","Cinemark Holdings Inc Cinemark Holdings, Inc. Common Stock","Communication","Entertainment","37.52","82.8","Buy","Jul 24, 2026","Uptrend","Jul 22, 2026","2620904.27","55.56","13.94","0.37","Moving Up","","",,="7/9","<1","false","Swing"
"CUZ","Cousins Properties Incorporated Common Stock","Real Estate","REIT - Office","29.18","69.63","Sell","Jul 24, 2026","Downtrend","Aug 14, 2026","1527371.8","0.36","2.85","-1.75","Moving Down","","",,="5/9","<1","false","Swing"
"DFIN","Donnelley Financial Solutions, Inc. Common Stock ","Technology","Software - Application","47.72","55.43","Sell","Jul 24, 2026","Uptrend","Jun 30, 2026","249666.03","90.49","4.98","-2.59","Moving Up","","",,="8/9","<1","false","Swing"
"EFOR","Everforth, Inc. Common Stock","Technology","Information Technology Services","30.86","97.57","Buy","Jul 24, 2026","Uptrend","Jul 27, 2026","1006250.27","-151.1","1.24","-2.56","Moving Up","","",,="9/9","<1","false","Swing"
"FCN","FTI Consulting, Inc. Common Stock","Industrials","Consulting Services","149.82","28","Sell","Jul 24, 2026","Downtrend","Aug 06, 2026","403165.87","-57.33","0.11","-1.34","Moving Down","","",,="4/9","<1","false","Swing"
"FFBC","First Financial Bancorp. Common Stock","Financials","Banks - Regional","34.17","65.95","Sell","Jul 24, 2026","Uptrend","Aug 13, 2026","1029779.3","121.45","7.06","-0.61","Moving Down","","",,="6/9","<1","false","Swing"
"FRO","Frontline Plc Ordinary Shares","Energy","Oil & Gas Midstream","42.18","64.88","Buy","Jul 24, 2026","Uptrend","Jul 21, 2026","1972668.27","154.81","1","2.35","Moving Up","","",,="9/9","<1","false","Swing"
"GBCI","Glacier Bancorp, Inc. Common Stock","Financials","Banks - Regional","49.61","54.56","Sell","Jul 24, 2026","Downtrend","Aug 17, 2026","1123583.77","68.86","14.69","-0.64","Moving Down","","",,="4/9","<1","false","Swing"
"GGG","Graco Inc. Common Stock","Industrials","Specialty Industrial Machinery","81.55","59.85","Buy","Jul 24, 2026","Uptrend","Jul 23, 2026","1389777.63","35.91","1.64","-0.48","Moving Up","","",,="7/9","<1","false","Swing"
"GIC","Global Industrial Company Common Stock","Industrials","Industrial Distribution","38.61","71.9","Buy","Jul 24, 2026","Uptrend","Jun 09, 2026","119067.27","-99.66","0.16","-0.9","Moving Up","","",,="7/9","<1","false","Swing"
"HIW","Highwoods Properties, Inc. Common Stock","Real Estate","REIT - Office","30.66","67.95","Sell","Jul 24, 2026","Downtrend","Aug 17, 2026","1399948.47","-0.66","144.13","-2.7","Moving Down","","",,="5/9","<1","false","Swing"
"HWC","Hancock Whitney Corporation Common Stock","Financials","Banks - Regional","78.84","71.73","Sell","Jul 24, 2026","Uptrend","May 26, 2026","857586.1","93.4","3.06","-1.18","Moving Down","","",,="6/9","<1","false","Swing"
"IMAX","Imax Corporation Common Stock","Communication","Entertainment","52.39","94.19","Buy","Jul 24, 2026","Uptrend","Jul 23, 2026","1508716.57","204.12","3.92","-0.93","Moving Up","","",,="7/9","<1","false","Swing"
"IX","ORIX Corporation American Depositary Shares","Financials","Financial Conglomerates","40.13","74.33","Buy","Jul 24, 2026","Uptrend","Apr 27, 2026","224088.3","81.88","1.26","-0.07","Moving Up","","",,="8/9","<1","false","Swing"
"KNX","Knight-Swift Transportation Holdings Inc.","Industrials","Trucking","72.8","53.44","Sell","Jul 24, 2026","Neutral","Aug 13, 2026","3845768","32.99","0.78","0.52","Moving Up","","",,="5/9","<1","false","Swing"
"LMAT","LeMaitre Vascular, Inc. Common Stock","Health Care","Medical Instruments & Supplies","82.51","12.8","Sell","Jul 24, 2026","Downtrend","Aug 05, 2026","379197.37","139.18","2.63","0.16","Moving Down","","",,="6/9","<1","false","Swing"
"MCS","Marcus Corporation (The) Common Stock","Communication","Entertainment","29.95","90.67","Buy","Jul 24, 2026","Uptrend","May 26, 2026","290123.4","28.67","66.57","-0.17","Moving Down","","",,="5/9","<1","false","Swing"
"MDGL","Madrigal Pharmaceuticals, Inc. Common Stock","Health Care","Biotechnology","524.87","42.64","Sell","Jul 24, 2026","Neutral","Aug 17, 2026","362528.77","349.95","2.67","3.41","Moving Down","","",,="6/9","<1","false","Swing"
"META","Meta Platforms, Inc. Class A Common Stock","Communication","Internet Content & Information","568.97","32.51","Sell","Jul 24, 2026","Downtrend","Jul 28, 2026","17044805.17","-105.39","0.22","-3.54","Moving Down","","Negative","true",="4/9","<1","false","Swing"
"NBHC","National Bank Holdings Corporation Common Stock","Financials","Banks - Regional","43.21","50.63","Sell","Jul 24, 2026","Downtrend","Aug 17, 2026","418854.83","107.88","10.49","-0.74","Moving Up","","",,="6/9","<1","false","Swing"
"NKTR","Nektar Therapeutics  Common Stock","Health Care","Biotechnology","72.67","60.02","Buy","Jul 24, 2026","Uptrend","Jul 21, 2026","715822.9","-63.09","4.49","-0.48","Moving Up","","",,="9/9","<1","false","Swing"
"ONB","Old National Bancorp Common Stock","Financials","Banks - Regional","27.07","70.51","Sell","Jul 24, 2026","Uptrend","Jun 04, 2026","4387925.2","71.1","3.3","-0.37","Moving Down","","",,="6/9","<1","false","Swing"
"RRC","Range Resources Corporation Common Stock","Energy","Oil & Gas E&P","39.36","57.45","Buy","Jul 24, 2026","Uptrend","Aug 10, 2026","2877414.57","-111.56","0.29","-2.38","Moving Up","","",,="9/9","<1","false","Swing"
"STC","Stewart Information Services Corporation Common Stock","Financials","Insurance - Property & Casualty","68.07","56.37","Sell","Jul 24, 2026","Neutral","Aug 13, 2026","221628.67","-1.64","0.32","-0.19","Moving Down","","",,="4/9","<1","false","Swing"
"TCBI","Texas Capital Bancshares, Inc. Common Stock","Financials","Banks - Regional","101.09","51","Sell","Jul 24, 2026","Neutral","Aug 12, 2026","458754.27","90.96","3.21","0.07","Moving Up","","",,="6/9","<1","false","Swing"
"ACGL","Arch Capital Group Ltd. Common Stock","Financials","Insurance - Diversified","97.81","52.77","Sell","Jul 23, 2026","Downtrend","Aug 17, 2026","1703008.43","46.6","0.92","-0.91","Moving Down","","",,="5/9","<1","false","Swing"
"ACIW","ACI Worldwide, Inc. Common Stock","Technology","Software - Infrastructure","52.13","58.34","Sell","Jul 23, 2026","Downtrend","Aug 17, 2026","1112719.93","-1.17","0.32","-2.45","Moving Down","","",,="6/9","<1","false","Swing"
"AXP","American Express Company Common Stock","Financials","Credit Services","336.21","52.43","Sell","Jul 23, 2026","Downtrend","Aug 17, 2026","2672869.57","90.88","1.43","-1.83","Moving Down","","",,="5/9","<1","false","Swing"
"BMI","Badger Meter, Inc. Common Stock","Technology","Scientific & Technical Instruments","128.7","52.17","Sell","Jul 23, 2026","Downtrend","Aug 10, 2026","471348.1","-33.58","0.31","-1.62","Moving Down","","",,="6/9","<1","false","Swing"
"BOX","Box, Inc. Class A Common Stock","Technology","Software - Infrastructure","32.29","82.02","Sell","Jul 23, 2026","Uptrend","Jun 29, 2026","2809044","-87.02","0.1","-1.1","Moving Down","","",,="7/9","<1","false","Swing"
"CHKP","Check Point Software Technologies Ltd. Ordinary Shares","Technology","Software - Infrastructure","127.01","36.46","Sell","Jul 23, 2026","Downtrend","Aug 17, 2026","1234973.1","-65.54","0.05","-3.58","Moving Down","","",,="6/9","<1","false","Swing"
"DDS","Dillard's, Inc. Common Stock","Discretionary","Department Stores","579.68","56","Buy","Jul 23, 2026","Neutral","Aug 14, 2026","129963.93","14.73","0.05","3.35","Moving Down","","",,="5/9","<1","false","Swing"
"DORM","Dorman Products, Inc. Common Stock","Discretionary","Auto Parts","133.7","64.15","Sell","Jul 23, 2026","Neutral","Aug 12, 2026","313794.53","-85.91","0.16","-1.97","Moving Down","","",,="4/9","<1","false","Swing"
"E","ENI S.p.A. Common Stock","Energy","Oil & Gas Integrated","56.03","78.4","Buy","Jul 23, 2026","Uptrend","Jul 29, 2026","382042.07","97.18","2.81","1.36","Moving Up","","",,="8/9","<1","false","Swing"
"EBAY","eBay Inc. Common Stock","Discretionary","Internet Retail","100.94","43.2","Sell","Jul 23, 2026","Downtrend","Aug 10, 2026","3941612.23","167.6","2.43","-2.13","Moving Down","","",,="4/9","<1","false","Swing"
"FBRX","Forte Biosciences, Inc. Common Stock","Health Care","Biotechnology","76.89","72.18","Sell","Jul 23, 2026","Uptrend","Jul 09, 2026","1943092.33","660.27","5.35","0.08","Moving Down","","",,="7/9","<1","false","Swing"
"FCBC","First Community Bankshares, Inc. (VA) Common Stock","Financials","Banks - Regional","49.18","75.79","Buy","Jul 23, 2026","Uptrend","Jun 04, 2026","86506.53","67.29","1.7","-0.69","Moving Up","","",,="8/9","<1","false","Swing"
"FFIN","First Financial Bankshares, Inc. Common Stock","Financials","Banks - Regional","34.86","70.28","Sell","Jul 23, 2026","Uptrend","Jun 04, 2026","737727.23","0.78","1.7","-1.19","Moving Down","","",,="6/9","<1","false","Swing"
"FRHC","Freedom Holding Corp. Common Stock","Financials","Financial Conglomerates","150.47","40.91","Sell","Jul 23, 2026","Neutral","Aug 17, 2026","122750.03","716.76","2.52","2.74","Moving Up","","",,="5/9","<1","false","Swing"
"IMKTA","Ingles Markets, Incorporated Class A Common Stock","Staples","Grocery Stores","86.52","58.27","Sell","Jul 23, 2026","Downtrend","Aug 06, 2026","122062.93","16.61","0.46","-0.56","Moving Down","","",,="4/9","<1","false","Swing"
"INVX","Innovex International, Inc. Common Stock","Energy","Oil & Gas Equipment & Services","30.79","74.22","Buy","Jul 23, 2026","Uptrend","Jul 30, 2026","593636.67","-22.98","4.49","-1.44","Moving Up","","",,="9/9","<1","false","Swing"
"MCB","Metropolitan Bank Holding Corp. Common Stock","Financials","Banks - Regional","93.34","41.3","Sell","Jul 23, 2026","Downtrend","Aug 17, 2026","143186.07","101.62","8.03","-0.74","Moving Down","","",,="5/9","<1","false","Swing"
"MSCI","MSCI Inc. Common Stock","Financials","Financial Data & Stock Exchanges","550.68","35.87","Sell","Jul 23, 2026","Downtrend","Jul 23, 2026","706568.27","42.3","1.08","-3.24","Moving Down","","",,="5/9","<1","false","Swing"
"MTN","Vail Resorts, Inc. Common Stock","Discretionary","Resorts & Casinos","146.6","71.8","Sell","Jul 23, 2026","Uptrend","Jun 18, 2026","650089.77","-76.24","1.67","-1.15","Moving Down","","",,="5/9","<1","false","Swing"
"NKE","Nike, Inc. Common Stock","Discretionary","Footwear & Accessories","39.09","45.57","Sell","Jul 23, 2026","Downtrend","Jul 22, 2026","20089279.8","-90.04","2.06","-4.03","Moving Down","","Negative",,="4/9","<1","false","Swing"
"OMCL","Omnicell, Inc. Common Stock ($0.001 par value)","Health Care","Health Information Services","36.03","49.35","Sell","Jul 23, 2026","Downtrend","Jul 29, 2026","771606.37","20.19","4.66","-3.4","Moving Down","","",,="6/9","<1","false","Swing"
"PFE","Pfizer, Inc. Common Stock","Health Care","Drug Manufacturers - General","26.87","79.8","Buy","Jul 23, 2026","Uptrend","Aug 04, 2026","38565085.33","7.25","4.43","0.3","Moving Up","","",,="9/9","<1","false","Swing"
"PKOH","Park-Ohio Holdings Corp. Common Stock","Industrials","Specialty Industrial Machinery","48.87","94.31","Buy","Jul 23, 2026","Uptrend","Apr 09, 2026","96458.9","37.74","1.72","-1.07","Moving Up","","",,="7/9","<1","false","Swing"
"PLSE","Pulse Biosciences, Inc Common Stock (DE)","Health Care","Medical Instruments & Supplies","46.79","88.24","Buy","Jul 23, 2026","Uptrend","May 13, 2026","401155.13","6.83","0.09","5.05","Moving Down","","",,="8/9","<1","false","Swing"
"PMTS","CPI Card Group Inc. Common Stock","Financials","Credit Services","28.7","99.92","Buy","Jul 23, 2026","Uptrend","Jun 04, 2026","75035.1","181.47","4.2","0.7","Moving Up","","",,="8/9","<1","false","Swing"
"QGEN","Qiagen N.V. Common Shares","Health Care","Diagnostics & Research","42.6","60.22","Sell","Jul 23, 2026","Uptrend","Jun 24, 2026","2952751.87","-59.53","0.1","-0.81","Moving Down","","",,="7/9","<1","false","Swing"
"RSG","Republic Services, Inc. Common Stock","Industrials","Waste Management","215.26","54.16","Sell","Jul 23, 2026","Neutral","Aug 07, 2026","1356136.7","45.71","0.75","0.26","Moving Down","","",,="3/9","<1","false","Swing"
"RSI","Rush Street Interactive, Inc. Class A Common Stock","Discretionary","Gambling","25.45","21.45","Sell","Jul 23, 2026","Downtrend","Jul 30, 2026","2678948.9","148.9","1","-0.51","Moving Up","","",,="5/9","<1","false","Swing"
"RY","Royal Bank Of Canada Common Stock","Financials","Banks - Diversified","216.19","69.59","Sell","Jul 23, 2026","Uptrend","Apr 08, 2026","1194411.2","225.22","2.97","-0.17","Moving Down","","",,="6/9","<1","false","Swing"
"SIRI","SiriusXM Holdings Inc. Common Stock","Communication","Entertainment","29.125","53.64","Sell","Jul 23, 2026","Downtrend","Aug 10, 2026","4043946","-47.53","3.64","2.34","Moving Down","","",,="4/9","<1","false","Swing"
"SNDA","Sonida Senior Living, Inc. Common Stock","Health Care","Medical Care Facilities","39.03","59.01","Sell","Jul 23, 2026","Downtrend","Aug 14, 2026","448618.43","-36.33","1.39","-0.31","Moving Down","","",,="6/9","<1","false","Swing"
"SPGI","S&P Global Inc. Common Stock","Financials","Financial Data & Stock Exchanges","410.53","39.35","Sell","Jul 23, 2026","Downtrend","Aug 14, 2026","1936934.77","136.76","6.95","-1.97","Moving Up","","",,="6/9","<1","false","Swing"
"THO","Thor Industries, Inc. Common Stock","Discretionary","Recreational Vehicles","77.64","51.05","Buy","Jul 23, 2026","Uptrend","Aug 03, 2026","629495.97","19.33","6.43","-1.72","Moving Up","","",,="6/9","<1","false","Swing"
"TREE","LendingTree, Inc. Common Stock","Financials","Financial Conglomerates","31.35","25.84","Sell","Jul 23, 2026","Downtrend","Jul 24, 2026","381931.07","15.8","4.22","-3.8","Moving Down","","",,="5/9","<1","false","Swing"
"TRU","TransUnion Common Stock","Financials","Financial Data & Stock Exchanges","78.7","68.06","Sell","Jul 23, 2026","Uptrend","Jun 30, 2026","2127948.33","-131.67","0.01","-2.21","Moving Down","","",,="6/9","<1","false","Swing"
"USLM","United States Lime & Minerals, Inc. Common Stock","Materials","Building Materials","117.64","55.09","Buy","Jul 23, 2026","Uptrend","Jul 24, 2026","159493.03","367.25","1.53","0.2","Moving Up","","",,="9/9","<1","false","Swing"
"AGYS","Agilysys, Inc. Common Stock (DE)","Technology","Software - Application","111.33","75.5","Sell","Jul 22, 2026","Uptrend","May 19, 2026","296040.97","324.5","2.55","-2.34","Moving Down","","",,="7/9","<1","false","Swing"
"APA","APA Corporation Common Stock","Energy","Oil & Gas E&P","41.58","62.85","Buy","Jul 22, 2026","Uptrend","Aug 06, 2026","5433306.67","178.14","6.97","2.74","Moving Up","","Positive",,="9/9","<1","false","Swing"
"BAC","Bank of America Corporation Common Stock","Financials","Banks - Diversified","63.89","77.93","Sell","Jul 22, 2026","Uptrend","Jun 02, 2026","30355638.1","101.87","3.32","-0.93","Moving Down","","",,="6/9","<1","false","Swing"
"BIO","Bio-Rad Laboratories, Inc. Class A Common Stock","Health Care","Medical Devices","355.23","83.6","Buy","Jul 22, 2026","Uptrend","Jul 09, 2026","287583.5","9.37","8.07","-0.29","Moving Up","","",,="8/9","<1","false","Swing"
"COR","Cencora, Inc. Common Stock","Health Care","Medical Distribution","312.52","55.16","Sell","Jul 22, 2026","Uptrend","Jul 01, 2026","1478232.17","136.56","1.29","-0.41","Moving Down","","",,="7/9","<1","false","Swing"
"DECK","Deckers Outdoor Corporation Common Stock","Discretionary","Footwear & Accessories","90.11","37.04","Sell","Jul 22, 2026","Downtrend","Jul 21, 2026","2193542.9","226.41","2.83","-3.2","Moving Down","","",,="4/9","<1","false","Swing"
"ETSY","Etsy, Inc. Common Stock","Discretionary","Internet Retail","78.41","67.46","Sell","Jul 22, 2026","Neutral","Aug 14, 2026","2890268.77","-84.18","0.11","-1.86","Moving Down","","",,="4/9","<1","false","Swing"
"FE","FirstEnergy Corp. Common Stock","Utilities","Utilities - Regulated Electric","47.42","42.62","Sell","Jul 22, 2026","Downtrend","Aug 06, 2026","4256583.07","-33.88","0.04","0.02","Moving Down","","",,="5/9","<1","false","Swing"
"FUNC","First United Corporation Common Stock","Financials","Banks - Regional","44.93","73.94","Sell","Jul 22, 2026","Uptrend","May 26, 2026","24115.33","71.72","1.43","-0.99","Moving Down","","",,="6/9","<1","false","Swing"
"HAS","Hasbro, Inc. Common Stock","Discretionary","Leisure","95.05","78.2","Buy","Jul 22, 2026","Uptrend","Jul 21, 2026","2103099.27","-29.76","0.56","-1.71","Moving Up","","",,="6/9","<1","false","Swing"
"IMOS","ChipMOS TECHNOLOGIES INC. American Depositary Shares","Technology","Semiconductors","57.245","48.19","Sell","Jul 22, 2026","Downtrend","Aug 17, 2026","130379.87","-80.48","0.22","-1.91","Moving Up","","",,="7/9","<1","false","Swing"
"IPAR","Interparfums, Inc. Common Stock","Staples","Household & Personal Products","111.78","60.04","Sell","Jul 22, 2026","Downtrend","Aug 17, 2026","289474.7","129.21","7.52","-2.49","Moving Down","","",,="4/9","<1","false","Swing"
"LYB","LyondellBasell Industries NV Ordinary Shares Class A (Netherlands)","Materials","Specialty Chemicals","64.73","74.57","Buy","Jul 22, 2026","Uptrend","Aug 10, 2026","4686250.2","-85.37","0.96","1.52","Moving Up","","",,="9/9","<1","false","Swing"
"MMM","3M Company Common Stock","Industrials","Conglomerates","180.21","84.86","Buy","Jul 22, 2026","Uptrend","Jul 16, 2026","3318152.93","-22.2","0.06","-1.34","Moving Down","","",,="5/9","<1","false","Swing"
"NVO","Novo Nordisk A/S Common Stock","Health Care","Drug Manufacturers - General","44.88","53.35","Sell","Jul 22, 2026","Downtrend","Aug 12, 2026","11483366","77.76","2.8","-2.2","Moving Down","","",,="6/9","<1","false","Swing"
"ORKA","Oruka Therapeutics, Inc. Common Stock","Health Care","Biotechnology","112.66","61.4","Buy","Jul 22, 2026","Uptrend","Jun 09, 2026","878991","60.14","1.15","1.46","Moving Up","","",,="9/9","<1","false","Swing"
"PFBC","Preferred Bank Common Stock","Financials","Banks - Regional","107.47","52.98","Sell","Jul 22, 2026","Uptrend","Jul 24, 2026","97963.73","119.59","2.91","-0.4","Moving Down","","",,="6/9","<1","false","Swing"
"PODD","Insulet Corporation Common Stock","Health Care","Medical Devices","139.7","32.89","Sell","Jul 22, 2026","Downtrend","Aug 05, 2026","1585413.87","88.14","19.69","-2.54","Moving Down","","",,="6/9","<1","false","Swing"
"SCCO","Southern Copper Corporation Common Stock","Materials","Copper","192.04","63.31","Buy","Jul 22, 2026","Uptrend","Jul 30, 2026","1124249","-152.18","0.27","4.02","Moving Down","","",,="8/9","<1","false","Swing"
"SCHL","Scholastic Corporation Common Stock","Communication","Publishing","41.48","46.47","Sell","Jul 22, 2026","Downtrend","Aug 05, 2026","354188.2","2.5","0.4","0.12","Moving Down","","",,="3/9","<1","false","Swing"
"TPC","Tutor Perini Corporation Common Stock","Industrials","Engineering & Construction","97.22","59.09","Buy","Jul 22, 2026","Uptrend","Jul 30, 2026","902439.1","325.91","1.25","0.41","Moving Up","","",,="7/9","<1","false","Swing"
"TROW","T. Rowe Price Group, Inc. Common Stock","Financials","Asset Management","110.46","69.75","Sell","Jul 22, 2026","Downtrend","Aug 12, 2026","1949802.27","22.55","9.4","-0.09","Moving Down","","",,="5/9","<1","false","Swing"
"WCN","Waste Connections, Inc. Common Shares","Industrials","Waste Management","165.01","51.53","Sell","Jul 22, 2026","Downtrend","Aug 17, 2026","1235277.53","-33.39","0.26","-0.77","Moving Down","","",,="4/9","<1","false","Swing"
"XENE","Xenon Pharmaceuticals Inc. Common Shares","Health Care","Biotechnology","62.36","42.14","Sell","Jul 22, 2026","Neutral","Aug 14, 2026","988480.83","-117.12","0.23","0.02","Moving Down","","",,="6/9","<1","false","Swing"
"XYL","Xylem Inc. Common Stock New","Industrials","Specialty Industrial Machinery","117.47","50.11","Sell","Jul 22, 2026","Neutral","Aug 17, 2026","1850598.47","63.37","3.22","-1.85","Moving Down","","",,="4/9","<1","false","Swing"
"ZION","Zions Bancorporation N.A. Common Stock","Financials","Banks - Regional","71.58","67.48","Sell","Jul 22, 2026","Uptrend","Jun 04, 2026","1589549.97","102.46","4.35","-0.86","Moving Up","","",,="7/9","<1","false","Swing"
"BAND","Bandwidth Inc. Class A Common Stock","Technology","Software - Infrastructure","52.79","49.2","Sell","Jul 21, 2026","Downtrend","Jul 27, 2026","1217375.5","208.25","2.69","-2.19","Moving Up","","",,="7/9","<1","false","Swing"
"BHF","Brighthouse Financial, Inc. Common Stock","Financials","Insurance - Life","55.74","18.29","Sell","Jul 21, 2026","Downtrend","Jul 29, 2026","714623.67","73.56","11.64","-5.01","Moving Down","","",,="5/9","<1","false","Swing"
"BRO","Brown & Brown, Inc. Common Stock","Financials","Insurance Brokers","68.86","54.44","Sell","Jul 21, 2026","Uptrend","Jun 24, 2026","2547278.37","170.34","6.48","-2.38","Moving Down","","",,="6/9","<1","false","Swing"
"CWBC","Community West Bancshares Common Stock","Financials","Banks - Regional","25.98","44.01","Sell","Jul 21, 2026","Neutral","Aug 12, 2026","256823.27","155.18","9.63","-0.5","Moving Down","","",,="5/9","<1","false","Swing"
"CWST","Casella Waste Systems, Inc. Class A Common Stock","Industrials","Waste Management","89.31","44.41","Sell","Jul 21, 2026","Downtrend","Aug 14, 2026","641044.53","-0.08","0.34","-1.55","Moving Down","","",,="4/9","<1","false","Swing"
"DTM","DT Midstream, Inc. Common Stock ","Energy","Oil & Gas Midstream","135","21.39","Sell","Jul 21, 2026","Downtrend","Jul 27, 2026","845889.93","120.7","1.67","-1.39","Moving Up","","",,="7/9","<1","false","Swing"
"EQR","Equity Residential Common Shares of Beneficial Interest","Real Estate","REIT - Residential","63.66","61.64","Sell","Jul 21, 2026","Downtrend","Aug 06, 2026","3498307.93","-60.58","0.65","-3.5","Moving Down","","",,="5/9","<1","false","Swing"
"OUT","OUTFRONT Media Inc. Common Stock","Real Estate","REIT - Specialty","29.78","45.89","Sell","Jul 21, 2026","Downtrend","Aug 06, 2026","1651342.53","12.48","0.93","-1.52","Moving Down","","",,="5/9","<1","false","Swing"
"PSN","Parsons Corporation Common Stock","Technology","Information Technology Services","45.76","52.15","Sell","Jul 21, 2026","Downtrend","Jul 29, 2026","1639047","42.37","4.87","-4.47","Moving Up","","",,="7/9","<1","false","Swing"
"AFG","American Financial Group, Inc. Common Stock","Financials","Insurance - Property & Casualty","146.6","79.94","Sell","Jul 20, 2026","Uptrend","Jun 15, 2026","384157.13","-60.72","0.13","0.21","Moving Down","","",,="5/9","<1","false","Swing"
"BH","Biglari Holdings Inc. Class B Common Stock","Discretionary","Restaurants","391.3","76.28","Sell","Jul 20, 2026","Uptrend","Jun 08, 2026","169913.5","417.36","4.83","1.63","Moving Down","","",,="5/9","<1","false","Swing"
"CNQ","Canadian Natural Resources Limited Common Stock","Energy","Oil & Gas E&P","49.27","81.11","Buy","Jul 20, 2026","Uptrend","Jul 17, 2026","6785391.3","102.03","0.91","2.71","Moving Up","","",,="8/9","<1","false","Swing"
"EXEL","Exelixis, Inc. Common Stock","Health Care","Biotechnology","52.32","27.91","Sell","Jul 20, 2026","Downtrend","Aug 10, 2026","2596954.13","-4.54","0.35","2.11","Moving Down","","",,="6/9","<1","false","Swing"
"FIVE","Five Below, Inc. Common Stock","Discretionary","Specialty Retail","238.56","78.39","Buy","Jul 20, 2026","Uptrend","Jul 17, 2026","1020702.13","147.13","4.87","-2.45","Moving Up","","",,="6/9","<1","false","Swing"
"GGAL","Grupo Financiero Galicia S.A. American Depositary Shares","Financials","Banks - Regional","43.42","31.77","Sell","Jul 20, 2026","Downtrend","Aug 04, 2026","867248.7","518.35","4.51","0.12","Moving Down","","",,="5/9","<1","false","Swing"
"IDA","IDACORP, Inc. Common Stock","Utilities","Utilities - Regulated Electric","141.47","40.99","Sell","Jul 20, 2026","Downtrend","Jul 29, 2026","484469.07","32.35","1.8","-0.8","Moving Down","","",,="5/9","<1","false","Swing"
"INTU","Intuit Inc. Common Stock","Technology","Software - Application","335.6","74.51","Buy","Jul 20, 2026","Uptrend","Jul 28, 2026","3806438.9","-13.94","0.25","-2.91","Moving Up","","",,="9/9","<1","false","Swing"
"KAI","Kadant Inc Common Stock","Industrials","Specialty Industrial Machinery","329.72","84.4","Buy","Jul 20, 2026","Uptrend","Jul 30, 2026","115081.7","60.78","0.86","-1.35","Moving Down","","",,="6/9","<1","false","Swing"
"MD","Pediatrix Medical Group, Inc. Common Stock","Health Care","Medical Care Facilities","26.34","72.35","Sell","Jul 20, 2026","Uptrend","Aug 05, 2026","790793.93","-33.68","0.4","-1.01","Moving Down","","",,="7/9","<1","false","Swing"
"NTCT","NetScout Systems, Inc. Common Stock","Technology","Software - Infrastructure","39.14","54.55","Sell","Jul 20, 2026","Downtrend","Aug 06, 2026","571144.97","-91.23","0.13","-1.34","Moving Up","","",,="7/9","<1","false","Swing"
"POR","Portland General Electric Co Common Stock","Utilities","Utilities - Regulated Electric","50.87","37.22","Sell","Jul 20, 2026","Neutral","Aug 14, 2026","1028293.1","8.19","12.1","0.22","Moving Up","","",,="6/9","<1","false","Swing"
"PPLI","People Incorporated Common Stock","Communication","Internet Content & Information","39.5","40.22","Sell","Jul 20, 2026","Downtrend","Aug 06, 2026","939032.8","-51.77","0.02","-2.23","Moving Down","","",,="4/9","<1","false","Swing"
"RBLX","Roblox Corporation Class A Common Stock","Communication","Electronic Gaming & Multimedia","37.93","35.72","Sell","Jul 20, 2026","Downtrend","Jul 23, 2026","12344866.17","24.32","11.58","-0.78","Moving Up","","",,="5/9","<1","false","Swing"
"SRV","NXG Cushing Midstream Energy Fund Common Shares of Beneficial Interest","Financials","Closed-End Fund - Equity","48.37","45","Sell","Jul 20, 2026","Neutral","Aug 13, 2026","72061.53","-6.47","0.37","0","Moving Up","","",,="6/9","<1","false","Swing"
"TGT","Target Corporation Common Stock","Staples","Discount Stores","151.01","84.27","Buy","Jul 20, 2026","Uptrend","Jul 08, 2026","3690830.63","39.85","5.52","-2.25","Moving Up","","",,="6/9","<1","false","Swing"
"VCEL","Vericel Corporation Common Stock","Health Care","Biotechnology","43.59","54.18","Sell","Jul 20, 2026","Neutral","Aug 10, 2026","469849.43","-200.54","0.15","-1.38","Moving Down","","",,="6/9","<1","false","Swing"
"ABT","Abbott Laboratories Common Stock","Health Care","Medical Devices","110.37","90.95","Buy","Jul 17, 2026","Uptrend","Jul 16, 2026","10290958.57","24.59","2.14","-0.79","Moving Up","","",,="9/9","<1","false","Swing"
"ADSK","Autodesk, Inc. Common Stock","Technology","Software - Application","241.64","89.28","Buy","Jul 17, 2026","Uptrend","Jul 27, 2026","2012985.37","-35.17","0.16","-3.98","Moving Up","","",,="9/9","<1","false","Swing"
"APEI","American Public Education, Inc. Common Stock","Staples","Education & Training Services","44.31","35.07","Sell","Jul 17, 2026","Downtrend","Aug 06, 2026","354895.8","105.96","5.59","-2.03","Moving Down","","",,="4/9","<1","false","Swing"
"ARES","Ares Management Corporation Class A Common Stock","Financials","Asset Management","141.34","87.91","Buy","Jul 17, 2026","Uptrend","Jul 24, 2026","2172887.17","88.02","0.74","-1.86","Moving Up","","",,="8/9","<1","false","Swing"
"BFAM","Bright Horizons Family Solutions Inc. Common Stock","Discretionary","Personal Services","70.29","49.08","Sell","Jul 17, 2026","Downtrend","Aug 11, 2026","794151.9","8.67","3.62","-1.43","Moving Down","","",,="4/9","<1","false","Swing"
"CASS","Cass Information Systems, Inc Common Stock","Industrials","Specialty Business Services","57.26","87.72","Buy","Jul 17, 2026","Uptrend","Jun 05, 2026","70842.7","13.75","2.05","-1.97","Moving Down","","",,="6/9","<1","false","Swing"
"CB","Chubb Limited  Common Stock","Financials","Insurance - Property & Casualty","340.86","52.99","Sell","Jul 17, 2026","Downtrend","Aug 14, 2026","1828337.33","71.62","1.5","-0.81","Moving Down","","",,="5/9","<1","false","Swing"
"CDP","COPT Defense Properties Common Shares of Beneficial Interest","Real Estate","REIT - Office","36.81","81.28","Sell","Jul 17, 2026","Neutral","Aug 14, 2026","848060.9","15.9","1.18","-0.38","Moving Down","","",,="5/9","<1","false","Swing"
"COP","ConocoPhillips Common Stock","Energy","Oil & Gas E&P","127.56","65.84","Buy","Jul 17, 2026","Uptrend","Jul 17, 2026","6312372.97","25.86","0.59","0.62","Moving Up","","",,="9/9","<1","false","Swing"
"DVA","DaVita Inc. Common Stock","Health Care","Medical Care Facilities","176.7","28.45","Sell","Jul 17, 2026","Downtrend","Aug 05, 2026","906381.4","50.78","1.03","-1.87","Moving Down","","",,="6/9","<1","false","Swing"
"ESS","Essex Property Trust, Inc. Common Stock","Real Estate","REIT - Residential","283.06","62.38","Sell","Jul 17, 2026","Downtrend","Aug 17, 2026","433408.9","-60.54","0.02","-1.55","Moving Down","","",,="5/9","<1","false","Swing"
"FET","Forum Energy Technologies, Inc. Common Stock","Energy","Oil & Gas Equipment & Services","86.31","80.88","Buy","Jul 17, 2026","Uptrend","Jul 31, 2026","191303.87","205.12","4.37","1.11","Moving Up","","",,="9/9","<1","false","Swing"
"HIMS","Hims & Hers Health, Inc. Class A Common Stock","Health Care","Drug Manufacturers - Specialty & Generic","28.61","47.03","Sell","Jul 17, 2026","Downtrend","Aug 11, 2026","13694570.77","983","8.9","1.63","Moving Down","","",,="6/9","<1","false","Swing"
"HOOD","Robinhood Markets, Inc. Class A Common Stock","Financials","Capital Markets","96.25","48.88","Sell","Jul 17, 2026","Neutral","Aug 17, 2026","18598395.53","753.23","2.66","0.72","Moving Down","","",,="5/9","<1","false","Swing"
"IIIN","Insteel Industries, Inc. Common Stock","Industrials","Metal Fabrication","32.82","77.93","Buy","Jul 17, 2026","Uptrend","Jul 14, 2026","257064.57","-196.42","0.13","0.61","Moving Up","","",,="7/9","<1","false","Swing"
"ILMN","Illumina, Inc. Common Stock","Health Care","Diagnostics & Research","193.135","70.13","Sell","Jul 17, 2026","Uptrend","May 01, 2026","1855121.77","-1.53","85.61","1.18","Moving Down","","",,="7/9","<1","false","Swing"
"IOSP","Innospec Inc. Common Stock","Materials","Specialty Chemicals","93.83","93.63","Buy","Jul 17, 2026","Uptrend","Jul 16, 2026","163019.23","-24.58","0.99","-0.02","Moving Up","","",,="8/9","<1","false","Swing"
"JOUT","Johnson Outdoors Inc. Class A Common Stock","Discretionary","Leisure","47.74","74.02","Buy","Jul 17, 2026","Uptrend","Jul 16, 2026","46812.1","-73.41","1.42","-0.91","Moving Down","","",,="6/9","<1","false","Swing"
"MGA","Magna International, Inc. Common Stock","Discretionary","Auto Parts","71.29","78.35","Buy","Jul 17, 2026","Uptrend","Jul 15, 2026","1216647.27","16.44","1.32","1.49","Moving Up","","",,="7/9","<1","false","Swing"
"MOH","Molina Healthcare Inc Common Stock","Health Care","Healthcare Plans","203.06","48.17","Sell","Jul 17, 2026","Downtrend","Aug 17, 2026","1261638.07","-115.64","0.1","-4.41","Moving Up","","",,="7/9","<1","false","Swing"
"RAMP","LiveRamp Holdings, Inc. Common Stock","Technology","Software - Infrastructure","37.68","52.94","Sell","Jul 17, 2026","Uptrend","Apr 16, 2026","894007.13","-13.7","9.33","-0.45","Moving Down","","",,="7/9","<1","false","Swing"
"ROKU","Roku, Inc. Class A Common Stock","Communication","Entertainment","158.31","62.14","Buy","Jul 17, 2026","Uptrend","Jun 12, 2026","2545184.33","-21.88","8.83","0.4","Moving Up","","",,="6/9","<1","false","Swing"
"SHOO","Steven Madden, Ltd. Common Stock","Discretionary","Footwear & Accessories","46.6","82.97","Buy","Jul 17, 2026","Uptrend","Jul 16, 2026","1002431.97","22.52","6.48","-1.15","Moving Down","","",,="5/9","<1","false","Swing"
"SRE","DBA Sempra Common Stock","Utilities","Utilities - Diversified","85.94","29.99","Sell","Jul 17, 2026","Downtrend","Jul 27, 2026","3318883.4","-25.76","0.17","-0.54","Moving Down","","",,="5/9","<1","false","Swing"
"SSB","SouthState Bank Corporation Common Stock","Financials","Banks - Regional","110.82","78.63","Buy","Jul 17, 2026","Uptrend","Jun 10, 2026","856068.03","63.73","5.46","-0.69","Moving Up","","",,="7/9","<1","false","Swing"
"TM","Toyota Motor Corporation Common Stock","Discretionary","Auto Manufacturers","189.18","66.03","Buy","Jul 17, 2026","Uptrend","Jul 27, 2026","416466.97","-38.5","0.17","-1.01","Moving Up","","",,="7/9","<1","false","Swing"
"TNGX","Tango Therapeutics, Inc.","Health Care","Biotechnology","25.29","20.67","Sell","Jul 17, 2026","Downtrend","Aug 11, 2026","2377875.7","23.93","0.45","-1.21","Moving Down","","",,="6/9","<1","false","Swing"
"TXN","Texas Instruments Incorporated Common Stock","Technology","Semiconductors","282.91","51.91","Sell","Jul 17, 2026","Downtrend","Jul 23, 2026","7233881.73","119.05","2.67","1.19","Moving Up","","",,="7/9","<1","false","Swing"
"UDR","UDR, Inc. Common Stock","Real Estate","REIT - Residential","37.24","61.6","Sell","Jul 17, 2026","Downtrend","Jul 30, 2026","3095969.27","-19.68","2.08","-1.85","Moving Down","","",,="4/9","<1","false","Swing"
"USB","U.S. Bancorp Common Stock","Financials","Banks - Regional","64.87","75.83","Sell","Jul 17, 2026","Uptrend","Jun 05, 2026","7262380.8","33.33","6.91","-0.84","Moving Down","","",,="6/9","<1","false","Swing"
"UTI","Universal Technical Institute Inc Common Stock","Staples","Education & Training Services","26.15","9.35","Sell","Jul 17, 2026","Downtrend","Aug 06, 2026","1377142.7","93.92","0.99","3.98","Moving Down","","",,="4/9","<1","false","Swing"
"WGO","Winnebago Industries, Inc. Common Stock","Discretionary","Recreational Vehicles","31.58","69.28","Buy","Jul 17, 2026","Uptrend","Aug 03, 2026","547813.9","-104.43","1.12","0.1","Moving Up","","",,="7/9","<1","false","Swing"
"XOM","Exxon Mobil Corporation Common Stock","Energy","Oil & Gas Integrated","161.46","68.96","Buy","Jul 17, 2026","Uptrend","Jul 16, 2026","14175521.27","85.28","1.36","0.85","Moving Up","","Positive",,="9/9","<1","false","Swing"
"AMSF","AMERISAFE, Inc. Common Stock","Financials","Insurance - Specialty","26.41","9.95","Sell","Jul 16, 2026","Downtrend","Jul 23, 2026","319959.6","-43.86","2.76","-4.48","Moving Down","","",,="5/9","<1","false","Swing"
"ASND","Ascendis Pharma A/S Ordinary Share","Health Care","Biotechnology","247.4","34.09","Sell","Jul 16, 2026","Downtrend","Aug 13, 2026","533926.53","-171.29","0.1","-0.44","Moving Up","","",,="7/9","<1","false","Swing"
"BP","BP p.l.c. Common Stock","Energy","Oil & Gas Integrated","42.85","57.25","Buy","Jul 16, 2026","Uptrend","Aug 10, 2026","7684033.73","100.08","6.79","0.75","Moving Up","","",,="9/9","<1","false","Swing"
"CELC","Celcuity Inc. Common Stock","Health Care","Biotechnology","92.44","25.52","Sell","Jul 16, 2026","Downtrend","Jul 16, 2026","1440246.5","62.95","0.41","0.48","Moving Up","","",,="7/9","<1","false","Swing"
"CINF","Cincinnati Financial Corporation Common Stock","Financials","Insurance - Property & Casualty","171.06","56.9","Sell","Jul 16, 2026","Downtrend","Aug 10, 2026","775110.4","39.82","1.43","-1.22","Moving Down","","",,="5/9","<1","false","Swing"
"CVX","Chevron Corporation Common Stock","Energy","Oil & Gas Integrated","202.7","67.6","Buy","Jul 16, 2026","Uptrend","Jul 15, 2026","7496076.7","44.78","1.42","1.35","Moving Up","","Positive",,="9/9","<1","false","Swing"
"CYTK","Cytokinetics, Incorporated Common Stock","Health Care","Biotechnology","75.87","34.51","Sell","Jul 16, 2026","Downtrend","Aug 07, 2026","1833778.47","-668.83","0.17","2.35","Moving Down","","",,="6/9","<1","false","Swing"
"FBIN","Fortune Brands Innovations, Inc. Common Stock","Industrials","Building Products & Equipment","46.55","61.32","Sell","Jul 16, 2026","Downtrend","Aug 14, 2026","2307694.7","21.9","8.99","-2.7","Moving Down","","",,="4/9","<1","false","Swing"
"FBK","FB Financial Corporation Common Stock","Financials","Banks - Regional","61.34","74.98","Buy","Jul 16, 2026","Uptrend","Jun 18, 2026","374031","92.98","3.74","-0.74","Moving Down","","",,="7/9","<1","false","Swing"
"HHH","Howard Hughes Holdings Inc. Common Stock","Real Estate","Real Estate - Diversified","66.65","46.01","Sell","Jul 16, 2026","Downtrend","Aug 14, 2026","380868.47","-19.37","7.21","0.08","Moving Up","","",,="6/9","<1","false","Swing"
"HMN","Horace Mann Educators Corporation Common Stock","Financials","Insurance - Property & Casualty","51.3","73.47","Sell","Jul 16, 2026","Uptrend","May 18, 2026","255977.33","-58.24","0.15","-2.23","Moving Down","","",,="6/9","<1","false","Swing"
"LINC","Lincoln Educational Services Corporation Common Stock","Staples","Education & Training Services","28.72","11.94","Sell","Jul 16, 2026","Downtrend","Jul 16, 2026","895512.63","1192.31","3.06","-4.07","Moving Down","","",,="4/9","<1","false","Swing"
"LLY","Eli Lilly and Company Common Stock","Health Care","Drug Manufacturers - General","1183.16","64.36","Sell","Jul 16, 2026","Uptrend","Aug 10, 2026","2527668","480.89","1.34","0.25","Moving Down","","",,="7/9","<1","false","Swing"
"LMND","Lemonade, Inc. Common Stock","Financials","Insurance - Property & Casualty","49.95","21.68","Sell","Jul 16, 2026","Downtrend","Jul 24, 2026","1460289.03","-200.4","0.17","-5.11","Moving Down","","",,="5/9","<1","false","Swing"
"MCY","Mercury General Corporation Common Stock","Financials","Insurance - Property & Casualty","106.38","50.2","Sell","Jul 16, 2026","Neutral","Aug 14, 2026","281522.1","90.55","1.93","0.95","Moving Down","","",,="5/9","<1","false","Swing"
"PGR","Progressive Corporation (The) Common Stock","Financials","Insurance - Property & Casualty","203.84","32.23","Sell","Jul 16, 2026","Downtrend","Aug 11, 2026","2717321.87","163.03","2.32","-2.75","Moving Down","","",,="5/9","<1","false","Swing"
"PNR","Pentair plc. Ordinary Share","Industrials","Specialty Industrial Machinery","64.1","34.78","Sell","Jul 16, 2026","Downtrend","Jul 15, 2026","3325395.8","66.03","4.38","-3.11","Moving Up","","",,="5/9","<1","false","Swing"
"PNW","Pinnacle West Capital Corporation Common Stock","Utilities","Utilities - Regulated Electric","100.41","33.43","Sell","Jul 16, 2026","Downtrend","Jul 29, 2026","1163258.43","9.03","1.4","-1.05","Moving Down","","",,="5/9","<1","false","Swing"
"RM","Regional Management Corp. Common Stock","Financials","Credit Services","33.66","25.32","Sell","Jul 16, 2026","Downtrend","Jul 30, 2026","98592.27","115.64","11.49","0.48","Moving Up","","",,="6/9","<1","false","Swing"
"WDFC","WD-40 Company Common Stock","Materials","Specialty Chemicals","229.01","29.71","Sell","Jul 16, 2026","Downtrend","Aug 13, 2026","168017.13","19.28","3.17","-0.1","Moving Down","","",,="6/9","<1","false","Swing"
"WFC","Wells Fargo & Company Common Stock","Financials","Banks - Diversified","87.54","57.14","Sell","Jul 16, 2026","Uptrend","Jul 30, 2026","14174842.77","72.53","2.95","-1.44","Moving Down","","",,="5/9","<1","false","Swing"
"YUM","Yum! Brands, Inc.","Discretionary","Restaurants","145.14","35.42","Sell","Jul 16, 2026","Downtrend","Jul 31, 2026","2704116.3","-40.51","0.22","-2.01","Moving Down","","",,="4/9","<1","false","Swing"
"ZD","Ziff Davis, Inc. Common Stock","Communication","Advertising Agencies","54.31","77.1","Sell","Jul 16, 2026","Uptrend","May 28, 2026","608325.53","58.24","11.09","-1.93","Moving Down","","",,="5/9","<1","false","Swing"
"ABBV","AbbVie Inc. Common Stock","Health Care","Drug Manufacturers - General","250.33","55.23","Sell","Jul 15, 2026","Neutral","Aug 06, 2026","5272955.57","83.4","1.22","0.35","Moving Down","","",,="6/9","<1","false","Swing"
"AGIO","Agios Pharmaceuticals, Inc. Common Stock","Health Care","Biotechnology","33.63","33.71","Sell","Jul 15, 2026","Downtrend","Aug 13, 2026","1197648.4","-63.58","0.2","0.21","Moving Up","","",,="7/9","<1","false","Swing"
"ALNY","Alnylam Pharmaceuticals, Inc. Common Stock","Health Care","Biotechnology","224.6","8.43","Sell","Jul 15, 2026","Downtrend","Jul 15, 2026","2123987.97","20.73","1.78","-1.77","Moving Up","","",,="7/9","<1","false","Swing"
"AUBN","Auburn National Bancorporation, Inc. Common Stock","Financials","Banks - Regional","26.26","56.72","Sell","Jul 15, 2026","Neutral","Aug 17, 2026","1521.97","5.16","4.06","0.04","Moving Down","","",,="5/9","<1","false","Swing"
"CR","Crane Company Common Stock","Industrials","Specialty Industrial Machinery","218.59","69.2","Sell","Jul 15, 2026","Uptrend","Jul 30, 2026","451461.73","-0.19","0.4","0.11","Moving Down","","",,="4/9","<1","false","Swing"
"DIN","Dine Brands Global, Inc. Common Stock","Discretionary","Restaurants","34.99","77.01","Sell","Jul 15, 2026","Uptrend","Jun 05, 2026","257689.7","-74.3","1.84","-0.91","Moving Down","","",,="5/9","<1","false","Swing"
"EZPW","EZCORP, Inc. Class A Non Voting Common Stock","Financials","Credit Services","29.29","27.05","Sell","Jul 15, 2026","Downtrend","Jul 23, 2026","992517.6","356.94","2.52","-0.68","Moving Down","","",,="5/9","<1","false","Swing"
"HRI","Herc Holdings Inc. Common Stock ","Industrials","Rental & Leasing Services","173.12","75.36","Buy","Jul 15, 2026","Uptrend","Jul 30, 2026","503335.83","67.9","0.78","-0.22","Moving Up","","",,="7/9","<1","false","Swing"
"IBM","International Business Machines Corporation Common Stock","Technology","Information Technology Services","228.85","33","Sell","Jul 15, 2026","Downtrend","Jul 14, 2026","11006114.13","-26.26","0.28","-2.33","Moving Up","","",,="7/9","<1","false","Swing"
"ICLR","ICON plc Ordinary Shares","Health Care","Diagnostics & Research","169.45","65.62","Sell","Jul 15, 2026","Uptrend","Aug 17, 2026","745004","-50.67","0","3.86","Moving Up","","",,="8/9","<1","false","Swing"
"INTG","Intergroup Corporation (The) Common Stock","Discretionary","Lodging","35.16","38.58","Sell","Jul 15, 2026","Downtrend","Jul 16, 2026","110646.43","-140.94","0.14","-0.9","Moving Up","","",,="5/9","<1","false","Swing"
"IRMD","iRadimed Corporation Common Stock","Health Care","Medical Devices","88.02","28.77","Sell","Jul 15, 2026","Downtrend","Jul 31, 2026","134615.67","-135.06","0.23","1.23","Moving Down","","",,="6/9","<1","false","Swing"
"LIN","Linde plc Ordinary Shares","Materials","Specialty Chemicals","474.33","32.58","Sell","Jul 15, 2026","Downtrend","Jul 20, 2026","2038195.33","15.55","0.74","-1.74","Moving Down","","",,="6/9","<1","false","Swing"
"LKFT","Lakefront Biotherapeutics American Depositary Shares","Health Care","Biotechnology","27.52","38.93","Sell","Jul 15, 2026","Downtrend","Aug 12, 2026","218283.4","-49.31","6.04","-0.04","Moving Up","","",,="7/9","<1","false","Swing"
"LNT","Alliant Energy Corporation Common Stock","Utilities","Utilities - Regulated Electric","70.35","28.06","Sell","Jul 15, 2026","Downtrend","Jul 27, 2026","2528333.03","-8.44","0.29","-0.35","Moving Up","","",,="6/9","<1","false","Swing"
"MORN","Morningstar, Inc. Common Stock","Financials","Financial Data & Stock Exchanges","206.74","89.27","Buy","Jul 15, 2026","Uptrend","Jul 24, 2026","382387.63","11.89","0.87","-0.32","Moving Up","","",,="8/9","<1","false","Swing"
"MT","Arcelor Mittal NY Registry Shares NEW","Materials","Steel","73.8","89.61","Buy","Jul 15, 2026","Uptrend","Jul 14, 2026","1526604.8","40.99","0.33","-0.08","Moving Up","","",,="9/9","<1","false","Swing"
"NSIT","Insight Enterprises, Inc. Common Stock","Technology","Electronics & Computer Distribution","149.31","94.53","Buy","Jul 15, 2026","Uptrend","May 08, 2026","415866.5","113.68","3.12","-3.2","Moving Up","","",,="9/9","<1","false","Swing"
"PNC","PNC Financial Services Group, Inc. (The) Common Stock","Financials","Banks - Regional","254.55","63.61","Sell","Jul 15, 2026","Uptrend","Jun 02, 2026","1685758.23","40.72","1.6","-0.94","Moving Down","","",,="6/9","<1","false","Swing"
"SHEL","Shell PLC American Depositary Shares (each representing two (2) Ordinary Shares) ","Energy","Oil & Gas Integrated","91.62","84.39","Buy","Jul 15, 2026","Uptrend","Jul 14, 2026","6431182.77","47.68","1.4","1.27","Moving Up","","",,="9/9","<1","false","Swing"
"SIMO","Silicon Motion Technology Corporation American Depositary Shares","Technology","Semiconductors","272.7","53.49","Sell","Jul 15, 2026","Neutral","Aug 14, 2026","1132019.2","389.59","2.61","1.41","Moving Up","","",,="6/9","<1","false","Swing"
"TCI","Transcontinental Realty Investors, Inc. Common Stock","Real Estate","Real Estate Services","35.38","33.29","Sell","Jul 15, 2026","Downtrend","Aug 05, 2026","37600.8","22.79","9.95","-1.48","Moving Down","","",,="5/9","<1","false","Swing"
"TDC","Teradata Corporation Common Stock","Technology","Software - Infrastructure","27.53","23.87","Sell","Jul 15, 2026","Downtrend","Aug 05, 2026","3209368.3","-5.97","0.1","-0.54","Moving Up","","",,="7/9","<1","false","Swing"
"TECH","Bio-Techne Corp Common Stock","Health Care","Biotechnology","72.39","61.92","Sell","Jul 15, 2026","Uptrend","Jun 04, 2026","3564869.1","-61.87","0.11","-0.01","Moving Down","","",,="7/9","<1","false","Swing"
"TTWO","Take-Two Interactive Software, Inc. Common Stock","Communication","Electronic Gaming & Multimedia","241.61","54.61","Sell","Jul 15, 2026","Uptrend","Aug 07, 2026","1983346.33","71.62","2.06","-2.16","Moving Down","","",,="5/9","<1","false","Swing"
"VKTX","Viking Therapeutics, Inc. Common Stock","Health Care","Biotechnology","33.63","17.65","Sell","Jul 15, 2026","Downtrend","Jul 27, 2026","2002919.9","-221.44","0.19","1.33","Moving Up","","",,="7/9","<1","false","Swing"
"WEC","WEC Energy Group, Inc. Common Stock","Utilities","Utilities - Regulated Electric","110.49","32.14","Sell","Jul 15, 2026","Downtrend","Jul 27, 2026","2219851.03","-8.12","0.33","-0.03","Moving Up","","",,="6/9","<1","false","Swing"
"WLFC","Willis Lease Finance Corporation Common Stock","Industrials","Rental & Leasing Services","58.43","35.78","Sell","Jul 15, 2026","Downtrend","Aug 05, 2026","289836.07","123.59","1.72","2.63","Moving Down","","",,="4/9","<1","false","Swing"
"WLY","John Wiley & Sons, Inc. Common Stock","Communication","Publishing","50.8","65.32","Sell","Jul 15, 2026","Uptrend","May 18, 2026","453667.9","-34.05","0.07","-1.15","Moving Down","","",,="5/9","<1","false","Swing"
"AEE","Ameren Corporation Common Stock","Utilities","Utilities - Regulated Electric","109.47","35.68","Sell","Jul 14, 2026","Downtrend","Jul 29, 2026","1487934.9","54.41","3.21","-0.25","Moving Down","","",,="5/9","<1","false","Swing"
"AEP","American Electric Power Company, Inc. Common Stock","Utilities","Utilities - Regulated Electric","126.53","28.48","Sell","Jul 14, 2026","Downtrend","Jul 29, 2026","3788837.97","58.42","4.44","0.74","Moving Down","","",,="5/9","<1","false","Swing"
"BCS","Barclays PLC Common Stock","Financials","Banks - Diversified","27.8","62.63","Sell","Jul 14, 2026","Uptrend","Jul 30, 2026","4670100.5","180.98","2.53","-1.21","Moving Down","","",,="5/9","<1","false","Swing"
"BLK","BlackRock, Inc. Common Stock","Financials","Asset Management","1147.11","78.9","Buy","Jul 14, 2026","Uptrend","Jul 13, 2026","680015.77","112.21","2.05","-2.27","Moving Up","","Positive",,="7/9","<1","false","Swing"
"BPOP","Popular, Inc. Common Stock","Financials","Banks - Regional","176.91","74.46","Sell","Jul 14, 2026","Uptrend","May 20, 2026","464859.57","127.97","1.62","-0.54","Moving Down","","",,="6/9","<1","false","Swing"
"CACC","Credit Acceptance Corporation Common Stock","Financials","Credit Services","573.09","50.41","Sell","Jul 14, 2026","Downtrend","Aug 17, 2026","127447.87","-34.28","0.16","-2.41","Moving Up","","",,="6/9","<1","false","Swing"
"CELH","Celsius Holdings, Inc. Common Stock","Staples","Beverages - Non-Alcoholic","29.945","41.92","Sell","Jul 14, 2026","Neutral","Aug 17, 2026","10936201.07","78.68","70.83","2.94","Moving Up","","",,="4/9","<1","false","Swing"
"FITB","Fifth Third Bancorp Common Stock","Financials","Banks - Regional","57.6","64.93","Sell","Jul 14, 2026","Uptrend","Jun 02, 2026","5669670.5","101.34","2.95","-0.79","Moving Down","","",,="6/9","<1","false","Swing"
"FLXS","Flexsteel Industries, Inc. Common Stock","Discretionary","Furnishings Fixtures & Appliances","70.86","73.11","Sell","Jul 14, 2026","Neutral","Aug 17, 2026","48572.2","-2.73","0.33","-3.97","Moving Down","","",,="4/9","<1","false","Swing"
"FNLC","First Bancorp, Inc  (ME) Common Stock","Financials","Banks - Regional","35.37","75.9","Sell","Jul 14, 2026","Uptrend","Jun 04, 2026","31537.93","-66.86","0.17","-0.7","Moving Down","","",,="6/9","<1","false","Swing"
"GBLI","Global Indemnity Group, LLC Class A Common Stock ","Financials","Insurance - Property & Casualty","27.18","80.29","Buy","Jul 14, 2026","Uptrend","Aug 17, 2026","5304.63","-141.33","0.03","0.41","Moving Down","","",,="7/9","<1","false","Swing"
"HURN","Huron Consulting Group Inc. Common Stock","Industrials","Consulting Services","148.33","95.74","Buy","Jul 14, 2026","Uptrend","Jul 24, 2026","331296.23","5.8","0.13","-2.33","Moving Up","","",,="7/9","<1","false","Swing"
"IIPR","Innovative Industrial Properties, Inc. Common Stock","Real Estate","REIT - Industrial","55.8","44.76","Sell","Jul 14, 2026","Downtrend","Aug 05, 2026","312360.6","-22.5","12.3","-0.34","Moving Down","","",,="5/9","<1","false","Swing"
"IMO","Imperial Oil Limited Common Stock","Energy","Oil & Gas Integrated","134.88","59.26","Buy","Jul 14, 2026","Uptrend","Jul 17, 2026","463011.7","388.82","2.07","1.2","Moving Up","","",,="8/9","<1","false","Swing"
"MAA","Mid-America Apartment Communities, Inc. Common Stock","Real Estate","REIT - Residential","131.12","62.93","Sell","Jul 14, 2026","Downtrend","Aug 14, 2026","1007051.8","-54.17","0.03","-1.78","Moving Down","","",,="5/9","<1","false","Swing"
"NRG","NRG Energy, Inc. Common Stock","Utilities","Utilities - Independent Power Producers","122.37","20.58","Sell","Jul 14, 2026","Downtrend","Aug 04, 2026","2697271.83","195.98","2.44","-3.07","Moving Down","","",,="5/9","<1","false","Swing"
"OPLN","OPENLANE, Inc. Common Stock","Discretionary","Auto & Truck Dealerships","35.09","47.92","Sell","Jul 14, 2026","Downtrend","Aug 05, 2026","1097565.63","-22.63","0.21","-1.15","Moving Down","","",,="4/9","<1","false","Swing"
"OVV","Ovintiv Inc. (DE)","Energy","Oil & Gas E&P","63.85","80.16","Buy","Jul 14, 2026","Uptrend","Jul 13, 2026","3350419.3","-14.26","0.36","1.32","Moving Up","","",,="9/9","<1","false","Swing"
"PBT","Permian Basin Royalty Trust Common Stock","Energy","Oil & Gas Midstream","32.92","68.99","Buy","Jul 14, 2026","Uptrend","Jul 13, 2026","133281.57","319.91","0.87","0.7","Moving Up","","",,="9/9","<1","false","Swing"
"PTCT","PTC Therapeutics, Inc. Common Stock","Health Care","Biotechnology","72.88","40.29","Sell","Jul 14, 2026","Downtrend","Jul 24, 2026","1220178.77","-64.96","0.06","1.65","Moving Up","","",,="7/9","<1","false","Swing"
"RYAAY","Ryanair Holdings plc American Depositary Shares","Industrials","Airlines","57.34","32.44","Sell","Jul 14, 2026","Downtrend","Aug 06, 2026","1507727.73","-35.08","0.22","-2.5","Moving Down","","",,="4/9","<1","false","Swing"
"SIGI","Selective Insurance Group, Inc. Common Stock","Financials","Insurance - Property & Casualty","92.1","77.65","Sell","Jul 14, 2026","Downtrend","Aug 17, 2026","520859","-148.65","0.09","-2.41","Moving Down","","",,="5/9","<1","false","Swing"
"SSNC","SS&C Technologies Holdings, Inc. Common Stock","Technology","Software - Application","79.8","94.36","Buy","Jul 14, 2026","Uptrend","Jul 24, 2026","1873309.8","75.6","6.85","-2.09","Moving Down","","",,="8/9","<1","false","Swing"
"TSLA","Tesla, Inc. Common Stock","Discretionary","Auto Manufacturers","339.3","24.76","Sell","Jul 14, 2026","Downtrend","Jul 13, 2026","36630592.4","1352.54","7.9","-0.87","Moving Up","","Positive","true",="5/9","<1","false","Swing"
"UTHR","United Therapeutics Corporation Common Stock","Health Care","Drug Manufacturers - Specialty & Generic","508.48","34.08","Sell","Jul 14, 2026","Downtrend","Aug 10, 2026","458018.77","195.85","1.2","1.75","Moving Down","","",,="6/9","<1","false","Swing"
"WPP","WPP plc American Depositary Shares","Communication","Advertising Agencies","25.84","97.23","Buy","Jul 14, 2026","Uptrend","Jul 13, 2026","517651.57","29.91","4.7","-3.98","Moving Up","","",,="7/9","<1","false","Swing"
"WSBC","WesBanco, Inc. Common Stock","Financials","Banks - Regional","42.48","78.67","Sell","Jul 14, 2026","Uptrend","Jun 04, 2026","934473.3","72.81","9.72","-0.49","Moving Down","","",,="6/9","<1","false","Swing"
"XRN","Chiron Real Estate Inc. Common Stock","Real Estate","REIT - Healthcare Facilities","36.37","57.19","Sell","Jul 14, 2026","Neutral","Aug 12, 2026","85409.3","81.82","38.23","-1.99","Moving Up","","",,="6/9","<1","false","Swing"
"ZBH","Zimmer Biomet Holdings, Inc. Common Stock","Health Care","Medical Devices","98.2","94.02","Buy","Jul 14, 2026","Uptrend","Jul 23, 2026","2430481.23","-72.29","1.07","-2.43","Moving Up","","",,="9/9","<1","false","Swing"
"ALGT","Allegiant Travel Company Common Stock","Industrials","Airlines","84.3","38.49","Sell","Jul 13, 2026","Downtrend","Aug 06, 2026","480111.13","69.82","8.09","-1.69","Moving Down","","",,="4/9","<1","false","Swing"
"ALKS","Alkermes plc Ordinary Shares","Health Care","Drug Manufacturers - Specialty & Generic","49.85","56.73","Sell","Jul 13, 2026","Neutral","Jul 31, 2026","1649353.4","-63.98","0.26","1.61","Moving Down","","",,="6/9","<1","false","Swing"
"ANIP","ANI Pharmaceuticals, Inc.","Health Care","Drug Manufacturers - Specialty & Generic","76","30.1","Sell","Jul 13, 2026","Downtrend","Aug 07, 2026","330729.33","-115.52","0.09","-0.71","Moving Down","","",,="6/9","<1","false","Swing"
"AROW","Arrow Financial Corporation Common Stock","Financials","Banks - Regional","38.86","54.13","Sell","Jul 13, 2026","Downtrend","Aug 07, 2026","84100.43","95.79","6.03","-0.99","Moving Down","","",,="5/9","<1","false","Swing"
"AZN","AstraZeneca PLC Ordinary Shares","Health Care","Drug Manufacturers - General","156.89","23.23","Sell","Jul 13, 2026","Downtrend","Jul 10, 2026","3813916.4","50.96","1.55","0.28","Moving Down","","",,="6/9","<1","false","Swing"
"BEAM","Beam Therapeutics Inc. Common Stock","Health Care","Biotechnology","27.1","29.78","Sell","Jul 13, 2026","Downtrend","Jul 15, 2026","2046061.97","-114.21","0.56","1.31","Moving Up","","",,="7/9","<1","false","Swing"
"BJRI","BJ's Restaurants, Inc. Common Stock","Discretionary","Restaurants","66.27","74.55","Sell","Jul 13, 2026","Uptrend","May 05, 2026","499073.87","31.82","1.16","-2.47","Moving Down","","",,="4/9","<1","false","Swing"
"BUI","BlackRock Utility, Infrastructure & Power Opportunities Trust","Financials","Closed-End Fund - Equity","27.01","42.74","Sell","Jul 13, 2026","Downtrend","Jul 16, 2026","65046.97","89.13","3.36","-1.21","Moving Up","","",,="6/9","<1","false","Swing"
"BXP","BXP, Inc. Common Stock","Real Estate","REIT - Office","66.69","61.96","Sell","Jul 13, 2026","Downtrend","Aug 17, 2026","1361273.7","23.79","5.2","-2.57","Moving Down","","",,="5/9","<1","false","Swing"
"CMS","CMS Energy Corporation Common Stock","Utilities","Utilities - Regulated Electric","71.4","24.6","Sell","Jul 13, 2026","Downtrend","Jul 27, 2026","3596545.13","10.87","1.71","0.41","Moving Down","","",,="5/9","<1","false","Swing"
"DEO","Diageo plc Common Stock","Staples","Beverages - Wineries & Distilleries","91.82","95.17","Buy","Jul 13, 2026","Uptrend","Jul 15, 2026","1216111.6","11.63","4.27","-3.79","Moving Down","","",,="6/9","<1","false","Swing"
"DTE","DTE Energy Company Common Stock","Utilities","Utilities - Regulated Electric","141.15","40.78","Sell","Jul 13, 2026","Downtrend","Jul 27, 2026","1307144.43","27.31","1.65","0.22","Moving Down","","",,="5/9","<1","false","Swing"
"EIG","Employers Holdings Inc Common Stock","Financials","Insurance - Specialty","48.09","48.96","Sell","Jul 13, 2026","Downtrend","Aug 17, 2026","193151","-33.41","0.16","-1.31","Moving Down","","",,="5/9","<1","false","Swing"
"ESE","ESCO Technologies Inc. Common Stock","Technology","Scientific & Technical Instruments","308.01","44","Sell","Jul 13, 2026","Downtrend","Aug 07, 2026","191250.57","225.56","2.4","0.7","Moving Down","","",,="6/9","<1","false","Swing"
"FMX","Fomento Economico Mexicano S.A.B. de C.V. Common Stock","Staples","Beverages - Brewers","117.28","39.85","Sell","Jul 13, 2026","Downtrend","Aug 05, 2026","501730.5","-7.64","0.26","-0.84","Moving Down","","",,="4/9","<1","false","Swing"
"GCBC","Greene County Bancorp, Inc. Common Stock","Financials","Banks - Regional","34.25","73.56","Sell","Jul 13, 2026","Uptrend","Apr 23, 2026","34568.7","-53.9","0.26","-2.06","Moving Down","","",,="5/9","<1","false","Swing"
"LII","Lennox International, Inc. Common Stock","Industrials","Building Products & Equipment","416.13","18.51","Sell","Jul 13, 2026","Downtrend","Jul 29, 2026","535854.93","-61.24","0.19","-1.39","Moving Down","","",,="4/9","<1","false","Swing"
"MAS","Masco Corporation Common Stock","Industrials","Building Products & Equipment","73.93","58.43","Sell","Jul 13, 2026","Downtrend","Aug 12, 2026","2597980.57","84.26","4.52","-0.54","Moving Down","","",,="4/9","<1","false","Swing"
"MYFW","First Western Financial, Inc. Common Stock","Financials","Banks - Regional","31.62","58.26","Sell","Jul 13, 2026","Neutral","Jul 27, 2026","62539.13","44.74","8.98","-0.28","Moving Down","","",,="5/9","<1","false","Swing"
"PRG","PROG Holdings, Inc. Common Stock","Industrials","Rental & Leasing Services","42.16","60.31","Sell","Jul 13, 2026","Neutral","Aug 13, 2026","509659","-19.29","2.02","-1.08","Moving Down","","",,="4/9","<1","false","Swing"
"RARE","Ultragenyx Pharmaceutical Inc. Common Stock","Health Care","Biotechnology","26.13","32.61","Sell","Jul 13, 2026","Downtrend","Jul 22, 2026","1923226.63","323.9","41.96","-1.36","Moving Up","","",,="7/9","<1","false","Swing"
"SLGN","Silgan Holdings Inc. Common Stock","Discretionary","Packaging & Containers","41.67","27.81","Sell","Jul 13, 2026","Downtrend","Jul 30, 2026","1410320.5","-76.13","0.11","-1.91","Moving Down","","",,="4/9","<1","false","Swing"
"TWIN","Twin Disc, Incorporated Common Stock","Industrials","Specialty Industrial Machinery","25.16","72.5","Sell","Jul 13, 2026","Uptrend","Jun 03, 2026","89377.7","-209.61","0.13","2.53","Moving Down","","",,="5/9","<1","false","Swing"
"WF","Woori Financial Group Inc. American Depositary Shares (each representing three (3) shares of Common Stock)","Financials","Banks - Regional","71.48","78.69","Buy","Jul 13, 2026","Uptrend","Jul 23, 2026","137257.13","130.66","2.43","0.15","Moving Up","","",,="8/9","<1","false","Swing"
"WRLD","World Acceptance Corporation Common Stock","Financials","Credit Services","190","61.95","Sell","Jul 13, 2026","Neutral","Aug 03, 2026","124947.87","-184.61","0.14","-2.44","Moving Down","","",,="5/9","<1","false","Swing"
"ASTE","Astec Industries, Inc. Common Stock","Industrials","Farm & Heavy Construction Machinery","43.25","12.39","Sell","Jul 10, 2026","Downtrend","Jul 28, 2026","235110.93","28.55","9.07","-0.07","Moving Down","","",,="4/9","<1","false","Swing"
"ASTH","Astrana Health Inc. Common Stock","Health Care","Medical Care Facilities","39.75","63.13","Sell","Jul 10, 2026","Neutral","Aug 14, 2026","555497.2","180.73","3.24","-2.6","Moving Up","","",,="7/9","<1","false","Swing"
"ATEN","A10 Networks, Inc. Common Stock","Technology","Software - Infrastructure","27.35","28.41","Sell","Jul 10, 2026","Downtrend","Jul 28, 2026","1297799.73","288.32","2.45","-0.18","Moving Down","","",,="6/9","<1","false","Swing"
"AUB","Atlantic Union Bankshares Corporation Common Stock","Financials","Banks - Regional","42.54","60.49","Sell","Jul 10, 2026","Uptrend","Jun 05, 2026","1023229.77","-17.17","0.19","-0.79","Moving Down","","",,="6/9","<1","false","Swing"
"BR","Broadridge Financial Solutions, Inc. Common Stock","Technology","Information Technology Services","167.84","87.02","Buy","Jul 10, 2026","Uptrend","Jul 24, 2026","1131106.83","91.39","6.56","-1.85","Moving Up","","",,="9/9","<1","false","Swing"
"DLTR","Dollar Tree Inc. Common Stock","Staples","Discount Stores","129.54","64.57","Sell","Jul 10, 2026","Uptrend","May 28, 2026","2287557.03","1.86","0.14","0.12","Moving Down","","",,="4/9","<1","false","Swing"
"EFSC","Enterprise Financial Services Corporation Common Stock","Financials","Banks - Regional","65.96","58.76","Sell","Jul 10, 2026","Uptrend","Apr 08, 2026","227099.03","53.72","3.38","-0.71","Moving Down","","",,="6/9","<1","false","Swing"
"ETR","Entergy Corporation Common Stock","Utilities","Utilities - Regulated Electric","108.52","32.64","Sell","Jul 10, 2026","Downtrend","Jul 29, 2026","2473753.73","63.42","1.24","0.63","Moving Down","","",,="5/9","<1","false","Swing"
"FSBW","FS Bancorp, Inc. Common Stock","Financials","Banks - Regional","42.87","47.63","Sell","Jul 10, 2026","Uptrend","Aug 12, 2026","19929.97","2.46","0.12","-1.4","Moving Down","","",,="6/9","<1","false","Swing"
"GL","Globe Life Inc. Common Stock","Financials","Insurance - Life","179.41","70.84","Sell","Jul 10, 2026","Uptrend","Jun 04, 2026","621971.17","45.77","1.68","-0.88","Moving Down","","",,="6/9","<1","false","Swing"
"INDB","Independent Bank Corp. Common Stock","Financials","Banks - Regional","86.04","57.65","Sell","Jul 10, 2026","Uptrend","Jun 04, 2026","363816.5","51.56","17.55","0.12","Moving Down","","",,="6/9","<1","false","Swing"
"IONS","Ionis Pharmaceuticals, Inc. Common Stock","Health Care","Biotechnology","58.63","14.59","Sell","Jul 10, 2026","Downtrend","Jul 10, 2026","3836678.27","-52.71","0.21","2.43","Moving Up","","",,="7/9","<1","false","Swing"
"LGND","Ligand Pharmaceuticals Incorporated Common Stock","Health Care","Biotechnology","291.77","40.39","Sell","Jul 10, 2026","Neutral","Aug 10, 2026","299092.13","201.25","3.78","-0.96","Moving Up","","",,="7/9","<1","false","Swing"
"MO","Altria Group, Inc.","Staples","Tobacco","63.96","41.44","Sell","Jul 10, 2026","Downtrend","Jul 31, 2026","8472896.23","20.83","1.11","-2.65","Moving Down","","Positive",,="4/9","<1","false","Swing"
"NECB","NorthEast Community Bancorp, Inc. Common Stock","Financials","Banks - Regional","26.77","53.56","Sell","Jul 10, 2026","Uptrend","Jun 04, 2026","40055.7","213.03","2.43","-0.96","Moving Down","","",,="6/9","<1","false","Swing"
"ODC","Oil-Dri Corporation Of America Common Stock","Materials","Specialty Chemicals","92.54","42.86","Sell","Jul 10, 2026","Downtrend","Aug 07, 2026","129827.97","333.34","1.8","2.36","Moving Down","","",,="6/9","<1","false","Swing"
"PG","Procter & Gamble Company (The) Common Stock","Staples","Household & Personal Products","143.12","46.71","Sell","Jul 10, 2026","Downtrend","Aug 05, 2026","8179058.27","51.87","6.94","-0.99","Moving Down","","",,="4/9","<1","false","Swing"
"PGC","Peapack-Gladstone Financial Corporation Common Stock","Financials","Banks - Regional","46.71","62.35","Sell","Jul 10, 2026","Uptrend","Aug 17, 2026","229687.9","78.5","3.75","0.06","Moving Down","","",,="5/9","<1","false","Swing"
"PPL","PPL Corporation Common Stock","Utilities","Utilities - Regulated Electric","35.95","40.56","Sell","Jul 10, 2026","Neutral","Aug 14, 2026","7291426.77","11.46","3.63","-0.19","Moving Up","","",,="5/9","<1","false","Swing"
"PRSU","Pursuit Attractions and Hospitality, Inc. Common Stock","Discretionary","Travel Services","47.99","45.34","Sell","Jul 10, 2026","Downtrend","Aug 05, 2026","231601.47","-1.62","62.28","0.06","Moving Down","","",,="4/9","<1","false","Swing"
"RBA","RB Global, Inc. Common Stock","Industrials","Specialty Business Services","82.11","16.25","Sell","Jul 10, 2026","Downtrend","Aug 05, 2026","1499584.1","124.58","3.28","-2.55","Moving Down","","",,="4/9","<1","false","Swing"
"SMBC","Southern Missouri Bancorp, Inc. Common Stock","Financials","Banks - Regional","76.35","58.85","Sell","Jul 10, 2026","Uptrend","Mar 30, 2026","91671.17","201.84","4.69","-0.53","Moving Down","","",,="6/9","<1","false","Swing"
"UVSP","Univest Financial Corporation Common Stock","Financials","Banks - Regional","43.06","55.58","Sell","Jul 10, 2026","Neutral","Aug 12, 2026","250307.87","92.72","2.77","-0.23","Moving Down","","",,="5/9","<1","false","Swing"
"VCYT","Veracyte, Inc. Common Stock","Health Care","Diagnostics & Research","42.08","26.95","Sell","Jul 10, 2026","Downtrend","Jul 31, 2026","1260313.9","184.93","17.35","2.01","Moving Down","","",,="6/9","<1","false","Swing"
"VMC","Vulcan Materials Company (Holding Company) Common Stock","Materials","Building Materials","278.15","41.75","Sell","Jul 10, 2026","Downtrend","Aug 12, 2026","1005193","121.3","2.99","-1.37","Moving Down","","",,="6/9","<1","false","Swing"
"WINA","Winmark Corporation Common Stock","Discretionary","Specialty Retail","349.78","40.88","Sell","Jul 10, 2026","Downtrend","Aug 11, 2026","48564.37","131.5","3.73","-0.35","Moving Down","","",,="4/9","<1","false","Swing"
"WTFC","Wintrust Financial Corporation Common Stock","Financials","Banks - Regional","160.96","58.59","Sell","Jul 10, 2026","Uptrend","Aug 11, 2026","673158.83","85.05","1.58","-0.93","Moving Down","","",,="6/9","<1","false","Swing"
"XEL","Xcel Energy Inc. Common Stock","Utilities","Utilities - Regulated Electric","79.21","37.3","Sell","Jul 10, 2026","Neutral","Aug 14, 2026","4685506.17","6.5","0.61","0.05","Moving Up","","",,="6/9","<1","false","Swing"
"ABCB","Ameris Bancorp Common Stock","Financials","Banks - Regional","89.04","50.1","Sell","Jul 09, 2026","Uptrend","Aug 17, 2026","423221.57","142.42","3.33","-0.81","Moving Down","","",,="5/9","<1","false","Swing"
"AGX","Argan, Inc. Common Stock","Industrials","Engineering & Construction","589.27","34.79","Sell","Jul 09, 2026","Downtrend","Jul 10, 2026","303133.43","897.41","1.34","1.91","Moving Up","","",,="4/9","<1","false","Swing"
"ASR","Grupo Aeroportuario del Sureste, S.A. de C.V. Common Stock","Industrials","Airports & Air Services","263","37.51","Sell","Jul 09, 2026","Downtrend","Jul 08, 2026","66002.3","-72.54","0.12","-0.6","Moving Down","","",,="4/9","<1","false","Swing"
"ATEX","Anterix Inc. Common Stock","Communication","Telecom Services","91.57","54.45","Sell","Jul 09, 2026","Neutral","Aug 12, 2026","366218.97","112.95","3.65","0.04","Moving Up","","",,="5/9","<1","false","Swing"
"BAP","Credicorp Ltd. Common Stock","Financials","Banks - Regional","378.28","48.51","Sell","Jul 09, 2026","Neutral","Aug 14, 2026","278698.33","86.81","3.43","-2.09","Moving Down","","",,="5/9","<1","false","Swing"
"BFS","Saul Centers, Inc. Common Stock","Real Estate","REIT - Retail","34.27","48.04","Sell","Jul 09, 2026","Downtrend","Jul 28, 2026","98625.53","-2.47","4.96","-1.52","Moving Down","","",,="5/9","<1","false","Swing"
"BLDR","Builders FirstSource, Inc. Common Stock","Industrials","Building Products & Equipment","70.21","46.96","Sell","Jul 09, 2026","Downtrend","Jul 09, 2026","2209535.03","-134.56","0.2","-3.17","Moving Up","","",,="5/9","<1","false","Swing"
"BMO","Bank Of Montreal Common Stock","Financials","Banks - Diversified","185.28","79.39","Sell","Jul 09, 2026","Uptrend","Apr 09, 2026","644299.73","192.17","2.93","-0.29","Moving Up","","",,="7/9","<1","false","Swing"
"BSRR","Sierra Bancorp Common Stock","Financials","Banks - Regional","40.81","61.36","Sell","Jul 09, 2026","Neutral","Aug 11, 2026","64149.87","117.73","4.35","-0.49","Moving Down","","",,="4/9","<1","false","Swing"
"CATY","Cathay General Bancorp Common Stock","Financials","Banks - Regional","64.4","70.27","Sell","Jul 09, 2026","Uptrend","Apr 01, 2026","482984.7","79.71","2.49","-0.82","Moving Down","","",,="6/9","<1","false","Swing"
"CRS","Carpenter Technology Corporation Common Stock","Industrials","Metal Fabrication","542.38","37.31","Sell","Jul 09, 2026","Downtrend","Aug 17, 2026","642349.37","884.99","2.12","-0.41","Moving Down","","",,="4/9","<1","false","Swing"
"CXW","CoreCivic, Inc. Common Stock","Industrials","Security & Protection Services","33.58","65.64","Sell","Jul 09, 2026","Uptrend","May 13, 2026","1256189.53","46.64","1.19","2.32","Moving Down","","",,="5/9","<1","false","Swing"
"FHB","First Hawaiian, Inc. Common Stock","Financials","Banks - Regional","27.52","51.76","Sell","Jul 09, 2026","Downtrend","Jul 24, 2026","2468536.6","1.71","8.91","-0.51","Moving Up","","",,="5/9","<1","false","Swing"
"FTS","Fortis Inc. Common Shares","Utilities","Utilities - Regulated Electric","56.44","38.52","Sell","Jul 09, 2026","Downtrend","Aug 03, 2026","671004.9","-12.04","0.27","-0.42","Moving Up","","",,="6/9","<1","false","Swing"
"GVA","Granite Construction Incorporated Common Stock","Industrials","Engineering & Construction","128.02","32.67","Sell","Jul 09, 2026","Downtrend","Jul 09, 2026","959097.23","113.01","0.74","0.72","Moving Up","","",,="5/9","<1","false","Swing"
"HAFC","Hanmi Financial Corporation Common Stock","Financials","Banks - Regional","32.2","42.5","Sell","Jul 09, 2026","Uptrend","Aug 12, 2026","252195.63","122.4","3.2","-0.74","Moving Down","","",,="5/9","<1","false","Swing"
"IBOC","International Bancshares Corporation Common Stock","Financials","Banks - Regional","73.14","50.54","Sell","Jul 09, 2026","Downtrend","Aug 07, 2026","309174.37","-11.76","0.34","-0.33","Moving Down","","",,="5/9","<1","false","Swing"
"JJSF","J & J Snack Foods Corp. Common Stock","Staples","Packaged Foods","87.445","86.51","Buy","Jul 09, 2026","Uptrend","Aug 03, 2026","238465.43","-46.56","3.58","-2.26","Moving Up","","",,="7/9","<1","false","Swing"
"KDP","Keurig Dr Pepper Inc. Common Stock","Staples","Beverages - Non-Alcoholic","30.28","55.58","Sell","Jul 09, 2026","Downtrend","Aug 17, 2026","12425864.2","-104.08","0.06","-3.69","Moving Up","","",,="4/9","<1","false","Swing"
"MLM","Martin Marietta Materials, Inc. Common Stock","Materials","Building Materials","538.66","36.53","Sell","Jul 09, 2026","Downtrend","Jul 29, 2026","554491.43","89.22","2.45","-1.69","Moving Down","","",,="6/9","<1","false","Swing"
"MTH","Meritage Homes Corporation Common Stock","Discretionary","Residential Construction","72.23","52.38","Sell","Jul 09, 2026","Downtrend","Aug 17, 2026","854520.5","89.05","1.86","-1.16","Moving Up","","",,="5/9","<1","false","Swing"
"NVR","NVR, Inc. Common Stock","Discretionary","Residential Construction","6298.83","40.9","Sell","Jul 09, 2026","Downtrend","Aug 12, 2026","31680.27","14","0.6","-0.14","Moving Up","","",,="5/9","<1","false","Swing"
"PAC","Grupo Aeroportuario Del Pacifico, S.A. B. de C.V. Grupo Aeroportuario Del Pacifico, S.A. de C.V. (each representing 10 Series B shares)","Industrials","Airports & Air Services","205.69","38.28","Sell","Jul 09, 2026","Downtrend","Jul 09, 2026","136855.23","-105.66","0.14","-0.62","Moving Down","","",,="4/9","<1","false","Swing"
"PEG","Public Service Enterprise Group Incorporated Common Stock","Utilities","Utilities - Regulated Electric","75.61","30.21","Sell","Jul 09, 2026","Downtrend","Jul 16, 2026","2842958.53","8.83","0.72","-0.57","Moving Up","","",,="6/9","<1","false","Swing"
"ROK","Rockwell Automation, Inc. Common Stock","Industrials","Specialty Industrial Machinery","444.6","52.64","Sell","Jul 09, 2026","Downtrend","Aug 04, 2026","808741.9","228.28","4.49","-1.06","Moving Down","","",,="4/9","<1","false","Swing"
"SAIC","Science Applications International Corporation Common Stock","Technology","Information Technology Services","124.34","90.86","Buy","Jul 09, 2026","Uptrend","Jun 23, 2026","394164.37","53.15","3.5","-1.85","Moving Up","","",,="8/9","<1","false","Swing"
"SBSI","Southside Bancshares, Inc. Common Stock","Financials","Banks - Regional","32.72","34.97","Sell","Jul 09, 2026","Downtrend","Jul 27, 2026","132846.77","43.51","15.19","-1.09","Moving Down","","",,="5/9","<1","false","Swing"
"SF","Stifel Financial Corporation Common Stock","Financials","Capital Markets","83.99","76.74","Buy","Jul 09, 2026","Uptrend","Jul 06, 2026","1103240.83","87.31","0.89","-1.9","Moving Up","","",,="7/9","<1","false","Swing"
"SGI","Somnigroup International Inc. Common Stock","Discretionary","Furnishings Fixtures & Appliances","65.01","30.56","Sell","Jul 09, 2026","Downtrend","Jul 17, 2026","2533343.1","-8.98","0.36","-1.59","Moving Up","","",,="5/9","<1","false","Swing"
"WSO","Watsco, Inc. Common Stock","Industrials","Industrial Distribution","311.86","6.71","Sell","Jul 09, 2026","Downtrend","Jul 15, 2026","490758.8","44.04","1.51","-0.38","Moving Down","","",,="4/9","<1","false","Swing"
"AFRM","Affirm Holdings, Inc. Class A Common Stock","Financials","Credit Services","74.52","47.15","Sell","Jul 08, 2026","Uptrend","Aug 13, 2026","3284005.6","91.41","3.62","-4.89","Moving Down","","",,="6/9","<1","false","Swing"
"AROC","Archrock, Inc. Common Stock","Energy","Oil & Gas Equipment & Services","34.62","11.23","Sell","Jul 08, 2026","Downtrend","Jul 24, 2026","1645258.77","251.74","1.34","-0.2","Moving Up","","",,="6/9","<1","false","Swing"
"CAT","Caterpillar, Inc. Common Stock","Industrials","Farm & Heavy Construction Machinery","881.65","33.08","Sell","Jul 08, 2026","Neutral","Aug 17, 2026","2853376.13","239.89","1.21","2.93","Moving Up","","",,="4/9","<1","false","Swing"
"CCB","Coastal Financial Corporation Common Stock","Financials","Banks - Regional","48.94","39.47","Sell","Jul 08, 2026","Downtrend","Jul 24, 2026","328092.2","-32.12","0.16","-6.73","Moving Up","","",,="6/9","<1","false","Swing"
"CPAY","Corpay, Inc. Common Stock","Technology","Software - Infrastructure","407.62","94.65","Buy","Jul 08, 2026","Uptrend","Jul 07, 2026","488992.13","-22.31","0.23","-2.39","Moving Up","","",,="9/9","<1","false","Swing"
"CVS","CVS Health Corporation Common Stock","Health Care","Healthcare Plans","94.01","53.54","Sell","Jul 08, 2026","Downtrend","Aug 05, 2026","7879427.53","35.22","2.86","-3.24","Moving Down","","",,="6/9","<1","false","Swing"
"DCOM","Dime Community Bancshares, Inc. Common Stock","Financials","Banks - Regional","40.88","57.76","Sell","Jul 08, 2026","Uptrend","Mar 26, 2026","318880.33","44.14","2.35","-0.2","Moving Down","","",,="6/9","<1","false","Swing"
"DHI","D.R. Horton, Inc. Common Stock","Discretionary","Residential Construction","148.34","49.99","Sell","Jul 08, 2026","Downtrend","Aug 14, 2026","2362424.5","201.97","2.79","-0.32","Moving Up","","",,="5/9","<1","false","Swing"
"DKS","Dick's Sporting Goods Inc Common Stock","Discretionary","Specialty Retail","196.24","32.73","Sell","Jul 08, 2026","Downtrend","Aug 11, 2026","1238903.7","-233.86","0.21","-2.84","Moving Down","","",,="4/9","<1","false","Swing"
"GLP","Global Partners LP Common Units representing Limited Partner Interests","Energy","Oil & Gas Midstream","50.88","69.43","Buy","Jul 08, 2026","Uptrend","Jul 07, 2026","83057.47","229.12","2.06","0.1","Moving Up","","",,="9/9","<1","false","Swing"
"ICHR","Ichor Holdings Ordinary Shares","Technology","Semiconductor Equipment & Materials","71.87","49.7","Sell","Jul 08, 2026","Downtrend","Jul 27, 2026","988988.47","91.71","4.22","1.15","Moving Up","","",,="7/9","<1","false","Swing"
"KLIC","Kulicke and Soffa Industries, Inc. Common Stock","Technology","Semiconductor Equipment & Materials","101.77","45.48","Sell","Jul 08, 2026","Neutral","Aug 17, 2026","966738.3","-16.59","0.3","2.7","Moving Up","","",,="6/9","<1","false","Swing"
"LNTH","Lantheus Holdings, Inc. Common Stock","Health Care","Drug Manufacturers - Specialty & Generic","100.91","40.95","Sell","Jul 08, 2026","Downtrend","Aug 06, 2026","1553271.37","227.59","0.82","-0.04","Moving Up","","",,="7/9","<1","false","Swing"
"LUV","Southwest Airlines Company Common Stock","Industrials","Airlines","43.35","47.08","Sell","Jul 08, 2026","Downtrend","Aug 10, 2026","4899321.43","18.29","6.19","-2.06","Moving Down","","",,="4/9","<1","false","Swing"
"MIDD","Middleby Corporation (The) Common Stock","Industrials","Specialty Industrial Machinery","114.88","29.08","Sell","Jul 08, 2026","Downtrend","Jul 08, 2026","611215.4","4.28","2.32","-2.57","Moving Down","","",,="4/9","<1","false","Swing"
"MKSI","MKS Inc. Common Stock","Technology","Scientific & Technical Instruments","320.74","29.9","Sell","Jul 08, 2026","Downtrend","Jul 24, 2026","1412277.6","88.35","1.41","3.22","Moving Up","","",,="7/9","<1","false","Swing"
"MTZ","MasTec, Inc. Common Stock","Industrials","Engineering & Construction","302.48","30.1","Sell","Jul 08, 2026","Downtrend","Jul 10, 2026","1478628.83","235.52","1.75","1.64","Moving Up","","",,="5/9","<1","false","Swing"
"NI","NiSource Inc Common Stock","Utilities","Utilities - Regulated Gas","42.37","18.36","Sell","Jul 08, 2026","Downtrend","Jul 09, 2026","5361195.53","4.11","0.16","-0.31","Moving Down","","",,="5/9","<1","false","Swing"
"PCB","PCB Bancorp Common Stock","Financials","Banks - Regional","28.08","48.45","Sell","Jul 08, 2026","Neutral","Jul 30, 2026","42126.47","65.57","2.01","-1.23","Moving Up","","",,="6/9","<1","false","Swing"
"PFSI","PennyMac Financial Services, Inc. Common Stock","Financials","Mortgage Finance","76.31","33.09","Sell","Jul 08, 2026","Downtrend","Jul 30, 2026","609906.37","-80.77","0.25","-2.2","Moving Up","","",,="6/9","<1","false","Swing"
"PLOW","Douglas Dynamics, Inc. Common Stock","Discretionary","Auto Parts","41.98","38.53","Sell","Jul 08, 2026","Downtrend","Aug 06, 2026","315352.9","55.46","32.86","-0.71","Moving Down","","",,="4/9","<1","false","Swing"
"RNST","Renasant Corporation Common Stock","Financials","Banks - Regional","43.11","64.67","Sell","Jul 08, 2026","Uptrend","Jun 04, 2026","613124.53","138.22","10.8","-1.01","Moving Down","","",,="6/9","<1","false","Swing"
"RRX","Regal Rexnord Corporation Common Stock","Industrials","Specialty Industrial Machinery","174.52","32.1","Sell","Jul 08, 2026","Downtrend","Aug 05, 2026","1183388.03","187.85","4.83","-0.55","Moving Down","","",,="4/9","<1","false","Swing"
"SITE","SiteOne Landscape Supply, Inc. Common Stock","Industrials","Industrial Distribution","95.65","36.44","Sell","Jul 08, 2026","Downtrend","Jul 09, 2026","862130.67","-124.17","1.11","-2.99","Moving Up","","",,="5/9","<1","false","Swing"
"TGTX","TG Therapeutics, Inc. Common Stock","Health Care","Biotechnology","49.28","27.16","Sell","Jul 08, 2026","Downtrend","Aug 03, 2026","2132380.83","186.96","1.72","1.11","Moving Down","","",,="6/9","<1","false","Swing"
"UCTT","Ultra Clean Holdings, Inc. Common Stock","Technology","Semiconductor Equipment & Materials","87.88","38.4","Sell","Jul 08, 2026","Downtrend","Aug 14, 2026","1448560.8","-57.74","0.29","3.47","Moving Up","","",,="7/9","<1","false","Swing"
"UHAL","U-Haul Holding Company Common Stock","Industrials","Rental & Leasing Services","73.76","80.88","Sell","Jul 08, 2026","Uptrend","May 27, 2026","169610.67","18.94","0.62","-0.61","Moving Down","","",,="5/9","<1","false","Swing"
"WING","Wingstop Inc. Common Stock","Discretionary","Restaurants","115.72","23.95","Sell","Jul 08, 2026","Downtrend","Jul 14, 2026","1315044.07","276.91","17.51","-8.25","Moving Up","","",,="5/9","<1","false","Swing"
"WWD","Woodward, Inc. Common Stock","Industrials","Aerospace & Defense","370.4","33.06","Sell","Jul 08, 2026","Downtrend","Jul 29, 2026","628162.47","-12.49","0.34","-0.04","Moving Up","","",,="5/9","<1","false","Swing"
"ACMR","ACM Research, Inc. Class A Common Stock","Technology","Semiconductor Equipment & Materials","85.64","56.6","Sell","Jul 07, 2026","Neutral","Aug 17, 2026","998782.93","64.43","1.37","6.49","Moving Up","","",,="6/9","<1","false","Swing"
"ALGM","Allegro MicroSystems, Inc. Common Stock","Technology","Semiconductors","44.25","43.23","Sell","Jul 07, 2026","Downtrend","Jul 15, 2026","2299122.73","-0.31","0.32","-0.32","Moving Up","","",,="7/9","<1","false","Swing"
"ALLY","Ally Financial Inc. Common Stock","Financials","Credit Services","43.61","58.1","Sell","Jul 07, 2026","Downtrend","Aug 17, 2026","2915910.5","78.84","4.06","-2.89","Moving Up","","",,="6/9","<1","false","Swing"
"AZZ","AZZ Inc.","Industrials","Specialty Business Services","153.24","56.34","Sell","Jul 07, 2026","Uptrend","Aug 05, 2026","287053.43","104.65","0.97","1.25","Moving Down","","",,="5/9","<1","false","Swing"
"BHE","Benchmark Electronics, Inc. Common Stock","Technology","Electronic Components","84.17","47.23","Sell","Jul 07, 2026","Neutral","Aug 17, 2026","391830.13","85.32","1.27","2.96","Moving Up","","",,="7/9","<1","false","Swing"
"BLX","Banco Latinoamericano de Comercio Exterior, S.A.","Financials","Banks - Regional","55.1","38.17","Sell","Jul 07, 2026","Downtrend","Aug 06, 2026","155667.73","97.77","0.93","-0.14","Moving Down","","",,="5/9","<1","false","Swing"
"BROS","Dutch Bros Inc. Class A Common Stock","Discretionary","Restaurants","50.42","11.1","Sell","Jul 07, 2026","Downtrend","Aug 06, 2026","3556811.1","-118.05","0.13","-3.08","Moving Up","","",,="5/9","<1","false","Swing"
"BX","Blackstone Inc. Common Stock","Financials","Asset Management","140.57","84.77","Buy","Jul 07, 2026","Uptrend","Jul 09, 2026","4671500.53","131.79","2.25","-2.33","Moving Up","","",,="8/9","<1","false","Swing"
"CBT","Cabot Corporation Common Stock","Materials","Specialty Chemicals","86.4","50.44","Sell","Jul 07, 2026","Downtrend","Aug 17, 2026","464895.7","27.46","0.72","-1.68","Moving Down","","",,="6/9","<1","false","Swing"
"CLMB","Climb Global Solutions, Inc. Common Stock","Technology","Electronics & Computer Distribution","27.84","68.99","Buy","Jul 07, 2026","Uptrend","Jun 23, 2026","154831.33","528.03","2.3","-2.35","Moving Up","","",,="9/9","<1","false","Swing"
"CNOB","ConnectOne Bancorp, Inc. Common Stock","Financials","Banks - Regional","32.78","54.4","Sell","Jul 07, 2026","Uptrend","Jul 24, 2026","439219.83","73.1","4.94","-0.74","Moving Down","","",,="6/9","<1","false","Swing"
"EFX","Equifax, Inc. Common Stock","Industrials","Consulting Services","176.8","72.01","Buy","Jul 07, 2026","Uptrend","Jul 24, 2026","1527234.43","72.17","7.67","-2.24","Moving Up","","",,="7/9","<1","false","Swing"
"ESI","Element Solutions Inc. Common Stock","Materials","Specialty Chemicals","39.22","61.88","Sell","Jul 07, 2026","Downtrend","Jul 07, 2026","5358360.33","-49.36","0.23","1.06","Moving Up","","",,="6/9","<1","false","Swing"
"FSTR","L.B. Foster Company Common Stock","Industrials","Railroads","38.48","37.79","Sell","Jul 07, 2026","Downtrend","Aug 10, 2026","77945.9","44.11","1.18","-0.67","Moving Down","","",,="4/9","<1","false","Swing"
"GOLF","Acushnet Holdings Corp. Common Stock","Discretionary","Leisure","90.66","11.94","Sell","Jul 07, 2026","Downtrend","Jul 24, 2026","352454.47","-10.83","0.28","0.67","Moving Up","","",,="5/9","<1","false","Swing"
"GRBK","Green Brick Partners, Inc. Common Stock","Discretionary","Residential Construction","70.88","52.64","Sell","Jul 07, 2026","Downtrend","Aug 10, 2026","205273.2","-190.36","0.26","0.6","Moving Up","","",,="5/9","<1","false","Swing"
"ICFI","ICF International, Inc. Common Stock","Industrials","Consulting Services","86.5","94.32","Buy","Jul 07, 2026","Uptrend","Jun 29, 2026","242172.1","-53.88","0.21","-2.14","Moving Up","","",,="7/9","<1","false","Swing"
"LPLA","LPL Financial Holdings Inc. Common Stock","Financials","Capital Markets","368.2","90.29","Buy","Jul 07, 2026","Uptrend","Jul 06, 2026","688815","174.11","1.49","-0.67","Moving Down","","",,="6/9","<1","false","Swing"
"MIRM","Mirum Pharmaceuticals, Inc. Common Stock","Health Care","Biotechnology","99.83","26.37","Sell","Jul 07, 2026","Downtrend","Jul 31, 2026","701644.77","216.05","1.26","-0.8","Moving Up","","",,="7/9","<1","false","Swing"
"MYRG","MYR Group, Inc. Common Stock","Industrials","Engineering & Construction","340.78","25.79","Sell","Jul 07, 2026","Downtrend","Jul 10, 2026","279998.07","1007.98","2.89","1.91","Moving Up","","",,="5/9","<1","false","Swing"
"NATH","Nathan's Famous, Inc. Common Stock","Discretionary","Restaurants","97.5","35.34","Sell","Jul 07, 2026","Downtrend","Jul 06, 2026","25494.03","21.71","1.06","0.55","Moving Down","","",,="3/9","<1","false","Swing"
"NWPX","NWPX Infrastructure, Inc. Common Stock","Materials","Steel","117.04","32.37","Sell","Jul 07, 2026","Downtrend","Aug 05, 2026","196683.37","-3.63","0.35","0.76","Moving Down","","",,="6/9","<1","false","Swing"
"RBC","RBC Bearings Incorporated Common Stock","Industrials","Tools & Accessories","557.62","32.57","Sell","Jul 07, 2026","Downtrend","Jul 09, 2026","221062.53","153.04","1.65","-0.51","Moving Down","","",,="4/9","<1","false","Swing"
"SLF","Sun Life Financial Inc. Common Stock","Financials","Insurance - Diversified","80.71","75.29","Sell","Jul 07, 2026","Uptrend","Apr 08, 2026","531704.47","95.83","2.79","-0.81","Moving Down","","",,="6/9","<1","false","Swing"
"SPXC","SPX Technologies, Inc. Common Stock","Industrials","Building Products & Equipment","217.63","39.11","Sell","Jul 07, 2026","Downtrend","Aug 13, 2026","548196.8","-22.13","0.39","0.14","Moving Up","","",,="5/9","<1","false","Swing"
"TAYD","Taylor Devices, Inc. Common Stock","Industrials","Specialty Industrial Machinery","55.345","34.85","Sell","Jul 07, 2026","Neutral","Aug 14, 2026","33238","155.88","1.19","-0.03","Moving Up","","",,="4/9","<1","false","Swing"
"TRS","TriMas Corporation Common Stock","Discretionary","Packaging & Containers","39.14","41.55","Sell","Jul 07, 2026","Downtrend","Aug 06, 2026","416616.1","-131.5","0.05","0.51","Moving Down","","",,="4/9","<1","false","Swing"
"VICR","Vicor Corporation Common Stock","Technology","Electronic Components","253.5","50.8","Sell","Jul 07, 2026","Neutral","Aug 17, 2026","836237.53","151.62","1.16","7.99","Moving Up","","",,="7/9","<1","false","Swing"
"AIN","Albany International Corporation Common Stock","Discretionary","Textile Manufacturing","63.88","41.48","Sell","Jul 06, 2026","Downtrend","Aug 04, 2026","282600.47","-1.49","30.39","-1.53","Moving Down","","",,="4/9","<1","false","Swing"
"AIP","Arteris, Inc. Common Stock","Technology","Semiconductors","27.83","28.99","Sell","Jul 06, 2026","Downtrend","Jul 10, 2026","671668.87","86.84","0.8","-1.73","Moving Down","","",,="6/9","<1","false","Swing"
"ALOT","AstroNova, Inc. Common Stock","Technology","Computer Hardware","28.89","74.3","Sell","Jul 06, 2026","Uptrend","Mar 30, 2026","113620.07","215.95","5.07","-0.07","Moving Down","","",,="7/9","<1","false","Swing"
"AMKR","Amkor Technology, Inc. Common Stock","Technology","Semiconductor Equipment & Materials","61.3","33.4","Sell","Jul 06, 2026","Downtrend","Jul 06, 2026","5326120.63","41.46","0.34","3.92","Moving Up","","",,="7/9","<1","false","Swing"
"CMI","Cummins Inc. Common Stock","Industrials","Specialty Industrial Machinery","641.16","46.54","Sell","Jul 06, 2026","Downtrend","Jul 24, 2026","917048.83","260.37","2.66","1.57","Moving Up","","",,="5/9","<1","false","Swing"
"CRH","CRH PLC Ordinary Shares","Materials","Building Materials","96.05","36.91","Sell","Jul 06, 2026","Downtrend","Jul 07, 2026","4044511.67","167.99","3","-1.13","Moving Down","","",,="6/9","<1","false","Swing"
"DOV","Dover Corporation Common Stock","Industrials","Specialty Industrial Machinery","206.47","45.71","Sell","Jul 06, 2026","Downtrend","Jul 17, 2026","1141781.37","85.49","2.43","-0.29","Moving Up","","",,="5/9","<1","false","Swing"
"DY","Dycom Industries, Inc. Common Stock","Industrials","Engineering & Construction","432.89","44.64","Sell","Jul 06, 2026","Neutral","Aug 17, 2026","411581.57","434.08","1.37","3.3","Moving Up","","",,="4/9","<1","false","Swing"
"GNRC","Generac Holdlings Inc. Common Stock","Industrials","Specialty Industrial Machinery","221.25","49.51","Sell","Jul 06, 2026","Downtrend","Jul 06, 2026","1108214.07","195.41","5.88","0.89","Moving Up","","",,="5/9","<1","false","Swing"
"MAIN","Main Street Capital Corporation Common Stock","Financials","Asset Management","58.15","87.76","Buy","Jul 06, 2026","Uptrend","Jul 10, 2026","636227","64.41","3.12","-1.11","Moving Up","","",,="8/9","<1","false","Swing"
"NGS","Natural Gas Services Group, Inc. Common Stock","Energy","Oil & Gas Equipment & Services","38.26","34.12","Sell","Jul 06, 2026","Downtrend","Jul 16, 2026","122343.53","52.83","0.71","0.76","Moving Up","","",,="7/9","<1","false","Swing"
"PATK","Patrick Industries, Inc. Common Stock","Discretionary","Recreational Vehicles","84.78","43.68","Sell","Jul 06, 2026","Downtrend","Aug 17, 2026","565008.7","-21.55","0.33","-1.49","Moving Down","","",,="4/9","<1","false","Swing"
"REGN","Regeneron Pharmaceuticals, Inc. Common Stock","Health Care","Biotechnology","805.93","77.15","Buy","Jul 06, 2026","Uptrend","Jul 27, 2026","747215.8","75.58","1.89","0.3","Moving Up","","",,="8/9","<1","false","Swing"
"RJF","Raymond James Financial, Inc. Common Stock","Financials","Asset Management","179.48","81.03","Buy","Jul 06, 2026","Uptrend","Jul 01, 2026","1101416.07","173.72","2.05","-0.74","Moving Up","","",,="8/9","<1","false","Swing"
"TRI","Thomson Reuters Corporation Common Shares","Industrials","Specialty Business Services","99.06","88.12","Buy","Jul 06, 2026","Uptrend","Jul 24, 2026","2144504.8","102.34","5.04","-4.39","Moving Down","","",,="6/9","<1","false","Swing"
"VERA","Vera Therapeutics, Inc. Class A Common Stock","Health Care","Biotechnology","31.63","20.91","Sell","Jul 06, 2026","Downtrend","Jul 21, 2026","2243964.27","3.48","0.19","0","Moving Up","","",,="6/9","<1","false","Swing"
"WDC","Western Digital Corporation Common Stock","Technology","Computer Hardware","536.01","43.74","Sell","Jul 06, 2026","Neutral","Aug 17, 2026","7969347.1","-0.91","0.34","5.35","Moving Up","","Positive",,="7/9","<1","false","Swing"
"WH","Wyndham Hotels & Resorts, Inc. Common Stock ","Discretionary","Lodging","72.94","35.77","Sell","Jul 06, 2026","Downtrend","Jul 08, 2026","1366317.07","-45.34","0.75","-0.94","Moving Down","","",,="4/9","<1","false","Swing"
"AORT","Artivion, Inc. Common Stock","Health Care","Medical Devices","28.32","63.08","Buy","Jul 02, 2026","Uptrend","Jul 22, 2026","634570.7","111.47","66.96","-2.81","Moving Up","","",,="9/9","<1","false","Swing"
"AOSL","Alpha and Omega Semiconductor Limited Common Shares","Technology","Semiconductors","31.07","58.64","Sell","Jul 02, 2026","Downtrend","Aug 13, 2026","632103.33","-216.92","0.11","0.97","Moving Up","","",,="7/9","<1","false","Swing"
"HGV","Hilton Grand Vacations Inc. Common Stock ","Discretionary","Resorts & Casinos","44.92","27.99","Sell","Jul 02, 2026","Downtrend","Jul 30, 2026","1087533.13","-35.28","0.86","-2.2","Moving Up","","",,="5/9","<1","false","Swing"
"IHG","Intercontinental Hotels Group American Depositary Shares (Each representing one Ordinary Share)","Discretionary","Lodging","160.25","47.88","Sell","Jul 02, 2026","Neutral","Aug 12, 2026","267890.83","135.9","2.56","0.02","Moving Up","","",,="5/9","<1","false","Swing"
"KLAC","KLA Corporation Common Stock","Technology","Semiconductor Equipment & Materials","205.76","22.77","Sell","Jul 02, 2026","Downtrend","Aug 14, 2026","11319581.97","873.95","2.06","1","Moving Up","","",,="7/9","<1","false","Swing"
"TNC","Tennant Company Common Stock","Industrials","Specialty Industrial Machinery","67.57","30.79","Sell","Jul 02, 2026","Downtrend","Aug 06, 2026","207497.87","-71.26","0.31","-1.49","Moving Down","","",,="4/9","<1","false","Swing"
"UTF","Cohen & Steers Infrastructure Fund, Inc Common Stock","Financials","Closed-End Fund - Equity","27.1","45.59","Sell","Jul 02, 2026","Downtrend","Aug 05, 2026","237914.73","45.24","1.69","0.3","Moving Down","","",,="5/9","<1","false","Swing"
"VMI","Valmont Industries, Inc. Common Stock","Industrials","Conglomerates","506.79","37.09","Sell","Jul 02, 2026","Downtrend","Jul 17, 2026","205345.33","97.31","1.14","2.33","Moving Up","","",,="5/9","<1","false","Swing"
"BLFS","BioLife Solutions, Inc. Common Stock","Health Care","Medical Instruments & Supplies","35.45","98.3","Buy","Jul 01, 2026","Uptrend","May 18, 2026","1211796.2","99.49","2.85","1.08","Moving Down","","",,="8/9","<1","false","Swing"
"BWXT","BWX Technologies, Inc. Common Stock","Industrials","Aerospace & Defense","171.54","28.84","Sell","Jul 01, 2026","Downtrend","Jun 30, 2026","905815.07","103.79","1.66","-0.97","Moving Up","","",,="4/9","<1","false","Swing"
"CW","Curtiss-Wright Corporation Common Stock","Industrials","Aerospace & Defense","696.07","30.42","Sell","Jul 01, 2026","Downtrend","Aug 06, 2026","242970.87","196.97","1.16","-0.46","Moving Down","","",,="4/9","<1","false","Swing"
"GD","General Dynamics Corporation Common Stock","Industrials","Aerospace & Defense","391.14","87.69","Buy","Jul 01, 2026","Uptrend","Jun 26, 2026","1034504.43","-9.64","0.39","-1.17","Moving Up","","",,="7/9","<1","false","Swing"
"GWW","W.W. Grainger, Inc. Common Stock","Industrials","Industrial Distribution","1317.68","41.78","Sell","Jul 01, 2026","Downtrend","Aug 17, 2026","270469.07","222.71","1.98","-0.38","Moving Down","","",,="4/9","<1","false","Swing"
"ITGR","Integer Holdings Corporation Common Stock","Health Care","Medical Devices","125.08","97.87","Buy","Jul 01, 2026","Uptrend","May 13, 2026","1228272.97","-36.08","0.2","-0.14","Moving Down","","",,="8/9","<1","false","Swing"
"MCRI","Monarch Casino & Resort, Inc. Common Stock","Discretionary","Resorts & Casinos","123.65","47.32","Sell","Jul 01, 2026","Neutral","Aug 12, 2026","137166.4","254.3","3.4","-0.35","Moving Up","","",,="4/9","<1","false","Swing"
"SCI","Service Corporation International Common Stock","Discretionary","Personal Services","82.53","77.48","Buy","Jul 01, 2026","Uptrend","Jul 01, 2026","1142182.87","-38.42","0.29","-2.02","Moving Down","","",,="6/9","<1","false","Swing"
"SNEX","StoneX Group Inc. Common Stock","Financials","Capital Markets","68.41","28.95","Sell","Jul 01, 2026","Downtrend","Jul 31, 2026","1113412.27","504.08","1.94","1.95","Moving Up","","",,="6/9","<1","false","Swing"
"TKR","Timken Company (The) Common Stock","Industrials","Tools & Accessories","133.93","59.69","Sell","Jul 01, 2026","Neutral","Aug 14, 2026","917560.13","234.3","4.17","0.32","Moving Down","","",,="4/9","<1","false","Swing"
"VECO","Veeco Instruments Inc. Common Stock","Technology","Semiconductor Equipment & Materials","54.4","41.24","Sell","Jul 01, 2026","Downtrend","Jul 06, 2026","918232.53","-74.38","0.26","3.82","Moving Up","","",,="6/9","<1","false","Swing"
"VIRT","Virtu Financial, Inc. Class A Common Stock","Financials","Capital Markets","59.5","39.4","Sell","Jul 01, 2026","Neutral","Aug 14, 2026","1144456.1","216.12","2.2","-0.87","Moving Up","","",,="6/9","<1","false","Swing"
"GEO","Geo Group Inc (The) REIT","Industrials","Security & Protection Services","31.15","50.69","Sell","Jun 30, 2026","Uptrend","Mar 17, 2026","1640818.1","-56.89","0.25","-0.22","Moving Down","","",,="5/9","<1","false","Swing"
"HMC","Honda Motor Company, Ltd. Common Stock","Discretionary","Auto Manufacturers","31.9","86.12","Buy","Jun 30, 2026","Uptrend","Jun 26, 2026","1116595.67","61.9","11.65","1.01","Moving Up","","",,="7/9","<1","false","Swing"
"HWKN","Hawkins, Inc. Common Stock","Materials","Specialty Chemicals","131.57","17.56","Sell","Jun 30, 2026","Downtrend","Jun 29, 2026","161619.7","212.15","1.02","0.4","Moving Up","","",,="7/9","<1","false","Swing"
"AMAT","Applied Materials, Inc. Common Stock","Technology","Semiconductor Equipment & Materials","535.31","37.63","Sell","Jun 29, 2026","Neutral","Aug 17, 2026","7940395.2","725.47","2.51","5.55","Moving Up","","",,="7/9","<1","false","Swing"
"BDX","Becton, Dickinson and Company Common Stock","Health Care","Medical Instruments & Supplies","182.09","96.39","Buy","Jun 29, 2026","Uptrend","Jul 15, 2026","1766251.7","-11.08","8.39","-0.71","Moving Up","","",,="8/9","<1","false","Swing"
"EVR","Evercore Inc. Class A Common Stock","Financials","Capital Markets","303.18","35.73","Sell","Jun 29, 2026","Downtrend","Jul 17, 2026","519931.17","363.85","3.18","-1.37","Moving Down","","",,="5/9","<1","false","Swing"
"GFS","GlobalFoundries Inc. Ordinary Shares","Technology","Semiconductors","53.44","38.44","Sell","Jun 29, 2026","Downtrend","Jul 02, 2026","4145611.6","-30.09","0.96","-2.09","Moving Up","","",,="7/9","<1","false","Swing"
"MSA","MSA Safety Incorporated Common Stock","Industrials","Security & Protection Services","189.14","83.02","Buy","Jun 29, 2026","Uptrend","Jul 15, 2026","281616.2","56.08","2.79","0.01","Moving Up","","",,="7/9","<1","false","Swing"
"NVMI","Nova Ltd. Ordinary Shares","Technology","Semiconductor Equipment & Materials","420.79","19.51","Sell","Jun 29, 2026","Downtrend","Jul 01, 2026","543788.03","866.54","2.33","0.64","Moving Up","","",,="7/9","<1","false","Swing"
"RGR","Sturm, Ruger & Company, Inc. Common Stock","Industrials","Aerospace & Defense","37.44","44.88","Sell","Jun 29, 2026","Downtrend","Aug 06, 2026","104724.9","-57.87","1.72","-0.61","Moving Down","","",,="4/9","<1","false","Swing"
"ROP","Roper Technologies, Inc. Common Stock","Technology","Software - Application","389.71","89.48","Buy","Jun 29, 2026","Uptrend","Jul 23, 2026","823437.2","44.06","14.93","-2.41","Moving Down","","",,="8/9","<1","false","Swing"
"TTMI","TTM Technologies, Inc. Common Stock","Technology","Electronic Components","140.98","27.03","Sell","Jun 29, 2026","Downtrend","Jul 02, 2026","2806500.37","139.44","0.47","0.7","Moving Up","","",,="6/9","<1","false","Swing"
"ACU","Acme United Corporation. Common Stock","Staples","Household & Personal Products","61.91","0",,"","Uptrend","Jun 04, 2026","28219.83","",,,"","","",,="5/9","<1","true","Swing"
"AHR","American Healthcare REIT, Inc. Common Stock","Real Estate","REIT - Healthcare Facilities","54.68","0",,"","Neutral","Aug 13, 2026","2756142.8","",,,"","","",,="5/9","<1","true","Swing"
"AII","American Integrity Insurance Group, Inc. Common Stock","Financials","Insurance - Property & Casualty","25.01","0",,"","Uptrend","Jul 24, 2026","123805.1","",,,"","","",,="5/9","<1","true","Swing"
"ALAB","Astera Labs, Inc. Common Stock","Technology","Semiconductors","320.17","0",,"","Downtrend","Aug 10, 2026","4546050.5","",,,"","","Positive",,="6/9","<1","true","Swing"
"ALMS","Alumis Inc. Common Stock","Health Care","Biotechnology","25.5","0",,"","Downtrend","Aug 11, 2026","1147859.5","",,,"","","",,="6/9","<1","true","Swing"
"AMBQ","Ambiq Micro, Inc. Common Stock","Technology","Semiconductors","67.86","0",,"","Downtrend","Jul 24, 2026","499415.5","",,,"","","",,="6/9","<1","true","Swing"
"ANRO","Alto Neuroscience, Inc. Common Stock","Health Care","Biotechnology","33.6","0",,"","Uptrend","Jun 18, 2026","540356.53","",,,"","","",,="7/9","<1","true","Swing"
"APGE","Apogee Therapeutics, Inc. Common Stock","Health Care","Biotechnology","134.59","0",,"","Uptrend","Jun 04, 2026","1237023.5","",,,"","","",,="7/9","<1","true","Swing"
"APP","Applovin Corporation Class A Common Stock","Communication","Advertising Agencies","311.98","0",,"","Downtrend","Jul 13, 2026","6766283.6","",,,"","","Positive",,="4/9","<1","true","Swing"
"ASTS","AST SpaceMobile, Inc. Class A Common Stock","Technology","Communication Equipment","71.14","0",,"","Neutral","Aug 13, 2026","13834324.83","",,,"","","",,="6/9","<1","true","Swing"
"ATMU","Atmus Filtration Technologies Inc. Common Stock","Discretionary","Auto Parts","51.13","0",,"","Downtrend","Aug 11, 2026","656625.13","",,,"","","",,="4/9","<1","true","Swing"
"AUGO","Aura Minerals Inc. Common Shares","Materials","Gold","78.54","0",,"","Uptrend","Aug 05, 2026","843766.23","",,,"","","",,="7/9","<1","true","Swing"
"AVBP","ArriVent BioPharma, Inc. Common Stock","Health Care","Biotechnology","29.01","0",,"","Downtrend","Aug 13, 2026","475522.07","",,,"","","",,="6/9","<1","true","Swing"
"BAM","Brookfield Asset Management Inc Class A Limited Voting Shares","Financials","Asset Management","52.57","0",,"","Uptrend","Jul 27, 2026","2455655.73","",,,"","","",,="6/9","<1","true","Swing"
"BCV","Bancroft Fund, Ltd.","Financials","Closed-End Fund - Debt","25.68","0",,"","Uptrend","Aug 11, 2026","19715.43","",,,"","","",,="5/9","<1","true","Swing"
"BDL","Flanigan's Enterprises, Inc. Common Stock","Discretionary","Restaurants","47.89","0",,"","Uptrend","Aug 03, 2026","45615.23","",,,"","","",,="5/9","<1","true","Swing"
"BEPC","Brookfield Renewable Corporation Brookfield Renewable Corporation Class A Subordinate Voting Shares","Utilities","Utilities - Renewable","35.1","0",,"","Neutral","Aug 17, 2026","1861164.13","",,,"","","",,="5/9","<1","true","Swing"
"BHB","Bar Harbor Bankshares, Inc. Common Stock","Financials","Banks - Regional","40.33","0",,"","Uptrend","May 21, 2026","90754.33","",,,"","","",,="6/9","<1","true","Swing"
"BIPC","Brookfield Infrastructure Corporation Brookfield Infrastructure Corporation","Utilities","Utilities - Regulated Gas","39.5","0",,"","Downtrend","Aug 14, 2026","997930.33","",,,"","","",,="5/9","<1","true","Swing"
"BKSY","BlackSky Technology Inc. Class A Common Stock","Industrials","Specialty Business Services","30.77","0",,"","Uptrend","Aug 07, 2026","1134518.93","",,,"","","",,="5/9","<1","true","Swing"
"BKV","BKV Corporation Common Stock","Energy","Oil & Gas E&P","26.35","0",,"","Uptrend","Aug 12, 2026","817389.47","",,,"","","",,="6/9","<1","true","Swing"
"BLTE","Belite Bio, Inc American Depositary Shares","Health Care","Biotechnology","163.21","0",,"","Uptrend","Jul 16, 2026","177694.07","",,,"","","",,="7/9","<1","true","Swing"
"BMN","BlackRock 2037 Municipal Target Term Trust Common Shares of Beneficial Interest","Financials","Closed-End Fund - Debt","25.54","0",,"","Uptrend","Aug 17, 2026","6856.37","",,,"","","",,="5/9","<1","true","Swing"
"BOW","Bowhead Specialty Holdings Inc. Common Stock","Financials","Insurance - Property & Casualty","33.45","0",,"","Uptrend","Jun 11, 2026","331178.4","",,,"","","",,="6/9","<1","true","Swing"
"BTSG","BrightSpring Health Services, Inc. Common Stock","Health Care","Health Information Services","60.38","0",,"","Downtrend","Jul 31, 2026","4047889.7","",,,"","","",,="5/9","<1","true","Swing"
"CARG","CarGurus, Inc. Class A Common Stock ","Discretionary","Auto & Truck Dealerships","35.77","0",,"","Uptrend","Jun 24, 2026","1087169.87","",,,"","","",,="5/9","<1","true","Swing"
"CART","Maplebear Inc. Common Stock","Discretionary","Internet Retail","48.86","0",,"","Uptrend","Aug 07, 2026","4161020.77","",,,"","","",,="4/9","<1","true","Swing"
"CAVA","CAVA Group, Inc. Common Stock","Discretionary","Restaurants","71.02","0",,"","Uptrend","Aug 14, 2026","3668232.97","",,,"","","",,="5/9","<1","true","Swing"
"CBK","Commercial Bancgroup, Inc. Common Stock","Financials","Banks - Regional","35.06","0",,"","Uptrend","May 21, 2026","64369.1","",,,"","","",,="6/9","<1","true","Swing"
"CBL","CBL & Associates Properties, Inc. Common Stock","Real Estate","REIT - Retail","56.94","0",,"","Uptrend","Feb 18, 2026","268335.03","",,,"","","",,="6/9","<1","true","Swing"
"CBNA","Chain Bridge Bancorp, Inc. Class A Common Stock","Financials","Banks - Regional","47.08","0",,"","Uptrend","Jun 10, 2026","24269.2","",,,"","","",,="6/9","<1","true","Swing"
"CCSI","Consensus Cloud Solutions, Inc. Common Stock","Technology","Software - Infrastructure","36.84","0",,"","Uptrend","Aug 10, 2026","134908.97","",,,"","","",,="7/9","<1","true","Swing"
"CET","Central Securities Corporation Common Stock","Financials","Closed-End Fund - Equity","54.9","0",,"","Uptrend","Jul 31, 2026","33920.67","",,,"","","",,="6/9","<1","true","Swing"
"CGON","CG Oncology, Inc. Common stock","Health Care","Biotechnology","77.11","0",,"","Uptrend","Jun 23, 2026","882935.13","",,,"","","",,="7/9","<1","true","Swing"
"CHYM","Chime Financial, Inc. Class A Common Stock","Technology","Software - Application","31.45","0",,"","Uptrend","Jun 26, 2026","7495149.43","",,,"","","",,="7/9","<1","true","Swing"
"CIX","CompX International Inc. Common Stock","Industrials","Security & Protection Services","30.77","0",,"","Uptrend","Jul 22, 2026","6828.83","",,,"","","",,="5/9","<1","true","Swing"
"CLMT","Calumet, Inc. Common Stock","Materials","Specialty Chemicals","48.35","0",,"","Uptrend","Jun 29, 2026","1260211.47","",,,"","","",,="7/9","<1","true","Swing"
"CMT","Core Molding Technologies Inc Common Stock","Materials","Specialty Chemicals","26.28","0",,"","Uptrend","Aug 04, 2026","24202.17","",,,"","","",,="7/9","<1","true","Swing"
"CON","Concentra Group Holdings Parent, Inc. Common Stock","Health Care","Medical Care Facilities","35.53","0",,"","Uptrend","Apr 15, 2026","920687.97","",,,"","","",,="7/9","<1","true","Swing"
"COOK","Traeger, Inc. Common Stock","Discretionary","Furnishings Fixtures & Appliances","55.4","0",,"","Downtrend","Aug 06, 2026","69043.93","",,,"","","",,="3/9","<1","true","Swing"
"CRBG","Corebridge Financial Inc. Common Stock","Financials","Asset Management","33.18","0",,"","Uptrend","Jun 09, 2026","4566909.77","",,,"","","",,="6/9","<1","true","Swing"
"CRCL","Circle Internet Group, Inc. Class A Common Stock","Financials","Capital Markets","74.59","0",,"","Uptrend","Aug 17, 2026","12014591.63","",,,"","","",,="6/9","<1","true","Swing"
"CRWV","CoreWeave, Inc. Class A Common Stock","Technology","Software - Infrastructure","106","0",,"","Uptrend","Aug 11, 2026","28993033.93","",,,"","","",,="6/9","<1","true","Swing"
"CSTL","Castle Biosciences, Inc. Common Stock","Health Care","Diagnostics & Research","29.95","0",,"","Uptrend","Jun 25, 2026","421502.03","",,,"","","",,="7/9","<1","true","Swing"
"CTEV","Claritev Corporation Class A Common Stock","Health Care","Health Information Services","35.35","0",,"","Uptrend","Aug 10, 2026","114807.67","",,,"","","",,="7/9","<1","true","Swing"
"CURB","Curbline Properties Corp. Common Stock","Real Estate","REIT - Retail","29.99","0",,"","Downtrend","Aug 17, 2026","1252149.93","",,,"","","",,="5/9","<1","true","Swing"
"DAVE","Dave Inc. Class A Common Stock","Technology","Software - Application","341.43","0",,"","Downtrend","Aug 07, 2026","470143.13","",,,"","","",,="6/9","<1","true","Swing"
"DBD","Diebold Nixdorf Incorporated Common stock","Technology","Software - Application","69.7","0",,"","Downtrend","Jul 30, 2026","282232.3","",,,"","","",,="6/9","<1","true","Swing"
"DFNS","T3 Defense Inc. Common Stock","Industrials","Aerospace & Defense","30.99","0",,"","Neutral","Aug 10, 2026","6155471.83","",,,"","","",,="4/9","<1","true","Swing"
"DFTX","Definium Therapeutics, Inc. Common Shares","Health Care","Biotechnology","45.26","0",,"","Uptrend","May 22, 2026","2157073","",,,"","","",,="6/9","<1","true","Swing"
"DIT","AMCON Distributing Company Common Stock","Staples","Food Distribution","68","0",,"","Neutral","Aug 12, 2026","2604.17","",,,"","","",,="4/9","<1","true","Swing"
"DNTH","Dianthus Therapeutics, Inc. Common Stock","Health Care","Biotechnology","114.86","0",,"","Uptrend","Jun 24, 2026","860732.7","",,,"","","",,="7/9","<1","true","Swing"
"DRS","Leonardo DRS, Inc. Common Stock","Industrials","Aerospace & Defense","45.35","0",,"","Neutral","Aug 14, 2026","803779.9","",,,"","","",,="4/9","<1","true","Swing"
"DRUG","Bright Minds Biosciences Inc. Common Stock","Health Care","Biotechnology","79.48","0",,"","Uptrend","Jul 30, 2026","220674.73","",,,"","","",,="7/9","<1","true","Swing"
"DXYZ","Destiny Tech100 Inc. Common Stock","Financials","Asset Management","34","0",,"","Uptrend","Aug 11, 2026","1154117.1","",,,"","","",,="6/9","<1","true","Swing"
"ECG","Everus Construction Group, Inc. Common Stock","Industrials","Engineering & Construction","143.4","0",,"","Uptrend","Aug 14, 2026","572866.4","",,,"","","",,="5/9","<1","true","Swing"
"EE","Excelerate Energy, Inc. Class A Common Stock","Energy","Oil & Gas Midstream","36.08","0",,"","Downtrend","Aug 07, 2026","296640.37","",,,"","","",,="6/9","<1","true","Swing"
"ELMD","Electromed, Inc. Common Stock","Health Care","Medical Devices","40.23","0",,"","Uptrend","Aug 06, 2026","100573.8","",,,"","","",,="7/9","<1","true","Swing"
"ESP","Espey Mfg. & Electronics Corp. Common Stock","Industrials","Electrical Equipment & Parts","64.23","0",,"","Uptrend","Aug 05, 2026","58377.67","",,,"","","",,="4/9","<1","true","Swing"
"FG","F&G Annuities & Life, Inc. Common Stock","Financials","Insurance - Life","26.5","0",,"","Downtrend","Aug 07, 2026","599676.7","",,,"","","",,="5/9","<1","true","Swing"
"FIGR","Figure Technology Solutions, Inc. Class A Common Stock","Financials","Capital Markets","35.755","0",,"","Uptrend","Aug 13, 2026","3438383.1","",,,"","","",,="6/9","<1","true","Swing"
"FLY","Firefly Aerospace Inc. Common Stock","Industrials","Aerospace & Defense","27.18","0",,"","Uptrend","Aug 11, 2026","3361468.33","",,,"","","",,="5/9","<1","true","Swing"
"FSBC","Five Star Bancorp Common Stock","Financials","Banks - Regional","46.86","0",,"","Neutral","Aug 11, 2026","193327.13","",,,"","","",,="5/9","<1","true","Swing"
"GCT","GigaCloud Technology Inc Class A Ordinary Shares","Technology","Software - Infrastructure","50.28","0",,"","Uptrend","Jul 27, 2026","687110.8","",,,"","","",,="7/9","<1","true","Swing"
"GEHC","GE HealthCare Technologies Inc. Common Stock ","Health Care","Medical Devices","72.37","0",,"","Uptrend","Jul 29, 2026","4904404.27","",,,"","","",,="7/9","<1","true","Swing"
"GEV","GE Vernova Inc. Common Stock","Industrials","Specialty Industrial Machinery","1079","0",,"","Uptrend","Aug 14, 2026","2535237.47","",,,"","","",,="4/9","<1","true","Swing"
"GLIBK","Liberty Capital Corporation Series C GCI Group Common Stock","Communication","Telecom Services","25.57","0",,"","Uptrend","Aug 06, 2026","517219.97","",,,"","","",,="5/9","<1","true","Swing"
"GPCR","Structure Therapeutics Inc. American Depositary Shares","Health Care","Biotechnology","53.76","0",,"","Uptrend","Aug 05, 2026","556499.87","",,,"","","",,="6/9","<1","true","Swing"
"GRAL","GRAIL, Inc. Common Stock ","Health Care","Diagnostics & Research","69.95","0",,"","Uptrend","Aug 17, 2026","636650.4","",,,"","","",,="7/9","<1","true","Swing"
"GRDN","Guardian Pharmacy Services, Inc. Class A Common Stock","Health Care","Medical Care Facilities","38","0",,"","Downtrend","Aug 12, 2026","347697.37","",,,"","","",,="6/9","<1","true","Swing"
"HIPO","Hippo Holdings Inc. Common Stock","Financials","Insurance - Property & Casualty","32.64","0",,"","Uptrend","Jul 24, 2026","161090.97","",,,"","","",,="5/9","<1","true","Swing"
"HNGE","Hinge Health, Inc. Class A Common Stock","Health Care","Health Information Services","87.87","0",,"","Uptrend","Aug 07, 2026","1657414.57","",,,"","","",,="7/9","<1","true","Swing"
"HTFL","Heartflow, Inc. Common Stock","Health Care","Health Information Services","41.94","0",,"","Uptrend","Aug 07, 2026","1439992.57","",,,"","","",,="7/9","<1","true","Swing"
"HWBK","Hawthorn Bancshares, Inc. Common Stock","Financials","Banks - Regional","39.71","0",,"","Uptrend","Jul 28, 2026","15079.27","",,,"","","",,="6/9","<1","true","Swing"
"IBCP","Independent Bank Corporation Common Stock","Financials","Banks - Regional","38.38","0",,"","Uptrend","Jun 04, 2026","203128.83","",,,"","","",,="6/9","<1","true","Swing"
"IBTA","Ibotta, Inc. Class A Common Stock","Technology","Software - Application","35.94","0",,"","Uptrend","Aug 05, 2026","274476.63","",,,"","","",,="7/9","<1","true","Swing"
"INBX","Inhibrx Biosciences, Inc. Common Stock","Health Care","Biotechnology","92.01","0",,"","Uptrend","Aug 17, 2026","262696.5","",,,"","","",,="7/9","<1","true","Swing"
"INGM","Ingram Micro Holding Corporation Common Stock","Technology","Information Technology Services","27.99","0",,"","Downtrend","Aug 17, 2026","932695.8","",,,"","","",,="6/9","<1","true","Swing"
"KE","Kimball Electronics, Inc. Common Stock","Industrials","Electrical Equipment & Parts","26.85","0",,"","Uptrend","Aug 13, 2026","204280.57","",,,"","","",,="5/9","<1","true","Swing"
"KEQU","Kewaunee Scientific Corporation Common Stock","Discretionary","Furnishings Fixtures & Appliances","36.32","0",,"","Downtrend","Aug 12, 2026","4530.47","",,,"","","",,="4/9","<1","true","Swing"
"KF","Korea Fund, Inc. (The) New Common Stock","Financials","Closed-End Fund - Foreign","66.45","0",,"","Uptrend","Aug 17, 2026","25542.17","",,,"","","",,="6/9","<1","true","Swing"
"KGS","Kodiak Gas Services, Inc. Common Stock","Energy","Oil & Gas Equipment & Services","66.12","0",,"","Uptrend","Aug 17, 2026","1647094","",,,"","","",,="7/9","<1","true","Swing"
"KMTS","Kestra Medical Technologies, Ltd. Common Stock","Health Care","Medical Instruments & Supplies","27.82","0",,"","Uptrend","Aug 04, 2026","370990.77","",,,"","","",,="7/9","<1","true","Swing"
"KNF","Knife Riv Holding Co. Common Stock","Materials","Building Materials","66.65","0",,"","Downtrend","Jul 17, 2026","649869.33","",,,"","","",,="6/9","<1","true","Swing"
"KOP","Koppers Holdings Inc. Common Stock","Materials","Specialty Chemicals","47.45","0",,"","Neutral","Aug 14, 2026","180236.2","",,,"","","",,="6/9","<1","true","Swing"
"KRMN","Karman Holdings Inc. Common Stock","Industrials","Aerospace & Defense","61.78","0",,"","Uptrend","Aug 04, 2026","3398093.53","",,,"","","",,="4/9","<1","true","Swing"
"LB","LandBridge Company LLC Class A Shares Representing Limited Liability Company Interests","Energy","Oil & Gas Equipment & Services","79.49","0",,"","Uptrend","Jun 30, 2026","297244.57","",,,"","","",,="7/9","<1","true","Swing"
"LBRX","LB Pharmaceuticals Inc Common Stock","Health Care","Biotechnology","46.23","0",,"","Uptrend","Jun 18, 2026","353377.57","",,,"","","",,="7/9","<1","true","Swing"
"LGN","Legence Corp. Class A Common stock","Industrials","Engineering & Construction","70.04","0",,"","Downtrend","Jul 01, 2026","1418308.27","",,,"","","",,="3/9","<1","true","Swing"
"LIF","Life360, Inc. Common Stock","Technology","Software - Application","50.18","0",,"","Downtrend","Aug 13, 2026","823469.27","",,,"","","",,="6/9","<1","true","Swing"
"LINE","Lineage, Inc. Common Stock","Real Estate","REIT - Industrial","40.8","0",,"","Downtrend","Aug 14, 2026","974750.77","",,,"","","",,="5/9","<1","true","Swing"
"LOAR","Loar Holdings Inc. Common Stock","Industrials","Aerospace & Defense","77.83","0",,"","Uptrend","Aug 05, 2026","625398.97","",,,"","","",,="5/9","<1","true","Swing"
"MAZE","Maze Therapeutics, Inc. Common Stock","Health Care","Biotechnology","27.95","0",,"","Downtrend","Aug 10, 2026","425713.7","",,,"","","",,="6/9","<1","true","Swing"
"MBX","MBX Biosciences, Inc. Common Stock","Health Care","Biotechnology","68.25","0",,"","Uptrend","Jun 11, 2026","639109.83","",,,"","","",,="7/9","<1","true","Swing"
"MIAX","Miami International Holdings, Inc. Common Stock","Financials","Capital Markets","42.41","0",,"","Downtrend","Aug 17, 2026","1226571.2","",,,"","","",,="5/9","<1","true","Swing"
"MLYS","Mineralys Therapeutics, Inc. Common Stock","Health Care","Biotechnology","26.05","0",,"","Downtrend","Aug 13, 2026","728810.5","",,,"","","",,="5/9","<1","true","Swing"
"MPTI","M-tron Industries, Inc. Common Stock","Technology","Electronic Components","88.05","0",,"","Uptrend","Aug 14, 2026","258663.83","",,,"","","",,="7/9","<1","true","Swing"
"MRP","Millrose Properties, Inc. Class A Common Stock","Real Estate","REIT - Residential","30.16","0",,"","Uptrend","Aug 05, 2026","1133373.17","",,,"","","",,="6/9","<1","true","Swing"
"MSBI","Midland States Bancorp, Inc. Common Stock","Financials","Banks - Regional","33.32","0",,"","Uptrend","Mar 31, 2026","179097.37","",,,"","","",,="6/9","<1","true","Swing"
"MSGE","Madison Square Garden Entertainment Corp. Class A Common Stock","Communication","Entertainment","84.86","0",,"","Uptrend","Jul 20, 2026","387555.73","",,,"","","",,="5/9","<1","true","Swing"
"NATL","NCR Atleos Corporation Common Stock","Technology","Software - Application","46.31","0",,"","Uptrend","Jul 06, 2026","579602.8","",,,"","","",,="7/9","<1","true","Swing"
"NEN","New England Realty Associates Limited Partnership Class A Depositary Receipts Evidencing Units of Limited Partnership","Real Estate","Real Estate Services","56","0",,"","Downtrend","Jun 12, 2026","466.9","",,,"","","",,="5/9","<1","true","Swing"
"NGNE","Neurogene Inc. Common Stock ","Health Care","Biotechnology","36.68","0",,"","Uptrend","Aug 07, 2026","226904.77","",,,"","","",,="7/9","<1","true","Swing"
"NP","Neptune Insurance Holdings Inc. Class A Common Stock","Financials","Insurance Brokers","31.48","0",,"","Uptrend","Jun 16, 2026","657425.03","",,,"","","",,="6/9","<1","true","Swing"
"NXG","NXG NextGen Infrastructure Income Fund Common Shares of Beneficial Interest","Financials","Closed-End Fund - Equity","61.93","0",,"","Uptrend","Aug 11, 2026","120605.33","",,,"","","",,="5/9","<1","true","Swing"
"NXT","Nextpower Inc. Class A Common Stock","Technology","Solar","99.09","0",,"","Downtrend","Jun 23, 2026","2841632.07","",,,"","","",,="6/9","<1","true","Swing"
"OSCR","Oscar Health, Inc. Class A Common Stock","Health Care","Healthcare Plans","31.55","0",,"","Uptrend","Aug 14, 2026","5184987.73","",,,"","","",,="7/9","<1","true","Swing"
"OUST","Ouster, Inc. Common Stock","Technology","Electronic Components","48.13","0",,"","Uptrend","Aug 05, 2026","3493056.7","",,,"","","Positive",,="7/9","<1","true","Swing"
"PACS","PACS Group, Inc. Common Stock","Health Care","Medical Care Facilities","44.32","0",,"","Uptrend","Jun 22, 2026","884499.47","",,,"","","",,="7/9","<1","true","Swing"
"PHIN","PHINIA Inc. Common Stock","Discretionary","Auto Parts","74.6","0",,"","Downtrend","Aug 05, 2026","335591.63","",,,"","","",,="4/9","<1","true","Swing"
"PTHS","Pelthos Therapeutics Inc. Common Stock","Health Care","Biotechnology","25.9","0",,"","Neutral","Aug 17, 2026","80493.2","",,,"","","",,="6/9","<1","true","Swing"
"PVLA","Palvella Therapeutics, Inc. Common Stock","Health Care","Biotechnology","153.52","0",,"","Uptrend","Jul 21, 2026","199816.27","",,,"","","",,="7/9","<1","true","Swing"
"PXED","Phoenix Education Partners, Inc. Common Stock","Staples","Education & Training Services","26.89","0",,"","Downtrend","Jul 17, 2026","135147.8","",,,"","","",,="4/9","<1","true","Swing"
"RAL","Ralliant Corporation Common Stock","Technology","Electronic Components","71.97","0",,"","Uptrend","Aug 11, 2026","1642116.63","",,,"","","",,="7/9","<1","true","Swing"
"RAPP","Rapport Therapeutics, Inc. Common Stock","Health Care","Biotechnology","48.42","0",,"","Uptrend","Jun 15, 2026","347636.53","",,,"","","",,="7/9","<1","true","Swing"
"RBRK","Rubrik, Inc. Class A Common Stock","Technology","Software - Infrastructure","101.02","0",,"","Uptrend","Aug 05, 2026","2811537.67","",,,"","","",,="7/9","<1","true","Swing"
"RDDT","Reddit, Inc. Class A Common Stock","Communication","Internet Content & Information","164.5","0",,"","Downtrend","Aug 17, 2026","6780897.77","",,,"","","",,="4/9","<1","true","Swing"
"REPX","Riley Exploration Permian, Inc. Common Stock","Energy","Oil & Gas E&P","37.1","0",,"","Uptrend","Aug 10, 2026","189030.17","",,,"","","",,="6/9","<1","true","Swing"
"RHLD","Resolute Holdings Management Common Stock ","Industrials","Specialty Business Services","136.86","0",,"","Uptrend","Aug 17, 2026","146707.4","",,,"","","",,="5/9","<1","true","Swing"
"SARO","StandardAero, Inc. Common Stock","Industrials","Aerospace & Defense","27.39","0",,"","Downtrend","Aug 13, 2026","3424627.67","",,,"","","",,="4/9","<1","true","Swing"
"SEG","Seaport Entertainment Group Inc. Common Stock","Real Estate","Real Estate Services","27.31","0",,"","Uptrend","May 13, 2026","66075.4","",,,"","","",,="6/9","<1","true","Swing"
"SEPN","Septerna, Inc. Common Stock","Health Care","Biotechnology","44.2","0",,"","Uptrend","Jul 30, 2026","455076.23","",,,"","","",,="7/9","<1","true","Swing"
"SEZL","Sezzle Inc. Common Stock","Financials","Credit Services","122.18","0",,"","Downtrend","Aug 07, 2026","784856.63","",,,"","","",,="5/9","<1","true","Swing"
"SKWD","Skyward Specialty Insurance Group, Inc. Common Stock","Financials","Insurance - Property & Casualty","57.57","0",,"","Uptrend","Jun 10, 2026","533276.97","",,,"","","",,="6/9","<1","true","Swing"
"SMA","SmartStop Self Storage REIT, Inc. Common Stock","Real Estate","REIT - Industrial","34.1","0",,"","Uptrend","Jun 09, 2026","698931.3","",,,"","","",,="6/9","<1","true","Swing"
"SMC","Summit Midstream Corporation Common Stock","Energy","Oil & Gas Midstream","34.74","0",,"","Uptrend","Jul 29, 2026","48542.73","",,,"","","",,="7/9","<1","true","Swing"
"SN","SharkNinja, Inc. Ordinary Shares","Discretionary","Furnishings Fixtures & Appliances","183.62","0",,"","Uptrend","May 27, 2026","1747973.63","",,,"","","",,="5/9","<1","true","Swing"
"SNDK","Sandisk Corporation Common Stock","Technology","Computer Hardware","1786.85","0",,"","Uptrend","Aug 17, 2026","15857536.73","",,,"","","Positive","true",="6/9","<1","true","Swing"
"SOLV","Solventum Corporation Common Stock","Health Care","Medical Instruments & Supplies","86.82","0",,"","Uptrend","Jul 15, 2026","1163855.67","",,,"","","",,="7/9","<1","true","Swing"
"SPCX","Space Exploration Technologies Corp","Industrials","Aerospace & Defense","146.23","0",,"","Uptrend","Aug 13, 2026","97567883.27","",,,"","","","true",="5/9","<1","true","Swing"
"SPRB","Spruce Biosciences, Inc. Common Stock","Health Care","Biotechnology","52.92","0",,"","Uptrend","Aug 13, 2026","54925.57","",,,"","","",,="7/9","<1","true","Swing"
"STOK","Stoke Therapeutics, Inc. Common Stock","Health Care","Biotechnology","32.13","0",,"","Uptrend","Aug 05, 2026","745506.4","",,,"","","",,="6/9","<1","true","Swing"
"STRC","Strategy Inc Variable Rate Series A Perpetual Stretch Preferred Stock","Technology","Software - Application","94.36","0",,"","Uptrend","Aug 03, 2026","1226401.63","",,,"","","",,="6/9","<1","true","Swing"
"STRZ","Starz Entertainment Corp. Common Shares","Communication","Entertainment","25.43","0",,"","Downtrend","Aug 17, 2026","179370.3","",,,"","","",,="4/9","<1","true","Swing"
"TCBX","Third Coast Bancshares, Inc. Common Stock","Financials","Banks - Regional","45.66","0",,"","Uptrend","Jul 09, 2026","115349.47","",,,"","","",,="6/9","<1","true","Swing"
"TECX","Tectonic Therapeutic, Inc. Common Stock","Health Care","Biotechnology","33.85","0",,"","Uptrend","Aug 12, 2026","193946.67","",,,"","","",,="7/9","<1","true","Swing"
"TEM","Tempus AI, Inc. Class A Common Stock","Health Care","Health Information Services","51.64","0",,"","Uptrend","Aug 11, 2026","4670677.97","",,,"","","",,="7/9","<1","true","Swing"
"TKO","TKO Group Holdings, Inc. Class A Common Stock","Communication","Entertainment","195.14","0",,"","Uptrend","Aug 11, 2026","1101438.2","",,,"","","",,="5/9","<1","true","Swing"
"TLN","Talen Energy Corporation Common Stock","Utilities","Utilities - Independent Power Producers","356.92","0",,"","Downtrend","Aug 17, 2026","693949.8","",,,"","","",,="5/9","<1","true","Swing"
"TTAN","ServiceTitan, Inc. Class A Common Stock","Technology","Software - Application","88.39","0",,"","Uptrend","Jul 27, 2026","1330786.97","",,,"","","",,="7/9","<1","true","Swing"
"TWFG","TWFG, Inc. Class A Common Stock","Financials","Insurance Brokers","26.08","0",,"","Uptrend","Jun 05, 2026","140329.33","",,,"","","",,="6/9","<1","true","Swing"
"UHAL/B","U-Haul Holding Company Series N Non-Voting Common Stock ","Industrials","Rental & Leasing Services","64.52","0",,"","Uptrend","May 28, 2026","353258.03","",,,"","","",,="4/9","<1","true","Swing"
"ULS","UL Solutions Inc. Class A Common Stock","Industrials","Specialty Business Services","77.11","0",,"","Downtrend","Aug 04, 2026","972200.6","",,,"","","",,="4/9","<1","true","Swing"
"UMAC","Unusual Machines, Inc. Common Stock","Technology","Computer Hardware","30.15","0",,"","Uptrend","Aug 03, 2026","4128375.93","",,,"","","",,="7/9","<1","true","Swing"
"UPST","Upstart Holdings, Inc. Common stock","Financials","Credit Services","29.75","0",,"","Neutral","Aug 17, 2026","4060164.03","",,,"","","",,="5/9","<1","true","Swing"
"UTG","Reaves Utility Income Fund Common Shares of Beneficial Interest","Financials","Closed-End Fund - Equity","40.52","0",,"","Uptrend","Aug 14, 2026","261758.4","",,,"","","",,="5/9","<1","true","Swing"
"VIA","Via Transportation, Inc. Class A Common Stock","Technology","Software - Application","25.42","0",,"","Uptrend","Jun 26, 2026","832212.87","",,,"","","",,="6/9","<1","true","Swing"
"VLTO","Veralto Corp Common Stock ","Industrials","Pollution & Treatment Controls","96.75","0",,"","Uptrend","Jun 25, 2026","1593497.33","",,,"","","",,="5/9","<1","true","Swing"
"VOYG","Voyager Technologies, Inc. Class A Common Stock","Industrials","Aerospace & Defense","43.98","0",,"","Uptrend","Aug 06, 2026","1656074.03","",,,"","","",,="4/9","<1","true","Swing"
"WBI","WaterBridge Infrastructure LLC Class A Shares Representing Limited Liability Company Interests","Energy","Oil & Gas Equipment & Services","31.78","0",,"","Downtrend","Aug 07, 2026","637571.83","",,,"","","",,="6/9","<1","true","Swing"
"WOLF","Wolfspeed, Inc. Common Stock New","Technology","Semiconductors","34.96","0",,"","Uptrend","Aug 17, 2026","4110650.83","",,,"","","",,="7/9","<1","true","Swing"
"WRBY","Warby Parker Inc. Class A Common Stock","Health Care","Medical Instruments & Supplies","25.6","0",,"","Downtrend","Aug 11, 2026","2664826.63","",,,"","","",,="6/9","<1","true","Swing"
"WS","Worthington Steel, Inc. Common Shares","Materials","Steel","37.87","0",,"","Uptrend","Aug 04, 2026","220518.83","",,,"","","",,="7/9","<1","true","Swing"
"WYFI","WhiteFiber, Inc. Ordinary Shares","Technology","Information Technology Services","30.35","0",,"","Uptrend","Aug 17, 2026","2362358.43","",,,"","","",,="7/9","<1","true","Swing"
