Symbol,Company Name,Sector/Index,Industry,Last Close Price ($),Fear & Greed Heatmap Value,Current Signal Status,Signal Start Date,Overlay,Overlay Start Date,30-Day Avg Volume,OVTLYR Signal Return (%),Capital Efficiency,Price Change,Fear & Greed Heatmap Direction,OC Channel,Unusual News Activity (UNA),Top Mentions Today (TMT),Ovtlyr Nine,Sector Relative Greed,Partial Data Stocks,Signal Type
"ABBV","AbbVie Inc. Common Stock","Health Care","Drug Manufacturers - General","258.92","57.03","Buy","Aug 19, 2026","Uptrend","Aug 18, 2026","5206138.07","83.4","1.16","3.43","Moving Up","","",,="6/9","<1","false","Swing"
"ABNB","Airbnb, Inc. Class A Common Stock","Discretionary","Travel Services","183.25","94.83","Sell","Aug 19, 2026","Uptrend","Jul 28, 2026","4397802.23","50.38","5.19","2.21","Moving Down","","",,="4/9","<1","false","Swing"
"AGM","Federal Agricultural Mortgage Corporation Common Stock","Financials","Credit Services","229.13","79.23","Sell","Aug 19, 2026","Uptrend","Apr 09, 2026","116949.47","131.09","1.39","-1.12","Moving Down","","",,="4/9","<1","false","Swing"
"AIT","Applied Industrial Technologies, Inc. Common Stock","Industrials","Industrial Distribution","354.35","76.55","Sell","Aug 19, 2026","Uptrend","Apr 07, 2026","273987.5","-8","0.42","-1.23","Moving Down","","",,="4/9","<1","false","Swing"
"ALGN","Align Technology, Inc. Common Stock","Health Care","Medical Instruments & Supplies","167.91","49.17","Sell","Aug 19, 2026","Downtrend","Aug 18, 2026","885660.2","-8.4","14.12","-1.9","Moving Down","","",,="4/9","<1","false","Swing"
"AM","Antero Midstream Corporation Common Stock","Energy","Oil & Gas Midstream","22.69","41.63","Buy","Aug 19, 2026","Uptrend","Aug 18, 2026","2233934.7","96.92","0.81","2.44","Moving Up","","",,="7/9","<1","false","Swing"
"AMBA","Ambarella, Inc. Ordinary Shares","Technology","Semiconductor Equipment & Materials","74.82","68.63","Sell","Aug 19, 2026","Neutral","Aug 18, 2026","1720515.03","10.83","4.73","-4.74","Moving Down","","",,="3/9","<1","false","Swing"
"AMH","American Homes 4 Rent Common Shares of Beneficial Interest","Real Estate","REIT - Residential","33.67","70.92","Sell","Aug 19, 2026","Uptrend","Jun 23, 2026","2081119.1","-78.67","0.09","0.12","Moving Down","","",,="4/9","<1","false","Swing"
"AMLX","Amylyx Pharmaceuticals, Inc. Common Stock","Health Care","Drug Manufacturers - Specialty & Generic","35.11","75.33","Buy","Aug 19, 2026","Uptrend","Jun 16, 2026","2496717.27","847.13","1.97","63.84","Moving Up","","Positive","true",="7/9","<1","false","Swing"
"AMN","AMN Healthcare Services Inc","Health Care","Medical Care Facilities","34.54","64.34","Buy","Aug 19, 2026","Uptrend","Aug 07, 2026","785428.97","-24.81","5.17","0","Moving Up","","",,="7/9","<1","false","Swing"
"ANAB","AnaptysBio, Inc. Common Stock","Health Care","Biotechnology","58.99","44.64","Sell","Aug 19, 2026","Uptrend","Aug 14, 2026","609572.07","-162.68","0.1","-1.17","Moving Down","","",,="5/9","<1","false","Swing"
"ANF","Abercrombie & Fitch Company Common Stock","Discretionary","Apparel Retail","103.38","65.96","Sell","Aug 19, 2026","Uptrend","Jun 09, 2026","989096.17","324.79","1.83","-1.69","Moving Down","","",,="4/9","<1","false","Swing"
"AOS","A.O. Smith Corporation Common Stock","Industrials","Specialty Industrial Machinery","60.86","52.88","Sell","Aug 19, 2026","Neutral","Aug 18, 2026","1597886.9","-34.66","0.17","-0.88","Moving Down","","",,="3/9","<1","false","Swing"
"APOG","Apogee Enterprises, Inc. Common Stock","Industrials","Building Products & Equipment","41.25","65.76","Sell","Aug 19, 2026","Uptrend","Aug 03, 2026","172933.3","-4.47","0.34","-2.2","Moving Down","","",,="4/9","<1","false","Swing"
"ATKR","Atkore Inc. Common Stock","Industrials","Electrical Equipment & Parts","93.44","97.62","Sell","Aug 19, 2026","Uptrend","Aug 03, 2026","1038614.23","-83.29","0.07","-0.29","Moving Down","","",,="4/9","<1","false","Swing"
"AVGO","Broadcom Inc. Common Stock","Technology","Semiconductors","380","63.57","Sell","Aug 19, 2026","Neutral","Aug 14, 2026","19001312.43","-81.15","0.37","-3.17","Moving Down","","Positive",,="3/9","<1","false","Swing"
"AWI","Armstrong World Industries Inc Common Stock","Industrials","Building Products & Equipment","177.15","83.3","Sell","Aug 19, 2026","Uptrend","Jul 24, 2026","509903.13","42.92","1.44","-1.13","Moving Down","","",,="4/9","<1","false","Swing"
"AXTA","Axalta Coating Systems Ltd. Common Shares","Materials","Specialty Chemicals","35.42","97.44","Sell","Aug 19, 2026","Uptrend","Jul 28, 2026","1601281.03","-72.33","0.05","-1.91","Moving Down","","",,="4/9","<1","false","Swing"
"BCC","Boise Cascade, L.L.C. Common Stock","Materials","Lumber & Wood Production","80.18","70.26","Sell","Aug 19, 2026","Uptrend","Jul 10, 2026","392853.8","-171.5","0.15","-2.15","Moving Down","","",,="4/9","<1","false","Swing"
"BDSX","Biodesix, Inc. Common Stock","Health Care","Diagnostics & Research","22.34","45.19","Sell","Aug 19, 2026","Uptrend","May 07, 2026","77176.2","16.7","7.35","-3.91","Moving Down","","",,="5/9","<1","false","Swing"
"BELFB","Bel Fuse Inc. Class B Common Stock","Technology","Electronic Components","275.97","37.64","Sell","Aug 19, 2026","Neutral","Aug 18, 2026","250798.47","37.46","0.13","-7.36","Moving Down","","",,="3/9","<1","false","Swing"
"BF/B","Brown Forman Inc Class B Common Stock","Staples","Beverages - Wineries & Distilleries","27.15","80.15","Sell","Aug 19, 2026","Neutral","Aug 18, 2026","2206678.77","-23.7","5.91","-1.56","Moving Down","","",,="2/9","<1","false","Swing"
"BFH","Bread Financial Holdings, Inc. Common Stock","Financials","Credit Services","111.1","73.58","Sell","Aug 19, 2026","Uptrend","Jul 21, 2026","586601.6","25.22","1.94","-0.13","Moving Down","","",,="4/9","<1","false","Swing"
"BKR","Baker Hughes Company Class A Common Stock","Energy","Oil & Gas Equipment & Services","64.44","71.52","Sell","Aug 19, 2026","Uptrend","Jul 30, 2026","8300809.87","29.77","0.98","-0.71","Moving Down","","",,="5/9","<1","false","Swing"
"BLFS","BioLife Solutions, Inc. Common Stock","Health Care","Medical Instruments & Supplies","34.94","97.99","Sell","Aug 19, 2026","Uptrend","May 18, 2026","1201105.07","97.54","2.86","-1.44","Moving Down","","",,="5/9","<1","false","Swing"
"BMY","Bristol-Myers Squibb Company Common Stock","Health Care","Drug Manufacturers - General","66.05","81.96","Buy","Aug 19, 2026","Uptrend","Jul 15, 2026","11502869.47","2.51","0.82","2.2","Moving Up","","",,="7/9","<1","false","Swing"
"BN","Brookfield Corporation Class A Limited Voting Shares","Financials","Asset Management","42.13","41.31","Sell","Aug 19, 2026","Neutral","Aug 17, 2026","4025565.93","-27.75","0.32","-1.45","Moving Down","","",,="3/9","<1","false","Swing"
"BPRN","Princeton Bancorp, Inc. Common Stock (PA)","Financials","Banks - Regional","43.16","95.11","Sell","Aug 19, 2026","Uptrend","Jun 09, 2026","22655.5","68.38","3.19","0.94","Moving Down","","",,="4/9","<1","false","Swing"
"BXSL","Blackstone Secured Lending Fund Common Shares of Beneficial Interest","Financials","Asset Management","24.35","83.85","Sell","Aug 19, 2026","Uptrend","Aug 06, 2026","1565422.9","-24.59","1.06","0.58","Moving Down","","",,="4/9","<1","false","Swing"
"CAH","Cardinal Health, Inc. Common Stock","Health Care","Medical Distribution","234.98","69.97","Sell","Aug 19, 2026","Uptrend","Jul 28, 2026","2138003.03","331.45","2.18","-0.29","Moving Down","","",,="5/9","<1","false","Swing"
"CASS","Cass Information Systems, Inc Common Stock","Industrials","Specialty Business Services","57.7","87.54","Sell","Aug 19, 2026","Uptrend","Jun 05, 2026","71344.2","13.47","1.91","0.77","Moving Down","","",,="4/9","<1","false","Swing"
"CEG","Constellation Energy Corporation Common Stock ","Utilities","Utilities - Independent Power Producers","266.83","54.05","Sell","Aug 19, 2026","Neutral","Aug 18, 2026","2708044.37","26.7","2.01","-4.09","Moving Down","","",,="4/9","<1","false","Swing"
"CELH","Celsius Holdings, Inc. Common Stock","Staples","Beverages - Non-Alcoholic","29.9","45.65","Buy","Aug 19, 2026","Uptrend","Aug 18, 2026","11002859.37","78.68","68.72","-0.15","Moving Up","","",,="5/9","<1","false","Swing"
"CGNX","Cognex Corporation Common Stock","Technology","Scientific & Technical Instruments","63.41","58.22","Sell","Aug 19, 2026","Downtrend","Aug 18, 2026","2169645.43","36.7","7.26","-4.79","Moving Up","","",,="4/9","<1","false","Swing"
"CHEF","The Chefs' Warehouse, Inc. Common Stock","Staples","Food Distribution","108.3","85.83","Sell","Aug 19, 2026","Uptrend","Apr 10, 2026","682975.87","40.68","0.57","-2.05","Moving Down","","",,="4/9","<1","false","Swing"
"CHTR","Charter Communications, Inc. Class A Common Stock New","Communication","Telecom Services","148.35","70.43","Sell","Aug 19, 2026","Uptrend","Aug 18, 2026","2697252.3","-14.62","15.94","2.95","Moving Down","","",,="3/9","<1","false","Swing"
"CLW","Clearwater Paper Corporation Common Stock","Materials","Paper & Paper Products","20.67","92.3","Sell","Aug 19, 2026","Uptrend","Jul 21, 2026","206136.6","-76.88","0.06","0.19","Moving Down","","",,="4/9","<1","false","Swing"
"CME","CME Group Inc. Class A Common Stock","Financials","Financial Data & Stock Exchanges","271.54","82.51","Buy","Aug 19, 2026","Uptrend","Jul 24, 2026","2300541.73","1.77","0.12","1.37","Moving Up","","",,="6/9","<1","false","Swing"
"CNO","CNO Financial Group, Inc. Common Stock","Financials","Insurance - Life","54.52","79.17","Sell","Aug 19, 2026","Uptrend","Apr 07, 2026","662809.03","16.83","0.2","-0.53","Moving Down","","",,="4/9","<1","false","Swing"
"CPK","Chesapeake Utilities Corporation Common Stock","Utilities","Utilities - Regulated Gas","136.56","71.14","Buy","Aug 19, 2026","Uptrend","Jul 07, 2026","212216","25.95","1.26","1.49","Moving Up","","",,="6/9","<1","false","Swing"
"CSTM","Constellium SE Ordinary Shares (France)","Materials","Aluminum","27.99","57.37","Sell","Aug 19, 2026","Downtrend","Aug 18, 2026","1551650.97","11.26","1.06","-6.45","Moving Down","","",,="3/9","<1","false","Swing"
"CSW","CSW Industrials, Inc. Common Stock","Industrials","Specialty Industrial Machinery","331.99","78.71","Sell","Aug 19, 2026","Uptrend","Jul 30, 2026","164169.37","102.62","0.77","-3.13","Moving Down","","",,="4/9","<1","false","Swing"
"CTS","CTS Corporation Common Stock","Technology","Electronic Components","59.97","80.84","Sell","Aug 19, 2026","Downtrend","Aug 18, 2026","208757.63","52.18","1.5","-5.37","Moving Down","","",,="3/9","<1","false","Swing"
"CUBI","Customers Bancorp, Inc Common Stock","Financials","Banks - Regional","80.76","68.98","Sell","Aug 19, 2026","Uptrend","Jul 27, 2026","275792.6","385.77","5.44","-1.64","Moving Down","","",,="4/9","<1","false","Swing"
"CUE","Cue Biopharma, Inc. Common Stock","Health Care","Biotechnology","25.7","58.98","Sell","Aug 19, 2026","Downtrend","Aug 17, 2026","198603.3","-157.49","1.73","-7.02","Moving Down","","",,="4/9","<1","false","Swing"
"DAL","Delta Air Lines, Inc. Common Stock","Industrials","Airlines","85.7","70.8","Sell","Aug 19, 2026","Neutral","Aug 18, 2026","5703984","78.52","4.86","-2.16","Moving Down","","Positive",,="3/9","<1","false","Swing"
"DDS","Dillard's, Inc. Common Stock","Discretionary","Department Stores","584.6","55.44","Sell","Aug 19, 2026","Uptrend","Aug 18, 2026","131246.63","35.58","0.12","0.85","Moving Down","","",,="4/9","<1","false","Swing"
"DEO","Diageo plc Common Stock","Staples","Beverages - Wineries & Distilleries","90.98","94.62","Sell","Aug 19, 2026","Uptrend","Jul 15, 2026","1205357.87","9.99","4.12","-0.91","Moving Down","","",,="4/9","<1","false","Swing"
"DOCS","Doximity, Inc. Class A Common Stock","Health Care","Health Information Services","24.94","70.29","Sell","Aug 19, 2026","Uptrend","Aug 07, 2026","5835129.13","34.21","6.13","1.71","Moving Down","","",,="5/9","<1","false","Swing"
"DSGX","Descartes Systems Group Inc. (The) Common Stock","Technology","Software - Application","75.27","82.01","Sell","Aug 19, 2026","Uptrend","Jul 29, 2026","460096.3","-75.68","0.19","0.47","Moving Down","","",,="4/9","<1","false","Swing"
"ENS","EnerSys Common Stock","Industrials","Electrical Equipment & Parts","200.56","60.07","Buy","Aug 19, 2026","Neutral","Aug 14, 2026","462922.1","46.7","0.86","-0.88","Moving Up","","Positive",,="4/9","<1","false","Swing"
"EPAC","Enerpac Tool Group Corp. Common Stock","Industrials","Specialty Industrial Machinery","36.51","62.15","Sell","Aug 19, 2026","Uptrend","Jul 28, 2026","519577.77","-20.6","0.23","-1.54","Moving Down","","",,="3/9","<1","false","Swing"
"EPD","Enterprise Products Partners L.P. Common Stock","Energy","Oil & Gas Midstream","38.64","74.74","Buy","Aug 19, 2026","Uptrend","Aug 14, 2026","3219103.2","-15.14","0.32","0.08","Moving Up","","",,="8/9","<1","false","Swing"
"ERO","Ero Copper Corp. Common Shares","Materials","Copper","32.97","84.6","Sell","Aug 19, 2026","Uptrend","Jul 31, 2026","1101289.87","-72.42","0.17","-5.56","Moving Down","","",,="4/9","<1","false","Swing"
"ESCA","Escalade, Incorporated Common Stock","Discretionary","Leisure","20.33","59.43","Sell","Aug 19, 2026","Uptrend","Jul 16, 2026","45162.93","-258.16","0.14","0.35","Moving Down","","",,="4/9","<1","false","Swing"
"EXE","Expand Energy Corporation Common Stock","Energy","Oil & Gas E&P","95.45","63.7","Sell","Aug 19, 2026","Uptrend","Aug 06, 2026","3491603.73","-20.86","0.18","1.35","Moving Down","","",,="6/9","<1","false","Swing"
"EXPE","Expedia Group, Inc. Common Stock","Discretionary","Travel Services","321.42","90.55","Sell","Aug 19, 2026","Uptrend","Jun 16, 2026","1480992.03","24.88","0.37","0.92","Moving Down","","",,="4/9","<1","false","Swing"
"FBK","FB Financial Corporation Common Stock","Financials","Banks - Regional","61.05","74.11","Sell","Aug 19, 2026","Uptrend","Jun 18, 2026","372041.33","91.47","3.72","-0.47","Moving Down","","",,="4/9","<1","false","Swing"
"FCEL","FuelCell Energy, Inc. Common Stock","Industrials","Electrical Equipment & Parts","21.7","58.07","Buy","Aug 19, 2026","Uptrend","Aug 18, 2026","10171518.1","-40.7","5.65","-2.95","Moving Up","","",,="6/9","<1","false","Swing"
"FISV","Fiserv, Inc. Common Stock","Technology","Information Technology Services","51.72","46.2","Sell","Aug 19, 2026","Neutral","Aug 17, 2026","7439371.2","47.11","4.96","-0.94","Moving Down","","",,="3/9","<1","false","Swing"
"FIVN","Five9, Inc. Common Stock","Technology","Software - Infrastructure","32.45","90.37","Sell","Aug 19, 2026","Uptrend","Jul 24, 2026","3080803.27","-217.11","0.92","1.88","Moving Down","","",,="4/9","<1","false","Swing"
"FLNG","FLEX LNG Ltd. Ordinary Shares","Energy","Oil & Gas Midstream","31.1","43.34","Buy","Aug 19, 2026","Uptrend","Aug 18, 2026","295994.13","-17.51","0.26","0.71","Moving Up","","",,="7/9","<1","false","Swing"
"FOR","Forestar Group Inc Common Stock ","Real Estate","Real Estate - Development","28.65","56.5","Sell","Aug 19, 2026","Downtrend","Aug 18, 2026","129919.47","-30.89","0.17","-1.75","Moving Up","","",,="4/9","<1","false","Swing"
"FRHC","Freedom Holding Corp. Common Stock","Financials","Financial Conglomerates","160.8","44.13","Buy","Aug 19, 2026","Uptrend","Aug 18, 2026","115954.47","716.76","2.34","6.87","Moving Up","","",,="6/9","<1","false","Swing"
"FSLR","First Solar, Inc. Common Stock","Technology","Solar","220.01","60.54","Sell","Aug 19, 2026","Neutral","Aug 12, 2026","2322837.83","-49.73","0.27","0.99","Moving Down","","",,="3/9","<1","false","Swing"
"FSLY","Fastly, Inc. Class A Common Stock","Technology","Software - Application","26.59","68.39","Sell","Aug 19, 2026","Uptrend","Jul 24, 2026","6135557.77","-44.03","0.15","-8.44","Moving Down","","",,="4/9","<1","false","Swing"
"FTDR","Frontdoor, Inc. Common Stock","Discretionary","Personal Services","82.92","81.9","Sell","Aug 19, 2026","Uptrend","Aug 03, 2026","520501.87","148.88","4.33","-0.99","Moving Down","","",,="4/9","<1","false","Swing"
"FTNT","Fortinet, Inc. Common Stock","Technology","Software - Infrastructure","158.01","70.14","Sell","Aug 19, 2026","Uptrend","Jul 31, 2026","4973667.83","124.77","0.54","1.39","Moving Down","","Positive",,="3/9","<1","false","Swing"
"FTV","Fortive Corporation Common Stock ","Technology","Scientific & Technical Instruments","59.45","66.31","Sell","Aug 19, 2026","Downtrend","Aug 18, 2026","2509970.6","-42.6","1.62","-1.96","Moving Down","","",,="3/9","<1","false","Swing"
"GATX","GATX Corporation Common Stock","Industrials","Rental & Leasing Services","178.31","49.99","Sell","Aug 19, 2026","Downtrend","Aug 18, 2026","209794.83","156.63","3.11","-1.29","Moving Up","","",,="4/9","<1","false","Swing"
"GBLI","Global Indemnity Group, LLC Class A Common Stock ","Financials","Insurance - Property & Casualty","25.34","78.76","Sell","Aug 19, 2026","Downtrend","Aug 18, 2026","4407.93","-149.03","0.02","-6.77","Moving Down","","",,="3/9","<1","false","Swing"
"GEN","Gen Digital Inc. Common Stock","Technology","Software - Infrastructure","27.64","64.39","Sell","Aug 19, 2026","Uptrend","Jun 30, 2026","4370447.3","77.34","2.13","0.84","Moving Down","","",,="4/9","<1","false","Swing"
"GIB","CGI Inc. Common Stock","Technology","Information Technology Services","72.94","89.83","Sell","Aug 19, 2026","Uptrend","Jul 27, 2026","458974.43","9.44","5.11","0.65","Moving Down","","",,="4/9","<1","false","Swing"
"GNK","Genco Shipping & Trading Limited Ordinary Shares New (Marshall Islands)","Industrials","Marine Shipping","26.05","50.43","Buy","Aug 19, 2026","Uptrend","Aug 12, 2026","330548.87","116.15","2.3","-0.65","Moving Up","","",,="5/9","<1","false","Swing"
"GWRE","Guidewire Software, Inc. Common Stock","Technology","Software - Application","177.76","88.36","Sell","Aug 19, 2026","Uptrend","Jul 24, 2026","1184730.1","-5.5","0.3","3.35","Moving Down","","",,="4/9","<1","false","Swing"
"HLNE","Hamilton Lane Incorporated Class A Common Stock","Financials","Asset Management","101.1","88.82","Sell","Aug 19, 2026","Uptrend","Jul 27, 2026","718952.23","81.43","239.02","0.26","Moving Down","","",,="4/9","<1","false","Swing"
"HNI","HNI Corporation Common Stock","Discretionary","Furnishings Fixtures & Appliances","47.52","93.45","Sell","Aug 19, 2026","Uptrend","Jun 18, 2026","564898.3","45.24","2.53","-1.66","Moving Down","","",,="4/9","<1","false","Swing"
"HTH","Hilltop Holdings Inc.","Financials","Financial Conglomerates","39","55.87","Sell","Aug 19, 2026","Uptrend","Jul 24, 2026","236901.93","29.72","1.29","-0.84","Moving Down","","",,="3/9","<1","false","Swing"
"HVT","Haverty Furniture Companies, Inc. Common Stock","Discretionary","Home Improvement Retail","28.34","75.82","Sell","Aug 19, 2026","Uptrend","May 26, 2026","123691.73","44.66","4.95","-0.35","Moving Down","","",,="4/9","<1","false","Swing"
"IIF","Morgan Stanley India Investment Fund, Inc. Common Stock","Financials","Closed-End Fund - Foreign","23.05","69","Sell","Aug 19, 2026","Uptrend","Jul 30, 2026","34151.77","114.38","3.66","-0.26","Moving Down","","",,="4/9","<1","false","Swing"
"INSP","Inspire Medical Systems, Inc. Common Stock","Health Care","Medical Devices","57.38","82.88","Sell","Aug 19, 2026","Uptrend","Jul 02, 2026","815160.47","-40.22","6.54","0.28","Moving Down","","",,="5/9","<1","false","Swing"
"INSW","International Seaways, Inc. Common Stock ","Energy","Oil & Gas Midstream","98.77","63.81","Buy","Aug 19, 2026","Uptrend","Jul 07, 2026","506828.4","467.54","2.06","0.42","Moving Up","","",,="8/9","<1","false","Swing"
"IRTC","iRhythm Holdings, Inc. Common Stock","Health Care","Medical Devices","115.24","59.01","Sell","Aug 19, 2026","Neutral","Aug 17, 2026","646257.2","-269.28","0.11","-1.44","Moving Down","","",,="4/9","<1","false","Swing"
"ITGR","Integer Holdings Corporation Common Stock","Health Care","Medical Devices","125.09","96.79","Sell","Aug 19, 2026","Uptrend","May 13, 2026","1235821.23","-36.18","0.2","0.01","Moving Down","","",,="5/9","<1","false","Swing"
"ITRI","Itron, Inc. Common Stock","Technology","Scientific & Technical Instruments","96.18","89.84","Sell","Aug 19, 2026","Uptrend","Jul 27, 2026","932427.43","-107.05","0.03","-4.4","Moving Down","","",,="4/9","<1","false","Swing"
"ITW","Illinois Tool Works Inc. Common Stock","Industrials","Specialty Industrial Machinery","284.66","86.46","Sell","Aug 19, 2026","Uptrend","Jun 12, 2026","1331119.27","2.66","0.1","-0.91","Moving Down","","",,="4/9","<1","false","Swing"
"IX","ORIX Corporation American Depositary Shares","Financials","Financial Conglomerates","39.14","74.18","Sell","Aug 19, 2026","Neutral","Aug 18, 2026","219623.57","75.17","1.2","-2.47","Moving Down","","",,="3/9","<1","false","Swing"
"JOUT","Johnson Outdoors Inc. Class A Common Stock","Discretionary","Leisure","47.85","73.94","Sell","Aug 19, 2026","Uptrend","Jul 16, 2026","47540.07","-73.58","1.4","0.23","Moving Down","","",,="4/9","<1","false","Swing"
"KAI","Kadant Inc Common Stock","Industrials","Specialty Industrial Machinery","309.64","83.74","Sell","Aug 19, 2026","Neutral","Aug 18, 2026","116685.2","39.12","0.61","-6.09","Moving Down","","",,="3/9","<1","false","Swing"
"KN","Knowles Corporation Common Stock","Technology","Electronic Components","36.06","82.67","Sell","Aug 19, 2026","Neutral","Aug 18, 2026","914711.27","-2.55","0.32","-7.51","Moving Down","","",,="3/9","<1","false","Swing"
"KNSA","Kiniksa Pharmaceuticals International, plc Class A Ordinary Shares","Health Care","Drug Manufacturers - Specialty & Generic","79.49","75.2","Buy","Aug 19, 2026","Uptrend","Jun 17, 2026","650862.5","60.52","0.37","0.39","Moving Up","","",,="7/9","<1","false","Swing"
"KNSL","Kinsale Capital Group, Inc. Common Stock","Financials","Insurance - Property & Casualty","372.71","69.76","Sell","Aug 19, 2026","Uptrend","Jul 23, 2026","289498.73","-133.97","0.15","1.51","Moving Down","","",,="4/9","<1","false","Swing"
"KRUS","Kura Sushi USA, Inc. Class A Common Stock","Discretionary","Restaurants","50.14","68.01","Sell","Aug 19, 2026","Neutral","Aug 18, 2026","248549.77","-24.69","0.54","-0.95","Moving Down","","",,="3/9","<1","false","Swing"
"LAUR","Laureate Education, Inc. Common Stock","Staples","Education & Training Services","38.2","55.47","Buy","Aug 19, 2026","Uptrend","Aug 18, 2026","1000321.1","14.53","0.14","1.3","Moving Up","","",,="6/9","<1","false","Swing"
"LIND","Lindblad Expeditions Holdings Inc. Common Stock","Discretionary","Travel Services","32.35","91.01","Sell","Aug 19, 2026","Uptrend","May 20, 2026","794366.83","32.97","1.09","-1.28","Moving Down","","",,="4/9","<1","false","Swing"
"LNN","Lindsay Corporation Common Stock","Industrials","Farm & Heavy Construction Machinery","111.8","65.59","Sell","Aug 19, 2026","Downtrend","Aug 18, 2026","114937.8","-96.21","0.07","-1.96","Moving Down","","",,="3/9","<1","false","Swing"
"LPLA","LPL Financial Holdings Inc. Common Stock","Financials","Capital Markets","368.73","89.78","Sell","Aug 19, 2026","Uptrend","Jul 06, 2026","680716.03","173.34","1.48","0.14","Moving Down","","",,="3/9","<1","false","Swing"
"MANU","Manchester United Ltd. Class A Ordinary Shares","Communication","Entertainment","23.51","61.37","Buy","Aug 19, 2026","Uptrend","Aug 13, 2026","263716.1","-75.1","0.06","0.94","Moving Up","","",,="6/9","<1","false","Swing"
"MATX","Matson, Inc. Common Stock","Industrials","Marine Shipping","218.28","69.58","Buy","Aug 19, 2026","Uptrend","Mar 25, 2026","301581.17","355.81","1.8","-0.76","Moving Up","","",,="6/9","<1","false","Swing"
"MTUS","Metallus Inc. Common Shares","Materials","Steel","21.23","77.78","Sell","Aug 19, 2026","Uptrend","Jul 16, 2026","385722.87","263.38","4.71","-3.63","Moving Down","","",,="3/9","<1","false","Swing"
"NOW","ServiceNow, Inc. Common Stock","Technology","Software - Application","119.49","92.52","Sell","Aug 19, 2026","Uptrend","Jul 29, 2026","21717529.7","-84.6","0.03","1.52","Moving Down","","",,="4/9","<1","false","Swing"
"NWN","Northwest Natural Holding Company Common Stock","Utilities","Utilities - Regulated Gas","51.02","64.23","Buy","Aug 19, 2026","Uptrend","Aug 14, 2026","213629.2","-80.99","0.62","1.17","Moving Up","","",,="6/9","<1","false","Swing"
"OLLI","Ollie's Bargain Outlet Holdings, Inc. Common Stock","Staples","Discount Stores","76.21","69.64","Sell","Aug 19, 2026","Uptrend","Aug 18, 2026","1741971.6","-92.29","0.03","1.71","Moving Down","","",,="4/9","<1","false","Swing"
"OPCH","Option Care Health, Inc. Common Stock","Health Care","Medical Care Facilities","23.41","66.17","Sell","Aug 19, 2026","Uptrend","Jul 28, 2026","2430161.4","-94.76","0.11","0.17","Moving Down","","",,="5/9","<1","false","Swing"
"OSBC","Old Second Bancorp, Inc. Common Stock","Financials","Banks - Regional","25.66","81.35","Buy","Aug 19, 2026","Uptrend","Jun 04, 2026","433294.53","145.07","3.31","-0.66","Moving Up","","",,="6/9","<1","false","Swing"
"OSK","Oshkosh Corporation (Holding Company)Common Stock","Industrials","Farm & Heavy Construction Machinery","147.69","63.9","Sell","Aug 19, 2026","Uptrend","Aug 03, 2026","829536.77","1.92","0.1","-4.08","Moving Down","","",,="4/9","<1","false","Swing"
"PAYC","Paycom Software, Inc. Common Stock","Technology","Software - Application","215.72","97.2","Sell","Aug 19, 2026","Uptrend","Jul 06, 2026","882220","50.92","22.36","0.71","Moving Down","","",,="4/9","<1","false","Swing"
"PCB","PCB Bancorp Common Stock","Financials","Banks - Regional","28.64","51.35","Buy","Aug 19, 2026","Uptrend","Aug 18, 2026","42449.33","65.57","1.93","1.99","Moving Up","","",,="6/9","<1","false","Swing"
"PCVX","Vaxcyte, Inc. Common Stock","Health Care","Biotechnology","59.79","60.35","Sell","Aug 19, 2026","Uptrend","Aug 06, 2026","956447.9","224.49","5.54","-0.71","Moving Down","","",,="5/9","<1","false","Swing"
"PJT","PJT Partners Inc. Class A Common Stock","Financials","Capital Markets","169.72","58.23","Sell","Aug 19, 2026","Uptrend","Jul 06, 2026","428817.73","73.44","0.89","-0.73","Moving Down","","",,="4/9","<1","false","Swing"
"PKG","Packaging Corporation of America Common Stock","Discretionary","Packaging & Containers","250.3","83.09","Sell","Aug 19, 2026","Uptrend","Jul 23, 2026","641075.8","-4.3","0.4","-1.06","Moving Down","","",,="4/9","<1","false","Swing"
"PL","Planet Labs PBC Class A Common Stock","Industrials","Aerospace & Defense","23.36","21.07","Sell","Aug 19, 2026","Neutral","Aug 17, 2026","6749823.23","501.55","2.57","-4.18","Moving Down","","",,="3/9","<1","false","Swing"
"PLSE","Pulse Biosciences, Inc Common Stock (DE)","Health Care","Medical Instruments & Supplies","46","88","Sell","Aug 19, 2026","Uptrend","May 13, 2026","410062.97","9.12","0.13","-1.69","Moving Down","","",,="5/9","<1","false","Swing"
"PLTR","Palantir Technologies Inc. Class A Common Stock","Technology","Software - Infrastructure","171.54","80.53","Sell","Aug 19, 2026","Uptrend","Aug 04, 2026","41416290.9","406.69","0.41","-0.59","Moving Down","","Positive","true",="3/9","<1","false","Swing"
"PRAX","Praxis Precision Medicines, Inc. Common Stock","Health Care","Biotechnology","369.84","46.98","Sell","Aug 19, 2026","Uptrend","Aug 06, 2026","376425.07","73.53","0.23","-1.74","Moving Down","","",,="5/9","<1","false","Swing"
"PRK","Park National Corporation Common Stock","Financials","Banks - Regional","204.4","80.14","Sell","Aug 19, 2026","Uptrend","Jun 04, 2026","103640.43","101.37","2.01","-0.55","Moving Down","","",,="4/9","<1","false","Swing"
"PRPO","Precipio, Inc.  Common Stock","Health Care","Diagnostics & Research","24.69","43.57","Buy","Aug 19, 2026","Uptrend","Aug 18, 2026","123215.83","-444.81","0.28","3.31","Moving Up","","",,="6/9","<1","false","Swing"
"QNCX","Quince Therapeutics, Inc. Common Stock","Health Care","Biotechnology","32.91","63.32","Sell","Aug 19, 2026","Uptrend","Aug 03, 2026","36249.23","46.57","7.69","-3.55","Moving Down","","",,="5/9","<1","false","Swing"
"RL","Ralph Lauren Corporation Common Stock","Discretionary","Apparel Manufacturing","378.25","40.88","Sell","Aug 19, 2026","Neutral","Aug 17, 2026","602733.73","105.82","1.25","-0.28","Moving Down","","",,="3/9","<1","false","Swing"
"SAM","Boston Beer Company, Inc. (The) Common Stock","Staples","Beverages - Brewers","178.65","66.99","Sell","Aug 19, 2026","Neutral","Aug 17, 2026","279977.2","90.82","8.82","-2","Moving Up","","",,="3/9","<1","false","Swing"
"SCI","Service Corporation International Common Stock","Discretionary","Personal Services","82.36","77.51","Sell","Aug 19, 2026","Uptrend","Jul 01, 2026","1122486.43","-40.68","0.28","-0.21","Moving Up","","",,="5/9","<1","false","Swing"
"SHOO","Steven Madden, Ltd. Common Stock","Discretionary","Footwear & Accessories","46.75","82.58","Sell","Aug 19, 2026","Uptrend","Jul 16, 2026","1011355.97","22.24","6.18","0.32","Moving Down","","",,="3/9","<1","false","Swing"
"SNY","Sanofi ADS","Health Care","Drug Manufacturers - General","44.97","55.66","Buy","Aug 19, 2026","Uptrend","Aug 13, 2026","3169478.77","-31.43","0.76","1.26","Moving Up","","",,="7/9","<1","false","Swing"
"SON","Sonoco Products Company Common Stock","Discretionary","Packaging & Containers","57.2","78.95","Sell","Aug 19, 2026","Uptrend","Jun 12, 2026","1110003.07","-100.09","0.05","0.79","Moving Down","","",,="4/9","<1","false","Swing"
"SPOT","Spotify Technology S.A. Ordinary Shares","Communication","Internet Content & Information","516.28","42.08","Buy","Aug 19, 2026","Uptrend","Aug 07, 2026","1838059.73","59.52","1.6","4.83","Moving Up","","",,="5/9","<1","false","Swing"
"SRV","NXG Cushing Midstream Energy Fund Common Shares of Beneficial Interest","Financials","Closed-End Fund - Equity","48.57","46.85","Buy","Aug 19, 2026","Uptrend","Aug 18, 2026","71081.83","-6.47","0.37","0.41","Moving Up","","",,="5/9","<1","false","Swing"
"STLD","Steel Dynamics, Inc.","Materials","Steel","249.81","85.25","Sell","Aug 19, 2026","Uptrend","Jul 27, 2026","1071275.73","382.82","1.5","-3.23","Moving Down","","",,="4/9","<1","false","Swing"
"STNG","Scorpio Tankers Inc. Common Shares","Energy","Oil & Gas Midstream","79.34","47.85","Buy","Aug 19, 2026","Uptrend","Aug 14, 2026","739736","126.22","3.06","-1.23","Moving Up","","",,="8/9","<1","false","Swing"
"STT","State Street Corporation Common Stock","Financials","Asset Management","191.87","67.04","Buy","Aug 19, 2026","Uptrend","Apr 01, 2026","2026928.13","10.07","0.18","-0.61","Moving Up","","",,="6/9","<1","false","Swing"
"SUN","Sunoco LP Common Units representing limited partner interests","Energy","Oil & Gas Refining & Marketing","77.08","56.81","Buy","Aug 19, 2026","Uptrend","Aug 10, 2026","494035.7","-69.56","0.17","2.83","Moving Up","","",,="8/9","<1","false","Swing"
"TAYD","Taylor Devices, Inc. Common Stock","Industrials","Specialty Industrial Machinery","55.91","35.95","Buy","Aug 19, 2026","Uptrend","Aug 18, 2026","36346.23","155.88","1.17","1.02","Moving Up","","",,="5/9","<1","false","Swing"
"TCOM","Trip.com Group Limited American Depositary Shares","Discretionary","Travel Services","44.55","52.75","Sell","Aug 19, 2026","Neutral","Aug 12, 2026","2761549.03","-91.01","0.06","-0.67","Moving Down","","",,="3/9","<1","false","Swing"
"TECK","Teck Resources Ltd Ordinary Shares","Materials","Other Industrial Metals & Mining","63.91","81.5","Sell","Aug 19, 2026","Uptrend","Jul 30, 2026","3249417.13","-506.05","0.17","-1.43","Moving Down","","",,="4/9","<1","false","Swing"
"TFIN","Triumph Financial, Inc. Common Stock","Financials","Banks - Regional","76.26","63.23","Sell","Aug 19, 2026","Uptrend","Aug 14, 2026","271553.9","99.92","6.12","-1.95","Moving Up","","",,="5/9","<1","false","Swing"
"TFPM","Triple Flag Precious Metals Corp. Common Shares","Materials","Other Precious Metals & Mining","30.76","41.49","Sell","Aug 19, 2026","Uptrend","Aug 04, 2026","470964.27","-61.14","0.26","-2.78","Moving Down","","",,="4/9","<1","false","Swing"
"TRI","Thomson Reuters Corporation Common Shares","Industrials","Specialty Business Services","100.89","87.78","Sell","Aug 19, 2026","Uptrend","Jul 24, 2026","2283230.17","101.65","4.75","1.85","Moving Down","","",,="4/9","<1","false","Swing"
"TRMK","Trustmark Corporation Common Stock","Financials","Banks - Regional","47.69","65.76","Sell","Aug 19, 2026","Uptrend","Jun 09, 2026","409942.43","78.12","3.57","-0.91","Moving Down","","",,="4/9","<1","false","Swing"
"UAL","United Airlines Holdings, Inc. Common Stock","Industrials","Airlines","118.72","60.72","Sell","Aug 19, 2026","Downtrend","Aug 18, 2026","3874758.27","20.99","2.06","-2.9","Moving Down","","",,="3/9","<1","false","Swing"
"UBS","UBS Group AG Registered Ordinary Shares","Financials","Banks - Diversified","52.97","66.41","Sell","Aug 19, 2026","Uptrend","Apr 24, 2026","1753001.03","317.24","2.59","-0.88","Moving Down","","",,="4/9","<1","false","Swing"
"UFPI","UFP Industries, Inc. Common Stock","Materials","Lumber & Wood Production","87.2","62.09","Sell","Aug 19, 2026","Neutral","Aug 17, 2026","445412.87","-129.81","0.13","-1.23","Moving Down","","",,="3/9","<1","false","Swing"
"VIRT","Virtu Financial, Inc. Class A Common Stock","Financials","Capital Markets","61.05","44.27","Buy","Aug 19, 2026","Uptrend","Aug 18, 2026","1184363.6","216.12","2.13","2.61","Moving Up","","",,="6/9","<1","false","Swing"
"VSAT","ViaSat, Inc. Common Stock","Technology","Communication Equipment","76.07","75.67","Sell","Aug 19, 2026","Uptrend","Jul 30, 2026","2132768.27","-58.54","0.01","-6.56","Moving Down","","",,="4/9","<1","false","Swing"
"WFRD","Weatherford International plc Ordinary Shares","Energy","Oil & Gas Equipment & Services","92.05","53.98","Sell","Aug 19, 2026","Uptrend","Aug 10, 2026","1230222.27","-19.58","0.3","-1.11","Moving Down","","",,="6/9","<1","false","Swing"
"WHR","Whirlpool Corporation Common Stock","Discretionary","Furnishings Fixtures & Appliances","39.27","73.39","Sell","Aug 19, 2026","Neutral","Aug 14, 2026","2366915.03","-21.05","12.67","-0.81","Moving Down","","",,="3/9","<1","false","Swing"
"XMTR","Xometry, Inc. Class A Common Stock","Industrials","Industrial Distribution","85.95","46.89","Sell","Aug 19, 2026","Downtrend","Aug 18, 2026","783748.87","56.04","0.48","-4.21","Moving Down","","",,="3/9","<1","false","Swing"
"XNCR","Xencor, Inc. Common Stock","Health Care","Biotechnology","25.41","89.2","Buy","Aug 19, 2026","Uptrend","Jun 12, 2026","1108740.1","-35.64","2.74","9.9","Moving Up","","",,="7/9","<1","false","Swing"
"ACLS","Axcelis Technologies, Inc. Common Stock","Technology","Semiconductor Equipment & Materials","135.39","49.44","Buy","Aug 18, 2026","Neutral","Aug 18, 2026","405523.43","391.54","2.66","-6.05","Moving Up","","",,="5/9","<1","false","Swing"
"ADBE","Adobe Inc. Common Stock","Technology","Software - Application","263.14","87.57","Sell","Aug 18, 2026","Uptrend","Jul 27, 2026","4971910.13","67.96","12.49","3.58","Moving Down","","",,="3/9","<1","false","Swing"
"AEVA","Aeva Technologies, Inc. Common Stock","Technology","Software - Infrastructure","21.03","57.88","Sell","Aug 18, 2026","Uptrend","Aug 06, 2026","1719845.33","-133.47","0.05","-11.45","Moving Down","","",,="4/9","<1","false","Swing"
"AIRT","Air T, Inc. Common Stock","Industrials","Conglomerates","29.43","65.46","Sell","Aug 18, 2026","Uptrend","Jun 17, 2026","12688.07","-259.81","0.04","5.83","Moving Down","","",,="4/9","<1","false","Swing"
"ALG","Alamo Group, Inc. Common Stock","Industrials","Farm & Heavy Construction Machinery","159.25","59.23","Sell","Aug 18, 2026","Downtrend","Aug 18, 2026","138361.77","10.05","0.94","-1.62","Moving Down","","",,="3/9","<1","false","Swing"
"APPN","Appian Corporation Class A Common Stock","Technology","Software - Infrastructure","36.43","81.46","Sell","Aug 18, 2026","Uptrend","Jul 24, 2026","817860.07","-37.03","0.04","4.35","Moving Down","","",,="4/9","<1","false","Swing"
"ARGX","argenx SE American Depositary Shares","Health Care","Biotechnology","992.99","52.2","Buy","Aug 18, 2026","Uptrend","Aug 17, 2026","297297.73","18.38","0.23","0.52","Moving Up","","",,="7/9","<1","false","Swing"
"ARW","Arrow Electronics, Inc. Common Stock","Technology","Electronics & Computer Distribution","213.51","70.94","Buy","Aug 18, 2026","Uptrend","Aug 17, 2026","585058.53","165.98","3.05","-3.11","Moving Up","","",,="6/9","<1","false","Swing"
"ASO","Academy Sports and Outdoors, Inc. Common Stock","Discretionary","Specialty Retail","46.88","40.07","Sell","Aug 18, 2026","Downtrend","Aug 17, 2026","1250543.67","37.52","22.96","1.69","Moving Down","","",,="3/9","<1","false","Swing"
"BAX","Baxter International Inc. Common Stock","Health Care","Medical Instruments & Supplies","25.94","96.55","Sell","Aug 18, 2026","Uptrend","May 19, 2026","7058255.97","-21.38","11.06","0.12","Moving Down","","",,="5/9","<1","false","Swing"
"BE","Bloom Energy Corporation Class A Common Stock","Industrials","Electrical Equipment & Parts","209.01","28.22","Sell","Aug 18, 2026","Downtrend","Aug 18, 2026","15688207.93","-237.76","0.21","-9.97","Moving Down","","","true",="3/9","<1","false","Swing"
"BF/A","Brown Forman Inc Class A Common Stock","Staples","Beverages - Wineries & Distilleries","27.8","80.76","Sell","Aug 18, 2026","Uptrend","Jul 27, 2026","123265.27","-46.95","2.74","-0.89","Moving Down","","",,="4/9","<1","false","Swing"
"BKE","Buckle, Inc. (The) Common Stock","Discretionary","Apparel Retail","43.11","57.27","Sell","Aug 18, 2026","Neutral","Aug 13, 2026","432935.93","27.81","0.8","-0.19","Moving Down","","",,="3/9","<1","false","Swing"
"BRK/A","Berkshire Hathaway Inc.","Financials","Insurance - Diversified","753600","72.9","Sell","Aug 18, 2026","Uptrend","Aug 18, 2026","154.77","53.55","1.07","0.83","Moving Down","","",,="4/9","<1","false","Swing"
"BRZE","Braze, Inc. Class A Common Stock","Technology","Software - Application","29.12","81.41","Sell","Aug 18, 2026","Uptrend","Jul 28, 2026","2264399.73","-15.91","11.4","4.19","Moving Down","","",,="4/9","<1","false","Swing"
"BWIN","The Baldwin Insurance Group, Inc. Class A Common Stock","Financials","Insurance Brokers","30.2","86.21","Sell","Aug 18, 2026","Uptrend","Jun 22, 2026","1176373.17","-52.24","0.62","-1.85","Moving Down","","",,="3/9","<1","false","Swing"
"CAC","Camden National Corporation Common Stock","Financials","Banks - Regional","58.24","78.43","Sell","Aug 18, 2026","Uptrend","Jun 04, 2026","96830.43","40.18","1.66","-0.24","Moving Down","","",,="4/9","<1","false","Swing"
"CAKE","Cheesecake Factory Incorporated (The) Common Stock","Discretionary","Restaurants","106.36","95.42","Sell","Aug 18, 2026","Uptrend","May 26, 2026","1840655.5","68.9","1.04","-2.48","Moving Down","","",,="4/9","<1","false","Swing"
"CDNA","CareDx, Inc. Common Stock","Health Care","Diagnostics & Research","46.18","83.56","Sell","Aug 18, 2026","Uptrend","Apr 16, 2026","1196250.43","1.55","2.52","-0.43","Moving Down","","",,="5/9","<1","false","Swing"
"CECO","CECO Environmental Corp. Common Stock","Industrials","Pollution & Treatment Controls","76.55","37.88","Buy","Aug 18, 2026","Neutral","Aug 18, 2026","931631.83","459.73","1.52","-9.03","Moving Up","","",,="5/9","<1","false","Swing"
"CENT","Central Garden & Pet Company Common Stock","Staples","Packaged Foods","44.28","64.04","Sell","Aug 18, 2026","Uptrend","May 08, 2026","98370.97","-18.79","0.25","2.15","Moving Up","","",,="5/9","<1","false","Swing"
"CG","The Carlyle Group Inc. Common Stock","Financials","Asset Management","48.37","71.48","Sell","Aug 18, 2026","Uptrend","Jul 30, 2026","3481369.43","155.75","8.13","-0.35","Moving Down","","",,="4/9","<1","false","Swing"
"CHD","Church & Dwight Company, Inc. Common Stock","Staples","Household & Personal Products","99.13","69.13","Sell","Aug 18, 2026","Uptrend","Aug 18, 2026","1758434.47","52.33","3.24","1.17","Moving Down","","",,="4/9","<1","false","Swing"
"CIGI","Colliers International Group Inc. Subordinate Voting Shares","Real Estate","Real Estate Services","104.77","64.36","Buy","Aug 18, 2026","Uptrend","Aug 07, 2026","212850.23","54.3","4.72","1.3","Moving Up","","",,="6/9","<1","false","Swing"
"CL","Colgate-Palmolive Company Common Stock","Staples","Household & Personal Products","91.46","59.1","Sell","Aug 18, 2026","Neutral","Aug 18, 2026","4379737.43","50.31","3.06","1.39","Moving Down","","",,="3/9","<1","false","Swing"
"CNMD","CONMED Corporation Common Stock","Health Care","Medical Devices","49.26","94.56","Sell","Aug 18, 2026","Uptrend","Jul 09, 2026","686207.9","-12.88","13.06","0.02","Moving Down","","",,="5/9","<1","false","Swing"
"CNX","CNX Resources Corporation Common Stock","Energy","Oil & Gas E&P","35.37","52.06","Sell","Aug 18, 2026","Uptrend","Jul 29, 2026","1596007.17","160.27","1.37","0.08","Moving Down","","",,="6/9","<1","false","Swing"
"CORT","Corcept Therapeutics Incorporated Common Stock","Health Care","Biotechnology","118.1","78.24","Sell","Aug 18, 2026","Uptrend","Mar 31, 2026","1199013.8","547.92","1.93","0.79","Moving Down","","",,="5/9","<1","false","Swing"
"CRI","Carter's, Inc. Common Stock","Discretionary","Apparel Retail","37.56","68.35","Sell","Aug 18, 2026","Downtrend","Aug 17, 2026","970016.63","-67.72","3.19","-0.69","Moving Down","","",,="3/9","<1","false","Swing"
"CTRN","Citi Trends, Inc. Common Stock","Discretionary","Apparel Retail","71.93","80.9","Sell","Aug 18, 2026","Uptrend","Jun 10, 2026","124665.33","-37.05","0.3","-1.02","Moving Down","","",,="4/9","<1","false","Swing"
"CVEO","Civeo Corporation (Canada) Common Shares","Discretionary","Lodging","33.58","41.72","Buy","Aug 18, 2026","Uptrend","Aug 17, 2026","150333.8","-202.93","0.26","-0.47","Moving Up","","",,="6/9","<1","false","Swing"
"DGX","Quest Diagnostics Incorporated Common Stock","Health Care","Diagnostics & Research","236.25","89.55","Sell","Aug 18, 2026","Uptrend","Jul 16, 2026","966519.53","95.11","2.02","0.31","Moving Down","","",,="5/9","<1","false","Swing"
"DMLP","Dorchester Minerals, L.P. Common Units Representing Limited Partnership Interests","Energy","Oil & Gas E&P","28.05","64.15","Buy","Aug 18, 2026","Uptrend","Aug 12, 2026","236101.77","-57.42","0.28","-0.21","Moving Up","","",,="7/9","<1","false","Swing"
"DOCN","DigitalOcean Holdings, Inc. Common Stock","Technology","Software - Infrastructure","125.25","50.62","Buy","Aug 18, 2026","Neutral","Aug 18, 2026","3196630.7","43.66","0.43","-7.41","Moving Down","","",,="4/9","<1","false","Swing"
"EBC","Eastern Bankshares, Inc. Common Stock","Financials","Banks - Regional","23.61","69.98","Buy","Aug 18, 2026","Uptrend","Jun 08, 2026","2537537.63","39.38","3.08","-0.17","Moving Up","","",,="6/9","<1","false","Swing"
"ECL","Ecolab Inc. Common Stock","Materials","Specialty Chemicals","280","63.12","Sell","Aug 18, 2026","Uptrend","Jul 28, 2026","1193151","-50.9","0.22","1.51","Moving Down","","",,="4/9","<1","false","Swing"
"EL","Estee Lauder Companies, Inc. (The) Common Stock","Staples","Household & Personal Products","84.27","68.27","Sell","Aug 18, 2026","Neutral","Aug 17, 2026","2255936.23","-4.72","35.68","-0.08","Moving Down","","",,="3/9","<1","false","Swing"
"ETON","Eton Pharmaceuticals, Inc. Common Stock","Health Care","Drug Manufacturers - Specialty & Generic","63.43","76.56","Buy","Aug 18, 2026","Uptrend","Jun 09, 2026","615480.73","550.1","2.19","2.75","Moving Up","","",,="7/9","<1","false","Swing"
"EWBC","East West Bancorp, Inc. Common Stock","Financials","Banks - Regional","135.07","56.38","Buy","Aug 18, 2026","Uptrend","Apr 07, 2026","729493.6","164.59","2.52","-0.33","Moving Up","","",,="6/9","<1","false","Swing"
"EXPO","Exponent, Inc. Common Stock","Industrials","Engineering & Construction","67.51","83.24","Sell","Aug 18, 2026","Uptrend","Jul 24, 2026","505982.77","8.84","16.66","1.99","Moving Down","","",,="4/9","<1","false","Swing"
"FBIZ","First Business Financial Services, Inc. Common Stock","Financials","Banks - Regional","70.48","81.21","Sell","Aug 18, 2026","Uptrend","Jun 04, 2026","63915.9","177.07","2.14","-0.66","Moving Down","","",,="4/9","<1","false","Swing"
"FDS","FactSet Research Systems Inc. Common Stock","Financials","Financial Data & Stock Exchanges","285.41","92.62","Sell","Aug 18, 2026","Uptrend","Jul 02, 2026","817169.3","18.17","7.08","3.13","Moving Down","","",,="4/9","<1","false","Swing"
"FELE","Franklin Electric Co., Inc. Common Stock","Industrials","Specialty Industrial Machinery","101.95","68.43","Sell","Aug 18, 2026","Downtrend","Aug 18, 2026","276132.3","-68.82","0.22","-1.99","Moving Down","","",,="3/9","<1","false","Swing"
"FFIV","F5, Inc. Common Stock","Technology","Software - Infrastructure","393.62","63.96","Sell","Aug 18, 2026","Downtrend","Aug 18, 2026","656829.4","75.55","1.17","-0.49","Moving Down","","",,="3/9","<1","false","Swing"
"FIX","Comfort Systems USA, Inc. Common Stock","Industrials","Engineering & Construction","1739.08","41.41","Buy","Aug 18, 2026","Neutral","Aug 18, 2026","474580.33","1700.47","1.28","-7.55","Moving Up","","",,="5/9","<1","false","Swing"
"FND","Floor & Decor Holdings, Inc. Common Stock","Discretionary","Home Improvement Retail","56.05","86.62","Sell","Aug 18, 2026","Neutral","Aug 18, 2026","2412002.53","-3.63","42.85","-1.01","Moving Down","","",,="3/9","<1","false","Swing"
"FTAI","FTAI Aviation Ltd. Common Stock","Industrials","Aerospace & Defense","211.5","57.18","Buy","Aug 18, 2026","Downtrend","Aug 18, 2026","1597171","-2017.88","0.15","-7","Moving Up","","",,="5/9","<1","false","Swing"
"G","Genpact Limited Common Stock","Technology","Information Technology Services","34.65","85.53","Sell","Aug 18, 2026","Uptrend","Jul 24, 2026","2180464.07","22.4","7.1","2.82","Moving Down","","",,="4/9","<1","false","Swing"
"GE","GE Aerospace Common Stock","Industrials","Aerospace & Defense","375.09","61.71","Sell","Aug 18, 2026","Uptrend","Jul 28, 2026","3650472.67","205.44","1.28","1.53","Moving Down","","Positive",,="4/9","<1","false","Swing"
"GEF/B","Greif, Inc. Corporation Class B Common Stock","Discretionary","Packaging & Containers","111.02","82.65","Sell","Aug 18, 2026","Uptrend","Jun 12, 2026","68917.27","-12.77","0.33","0.73","Moving Down","","",,="4/9","<1","false","Swing"
"GLOB","Globant S.A. Common Shares","Technology","Information Technology Services","37.31","77.72","Sell","Aug 18, 2026","Uptrend","Jul 28, 2026","1961916.03","-301.42","0.75","2.9","Moving Down","","",,="4/9","<1","false","Swing"
"GLW","Corning Incorporated Common Stock","Technology","Electronic Components","159.9","37.61","Buy","Aug 18, 2026","Neutral","Aug 18, 2026","12348389.07","315","1.96","-7.68","Moving Up","","Positive",,="5/9","<1","false","Swing"
"GSAT","Globalstar, Inc. Common Stock","Communication","Telecom Services","82.89","50.29","Sell","Aug 18, 2026","Uptrend","Jul 31, 2026","970582.53","171.62","0.6","-0.17","Moving Down","","",,="3/9","<1","false","Swing"
"GTLB","GitLab Inc. Class A Common Stock","Technology","Software - Infrastructure","41.5","92.88","Sell","Aug 18, 2026","Uptrend","Jun 26, 2026","4397066.73","51.65","10.06","2.42","Moving Down","","",,="4/9","<1","false","Swing"
"HAL","Halliburton Company Common Stock","Energy","Oil & Gas Equipment & Services","34.66","43.65","Buy","Aug 18, 2026","Uptrend","Aug 17, 2026","11249755.57","35.76","2.38","-0.2","Moving Up","","",,="7/9","<1","false","Swing"
"HD","Home Depot, Inc. (The) Common Stock","Discretionary","Home Improvement Retail","337.49","61.03","Sell","Aug 18, 2026","Neutral","Aug 17, 2026","3766960.97","83.2","3.47","-0.12","Moving Down","","Positive","true",="3/9","<1","false","Swing"
"HNVR","Hanover Bancorp, Inc. Common Stock","Financials","Banks - Regional","27.74","79.07","Sell","Aug 18, 2026","Uptrend","Jul 13, 2026","58445.17","79.21","2.97","1.24","Moving Down","","",,="4/9","<1","false","Swing"
"HQH","abrdn Healthcare Investors Shares of Beneficial Interest","Financials","Closed-End Fund - Equity","23.98","88.29","Sell","Aug 18, 2026","Uptrend","Jun 18, 2026","254780.6","55.42","2.62","1.31","Moving Down","","",,="4/9","<1","false","Swing"
"HTHT","H World Group Limited American Depositary Shares","Discretionary","Lodging","45.92","55.19","Buy","Aug 18, 2026","Uptrend","Aug 17, 2026","1540565.4","-71.86","0.03","-1.48","Moving Up","","",,="6/9","<1","false","Swing"
"HY","Hyster-Yale, Inc. Class A common stock","Industrials","Farm & Heavy Construction Machinery","33.33","64.68","Sell","Aug 18, 2026","Neutral","Aug 18, 2026","105494.63","4.58","4.4","-3.95","Moving Down","","",,="3/9","<1","false","Swing"
"IBKR","Interactive Brokers Group, Inc. Class A Common Stock","Financials","Capital Markets","90.56","48.37","Buy","Aug 18, 2026","Uptrend","Aug 17, 2026","4302168.17","714.44","2.6","-4","Moving Up","","",,="6/9","<1","false","Swing"
"INTC","Intel Corporation Common Stock","Technology","Semiconductors","96.685","62.61","Buy","Aug 18, 2026","Downtrend","Aug 18, 2026","113000657.97","122.43","6.27","-6.58","Moving Up","","Negative","true",="5/9","<1","false","Swing"
"INVH","Invitation Homes Inc. Common Stock","Real Estate","REIT - Residential","29.72","71.15","Sell","Aug 18, 2026","Neutral","Aug 18, 2026","3882539.9","-49.95","1.86","0.1","Moving Down","","",,="3/9","<1","false","Swing"
"KEY","KeyCorp Common Stock","Financials","Banks - Regional","22.79","66.32","Buy","Aug 18, 2026","Uptrend","Aug 14, 2026","9863077.17","36.18","1.75","-1.09","Moving Up","","",,="6/9","<1","false","Swing"
"KMI","Kinder Morgan, Inc. Common Stock","Energy","Oil & Gas Midstream","32.87","45.69","Buy","Aug 18, 2026","Uptrend","Aug 17, 2026","9301090.13","76.44","1.86","1.67","Moving Up","","",,="7/9","<1","false","Swing"
"KOD","Kodiak Sciences Inc Common Stock","Health Care","Biotechnology","40.65","46.53","Sell","Aug 18, 2026","Uptrend","Aug 14, 2026","604292.03","14.58","4.79","-0.81","Moving Down","","",,="5/9","<1","false","Swing"
"LIVN","LivaNova PLC Ordinary Shares","Health Care","Medical Devices","79.86","63.14","Buy","Aug 18, 2026","Uptrend","Aug 14, 2026","668659.13","-6.99","0.29","-1.99","Moving Up","","",,="7/9","<1","false","Swing"
"LKQ","LKQ Corporation Common Stock","Discretionary","Auto Parts","25.15","49.78","Buy","Aug 18, 2026","Neutral","Aug 17, 2026","3317166.5","-40.32","2.4","-1.18","Moving Up","","",,="5/9","<1","false","Swing"
"LTH","Life Time Group Holdings, Inc. Common Stock","Discretionary","Leisure","45.4","74.59","Buy","Aug 18, 2026","Uptrend","May 05, 2026","2807619","6.74","0.09","0.13","Moving Up","","",,="6/9","<1","false","Swing"
"LZB","La-Z-Boy Incorporated Common Stock","Discretionary","Furnishings Fixtures & Appliances","40.83","74.98","Sell","Aug 18, 2026","Uptrend","Jun 17, 2026","376195.43","-49.46","0.18","-1.66","Moving Down","","",,="4/9","<1","false","Swing"
"MBUU","Malibu Boats, Inc. Class A Common Stock","Discretionary","Recreational Vehicles","29.33","71","Sell","Aug 18, 2026","Uptrend","Jul 16, 2026","191785.63","-201.77","0.46","-0.27","Moving Down","","",,="4/9","<1","false","Swing"
"MCD","McDonald's Corporation Common Stock","Discretionary","Restaurants","266.99","31.59","Sell","Aug 18, 2026","Downtrend","Aug 18, 2026","4276051.33","64.9","3.98","0.55","Moving Up","","Positive",,="4/9","<1","false","Swing"
"MOG/A","Moog Inc. Class A Common Stock","Industrials","Aerospace & Defense","437.71","65.17","Buy","Aug 18, 2026","Uptrend","Jul 22, 2026","273939.2","229.1","1.27","-1.72","Moving Up","","",,="6/9","<1","false","Swing"
"MRSH","Marsh Common Stock","Financials","Insurance Brokers","186.37","82.27","Sell","Aug 18, 2026","Uptrend","Jun 26, 2026","2245400.87","-49.26","0.24","1.17","Moving Down","","",,="4/9","<1","false","Swing"
"MUFG","Mitsubishi UFJ Financial Group, Inc. Common Stock","Financials","Banks - Diversified","22.72","71.2","Buy","Aug 18, 2026","Uptrend","May 05, 2026","3202449.3","45.41","0.4","-1.35","Moving Up","","",,="6/9","<1","false","Swing"
"MWA","MUELLER WATER PRODUCTS Common Stock","Industrials","Specialty Industrial Machinery","24.91","53.53","Sell","Aug 18, 2026","Downtrend","Aug 18, 2026","1057396.53","-32.6","0.29","-1.07","Moving Down","","",,="3/9","<1","false","Swing"
"MXL","MaxLinear, Inc. Common Stock","Technology","Semiconductors","72.63","51.24","Buy","Aug 18, 2026","Downtrend","Aug 18, 2026","3475975.6","361.99","5.69","-14.31","Moving Up","","",,="5/9","<1","false","Swing"
"NRIX","Nurix Therapeutics, Inc. Common stock","Health Care","Biotechnology","26.93","74.81","Sell","Aug 18, 2026","Uptrend","Jun 15, 2026","1063877.77","156.99","4.04","-0.88","Moving Down","","",,="4/9","<1","false","Swing"
"NTGR","NETGEAR, Inc. Common Stock","Technology","Communication Equipment","22.12","54.77","Sell","Aug 18, 2026","Downtrend","Aug 17, 2026","368793.27","73.23","23.94","-2.17","Moving Down","","",,="3/9","<1","false","Swing"
"NTR","Nutrien Ltd. Common Shares","Materials","Agricultural Inputs","69.4","39.45","Buy","Aug 18, 2026","Uptrend","Aug 14, 2026","2285512.53","-18.38","0.28","1.63","Moving Up","","",,="6/9","<1","false","Swing"
"NVEC","NVE Corporation Common Stock","Technology","Semiconductors","114.78","88.59","Sell","Aug 18, 2026","Uptrend","Jul 23, 2026","250589.17","-85.95","0.19","-5.21","Moving Down","","",,="4/9","<1","false","Swing"
"OKLO","Oklo Inc. Class A common stock","Utilities","Utilities - Independent Power Producers","41.36","30.54","Sell","Aug 18, 2026","Downtrend","Aug 14, 2026","8987341.87","68.77","0.79","-5.74","Moving Down","","",,="4/9","<1","false","Swing"
"PEO","Adams Natural Resources Fund, Inc. Common Stock","Financials","Closed-End Fund - Equity","28.2","76.99","Buy","Aug 18, 2026","Uptrend","Jul 13, 2026","55409.87","41.14","0.69","0.93","Moving Up","","",,="6/9","<1","false","Swing"
"PHM","PulteGroup, Inc. Common Stock","Discretionary","Residential Construction","126.05","55.67","Sell","Aug 18, 2026","Neutral","Aug 18, 2026","1652535","22.03","0.23","-1.9","Moving Down","","",,="3/9","<1","false","Swing"
"POOL","Pool Corporation Common Stock","Industrials","Industrial Distribution","187.5","41.83","Sell","Aug 18, 2026","Downtrend","Aug 17, 2026","807092.93","-56.43","0.67","-1.56","Moving Down","","",,="3/9","<1","false","Swing"
"PR","Permian Resources Corporation Class A Common Stock","Energy","Oil & Gas E&P","22.35","57.99","Buy","Aug 18, 2026","Uptrend","Aug 06, 2026","8305399.83","503.92","2.25","0.77","Moving Up","","",,="8/9","<1","false","Swing"
"PRCT","PROCEPT BioRobotics Corporation Common Stock","Health Care","Medical Devices","21.32","70.63","Sell","Aug 18, 2026","Uptrend","Aug 18, 2026","1715406.7","33.55","7.41","1.09","Moving Down","","",,="4/9","<1","false","Swing"
"PRM","Perimeter Solutions, SA Common Stock","Materials","Specialty Chemicals","31.8","30.87","Sell","Aug 18, 2026","Downtrend","Aug 17, 2026","1602903","228.68","0.98","-2.42","Moving Down","","",,="3/9","<1","false","Swing"
"PSA","Public Storage Common Stock","Real Estate","REIT - Industrial","323.1","70.53","Sell","Aug 18, 2026","Uptrend","Jul 28, 2026","1094879.53","3.63","0.14","-0.37","Moving Down","","",,="4/9","<1","false","Swing"
"RCKY","Rocky Brands, Inc. Common Stock","Discretionary","Footwear & Accessories","46.26","69.33","Sell","Aug 18, 2026","Uptrend","Jul 09, 2026","64441.67","-199.27","0.1","-0.9","Moving Down","","",,="4/9","<1","false","Swing"
"REYN","Reynolds Consumer Products Inc. Common Stock","Discretionary","Packaging & Containers","25.76","70.31","Sell","Aug 18, 2026","Uptrend","Aug 04, 2026","1153651.37","21.55","15.6","-0.58","Moving Down","","",,="4/9","<1","false","Swing"
"RPRX","Royalty Pharma plc Class A Ordinary Shares ","Health Care","Biotechnology","59.69","58.6","Buy","Aug 18, 2026","Uptrend","Dec 24, 2025","2791178.6","32.42","2.07","0.4","Moving Up","","",,="7/9","<1","false","Swing"
"SEI","Solaris Energy Infrastructure, Inc. Class A Common Stock","Energy","Oil & Gas Equipment & Services","61.94","43.04","Buy","Aug 18, 2026","Neutral","Aug 18, 2026","3405770.07","446.6","1.51","-6.11","Moving Up","","",,="7/9","<1","false","Swing"
"SEIC","SEI Investments Company Common Stock","Financials","Asset Management","106.92","87.09","Sell","Aug 18, 2026","Uptrend","Jul 02, 2026","714716.43","51.79","2.06","1.37","Moving Down","","",,="4/9","<1","false","Swing"
"SFBS","ServisFirst Bancshares, Inc. Common Stock","Financials","Banks - Regional","90.02","58.2","Buy","Aug 18, 2026","Uptrend","Jun 08, 2026","255856.83","117.11","2.36","-0.56","Moving Up","","",,="6/9","<1","false","Swing"
"SFM","Sprouts Farmers Market, Inc. Common Stock","Staples","Grocery Stores","78.84","60.9","Sell","Aug 18, 2026","Neutral","Aug 17, 2026","1941913.13","623.89","5.62","-2.18","Moving Down","","",,="3/9","<1","false","Swing"
"SMP","Standard Motor Products, Inc. Common Stock","Discretionary","Auto Parts","38.9","58.65","Sell","Aug 18, 2026","Uptrend","Aug 18, 2026","127097.37","-86.33","0.48","0.36","Moving Down","","",,="4/9","<1","false","Swing"
"SPHR","Sphere Entertainment Co. Class A Common Stock","Communication","Entertainment","164.22","59.74","Sell","Aug 18, 2026","Uptrend","Aug 04, 2026","725031.17","110.12","1.45","-4.3","Moving Down","","",,="4/9","<1","false","Swing"
"STE","STERIS plc (Ireland) Ordinary Shares","Health Care","Medical Devices","232.39","81.74","Sell","Aug 18, 2026","Uptrend","Jul 24, 2026","742554.8","-3.05","0.32","1.15","Moving Down","","",,="5/9","<1","false","Swing"
"STEP","StepStone Group Inc. Class A Common Stock","Financials","Asset Management","48.48","69.49","Sell","Aug 18, 2026","Uptrend","Aug 03, 2026","1301954.97","-11.45","0.27","0.41","Moving Down","","",,="4/9","<1","false","Swing"
"STRA","Strategic Education, Inc. Common Stock","Staples","Education & Training Services","81.96","62.84","Sell","Aug 18, 2026","Uptrend","Aug 13, 2026","304482.6","-93.18","1.36","1.57","Moving Down","","",,="4/9","<1","false","Swing"
"SYK","Stryker Corporation Common Stock","Health Care","Medical Devices","331.37","70.55","Sell","Aug 18, 2026","Uptrend","Jul 24, 2026","2361778.5","-18.1","0.29","-0.09","Moving Down","","",,="5/9","<1","false","Swing"
"TAP","Molson Coors Beverage Company Class B Common Stock","Staples","Beverages - Brewers","41.13","66.83","Sell","Aug 18, 2026","Neutral","Aug 17, 2026","2905156.53","-24.65","2.76","0.96","Moving Down","","",,="2/9","<1","false","Swing"
"TBLD","Thornburg Income Builder Opportunities Trust Common Stock","Financials","Closed-End Fund - Equity","22.02","39.9","Sell","Aug 18, 2026","Neutral","Aug 18, 2026","48109.67","11.47","0.61","-1.23","Moving Down","","",,="2/9","<1","false","Swing"
"TEN","Tsakos Energy Navigation Ltd Common Shares","Energy","Oil & Gas Midstream","42.03","57.97","Buy","Aug 18, 2026","Uptrend","Aug 13, 2026","207501.47","150.97","3.19","-0.31","Moving Up","","",,="7/9","<1","false","Swing"
"THFF","First Financial Corporation Common Stock","Financials","Banks - Regional","81.72","78.55","Sell","Aug 18, 2026","Uptrend","May 18, 2026","97267.73","139.59","3.18","0.13","Moving Down","","",,="4/9","<1","false","Swing"
"TNK","Teekay Tankers Ltd.","Energy","Oil & Gas Midstream","89.1","66.58","Buy","Aug 18, 2026","Uptrend","Jul 21, 2026","339968.5","330.27","2.13","-0.01","Moving Up","","",,="8/9","<1","false","Swing"
"TPG","TPG Inc. Class A Common Stock","Financials","Asset Management","52.02","87.26","Sell","Aug 18, 2026","Uptrend","Jul 30, 2026","2667879.57","0.17","0.03","0.48","Moving Down","","",,="4/9","<1","false","Swing"
"TRGP","Targa Resources, Inc. Common Stock","Energy","Oil & Gas Midstream","297.77","49.52","Buy","Aug 18, 2026","Uptrend","Aug 17, 2026","1141171.27","134.08","0.53","7.13","Moving Up","","Positive",,="8/9","<1","false","Swing"
"TRMD","TORM plc Class A Common Stock","Energy","Oil & Gas Midstream","30.2","45.12","Buy","Aug 18, 2026","Uptrend","Aug 14, 2026","464377.2","238.69","1.15","-1.34","Moving Up","","",,="8/9","<1","false","Swing"
"TTE","TotalEnergies SE Ordinary Shares","Energy","Oil & Gas Integrated","89.29","81.57","Sell","Aug 18, 2026","Uptrend","Jul 22, 2026","1513365.43","28.09","0.97","0.74","Moving Down","","",,="5/9","<1","false","Swing"
"TYG","Tortoise Energy Infrastructure Corporation Common Stock","Financials","Closed-End Fund - Equity","44.5","52.13","Buy","Aug 18, 2026","Uptrend","Aug 17, 2026","135121.07","5.41","7.83","0.43","Moving Up","","",,="5/9","<1","false","Swing"
"U","Unity Software Inc. Common Stock","Technology","Software - Application","46.74","87.23","Sell","Aug 18, 2026","Uptrend","Jun 30, 2026","10635543.43","46.52","4.33","2.84","Moving Down","","",,="3/9","<1","false","Swing"
"UHS","Universal Health Services, Inc. Common Stock","Health Care","Medical Care Facilities","173.09","76.96","Sell","Aug 18, 2026","Uptrend","Jul 24, 2026","895327.2","21.68","2.95","1.5","Moving Down","","",,="4/9","<1","false","Swing"
"USAC","USA Compression Partners, LP Common Units Representing Limited Partner Interests","Energy","Oil & Gas Equipment & Services","26.67","45.04","Buy","Aug 18, 2026","Uptrend","Aug 17, 2026","249805.67","143.96","1.59","-0.89","Moving Up","","",,="7/9","<1","false","Swing"
"USCB","USCB Financial Holdings, Inc. Class A Common Stock","Financials","Banks - Regional","22.67","70.2","Buy","Aug 18, 2026","Uptrend","Jun 09, 2026","53374.9","58.67","1.57","0.76","Moving Up","","",,="6/9","<1","false","Swing"
"UTMD","Utah Medical Products, Inc. Common Stock","Health Care","Medical Instruments & Supplies","72","71.3","Sell","Aug 18, 2026","Uptrend","Jul 29, 2026","29551.07","-60.32","1.28","2.55","Moving Down","","",,="5/9","<1","false","Swing"
"VALU","Value Line, Inc. Common Stock","Financials","Financial Data & Stock Exchanges","35.59","62.46","Sell","Aug 18, 2026","Downtrend","Aug 17, 2026","3188.37","-574.96","0.02","-0.84","Moving Down","","",,="3/9","<1","false","Swing"
"VOYA","Voya Financial, Inc. Common Stock","Financials","Financial Conglomerates","100.16","75.97","Buy","Aug 18, 2026","Uptrend","Apr 10, 2026","994607.47","72.41","2.53","0.02","Moving Up","","",,="6/9","<1","false","Swing"
"VRT","Vertiv Holdings, LLC Class A Common Stock","Industrials","Electrical Equipment & Parts","272.54","40.56","Buy","Aug 18, 2026","Downtrend","Aug 18, 2026","5501321","274.59","1.12","-6.8","Moving Down","","",,="4/9","<1","false","Swing"
"WAB","Westinghouse Air Brake Technologies Corporation Common Stock","Industrials","Railroads","294.72","88.01","Sell","Aug 18, 2026","Uptrend","Jul 22, 2026","1010993","44.36","0.41","-1.97","Moving Down","","",,="4/9","<1","false","Swing"
"WES","Western Midstream Partners, LP Common Units Representing Limited Partner Interests","Energy","Oil & Gas Midstream","49.8","60.14","Buy","Aug 18, 2026","Uptrend","Jul 07, 2026","834679.97","-71.01","0.3","2.49","Moving Up","","",,="8/9","<1","false","Swing"
"WST","West Pharmaceutical Services, Inc. Common Stock","Health Care","Medical Instruments & Supplies","346.59","61.02","Sell","Aug 18, 2026","Uptrend","Aug 07, 2026","701305.5","-72.78","0.23","-0.01","Moving Down","","",,="4/9","<1","false","Swing"
"WY","Weyerhaeuser Company Common Stock","Real Estate","REIT - Specialty","23.61","69.74","Sell","Aug 18, 2026","Downtrend","Aug 18, 2026","5202933.7","-36.38","1.32","-1.95","Moving Down","","",,="3/9","<1","false","Swing"
"ZWS","Zurn Elkay Water Solutions Corporation Common Stock","Industrials","Pollution & Treatment Controls","49.21","60.91","Sell","Aug 18, 2026","Neutral","Aug 18, 2026","936755.17","372.08","1.79","-2.19","Moving Down","","",,="3/9","<1","false","Swing"
"ADPT","Adaptive Biotechnologies Corporation Common Stock","Health Care","Diagnostics & Research","24.56","64.77","Sell","Aug 17, 2026","Uptrend","May 28, 2026","2597135.73","-230.77","0.26","-0.85","Moving Down","","",,="5/9","<1","false","Swing"
"ALLE","Allegion plc Ordinary Shares","Industrials","Security & Protection Services","159.83","93.96","Sell","Aug 17, 2026","Uptrend","Jul 16, 2026","1304078.7","27.36","2.99","-1.4","Moving Down","","",,="4/9","<1","false","Swing"
"APLM","Apollomics Inc. Class A Ordinary Shares","Health Care","Biotechnology","23.92","62.55","Buy","Aug 17, 2026","Uptrend","Aug 14, 2026","36613.83","-80.87","4.08","1.57","Moving Up","","",,="7/9","<1","false","Swing"
"ARTNA","Artesian Resources Corporation Class A Common Stock","Utilities","Utilities - Regulated Water","35.21","70.86","Buy","Aug 17, 2026","Uptrend","Jun 23, 2026","31210.37","-102.72","0.04","0.74","Moving Up","","",,="7/9","<1","false","Swing"
"ASB","Associated Banc-Corp Common Stock","Financials","Banks - Regional","31.67","71.49","Buy","Aug 17, 2026","Uptrend","Jun 09, 2026","1788371.87","21.73","1.09","-1.22","Moving Down","","",,="5/9","<1","false","Swing"
"AWR","American States Water Company Common Stock","Utilities","Utilities - Regulated Water","88.91","80.65","Buy","Aug 17, 2026","Uptrend","Jun 04, 2026","277144.23","-73.18","0.02","1.18","Moving Up","","",,="6/9","<1","false","Swing"
"AZO","AutoZone, Inc. Common Stock","Discretionary","Auto Parts","3073.2","42.33","Sell","Aug 17, 2026","Downtrend","Aug 14, 2026","172178.6","-50.31","0.28","1.79","Moving Up","","",,="4/9","<1","false","Swing"
"BATRA","Atlanta Braves Holdings, Inc. Series A Common Stock","Communication","Entertainment","56.43","49.08","Buy","Aug 17, 2026","Uptrend","Aug 14, 2026","64338.47","102.89","3.51","0.55","Moving Up","","",,="5/9","<1","false","Swing"
"BBIO","BridgeBio Pharma, Inc. Common Stock","Health Care","Biotechnology","82.98","48.89","Sell","Aug 17, 2026","Uptrend","Jun 23, 2026","2960327.4","23.43","1.12","3.87","Moving Down","","",,="5/9","<1","false","Swing"
"BILL","BILL Holdings, Inc. Common Stock","Technology","Software - Application","49.17","70.26","Sell","Aug 17, 2026","Uptrend","Jul 01, 2026","2342152","-11.91","10.6","1.38","Moving Down","","",,="4/9","<1","false","Swing"
"BKU","BankUnited, Inc. Common Stock","Financials","Banks - Regional","47.78","52.05","Buy","Aug 17, 2026","Uptrend","Aug 14, 2026","872172.8","110.54","8.84","-0.17","Moving Up","","",,="5/9","<1","false","Swing"
"BNS","Bank Nova Scotia Halifax Pfd 3 Ordinary Shares","Financials","Banks - Diversified","90.13","72.67","Buy","Aug 17, 2026","Uptrend","Apr 10, 2026","1660517.73","106.15","3.95","-1.34","Moving Up","","",,="6/9","<1","false","Swing"
"BNY","The Bank of New York Mellon Corporation Common Stock","Financials","Banks - Diversified","163.93","83.5","Buy","Aug 17, 2026","Uptrend","Apr 01, 2026","3138888.7","131.69","0.98","-0.21","Moving Up","","",,="6/9","<1","false","Swing"
"BRK/B","Berkshire Hathaway Inc.","Financials","Insurance - Diversified","502.96","69.68","Sell","Aug 17, 2026","Uptrend","Aug 18, 2026","4179341.43","43.62","0.99","0.95","Moving Down","","",,="4/9","<1","false","Swing"
"BUSE","First Busey Corporation Class A Common Stock","Financials","Banks - Regional","30.92","83.64","Sell","Aug 17, 2026","Uptrend","May 20, 2026","819271.3","74.26","5.5","-0.51","Moving Down","","",,="4/9","<1","false","Swing"
"CCL","Carnival Corporation Ltd. Common Shares","Discretionary","Travel Services","27.27","55.02","Sell","Aug 17, 2026","Neutral","Aug 18, 2026","17413413.1","60.39","6.46","-1.66","Moving Down","","",,="3/9","<1","false","Swing"
"CENTA","Central Garden & Pet Company Class A Common Stock Nonvoting","Staples","Packaged Foods","38.48","59","Sell","Aug 17, 2026","Uptrend","Aug 18, 2026","288960.97","-68.02","0.16","2.23","Moving Up","","",,="5/9","<1","false","Swing"
"CM","Canadian Imperial Bank of Commerce Common Stock","Financials","Banks - Diversified","121.64","64.28","Buy","Aug 17, 2026","Uptrend","Jun 12, 2026","801275.23","192.38","1.72","-1.47","Moving Up","","",,="6/9","<1","false","Swing"
"CRWD","CrowdStrike Holdings, Inc. Class A Common Stock","Technology","Software - Infrastructure","212.92","66.43","Sell","Aug 17, 2026","Uptrend","Aug 03, 2026","7587048.1","50.74","0.59","-0.46","Moving Down","","Positive",,="4/9","<1","false","Swing"
"CSCO","Cisco Systems, Inc. Common Stock (DE)","Technology","Communication Equipment","111.61","70.01","Sell","Aug 17, 2026","Downtrend","Aug 17, 2026","22016538.47","78.48","1.57","-1.14","Moving Down","","",,="3/9","<1","false","Swing"
"DBX","Dropbox, Inc. Class A Common Stock","Technology","Software - Infrastructure","33.87","90.2","Sell","Aug 17, 2026","Uptrend","Jul 01, 2026","4150519.73","-100.6","0.05","1.47","Moving Down","","",,="4/9","<1","false","Swing"
"DCI","Donaldson Company, Inc. Common Stock","Industrials","Specialty Industrial Machinery","93.97","74.38","Sell","Aug 17, 2026","Uptrend","Jun 24, 2026","642068.13","16.24","0.59","-0.75","Moving Down","","",,="4/9","<1","false","Swing"
"DSGR","Distribution Solutions Group, Inc. Common Stock","Industrials","Industrial Distribution","34.67","86.54","Sell","Aug 17, 2026","Uptrend","Jul 16, 2026","287789.33","15.59","1.3","-0.57","Moving Down","","",,="4/9","<1","false","Swing"
"ECPG","Encore Capital Group Inc Common Stock","Financials","Credit Services","102.21","73.76","Buy","Aug 17, 2026","Uptrend","Jun 12, 2026","353072.4","138.48","2.17","-1.42","Moving Up","","",,="6/9","<1","false","Swing"
"ESNT","Essent Group Ltd. Common Shares","Financials","Insurance - Specialty","69.58","67.84","Buy","Aug 17, 2026","Uptrend","Jun 24, 2026","542849.73","-24.9","0.19","0.22","Moving Up","","",,="6/9","<1","false","Swing"
"ESQ","Esquire Financial Holdings, Inc. Common Stock","Financials","Banks - Regional","121.67","68.84","Sell","Aug 17, 2026","Neutral","Aug 18, 2026","147787.87","79.81","0.78","-1.95","Moving Down","","",,="3/9","<1","false","Swing"
"EWTX","Edgewise Therapeutics, Inc. Common Stock","Health Care","Biotechnology","44.11","51.2","Sell","Aug 17, 2026","Uptrend","Aug 04, 2026","1165361.03","-149.97","0.22","0.16","Moving Down","","",,="5/9","<1","false","Swing"
"FCFS","FirstCash Holdings, Inc. Common Stock","Financials","Credit Services","212.74","51.37","Buy","Aug 17, 2026","Uptrend","Aug 14, 2026","418543.4","78.91","1.34","-1.62","Moving Up","","",,="6/9","<1","false","Swing"
"FIBK","First Interstate BancSystem, Inc. Common Stock (DE)","Financials","Banks - Regional","38.46","58.97","Buy","Aug 17, 2026","Uptrend","Aug 14, 2026","1180666.43","-25.27","0","-1.11","Moving Up","","",,="5/9","<1","false","Swing"
"FTH","Faeth Therapeutics, Inc. Common Stock","Health Care","Biotechnology","33","51.1","Buy","Aug 17, 2026","Uptrend","Aug 11, 2026","304623.97","-74.84","0.21","0.7","Moving Up","","",,="7/9","<1","false","Swing"
"FTI","TechnipFMC plc Ordinary Share","Energy","Oil & Gas Equipment & Services","78.29","64.72","Buy","Aug 17, 2026","Uptrend","Aug 11, 2026","3292589.53","211.94","1.35","-1.9","Moving Up","","",,="8/9","<1","false","Swing"
"GEF","Greif Inc. Class A Common Stock","Discretionary","Packaging & Containers","86.81","95.97","Sell","Aug 17, 2026","Uptrend","Jun 11, 2026","258465.57","-82.48","0.2","-0.63","Moving Down","","",,="4/9","<1","false","Swing"
"GM","General Motors Company Common Stock","Discretionary","Auto Manufacturers","83.71","77.19","Sell","Aug 17, 2026","Uptrend","Jul 22, 2026","6140835.93","74.51","1.77","-0.78","Moving Down","","",,="4/9","<1","false","Swing"
"HOV","Hovnanian Enterprises, Inc. Class A Common Stock","Discretionary","Residential Construction","124.5","70.13","Sell","Aug 17, 2026","Downtrend","Aug 18, 2026","135123.27","103.66","0.65","-4.74","Moving Down","","",,="3/9","<1","false","Swing"
"HQY","HealthEquity, Inc. Common Stock","Health Care","Health Information Services","102.79","84.82","Sell","Aug 17, 2026","Uptrend","Jun 30, 2026","713281.57","48.58","2.73","0.45","Moving Down","","",,="5/9","<1","false","Swing"
"HRMY","Harmony Biosciences Holdings, Inc. Common Stock","Health Care","Biotechnology","38.83","74.38","Sell","Aug 17, 2026","Uptrend","Jul 21, 2026","838924.87","-8.19","13.8","1.81","Moving Down","","",,="4/9","<1","false","Swing"
"HUM","Humana Inc. Common Stock","Health Care","Healthcare Plans","382","70.69","Buy","Aug 17, 2026","Uptrend","Aug 14, 2026","1366945.73","-76.78","0.02","-0.6","Moving Up","","",,="7/9","<1","false","Swing"
"ICE","Intercontinental Exchange Inc. Common Stock","Financials","Financial Data & Stock Exchanges","156.18","84.14","Sell","Aug 17, 2026","Uptrend","Jul 22, 2026","3909049.6","98.23","3.81","1.21","Moving Down","","",,="3/9","<1","false","Swing"
"IDXX","IDEXX Laboratories, Inc. Common Stock","Health Care","Diagnostics & Research","553.32","58.79","Sell","Aug 17, 2026","Downtrend","Aug 17, 2026","627989.83","77.42","2.2","1.32","Moving Down","","",,="4/9","<1","false","Swing"
"IP","International Paper Company Common Stock","Discretionary","Packaging & Containers","40.05","79.19","Sell","Aug 17, 2026","Uptrend","Jun 11, 2026","5160081.1","-67.54","0","-0.52","Moving Down","","",,="4/9","<1","false","Swing"
"IQV","IQVIA Holdings, Inc. Common Stock","Health Care","Diagnostics & Research","240.03","91.96","Sell","Aug 17, 2026","Uptrend","Jun 25, 2026","1355969.67","4.74","0.25","-0.5","Moving Down","","",,="5/9","<1","false","Swing"
"IRM","Iron Mountain Incorporated (Delaware)Common Stock REIT","Real Estate","REIT - Specialty","126.67","48.53","Buy","Aug 17, 2026","Uptrend","Aug 13, 2026","1889758.63","192.9","1.28","-2.49","Moving Up","","",,="6/9","<1","false","Swing"
"JXN","Jackson Financial Inc. Class A Common Stock ","Financials","Insurance - Life","134.86","84.03","Sell","Aug 17, 2026","Uptrend","Jul 09, 2026","620276.4","45.49","0.68","1.28","Moving Down","","",,="4/9","<1","false","Swing"
"LOGI","Logitech International S.A. Ordinary Shares","Technology","Computer Hardware","98.31","51.44","Sell","Aug 17, 2026","Downtrend","Aug 17, 2026","1117667.97","188.59","4.84","-2.78","Moving Down","","",,="3/9","<1","false","Swing"
"LPX","Louisiana-Pacific Corporation Common Stock","Industrials","Building Products & Equipment","71.23","60.61","Sell","Aug 17, 2026","Downtrend","Aug 17, 2026","1208638.67","84.58","1.66","-1.47","Moving Down","","",,="3/9","<1","false","Swing"
"LRCX","Lam Research Corporation Common Stock","Technology","Semiconductor Equipment & Materials","327.92","54.35","Buy","Aug 17, 2026","Uptrend","Aug 14, 2026","10247769.63","253.87","0.64","-4.63","Moving Up","","Positive",,="6/9","<1","false","Swing"
"LULU","lululemon athletica inc. Common Stock","Discretionary","Apparel Retail","119.01","52.01","Sell","Aug 17, 2026","Neutral","Aug 12, 2026","2501972.3","170.61","15.54","2.83","Moving Down","","",,="3/9","<1","false","Swing"
"MEDP","Medpace Holdings, Inc. Common Stock","Health Care","Diagnostics & Research","590.3","68.85","Sell","Aug 17, 2026","Uptrend","Jun 03, 2026","322417","-187.18","0.21","-1.14","Moving Down","","",,="5/9","<1","false","Swing"
"MLKN","MillerKnoll, Inc. Common Stock","Discretionary","Furnishings Fixtures & Appliances","23.19","95.86","Sell","Aug 17, 2026","Uptrend","Jun 23, 2026","623616.37","101.88","10.73","-0.64","Moving Down","","",,="4/9","<1","false","Swing"
"MOS","Mosaic Company (The) Common Stock","Materials","Agricultural Inputs","21.14","57.32","Sell","Aug 17, 2026","Downtrend","Aug 14, 2026","7354069","28.55","1887.82","-0.42","Moving Down","","",,="3/9","<1","false","Swing"
"MPB","Mid Penn Bancorp Common Stock","Financials","Banks - Regional","38.07","80.75","Sell","Aug 17, 2026","Uptrend","Jun 08, 2026","157563.5","107.64","4.83","-0.3","Moving Down","","",,="4/9","<1","false","Swing"
"MPLX","MPLX LP Common Units Representing Limited Partner Interests","Energy","Oil & Gas Midstream","59.36","80.88","Sell","Aug 17, 2026","Uptrend","Jul 02, 2026","1533148.53","3.57","0.01","0.47","Moving Down","","",,="6/9","<1","false","Swing"
"MRK","Merck & Company, Inc. Common Stock (new)","Health Care","Drug Manufacturers - General","135.17","72.33","Buy","Aug 17, 2026","Uptrend","Jun 23, 2026","8216429.7","-73.82","0.15","-0.59","Moving Up","","Positive",,="7/9","<1","false","Swing"
"MU","Micron Technology, Inc. Common Stock","Technology","Semiconductors","940.76","42.28","Buy","Aug 17, 2026","Uptrend","Aug 14, 2026","41154587.2","1381.55","2.23","-7.02","Moving Up","","Negative","true",="6/9","<1","false","Swing"
"MXF","Mexico Fund, Inc. (The) Common Stock","Financials","Closed-End Fund - Foreign","21.16","34.66","Sell","Aug 17, 2026","Downtrend","Aug 14, 2026","35176.9","28.54","0.72","-1.17","Moving Down","","",,="2/9","<1","false","Swing"
"NET","Cloudflare, Inc. Class A Common Stock","Technology","Software - Infrastructure","301.36","63.48","Sell","Aug 17, 2026","Uptrend","Jun 29, 2026","3616744.17","245.93","2.62","-1.84","Moving Down","","",,="4/9","<1","false","Swing"
"NLY","Annaly Capital Management Inc. Common Stock","Real Estate","REIT - Mortgage","23.4","70.97","Buy","Aug 17, 2026","Uptrend","Jul 24, 2026","6861241.4","-3.82","11.16","0.13","Moving Up","","",,="5/9","<1","false","Swing"
"NMM","Navios Maritime Partners LP Common Units Representing Limited Partner Interests","Industrials","Marine Shipping","82.72","74.85","Buy","Aug 17, 2026","Uptrend","Jul 20, 2026","108230.27","504.88","3.41","-0.06","Moving Up","","",,="6/9","<1","false","Swing"
"NRC","NRC Health Common Stock","Health Care","Health Information Services","22.01","44.83","Buy","Aug 17, 2026","Uptrend","Aug 14, 2026","103283.13","-70.31","3.25","1.1","Moving Up","","",,="7/9","<1","false","Swing"
"OGS","ONE Gas, Inc. Common Stock","Utilities","Utilities - Regulated Gas","81.05","47.69","Buy","Aug 17, 2026","Uptrend","Aug 11, 2026","517390.03","-46.26","0.65","1.34","Moving Up","","",,="7/9","<1","false","Swing"
"OII","Oceaneering International, Inc. Common Stock","Energy","Oil & Gas Equipment & Services","53.1","86.1","Buy","Aug 17, 2026","Uptrend","Jun 29, 2026","1070041.07","232.78","2.28","-1.87","Moving Up","","",,="8/9","<1","false","Swing"
"OMAB","Grupo Aeroportuario del Centro Norte S.A.B. de C.V. ADS","Industrials","Airports & Air Services","100.85","46.25","Sell","Aug 17, 2026","Downtrend","Aug 14, 2026","61737.67","-105.01","0.18","-1.89","Moving Down","","",,="3/9","<1","false","Swing"
"OTIS","Otis Worldwide Corporation Common Stock ","Industrials","Specialty Industrial Machinery","70.35","50.89","Sell","Aug 17, 2026","Downtrend","Aug 17, 2026","3639872.03","-17.4","0.84","-0.3","Moving Down","","",,="3/9","<1","false","Swing"
"PBH","Prestige Consumer Healthcare Inc. Common Stock","Health Care","Drug Manufacturers - Specialty & Generic","50.57","54.94","Sell","Aug 17, 2026","Neutral","Aug 17, 2026","534149.93","67.53","8.77","1.06","Moving Down","","",,="4/9","<1","false","Swing"
"PENG","Penguin Solutions, Inc. Common Stock","Technology","Information Technology Services","58.36","68.2","Buy","Aug 17, 2026","Uptrend","Aug 14, 2026","3610178.97","-205.97","0.15","-7.48","Moving Up","","",,="6/9","<1","false","Swing"
"PEP","PepsiCo, Inc. Common Stock","Staples","Beverages - Non-Alcoholic","140.13","40.56","Buy","Aug 17, 2026","Neutral","Aug 14, 2026","7701383.43","13.64","4.64","1.37","Moving Up","","Positive",,="5/9","<1","false","Swing"
"PFG","Principal Financial Group Inc Common Stock","Financials","Asset Management","113.14","78.33","Sell","Aug 17, 2026","Uptrend","Jul 27, 2026","1425468.7","7.42","0.16","0.15","Moving Down","","",,="4/9","<1","false","Swing"
"PFS","Provident Financial Services, Inc Common Stock","Financials","Banks - Regional","24.46","70.16","Sell","Aug 17, 2026","Uptrend","Jun 05, 2026","963578.67","53.64","5.89","-0.45","Moving Down","","",,="4/9","<1","false","Swing"
"PNFP","Pinnacle Financial Partners, Inc. Common stock","Financials","Banks - Regional","104.53","76.96","Sell","Aug 17, 2026","Uptrend","Jul 23, 2026","1179278.57","54.22","2.44","-2.63","Moving Down","","",,="4/9","<1","false","Swing"
"PPTA","Perpetua Resources Corp. Common Shares","Materials","Other Precious Metals & Mining","23.79","48.19","Sell","Aug 17, 2026","Uptrend","Aug 05, 2026","1157955.97","-33.19","0.3","-2.46","Moving Down","","",,="4/9","<1","false","Swing"
"PSX","Phillips 66 Common Stock","Energy","Oil & Gas Refining & Marketing","243.49","94.49","Buy","Aug 17, 2026","Uptrend","Jul 07, 2026","2612380.97","62.09","1.4","1.22","Moving Up","","",,="8/9","<1","false","Swing"
"RCL","Royal Caribbean Cruises Ltd. Common Stock","Discretionary","Travel Services","300","58.33","Sell","Aug 17, 2026","Neutral","Aug 18, 2026","2085353.97","214.2","4.96","-0.59","Moving Down","","",,="3/9","<1","false","Swing"
"RCMT","RCM Technologies, Inc. Common Stock","Industrials","Conglomerates","41.05","62.52","Buy","Aug 17, 2026","Uptrend","Jun 15, 2026","61025.47","745.45","1.8","1.53","Moving Up","","",,="6/9","<1","false","Swing"
"RELY","Remitly Global, Inc. Common Stock","Technology","Software - Infrastructure","25.44","76.43","Buy","Aug 17, 2026","Uptrend","Jun 24, 2026","2933669.1","12.66","1.72","-3.27","Moving Down","","",,="5/9","<1","false","Swing"
"ROG","Rogers Corporation Common Stock","Technology","Electronic Components","136.75","63.61","Buy","Aug 17, 2026","Uptrend","Aug 13, 2026","242226.47","82.6","46.39","-6.3","Moving Up","","",,="6/9","<1","false","Swing"
"SAFT","Safety Insurance Group, Inc. Common Stock","Financials","Insurance - Property & Casualty","103.28","96.55","Sell","Aug 17, 2026","Uptrend","Jul 24, 2026","297441.07","-59.95","0.12","-0.08","Moving Down","","",,="4/9","<1","false","Swing"
"SFST","Southern First Bancshares, Inc. Common Stock","Financials","Banks - Regional","64.22","64.23","Sell","Aug 17, 2026","Uptrend","Jun 04, 2026","108743.47","66.64","3.75","-0.2","Moving Down","","",,="3/9","<1","false","Swing"
"SII","Sprott Inc. Common Shares","Financials","Asset Management","117.6","35.99","Sell","Aug 17, 2026","Uptrend","Aug 07, 2026","180764.83","336.44","3.11","-3.55","Moving Down","","",,="4/9","<1","false","Swing"
"SJM","The J.M. Smucker Company Common Stock","Staples","Packaged Foods","118.5","71.31","Buy","Aug 17, 2026","Uptrend","Jul 16, 2026","1305494.63","-99.95","0.05","0.57","Moving Down","","",,="5/9","<1","false","Swing"
"SMFG","Sumitomo Mitsui Financial Group Inc Unsponsored American Depositary Shares (Japan)","Financials","Banks - Diversified","25.81","64.95","Buy","Aug 17, 2026","Uptrend","Apr 28, 2026","1667795.1","43.57","0.42","-1.64","Moving Up","","",,="6/9","<1","false","Swing"
"SPFI","South Plains Financial, Inc. Common Stock","Financials","Banks - Regional","45.2","61.35","Buy","Aug 17, 2026","Uptrend","Jul 09, 2026","137445.27","7.16","0.33","-0.33","Moving Up","","",,="6/9","<1","false","Swing"
"SYY","Sysco Corporation Common Stock","Staples","Food Distribution","81.96","79.02","Sell","Aug 17, 2026","Downtrend","Aug 18, 2026","3274949.27","-29.95","0","0.13","Moving Down","","",,="3/9","<1","false","Swing"
"TMO","Thermo Fisher Scientific Inc Common Stock","Health Care","Diagnostics & Research","589.04","80.59","Sell","Aug 17, 2026","Uptrend","Jun 24, 2026","1985803.1","19.74","0.74","0.6","Moving Down","","",,="5/9","<1","false","Swing"
"TXRH","Texas Roadhouse, Inc. Common Stock","Discretionary","Restaurants","203.39","79.75","Sell","Aug 17, 2026","Uptrend","Jun 18, 2026","844570.63","21.79","0.23","-0.49","Moving Down","","",,="3/9","<1","false","Swing"
"ULTA","Ulta Beauty, Inc. Common Stock","Discretionary","Specialty Retail","516.74","69.12","Sell","Aug 17, 2026","Uptrend","Aug 18, 2026","548547.8","151.08","4.18","4.75","Moving Down","","",,="4/9","<1","false","Swing"
"UMBF","UMB Financial Corporation Common Stock","Financials","Banks - Regional","149.98","67.19","Buy","Aug 17, 2026","Uptrend","Apr 08, 2026","597401.3","50.22","1.04","-1.3","Moving Up","","",,="6/9","<1","false","Swing"
"UNB","Union Bankshares, Inc. Common Stock","Financials","Banks - Regional","24.15","48.08","Buy","Aug 17, 2026","Neutral","Aug 18, 2026","7053.83","-47.46","0.48","-1.11","Moving Up","","",,="5/9","<1","false","Swing"
"VIST","Vista Energy S.A.B. de C.V. American Depositary Shares, each representing one series A share, with no par value","Energy","Oil & Gas E&P","69.74","58.88","Buy","Aug 17, 2026","Uptrend","Aug 14, 2026","955343.87","-110.75","0.32","-3.35","Moving Up","","",,="8/9","<1","false","Swing"
"VLO","Valero Energy Corporation Common Stock","Energy","Oil & Gas Refining & Marketing","350.05","83.62","Buy","Aug 17, 2026","Uptrend","Jun 26, 2026","2682629.9","164.54","1.32","0.82","Moving Up","","",,="8/9","<1","false","Swing"
"WGS","GeneDx Holdings Corp. Class A Common Stock","Health Care","Diagnostics & Research","76.34","56.25","Sell","Aug 17, 2026","Uptrend","Jul 30, 2026","765218.13","-352.61","0.14","-1.36","Moving Down","","",,="5/9","<1","false","Swing"
"WMB","Williams Companies, Inc. (The) Common Stock","Energy","Oil & Gas Midstream","75.13","43.78","Buy","Aug 17, 2026","Uptrend","Aug 14, 2026","6299466.73","30.96","0.3","2.29","Moving Up","","",,="7/9","<1","false","Swing"
"WTW","Willis Towers Watson Public Limited Company Ordinary Shares","Financials","Insurance Brokers","327.9","90.55","Sell","Aug 17, 2026","Uptrend","Jul 01, 2026","567281.33","-66.13","0.15","0.56","Moving Down","","",,="4/9","<1","false","Swing"
"XPO","XPO, Inc. Common Stock","Industrials","Trucking","202.72","45.8","Buy","Aug 17, 2026","Neutral","Aug 18, 2026","940647.2","88.18","0.39","-3.92","Moving Up","","",,="5/9","<1","false","Swing"
"ZETA","Zeta Global Holdings Corp. Class A Common Stock","Technology","Software - Infrastructure","28.23","77.19","Sell","Aug 17, 2026","Uptrend","Jul 28, 2026","9000413.47","-24.21","0.32","-2.08","Moving Down","","",,="4/9","<1","false","Swing"
"ADI","Analog Devices, Inc. Common Stock","Technology","Semiconductors","376.63","55.75","Buy","Aug 14, 2026","Neutral","Aug 18, 2026","3604610.37","165.86","2.14","-3.5","Moving Up","","",,="5/9","<1","false","Swing"
"AIZ","Assurant, Inc. Common Stock","Financials","Insurance - Property & Casualty","280.07","76.81","Sell","Aug 14, 2026","Uptrend","Apr 15, 2026","356934.07","7.96","0.18","-0.37","Moving Down","","",,="4/9","<1","false","Swing"
"AKAM","Akamai Technologies, Inc. Common Stock","Technology","Software - Infrastructure","115.2","43.31","Buy","Aug 14, 2026","Neutral","Aug 18, 2026","3610544","-6.76","0.31","-6.32","Moving Up","","",,="5/9","<1","false","Swing"
"ALK","Alaska Air Group, Inc. Common Stock","Industrials","Airlines","42.41","55.63","Sell","Aug 14, 2026","Downtrend","Aug 14, 2026","2836685.33","-18.81","6.37","-3.7","Moving Down","","",,="3/9","<1","false","Swing"
"ALV","Autoliv, Inc. Common Stock","Discretionary","Auto Parts","120.28","72.07","Sell","Aug 14, 2026","Neutral","Aug 17, 2026","683194.47","-3.93","0.32","-0.4","Moving Down","","",,="3/9","<1","false","Swing"
"AMG","Affiliated Managers Group, Inc. Common Stock","Financials","Asset Management","363.57","64.87","Sell","Aug 14, 2026","Uptrend","Apr 30, 2026","253010.37","3.99","0.03","-2.11","Moving Down","","",,="4/9","<1","false","Swing"
"APAM","Artisan Partners Asset Management Inc. Class A Common Stock","Financials","Asset Management","41.67","76.98","Sell","Aug 14, 2026","Uptrend","Jul 10, 2026","914200.03","-33.96","0.18","0.46","Moving Down","","",,="4/9","<1","false","Swing"
"ASX","ASE Technology Holding Co., Ltd. American Depositary Shares (each representing Two Common Shares) ","Technology","Semiconductors","36.41","66.34","Buy","Aug 14, 2026","Neutral","Aug 18, 2026","8859748.73","331.92","1.48","-8.77","Moving Up","","",,="5/9","<1","false","Swing"
"AX","Axos Financial, Inc. Common Stock","Financials","Banks - Regional","97.66","48.05","Sell","Aug 14, 2026","Uptrend","Jun 22, 2026","335030.97","97.32","4.91","-1.67","Moving Down","","",,="4/9","<1","false","Swing"
"BLKB","Blackbaud, Inc. Common Stock","Technology","Software - Application","44.36","92.17","Sell","Aug 14, 2026","Uptrend","Jul 24, 2026","668739.7","-78.44","1.84","2.24","Moving Down","","",,="4/9","<1","false","Swing"
"BNT","Brookfield Wealth Solutions Ltd. Class A Exchangeable Limited Voting Shares","Financials","Insurance - Diversified","42.17","39.66","Sell","Aug 14, 2026","Downtrend","Aug 18, 2026","16993.3","16.27","0.6","-1.61","Moving Down","","",,="3/9","<1","false","Swing"
"BSAC","Banco Santander - Chile ADS","Financials","Banks - Regional","34.44","61.18","Sell","Aug 14, 2026","Uptrend","Jun 26, 2026","277768.6","6.56","0.19","-0.38","Moving Down","","",,="4/9","<1","false","Swing"
"BTT","BlackRock Municipal 2030 Target Term Trust","Financials","Closed-End Fund - Debt","22.59","52.26","Buy","Aug 14, 2026","Neutral","Aug 17, 2026","69032.87","10.3","3.04","0.09","Moving Up","","",,="4/9","<1","false","Swing"
"BWFG","Bankwell Financial Group, Inc. Common Stock","Financials","Banks - Regional","67.43","92.14","Sell","Aug 14, 2026","Uptrend","May 20, 2026","74033.63","127.68","1.89","-0.34","Moving Down","","",,="4/9","<1","false","Swing"
"BWLP","BW LPG Limited Common Shares","Energy","Oil & Gas Midstream","23.07","54.96","Buy","Aug 14, 2026","Uptrend","Jul 13, 2026","320490.7","2042.1","1.97","-0.13","Moving Up","","",,="8/9","<1","false","Swing"
"CBZ","CBIZ, Inc. Common Stock","Industrials","Specialty Business Services","54.73","93.74","Sell","Aug 14, 2026","Uptrend","Jul 01, 2026","1677774.97","-68.24","0.24","0.11","Moving Up","","",,="4/9","<1","false","Swing"
"CEE","The Central and Eastern Europe Fund, Inc. (The) Common Stock","Financials","Closed-End Fund - Foreign","20.78","53.42","Buy","Aug 14, 2026","Neutral","Aug 18, 2026","22994.63","49.24","12.52","-1.42","Moving Down","","",,="4/9","<1","false","Swing"
"CHCO","City Holding Company Common Stock","Financials","Banks - Regional","146.22","81.24","Sell","Aug 14, 2026","Uptrend","May 22, 2026","127792.2","1.6","0.03","0.36","Moving Down","","",,="4/9","<1","false","Swing"
"CIEN","Ciena Corporation Common Stock","Technology","Communication Equipment","405.54","60.46","Buy","Aug 14, 2026","Neutral","Aug 18, 2026","2113800.13","589.06","1.91","-8.9","Moving Up","","",,="5/9","<1","false","Swing"
"CII","BlackRock Enhanced Large Cap Core Fund, Inc. Common Stock","Financials","Closed-End Fund - Equity","24.63","58.95","Buy","Aug 14, 2026","Downtrend","Aug 18, 2026","92479.77","40.51","0.89","-0.2","Moving Up","","",,="5/9","<1","false","Swing"
"COHU","Cohu, Inc. Common Stock","Technology","Semiconductor Equipment & Materials","59.22","57.75","Buy","Aug 14, 2026","Uptrend","Aug 13, 2026","1037053.4","66.74","1.03","-5.43","Moving Up","","",,="6/9","<1","false","Swing"
"COLB","Columbia Banking System, Inc. Common Stock","Financials","Banks - Regional","32.14","55.88","Buy","Aug 14, 2026","Uptrend","Aug 13, 2026","2876769.07","42.46","10.49","-0.62","Moving Up","","",,="5/9","<1","false","Swing"
"CP","Canadian Pacific Kansas City Limited Common Shares","Industrials","Railroads","93.68","70.86","Buy","Aug 14, 2026","Uptrend","Jul 31, 2026","2537674.2","108.46","3.31","-0.26","Moving Up","","",,="6/9","<1","false","Swing"
"CRVL","CorVel Corp. Common Stock","Financials","Insurance Brokers","67.34","51.98","Buy","Aug 14, 2026","Uptrend","Aug 07, 2026","175240.83","47.89","0.97","0.7","Moving Up","","",,="6/9","<1","false","Swing"
"CVE","Cenovus Energy Inc Common Stock","Energy","Oil & Gas Integrated","32.52","85.33","Buy","Aug 14, 2026","Uptrend","Jul 14, 2026","6729736","107.93","1.3","1.21","Moving Up","","",,="8/9","<1","false","Swing"
"CWEN","Clearway Energy, Inc. Class C Common Stock","Utilities","Utilities - Renewable","33.11","55.91","Buy","Aug 14, 2026","Neutral","Aug 13, 2026","1108952.9","110.72","5.8","-3.05","Moving Up","","",,="6/9","<1","false","Swing"
"DAR","Darling Ingredients Inc. Common Stock","Staples","Packaged Foods","68.34","71.82","Buy","Aug 14, 2026","Uptrend","Aug 10, 2026","2088198.77","5.62","0.1","0.99","Moving Up","","",,="5/9","<1","false","Swing"
"DKNG","DraftKings Inc. Class A Common Stock","Discretionary","Gambling","24.04","65.86","Buy","Aug 14, 2026","Neutral","Aug 18, 2026","12709302.13","32.71","10.25","-4.98","Moving Down","","",,="4/9","<1","false","Swing"
"DT","Dynatrace, Inc. Common Stock","Technology","Software - Application","49.26","78.29","Sell","Aug 14, 2026","Uptrend","Jul 30, 2026","5673005.47","21.29","23.67","3.47","Moving Down","","",,="3/9","<1","false","Swing"
"EDU","New Oriental Education & Technology Group, Inc. Sponsored ADR representing 10 Ordinary Share (Cayman Islands)","Staples","Education & Training Services","54.52","70.11","Sell","Aug 14, 2026","Uptrend","Jul 23, 2026","816048.83","-57.5","2.83","2.48","Moving Down","","",,="4/9","<1","false","Swing"
"ELVN","Enliven Therapeutics, Inc. Common Stock","Health Care","Biotechnology","60.07","60.67","Sell","Aug 14, 2026","Uptrend","Jun 15, 2026","924208.33","26.93","0.5","0.9","Moving Down","","",,="5/9","<1","false","Swing"
"EML","Eastern Company (The) Common Stock","Industrials","Tools & Accessories","24.6","57.52","Buy","Aug 14, 2026","Uptrend","Aug 12, 2026","14024.03","-14.33","1.63","-2.03","Moving Down","","",,="5/9","<1","false","Swing"
"EMO","ClearBridge Energy Midstream Opportunity Fund Inc. Common Stock","Financials","Closed-End Fund - Equity","54.42","59.59","Buy","Aug 14, 2026","Uptrend","Aug 11, 2026","36722.23","48.74","1.15","1","Moving Up","","",,="5/9","<1","false","Swing"
"EOG","EOG Resources, Inc. Common Stock","Energy","Oil & Gas E&P","148.7","62.88","Buy","Aug 14, 2026","Uptrend","Aug 10, 2026","2892938.1","40.59","1.24","1.74","Moving Up","","",,="8/9","<1","false","Swing"
"ESLT","Elbit Systems Ltd. Ordinary Shares","Industrials","Aerospace & Defense","795.71","66.53","Sell","Aug 14, 2026","Downtrend","Aug 17, 2026","80237.67","255.78","1.6","1.64","Moving Down","","",,="3/9","<1","false","Swing"
"EXP","Eagle Materials Inc Common Stock","Materials","Building Materials","200.46","44.74","Sell","Aug 14, 2026","Downtrend","Aug 13, 2026","463944.43","-168.13","0.16","-2.46","Moving Down","","",,="3/9","<1","false","Swing"
"FBNC","First Bancorp Common Stock","Financials","Banks - Regional","66.09","68.74","Buy","Aug 14, 2026","Uptrend","Jun 04, 2026","233039.2","178.46","6.48","-0.05","Moving Up","","",,="6/9","<1","false","Swing"
"FSV","FirstService Corporation Common Shares","Real Estate","Real Estate Services","141.57","58.92","Sell","Aug 14, 2026","Downtrend","Aug 13, 2026","187485.17","13.12","0.4","1.22","Moving Up","","",,="4/9","<1","false","Swing"
"GOOG","Alphabet Inc. Class C Capital Stock","Communication","Internet Content & Information","341.28","44.83","Sell","Aug 14, 2026","Downtrend","Aug 13, 2026","18902465.7","259.73","1.71","-0.05","Moving Down","","",,="3/9","<1","false","Swing"
"GOOGL","Alphabet Inc. Class A Common Stock","Communication","Internet Content & Information","344.2","61.53","Sell","Aug 14, 2026","Downtrend","Aug 13, 2026","28230101.33","166.86","1.06","0.06","Moving Down","","","true",="3/9","<1","false","Swing"
"GRC","Gorman-Rupp Company (The) Common Stock","Industrials","Specialty Industrial Machinery","78.75","42.61","Sell","Aug 14, 2026","Downtrend","Aug 17, 2026","188013.77","52.45","1.01","-2.36","Moving Down","","",,="3/9","<1","false","Swing"
"GTES","Gates Industrial Corporation plc Ordinary Shares","Industrials","Specialty Industrial Machinery","27.13","48.22","Sell","Aug 14, 2026","Neutral","Aug 18, 2026","1851800.2","-41.45","0.18","-3.59","Moving Down","","",,="3/9","<1","false","Swing"
"HOG","Harley-Davidson, Inc. Common Stock","Discretionary","Recreational Vehicles","27.23","79.68","Buy","Aug 14, 2026","Uptrend","Aug 05, 2026","2464701.3","42.74","9.06","0.74","Moving Up","","",,="6/9","<1","false","Swing"
"IDYA","IDEAYA Biosciences, Inc. Common Stock","Health Care","Biotechnology","37.93","65.39","Sell","Aug 14, 2026","Uptrend","Jun 15, 2026","741276.03","108.58","2.2","3.8","Moving Down","","",,="5/9","<1","false","Swing"
"INTA","Intapp, Inc. Common Stock","Technology","Software - Application","39.74","89.27","Sell","Aug 14, 2026","Uptrend","Jun 26, 2026","754941.33","30.93","23.8","3.25","Moving Down","","",,="4/9","<1","false","Swing"
"JAKK","JAKKS Pacific, Inc. Common Stock","Discretionary","Leisure","25.29","64.99","Sell","Aug 14, 2026","Uptrend","Jul 10, 2026","116396.47","93.8","1.76","-0.71","Moving Down","","",,="4/9","<1","false","Swing"
"KBH","KB Home Common Stock","Discretionary","Residential Construction","53.97","64.3","Sell","Aug 14, 2026","Downtrend","Aug 17, 2026","975323.33","-88.75","0.17","-2.65","Moving Down","","",,="3/9","<1","false","Swing"
"LAD","Lithia Motors, Inc. Common Stock","Discretionary","Auto & Truck Dealerships","356.55","75.96","Sell","Aug 14, 2026","Uptrend","Jul 02, 2026","326648.63","142.47","2.86","-3.51","Moving Down","","",,="4/9","<1","false","Swing"
"MBWM","Mercantile Bank Corporation Common Stock","Financials","Banks - Regional","60.87","82.17","Sell","Aug 14, 2026","Uptrend","Jun 04, 2026","128990.8","69.86","1.65","-0.44","Moving Down","","",,="4/9","<1","false","Swing"
"MCFT","MasterCraft Boat Holdings, Inc. Common Stock","Discretionary","Recreational Vehicles","25.14","45.47","Buy","Aug 14, 2026","Uptrend","Aug 11, 2026","149664.97","11.18","0.62","0.12","Moving Up","","",,="6/9","<1","false","Swing"
"MGY","Magnolia Oil & Gas Corporation Class A Common Stock","Energy","Oil & Gas E&P","26.9","52.85","Buy","Aug 14, 2026","Uptrend","Aug 14, 2026","5749608.07","-51.91","0.01","0.41","Moving Up","","",,="7/9","<1","false","Swing"
"MKC","McCormick & Company, Incorporated Common Stock","Staples","Packaged Foods","55.28","69.43","Buy","Aug 14, 2026","Uptrend","Jul 28, 2026","3039035.33","13.9","4.34","2.48","Moving Up","","",,="6/9","<1","false","Swing"
"MPC","Marathon Petroleum Corporation Common Stock","Energy","Oil & Gas Refining & Marketing","366.21","89.09","Buy","Aug 14, 2026","Uptrend","Jul 01, 2026","2214409","1041.22","1.19","2.24","Moving Up","","",,="8/9","<1","false","Swing"
"MRNA","Moderna, Inc. Common Stock","Health Care","Biotechnology","62.96","55.73","Buy","Aug 14, 2026","Uptrend","Aug 13, 2026","5422530.43","89.65","13.06","-2.33","Moving Down","","",,="6/9","<1","false","Swing"
"MRVL","Marvell Technology, Inc. Common Stock","Technology","Semiconductors","216","62.58","Buy","Aug 14, 2026","Uptrend","Aug 13, 2026","22200275.6","283.69","1.13","-7.82","Moving Up","","Negative",,="6/9","<1","false","Swing"
"MSGS","Madison Square Garden Sports Corp. Class A Common Stock (New)","Communication","Entertainment","401.24","62.7","Buy","Aug 14, 2026","Uptrend","Nov 26, 2025","198052.43","12.72","0.24","-2.6","Moving Up","","",,="6/9","<1","false","Swing"
"MTD","Mettler-Toledo International, Inc. Common Stock","Health Care","Diagnostics & Research","1399.67","81.92","Sell","Aug 14, 2026","Uptrend","Jun 24, 2026","153896.03","88.69","3.57","-1.25","Moving Down","","",,="4/9","<1","false","Swing"
"MYE","Myers Industries, Inc. Common Stock","Discretionary","Packaging & Containers","32.15","84.63","Sell","Aug 14, 2026","Uptrend","May 20, 2026","402412.97","159.27","3.07","-2.69","Moving Down","","",,="4/9","<1","false","Swing"
"NVST","Envista Holdings Corporation Common Stock","Health Care","Medical Instruments & Supplies","27.82","54.19","Sell","Aug 14, 2026","Uptrend","Jun 15, 2026","3044668.97","-31.51","3.42","0.65","Moving Down","","",,="4/9","<1","false","Swing"
"OFLX","Omega Flex, Inc. Common Stock","Industrials","Specialty Industrial Machinery","28.25","50.38","Sell","Aug 14, 2026","Downtrend","Aug 13, 2026","47830.17","-36.48","7.06","-0.7","Moving Down","","",,="3/9","<1","false","Swing"
"OKE","ONEOK, Inc. Common Stock","Energy","Oil & Gas Midstream","97.07","60.14","Buy","Aug 14, 2026","Uptrend","Aug 12, 2026","3642003.13","-22.2","0.28","1.84","Moving Up","","",,="8/9","<1","false","Swing"
"OVLY","Oak Valley Bancorp (CA) Common Stock","Financials","Banks - Regional","34.49","47.58","Buy","Aug 14, 2026","Uptrend","Aug 13, 2026","27673.07","68.06","2.16","0.94","Moving Up","","",,="6/9","<1","false","Swing"
"PAYX","Paychex, Inc. Common Stock","Technology","Software - Application","119.93","94.41","Sell","Aug 14, 2026","Uptrend","Jun 25, 2026","2902574.3","-36.29","0.23","1.17","Moving Down","","",,="4/9","<1","false","Swing"
"PCAR","PACCAR Inc. Common Stock","Industrials","Farm & Heavy Construction Machinery","128.02","78.99","Sell","Aug 14, 2026","Uptrend","Jun 24, 2026","3385889","99.71","1.46","-2.16","Moving Down","","",,="4/9","<1","false","Swing"
"PDD","PDD Holdings Inc. American Depositary Shares","Discretionary","Internet Retail","87.27","54.66","Sell","Aug 14, 2026","Uptrend","Aug 18, 2026","6071407.83","-16.63","0.06","0.38","Moving Down","","",,="4/9","<1","false","Swing"
"PDS","Precision Drilling Corporation Common Stock","Energy","Oil & Gas Drilling","88.32","52.13","Buy","Aug 14, 2026","Uptrend","Aug 13, 2026","110423.53","62.64","0.82","-0.33","Moving Up","","",,="8/9","<1","false","Swing"
"PEBK","Peoples Bancorp of North Carolina, Inc. Common Stock","Financials","Banks - Regional","45.25","54.5","Buy","Aug 14, 2026","Uptrend","Jul 24, 2026","39342.23","113.56","4.63","1.46","Moving Up","","",,="6/9","<1","false","Swing"
"QSR","Restaurant Brands International Inc. Common Shares","Discretionary","Restaurants","76.56","63.78","Buy","Aug 14, 2026","Uptrend","Aug 13, 2026","2263868.17","-42.57","0.12","-0.78","Moving Up","","",,="6/9","<1","false","Swing"
"RELX","RELX PLC PLC American Depositary Shares (Each representing One Ordinary Share)","Industrials","Specialty Business Services","34.51","74.35","Sell","Aug 14, 2026","Neutral","Aug 17, 2026","2728011.6","-8.64","0.33","2.83","Moving Down","","",,="3/9","<1","false","Swing"
"RKLB","Rocket Lab Corporation Common Stock","Industrials","Aerospace & Defense","79.16","22.94","Sell","Aug 14, 2026","Neutral","Aug 11, 2026","18764437.17","2249.27","4.5","-3.56","Moving Down","","",,="3/9","<1","false","Swing"
"RLAY","Relay Therapeutics, Inc. Common Stock","Health Care","Biotechnology","20.61","54.75","Sell","Aug 14, 2026","Uptrend","May 26, 2026","2260417.93","6.22","5.27","-0.29","Moving Down","","",,="5/9","<1","false","Swing"
"RNG","RingCentral, Inc. Class A Common Stock","Technology","Software - Application","65.19","94.59","Sell","Aug 14, 2026","Uptrend","Jul 24, 2026","2198789.33","-46.89","5.8","1.75","Moving Down","","",,="3/9","<1","false","Swing"
"ROST","Ross Stores, Inc. Common Stock","Discretionary","Apparel Retail","236.38","84.87","Sell","Aug 14, 2026","Neutral","Aug 17, 2026","2171925.67","35.99","0.91","0.47","Moving Down","","",,="3/9","<1","false","Swing"
"SBAC","SBA Communications Corporation Class A Common Stock","Real Estate","REIT - Specialty","181.4","61.31","Buy","Aug 14, 2026","Neutral","Aug 13, 2026","1033774.4","-31.49","2.5","-0.39","Moving Up","","",,="4/9","<1","false","Swing"
"SBUX","Starbucks Corporation Common Stock","Discretionary","Restaurants","106.01","67.83","Buy","Aug 14, 2026","Uptrend","Jun 23, 2026","6988893.53","-87.78","0.06","-1.77","Moving Down","","",,="5/9","<1","false","Swing"
"SLVM","Sylvamo Corporation Common Stock","Materials","Paper & Paper Products","36.92","54.18","Sell","Aug 14, 2026","Downtrend","Aug 17, 2026","292916.5","-38.59","2.66","1.35","Moving Down","","",,="3/9","<1","false","Swing"
"SNA","Snap-On Incorporated Common Stock","Industrials","Tools & Accessories","395.71","72.1","Sell","Aug 14, 2026","Downtrend","Aug 17, 2026","341255.17","43.99","0.71","-1.37","Moving Down","","",,="3/9","<1","false","Swing"
"SNPS","Synopsys, Inc. Common Stock","Technology","Software - Infrastructure","404.41","50.03","Buy","Aug 14, 2026","Neutral","Aug 13, 2026","1744314.73","189.35","2.88","-2.13","Moving Up","","",,="5/9","<1","false","Swing"
"STX","Seagate Technology Holdings PLC Ordinary Shares (Ireland)","Technology","Computer Hardware","903.68","68.81","Buy","Aug 14, 2026","Uptrend","Aug 13, 2026","5259024","475.11","0.86","-9.16","Moving Up","","",,="6/9","<1","false","Swing"
"STZ","Constellation Brands, Inc. Common Stock","Staples","Beverages - Brewers","131","55.93","Buy","Aug 14, 2026","Neutral","Aug 17, 2026","1809668.03","-60.94","1.32","0.34","Moving Up","","",,="5/9","<1","false","Swing"
"TPR","Tapestry, Inc. Common Stock","Discretionary","Luxury Goods","132.26","57.09","Sell","Aug 14, 2026","Downtrend","Aug 14, 2026","2597071.33","375.34","2.37","2.51","Moving Down","","",,="3/9","<1","false","Swing"
"UFCS","United Fire Group, Inc. Common Stock","Financials","Insurance - Property & Casualty","53.64","71.84","Sell","Aug 14, 2026","Uptrend","Jun 09, 2026","151013.23","-49.32","0.18","0.45","Moving Down","","",,="4/9","<1","false","Swing"
"UVE","UNIVERSAL INSURANCE HOLDINGS INC Common Stock","Financials","Insurance - Property & Casualty","42.91","63.66","Sell","Aug 14, 2026","Uptrend","Jul 27, 2026","212560.93","-16.43","0.31","0.52","Moving Down","","",,="4/9","<1","false","Swing"
"VC","Visteon Corporation Common Stock","Discretionary","Auto Parts","105.56","70.67","Buy","Aug 14, 2026","Neutral","Aug 18, 2026","444906.13","-135.41","0.03","-2.08","Moving Down","","",,="4/9","<1","false","Swing"
"VIAV","Viavi Solutions Inc. Common Stock","Technology","Communication Equipment","41.37","67.36","Buy","Aug 14, 2026","Neutral","Aug 18, 2026","4962363.7","241.5","2.8","-10.57","Moving Up","","",,="5/9","<1","false","Swing"
"VRNS","Varonis Systems, Inc. Common Stock","Technology","Software - Infrastructure","43.72","60.43","Buy","Aug 14, 2026","Uptrend","Aug 13, 2026","1784639.53","29.69","2.94","1.27","Moving Up","","",,="6/9","<1","false","Swing"
"VRSN","VeriSign, Inc. Common Stock","Technology","Software - Infrastructure","276.74","83.31","Sell","Aug 14, 2026","Neutral","Aug 17, 2026","809173.2","14.88","1.08","1.46","Moving Down","","",,="3/9","<1","false","Swing"
"VSXY","Victorias Secret & Co. Common Stock ","Discretionary","Apparel Retail","83.93","56.55","Sell","Aug 14, 2026","Uptrend","May 26, 2026","1606360","245.41","1.69","-0.2","Moving Down","","",,="4/9","<1","false","Swing"
"VTVT","vTv Therapeutics Inc. Class A Common Stock","Health Care","Biotechnology","31.48","46.53","Sell","Aug 14, 2026","Downtrend","Aug 13, 2026","96464.2","-138.6","2.2","0.54","Moving Down","","",,="4/9","<1","false","Swing"
"WMS","Advanced Drainage Systems, Inc. Common Stock","Industrials","Building Products & Equipment","144.1","55.52","Buy","Aug 14, 2026","Neutral","Aug 18, 2026","694594.73","-178.26","0.19","-2.62","Moving Up","","",,="5/9","<1","false","Swing"
"YUMC","Yum China Holdings, Inc. Common Stock","Discretionary","Restaurants","46.86","64.53","Sell","Aug 14, 2026","Uptrend","Jul 27, 2026","1567253.6","0.86","3.76","-0.59","Moving Down","","",,="3/9","<1","false","Swing"
"ZYME","Zymeworks Inc. Common Stock","Health Care","Biotechnology","26.07","69.68","Buy","Aug 14, 2026","Uptrend","Aug 12, 2026","469859.77","-21.41","0.29","3","Moving Up","","",,="7/9","<1","false","Swing"
"ACM","AECOM Common Stock","Industrials","Engineering & Construction","61.72","37.28","Sell","Aug 13, 2026","Downtrend","Aug 12, 2026","1857225.17","-25.67","0.2","-0.8","Moving Down","","",,="3/9","<1","false","Swing"
"ACV","Virtus Diversified Income & Convertible Fund Common Shares of Beneficial Interest","Financials","Closed-End Fund - Equity","26.95","60.81","Buy","Aug 13, 2026","Neutral","Aug 18, 2026","30991.6","-13.58","0.35","-1.79","Moving Up","","",,="5/9","<1","false","Swing"
"ADP","Automatic Data Processing, Inc. Common Stock","Technology","Software - Application","269.31","94.45","Sell","Aug 13, 2026","Uptrend","Jun 30, 2026","2314141.5","141.99","6.85","1.22","Moving Down","","",,="4/9","<1","false","Swing"
"AER","AerCap Holdings N.V. Ordinary Shares","Industrials","Rental & Leasing Services","149.62","54.08","Sell","Aug 13, 2026","Uptrend","Jul 02, 2026","978827.47","-26.07","0.32","-0.55","Moving Down","","",,="4/9","<1","false","Swing"
"AIO","Virtus Artificial Intelligence & Technology Opportunities Fund Common Shares of Beneficial Interest","Financials","Closed-End Fund - Equity","26.47","71.23","Buy","Aug 13, 2026","Uptrend","Aug 12, 2026","72472","13.94","0.76","-1.78","Moving Down","","",,="5/9","<1","false","Swing"
"ALCO","Alico, Inc. Common Stock","Staples","Farm Products","39.44","32.68","Buy","Aug 13, 2026","Neutral","Aug 17, 2026","19764.27","-29.2","0.17","0.95","Moving Up","","",,="5/9","<1","false","Swing"
"AMR","Alpha Metallurgical Resources, Inc. Common Stock","Materials","Coking Coal","169.44","59.69","Buy","Aug 13, 2026","Uptrend","Aug 14, 2026","293453.8","130.77","0.62","0.25","Moving Up","","",,="6/9","<1","false","Swing"
"ARMK","Aramark Common Stock","Industrials","Specialty Business Services","60.5","85.19","Buy","Aug 13, 2026","Uptrend","Aug 11, 2026","2689061.47","25.21","1.82","-2.1","Moving Up","","",,="6/9","<1","false","Swing"
"ASML","ASML Holding N.V. New York Registry Shares","Technology","Semiconductor Equipment & Materials","1802.98","68.17","Buy","Aug 13, 2026","Uptrend","Aug 12, 2026","1711441.77","165.91","0.93","-4.26","Moving Up","","",,="6/9","<1","false","Swing"
"BABA","Alibaba Group Holding Limited American Depositary Shares each representing eight Ordinary share","Discretionary","Internet Retail","128.15","53.04","Sell","Aug 13, 2026","Uptrend","Jul 30, 2026","11094907.73","9.53","4.96","2.76","Moving Down","","",,="3/9","<1","false","Swing"
"BANR","Banner Corporation Common Stock","Financials","Banks - Regional","72.73","70.12","Buy","Aug 13, 2026","Uptrend","Jun 09, 2026","418734.03","-6.91","0.35","-1.25","Moving Up","","",,="6/9","<1","false","Swing"
"BATRK","Atlanta Braves Holdings, Inc. Series C Common Stock","Communication","Entertainment","52.31","56.19","Buy","Aug 13, 2026","Uptrend","Aug 12, 2026","509417.43","44.83","1.73","-0.78","Moving Up","","",,="6/9","<1","false","Swing"
"BELFA","Bel Fuse Inc. Class A Common Stock","Technology","Electronic Components","230.82","40.65","Buy","Aug 13, 2026","Neutral","Aug 18, 2026","172897.67","194.11","0.34","-6.93","Moving Up","","",,="5/9","<1","false","Swing"
"BTU","Peabody Energy Corporation Common Stock ","Energy","Thermal Coal","25.18","46.85","Buy","Aug 13, 2026","Uptrend","Aug 14, 2026","2337357.67","-156.02","0.14","-2.82","Moving Up","","",,="8/9","<1","false","Swing"
"BUD","Anheuser-Busch Inbev SA Sponsored ADR (Belgium)","Staples","Beverages - Brewers","77.43","62.44","Sell","Aug 13, 2026","Downtrend","Aug 12, 2026","1684665.77","48.4","27.59","0.3","Moving Down","","",,="3/9","<1","false","Swing"
"CAPL","CrossAmerica Partners LP Common Units representing limited partner interests","Energy","Oil & Gas Refining & Marketing","24.03","65.2","Buy","Aug 13, 2026","Uptrend","Aug 12, 2026","46098.77","-142.22","0.18","-0.17","Moving Up","","",,="8/9","<1","false","Swing"
"CBAN","Colony Bankcorp, Inc. Common Stock","Financials","Banks - Regional","22.01","73.5","Sell","Aug 13, 2026","Uptrend","Jul 16, 2026","223594.3","101.24","4.35","-0.36","Moving Down","","",,="4/9","<1","false","Swing"
"CBRE","CBRE Group Inc Common Stock Class A","Real Estate","Real Estate Services","147.3","67.51","Sell","Aug 13, 2026","Uptrend","Jul 24, 2026","1593374.4","53.65","1.17","-0.45","Moving Down","","",,="4/9","<1","false","Swing"
"CFG","Citizens Financial Group, Inc. Common Stock","Financials","Banks - Regional","73.46","65.07","Buy","Aug 13, 2026","Uptrend","Jun 05, 2026","3884318.9","127.86","4.23","-1.14","Moving Up","","",,="6/9","<1","false","Swing"
"CHE","Chemed Corp","Health Care","Medical Care Facilities","529.23","82.9","Sell","Aug 13, 2026","Uptrend","Jun 16, 2026","164083.77","-12.62","0.23","0.81","Moving Down","","",,="5/9","<1","false","Swing"
"CHMG","Chemung Financial Corp Common Stock","Financials","Banks - Regional","83.66","84.41","Sell","Aug 13, 2026","Uptrend","Apr 08, 2026","67671.87","47.17","0.88","1.05","Moving Down","","",,="4/9","<1","false","Swing"
"CHWY","Chewy, Inc. Class A Common Stock","Discretionary","Internet Retail","23.04","52.23","Sell","Aug 13, 2026","Uptrend","Jul 27, 2026","7038699.17","-43.27","7.46","4.11","Moving Down","","",,="4/9","<1","false","Swing"
"CNM","Core & Main, Inc. Class A Common Stock","Industrials","Industrial Distribution","45.45","50.79","Sell","Aug 13, 2026","Neutral","Aug 12, 2026","1838888.47","-55.96","0.14","0.24","Moving Down","","",,="3/9","<1","false","Swing"
"CNXC","Concentrix Corporation Common Stock","Technology","Information Technology Services","23.67","50.2","Sell","Aug 13, 2026","Downtrend","Aug 17, 2026","1294139.4","-53.25","6.54","1.46","Moving Down","","",,="3/9","<1","false","Swing"
"CRNX","Crinetics Pharmaceuticals, Inc. Common Stock","Health Care","Biotechnology","84.72","69.83","Sell","Aug 13, 2026","Uptrend","Jun 26, 2026","3827193.13","313.13","2.9","-0.04","Moving Down","","",,="5/9","<1","false","Swing"
"CVLT","Commvault Systems, Inc. Common Stock","Technology","Software - Application","142.81","65.33","Buy","Aug 13, 2026","Uptrend","Aug 12, 2026","658352.07","-30.28","0.3","-1.05","Moving Up","","",,="6/9","<1","false","Swing"
"CZR","Caesars Entertainment, Inc. Common Stock","Discretionary","Resorts & Casinos","29.63","71.57","Sell","Aug 13, 2026","Neutral","Aug 13, 2026","3956316.8","-41.62","4.42","-0.1","Moving Down","","",,="2/9","<1","false","Swing"
"DAC","Danaos Corporation Common Stock","Industrials","Marine Shipping","145.3","84.04","Sell","Aug 13, 2026","Uptrend","Jul 20, 2026","118296.57","1809.51","3.14","-0.67","Moving Up","","",,="5/9","<1","false","Swing"
"DASH","DoorDash, Inc. Class A Common Stock","Discretionary","Internet Retail","216.35","76.8","Sell","Aug 13, 2026","Uptrend","Jul 28, 2026","3977488.8","187.28","3.95","1.71","Moving Down","","",,="4/9","<1","false","Swing"
"DOO","BRP Inc. Common Subordinate Voting Shares","Discretionary","Recreational Vehicles","68.58","53.91","Sell","Aug 13, 2026","Uptrend","Jul 22, 2026","201664.67","17.39","10.25","7.5","Moving Up","","",,="5/9","<1","false","Swing"
"DPZ","Domino's Pizza Inc Common Stock","Discretionary","Restaurants","336.25","67.59","Sell","Aug 13, 2026","Uptrend","Jul 16, 2026","897283.7","73.83","14.3","0.25","Moving Down","","",,="4/9","<1","false","Swing"
"ELV","Elevance Health, Inc. Common Stock","Health Care","Healthcare Plans","398.27","64.63","Buy","Aug 13, 2026","Uptrend","Aug 12, 2026","1275795.57","2.63","0.21","2.06","Moving Up","","",,="7/9","<1","false","Swing"
"EMF","Templeton Emerging Markets Fund Common Stock","Financials","Closed-End Fund - Foreign","21.72","45.74","Buy","Aug 13, 2026","Neutral","Aug 18, 2026","35093.07","70.58","1.9","-3.55","Moving Up","","",,="5/9","<1","false","Swing"
"ENSG","The Ensign Group, Inc. Common Stock","Health Care","Medical Care Facilities","182.49","59.39","Sell","Aug 13, 2026","Uptrend","Jul 24, 2026","409054.3","365.32","3.41","0.53","Moving Down","","",,="5/9","<1","false","Swing"
"EQNR","Equinor ASA","Energy","Oil & Gas Integrated","41.84","67.95","Buy","Aug 13, 2026","Uptrend","Jul 14, 2026","3563791","21.89","0.62","0.05","Moving Up","","",,="7/9","<1","false","Swing"
"ETD","Ethan Allen Interiors Inc. Common Stock","Discretionary","Furnishings Fixtures & Appliances","22.37","72.41","Sell","Aug 13, 2026","Downtrend","Aug 18, 2026","456363.5","-58.92","0.21","-1.76","Moving Down","","",,="3/9","<1","false","Swing"
"EXPD","Expeditors International of Washington, Inc. Common Stock","Industrials","Integrated Freight & Logistics","185.95","83.85","Buy","Aug 13, 2026","Uptrend","May 05, 2026","1227115.07","-23.59","0.31","-1.23","Moving Up","","",,="6/9","<1","false","Swing"
"FA","First Advantage Corporation Common Stock","Industrials","Specialty Business Services","20.95","75.16","Sell","Aug 13, 2026","Uptrend","Apr 13, 2026","2434546.2","-13.55","0.26","3.2","Moving Down","","",,="4/9","<1","false","Swing"
"FISI","Financial Institutions, Inc. Common Stock","Financials","Banks - Regional","41.57","71.39","Sell","Aug 13, 2026","Uptrend","Apr 02, 2026","145453.73","22.68","0.82","0.02","Moving Down","","",,="4/9","<1","false","Swing"
"FUTU","Futu Holdings Limited American Depositary Shares","Financials","Capital Markets","108.58","42.91","Sell","Aug 13, 2026","Uptrend","Aug 17, 2026","1143605.8","286.51","13.48","-0.84","Moving Up","","",,="5/9","<1","false","Swing"
"FWONA","Liberty Media Corporation Series A Liberty Formula One Common Stock","Communication","Entertainment","93.215","67.25","Buy","Aug 13, 2026","Uptrend","Jun 16, 2026","158843.03","-28.16","0.29","-0.26","Moving Up","","",,="6/9","<1","false","Swing"
"GABC","German American Bancorp, Inc. Common Stock","Financials","Banks - Regional","50.94","85.85","Sell","Aug 13, 2026","Uptrend","Jun 04, 2026","156892.07","75.06","3","0","Moving Down","","",,="4/9","<1","false","Swing"
"GILD","Gilead Sciences, Inc. Common Stock","Health Care","Drug Manufacturers - General","143.44","55.76","Buy","Aug 13, 2026","Uptrend","Aug 07, 2026","6366194.87","64.18","1.29","3.25","Moving Up","","Positive",,="7/9","<1","false","Swing"
"GMAB","Genmab A/S ADS","Health Care","Biotechnology","32.96","83.96","Buy","Aug 13, 2026","Uptrend","Jun 30, 2026","2408686.77","74.49","4.77","0.37","Moving Up","","",,="7/9","<1","false","Swing"
"GPN","Global Payments Inc. Common Stock","Technology","Software - Infrastructure","90.37","92.72","Sell","Aug 13, 2026","Uptrend","Jun 29, 2026","3123786.33","-49.13","3.3","-0.01","Moving Up","","",,="5/9","<1","false","Swing"
"GSHD","Goosehead Insurance, Inc. Class A Common Stock","Financials","Insurance Brokers","64.78","91.19","Sell","Aug 13, 2026","Uptrend","Jun 24, 2026","555553.07","-29.76","2.33","0.59","Moving Down","","",,="4/9","<1","false","Swing"
"HBCP","Home Bancorp, Inc. Common Stock","Financials","Banks - Regional","71.45","69.93","Sell","Aug 13, 2026","Uptrend","May 20, 2026","103299.4","30.29","0.76","-0.56","Moving Down","","",,="4/9","<1","false","Swing"
"HON","Honeywell International Inc. Common Stock","Industrials","Conglomerates","227.71","72.48","Sell","Aug 13, 2026","Downtrend","Aug 17, 2026","3211936.27","-46.43","0.15","-0.76","Moving Down","","",,="3/9","<1","false","Swing"
"HSIC","Henry Schein, Inc. Common Stock","Health Care","Medical Distribution","89.23","75.24","Buy","Aug 13, 2026","Uptrend","May 27, 2026","1303322.9","-35.91","0.15","-0.32","Moving Down","","",,="6/9","<1","false","Swing"
"HTB","HomeTrust Bancshares, Inc. Common Stock","Financials","Banks - Regional","47.56","54.17","Sell","Aug 13, 2026","Downtrend","Aug 17, 2026","159032.37","68.88","2.26","-0.5","Moving Down","","",,="3/9","<1","false","Swing"
"HWM","Howmet Aerospace Inc. Common Stock","Industrials","Aerospace & Defense","292.65","61.47","Sell","Aug 13, 2026","Uptrend","Jun 12, 2026","1954987.8","358.36","0.93","1.22","Moving Up","","",,="5/9","<1","false","Swing"
"IBEX","IBEX Limited Common Shares","Technology","Information Technology Services","35.44","47.07","Sell","Aug 13, 2026","Uptrend","Jul 02, 2026","99567.07","95.75","3.92","1.87","Moving Down","","",,="4/9","<1","false","Swing"
"IMVT","Immunovant, Inc. Common Stock","Health Care","Biotechnology","44.3","65.82","Buy","Aug 13, 2026","Uptrend","May 20, 2026","1007033.9","-150.39","0.14","1.35","Moving Up","","",,="6/9","<1","false","Swing"
"IOT","Samsara Inc. Class A Common Stock","Technology","Software - Infrastructure","39.58","77.86","Sell","Aug 13, 2026","Uptrend","Jul 27, 2026","5191036.53","20.83","59.84","1.49","Moving Down","","",,="4/9","<1","false","Swing"
"IR","Ingersoll Rand Inc. Common Stock","Industrials","Specialty Industrial Machinery","80.77","70.42","Sell","Aug 13, 2026","Downtrend","Aug 18, 2026","4162069","37.3","1.8","-1.87","Moving Down","","",,="3/9","<1","false","Swing"
"JMSB","John Marshall Bancorp, Inc. Common Stock","Financials","Banks - Regional","22.96","74.09","Sell","Aug 13, 2026","Uptrend","Jun 04, 2026","32608.23","-12.53","0.25","-0.56","Moving Down","","",,="4/9","<1","false","Swing"
"KYMR","Kymera Therapeutics, Inc. Common Stock","Health Care","Biotechnology","121.38","64.21","Buy","Aug 13, 2026","Uptrend","Aug 12, 2026","637755.2","250.47","2.76","-0.02","Moving Up","","",,="7/9","<1","false","Swing"
"LNC","Lincoln National Corporation Common Stock","Financials","Insurance - Life","45.08","81.77","Sell","Aug 13, 2026","Uptrend","Jul 01, 2026","2038961.97","-28.34","2.08","0.92","Moving Down","","",,="4/9","<1","false","Swing"
"LNG","Cheniere Energy, Inc. Common Stock","Energy","Oil & Gas Midstream","273.78","58.54","Buy","Aug 13, 2026","Uptrend","Jul 01, 2026","1684673.07","-109.54","0.33","2.57","Moving Up","","",,="7/9","<1","false","Swing"
"LOPE","Grand Canyon Education, Inc. Common Stock","Staples","Education & Training Services","146.74","37.43","Sell","Aug 13, 2026","Downtrend","Aug 12, 2026","339564.57","28.96","1.91","3.45","Moving Down","","",,="2/9","<1","false","Swing"
"MBIN","Merchants Bancorp Common Stock","Financials","Banks - Regional","54.4","59.7","Sell","Aug 13, 2026","Uptrend","Jul 29, 2026","156126.73","74.75","3.24","-0.26","Moving Down","","",,="4/9","<1","false","Swing"
"MS","Morgan Stanley Common Stock","Financials","Capital Markets","217.55","57.87","Buy","Aug 13, 2026","Uptrend","Aug 12, 2026","5303501.3","187.04","1.46","-0.3","Moving Up","","",,="5/9","<1","false","Swing"
"MTDR","Matador Resources Company Common Stock","Energy","Oil & Gas E&P","57.24","59.32","Buy","Aug 13, 2026","Uptrend","Aug 14, 2026","2054217.83","282.65","2.15","2.32","Moving Up","","",,="8/9","<1","false","Swing"
"MTSI","MACOM Technology Solutions Holdings, Inc. Common Stock","Technology","Semiconductors","292.875","66.84","Buy","Aug 13, 2026","Neutral","Aug 18, 2026","1461816.57","452.25","1.15","-10.58","Moving Up","","",,="5/9","<1","false","Swing"
"MTX","Minerals Technologies Inc. Common Stock","Materials","Specialty Chemicals","71.72","48.47","Sell","Aug 13, 2026","Downtrend","Aug 12, 2026","232751.97","-24.58","0.19","-0.9","Moving Down","","",,="3/9","<1","false","Swing"
"NTES","NetEase, Inc. American Depositary Shares","Communication","Electronic Gaming & Multimedia","124.75","52.74","Sell","Aug 13, 2026","Downtrend","Aug 13, 2026","879187.83","-66.83","0.21","0.28","Moving Down","","",,="3/9","<1","false","Swing"
"NTRS","Northern Trust Corporation Common Stock","Financials","Asset Management","190.58","70.11","Buy","Aug 13, 2026","Uptrend","Apr 06, 2026","1065925.27","23.29","0.69","-0.46","Moving Up","","",,="6/9","<1","false","Swing"
"NVS","Novartis AG Common Stock","Health Care","Drug Manufacturers - General","154.55","44.67","Sell","Aug 13, 2026","Neutral","Aug 18, 2026","1643827.67","-0.45","0.34","1.7","Moving Down","","",,="4/9","<1","false","Swing"
"NXST","Nexstar Media Group, Inc. Common Stock","Communication","Broadcasting","182.57","73.17","Sell","Aug 13, 2026","Neutral","Aug 17, 2026","324837","97.55","4.1","-1.21","Moving Down","","",,="3/9","<1","false","Swing"
"OTEX","Open Text Corporation Common Shares","Technology","Software - Application","24.17","80.82","Sell","Aug 13, 2026","Uptrend","Jul 27, 2026","1609948.83","0.14","3.05","1","Moving Down","","",,="4/9","<1","false","Swing"
"PCTY","Paylocity Holding Corporation Common Stock","Technology","Software - Application","147.32","91.58","Sell","Aug 13, 2026","Uptrend","Jul 02, 2026","746158.67","87.12","17.8","1.27","Moving Down","","",,="3/9","<1","false","Swing"
"PGY","Pagaya Technologies Ltd. Class A Ordinary Shares","Technology","Software - Infrastructure","20.32","56.15","Sell","Aug 13, 2026","Uptrend","Jul 30, 2026","2913320.2","134.74","7.72","-2.91","Moving Up","","",,="5/9","<1","false","Swing"
"PPG","PPG Industries, Inc. Common Stock","Materials","Specialty Chemicals","112.81","69.34","Sell","Aug 13, 2026","Downtrend","Aug 12, 2026","1754853.93","-41.06","0.82","-0.56","Moving Down","","",,="3/9","<1","false","Swing"
"PVH","PVH Corp. Common Stock","Discretionary","Apparel Manufacturing","78.73","75.61","Sell","Aug 13, 2026","Downtrend","Aug 17, 2026","877859.77","11.17","4.31","0.7","Moving Down","","",,="3/9","<1","false","Swing"
"QTWO","Q2 Holdings, Inc. Common Stock","Technology","Software - Application","62.84","77.38","Sell","Aug 13, 2026","Uptrend","Jun 30, 2026","891326.3","15.32","5.61","-2.44","Moving Down","","",,="4/9","<1","false","Swing"
"RBCAA","Republic Bancorp, Inc. Class A Common Stock","Financials","Banks - Regional","96.08","79.43","Sell","Aug 13, 2026","Uptrend","Mar 31, 2026","107782.37","170.95","3.19","-0.7","Moving Down","","",,="4/9","<1","false","Swing"
"SFBC","Sound Financial Bancorp, Inc. Common Stock","Financials","Banks - Regional","47.01","69.82","Sell","Aug 13, 2026","Uptrend","Jul 22, 2026","16680.2","50.95","3.6","1.53","Moving Down","","",,="4/9","<1","false","Swing"
"SIG","Signet Jewelers Limited Common Shares","Discretionary","Luxury Goods","84.76","55.03","Sell","Aug 13, 2026","Downtrend","Aug 17, 2026","628168","144.52","1.09","-1.57","Moving Down","","",,="3/9","<1","false","Swing"
"SKYW","SkyWest, Inc. Common Stock","Industrials","Airlines","103.11","67.33","Sell","Aug 13, 2026","Uptrend","Jun 11, 2026","414399.33","110.21","5.31","-2.36","Moving Down","","",,="4/9","<1","false","Swing"
"SMTC","Semtech Corporation Common Stock","Technology","Semiconductors","135.23","58.24","Buy","Aug 13, 2026","Uptrend","Aug 12, 2026","2318215.8","229.72","4.67","-12.31","Moving Up","","",,="6/9","<1","false","Swing"
"SNOW","Snowflake Inc. Common Stock","Technology","Software - Application","325.33","67.67","Sell","Aug 13, 2026","Uptrend","May 15, 2026","4610917.47","116.96","5.87","-1.45","Moving Down","","Positive",,="4/9","<1","false","Swing"
"ST","Sensata Technologies Holding plc Ordinary Shares","Technology","Scientific & Technical Instruments","43.11","73.71","Sell","Aug 13, 2026","Downtrend","Aug 13, 2026","1596588.37","-41.3","1.66","-6.12","Moving Down","","",,="3/9","<1","false","Swing"
"SUPN","Supernus Pharmaceuticals, Inc. Common Stock","Health Care","Drug Manufacturers - Specialty & Generic","49.03","42.12","Buy","Aug 13, 2026","Uptrend","Aug 12, 2026","922936.63","16.17","0.47","1.57","Moving Up","","",,="7/9","<1","false","Swing"
"THG","Hanover Insurance Group Inc","Financials","Insurance - Property & Casualty","222.17","86.84","Sell","Aug 13, 2026","Uptrend","Jun 05, 2026","319380.97","-24.46","0.27","0.03","Moving Down","","",,="4/9","<1","false","Swing"
"THRM","Gentherm Inc Common Stock","Discretionary","Auto Parts","42.14","83.79","Sell","Aug 13, 2026","Uptrend","Jul 10, 2026","478251.73","-12.96","1.84","-2.77","Moving Down","","",,="4/9","<1","false","Swing"
"TJX","TJX Companies, Inc. (The) Common Stock","Discretionary","Apparel Retail","150.85","46.01","Sell","Aug 13, 2026","Downtrend","Aug 13, 2026","4856667.07","30.89","0.5","0","Moving Down","","",,="3/9","<1","false","Swing"
"TSM","Taiwan Semiconductor Manufacturing Company Ltd.","Technology","Semiconductors","413.41","46.69","Buy","Aug 13, 2026","Neutral","Aug 18, 2026","13242260.17","136.35","0.6","-4.07","Moving Up","","",,="5/9","<1","false","Swing"
"UBSI","United Bankshares, Inc. Common Stock","Financials","Banks - Regional","48.77","75.14","Sell","Aug 13, 2026","Uptrend","Jun 04, 2026","924442.37","84.39","6.42","-0.43","Moving Down","","",,="4/9","<1","false","Swing"
"UL","Unilever PLC American Depositary Shares (each representing One Ordinary Share)","Staples","Household & Personal Products","62.03","59.04","Sell","Aug 13, 2026","Neutral","Aug 18, 2026","4472487.37","42.06","6.86","1.31","Moving Down","","",,="3/9","<1","false","Swing"
"VNT","Vontier Corporation Common Stock ","Technology","Scientific & Technical Instruments","32.04","56.58","Sell","Aug 13, 2026","Uptrend","Jul 24, 2026","1556952.77","34.85","1.43","-0.9","Moving Down","","",,="4/9","<1","false","Swing"
"WMT","Walmart Inc. Common Stock","Staples","Discount Stores","115.2","38.1","Buy","Aug 13, 2026","Uptrend","Aug 18, 2026","20453332.57","93.07","1.06","0.76","Moving Up","","Positive","true",="6/9","<1","false","Swing"
"YARW","Yarrow Bioscience Inc","Health Care","Biotechnology","41.52","84.07","Sell","Aug 13, 2026","Uptrend","Jul 13, 2026","38467.3","-29.74","4.58","0.29","Moving Down","","",,="5/9","<1","false","Swing"
"ZG","Zillow Group, Inc. Class A Common Stock","Communication","Internet Content & Information","35.28","58.33","Sell","Aug 13, 2026","Uptrend","Aug 18, 2026","1285155.73","-48.47","1.64","2.8","Moving Down","","",,="3/9","<1","false","Swing"
"AA","Alcoa Corporation Common Stock ","Materials","Aluminum","50.02","57.46","Buy","Aug 12, 2026","Neutral","Aug 12, 2026","5368280.83","-103.85","0.07","-3.27","Moving Down","","",,="4/9","<1","false","Swing"
"AAP","Advance Auto Parts Inc.","Discretionary","Auto Parts","56.96","57.01","Sell","Aug 12, 2026","Neutral","Aug 13, 2026","1556448.87","-6.08","33.33","0.42","Moving Up","","",,="4/9","<1","false","Swing"
"ACNB","ACNB Corporation Common Stock","Financials","Banks - Regional","64.19","72.84","Sell","Aug 12, 2026","Uptrend","Apr 27, 2026","63799.6","6.49","0.13","-0.28","Moving Down","","",,="4/9","<1","false","Swing"
"ACT","Enact Holdings, Inc. Common Stock","Financials","Insurance - Specialty","50.04","93.39","Buy","Aug 12, 2026","Uptrend","Jun 16, 2026","368332.47","-1.51","0.39","0.52","Moving Up","","",,="6/9","<1","false","Swing"
"ALB","Albemarle Corporation Common Stock","Materials","Specialty Chemicals","132.71","58.33","Buy","Aug 12, 2026","Neutral","Aug 17, 2026","2162580.9","142.84","5.01","-0.96","Moving Up","","",,="5/9","<1","false","Swing"
"ALKT","Alkami Technology, Inc. Common Stock","Technology","Software - Application","20.14","83.09","Sell","Aug 12, 2026","Uptrend","Jul 27, 2026","1247732.7","-3.44","0.22","-0.35","Moving Down","","",,="4/9","<1","false","Swing"
"ALL","Allstate Corporation (The) Common Stock","Financials","Insurance - Property & Casualty","261.15","81.62","Sell","Aug 12, 2026","Uptrend","Jun 09, 2026","1646693.73","21.01","0.39","1.18","Moving Down","","",,="4/9","<1","false","Swing"
"ALRM","Alarm.com Holdings, Inc. Common Stock","Technology","Software - Application","55.57","70","Sell","Aug 12, 2026","Uptrend","Jun 29, 2026","412162.97","127.63","14.58","1.04","Moving Down","","",,="4/9","<1","false","Swing"
"AMCR","Amcor plc Ordinary Shares","Discretionary","Packaging & Containers","45.86","64.82","Sell","Aug 12, 2026","Uptrend","Jun 11, 2026","3690524.57","-47.89","0.84","0.72","Moving Down","","",,="4/9","<1","false","Swing"
"ATLC","Atlanticus Holdings Corporation Common Stock","Financials","Credit Services","97.58","51.78","Sell","Aug 12, 2026","Neutral","Aug 10, 2026","169007.2","609.4","1.63","-2.56","Moving Down","","",,="3/9","<1","false","Swing"
"BEP","Brookfield Renewable Partners L.P. Limited Partnership Units","Utilities","Utilities - Renewable","32.8","66.32","Buy","Aug 12, 2026","Neutral","Aug 18, 2026","1031323.97","47.25","3.17","-4.76","Moving Up","","",,="6/9","<1","false","Swing"
"BME","Blackrock Health Sciences Trust","Financials","Closed-End Fund - Equity","44.86","75.46","Buy","Aug 12, 2026","Uptrend","Jun 22, 2026","43017.3","10.1","0.54","1.04","Moving Up","","",,="6/9","<1","false","Swing"
"BRC","Brady Corporation Common Stock","Industrials","Security & Protection Services","94.16","67.91","Sell","Aug 12, 2026","Uptrend","Jun 17, 2026","165936.37","-27.26","0.25","-0.11","Moving Down","","",,="4/9","<1","false","Swing"
"BSY","Bentley Systems, Incorporated Class B Common Stock","Technology","Software - Application","34.64","61.95","Sell","Aug 12, 2026","Uptrend","Jul 27, 2026","2631330.13","-38.87","1.19","-0.29","Moving Down","","",,="4/9","<1","false","Swing"
"BURL","Burlington Stores, Inc. Common Stock","Discretionary","Apparel Retail","336.95","65.66","Sell","Aug 12, 2026","Downtrend","Aug 18, 2026","685612.97","101.12","6.6","0.03","Moving Down","","",,="3/9","<1","false","Swing"
"C","Citigroup, Inc. Common Stock","Financials","Banks - Diversified","137.65","56.78","Buy","Aug 12, 2026","Uptrend","Aug 11, 2026","10644785","111.4","4.12","-0.62","Moving Up","","",,="6/9","<1","false","Swing"
"CDW","CDW Corporation Common Stock","Technology","Information Technology Services","134.97","67.72","Sell","Aug 12, 2026","Downtrend","Aug 17, 2026","1842039.6","-87.59","0.17","-0.24","Moving Down","","",,="3/9","<1","false","Swing"
"CFBK","CF Bankshares Inc. Common Stock","Financials","Banks - Regional","35.7","83.65","Sell","Aug 12, 2026","Uptrend","May 28, 2026","62748.43","152.92","2.67","-0.61","Moving Down","","",,="4/9","<1","false","Swing"
"CGEM","Cullinan Therapeutics, Inc. Common Stock","Health Care","Biotechnology","20.84","59.17","Buy","Aug 12, 2026","Uptrend","Aug 06, 2026","616791.97","-2.32","0.23","1.21","Moving Up","","",,="7/9","<1","false","Swing"
"CHRD","Chord Energy Corporation Common Stock","Energy","Oil & Gas E&P","143.94","75.1","Buy","Aug 12, 2026","Uptrend","Aug 06, 2026","783273.07","-19.86","1.25","0.74","Moving Up","","",,="8/9","<1","false","Swing"
"CIB","Grupo Cibest S.A. American Depositary Shares each representing four Preferred Shares","Financials","Banks - Regional","97.65","87.45","Buy","Aug 12, 2026","Uptrend","Jun 01, 2026","286866.07","113.23","2.1","1.15","Moving Up","","",,="6/9","<1","false","Swing"
"CNS","Cohen & Steers Inc Common Stock","Financials","Asset Management","82.8","83.15","Sell","Aug 12, 2026","Uptrend","Apr 13, 2026","248943.6","154.14","12.88","-0.65","Moving Down","","",,="4/9","<1","false","Swing"
"CNXN","PC Connection, Inc. Common Stock","Technology","Electronics & Computer Distribution","78.86","77.03","Sell","Aug 12, 2026","Neutral","Aug 18, 2026","154433.8","-25.43","0.27","0.39","Moving Down","","",,="3/9","<1","false","Swing"
"COGT","Cogent Biosciences, Inc. Common Stock","Health Care","Biotechnology","37.4","32.54","Sell","Aug 12, 2026","Downtrend","Aug 14, 2026","1986887.67","202.51","2.12","-1.24","Moving Down","","",,="4/9","<1","false","Swing"
"CPS","Cooper-Standard Holdings Inc. Common Stock","Discretionary","Auto Parts","27.88","49.93","Sell","Aug 12, 2026","Downtrend","Aug 12, 2026","185608.57","-126.37","0.51","0.9","Moving Down","","",,="3/9","<1","false","Swing"
"CRC","California Resources Corporation Common Stock","Energy","Oil & Gas E&P","53.14","51.59","Buy","Aug 12, 2026","Neutral","Aug 11, 2026","783590.37","-89.74","0.05","-0.73","Moving Down","","",,="5/9","<1","false","Swing"
"CTAS","Cintas Corporation Common Stock","Industrials","Specialty Business Services","199.45","78.28","Sell","Aug 12, 2026","Uptrend","Jul 02, 2026","2330190.6","35.53","0.39","0.82","Moving Down","","",,="3/9","<1","false","Swing"
"CXT","Crane NXT, Co. Common Stock","Industrials","Specialty Industrial Machinery","47.9","76.44","Sell","Aug 12, 2026","Downtrend","Aug 18, 2026","583687.77","-51.93","0.22","-4.83","Moving Down","","",,="3/9","<1","false","Swing"
"DCBO","Docebo Inc. Common Shares","Technology","Software - Application","22.69","97.77","Buy","Aug 12, 2026","Uptrend","Jul 16, 2026","96304.1","19.32","5.62","0.62","Moving Down","","",,="5/9","<1","false","Swing"
"DG","Dollar General Corporation Common Stock","Staples","Discount Stores","120.84","62.61","Sell","Aug 12, 2026","Neutral","Aug 18, 2026","2166175.93","28.4","7.52","0.63","Moving Down","","",,="3/9","<1","false","Swing"
"DOW","Dow Inc. Common Stock ","Materials","Chemicals","31.19","63.02","Buy","Aug 12, 2026","Uptrend","Aug 17, 2026","9465683.5","-12.28","10.29","-0.48","Moving Up","","",,="6/9","<1","false","Swing"
"EPAM","EPAM Systems, Inc. Common Stock","Technology","Information Technology Services","100.25","74.84","Sell","Aug 12, 2026","Uptrend","Aug 07, 2026","1556893.47","99.66","8.96","1.54","Moving Down","","",,="4/9","<1","false","Swing"
"ESAB","ESAB Corporation Common Stock","Industrials","Metal Fabrication","78.97","26.79","Sell","Aug 12, 2026","Downtrend","Aug 11, 2026","669745.2","-53.06","1.14","-3.85","Moving Down","","",,="3/9","<1","false","Swing"
"EXR","Extra Space Storage Inc Common Stock","Real Estate","REIT - Industrial","146.92","64.26","Sell","Aug 12, 2026","Neutral","Aug 18, 2026","1125391.07","21.85","1.37","0.02","Moving Down","","",,="3/9","<1","false","Swing"
"FCCO","First Community Corporation Common Stock","Financials","Banks - Regional","34.45","69.56","Sell","Aug 12, 2026","Uptrend","Jun 04, 2026","46913.47","3.6","0.11","-0.72","Moving Down","","",,="4/9","<1","false","Swing"
"FCF","First Commonwealth Financial Corporation Common Stock","Financials","Banks - Regional","21.32","76.09","Sell","Aug 12, 2026","Uptrend","May 21, 2026","812688.73","92.91","3.33","-0.88","Moving Down","","",,="4/9","<1","false","Swing"
"FORM","FormFactor, Inc. FormFactor, Inc. Common Stock","Technology","Semiconductor Equipment & Materials","124.34","81.07","Buy","Aug 12, 2026","Uptrend","Aug 11, 2026","1316929.2","111.42","1.17","-10","Moving Up","","",,="6/9","<1","false","Swing"
"GCO","Genesco Inc. Common Stock","Discretionary","Apparel Retail","34.82","51.47","Sell","Aug 12, 2026","Downtrend","Aug 13, 2026","175600.17","-57.52","1.21","0.52","Moving Down","","",,="3/9","<1","false","Swing"
"GDS","GDS Holdings Limited ADS","Technology","Information Technology Services","33.65","47.74","Buy","Aug 12, 2026","Uptrend","Aug 13, 2026","1802226.3","-75.22","1.8","-4.89","Moving Up","","",,="6/9","<1","false","Swing"
"GFL","GFL Environmental Inc. Subordinate voting shares, no par value","Industrials","Waste Management","40.49","75.17","Sell","Aug 12, 2026","Uptrend","Jul 01, 2026","2260491.3","-87.05","0.12","-2.53","Moving Down","","",,="3/9","<1","false","Swing"
"GHC","Graham Holdings Company Common Stock","Industrials","Conglomerates","1173.27","64.48","Sell","Aug 12, 2026","Neutral","Aug 18, 2026","22696.3","24.78","0.68","0.68","Moving Down","","",,="3/9","<1","false","Swing"
"GIS","General Mills, Inc. Common Stock","Staples","Packaged Foods","38.08","79.86","Buy","Aug 12, 2026","Uptrend","Aug 07, 2026","8946565.43","-53.48","1.27","0.26","Moving Up","","",,="6/9","<1","false","Swing"
"GLBE","Global-E Online Ltd. Ordinary Shares","Discretionary","Internet Retail","41.31","74.22","Sell","Aug 12, 2026","Uptrend","Jul 24, 2026","1497962.8","-95.15","0.04","0.32","Moving Down","","",,="4/9","<1","false","Swing"
"GSBC","Great Southern Bancorp, Inc. Common Stock","Financials","Banks - Regional","79.92","73.12","Sell","Aug 12, 2026","Uptrend","Mar 30, 2026","111008.9","-1.24","0.33","-0.58","Moving Down","","",,="4/9","<1","false","Swing"
"GSK","GSK plc American Depositary Shares (Each representing two Ordinary Shares)","Health Care","Drug Manufacturers - General","51.15","37.07","Sell","Aug 12, 2026","Downtrend","Aug 11, 2026","4113237.23","31.7","9.2","1.73","Moving Down","","",,="4/9","<1","false","Swing"
"HCI","HCI Group, Inc. Common Stock","Financials","Insurance - Property & Casualty","185.03","55.59","Buy","Aug 12, 2026","Uptrend","Jun 10, 2026","162061.67","-38.72","0.32","1.3","Moving Up","","",,="6/9","<1","false","Swing"
"HQL","abrdn Life Sciences Investors Shares of Beneficial Interest","Financials","Closed-End Fund - Equity","21.72","69.16","Buy","Aug 12, 2026","Uptrend","Aug 05, 2026","158292.13","52.16","1.23","1.64","Moving Up","","",,="6/9","<1","false","Swing"
"IONQ","IonQ, Inc. Common Stock","Technology","Computer Hardware","44.12","36.43","Buy","Aug 12, 2026","Uptrend","Aug 12, 2026","20138780.67","224.87","3.17","-5.81","Moving Down","","",,="5/9","<1","false","Swing"
"ISRG","Intuitive Surgical, Inc. Common Stock","Health Care","Medical Instruments & Supplies","391.18","58.69","Buy","Aug 12, 2026","Neutral","Aug 17, 2026","3649612.57","68.18","2.3","0.22","Moving Up","","",,="6/9","<1","false","Swing"
"KFY","Korn Ferry Common Stock","Industrials","Staffing & Employment Services","83.87","92.6","Sell","Aug 12, 2026","Uptrend","Jul 07, 2026","368400.23","12.2","0.28","0.99","Moving Down","","",,="4/9","<1","false","Swing"
"KNTK","Kinetik Holdings Inc. Class A Common Stock","Energy","Oil & Gas Midstream","54.54","72.6","Buy","Aug 12, 2026","Uptrend","Aug 06, 2026","963870.9","30.44","0.69","2.94","Moving Up","","",,="8/9","<1","false","Swing"
"M","Macy's Inc Common Stock","Discretionary","Department Stores","23.23","65.48","Sell","Aug 12, 2026","Downtrend","Aug 14, 2026","4629626.87","-150.74","0.08","0.04","Moving Down","","",,="3/9","<1","false","Swing"
"MA","Mastercard Incorporated Common Stock","Financials","Credit Services","574.31","86.1","Sell","Aug 12, 2026","Uptrend","Jun 26, 2026","2862631.1","3.55","0.11","2.14","Moving Down","","",,="3/9","<1","false","Swing"
"MCBS","MetroCity Bankshares, Inc. Common Stock","Financials","Banks - Regional","36.01","69.35","Buy","Aug 12, 2026","Uptrend","Mar 31, 2026","77806.87","20.73","1.11","-0.41","Moving Down","","",,="5/9","<1","false","Swing"
"MHO","M/I Homes, Inc. Common Stock","Discretionary","Residential Construction","148.54","61.38","Buy","Aug 12, 2026","Uptrend","Aug 07, 2026","214108.5","-130.14","0.23","-1.76","Moving Up","","",,="6/9","<1","false","Swing"
"MNPR","Monopar Therapeutics Inc. Common Stock","Health Care","Biotechnology","119.05","40.48","Sell","Aug 12, 2026","Uptrend","Jun 16, 2026","277883.83","533.17","3.36","2.2","Moving Down","","",,="5/9","<1","false","Swing"
"NBN","Northeast Bank Common Stock","Financials","Banks - Regional","135.02","51.91","Buy","Aug 12, 2026","Uptrend","Aug 05, 2026","117132.73","294.4","1.42","0.75","Moving Down","","",,="4/9","<1","false","Swing"
"NCNO","nCino, Inc. Common Stock","Technology","Software - Application","20.2","79.41","Sell","Aug 12, 2026","Uptrend","Jul 27, 2026","2142159.1","-18.1","5.55","-0.15","Moving Up","","",,="5/9","<1","false","Swing"
"NFG","National Fuel Gas Company Common Stock","Energy","Oil & Gas Integrated","83.37","55.8","Buy","Aug 12, 2026","Uptrend","Aug 10, 2026","661213.47","19.32","0.51","1.89","Moving Up","","",,="7/9","<1","false","Swing"
"NPO","Enpro Inc. Common Stock","Industrials","Specialty Industrial Machinery","329.43","44.77","Buy","Aug 12, 2026","Neutral","Aug 18, 2026","218198.63","205.66","1.25","-4.88","Moving Up","","",,="5/9","<1","false","Swing"
"NWS","News Corporation Class B Common Stock","Communication","Entertainment","33.49","65.97","Sell","Aug 12, 2026","Uptrend","Jul 27, 2026","1113941.13","80.39","1.73","2.48","Moving Down","","",,="4/9","<1","false","Swing"
"OMC","Omnicom Group Inc. Common Stock","Communication","Advertising Agencies","86.31","75.65","Buy","Aug 12, 2026","Uptrend","Jul 02, 2026","2924550.3","-83.22","0.04","0.99","Moving Up","","",,="6/9","<1","false","Swing"
"ONON","On Holding AG Class A Ordinary Shares","Discretionary","Footwear & Accessories","31.03","23.71","Sell","Aug 12, 2026","Downtrend","Aug 11, 2026","6707795.07","-27.55","0.04","-0.89","Moving Down","","",,="3/9","<1","false","Swing"
"ONTO","Onto Innovation Inc. Common Stock","Technology","Semiconductor Equipment & Materials","315.42","68.23","Buy","Aug 12, 2026","Uptrend","Aug 11, 2026","1201983.7","-69.45","0.33","-10.18","Moving Up","","Positive",,="6/9","<1","false","Swing"
"ORA","Ormat Technologies, Inc. Common Stock","Utilities","Utilities - Renewable","109.68","62","Buy","Aug 12, 2026","Neutral","Aug 18, 2026","832288.5","152.11","9.34","-3.71","Moving Up","","",,="6/9","<1","false","Swing"
"OVBC","Ohio Valley Banc Corp. Common Stock","Financials","Banks - Regional","45.24","31.8","Buy","Aug 12, 2026","Uptrend","Aug 11, 2026","44634.07","28.41","2.03","-0.37","Moving Up","","",,="6/9","<1","false","Swing"
"PCOR","Procore Technologies, Inc. Common Stock","Technology","Software - Application","59.89","75.18","Sell","Aug 12, 2026","Uptrend","Jul 27, 2026","3364578.23","-65.61","0.47","2.59","Moving Down","","",,="4/9","<1","false","Swing"
"PHG","Koninklijke Philips N.V. NY Registry Shares","Health Care","Medical Devices","27.1","55.07","Buy","Aug 12, 2026","Uptrend","Aug 11, 2026","1194583.37","-22.46","5.79","1.04","Moving Up","","",,="7/9","<1","false","Swing"
"PLUS","ePlus inc. Common Stock","Technology","Software - Application","86.14","72.31","Sell","Aug 12, 2026","Downtrend","Aug 17, 2026","246467.23","72.41","1.96","-0.74","Moving Down","","",,="3/9","<1","false","Swing"
"PRDO","Perdoceo Education Corporation Common Stock","Staples","Education & Training Services","32.66","49.56","Sell","Aug 12, 2026","Downtrend","Aug 10, 2026","772800","72.22","2.71","1.94","Moving Up","","",,="4/9","<1","false","Swing"
"RH","RH Common Stock","Discretionary","Specialty Retail","171.05","69.22","Sell","Aug 12, 2026","Uptrend","Jun 24, 2026","697954.4","-49","1.28","-2.76","Moving Down","","",,="4/9","<1","false","Swing"
"RYN","Rayonier Inc. REIT Common Stock","Real Estate","REIT - Specialty","20.77","68.48","Sell","Aug 12, 2026","Downtrend","Aug 17, 2026","2599749.93","-62.67","1.34","-2.99","Moving Down","","",,="3/9","<1","false","Swing"
"SENEA","Seneca Foods Corp. Class A Common Stock","Staples","Packaged Foods","192.27","72.31","Buy","Aug 12, 2026","Uptrend","Aug 03, 2026","106525.33","232.3","1.41","1.46","Moving Up","","",,="6/9","<1","false","Swing"
"SFNC","Simmons First National Corporation Class A Common Stock","Financials","Banks - Regional","23.68","67.47","Sell","Aug 12, 2026","Uptrend","Jun 04, 2026","1476016.33","-14.93","1.29","-1.09","Moving Down","","",,="4/9","<1","false","Swing"
"SHBI","Shore Bancshares Inc Common Stock","Financials","Banks - Regional","23.66","69.4","Sell","Aug 12, 2026","Uptrend","May 20, 2026","210083.63","51.58","2.25","0.08","Moving Down","","",,="4/9","<1","false","Swing"
"SM","SM Energy Company Common Stock","Energy","Oil & Gas E&P","35.49","55.7","Buy","Aug 12, 2026","Uptrend","Aug 10, 2026","3666975.1","228.96","2.8","0.03","Moving Up","","",,="8/9","<1","false","Swing"
"SMBK","SmartFinancial, Inc. Common Stock","Financials","Banks - Regional","51.91","79.19","Sell","Aug 12, 2026","Uptrend","Jun 05, 2026","126426.87","154.6","2.97","-0.12","Moving Down","","",,="4/9","<1","false","Swing"
"SMTI","Sanara MedTech Inc. Common Stock","Health Care","Medical Instruments & Supplies","34.17","84.61","Sell","Aug 12, 2026","Uptrend","Jun 15, 2026","308437.53","-16.59","0.15","0.5","Moving Down","","",,="4/9","<1","false","Swing"
"SQM","Sociedad Quimica y Minera S.A. Common Stock","Materials","Specialty Chemicals","74.47","49.36","Buy","Aug 12, 2026","Uptrend","Aug 14, 2026","911523.2","192.58","2.68","-0.84","Moving Up","","",,="6/9","<1","false","Swing"
"SR","Spire Inc. Common Stock","Utilities","Utilities - Regulated Gas","83.13","47.18","Buy","Aug 12, 2026","Uptrend","Aug 11, 2026","429056.4","-10.59","0.13","1.02","Moving Up","","",,="6/9","<1","false","Swing"
"SRCE","1st Source Corporation Common Stock","Financials","Banks - Regional","87.73","83.22","Sell","Aug 12, 2026","Uptrend","May 21, 2026","132917.03","76.88","2.31","-0.19","Moving Down","","",,="4/9","<1","false","Swing"
"SRRK","Scholar Rock Holding Corporation Common Stock","Health Care","Biotechnology","54.72","46.5","Buy","Aug 12, 2026","Uptrend","Aug 11, 2026","996882.73","-318.73","0.12","5.13","Moving Up","","",,="7/9","<1","false","Swing"
"TCMD","Tactile Systems Technology, Inc. Common Stock","Health Care","Medical Devices","23.85","30.71","Sell","Aug 12, 2026","Downtrend","Aug 11, 2026","296919.93","60.02","7.05","-3.01","Moving Down","","",,="4/9","<1","false","Swing"
"TD","Toronto Dominion Bank (The) Common Stock","Financials","Banks - Diversified","121.97","76.23","Buy","Aug 12, 2026","Uptrend","Aug 05, 2026","2377027.47","128.9","2.69","-1.91","Moving Up","","",,="5/9","<1","false","Swing"
"TEX","Terex Corporation Common Stock","Industrials","Farm & Heavy Construction Machinery","64.43","58.3","Buy","Aug 12, 2026","Neutral","Aug 18, 2026","1295356.67","-26.56","0.26","-4.32","Moving Down","","",,="3/9","<1","false","Swing"
"TISI","Team, Inc. Common Stock","Industrials","Specialty Business Services","23.32","69.35","Buy","Aug 12, 2026","Uptrend","Aug 11, 2026","18496.53","-4.57","68.91","4.29","Moving Up","","",,="6/9","<1","false","Swing"
"TMP","Tompkins Financial Corporation Common Stock","Financials","Banks - Regional","100.25","76.56","Sell","Aug 12, 2026","Uptrend","Mar 31, 2026","94722.8","82.82","8.39","-0.03","Moving Down","","",,="4/9","<1","false","Swing"
"TNL","Travel   Leisure Co. Common  Stock","Discretionary","Travel Services","72.26","53.82","Sell","Aug 12, 2026","Downtrend","Aug 17, 2026","788249.23","-44.74","0.17","-1.94","Moving Down","","",,="3/9","<1","false","Swing"
"TOST","Toast, Inc. Class A Common Stock","Technology","Software - Infrastructure","34.95","79.95","Sell","Aug 12, 2026","Uptrend","Jun 25, 2026","9958948.33","156.27","4.32","1.84","Moving Down","","",,="3/9","<1","false","Swing"
"WAFD","WaFd, Inc. Common Stock","Financials","Banks - Regional","37.46","56.57","Buy","Aug 12, 2026","Uptrend","Aug 10, 2026","577897.9","37.3","12.55","-0.79","Moving Up","","",,="6/9","<1","false","Swing"
"WDS","Woodside Energy Group Limited American Depositary Shares, each representing one Ordinary Share","Energy","Oil & Gas E&P","23.46","80.7","Sell","Aug 12, 2026","Uptrend","Jul 17, 2026","664527.27","44.49","4.9","-0.64","Moving Down","","",,="5/9","<1","false","Swing"
"YETI","YETI Holdings, Inc. Common Stock","Discretionary","Leisure","43.24","31.38","Sell","Aug 12, 2026","Downtrend","Aug 13, 2026","1521143.07","5.8","3.99","0.56","Moving Down","","",,="3/9","<1","false","Swing"
"YORW","York Water Company (The) Common Stock","Utilities","Utilities - Regulated Water","33.36","81.05","Buy","Aug 12, 2026","Uptrend","Jul 09, 2026","152727.97","-82.94","0.61","0.91","Moving Up","","",,="6/9","<1","false","Swing"
"AMTB","Amerant Bancorp Inc. Class A Common Stock","Financials","Banks - Regional","29.16","77.7","Sell","Aug 11, 2026","Uptrend","Jun 09, 2026","427087.87","57.21","2.88","0.48","Moving Down","","",,="4/9","<1","false","Swing"
"AN","AutoNation, Inc. Common Stock","Discretionary","Auto & Truck Dealerships","196.9","68.26","Sell","Aug 11, 2026","Downtrend","Aug 18, 2026","411253.67","256.19","2.34","-3.93","Moving Down","","",,="3/9","<1","false","Swing"
"APD","Air Products and Chemicals, Inc. Common Stock","Materials","Specialty Chemicals","303.23","64.16","Buy","Aug 11, 2026","Uptrend","Jul 01, 2026","990704.4","-24.86","0.2","0.79","Moving Down","","",,="5/9","<1","false","Swing"
"ARLP","Alliance Resource Partners, L.P. Common Units representing Limited Partners Interests","Energy","Thermal Coal","25.67","67.94","Sell","Aug 11, 2026","Uptrend","Aug 14, 2026","338610.2","216.85","2.22","-1","Moving Up","","",,="6/9","<1","false","Swing"
"ASGI","abrdn Global Infrastructure Income Fund Common Shares of Beneficial Interest","Financials","Closed-End Fund - Equity","24.98","66.57","Buy","Aug 11, 2026","Uptrend","Aug 04, 2026","193064.33","38.98","0.91","1.3","Moving Up","","",,="5/9","<1","false","Swing"
"ASMB","Assembly Biosciences, Inc. Common Stock","Health Care","Biotechnology","32.13","58.08","Buy","Aug 11, 2026","Uptrend","Aug 07, 2026","191214.5","-37.77","9.14","7.06","Moving Up","","",,="7/9","<1","false","Swing"
"ATRC","AtriCure, Inc. Common Stock","Health Care","Medical Instruments & Supplies","45.76","92.19","Buy","Aug 11, 2026","Uptrend","Jul 01, 2026","845039.07","-32.32","0.05","2.21","Moving Up","","",,="6/9","<1","false","Swing"
"BBWI","Bath & Body Works, Inc.","Discretionary","Specialty Retail","20.04","60.19","Sell","Aug 11, 2026","Neutral","Aug 18, 2026","5058924.43","198.37","14.08","6.54","Moving Down","","",,="3/9","<1","false","Swing"
"BL","BlackLine, Inc. Common Stock","Technology","Software - Application","30.23","49.09","Sell","Aug 11, 2026","Uptrend","Aug 18, 2026","1065718.33","-74.73","3.65","3.17","Moving Down","","",,="4/9","<1","false","Swing"
"BMRN","BioMarin Pharmaceutical Inc. Common Stock","Health Care","Biotechnology","66.99","83.68","Buy","Aug 11, 2026","Uptrend","Jun 22, 2026","2014277.9","-24.13","2.69","0.53","Moving Up","","",,="7/9","<1","false","Swing"
"BWMN","Bowman Consulting Group Ltd. Common Stock","Industrials","Engineering & Construction","42.53","97.17","Buy","Aug 11, 2026","Uptrend","Aug 10, 2026","376270.53","46.13","5.87","0.38","Moving Up","","",,="5/9","<1","false","Swing"
"BY","Byline Bancorp, Inc. Common Stock","Financials","Banks - Regional","39.09","77.7","Sell","Aug 11, 2026","Uptrend","May 22, 2026","259280.63","107.36","5.62","-0.15","Moving Down","","",,="4/9","<1","false","Swing"
"CABO","Cable One, Inc. Common Stock","Communication","Telecom Services","28.07","33.6","Sell","Aug 11, 2026","Downtrend","Aug 07, 2026","220158.3","-65.63","7.19","-6.06","Moving Down","","",,="3/9","<1","false","Swing"
"CAMT","Camtek Ltd. Ordinary Shares","Technology","Semiconductor Equipment & Materials","155.84","55.34","Buy","Aug 11, 2026","Neutral","Aug 18, 2026","523143.5","-400.94","0.29","-9.29","Moving Up","","",,="5/9","<1","false","Swing"
"CBNK","Capital Bancorp, Inc. Common Stock","Financials","Banks - Regional","37.34","69.92","Sell","Aug 11, 2026","Uptrend","May 22, 2026","56549.37","98.37","8.26","-0.85","Moving Down","","",,="4/9","<1","false","Swing"
"CBOE","Cboe Global Markets, Inc. Common Stock","Financials","Financial Data & Stock Exchanges","290.99","74.54","Sell","Aug 11, 2026","Uptrend","Aug 12, 2026","966658.7","103.87","1.75","-1.36","Moving Down","","",,="4/9","<1","false","Swing"
"CCBG","Capital City Bank Group Common Stock","Financials","Banks - Regional","51.97","76.21","Sell","Aug 11, 2026","Uptrend","Jun 12, 2026","79791.67","9.64","0.24","0","Moving Down","","",,="4/9","<1","false","Swing"
"CCEP","Coca-Cola Europacific Partners plc Ordinary Shares","Staples","Beverages - Non-Alcoholic","107.5","79.58","Sell","Aug 11, 2026","Uptrend","Jun 09, 2026","1923691.33","44.29","0.87","1.83","Moving Down","","",,="4/9","<1","false","Swing"
"CCJ","Cameco Corporation Common Stock","Energy","Uranium","96.03","51.08","Buy","Aug 11, 2026","Neutral","Aug 18, 2026","3359465.63","410.93","1.19","-2.59","Moving Up","","",,="7/9","<1","false","Swing"
"CCNE","CNB Financial Corporation Common Stock","Financials","Banks - Regional","34.82","70.52","Sell","Aug 11, 2026","Uptrend","Jun 04, 2026","154681.53","46.19","4.56","-0.09","Moving Down","","",,="4/9","<1","false","Swing"
"CNC","Centene Corporation Common Stock","Health Care","Healthcare Plans","65.22","75.68","Buy","Aug 11, 2026","Uptrend","Aug 10, 2026","4571420.53","5.98","3.39","1.26","Moving Down","","",,="5/9","<1","false","Swing"
"CPA","Copa Holdings, S.A. Class A Common Stock","Industrials","Airlines","129.46","40.17","Sell","Aug 11, 2026","Downtrend","Aug 10, 2026","288018.4","-11.22","0.22","-3.24","Moving Down","","",,="3/9","<1","false","Swing"
"CRAI","CRA International, Inc. Common Stock","Industrials","Consulting Services","168.17","75.21","Sell","Aug 11, 2026","Neutral","Aug 18, 2026","149296.1","46.89","0.56","2.41","Moving Down","","",,="3/9","<1","false","Swing"
"CTBI","Community Trust Bancorp, Inc. Common Stock","Financials","Banks - Regional","78.11","77.56","Sell","Aug 11, 2026","Uptrend","Apr 01, 2026","121700.33","116.73","2.97","-0.47","Moving Down","","",,="4/9","<1","false","Swing"
"DE","Deere & Company Common Stock","Industrials","Farm & Heavy Construction Machinery","588.72","67.07","Sell","Aug 11, 2026","Downtrend","Aug 18, 2026","973942","132.02","1.42","-1.87","Moving Down","","",,="3/9","<1","false","Swing"
"DHR","Danaher Corporation Common Stock","Health Care","Diagnostics & Research","199.58","67.16","Buy","Aug 11, 2026","Uptrend","Jul 23, 2026","5392510.17","-17.45","0.22","-1.51","Moving Down","","",,="6/9","<1","false","Swing"
"DIOD","Diodes Incorporated Common Stock","Technology","Semiconductors","99.1","60.29","Buy","Aug 11, 2026","Uptrend","Aug 10, 2026","590831.2","76.96","2.84","-7.87","Moving Up","","",,="6/9","<1","false","Swing"
"DLX","Deluxe Corporation Common Stock","Industrials","Conglomerates","23.32","46.71","Sell","Aug 11, 2026","Downtrend","Aug 11, 2026","394567.07","-40.88","2.9","-3.91","Moving Down","","",,="3/9","<1","false","Swing"
"DVN","Devon Energy Corporation Common Stock","Energy","Oil & Gas E&P","47.83","61.82","Buy","Aug 11, 2026","Uptrend","Aug 10, 2026","10234266.2","-45.14","0.25","0.55","Moving Up","","",,="8/9","<1","false","Swing"
"EQBK","Equity Bancshares, Inc. Class A Common Stock","Financials","Banks - Regional","51.15","64.04","Sell","Aug 11, 2026","Uptrend","Jun 04, 2026","125677.97","30.76","1.08","-0.43","Moving Down","","",,="4/9","<1","false","Swing"
"EVTC","Evertec, Inc. Common Stock","Technology","Software - Infrastructure","29.59","74.54","Sell","Aug 11, 2026","Uptrend","Jun 24, 2026","414930.47","-84.87","0.06","-2.63","Moving Down","","",,="4/9","<1","false","Swing"
"FDX","FedEx Corporation Common Stock","Industrials","Integrated Freight & Logistics","328.38","44.85","Buy","Aug 11, 2026","Uptrend","Aug 12, 2026","1541391.07","45.3","1.02","-0.94","Moving Up","","",,="6/9","<1","false","Swing"
"FMBH","First Mid Bancshares, Inc. Common Stock","Financials","Banks - Regional","51.46","82.58","Sell","Aug 11, 2026","Uptrend","May 21, 2026","131012.5","100.36","3.63","-0.94","Moving Down","","",,="4/9","<1","false","Swing"
"FRD","Friedman Industries Inc. Common Stock","Materials","Steel","46.02","86.16","Buy","Aug 11, 2026","Uptrend","Apr 13, 2026","92930.83","385.7","1.46","-4.28","Moving Up","","",,="6/9","<1","false","Swing"
"FROG","JFrog Ltd. Ordinary Shares","Technology","Software - Application","91.6","70.39","Buy","Aug 11, 2026","Uptrend","Aug 10, 2026","2246027.9","213.9","1.98","-3.21","Moving Down","","",,="4/9","<1","false","Swing"
"FWONK","Liberty Media Corporation Series C Liberty Formula One Common Stock","Communication","Entertainment","102.02","68.86","Buy","Aug 11, 2026","Uptrend","Jun 17, 2026","2020966.47","85.15","1.23","0.04","Moving Up","","",,="6/9","<1","false","Swing"
"GHM","Graham Corporation Common Stock","Industrials","Specialty Industrial Machinery","111.17","58.29","Buy","Aug 11, 2026","Uptrend","Aug 10, 2026","219741.8","108.81","0.72","-3.73","Moving Up","","",,="6/9","<1","false","Swing"
"GPOR","Gulfport Energy Corporation Common Shares","Energy","Oil & Gas E&P","170.98","63.18","Buy","Aug 11, 2026","Uptrend","Aug 10, 2026","343270.87","-95.38","0.06","0.81","Moving Up","","",,="8/9","<1","false","Swing"
"HASI","HA Sustainable Infrastructure Capital, Inc. Common Stock","Financials","Asset Management","41.36","73.24","Buy","Aug 11, 2026","Uptrend","Aug 07, 2026","890473.63","-4.44","0.3","-1.83","Moving Up","","",,="6/9","<1","false","Swing"
"HZO","MarineMax, Inc.  (FL) Common Stock","Discretionary","Specialty Retail","52.18","77.52","Buy","Aug 11, 2026","Uptrend","Aug 03, 2026","689869.5","-254.7","0.17","-0.13","Moving Up","","",,="6/9","<1","false","Swing"
"IFS","Intercorp Financial Services Inc. Common Shares","Financials","Banks - Regional","54.05","25.85","Sell","Aug 11, 2026","Downtrend","Aug 12, 2026","236794.9","30.23","0.54","-1.08","Moving Down","","",,="3/9","<1","false","Swing"
"IPI","Intrepid Potash, Inc Common Stock","Materials","Agricultural Inputs","36.41","63.29","Buy","Aug 11, 2026","Uptrend","Aug 10, 2026","169686.7","-48.4","0.13","-0.52","Moving Up","","",,="6/9","<1","false","Swing"
"JAZZ","Jazz Pharmaceuticals plc Common Stock (Ireland)","Health Care","Biotechnology","253.07","69.46","Sell","Aug 11, 2026","Uptrend","Aug 18, 2026","754411.6","-103.53","0.13","1.9","Moving Down","","",,="5/9","<1","false","Swing"
"JILL","J. Jill, Inc. Common Stock","Discretionary","Apparel Retail","20","84.12","Sell","Aug 11, 2026","Uptrend","Jun 02, 2026","70699.3","-20.57","5.01","7.07","Moving Up","","",,="5/9","<1","false","Swing"
"KMB","Kimberly-Clark Corporation Common Stock","Staples","Household & Personal Products","107.72","82.76","Sell","Aug 11, 2026","Neutral","Aug 18, 2026","3544510.83","-27.89","0.06","-0.18","Moving Down","","",,="3/9","<1","false","Swing"
"KMPR","Kemper Corporation","Financials","Insurance - Property & Casualty","26.21","49.49","Sell","Aug 11, 2026","Downtrend","Aug 11, 2026","843472.47","-25.67","6.51","0","Moving Down","","",,="3/9","<1","false","Swing"
"KRT","Karat Packaging Inc. Common Stock","Discretionary","Packaging & Containers","47.88","95.56","Buy","Aug 11, 2026","Uptrend","Jun 08, 2026","143034.5","26.79","0.34","0.17","Moving Down","","",,="5/9","<1","false","Swing"
"LGIH","LGI Homes, Inc. Common Stock","Discretionary","Residential Construction","56.39","65.74","Sell","Aug 11, 2026","Downtrend","Aug 18, 2026","302900.03","-204.37","0.33","-3.8","Moving Down","","",,="3/9","<1","false","Swing"
"LKFN","Lakeland Financial Corporation Common Stock","Financials","Banks - Regional","61.48","64.9","Sell","Aug 11, 2026","Downtrend","Aug 18, 2026","173069.63","-26.69","0.2","-0.55","Moving Down","","",,="3/9","<1","false","Swing"
"LW","Lamb Weston Holdings, Inc. Common Stock ","Staples","Packaged Foods","51.98","84.89","Sell","Aug 11, 2026","Uptrend","Jul 01, 2026","1728400.97","-14.05","4.96","-0.97","Moving Down","","",,="4/9","<1","false","Swing"
"LYV","Live Nation Entertainment, Inc. Common Stock","Communication","Entertainment","179.84","69.01","Buy","Aug 11, 2026","Uptrend","Aug 03, 2026","1923012.53","2.88","0.04","-2.49","Moving Down","","",,="5/9","<1","false","Swing"
"MAYS","J. W. Mays, Inc. Common Stock","Real Estate","Real Estate Services","41.5","57.31","Buy","Aug 11, 2026","Uptrend","Aug 10, 2026","1724.17","-219.74","0.05","0","Moving Up","","",,="6/9","<1","false","Swing"
"MC","Moelis & Company Class A Common Stock","Financials","Capital Markets","66.57","44.16","Sell","Aug 11, 2026","Neutral","Aug 17, 2026","916577","105.96","2.11","-0.24","Moving Down","","",,="3/9","<1","false","Swing"
"MMS","Maximus, Inc. Common Stock","Industrials","Specialty Business Services","56.39","48.8","Sell","Aug 11, 2026","Downtrend","Aug 11, 2026","652522.93","-34.33","1.96","3.6","Moving Down","","",,="3/9","<1","false","Swing"
"MNDY","monday.com Ltd. Ordinary Shares","Technology","Software - Application","88.04","70.6","Sell","Aug 11, 2026","Uptrend","Jul 28, 2026","1590539.73","22.35","5.48","5.65","Moving Down","","",,="3/9","<1","false","Swing"
"MP","MP Materials Corp. Common Stock","Materials","Other Industrial Metals & Mining","56.67","52.49","Buy","Aug 11, 2026","Uptrend","Aug 10, 2026","6427306.47","57.27","2.15","-3.14","Moving Up","","",,="6/9","<1","false","Swing"
"MPWR","Monolithic Power Systems, Inc. Common Stock","Technology","Semiconductors","1333.18","61.31","Buy","Aug 11, 2026","Neutral","Aug 18, 2026","825550.27","409.62","1.83","-5.85","Moving Up","","",,="5/9","<1","false","Swing"
"NE","Noble Corporation plc A Ordinary Shares","Energy","Oil & Gas Drilling","45.25","71.33","Buy","Aug 11, 2026","Uptrend","Aug 10, 2026","1511755.13","-26.65","0.76","0.15","Moving Up","","",,="8/9","<1","false","Swing"
"NIE","Virtus Equity & Convertible Income Fund Common Shares of Beneficial Interest","Financials","Closed-End Fund - Equity","26.58","62.66","Buy","Aug 11, 2026","Uptrend","Aug 10, 2026","47955.1","88.91","1.95","-0.75","Moving Up","","",,="5/9","<1","false","Swing"
"NNI","Nelnet, Inc. Common Stock","Financials","Credit Services","125.67","35.64","Sell","Aug 11, 2026","Downtrend","Aug 10, 2026","115503.4","-28.43","0.31","-0.13","Moving Down","","",,="3/9","<1","false","Swing"
"NOG","Northern Oil and Gas, Inc. Common Stock","Energy","Oil & Gas E&P","25.39","80.51","Buy","Aug 11, 2026","Uptrend","Aug 07, 2026","2725549.5","81.18","10.44","-0.55","Moving Up","","",,="8/9","<1","false","Swing"
"NTNX","Nutanix, Inc. Class A Common Stock","Technology","Software - Infrastructure","65.83","88.04","Buy","Aug 11, 2026","Uptrend","Jun 29, 2026","2641443.57","31.49","1.31","0.26","Moving Down","","",,="5/9","<1","false","Swing"
"NWSA","News Corporation Class A Common Stock","Communication","Entertainment","29.39","67.76","Sell","Aug 11, 2026","Uptrend","Jul 24, 2026","3565138.53","64.71","1.8","2.4","Moving Down","","",,="4/9","<1","false","Swing"
"OKTA","Okta, Inc. Class A Common Stock","Technology","Software - Infrastructure","143.92","71.4","Buy","Aug 11, 2026","Uptrend","May 04, 2026","2688121.97","72.92","10.64","0.47","Moving Down","","",,="5/9","<1","false","Swing"
"ONC","BeOne Medicines Ltd. American Depositary Shares","Health Care","Biotechnology","369.15","75.6","Buy","Aug 11, 2026","Uptrend","Jul 01, 2026","407482.47","-118.26","0.05","1.83","Moving Up","","",,="6/9","<1","false","Swing"
"ORRF","Orrstown Financial Services, Inc. Common Stock","Financials","Banks - Regional","43.19","66.25","Sell","Aug 11, 2026","Uptrend","Jun 04, 2026","113000.37","67.74","1.52","0.37","Moving Down","","",,="4/9","<1","false","Swing"
"OXY","Occidental Petroleum Corporation Common Stock","Energy","Oil & Gas E&P","59.8","77.81","Buy","Aug 11, 2026","Uptrend","Aug 06, 2026","8649667.2","-20.94","0.22","1.29","Moving Up","","",,="8/9","<1","false","Swing"
"PAHC","Phibro Animal Health Corporation Class A Common Stock","Health Care","Drug Manufacturers - Specialty & Generic","34.65","30.35","Sell","Aug 11, 2026","Downtrend","Aug 14, 2026","218085.67","104.6","5.7","0.06","Moving Down","","",,="4/9","<1","false","Swing"
"PAY","Paymentus Holdings, Inc. Class A Common Stock","Technology","Software - Infrastructure","38.32","74.79","Sell","Aug 11, 2026","Uptrend","Jun 30, 2026","1134351.67","243.58","4.97","-5.76","Moving Down","","",,="4/9","<1","false","Swing"
"PEBO","Peoples Bancorp Inc. Common Stock","Financials","Banks - Regional","40.99","72.89","Sell","Aug 11, 2026","Uptrend","May 21, 2026","311255.3","18.85","0.91","-0.19","Moving Down","","",,="4/9","<1","false","Swing"
"PPIH","Perma-Pipe International Holdings, Inc. Common Stock","Industrials","Building Products & Equipment","26.33","42.64","Buy","Aug 11, 2026","Neutral","Aug 17, 2026","67223.3","354.2","3.84","-1.05","Moving Up","","",,="5/9","<1","false","Swing"
"QNST","QuinStreet, Inc. Common Stock","Communication","Advertising Agencies","20.76","89.33","Buy","Aug 11, 2026","Uptrend","Aug 07, 2026","913707.03","16.15","1.25","2.9","Moving Up","","",,="6/9","<1","false","Swing"
"RICK","RCI Hospitality Holdings, Inc. Common Stock","Discretionary","Restaurants","30.94","69.13","Buy","Aug 11, 2026","Uptrend","Aug 07, 2026","44078.7","163.18","9.51","-0.48","Moving Up","","",,="6/9","<1","false","Swing"
"RIGL","Rigel Pharmaceuticals, Inc. Common Stock","Health Care","Biotechnology","43.62","53.54","Buy","Aug 11, 2026","Uptrend","Aug 05, 2026","315127.67","227.12","7.16","2.76","Moving Up","","",,="6/9","<1","false","Swing"
"RRBI","Red River Bancshares, Inc. Common Stock","Financials","Banks - Regional","101.81","56.04","Sell","Aug 11, 2026","Uptrend","Jun 29, 2026","79339.77","40.83","1.17","-0.58","Moving Down","","",,="4/9","<1","false","Swing"
"RUSHA","Rush Enterprises, Inc. Common Stock Cl A","Discretionary","Auto & Truck Dealerships","79.39","71.87","Sell","Aug 11, 2026","Uptrend","Jun 22, 2026","486147.43","265.95","2.44","-3.34","Moving Down","","",,="3/9","<1","false","Swing"
"SBLK","Star Bulk Carriers Corp. Common Shares","Industrials","Marine Shipping","30.13","66.5","Sell","Aug 11, 2026","Uptrend","Jul 21, 2026","1284707.37","234.15","2.15","0.13","Moving Up","","",,="5/9","<1","false","Swing"
"SYBT","Stock Yards Bancorp, Inc. Common Stock","Financials","Banks - Regional","83.7","69.27","Sell","Aug 11, 2026","Uptrend","Jun 04, 2026","177187.63","30.09","0.64","-0.69","Moving Down","","",,="4/9","<1","false","Swing"
"TFX","Teleflex Incorporated Common Stock","Health Care","Medical Instruments & Supplies","131.92","70.22","Sell","Aug 11, 2026","Neutral","Aug 18, 2026","558045.6","-65.89","3.53","-0.86","Moving Down","","",,="4/9","<1","false","Swing"
"TGLS","Tecnoglass Inc. Ordinary Shares","Materials","Building Materials","39.72","46.73","Sell","Aug 11, 2026","Downtrend","Aug 10, 2026","251367.37","292.34","2.08","-2.46","Moving Down","","",,="3/9","<1","false","Swing"
"TOL","Toll Brothers, Inc. Common Stock","Discretionary","Residential Construction","142.86","53.68","Sell","Aug 11, 2026","Downtrend","Aug 13, 2026","869405.3","104.97","0.93","-1.78","Moving Down","","Positive",,="3/9","<1","false","Swing"
"TOWN","TowneBank Common Stock","Financials","Banks - Regional","37.63","67.17","Sell","Aug 11, 2026","Uptrend","Jun 18, 2026","642253.83","16.13","0.86","0.11","Moving Down","","",,="4/9","<1","false","Swing"
"TSEM","Tower Semiconductor Ltd. Ordinary Shares","Technology","Semiconductors","240.55","70.82","Buy","Aug 11, 2026","Uptrend","Aug 10, 2026","2032517.13","359.17","1.17","-8.79","Moving Up","","",,="6/9","<1","false","Swing"
"TWN","Taiwan Fund, Inc. (The) Common Stock","Financials","Closed-End Fund - Foreign","95.74","68.46","Buy","Aug 11, 2026","Uptrend","Aug 10, 2026","35531.77","602.12","2.88","-2.48","Moving Up","","",,="6/9","<1","false","Swing"
"UAN","CVR Partners, LP Common Units representing Limited Partner Interests","Materials","Agricultural Inputs","121.11","62.29","Sell","Aug 11, 2026","Uptrend","Aug 14, 2026","43076.03","236.44","0.99","-0.96","Moving Down","","",,="4/9","<1","false","Swing"
"UBER","Uber Technologies, Inc. Common Stock","Technology","Software - Application","74.66","70.09","Buy","Aug 11, 2026","Uptrend","Aug 10, 2026","18462319.27","86.88","5.02","-0.44","Moving Down","","",,="5/9","<1","false","Swing"
"VLGEA","Village Super Market, Inc. Class A Common Stock","Staples","Grocery Stores","43.02","43.04","Sell","Aug 11, 2026","Neutral","Aug 18, 2026","46729.87","-75.33","0.26","0.51","Moving Down","","",,="3/9","<1","false","Swing"
"WASH","Washington Trust Bancorp, Inc. Common Stock","Financials","Banks - Regional","40.15","76.07","Sell","Aug 11, 2026","Uptrend","Jun 04, 2026","146596.93","61.02","25.71","-0.17","Moving Down","","",,="4/9","<1","false","Swing"
"WBD","Warner Bros. Discovery, Inc. Series A Common Stock ","Communication","Entertainment","28.48","54.09","Buy","Aug 11, 2026","Uptrend","Aug 10, 2026","22559109.37","146.36","52.75","1.97","Moving Up","","",,="6/9","<1","false","Swing"
"WEX","WEX Inc. common stock","Technology","Software - Infrastructure","191.73","91.78","Sell","Aug 11, 2026","Uptrend","Jul 02, 2026","738684.4","-66.47","0.45","1.51","Moving Down","","",,="4/9","<1","false","Swing"
"AAOI","Applied Optoelectronics, Inc. Common Stock","Technology","Communication Equipment","131.41","63.16","Buy","Aug 10, 2026","Uptrend","Aug 07, 2026","11114862.33","786.86","3.06","-15.16","Moving Up","","",,="6/9","<1","false","Swing"
"ABM","ABM Industries Incorporated Common Stock","Industrials","Specialty Business Services","47.1","79.45","Sell","Aug 10, 2026","Uptrend","Jun 05, 2026","387705.9","1.18","0.12","-1.3","Moving Down","","",,="3/9","<1","false","Swing"
"AGI","Alamos Gold Inc. Class A Common Shares","Materials","Gold","32.9","60.73","Buy","Aug 10, 2026","Uptrend","Aug 07, 2026","4207139.33","262.56","1.57","-3.21","Moving Up","","",,="6/9","<1","false","Swing"
"AJG","Arthur J. Gallagher & Co. Common Stock","Financials","Insurance Brokers","248.36","79.72","Sell","Aug 10, 2026","Uptrend","Jun 23, 2026","1319199.03","194.11","2.68","0.16","Moving Down","","",,="4/9","<1","false","Swing"
"AMP","Ameriprise Financial, Inc. Common Stock","Financials","Asset Management","562.12","84.68","Sell","Aug 10, 2026","Uptrend","Jul 01, 2026","500194.9","148.5","1.63","0.09","Moving Down","","",,="3/9","<1","false","Swing"
"AMRC","Ameresco, Inc. Class A Common Stock","Industrials","Engineering & Construction","25.49","72.91","Buy","Aug 10, 2026","Neutral","Aug 18, 2026","625895.3","201.55","19.68","-10.56","Moving Up","","",,="5/9","<1","false","Swing"
"ATR","AptarGroup, Inc. Common Stock","Health Care","Medical Instruments & Supplies","131.73","62.42","Sell","Aug 10, 2026","Uptrend","Jun 16, 2026","480960.37","-87.42","0.05","-0.01","Moving Down","","",,="5/9","<1","false","Swing"
"BBW","Build-A-Bear Workshop, Inc. Common Stock","Discretionary","Specialty Retail","37.44","59.31","Buy","Aug 10, 2026","Uptrend","Aug 05, 2026","322644.47","2154.46","4.42","-1.96","Moving Up","","",,="5/9","<1","false","Swing"
"BFST","Business First Bancshares, Inc. Common Stock","Financials","Banks - Regional","31.97","62.73","Sell","Aug 10, 2026","Uptrend","May 22, 2026","226787.33","27.26","4.14","-0.44","Moving Down","","",,="4/9","<1","false","Swing"
"BHRB","Burke & Herbert Financial Services Corp. Common Stock","Financials","Banks - Regional","72.36","64.13","Sell","Aug 10, 2026","Uptrend","Jun 04, 2026","130529.07","23.52","1.3","0.04","Moving Down","","",,="4/9","<1","false","Swing"
"BIIB","Biogen Inc. Common Stock","Health Care","Drug Manufacturers - General","212.55","55.92","Buy","Aug 10, 2026","Uptrend","Jul 29, 2026","1224439.53","-159.76","0.6","1.63","Moving Up","","",,="6/9","<1","false","Swing"
"BWA","BorgWarner Inc. Common Stock","Discretionary","Auto Parts","67.95","53.51","Buy","Aug 10, 2026","Uptrend","Aug 07, 2026","2201218.53","52.68","1.71","-2.79","Moving Up","","",,="6/9","<1","false","Swing"
"BWB","Bridgewater Bancshares, Inc. Common Stock","Financials","Banks - Regional","22.35","85.67","Buy","Aug 10, 2026","Uptrend","Aug 07, 2026","182358","32.7","6.19","0.09","Moving Up","","",,="5/9","<1","false","Swing"
"CALX","Calix, Inc Common Stock","Technology","Software - Infrastructure","39.16","43.77","Buy","Aug 10, 2026","Uptrend","Aug 11, 2026","1184549.3","-544.49","0.13","-0.91","Moving Up","","",,="5/9","<1","false","Swing"
"CASH","Pathward Financial, Inc. Common Stock","Financials","Banks - Regional","84.64","60.44","Sell","Aug 10, 2026","Downtrend","Aug 12, 2026","190330.37","41.48","0.78","-0.88","Moving Down","","",,="3/9","<1","false","Swing"
"CBFV","CB Financial Services, Inc. Common Stock","Financials","Banks - Regional","37.24","60.33","Buy","Aug 10, 2026","Uptrend","Jul 29, 2026","5069.57","-2.14","0.39","-0.21","Moving Down","","",,="5/9","<1","false","Swing"
"CCK","Crown Holdings, Inc.","Discretionary","Packaging & Containers","116.86","84.95","Sell","Aug 10, 2026","Uptrend","Jun 16, 2026","1022224.53","31.03","1.33","0.53","Moving Down","","",,="4/9","<1","false","Swing"
"CDRE","Cadre Holdings, Inc. Common Stock","Industrials","Aerospace & Defense","33.45","73.28","Buy","Aug 10, 2026","Uptrend","Jul 22, 2026","371269.43","-32.35","0","0.45","Moving Down","","",,="5/9","<1","false","Swing"
"CENX","Century Aluminum Company Common Stock","Materials","Aluminum","45.66","46.3","Buy","Aug 10, 2026","Neutral","Aug 12, 2026","1939529.5","250.12","1.56","-3.1","Moving Up","","",,="5/9","<1","false","Swing"
"CHDN","Churchill Downs, Incorporated Common Stock","Discretionary","Gambling","88.64","62","Buy","Aug 10, 2026","Uptrend","Aug 11, 2026","984559.23","-33.56","0.15","-1.18","Moving Up","","",,="5/9","<1","false","Swing"
"CLS","Celestica, Inc. Common Stock","Technology","Electronic Components","310.59","41.63","Sell","Aug 10, 2026","Downtrend","Aug 14, 2026","2768597.9","-1372.56","0.29","-8.76","Moving Up","","",,="4/9","<1","false","Swing"
"COHR","Coherent Corp. Common Stock","Technology","Scientific & Technical Instruments","306.43","46.22","Buy","Aug 10, 2026","Neutral","Aug 18, 2026","6163149.33","-91.74","0.32","-12.75","Moving Up","","Negative",,="5/9","<1","false","Swing"
"CRSP","CRISPR Therapeutics AG Common Shares","Health Care","Biotechnology","52.97","71.1","Buy","Aug 10, 2026","Uptrend","Aug 07, 2026","1467164.47","-33.74","7.21","-2.41","Moving Up","","",,="7/9","<1","false","Swing"
"CSV","Carriage Services, Inc. Common Stock","Discretionary","Personal Services","34.35","37.98","Sell","Aug 10, 2026","Downtrend","Aug 07, 2026","180009.7","156.43","9.52","-1.18","Moving Down","","",,="3/9","<1","false","Swing"
"CVCO","Cavco Industries, Inc. Common Stock When Issued","Discretionary","Residential Construction","584.77","60.99","Buy","Aug 10, 2026","Uptrend","Aug 07, 2026","114542.47","-61.56","0.26","-2.54","Moving Up","","",,="6/9","<1","false","Swing"
"DAN","Dana Incorporated Common Stock ","Discretionary","Auto Parts","30.79","71.89","Buy","Aug 10, 2026","Uptrend","Aug 10, 2026","1399420.43","135.23","6.38","-1.79","Moving Up","","",,="6/9","<1","false","Swing"
"DDOG","Datadog, Inc. Class A Common Stock","Technology","Software - Application","246","51.24","Sell","Aug 10, 2026","Neutral","Aug 13, 2026","4757877.33","97.92","3.04","-0.53","Moving Up","","",,="4/9","<1","false","Swing"
"DOCU","DocuSign, Inc. Common Stock","Technology","Software - Application","60.01","88.36","Buy","Aug 10, 2026","Uptrend","Jul 24, 2026","3048364.03","-114.34","0.24","0.32","Moving Down","","",,="5/9","<1","false","Swing"
"DXPE","DXP Enterprises, Inc. Common Stock","Industrials","Industrial Distribution","197.62","68.73","Buy","Aug 10, 2026","Uptrend","Aug 05, 2026","139420.2","174.27","1.16","-1.15","Moving Up","","",,="6/9","<1","false","Swing"
"ENTG","Entegris, Inc. Common Stock","Technology","Semiconductor Equipment & Materials","150.265","76.81","Buy","Aug 10, 2026","Uptrend","Aug 07, 2026","2737525","62.19","0.99","-7.86","Moving Up","","",,="6/9","<1","false","Swing"
"EOI","Eaton Vance Enhance Equity Income Fund Eaton Vance Enhanced Equity Income Fund Shares of Beneficial Interest","Financials","Closed-End Fund - Equity","20.09","68.78","Buy","Aug 10, 2026","Uptrend","Aug 03, 2026","72073.27","82.21","2.29","-0.4","Moving Down","","",,="4/9","<1","false","Swing"
"FAF","First American Corporation (New) Common Stock","Financials","Insurance - Specialty","72.45","83.02","Sell","Aug 10, 2026","Uptrend","Jun 26, 2026","709145.57","-10.84","0.26","-1","Moving Down","","",,="4/9","<1","false","Swing"
"FBP","First BanCorp. New Common Stock","Financials","Banks - Regional","29.36","82.75","Sell","Aug 10, 2026","Uptrend","Apr 01, 2026","1411684.77","112.06","1.39","-0.61","Moving Down","","",,="4/9","<1","false","Swing"
"FIS","Fidelity National Information Services, Inc. Common Stock","Technology","Information Technology Services","40.95","72.25","Sell","Aug 10, 2026","Downtrend","Aug 18, 2026","5848257.43","-83.1","2.73","-0.53","Moving Down","","",,="3/9","<1","false","Swing"
"FLR","Fluor Corporation Common Stock","Industrials","Engineering & Construction","53.42","59.38","Buy","Aug 10, 2026","Uptrend","Aug 07, 2026","2474678.93","12.26","0.18","-2.41","Moving Up","","",,="6/9","<1","false","Swing"
"FN","Fabrinet Ordinary Shares","Technology","Electronic Components","482.59","64.41","Buy","Aug 10, 2026","Neutral","Aug 18, 2026","853089.57","-183.75","0.27","-19.38","Moving Up","","Positive","true",="5/9","<1","false","Swing"
"FNF","Fidelity National Financial, Inc. Common Stock","Financials","Insurance - Specialty","48.47","64.78","Sell","Aug 10, 2026","Downtrend","Aug 11, 2026","1529577.67","-60.07","0.1","-1.34","Moving Down","","",,="3/9","<1","false","Swing"
"GIII","G-III Apparel Group, LTD. Common Stock","Discretionary","Apparel Manufacturing","33.72","53.59","Sell","Aug 10, 2026","Downtrend","Aug 12, 2026","423708.17","-119.86","0","-0.15","Moving Down","","",,="3/9","<1","false","Swing"
"GLNG","Golar Lng Ltd","Energy","Oil & Gas Midstream","52.17","56.73","Buy","Aug 10, 2026","Uptrend","Aug 07, 2026","1244138.73","-19.52","0.34","-0.57","Moving Up","","",,="8/9","<1","false","Swing"
"HBT","HBT Financial, Inc. Common Stock","Financials","Banks - Regional","36.5","75.28","Sell","Aug 10, 2026","Uptrend","Jun 04, 2026","139498.27","100.62","2.14","-1.19","Moving Down","","",,="4/9","<1","false","Swing"
"HLIO","Helios Technologies, Inc. Common Stock","Industrials","Specialty Industrial Machinery","79.43","58.34","Buy","Aug 10, 2026","Neutral","Aug 18, 2026","293852.53","48.58","1.98","-3.13","Moving Up","","",,="5/9","<1","false","Swing"
"HSBC","HSBC Holdings, plc. Common Stock","Financials","Banks - Diversified","103.18","75.28","Sell","Aug 10, 2026","Uptrend","Jun 15, 2026","1287769.4","97.97","1.46","-0.6","Moving Down","","",,="4/9","<1","false","Swing"
"HST","Host Hotels & Resorts, Inc. Common Stock","Real Estate","REIT - Hotel & Motel","22.92","50.49","Sell","Aug 10, 2026","Downtrend","Aug 10, 2026","9242492.63","-111.99","0.07","0.48","Moving Down","","",,="3/9","<1","false","Swing"
"HUBS","HubSpot, Inc. Common Stock","Technology","Software - Application","226.24","59.72","Sell","Aug 10, 2026","Uptrend","Aug 18, 2026","1943905.8","52.51","2.47","5.14","Moving Down","","",,="3/9","<1","false","Swing"
"HURC","Hurco Companies, Inc. Common Stock","Industrials","Specialty Industrial Machinery","22.42","74.11","Buy","Aug 10, 2026","Uptrend","Aug 07, 2026","30163.63","-37.47","3.05","-0.8","Moving Up","","",,="5/9","<1","false","Swing"
"IMCR","Immunocore Holdings plc American Depositary Shares","Health Care","Biotechnology","36.02","77.36","Buy","Aug 10, 2026","Uptrend","Jun 24, 2026","495810.6","-7.6","17.96","2.77","Moving Up","","",,="6/9","<1","false","Swing"
"INSM","Insmed Incorporated Common Stock","Health Care","Biotechnology","128.46","46.84","Buy","Aug 10, 2026","Uptrend","Aug 06, 2026","2927605","234.27","1.71","0.11","Moving Up","","",,="7/9","<1","false","Swing"
"IRON","Disc Medicine, Inc. Common Stock","Health Care","Biotechnology","80.2","62.81","Sell","Aug 10, 2026","Uptrend","Jun 15, 2026","344083.13","40.82","1.79","0.19","Moving Down","","",,="4/9","<1","false","Swing"
"JBIO","Jade Biosciences, Inc. Common Stock","Health Care","Biotechnology","23.55","39.39","Buy","Aug 10, 2026","Uptrend","Aug 05, 2026","891222.27","287.71","4.15","0.43","Moving Up","","",,="7/9","<1","false","Swing"
"JD","JD.com, Inc. American Depositary Shares","Discretionary","Internet Retail","28.82","47.52","Sell","Aug 10, 2026","Downtrend","Aug 17, 2026","8919391.53","-102.17","1.03","1.12","Moving Down","","",,="3/9","<1","false","Swing"
"LASR","nLIGHT, Inc. Common Stock","Technology","Semiconductors","50","11.17","Sell","Aug 10, 2026","Downtrend","Aug 10, 2026","1356868.8","-551.5","0.09","-7.41","Moving Down","","",,="3/9","<1","false","Swing"
"LEN","Lennar Corporation Class A Common Stock","Discretionary","Residential Construction","84.94","59.28","Buy","Aug 10, 2026","Neutral","Aug 14, 2026","2321217.87","-152.7","0.08","-1.85","Moving Up","","",,="5/9","<1","false","Swing"
"MATW","Matthews International Corporation Class A Common Stock","Industrials","Conglomerates","22.32","25.2","Sell","Aug 10, 2026","Downtrend","Aug 07, 2026","497358.13","-45.74","2.07","-2.96","Moving Down","","",,="3/9","<1","false","Swing"
"MELI","MercadoLibre, Inc. Common Stock","Discretionary","Internet Retail","1779.14","59.84","Sell","Aug 10, 2026","Downtrend","Aug 18, 2026","422123.43","-153.62","0.18","-0.47","Moving Down","","Positive",,="3/9","<1","false","Swing"
"MEOH","Methanex Corporation Common Stock","Materials","Chemicals","57.55","77.65","Sell","Aug 10, 2026","Uptrend","Aug 14, 2026","881141.4","45.9","2.25","0.45","Moving Up","","",,="5/9","<1","false","Swing"
"MTG","MGIC Investment Corporation Common Stock","Financials","Insurance - Specialty","31.12","80.32","Sell","Aug 10, 2026","Uptrend","Jun 22, 2026","1706100.5","36.52","0.75","0.03","Moving Down","","",,="4/9","<1","false","Swing"
"MTRN","Materion Corporation","Materials","Other Industrial Metals & Mining","264.03","72","Buy","Aug 10, 2026","Uptrend","Aug 06, 2026","350224.77","174.37","1.23","-8.26","Moving Up","","",,="6/9","<1","false","Swing"
"MZTI","The Marzetti Company Common Stock","Staples","Packaged Foods","115.58","45.85","Buy","Aug 10, 2026","Uptrend","Aug 07, 2026","284140.4","-119.06","0.63","0.71","Moving Up","","",,="6/9","<1","false","Swing"
"NFLX","Netflix, Inc. Common Stock","Communication","Entertainment","77.77","53.85","Buy","Aug 10, 2026","Uptrend","Aug 18, 2026","41761799.67","37.71","2.33","2.3","Moving Up","","",,="6/9","<1","false","Swing"
"NGVC","Natural Grocers by Vitamin Cottage, Inc. Common Stock","Staples","Grocery Stores","27.85","32.29","Sell","Aug 10, 2026","Downtrend","Aug 07, 2026","136150.7","433.5","4.33","0","Moving Down","","",,="3/9","<1","false","Swing"
"NICE","NICE Ltd American Depositary Shares","Technology","Software - Application","99.56","76.13","Buy","Aug 10, 2026","Uptrend","Aug 18, 2026","605336.97","-138.83","0.75","1.7","Moving Down","","",,="5/9","<1","false","Swing"
"OC","Owens Corning Inc Common Stock New","Industrials","Building Products & Equipment","150.61","81.96","Buy","Aug 10, 2026","Uptrend","Jun 11, 2026","862556.4","67.16","1.32","-2.08","Moving Down","","",,="5/9","<1","false","Swing"
"OFG","OFG Bancorp Common Stock","Financials","Banks - Regional","53.05","75.38","Sell","Aug 10, 2026","Uptrend","Mar 31, 2026","283511.93","53.88","0.88","-0.88","Moving Down","","",,="4/9","<1","false","Swing"
"ORCL","Oracle Corporation Common Stock","Technology","Software - Infrastructure","142.79","36.78","Buy","Aug 10, 2026","Neutral","Aug 17, 2026","33620273.27","167.71","2.6","-2.63","Moving Up","","",,="5/9","<1","false","Swing"
"ORI","Old Republic International Corporation Common Stock","Financials","Insurance - Property & Casualty","42.37","57.9","Sell","Aug 10, 2026","Uptrend","Jun 23, 2026","1182411.6","-54.39","0.25","-0.33","Moving Down","","",,="4/9","<1","false","Swing"
"PB","Prosperity Bancshares, Inc. Common Stock","Financials","Banks - Regional","74.33","59.09","Sell","Aug 10, 2026","Uptrend","Jul 09, 2026","956009.7","31.5","12.92","-0.2","Moving Down","","",,="3/9","<1","false","Swing"
"PDLB","Ponce Financial Group, Inc. Common Stock","Financials","Banks - Regional","20.65","71.44","Sell","Aug 10, 2026","Uptrend","Mar 24, 2026","65837.27","78.73","2.63","-0.48","Moving Down","","",,="4/9","<1","false","Swing"
"PLMR","Palomar Holdings, Inc. Common stock","Financials","Insurance - Property & Casualty","129.69","55.57","Sell","Aug 10, 2026","Neutral","Aug 18, 2026","281533.3","105","4.69","4.66","Moving Down","","",,="3/9","<1","false","Swing"
"PLNT","Planet Fitness, Inc. Common Stock","Discretionary","Leisure","53.36","32","Sell","Aug 10, 2026","Downtrend","Aug 10, 2026","2072363.3","46.64","14.62","5.39","Moving Up","","",,="4/9","<1","false","Swing"
"PSIX","Power Solutions International, Inc. Common Stock","Industrials","Specialty Industrial Machinery","37.23","52.69","Buy","Aug 10, 2026","Neutral","Aug 18, 2026","518278.4","24.78","0.29","-5.75","Moving Up","","",,="5/9","<1","false","Swing"
"RCUS","Arcus Biosciences, Inc. Common Stock","Health Care","Biotechnology","29.51","68.04","Buy","Aug 10, 2026","Uptrend","Aug 07, 2026","1098717.73","19.56","38.85","-0.17","Moving Up","","",,="7/9","<1","false","Swing"
"ROAD","Construction Partners, Inc. Class A Common Stock","Industrials","Engineering & Construction","113.54","75.71","Buy","Aug 10, 2026","Uptrend","Aug 07, 2026","1197786.5","-95.7","0.29","-5.74","Moving Down","","",,="5/9","<1","false","Swing"
"ROIV","Roivant Sciences Ltd. Common Shares","Health Care","Biotechnology","37.37","46.41","Buy","Aug 10, 2026","Uptrend","Aug 04, 2026","5175896.17","27.82","0.27","3.12","Moving Up","","",,="7/9","<1","false","Swing"
"RVMD","Revolution Medicines, Inc. Common Stock","Health Care","Biotechnology","216","55.41","Buy","Aug 10, 2026","Uptrend","Apr 13, 2026","1767235.5","282.45","1.32","1.89","Moving Up","","",,="7/9","<1","false","Swing"
"RYAN","Ryan Specialty Holdings, Inc. Class A Common Stock","Financials","Insurance - Specialty","41.24","69.33","Sell","Aug 10, 2026","Uptrend","Jun 23, 2026","1957427.73","-25.21","1.7","-1.06","Moving Down","","",,="4/9","<1","false","Swing"
"SCSC","ScanSource, Inc. Common Stock","Technology","Electronics & Computer Distribution","52.29","73.35","Sell","Aug 10, 2026","Neutral","Aug 18, 2026","206501.93","-57.75","0.15","1.12","Moving Down","","",,="3/9","<1","false","Swing"
"SIM","Grupo Simec, S.A.B. de C.V. American Depositary Shares","Materials","Steel","27.5","49.75","Buy","Aug 10, 2026","Neutral","Aug 18, 2026","28534","-503.09","0.09","-9.84","Moving Down","","",,="4/9","<1","false","Swing"
"SITM","SiTime Corporation Common Stock","Technology","Semiconductors","680.06","69.74","Buy","Aug 10, 2026","Uptrend","Aug 07, 2026","469071.07","-24.08","0.28","-9.26","Moving Down","","",,="5/9","<1","false","Swing"
"SSD","Simpson Manufacturing Company, Inc. Common Stock","Materials","Lumber & Wood Production","189.84","55.86","Buy","Aug 10, 2026","Neutral","Aug 18, 2026","266233.37","-11.09","0.36","-3.09","Moving Down","","",,="4/9","<1","false","Swing"
"SSRM","SSR Mining Inc. Common Stock","Materials","Gold","31.69","75.04","Buy","Aug 10, 2026","Uptrend","Aug 07, 2026","2958819.6","-137.4","0.1","-3.33","Moving Up","","",,="6/9","<1","false","Swing"
"STBA","S&T Bancorp, Inc. Common Stock","Financials","Banks - Regional","50.75","72.54","Sell","Aug 10, 2026","Uptrend","Apr 01, 2026","260777.1","112.44","6.21","-0.49","Moving Down","","",,="4/9","<1","false","Swing"
"STK","Columbia Seligman Premium Technology Growth Fund Inc","Financials","Closed-End Fund - Equity","52.21","73.97","Buy","Aug 10, 2026","Uptrend","Aug 07, 2026","63710.67","150.59","1.4","-1.93","Moving Up","","",,="5/9","<1","false","Swing"
"SU","Suncor Energy  Inc. Common Stock","Energy","Oil & Gas Integrated","67.68","85.02","Sell","Aug 10, 2026","Uptrend","Aug 10, 2026","3842137.43","62.83","1.38","1.53","Moving Up","","",,="6/9","<1","false","Swing"
"SYM","Symbotic Inc. Class A Common Stock","Industrials","Specialty Industrial Machinery","40.46","31.48","Sell","Aug 10, 2026","Downtrend","Aug 10, 2026","1611961.5","-285.72","0.01","-4.46","Moving Down","","",,="3/9","<1","false","Swing"
"SYRE","Spyre Therapeutics, Inc. Common Stock","Health Care","Biotechnology","107.82","53.51","Buy","Aug 10, 2026","Uptrend","Jan 14, 2026","950922.03","-47.47","3.45","3.08","Moving Up","","",,="6/9","<1","false","Swing"
"TDG","Transdigm Group Incorporated Common Stock","Industrials","Aerospace & Defense","1233.78","45.96","Sell","Aug 10, 2026","Downtrend","Aug 17, 2026","400912.57","-20.07","0.3","-0.33","Moving Up","","",,="4/9","<1","false","Swing"
"TT","Trane Technologies plc","Industrials","Building Products & Equipment","463.37","53.96","Buy","Aug 10, 2026","Neutral","Aug 18, 2026","1143799.83","197.98","2.07","-2.51","Moving Down","","",,="4/9","<1","false","Swing"
"TWLO","Twilio Inc. Class A Common Stock","Technology","Software - Infrastructure","232.1","82.75","Buy","Aug 10, 2026","Uptrend","Aug 07, 2026","2304627","1.95","3.85","1.53","Moving Up","","",,="6/9","<1","false","Swing"
"TXG","10x Genomics, Inc. Class A Common Stock","Health Care","Health Information Services","55.63","86.27","Buy","Aug 10, 2026","Uptrend","May 20, 2026","3076497.13","0.28","4.09","-4.07","Moving Up","","",,="7/9","<1","false","Swing"
"V","Visa Inc.","Financials","Credit Services","364.25","79.74","Sell","Aug 10, 2026","Uptrend","Jun 16, 2026","7057313.2","32.8","0.98","1.51","Moving Down","","",,="3/9","<1","false","Swing"
"VNO","Vornado Realty Trust Common Stock","Real Estate","REIT - Office","37.75","65.12","Sell","Aug 10, 2026","Downtrend","Aug 17, 2026","1621395.23","-41.53","2.99","-0.4","Moving Down","","",,="3/9","<1","false","Swing"
"VOR","Vor Biopharma Inc. Common Stock","Health Care","Biotechnology","23.28","33.44","Sell","Aug 10, 2026","Uptrend","Jun 25, 2026","952345.7","-37.71","10.57","1.17","Moving Down","","",,="5/9","<1","false","Swing"
"VRTX","Vertex Pharmaceuticals Incorporated Common Stock","Health Care","Biotechnology","528.19","74.94","Buy","Aug 10, 2026","Uptrend","Aug 07, 2026","1378754","-150.21","0.17","2.45","Moving Up","","",,="7/9","<1","false","Swing"
"WLDN","Willdan Group, Inc. Common Stock","Industrials","Engineering & Construction","84.54","66.74","Buy","Aug 10, 2026","Uptrend","Aug 07, 2026","280131.87","2.56","0.04","1.28","Moving Up","","",,="6/9","<1","false","Swing"
"WLK","Westlake Corporation Common Stock","Materials","Specialty Chemicals","77.52","64.06","Buy","Aug 10, 2026","Neutral","Aug 14, 2026","1081949","13.58","2.61","-0.88","Moving Up","","",,="5/9","<1","false","Swing"
"WSFS","WSFS Financial Corporation Common Stock","Financials","Banks - Regional","81.69","75.39","Sell","Aug 10, 2026","Uptrend","Mar 30, 2026","422227.4","71.84","2.32","-0.15","Moving Down","","",,="4/9","<1","false","Swing"
"WTS","Watts Water Technologies, Inc. Class A Common Stock","Industrials","Specialty Industrial Machinery","375.8","80.25","Buy","Aug 10, 2026","Uptrend","Aug 04, 2026","200966.17","180.05","1.58","-2.44","Moving Up","","",,="6/9","<1","false","Swing"
"WTTR","Select Water Solutions, Inc. Class A common stock","Energy","Oil & Gas Equipment & Services","21.09","78.24","Buy","Aug 10, 2026","Uptrend","Aug 05, 2026","1723888.43","-24.51","0.33","-1.08","Moving Up","","",,="8/9","<1","false","Swing"
"XYZ","Block, Inc. Class A Common Stock,","Technology","Software - Infrastructure","79.43","66.38","Sell","Aug 10, 2026","Uptrend","Jun 16, 2026","4888067.4","101.18","11.1","-0.96","Moving Down","","",,="4/9","<1","false","Swing"
"YOU","Clear Secure, Inc. Class A Common Stock","Technology","Software - Application","44.61","6.71","Sell","Aug 10, 2026","Downtrend","Aug 07, 2026","1458256.63","-99.39","0.19","1.76","Moving Down","","",,="3/9","<1","false","Swing"
"ZLAB","Zai Lab Limited American Depositary Shares","Health Care","Biotechnology","25.57","97.92","Buy","Aug 10, 2026","Uptrend","Aug 07, 2026","1027828.43","-28.32","4.22","-0.27","Moving Up","","",,="7/9","<1","false","Swing"
"ZTS","Zoetis Inc. Class A Common Stock","Health Care","Drug Manufacturers - Specialty & Generic","73.96","48.93","Sell","Aug 10, 2026","Downtrend","Aug 07, 2026","6489924.83","-59.16","2.17","1.36","Moving Up","","",,="5/9","<1","false","Swing"
"ABG","Asbury Automotive Group Inc Common Stock","Discretionary","Auto & Truck Dealerships","203.94","59.76","Sell","Aug 07, 2026","Downtrend","Aug 11, 2026","259633.4","12.45","0.38","-2.21","Moving Down","","",,="3/9","<1","false","Swing"
"ACAD","ACADIA Pharmaceuticals Inc. Common Stock","Health Care","Biotechnology","30.18","73.69","Buy","Aug 07, 2026","Uptrend","Jun 22, 2026","1658266.2","87.74","13.9","4.03","Moving Up","","",,="7/9","<1","false","Swing"
"AEIS","Advanced Energy Industries, Inc. Common Stock","Industrials","Electrical Equipment & Parts","314.43","70.79","Buy","Aug 07, 2026","Neutral","Aug 18, 2026","673661.17","-13.16","0.33","-9.81","Moving Up","","",,="5/9","<1","false","Swing"
"AMAL","Amalgamated Financial Corp. Common Stock (DE)","Financials","Banks - Regional","50.18","70.16","Sell","Aug 07, 2026","Uptrend","May 26, 2026","151322.23","145.08","2.31","-1.26","Moving Down","","",,="4/9","<1","false","Swing"
"APG","APi Group Corporation Common Stock","Industrials","Engineering & Construction","42.78","52.5","Buy","Aug 07, 2026","Uptrend","Aug 06, 2026","2667566.13","210.45","1.98","-4.34","Moving Down","","",,="5/9","<1","false","Swing"
"ARE","Alexandria Real Estate Equities, Inc. Common Stock","Real Estate","REIT - Office","45.84","49.81","Sell","Aug 07, 2026","Downtrend","Aug 06, 2026","1711843.8","74.62","6.46","-2.34","Moving Down","","",,="3/9","<1","false","Swing"
"ASA","ASA  Gold and Precious Metals Limited","Financials","Closed-End Fund - Equity","57.715","33.73","Buy","Aug 07, 2026","Uptrend","Aug 06, 2026","53147.83","-33.21","0.39","-3.21","Moving Up","","",,="6/9","<1","false","Swing"
"ATNI","ATN International, Inc. Common Stock","Communication","Telecom Services","31.42","74.11","Buy","Aug 07, 2026","Uptrend","Aug 06, 2026","81222.37","-61.48","1.74","-0.48","Moving Up","","",,="5/9","<1","false","Swing"
"AXTI","AXT Inc Common Stock","Technology","Semiconductor Equipment & Materials","82.31","81.08","Buy","Aug 07, 2026","Uptrend","Aug 06, 2026","11268995.8","1638.54","3.33","-14.23","Moving Up","","",,="6/9","<1","false","Swing"
"AYI","Acuity Inc. Common Stock","Industrials","Electrical Equipment & Parts","345.59","61.44","Buy","Aug 07, 2026","Uptrend","Jun 12, 2026","288019.03","7.29","0.13","-4.11","Moving Down","","",,="5/9","<1","false","Swing"
"BCAL","California BanCorp Common Stock","Financials","Banks - Regional","21.64","64.83","Sell","Aug 07, 2026","Uptrend","Jun 04, 2026","205017.3","48.15","4.67","1.07","Moving Down","","",,="4/9","<1","false","Swing"
"BCE","BCE, Inc. Common Stock","Communication","Telecom Services","23.36","70.83","Buy","Aug 07, 2026","Uptrend","Aug 06, 2026","3427298.57","-33.62","3.54","0.04","Moving Up","","",,="6/9","<1","false","Swing"
"BIP","Brookfield Infrastructure Partners LP Limited Partnership Units","Utilities","Utilities - Diversified","38.32","73.33","Sell","Aug 07, 2026","Downtrend","Aug 17, 2026","987446.93","54.64","3.66","-1.52","Moving Down","","",,="4/9","<1","false","Swing"
"BOOT","Boot Barn Holdings, Inc. Common Stock","Discretionary","Apparel Retail","158.09","60.99","Buy","Aug 07, 2026","Neutral","Aug 18, 2026","689874.67","173.67","1.81","-3.68","Moving Down","","",,="4/9","<1","false","Swing"
"BTO","John Hancock Financial Opportunities Fund Common Stock","Financials","Closed-End Fund - Equity","41.01","72.88","Sell","Aug 07, 2026","Uptrend","Jun 05, 2026","44943.8","3.26","0.1","-0.02","Moving Down","","",,="4/9","<1","false","Swing"
"CASY","Casey's General Stores, Inc. Common Stock","Discretionary","Specialty Retail","855","58.27","Sell","Aug 07, 2026","Uptrend","Aug 13, 2026","318823.37","16.35","0.08","-1.73","Moving Down","","",,="4/9","<1","false","Swing"
"CBSH","Commerce Bancshares, Inc. Common Stock","Financials","Banks - Regional","59.56","80.08","Sell","Aug 07, 2026","Uptrend","Jun 04, 2026","1104846.53","39.3","3.27","-0.25","Moving Down","","",,="4/9","<1","false","Swing"
"CCD","Calamos Dynamic Convertible & Income Fund Common Stock","Financials","Closed-End Fund - Equity","25.81","84.29","Buy","Aug 07, 2026","Uptrend","Aug 06, 2026","66415.63","-8.87","0.22","-0.96","Moving Down","","",,="5/9","<1","false","Swing"
"CFR","Cullen/Frost Bankers, Inc. Common Stock","Financials","Banks - Regional","167.33","83.77","Sell","Aug 07, 2026","Uptrend","Jun 09, 2026","594660.2","37.61","1.29","-0.44","Moving Down","","",,="4/9","<1","false","Swing"
"CIVB","Civista Bancshares, Inc. Common Stock","Financials","Banks - Regional","28.3","65.54","Sell","Aug 07, 2026","Uptrend","Apr 06, 2026","123095.27","58.52","4.14","-0.21","Moving Down","","",,="4/9","<1","false","Swing"
"CMG","Chipotle Mexican Grill, Inc. Common Stock","Discretionary","Restaurants","33.36","42.52","Sell","Aug 07, 2026","Downtrend","Aug 18, 2026","18377801.23","79.29","2.48","-1.18","Moving Down","","",,="3/9","<1","false","Swing"
"CNA","CNA Financial Corporation Common Stock","Financials","Insurance - Property & Casualty","50.33","85.56","Sell","Aug 07, 2026","Neutral","Aug 18, 2026","460686.57","-47.78","0.13","0.66","Moving Down","","",,="3/9","<1","false","Swing"
"CNR","Core Natural Resources, Inc. Common Stock","Energy","Thermal Coal","92.03","86.61","Buy","Aug 07, 2026","Uptrend","Aug 06, 2026","532100.93","-29.31","0.15","-4.01","Moving Up","","",,="8/9","<1","false","Swing"
"COLL","Collegium Pharmaceutical, Inc. Common Stock","Health Care","Drug Manufacturers - Specialty & Generic","28.5","7.4","Sell","Aug 07, 2026","Downtrend","Aug 06, 2026","582348.1","-41.95","0.09","1.53","Moving Down","","",,="4/9","<1","false","Swing"
"CRL","Charles River Laboratories International, Inc. Common Stock","Health Care","Diagnostics & Research","279.19","91.98","Buy","Aug 07, 2026","Uptrend","May 29, 2026","898630.1","4.96","0.17","-2.6","Moving Up","","",,="7/9","<1","false","Swing"
"CSWC","Capital Southwest Corporation Common Stock","Financials","Asset Management","24.59","63.57","Buy","Aug 07, 2026","Uptrend","Aug 03, 2026","668942.03","139.68","3.67","-0.2","Moving Up","","",,="6/9","<1","false","Swing"
"CUBE","CubeSmart Common Shares","Real Estate","REIT - Industrial","40.96","71.02","Sell","Aug 07, 2026","Downtrend","Aug 18, 2026","2137939.8","-54.98","0.13","-0.44","Moving Down","","",,="3/9","<1","false","Swing"
"DINO","HF Sinclair Corporation Common Stock","Energy","Oil & Gas Refining & Marketing","95.7","79.42","Sell","Aug 07, 2026","Uptrend","Jul 01, 2026","2916184.17","132.33","3.79","0.75","Moving Up","","",,="7/9","<1","false","Swing"
"DKL","Delek Logistics Partners, L.P. Common Units representing Limited Partner Interests","Energy","Oil & Gas Refining & Marketing","53.74","67.8","Sell","Aug 07, 2026","Downtrend","Aug 17, 2026","156026.33","239.18","4.38","-0.06","Moving Down","","",,="5/9","<1","false","Swing"
"EDN","Empresa Distribuidora Y Comercializadora Norte S.A. (Edenor) American Depositary Shares","Utilities","Utilities - Regulated Electric","22.5","40.64","Sell","Aug 07, 2026","Downtrend","Aug 07, 2026","71287.43","274.54","3.13","-2.26","Moving Down","","",,="4/9","<1","false","Swing"
"EHC","Encompass Health Corporation Common Stock","Health Care","Medical Care Facilities","122.1","84.8","Buy","Aug 07, 2026","Uptrend","Jul 02, 2026","936283.43","-52.22","0.27","0.09","Moving Down","","",,="6/9","<1","false","Swing"
"EQH","Equitable Holdings, Inc. Common Stock","Financials","Asset Management","50.84","95.52","Buy","Aug 07, 2026","Uptrend","Jun 11, 2026","2807824.3","-42.03","0.2","-0.57","Moving Down","","",,="5/9","<1","false","Swing"
"ET","Energy Transfer LP Common Units ","Energy","Oil & Gas Midstream","21.42","81.1","Buy","Aug 07, 2026","Uptrend","Jul 07, 2026","9213232.43","38.54","0.48","2.29","Moving Up","","",,="8/9","<1","false","Swing"
"EW","Edwards Lifesciences Corporation Common Stock","Health Care","Medical Devices","90.98","56.34","Buy","Aug 07, 2026","Uptrend","Aug 06, 2026","4444710.63","-10.37","0.22","0.19","Moving Up","","",,="7/9","<1","false","Swing"
"FEIM","Frequency Electronics, Inc. Common Stock","Technology","Communication Equipment","75.17","62.88","Buy","Aug 07, 2026","Uptrend","Aug 05, 2026","376217.2","93.08","0.32","-4.65","Moving Up","","",,="6/9","<1","false","Swing"
"FHN","First Horizon Corporation Common Stock","Financials","Banks - Regional","25.82","59.2","Sell","Aug 07, 2026","Uptrend","Aug 11, 2026","5875034.3","18.75","0.69","-0.77","Moving Down","","",,="4/9","<1","false","Swing"
"FOUR","Shift4 Payments, Inc. Class A Common Stock","Technology","Software - Infrastructure","46.7","64.42","Sell","Aug 07, 2026","Downtrend","Aug 14, 2026","1482828.2","-33.75","3.24","5.3","Moving Up","","",,="4/9","<1","false","Swing"
"FUL","H. B. Fuller Company Common Stock","Materials","Specialty Chemicals","59.89","55.27","Buy","Aug 07, 2026","Uptrend","Aug 06, 2026","631505.77","-64.76","0.08","-5.8","Moving Up","","",,="6/9","<1","false","Swing"
"GBX","Greenbrier Companies, Inc. (The) Common Stock","Industrials","Railroads","45.09","47.78","Sell","Aug 07, 2026","Downtrend","Aug 07, 2026","432455.4","46.59","2.07","-1.51","Moving Down","","",,="3/9","<1","false","Swing"
"HCC","Warrior Met Coal, Inc. Common Stock","Materials","Coking Coal","97.74","75.39","Buy","Aug 07, 2026","Uptrend","Aug 06, 2026","642249.4","-44.25","0.3","-0.9","Moving Up","","",,="6/9","<1","false","Swing"
"HOMB","Home BancShares, Inc. Common Stock","Financials","Banks - Regional","30.97","75.19","Sell","Aug 07, 2026","Uptrend","Jun 04, 2026","1735059.9","63.79","2.82","-0.45","Moving Down","","",,="4/9","<1","false","Swing"
"HP","Helmerich & Payne, Inc. Common Stock","Energy","Oil & Gas Drilling","44.19","69.62","Buy","Aug 07, 2026","Uptrend","Aug 06, 2026","1199414.73","-14.25","0.18","-1.19","Moving Up","","",,="7/9","<1","false","Swing"
"HYMC","Hycroft Mining Holding Corporation Class A Common Stock","Materials","Gold","24.19","52.41","Buy","Aug 07, 2026","Neutral","Aug 18, 2026","1572643.5","-57.25","6.01","-8.09","Moving Down","","",,="4/9","<1","false","Swing"
"IBP","Installed Building Products, Inc. Common Stock","Discretionary","Residential Construction","238.59","54.81","Buy","Aug 07, 2026","Uptrend","Aug 03, 2026","373932.83","54.24","0.67","-2.03","Moving Up","","",,="6/9","<1","false","Swing"
"IDT","IDT Corporation Class B Common Stock","Communication","Telecom Services","66.65","71.1","Sell","Aug 07, 2026","Uptrend","Jun 23, 2026","180954.97","82.42","0.26","0.29","Moving Down","","",,="3/9","<1","false","Swing"
"ISSC","Innovative Solutions and Support, Inc. Common Stock","Industrials","Aerospace & Defense","24.78","66.9","Buy","Aug 07, 2026","Uptrend","Aug 03, 2026","283780.23","596.86","4.4","0","Moving Up","","",,="6/9","<1","false","Swing"
"JBL","Jabil Inc. Common Stock","Technology","Electronic Components","338.62","77.78","Buy","Aug 07, 2026","Neutral","Aug 18, 2026","1065652.73","359.87","1.3","-8.45","Moving Up","","",,="5/9","<1","false","Swing"
"JHX","James Hardie Industries plc. Ordinary Shares","Materials","Building Materials","29.29","80.96","Buy","Aug 07, 2026","Uptrend","May 27, 2026","7189046.63","-97.22","0.13","-3.75","Moving Down","","",,="5/9","<1","false","Swing"
"JOYY","JOYY Inc. American Depositary Shares","Communication","Internet Content & Information","73.74","49.27","Sell","Aug 07, 2026","Uptrend","May 27, 2026","245244.03","119.83","6.73","0.16","Moving Down","","",,="4/9","<1","false","Swing"
"KALU","Kaiser Aluminum Corporation Common Stock","Materials","Aluminum","161.24","84.75","Buy","Aug 07, 2026","Neutral","Aug 18, 2026","264228.67","1.84","0.07","-13.08","Moving Up","","",,="5/9","<1","false","Swing"
"KGC","Kinross Gold Corporation Common Stock","Materials","Gold","27.12","34.91","Buy","Aug 07, 2026","Uptrend","Aug 06, 2026","7492977.3","292.96","1.42","-2.16","Moving Up","","",,="5/9","<1","false","Swing"
"KMT","Kennametal Inc. Common Stock","Industrials","Tools & Accessories","30.74","47.84","Sell","Aug 07, 2026","Downtrend","Aug 06, 2026","1355353.9","-16.91","0.17","-3.36","Moving Down","","",,="3/9","<1","false","Swing"
"L","Loews Corporation Common Stock","Financials","Insurance - Property & Casualty","112.45","66.29","Sell","Aug 07, 2026","Downtrend","Aug 11, 2026","718994.37","-64.64","0.29","0.06","Moving Down","","",,="3/9","<1","false","Swing"
"LCNB","LCNB Corporation Common Stock","Financials","Banks - Regional","20.2","73.06","Sell","Aug 07, 2026","Uptrend","Jun 04, 2026","47418.47","-4.46","0.33","1.56","Moving Down","","",,="4/9","<1","false","Swing"
"LITE","Lumentum Holdings Inc. Common Stock","Technology","Communication Equipment","873.31","73.69","Buy","Aug 07, 2026","Uptrend","Aug 06, 2026","4854091.97","1168.88","3.3","-9.87","Moving Up","","Negative",,="6/9","<1","false","Swing"
"LQDT","Liquidity Services, Inc. Common Stock","Discretionary","Internet Retail","43.26","69.51","Buy","Aug 07, 2026","Uptrend","Aug 06, 2026","220720.83","-62.67","0.3","1.29","Moving Up","","",,="6/9","<1","false","Swing"
"LVS","Las Vegas Sands Corp. Common Stock","Discretionary","Resorts & Casinos","45.47","51.24","Sell","Aug 07, 2026","Downtrend","Aug 06, 2026","4893311.03","-1.21","97.83","0.09","Moving Down","","",,="3/9","<1","false","Swing"
"LXP","LXP Industrial Trust Common Stock (Maryland REIT)","Real Estate","REIT - Industrial","60.57","81.23","Sell","Aug 07, 2026","Uptrend","Jun 05, 2026","830000.2","21.2","0.94","-0.15","Moving Down","","",,="4/9","<1","false","Swing"
"MFC","Manulife Financial Corporation Common Stock","Financials","Insurance - Life","44.03","77.6","Sell","Aug 07, 2026","Uptrend","Jun 08, 2026","1560052.1","137","2.96","-0.45","Moving Down","","",,="4/9","<1","false","Swing"
"MGRC","McGrath RentCorp Common Stock","Industrials","Rental & Leasing Services","118.88","69.25","Buy","Aug 07, 2026","Uptrend","Aug 03, 2026","156845.93","-70.08","0.18","-1.78","Moving Down","","",,="5/9","<1","false","Swing"
"MLR","Miller Industries, Inc. Common Stock","Discretionary","Auto Parts","56.52","81.74","Buy","Aug 07, 2026","Uptrend","Jul 16, 2026","84323.1","68.52","2.62","-0.18","Moving Up","","",,="6/9","<1","false","Swing"
"MMI","Marcus & Millichap, Inc. Common Stock","Real Estate","Real Estate Services","31.58","69.37","Buy","Aug 07, 2026","Uptrend","Jul 27, 2026","127409.9","33.02","6.01","1.77","Moving Up","","",,="6/9","<1","false","Swing"
"MRCY","Mercury Systems Inc Common Stock","Industrials","Aerospace & Defense","105","75.36","Buy","Aug 07, 2026","Neutral","Aug 18, 2026","634777.93","61.31","4.01","-7.37","Moving Up","","Positive",,="5/9","<1","false","Swing"
"MTCH","Match Group, Inc. Common Stock","Communication","Internet Content & Information","38.69","50.92","Sell","Aug 07, 2026","Neutral","Aug 18, 2026","2955161.83","-50.82","6.74","3.95","Moving Up","","",,="4/9","<1","false","Swing"
"MUR","Murphy Oil Corporation Common Stock","Energy","Oil & Gas E&P","35.18","47.34","Sell","Aug 07, 2026","Downtrend","Aug 07, 2026","1679573.03","2.41","0.15","1.03","Moving Down","","",,="5/9","<1","false","Swing"
"NOVT","Novanta Inc. Common Stock","Technology","Scientific & Technical Instruments","157.11","90.86","Buy","Aug 07, 2026","Uptrend","Aug 06, 2026","432995.77","-63.91","0.12","-6.9","Moving Up","","",,="6/9","<1","false","Swing"
"NVGS","Navigator Holdings Ltd. Ordinary Shares (Marshall Islands)","Energy","Oil & Gas Midstream","21.36","64.8","Sell","Aug 07, 2026","Neutral","Aug 17, 2026","420299.27","67.25","2.84","-0.88","Moving Up","","",,="6/9","<1","false","Swing"
"NVT","nVent Electric plc Ordinary Shares ","Industrials","Electrical Equipment & Parts","164.63","67.93","Buy","Aug 07, 2026","Uptrend","Aug 06, 2026","2011748.43","70.78","0.53","-7.1","Moving Down","","",,="5/9","<1","false","Swing"
"OBK","Origin Bancorp, Inc. Common Stock","Financials","Banks - Regional","53.56","57.28","Sell","Aug 07, 2026","Uptrend","Apr 06, 2026","176320.23","61.58","3.85","-0.19","Moving Down","","",,="4/9","<1","false","Swing"
"OPY","Oppenheimer Holdings, Inc. Class A Common Stock (DE)","Financials","Capital Markets","117.17","66.29","Buy","Aug 07, 2026","Uptrend","Aug 03, 2026","121692.93","284.8","1.83","-0.92","Moving Up","","",,="5/9","<1","false","Swing"
"OTTR","Otter Tail Corporation Common Stock","Industrials","Conglomerates","91.22","67.56","Buy","Aug 07, 2026","Uptrend","Aug 03, 2026","243409.53","-84.28","0.22","-1.52","Moving Down","","",,="5/9","<1","false","Swing"
"PAM","Pampa Energia S.A.","Industrials","Conglomerates","79","32.47","Sell","Aug 07, 2026","Downtrend","Aug 07, 2026","154831.1","-182.41","0.25","-1.08","Moving Down","","",,="3/9","<1","false","Swing"
"PGNY","Progyny, Inc. Common Stock","Health Care","Healthcare Plans","25.71","38.84","Sell","Aug 07, 2026","Downtrend","Aug 07, 2026","1149335.77","-50.93","3.11","1.5","Moving Down","","",,="4/9","<1","false","Swing"
"PINS","Pinterest, Inc. Class A Common Stock","Communication","Internet Content & Information","23.06","63.73","Sell","Aug 07, 2026","Uptrend","Jun 29, 2026","10972780.9","-102.33","1.77","-0.04","Moving Down","","",,="4/9","<1","false","Swing"
"PKX","POSCO HOLDINGS INC. American Depositary Shares (Each representing 1/4th of a share of Common Stock)","Materials","Steel","57.02","66.92","Buy","Aug 07, 2026","Uptrend","Aug 14, 2026","332248.43","77.63","19.91","-3.47","Moving Up","","",,="6/9","<1","false","Swing"
"PLXS","Plexus Corp. Common Stock","Technology","Electronic Components","253.15","70.26","Buy","Aug 07, 2026","Neutral","Aug 18, 2026","301473.93","128.8","1.55","-7.68","Moving Down","","",,="4/9","<1","false","Swing"
"PM","Philip Morris International Inc Common Stock","Staples","Tobacco","187.62","62.82","Sell","Aug 07, 2026","Neutral","Aug 18, 2026","4903101.13","38.5","0.81","1.68","Moving Down","","",,="3/9","<1","false","Swing"
"PRKS","United Parks & Resorts Inc. Common Stock","Discretionary","Leisure","45.03","71.34","Sell","Aug 07, 2026","Neutral","Aug 12, 2026","641532.93","2.41","0.2","1.3","Moving Up","","",,="4/9","<1","false","Swing"
"PTGX","Protagonist Therapeutics, Inc. Common Stock","Health Care","Biotechnology","157.34","77.01","Buy","Aug 07, 2026","Uptrend","Jun 10, 2026","576885.8","1157.72","1.56","-0.81","Moving Up","","",,="7/9","<1","false","Swing"
"PUK","Prudential Public Limited Company Common Stock","Financials","Insurance - Life","28.08","64.39","Sell","Aug 07, 2026","Downtrend","Aug 11, 2026","1040563.23","-22.42","2.67","-0.39","Moving Down","","",,="3/9","<1","false","Swing"
"RBB","RBB Bancorp Common Stock","Financials","Banks - Regional","27.25","73.8","Buy","Aug 07, 2026","Uptrend","Aug 04, 2026","173990.37","76.65","12.92","-0.26","Moving Down","","",,="5/9","<1","false","Swing"
"RCI","Rogers Communication, Inc. Common Stock","Communication","Telecom Services","35.91","66.91","Buy","Aug 07, 2026","Uptrend","Aug 11, 2026","1234095.97","30.77","7.14","-0.5","Moving Up","","",,="6/9","<1","false","Swing"
"RDN","Radian Group Inc. Common Stock","Financials","Insurance - Specialty","36.85","61.99","Sell","Aug 07, 2026","Downtrend","Aug 10, 2026","1214068.7","-37.11","0.25","-0.54","Moving Down","","",,="3/9","<1","false","Swing"
"RHP","Ryman Hospitality Properties, Inc. (REIT)","Real Estate","REIT - Hotel & Motel","126.09","69.16","Sell","Aug 07, 2026","Neutral","Aug 18, 2026","801789.17","-59.09","0.19","1.6","Moving Down","","",,="3/9","<1","false","Swing"
"RVTY","Revvity, Inc. Common Stock","Health Care","Diagnostics & Research","113.75","82.79","Buy","Aug 07, 2026","Uptrend","May 06, 2026","1382645.17","-76.55","0.05","-2.08","Moving Down","","",,="5/9","<1","false","Swing"
"SLAB","Silicon Laboratories, Inc. Common Stock","Technology","Semiconductors","219","43.22","Buy","Aug 07, 2026","Uptrend","Aug 06, 2026","255052.73","-38.77","0.22","-0.13","Moving Up","","",,="5/9","<1","false","Swing"
"SNN","Smith & Nephew SNATS, Inc. Common Stock","Health Care","Medical Devices","30.19","62.49","Sell","Aug 07, 2026","Downtrend","Aug 07, 2026","1601226.83","-74.58","1.41","1.72","Moving Down","","",,="4/9","<1","false","Swing"
"STRT","STRATTEC SECURITY CORPORATION Common Stock","Discretionary","Auto Parts","81.78","50.37","Sell","Aug 07, 2026","Downtrend","Aug 17, 2026","88291.97","-389.58","0.13","0.05","Moving Down","","",,="3/9","<1","false","Swing"
"STVN","Stevanato Group S.p.A. Ordinary Shares","Health Care","Medical Instruments & Supplies","21.2","78.72","Sell","Aug 07, 2026","Uptrend","Jun 30, 2026","394091.8","-49.62","2.35","-0.28","Moving Down","","",,="4/9","<1","false","Swing"
"SUI","Sun Communities, Inc. Common Stock","Real Estate","REIT - Residential","120.17","52.67","Sell","Aug 07, 2026","Downtrend","Aug 17, 2026","1668085.4","-35.17","1.27","-0.98","Moving Down","","",,="3/9","<1","false","Swing"
"SXI","Standex International Corporation Common Stock","Industrials","Specialty Industrial Machinery","320.89","68.91","Buy","Aug 07, 2026","Uptrend","Aug 05, 2026","142455.67","195.5","1.46","-1.86","Moving Up","","",,="6/9","<1","false","Swing"
"TARS","Tarsus Pharmaceuticals, Inc. Common Stock","Health Care","Biotechnology","71.03","61.71","Buy","Aug 07, 2026","Uptrend","Aug 06, 2026","1001668.97","276.95","2.37","0.59","Moving Down","","",,="5/9","<1","false","Swing"
"TENB","Tenable Holdings, Inc. Common Stock","Technology","Software - Infrastructure","36.34","78.42","Buy","Aug 07, 2026","Uptrend","Aug 06, 2026","3336920.9","-129.19","0.75","2.98","Moving Down","","",,="5/9","<1","false","Swing"
"TFC","Truist Financial Corporation Common Stock","Financials","Banks - Regional","52.41","52.97","Buy","Aug 07, 2026","Uptrend","Jun 23, 2026","7147055.57","-16.83","0.43","-0.23","Moving Up","","",,="6/9","<1","false","Swing"
"TNET","TriNet Group, Inc. Common Stock","Industrials","Staffing & Employment Services","69.84","85.67","Sell","Aug 07, 2026","Uptrend","Jun 23, 2026","393467.63","93.54","2.96","4.02","Moving Down","","",,="4/9","<1","false","Swing"
"TPB","Turning Point Brands, Inc. Common Stock","Staples","Tobacco","86.5","53.25","Buy","Aug 07, 2026","Uptrend","Aug 06, 2026","341647.3","80.87","1.19","1.41","Moving Up","","",,="6/9","<1","false","Swing"
"TRST","TrustCo Bank Corp NY Common Stock","Financials","Banks - Regional","57.34","71.66","Sell","Aug 07, 2026","Uptrend","Apr 02, 2026","115905.93","67.02","2.49","0.95","Moving Down","","",,="3/9","<1","false","Swing"
"TRUP","Trupanion, Inc. Common Stock","Financials","Insurance - Property & Casualty","29.97","67.12","Buy","Aug 07, 2026","Uptrend","Aug 06, 2026","484804.9","-45.34","1.32","-0.07","Moving Up","","",,="6/9","<1","false","Swing"
"TRV","The Travelers Companies, Inc. Common Stock","Financials","Insurance - Property & Casualty","367.93","87.9","Sell","Aug 07, 2026","Uptrend","Jun 11, 2026","1930479.73","78.06","1.01","0.94","Moving Down","","",,="4/9","<1","false","Swing"
"TS","Tenaris S.A. American Depositary Shares","Energy","Oil & Gas Equipment & Services","52.95","43.91","Sell","Aug 07, 2026","Downtrend","Aug 06, 2026","1336737.63","62.36","1.06","-0.92","Moving Down","","",,="5/9","<1","false","Swing"
"TSN","Tyson Foods, Inc. Common Stock","Staples","Farm Products","57.99","60.33","Sell","Aug 07, 2026","Downtrend","Aug 10, 2026","3028349","-49.9","2.23","-1.06","Moving Down","","",,="3/9","<1","false","Swing"
"TY","Tri Continental Corporation Common Stock","Financials","Closed-End Fund - Equity","35.23","56.31","Buy","Aug 07, 2026","Uptrend","Aug 04, 2026","30988.33","77.26","1.75","-2.14","Moving Up","","",,="6/9","<1","false","Swing"
"URGN","UroGen Pharma Ltd. Ordinary Shares","Health Care","Biotechnology","48.92","65.53","Buy","Aug 07, 2026","Uptrend","Apr 09, 2026","857574.27","247.43","1.17","-0.45","Moving Up","","",,="7/9","<1","false","Swing"
"VAC","Marriott Vacations Worldwide Corporation Common Stock","Discretionary","Resorts & Casinos","115.04","91.77","Buy","Aug 07, 2026","Uptrend","Feb 25, 2026","468122.17","-15.11","2.13","-3.71","Moving Up","","",,="6/9","<1","false","Swing"
"VCTR","Victory Capital Holdings, Inc. Class A Common Stock","Financials","Asset Management","117.77","97.44","Buy","Aug 07, 2026","Uptrend","Jul 06, 2026","539646.9","43.78","0.57","-0.88","Moving Up","","",,="6/9","<1","false","Swing"
"VEEV","Veeva Systems Inc. Class A Common Stock","Health Care","Health Information Services","242.75","99.24","Buy","Aug 07, 2026","Uptrend","Jun 29, 2026","1618806.37","-137.83","0.1","1.85","Moving Up","","",,="7/9","<1","false","Swing"
"WD","Walker & Dunlop, Inc Common Stock","Financials","Mortgage Finance","39.71","39.75","Sell","Aug 07, 2026","Downtrend","Aug 06, 2026","365231.07","132.64","15.27","-2.43","Moving Down","","",,="3/9","<1","false","Swing"
"ACA","Arcosa, Inc. Common Stock ","Industrials","Engineering & Construction","145.35","58.07","Sell","Aug 06, 2026","Uptrend","May 20, 2026","698040.27","95.07","1.5","0.23","Moving Down","","",,="4/9","<1","false","Swing"
"ADEA","Adeia Inc. Common Stock","Technology","Software - Application","28.02","49.76","Buy","Aug 06, 2026","Neutral","Aug 18, 2026","1171551.47","121.55","0.68","-5.56","Moving Up","","",,="5/9","<1","false","Swing"
"AEM","Agnico Eagle Mines Limited Common Stock","Materials","Gold","186.94","60.93","Buy","Aug 06, 2026","Uptrend","Aug 05, 2026","2623377.07","146.86","1.73","-0.97","Moving Up","","",,="5/9","<1","false","Swing"
"AFL","AFLAC Incorporated Common Stock","Financials","Insurance - Life","121.73","57.27","Sell","Aug 06, 2026","Neutral","Aug 18, 2026","1905443.5","27.34","0.49","0.62","Moving Down","","",,="3/9","<1","false","Swing"
"AKO/B","Embotelladora Andina S.A. Common Stock","Staples","Beverages - Non-Alcoholic","30.07","52.9","Buy","Aug 06, 2026","Uptrend","Jul 30, 2026","4259.73","88.65","1.15","-2.78","Moving Down","","",,="4/9","<1","false","Swing"
"AKR","Acadia Realty Trust Common Stock","Real Estate","REIT - Retail","21.05","51.12","Sell","Aug 06, 2026","Downtrend","Aug 06, 2026","1323948.13","-2.6","1.77","1.1","Moving Down","","",,="3/9","<1","false","Swing"
"ALNT","Allient Inc. Common Stock","Technology","Electronic Components","108.74","84.85","Buy","Aug 06, 2026","Uptrend","Aug 04, 2026","271952.8","240.23","2.99","-3.79","Moving Up","","",,="6/9","<1","false","Swing"
"ATHM","Autohome Inc. American Depositary Shares, each representing four class A ordinary shares.","Communication","Internet Content & Information","21.97","76.31","Sell","Aug 06, 2026","Uptrend","Jul 06, 2026","734925.17","-37.17","7.08","-2.31","Moving Down","","",,="4/9","<1","false","Swing"
"ATI","ATI Inc. Common Stock","Industrials","Metal Fabrication","226.46","85.8","Buy","Aug 06, 2026","Uptrend","Aug 04, 2026","1477466.8","434.24","1.26","-2.3","Moving Up","","",,="6/9","<1","false","Swing"
"ATRO","Astronics Corporation Common Stock","Industrials","Aerospace & Defense","86.12","69.45","Buy","Aug 06, 2026","Uptrend","Aug 05, 2026","612816.87","333.1","3.16","-7.45","Moving Up","","",,="6/9","<1","false","Swing"
"AU","AngloGold Ashanti PLC Ordinary Shares","Materials","Gold","97.95","51.85","Buy","Aug 06, 2026","Uptrend","Aug 05, 2026","2435399.23","-232.54","0.21","-1.66","Moving Up","","",,="6/9","<1","false","Swing"
"AVNT","Avient Corporation Common Stock","Materials","Specialty Chemicals","43.46","93.23","Buy","Aug 06, 2026","Uptrend","Aug 03, 2026","840355.4","-4.85","0.29","-4.25","Moving Up","","",,="6/9","<1","false","Swing"
"AXON","Axon Enterprise, Inc. Common Stock","Industrials","Aerospace & Defense","619.85","62.53","Buy","Aug 06, 2026","Uptrend","Jul 28, 2026","883102.87","-248.12","0.27","2.57","Moving Up","","",,="5/9","<1","false","Swing"
"BALL","Ball Corporation Common Stock","Discretionary","Packaging & Containers","61.67","48.94","Sell","Aug 06, 2026","Downtrend","Aug 17, 2026","1836605.37","-56.41","0.14","0.8","Moving Down","","",,="3/9","<1","false","Swing"
"BBGI","Beasley Broadcast Group, Inc. Class A Common Stock","Communication","Broadcasting","21.95","40.55","Buy","Aug 06, 2026","Uptrend","Aug 04, 2026","49054.63","-15.74","15.96","-1.75","Moving Up","","",,="6/9","<1","false","Swing"
"BBY","Best Buy Co., Inc. Common Stock","Discretionary","Specialty Retail","87.27","73.55","Sell","Aug 06, 2026","Uptrend","Aug 13, 2026","3261403.33","-15.71","0.05","2.14","Moving Up","","",,="4/9","<1","false","Swing"
"BJ","BJ's Wholesale Club Holdings, Inc. Common Stock","Staples","Discount Stores","92.69","49.53","Sell","Aug 06, 2026","Neutral","Aug 18, 2026","1494136.8","-76.05","0.11","-1.84","Moving Down","","",,="3/9","<1","false","Swing"
"BST","BlackRock Science and Technology Trust Common Shares of Beneficial Interest","Financials","Closed-End Fund - Equity","49.43","88.47","Buy","Aug 06, 2026","Uptrend","Aug 05, 2026","87488.87","29.59","0.66","-1.3","Moving Up","","",,="5/9","<1","false","Swing"
"BSTZ","BlackRock Science and Technology Term Trust Common Shares of Beneficial Interest","Financials","Closed-End Fund - Equity","31.07","81.85","Buy","Aug 06, 2026","Uptrend","Aug 05, 2026","189392.43","-9.06","0.19","-2.02","Moving Up","","",,="6/9","<1","false","Swing"
"CAAP","Corporacion America Airports SA Common Shares","Industrials","Airports & Air Services","22.99","27.22","Sell","Aug 06, 2026","Downtrend","Aug 11, 2026","189775.03","96.93","0.94","-4.25","Moving Down","","",,="3/9","<1","false","Swing"
"CSGP","CoStar Group, Inc. Common Stock","Real Estate","Real Estate Services","31.38","66.75","Buy","Aug 06, 2026","Uptrend","Aug 13, 2026","7190098.13","-172.23","0.93","0.1","Moving Up","","",,="6/9","<1","false","Swing"
"CSQ","Calamos Strategic Total Return Common Stock","Financials","Closed-End Fund - Debt","20.79","71.79","Buy","Aug 06, 2026","Uptrend","Aug 05, 2026","189502.6","106.57","1.89","-0.53","Moving Up","","",,="6/9","<1","false","Swing"
"CVI","CVR Energy Inc. Common Stock","Energy","Oil & Gas Refining & Marketing","36.66","70.55","Sell","Aug 06, 2026","Uptrend","Aug 11, 2026","934447.83","61.93","2.31","0.66","Moving Up","","",,="6/9","<1","false","Swing"
"CVNA","Carvana Co. Class A Common Stock","Discretionary","Auto & Truck Dealerships","65","53.94","Buy","Aug 06, 2026","Neutral","Aug 18, 2026","9567025.53","252.97","5.11","-7.26","Moving Down","","",,="4/9","<1","false","Swing"
"DIS","Walt Disney Company (The) Common Stock","Communication","Entertainment","103.95","60.65","Buy","Aug 06, 2026","Uptrend","Aug 05, 2026","10441381.2","26.92","6.58","0.43","Moving Up","","","true",="6/9","<1","false","Swing"
"DYN","Dyne Therapeutics, Inc. Common Stock","Health Care","Biotechnology","26","60.78","Sell","Aug 06, 2026","Uptrend","Jun 15, 2026","2377608.17","217.45","4.7","-0.57","Moving Down","","",,="5/9","<1","false","Swing"
"ELS","Equity Lifestyle Properties, Inc. Common Stock","Real Estate","REIT - Residential","64.49","78.09","Sell","Aug 06, 2026","Downtrend","Aug 18, 2026","1552113.4","-76.75","0.12","-0.62","Moving Down","","",,="3/9","<1","false","Swing"
"ENOV","Enovis Corporation Common Stock","Health Care","Medical Devices","25.64","75.04","Sell","Aug 06, 2026","Downtrend","Aug 17, 2026","1159624.77","-45.88","4.2","3.64","Moving Down","","",,="4/9","<1","false","Swing"
"EQIX","Equinix, Inc. Common Stock REIT","Real Estate","REIT - Specialty","1085.09","60.74","Buy","Aug 06, 2026","Uptrend","Aug 12, 2026","524219.6","75.31","2.21","-1.14","Moving Up","","",,="5/9","<1","false","Swing"
"FANG","Diamondback Energy, Inc. Common Stock","Energy","Oil & Gas E&P","210.02","75.32","Sell","Aug 06, 2026","Uptrend","Aug 10, 2026","1804197.37","-64.15","0.22","1.81","Moving Up","","",,="6/9","<1","false","Swing"
"FMS","Fresenius Medical Care AG American Depositary Shares (Each representing 1/2 of an Ordinary Share)","Health Care","Medical Care Facilities","23.56","60.35","Sell","Aug 06, 2026","Downtrend","Aug 12, 2026","701336.03","36.87","5.6","0.26","Moving Down","","",,="4/9","<1","false","Swing"
"FTK","Flotek Industries, Inc. Common Stock","Energy","Oil & Gas Equipment & Services","27.02","71.44","Buy","Aug 06, 2026","Neutral","Aug 18, 2026","570447.77","-162.33","0.13","-5.72","Moving Down","","",,="6/9","<1","false","Swing"
"GFF","Griffon Corporation Common Stock","Industrials","Building Products & Equipment","101.24","67.55","Buy","Aug 06, 2026","Uptrend","Aug 05, 2026","322647.63","-60.87","0.34","-0.92","Moving Up","","",,="6/9","<1","false","Swing"
"GFI","Gold Fields Limited American Depositary Shares","Materials","Gold","40.92","60.7","Buy","Aug 06, 2026","Uptrend","Aug 05, 2026","3617113.23","195.75","0.86","-1.4","Moving Up","","",,="6/9","<1","false","Swing"
"GLPI","Gaming and Leisure Properties, Inc. Common Stock","Real Estate","REIT - Specialty","42.08","46.65","Sell","Aug 06, 2026","Downtrend","Aug 05, 2026","2554869.8","-7.55","0.14","-0.4","Moving Down","","",,="3/9","<1","false","Swing"
"HIFS","Hingham Institution for Savings Common Stock","Financials","Banks - Regional","308.84","58.99","Buy","Aug 06, 2026","Uptrend","Aug 05, 2026","44524.23","-68.24","0.16","2.31","Moving Up","","",,="5/9","<1","false","Swing"
"HSTM","HealthStream, Inc. Common Stock","Health Care","Health Information Services","28.51","77.88","Sell","Aug 06, 2026","Uptrend","May 04, 2026","183717.8","11.46","7.25","1.75","Moving Down","","",,="5/9","<1","false","Swing"
"HUBB","Hubbell Inc Common Stock","Industrials","Electrical Equipment & Parts","483.86","65.05","Buy","Aug 06, 2026","Neutral","Aug 18, 2026","546451.6","54.5","0.74","-4.05","Moving Down","","",,="4/9","<1","false","Swing"
"IGIC","International General Insurance Holdings Ltd. Ordinary Share","Financials","Insurance - Diversified","26.82","47.05","Sell","Aug 06, 2026","Downtrend","Aug 17, 2026","107407.7","128.1","1.27","2.21","Moving Up","","",,="4/9","<1","false","Swing"
"IRDM","Iridium Communications Inc Common Stock","Communication","Telecom Services","49.03","67.01","Buy","Aug 06, 2026","Uptrend","Aug 05, 2026","1409203.23","88.44","2.94","-2.04","Moving Up","","",,="6/9","<1","false","Swing"
"JBTM","JBT Marel Corporation Common Stock","Industrials","Specialty Industrial Machinery","115.23","30.57","Sell","Aug 06, 2026","Downtrend","Aug 05, 2026","596123.97","-128.13","0","-2.95","Moving Down","","",,="3/9","<1","false","Swing"
"KEYS","Keysight Technologies Inc. Common Stock","Technology","Scientific & Technical Instruments","341","72.44","Buy","Aug 06, 2026","Uptrend","Aug 05, 2026","1219234.03","79.64","0.89","-5.58","Moving Up","","Positive",,="6/9","<1","false","Swing"
"KTOS","Kratos Defense & Security Solutions, Inc. Common Stock","Industrials","Aerospace & Defense","61.99","73.93","Buy","Aug 06, 2026","Uptrend","Aug 05, 2026","3837611.83","457.84","5.5","-2.05","Moving Up","","",,="6/9","<1","false","Swing"
"LEGH","Legacy Housing Corporation Common Stock (TX)","Discretionary","Residential Construction","28.23","81.47","Buy","Aug 06, 2026","Uptrend","May 05, 2026","126874.73","-32.46","0.05","-2.99","Moving Down","","",,="5/9","<1","false","Swing"
"LEN/B","Lennar Corporation Class B","Discretionary","Homebuilding","83.5","44.29","Buy","Aug 06, 2026","Neutral","Aug 17, 2026","72162.87","91.21","2.57","-1.53","Moving Up","","",,="5/9","<1","false","Swing"
"LOW","Lowe's Companies, Inc. Common Stock","Discretionary","Home Improvement Retail","215.64","57.44","Buy","Aug 06, 2026","Neutral","Aug 17, 2026","2741626.3","14.97","0.48","-0.08","Moving Up","","Positive",,="4/9","<1","false","Swing"
"LPG","Dorian LPG Ltd. Common Stock","Energy","Oil & Gas Midstream","48.75","65.13","Sell","Aug 06, 2026","Uptrend","Jul 14, 2026","608315.03","393.78","2.22","0.68","Moving Down","","",,="6/9","<1","false","Swing"
"NBTB","NBT Bancorp Inc. Common Stock","Financials","Banks - Regional","52.92","74.74","Sell","Aug 06, 2026","Uptrend","May 18, 2026","374375.9","51.01","2.48","-0.69","Moving Down","","",,="4/9","<1","false","Swing"
"NDAQ","Nasdaq, Inc. Common Stock","Financials","Financial Data & Stock Exchanges","96.71","70.89","Sell","Aug 06, 2026","Uptrend","Jul 10, 2026","3373291.1","142.18","2.13","0.03","Moving Down","","",,="3/9","<1","false","Swing"
"NEM","Newmont Corporation","Materials","Gold","115.98","63.05","Buy","Aug 06, 2026","Uptrend","Aug 05, 2026","7263319.8","104.51","1.53","-3.62","Moving Up","","",,="5/9","<1","false","Swing"
"NESR","National Energy Services Reunited Corp Ordinary Shares","Energy","Oil & Gas Equipment & Services","35.29","79.83","Buy","Aug 06, 2026","Uptrend","Aug 04, 2026","2030746.47","245.96","2.81","-1.37","Moving Up","","",,="8/9","<1","false","Swing"
"NRP","Natural Resource Partners LP Limited Partnership","Energy","Thermal Coal","102.86","58.31","Buy","Aug 06, 2026","Uptrend","Aug 05, 2026","48323.83","450.78","1.9","-1.04","Moving Up","","",,="8/9","<1","false","Swing"
"NTRA","Natera, Inc. Common Stock","Health Care","Diagnostics & Research","311.69","89.54","Buy","Aug 06, 2026","Uptrend","Jul 30, 2026","1234275.6","679.38","2.41","-0.79","Moving Up","","",,="7/9","<1","false","Swing"
"NVDA","NVIDIA Corporation Common Stock","Technology","Semiconductors","219.74","59.46","Buy","Aug 06, 2026","Uptrend","Aug 05, 2026","121060927.27","325.45","0.24","-2.34","Moving Up","","Negative","true",="5/9","<1","false","Swing"
"NYT","New York Times Company (The) Common Stock","Communication","Publishing","65.07","21.28","Sell","Aug 06, 2026","Downtrend","Aug 05, 2026","2016059.23","-19.98","0.32","-0.31","Moving Down","","",,="3/9","<1","false","Swing"
"OLED","Universal Display Corporation Common Stock","Technology","Electronic Components","84.45","67.94","Buy","Aug 06, 2026","Neutral","Aug 18, 2026","726442.63","-59.69","3.62","-2.53","Moving Up","","",,="5/9","<1","false","Swing"
"OR","OR Royalties Inc. Common Shares","Materials","Gold","32.31","61.98","Buy","Aug 06, 2026","Uptrend","Aug 05, 2026","888913.17","98.95","1.8","-3.06","Moving Down","","",,="5/9","<1","false","Swing"
"PAA","Plains All American Pipeline, L.P. Common Units representing Limited Partner Interests","Energy","Oil & Gas Midstream","24.19","65.43","Sell","Aug 06, 2026","Uptrend","Aug 18, 2026","2409319.03","74.8","2.59","1.85","Moving Down","","",,="6/9","<1","false","Swing"
"PAAS","Pan American Silver Corp. Common Stock","Materials","Gold","46.6","62.58","Buy","Aug 06, 2026","Neutral","Aug 18, 2026","3965080.97","-170.32","0.13","-3.14","Moving Up","","",,="5/9","<1","false","Swing"
"PAG","Penske Automotive Group, Inc. Common Stock","Discretionary","Auto & Truck Dealerships","216.21","89.99","Sell","Aug 06, 2026","Uptrend","May 26, 2026","478234.6","361.11","2.79","-0.8","Moving Down","","",,="4/9","<1","false","Swing"
"PANW","Palo Alto Networks, Inc. Common Stock","Technology","Software - Infrastructure","374.14","83.91","Buy","Aug 06, 2026","Uptrend","Apr 16, 2026","5997980.93","59.34","0.18","-0.43","Moving Up","","",,="6/9","<1","false","Swing"
"PCRX","Pacira BioSciences, Inc. Common Stock","Health Care","Drug Manufacturers - Specialty & Generic","24","40.18","Sell","Aug 06, 2026","Downtrend","Aug 10, 2026","625807.47","-33.39","5.29","3.27","Moving Down","","",,="4/9","<1","false","Swing"
"PEGA","Pegasystems Inc. Common Stock","Technology","Software - Application","32.5","57.52","Buy","Aug 06, 2026","Uptrend","Aug 18, 2026","3011309.3","-109.15","0.61","1.94","Moving Up","","",,="6/9","<1","false","Swing"
"PFX","PhenixFIN Corporation Common Stock","Financials","Asset Management","46.895","83.1","Buy","Aug 06, 2026","Uptrend","Aug 05, 2026","16332.6","20.06","4.5","1.66","Moving Up","","",,="5/9","<1","false","Swing"
"POST","Post Holdings, Inc. Common Stock","Staples","Packaged Foods","79.82","13.26","Sell","Aug 06, 2026","Downtrend","Aug 07, 2026","980910.23","-80.67","0.11","0.59","Moving Down","","",,="3/9","<1","false","Swing"
"PRU","Prudential Financial, Inc. Common Stock","Financials","Insurance - Life","124.54","90.23","Sell","Aug 06, 2026","Uptrend","May 05, 2026","1737763.23","16.62","1.03","-0.02","Moving Down","","",,="4/9","<1","false","Swing"
"PSMT","PriceSmart, Inc. Common Stock","Staples","Discount Stores","176.7","32.84","Sell","Aug 06, 2026","Downtrend","Aug 06, 2026","277763.1","67.98","1.2","-1.83","Moving Down","","",,="3/9","<1","false","Swing"
"PWR","Quanta Services, Inc. Common Stock","Industrials","Engineering & Construction","696.15","51.1","Buy","Aug 06, 2026","Uptrend","Aug 11, 2026","1075452.43","1596.91","2.52","-3.62","Moving Up","","",,="6/9","<1","false","Swing"
"QLYS","Qualys, Inc. Common Stock","Technology","Software - Infrastructure","187.98","92.79","Buy","Aug 06, 2026","Uptrend","Jul 31, 2026","772530.93","-35.29","0.2","2.55","Moving Up","","",,="6/9","<1","false","Swing"
"QMCO","Quantum Corporation Common Stock","Technology","Computer Hardware","23.52","62.88","Buy","Aug 06, 2026","Uptrend","Aug 05, 2026","1849651.73","-54.43","5.51","-5.62","Moving Up","","",,="6/9","<1","false","Swing"
"QQQX","Nuveen NASDAQ 100 Dynamic Overwrite Fund Shares of Beneficial Interest","Financials","Closed-End Fund - Equity","30.6","73.1","Buy","Aug 06, 2026","Uptrend","Aug 05, 2026","111002.33","45.26","1.23","-0.58","Moving Up","","",,="6/9","<1","false","Swing"
"RGEN","Repligen Corporation Common Stock","Health Care","Medical Instruments & Supplies","166.15","85.87","Buy","Aug 06, 2026","Uptrend","Jul 28, 2026","1120428.23","-214.14","0.09","-1.71","Moving Up","","",,="6/9","<1","false","Swing"
"RNR","RenaissanceRe Holdings Ltd. Common Stock","Financials","Insurance - Reinsurance","320.72","66.86","Sell","Aug 06, 2026","Uptrend","Jun 15, 2026","320132.47","-32.68","0.27","0.7","Moving Down","","",,="4/9","<1","false","Swing"
"RRR","Red Rock Resorts, Inc. Class A Common Stock","Discretionary","Resorts & Casinos","61.51","50.56","Sell","Aug 06, 2026","Downtrend","Aug 18, 2026","699752.97","6.18","0.16","-2.69","Moving Down","","",,="3/9","<1","false","Swing"
"RYTM","Rhythm Pharmaceuticals, Inc. Common Stock","Health Care","Biotechnology","115.25","63.26","Buy","Aug 06, 2026","Uptrend","Aug 05, 2026","651550.57","306.68","2.71","-0.16","Moving Up","","",,="6/9","<1","false","Swing"
"SA","Seabridge Gold, Inc. Ordinary Shares (Canada)","Materials","Gold","31.03","70.11","Buy","Aug 06, 2026","Uptrend","Aug 05, 2026","558846.03","-218.44","0.12","-4.29","Moving Up","","",,="6/9","<1","false","Swing"
"SHOP","Shopify Inc. Class A Subordinate Voting Shares","Technology","Software - Application","146.58","92.02","Buy","Aug 06, 2026","Uptrend","Aug 04, 2026","9713530.17","-52.07","0.13","-1.39","Moving Up","","",,="6/9","<1","false","Swing"
"SKM","SK Telecom Co., Ltd. Common Stock","Communication","Telecom Services","38.41","68.32","Buy","Aug 06, 2026","Uptrend","Aug 12, 2026","2483311.57","157.18","6.56","-3.88","Moving Up","","",,="6/9","<1","false","Swing"
"SKY","Champion Homes, Inc. Common Stock","Discretionary","Residential Construction","90.86","72.99","Buy","Aug 06, 2026","Uptrend","Aug 05, 2026","650385.4","-185.92","0.19","-2.52","Moving Up","","",,="6/9","<1","false","Swing"
"SWKS","Skyworks Solutions, Inc. Common Stock","Technology","Semiconductors","67.43","76.94","Buy","Aug 06, 2026","Uptrend","Aug 05, 2026","5424533.13","54.85","7.76","-0.44","Moving Up","","",,="6/9","<1","false","Swing"
"TER","Teradyne, Inc. Common Stock","Technology","Semiconductor Equipment & Materials","404.29","74.22","Buy","Aug 06, 2026","Uptrend","Aug 11, 2026","3404682.33","203.63","1.23","-8.77","Moving Up","","",,="6/9","<1","false","Swing"
"TGS","Transportadora de Gas del Sur SA TGS Common Stock","Energy","Oil & Gas Integrated","27.68","28.83","Sell","Aug 06, 2026","Downtrend","Aug 06, 2026","210444.53","-238.1","0.17","-2.19","Moving Down","","",,="5/9","<1","false","Swing"
"TREX","Trex Company, Inc. Common Stock","Industrials","Building Products & Equipment","47.73","78.28","Buy","Aug 06, 2026","Uptrend","Aug 05, 2026","2195070.7","167.61","92.94","-2.09","Moving Up","","",,="6/9","<1","false","Swing"
"TRNS","Transcat, Inc. Common Stock","Industrials","Specialty Business Services","90.97","74.41","Buy","Aug 06, 2026","Uptrend","Aug 05, 2026","136001.27","-267.34","0.14","-3.06","Moving Up","","",,="6/9","<1","false","Swing"
"TTC","Toro Company (The) Common Stock","Industrials","Tools & Accessories","96.37","73.86","Buy","Aug 06, 2026","Uptrend","Aug 04, 2026","546123.43","-58.7","0.09","-1.16","Moving Up","","",,="5/9","<1","false","Swing"
"TVTX","Travere Therapeutics, Inc. Common Stock","Health Care","Biotechnology","63.9","56.9","Buy","Aug 06, 2026","Uptrend","Apr 13, 2026","1497362.17","381.29","3.47","0.58","Moving Up","","",,="7/9","<1","false","Swing"
"TWST","Twist Bioscience Corporation Common Stock","Health Care","Diagnostics & Research","116.1","90.5","Buy","Aug 06, 2026","Uptrend","Jul 31, 2026","1448638","-36","4.03","-6.68","Moving Down","","",,="6/9","<1","false","Swing"
"TXNM","TXNM Energy, Inc. Common Stock","Utilities","Utilities - Regulated Electric","57.49","46.73","Sell","Aug 06, 2026","Downtrend","Aug 10, 2026","772051.3","-13.03","0.21","-0.16","Moving Up","","",,="5/9","<1","false","Swing"
"TYRA","Tyra Biosciences, Inc. Common Stock","Health Care","Biotechnology","26.04","30.18","Sell","Aug 06, 2026","Downtrend","Aug 05, 2026","627004.73","-171.76","0.13","-0.69","Moving Up","","",,="5/9","<1","false","Swing"
"UGI","UGI Corporation Common Stock","Utilities","Utilities - Regulated Gas","38.39","64.64","Sell","Aug 06, 2026","Uptrend","Aug 18, 2026","1755366.43","-19.69","1.39","9.4","Moving Up","","",,="5/9","<1","false","Swing"
"UI","Ubiquiti Inc. Common Stock","Technology","Communication Equipment","583.13","40.34","Buy","Aug 06, 2026","Uptrend","Aug 17, 2026","90056.8","303.99","4.85","-0.09","Moving Up","","",,="5/9","<1","false","Swing"
"UNM","Unum Group Common Stock","Financials","Insurance - Life","89.77","69.12","Buy","Aug 06, 2026","Uptrend","Aug 04, 2026","1416625.77","88.17","0.92","-1.9","Moving Up","","",,="6/9","<1","false","Swing"
"URI","United Rentals, Inc. Common Stock","Industrials","Rental & Leasing Services","1116.38","56.63","Buy","Aug 06, 2026","Uptrend","Jul 24, 2026","467708.6","204.42","0.94","-4.16","Moving Down","","",,="5/9","<1","false","Swing"
"UVV","Universal Corporation Common Stock","Staples","Tobacco","44.43","25.09","Sell","Aug 06, 2026","Downtrend","Aug 06, 2026","293688.1","-46.88","0.03","0.25","Moving Down","","",,="3/9","<1","false","Swing"
"VSEC","VSE Corporation Common Stock","Industrials","Aerospace & Defense","235.53","67.6","Buy","Aug 06, 2026","Uptrend","Aug 05, 2026","434269.7","317.61","1.47","-3.27","Moving Up","","",,="6/9","<1","false","Swing"
"VVX","V2X, Inc. Common Stock","Industrials","Aerospace & Defense","81.46","61.4","Sell","Aug 06, 2026","Uptrend","Aug 06, 2026","715022.47","-64.13","0.16","-1.44","Moving Down","","",,="4/9","<1","false","Swing"
"XPEL","XPEL, Inc. Common Stock","Discretionary","Auto Parts","49.73","79.94","Buy","Aug 06, 2026","Uptrend","Aug 05, 2026","241739.67","-120.48","0.09","-0.53","Moving Up","","",,="6/9","<1","false","Swing"
"YELP","Yelp Inc. Common Stock","Communication","Internet Content & Information","23.36","43.07","Sell","Aug 06, 2026","Downtrend","Aug 10, 2026","1079345.4","-68.39","0.56","1.26","Moving Down","","",,="3/9","<1","false","Swing"
"YPF","YPF Sociedad Anonima Common Stock","Energy","Oil & Gas Integrated","50.68","42.78","Sell","Aug 06, 2026","Uptrend","Aug 17, 2026","1251846.8","199.91","1.64","-3.83","Moving Up","","",,="7/9","<1","false","Swing"
"AAMI","Acadian Asset Management Inc. Common Stock","Financials","Asset Management","91.83","77.35","Buy","Aug 05, 2026","Uptrend","Jul 06, 2026","382130.6","169.65","2.32","-1.25","Moving Down","","",,="5/9","<1","false","Swing"
"ADUS","Addus HomeCare Corporation Common Stock","Health Care","Medical Care Facilities","118.13","84.52","Sell","Aug 05, 2026","Uptrend","Jun 22, 2026","228168.33","27.06","3.43","2.81","Moving Down","","",,="4/9","<1","false","Swing"
"AEHR","Aehr Test Systems Common Stock","Technology","Semiconductor Equipment & Materials","123.25","69.87","Buy","Aug 05, 2026","Uptrend","Aug 04, 2026","3080279.8","5032.89","2.56","-15.36","Moving Up","","",,="6/9","<1","false","Swing"
"ALC","Alcon Inc. Ordinary Shares","Health Care","Medical Instruments & Supplies","73.55","86.3","Buy","Aug 05, 2026","Uptrend","Jul 28, 2026","2201231.47","-26.29","1.14","1.46","Moving Down","","",,="6/9","<1","false","Swing"
"ALSN","Allison Transmission Holdings, Inc. Common Stock","Discretionary","Auto Parts","125.45","59.24","Buy","Aug 05, 2026","Uptrend","Aug 07, 2026","807324.57","213.5","3.98","-1.31","Moving Up","","",,="6/9","<1","false","Swing"
"ANET","Arista Networks, Inc. Common Stock","Technology","Computer Hardware","193.18","75.2","Buy","Aug 05, 2026","Uptrend","Jul 31, 2026","7851040.3","-342.07","0.3","-4.27","Moving Up","","",,="6/9","<1","false","Swing"
"APH","Amphenol Corporation Common Stock","Technology","Electronic Components","159.57","64.34","Buy","Aug 05, 2026","Uptrend","Aug 03, 2026","6459268.23","27.44","0.13","-6.61","Moving Up","","",,="6/9","<1","false","Swing"
"APPF","AppFolio, Inc. Class A Common Stock","Technology","Software - Application","203.95","75.29","Buy","Aug 05, 2026","Uptrend","Jul 27, 2026","412602.23","2.89","0.09","4.07","Moving Down","","",,="5/9","<1","false","Swing"
"AVAV","AeroVironment, Inc. Common Stock","Industrials","Aerospace & Defense","174.14","72.85","Buy","Aug 05, 2026","Uptrend","Aug 04, 2026","1336406.97","246.6","4.21","-3.86","Moving Up","","",,="6/9","<1","false","Swing"
"B","Barrick Mining Corporation Common Shares","Materials","Gold","42.09","57.57","Buy","Aug 05, 2026","Uptrend","Aug 04, 2026","9425270.9","46.54","0.89","-1.01","Moving Up","","",,="6/9","<1","false","Swing"
"BBT","Beacon Financial Corporation Common stock","Financials","Banks - Regional","32.5","72.95","Buy","Aug 05, 2026","Uptrend","Jul 31, 2026","747248.73","-6.71","0.26","-0.34","Moving Up","","",,="6/9","<1","false","Swing"
"BC","Brunswick Corporation Common Stock","Discretionary","Recreational Vehicles","81.01","69.09","Buy","Aug 05, 2026","Uptrend","Aug 13, 2026","700443.8","-75.58","0.1","-1.57","Moving Down","","",,="5/9","<1","false","Swing"
"BCO","Brinks Company (The) Common Stock","Industrials","Security & Protection Services","109.14","65.19","Sell","Aug 05, 2026","Downtrend","Aug 18, 2026","537026.7","34.65","5.24","-1.92","Moving Down","","",,="3/9","<1","false","Swing"
"BOTJ","Bank of the James Financial Group, Inc. Common Stock","Financials","Banks - Regional","27.505","75.24","Sell","Aug 05, 2026","Uptrend","Jun 08, 2026","36505.3","178.09","4.29","-0.81","Moving Down","","",,="4/9","<1","false","Swing"
"BRKR","Bruker Corporation Common Stock","Health Care","Medical Devices","56.86","67.28","Sell","Aug 05, 2026","Neutral","Aug 10, 2026","2192314.43","48.74","13.8","-1.4","Moving Up","","",,="5/9","<1","false","Swing"
"BXC","Bluelinx Holdings Inc. Common Stock","Industrials","Industrial Distribution","82.57","90.43","Buy","Aug 05, 2026","Uptrend","Aug 03, 2026","172242.7","104.3","0.64","-3.19","Moving Up","","",,="6/9","<1","false","Swing"
"CHH","Choice Hotels International, Inc. Common Stock","Discretionary","Lodging","107.18","54.61","Sell","Aug 05, 2026","Downtrend","Aug 07, 2026","543853.1","15.62","14.24","2.14","Moving Down","","",,="3/9","<1","false","Swing"
"CLX","Clorox Company (The) Common Stock","Staples","Household & Personal Products","105.55","80.3","Buy","Aug 05, 2026","Uptrend","Aug 03, 2026","2599506.63","-70.18","1.28","-0.37","Moving Up","","",,="5/9","<1","false","Swing"
"COF","Capital One Financial Corporation Common Stock","Financials","Credit Services","221.47","78.81","Buy","Aug 05, 2026","Uptrend","Jul 09, 2026","3845658.63","77.34","1.76","0.01","Moving Up","","",,="6/9","<1","false","Swing"
"COO","The Cooper Companies, Inc. Common Stock","Health Care","Medical Instruments & Supplies","75.76","72.71","Buy","Aug 05, 2026","Uptrend","Jun 23, 2026","1935979.3","10.75","8.27","0.88","Moving Up","","Positive",,="7/9","<1","false","Swing"
"CPB","The Campbell's Company Common Stock","Staples","Packaged Foods","22.86","59.6","Buy","Aug 05, 2026","Uptrend","Aug 03, 2026","5334756.2","-120.75","1.39","0.79","Moving Up","","",,="6/9","<1","false","Swing"
"DB","Deutsche Bank AG Common Stock","Financials","Banks - Regional","38.09","57.46","Buy","Aug 05, 2026","Uptrend","Jul 24, 2026","1769070","193.63","1.31","-0.08","Moving Up","","",,="6/9","<1","false","Swing"
"DCO","Ducommun Incorporated Common Stock","Industrials","Aerospace & Defense","204.27","84.88","Buy","Aug 05, 2026","Uptrend","Apr 06, 2026","278473.43","160.22","1.22","-0.47","Moving Up","","",,="6/9","<1","false","Swing"
"DELL","Dell Technologies Inc. Class C Common Stock ","Technology","Computer Hardware","468.65","70.4","Buy","Aug 05, 2026","Uptrend","Aug 04, 2026","6190906.7","214.1","0.79","-2.33","Moving Up","","",,="6/9","<1","false","Swing"
"EME","EMCOR Group, Inc. Common Stock","Industrials","Engineering & Construction","824.53","71.61","Buy","Aug 05, 2026","Uptrend","Aug 04, 2026","432169.63","1030.76","3.29","-4.41","Moving Up","","",,="5/9","<1","false","Swing"
"EPR","EPR Properties Common Stock","Real Estate","REIT - Specialty","60.37","68.07","Sell","Aug 05, 2026","Downtrend","Aug 18, 2026","682624.8","64.38","19.96","-0.21","Moving Down","","",,="3/9","<1","false","Swing"
"ETN","Eaton Corporation, PLC Ordinary Shares","Industrials","Specialty Industrial Machinery","431.33","67.08","Buy","Aug 05, 2026","Uptrend","Aug 03, 2026","2192382.2","171.81","1.06","-5.29","Moving Up","","",,="6/9","<1","false","Swing"
"FDBC","Fidelity D & D Bancorp, Inc. Common Stock","Financials","Banks - Regional","55.21","71.49","Buy","Aug 05, 2026","Uptrend","May 18, 2026","12828.43","-17.91","0.05","1.45","Moving Up","","",,="5/9","<1","false","Swing"
"FFA","First Trust Enhanced Equity Income Fund Common Shares of Beneficial Interest","Financials","Closed-End Fund - Equity","23.38","74.09","Buy","Aug 05, 2026","Uptrend","Jul 31, 2026","27204.2","43.87","0.91","-0.68","Moving Up","","",,="6/9","<1","false","Swing"
"GDV","Gabelli Dividend & Income Trust Common Shares of Beneficial Interest","Financials","Closed-End Fund - Equity","30.45","63.98","Buy","Aug 05, 2026","Uptrend","Jun 30, 2026","86846","25.73","0.6","-0.59","Moving Up","","",,="6/9","<1","false","Swing"
"GKOS","Glaukos Corporation Common Stock","Health Care","Medical Devices","184.15","89.48","Buy","Aug 05, 2026","Uptrend","Jun 15, 2026","827116.83","74.32","0.49","-0.79","Moving Up","","",,="7/9","<1","false","Swing"
"HBM","Hudbay Minerals Inc. Ordinary Shares (Canada)","Materials","Copper","26.41","75.11","Buy","Aug 05, 2026","Uptrend","Aug 04, 2026","4202802.8","-657.76","0.14","-3.75","Moving Up","","",,="6/9","<1","false","Swing"
"IESC","IES Holdings, Inc. Common Stock","Industrials","Engineering & Construction","738.79","85.91","Buy","Aug 05, 2026","Uptrend","Aug 04, 2026","199945.07","1599.89","1.41","-6.95","Moving Up","","",,="6/9","<1","false","Swing"
"INGR","Ingredion Incorporated Common Stock","Staples","Packaged Foods","105.45","61.85","Buy","Aug 05, 2026","Uptrend","Aug 04, 2026","663201.23","7.39","1.35","1.8","Moving Up","","",,="5/9","<1","false","Swing"
"ISBA","Isabella Bank Corporation Common stock","Financials","Banks - Regional","40.87","61.59","Buy","Aug 05, 2026","Uptrend","Aug 13, 2026","59516.93","-63.9","0.21","-0.32","Moving Up","","",,="5/9","<1","false","Swing"
"ITIC","Investors Title Company Common Stock","Financials","Insurance - Specialty","291.16","68.51","Sell","Aug 05, 2026","Uptrend","Jun 05, 2026","48842.73","58.14","0.89","0.97","Moving Down","","",,="4/9","<1","false","Swing"
"ITT","ITT Inc. Common Stock ","Industrials","Specialty Industrial Machinery","217.67","80.64","Buy","Aug 05, 2026","Uptrend","Jul 31, 2026","969337.17","46.02","0.67","-0.97","Moving Up","","",,="5/9","<1","false","Swing"
"IVZ","Invesco Ltd Common Stock","Financials","Asset Management","32.38","81.46","Buy","Aug 05, 2026","Uptrend","Jul 30, 2026","5019588.97","121.52","3.82","-0.58","Moving Up","","",,="6/9","<1","false","Swing"
"KBR","KBR, Inc. Common Stock","Industrials","Engineering & Construction","37.62","77.41","Buy","Aug 05, 2026","Uptrend","Jul 31, 2026","1557577","-168.99","0.05","0.19","Moving Down","","",,="4/9","<1","false","Swing"
"LAZ","Lazard, Inc. Common Stock","Financials","Capital Markets","44.06","71.5","Buy","Aug 05, 2026","Uptrend","Aug 12, 2026","1696014.9","-97.49","0.04","0.71","Moving Up","","",,="6/9","<1","false","Swing"
"MCK","McKesson Corporation Common Stock","Health Care","Medical Distribution","869.26","51.77","Sell","Aug 05, 2026","Uptrend","Jul 06, 2026","939726.43","294.35","1.34","1.09","Moving Down","","",,="5/9","<1","false","Swing"
"MET","MetLife, Inc. Common Stock","Financials","Insurance - Life","96.73","86.83","Sell","Aug 05, 2026","Uptrend","Apr 08, 2026","3524962.53","36.59","1.05","0.05","Moving Down","","",,="4/9","<1","false","Swing"
"MGNI","Magnite, Inc. Common Stock","Communication","Advertising Agencies","24.53","78.82","Buy","Aug 05, 2026","Uptrend","May 21, 2026","2709400.07","240.65","4.72","1.41","Moving Up","","",,="5/9","<1","false","Swing"
"NGVT","Ingevity Corporation Common Stock ","Materials","Specialty Chemicals","73.99","63.52","Buy","Aug 05, 2026","Uptrend","Aug 04, 2026","232774.17","93.71","47.24","-2.37","Moving Down","","",,="5/9","<1","false","Swing"
"NIC","Nicolet Bankshares Inc. Common Stock","Financials","Banks - Regional","176.74","80.34","Buy","Aug 05, 2026","Uptrend","Jun 11, 2026","197847.83","159.07","3.49","-0.65","Moving Up","","",,="6/9","<1","false","Swing"
"NTAP","NetApp, Inc. Common Stock","Technology","Software - Infrastructure","204.71","77.58","Buy","Aug 05, 2026","Uptrend","Apr 17, 2026","2429993.9","142.53","1.56","0.25","Moving Up","","",,="6/9","<1","false","Swing"
"PDEX","Pro-Dex, Inc. Common Stock","Health Care","Medical Instruments & Supplies","66.89","56.13","Buy","Aug 05, 2026","Uptrend","Aug 04, 2026","97225.83","213.73","2.03","-0.39","Moving Up","","",,="6/9","<1","false","Swing"
"PFGC","Performance Food Group Company Common Stock","Staples","Food Distribution","104.54","37.91","Sell","Aug 05, 2026","Downtrend","Aug 13, 2026","1768872.93","36.39","0.36","-0.13","Moving Down","","",,="3/9","<1","false","Swing"
"PKE","Park Aerospace Corp. Common Stock","Industrials","Aerospace & Defense","36.9","62.66","Buy","Aug 05, 2026","Uptrend","Aug 04, 2026","279450.9","7.34","0.08","-1.57","Moving Up","","",,="6/9","<1","false","Swing"
"PLAB","Photronics, Inc. Common Stock","Technology","Semiconductor Equipment & Materials","31.88","44.76","Buy","Aug 05, 2026","Neutral","Aug 18, 2026","864740.4","119.84","3.03","-5.12","Moving Up","","",,="5/9","<1","false","Swing"
"PLD","Prologis, Inc. Common Stock","Real Estate","REIT - Industrial","140.02","51.83","Sell","Aug 05, 2026","Downtrend","Aug 04, 2026","4732645.43","76.88","3.42","-0.43","Moving Down","","",,="3/9","<1","false","Swing"
"PLPC","Preformed Line Products Company Common Stock","Industrials","Electrical Equipment & Parts","444.76","96.71","Buy","Aug 05, 2026","Uptrend","Aug 04, 2026","102473.6","84.55","0.37","-6.37","Moving Up","","",,="6/9","<1","false","Swing"
"PNTG","The Pennant Group, Inc. Common Stock ","Health Care","Medical Care Facilities","39.4","69.43","Sell","Aug 05, 2026","Neutral","Aug 11, 2026","266788.97","25.9","0.81","0.56","Moving Up","","",,="5/9","<1","false","Swing"
"PRI","Primerica, Inc. Common Stock","Financials","Insurance - Life","308.21","72.23","Sell","Aug 05, 2026","Uptrend","Jun 12, 2026","174805.6","-12.92","0.35","-0.55","Moving Down","","",,="4/9","<1","false","Swing"
"PRLB","Proto Labs, Inc. Common stock","Industrials","Metal Fabrication","84.88","82.84","Buy","Aug 05, 2026","Uptrend","Aug 04, 2026","197602.77","46.6","13.47","-6.58","Moving Up","","",,="6/9","<1","false","Swing"
"RDNT","RadNet, Inc. Common Stock","Health Care","Diagnostics & Research","73.83","81.1","Buy","Aug 05, 2026","Uptrend","Jul 23, 2026","739551.97","54.93","0.64","-2.77","Moving Up","","",,="7/9","<1","false","Swing"
"REXR","Rexford Industrial Realty, Inc. Common Stock","Real Estate","REIT - Industrial","37.04","64.31","Sell","Aug 05, 2026","Neutral","Aug 18, 2026","2774067.27","69.07","18","3.29","Moving Down","","",,="3/9","<1","false","Swing"
"RGLD","Royal Gold, Inc. Common Stock","Materials","Gold","230.43","60.76","Buy","Aug 05, 2026","Uptrend","Aug 05, 2026","705938.27","126.94","4.02","-2.62","Moving Up","","",,="5/9","<1","false","Swing"
"SBRA","Sabra Health Care REIT, Inc. Common Stock","Real Estate","REIT - Healthcare Facilities","20.33","59.22","Sell","Aug 05, 2026","Downtrend","Aug 12, 2026","2872414.53","-33.15","0.06","0.1","Moving Down","","",,="3/9","<1","false","Swing"
"SE","Sea Limited American Depositary Shares, each representing one Class A Ordinary Share","Discretionary","Internet Retail","116.26","85.78","Buy","Aug 05, 2026","Uptrend","Jun 26, 2026","5019839.67","20.75","0.32","-2.67","Moving Up","","",,="6/9","<1","false","Swing"
"SMCI","Super Micro Computer, Inc. Common Stock","Technology","Computer Hardware","37.41","66.47","Buy","Aug 05, 2026","Uptrend","Aug 07, 2026","51229016.87","190.38","0.37","-2.27","Moving Up","","",,="6/9","<1","false","Swing"
"SMG","Scotts Miracle-Gro Company (The) Common Stock","Materials","Agricultural Inputs","59.55","55.31","Sell","Aug 05, 2026","Downtrend","Aug 06, 2026","1026046.73","182.78","15.52","0.59","Moving Down","","",,="3/9","<1","false","Swing"
"SNX","TD SYNNEX Corporation Common Stock","Technology","Electronics & Computer Distribution","259.8","70.57","Buy","Aug 05, 2026","Uptrend","Aug 04, 2026","702608.87","212.48","2.06","-1.55","Moving Up","","",,="6/9","<1","false","Swing"
"SPG","Simon Property Group, Inc. Common Stock","Real Estate","REIT - Retail","220.61","59.69","Sell","Aug 05, 2026","Downtrend","Aug 18, 2026","1374888.87","73.26","3.05","-0.48","Moving Down","","",,="3/9","<1","false","Swing"
"TDW","Tidewater Inc. Common Stock","Energy","Oil & Gas Equipment & Services","94.13","71.74","Buy","Aug 05, 2026","Uptrend","Aug 04, 2026","658378.83","263.28","1.76","0.17","Moving Up","","",,="8/9","<1","false","Swing"
"TEAM","Atlassian Corporation Class A Common Stock","Technology","Software - Application","163","98.72","Buy","Aug 05, 2026","Uptrend","Jul 27, 2026","4763999","25.96","4.38","2.94","Moving Down","","",,="5/9","<1","false","Swing"
"UNF","Unifirst Corporation Common Stock","Industrials","Specialty Business Services","286.5","69.02","Sell","Aug 05, 2026","Uptrend","Jul 01, 2026","140163.37","33.56","2.36","0.01","Moving Down","","",,="4/9","<1","false","Swing"
"UNFI","United Natural Foods, Inc. Common Stock","Staples","Food Distribution","46.86","52.41","Sell","Aug 05, 2026","Downtrend","Aug 05, 2026","485636","500.5","3.76","-2.6","Moving Down","","",,="3/9","<1","false","Swing"
"VEON","VEON Ltd. ADS","Communication","Telecom Services","56.09","54.79","Buy","Aug 05, 2026","Uptrend","Aug 03, 2026","74283.93","6.39","5.3","-2.42","Moving Up","","",,="5/9","<1","false","Swing"
"W","Wayfair Inc. Class A Common Stock","Discretionary","Internet Retail","101.69","73.99","Buy","Aug 05, 2026","Uptrend","Jul 27, 2026","3556383.1","15.21","5.85","-1.35","Moving Up","","",,="6/9","<1","false","Swing"
"WBS","Webster Financial Corporation Common Stock","Financials","Banks - Regional","77.97","67.5","Buy","Aug 05, 2026","Uptrend","May 20, 2026","5599856.33","137.17","7.62","-0.91","Moving Down","","",,="5/9","<1","false","Swing"
"WEYS","Weyco Group, Inc. Common Stock","Discretionary","Footwear & Accessories","45.41","80.24","Buy","Aug 05, 2026","Uptrend","May 11, 2026","22344.67","-177.12","0.17","-0.83","Moving Up","","",,="6/9","<1","false","Swing"
"WKC","World Kinect Corporation Common Stock","Energy","Oil & Gas Refining & Marketing","36.16","82.06","Sell","Aug 05, 2026","Neutral","Aug 17, 2026","1321261.5","-0.36","105.35","1.46","Moving Down","","",,="5/9","<1","false","Swing"
"WPC","W. P. Carey Inc. REIT","Real Estate","REIT - Diversified","71.04","56.62","Sell","Aug 05, 2026","Downtrend","Aug 05, 2026","1290534.93","7.7","11.67","-0.67","Moving Down","","",,="3/9","<1","false","Swing"
"WPM","Wheaton Precious Metals Corp Common Shares (Canada)","Materials","Gold","132.7","79.85","Buy","Aug 05, 2026","Uptrend","Aug 05, 2026","1763333.93","31.78","0.56","-2.86","Moving Up","","",,="6/9","<1","false","Swing"
"ZIM","ZIM Integrated Shipping Services Ltd. Ordinary Shares","Industrials","Marine Shipping","28.49","50.66","Buy","Aug 05, 2026","Uptrend","Aug 12, 2026","1462399.67","-42.09","0.2","-1.11","Moving Up","","",,="6/9","<1","false","Swing"
"AAPL","Apple Inc. Common Stock","Technology","Consumer Electronics","310.03","46.88","Sell","Aug 04, 2026","Neutral","Aug 18, 2026","49942076.7","97.87","0.79","1.45","Moving Down","","Negative","true",="3/9","<1","false","Swing"
"APO","Apollo Global Management, Inc. (New) Common Stock","Financials","Asset Management","133.85","77.64","Buy","Aug 04, 2026","Uptrend","Aug 03, 2026","3884526.13","133.94","1.87","-0.51","Moving Up","","",,="6/9","<1","false","Swing"
"AWK","American Water Works Company, Inc. Common Stock","Utilities","Utilities - Regulated Water","136.27","60.47","Sell","Aug 04, 2026","Uptrend","Aug 04, 2026","2164577.63","-1.17","0.29","1.43","Moving Down","","",,="4/9","<1","false","Swing"
"AXGN","Axogen, Inc. Common Stock","Health Care","Medical Devices","50.19","58.26","Buy","Aug 04, 2026","Uptrend","Aug 03, 2026","1095674.27","142.64","2.08","2.12","Moving Up","","",,="7/9","<1","false","Swing"
"BA","Boeing Company (The) Common Stock","Industrials","Aerospace & Defense","223.06","61.51","Buy","Aug 04, 2026","Neutral","Aug 18, 2026","5385710.53","11.02","4.29","-1.28","Moving Down","","",,="3/9","<1","false","Swing"
"BANX","ArrowMark Financial Corp. Common Stock","Financials","Closed-End Fund - Debt","20.77","63.79","Buy","Aug 04, 2026","Uptrend","Jul 28, 2026","32499.67","22.53","0.39","0.19","Moving Up","","",,="5/9","<1","false","Swing"
"BCPC","Balchem Corporation Common Stock","Materials","Specialty Chemicals","177","80.94","Buy","Aug 04, 2026","Uptrend","Jul 31, 2026","192879.57","-2.96","0.39","-0.77","Moving Up","","",,="5/9","<1","false","Swing"
"BIO/B","Bio-Rad Laboratories, Inc. Class B  Common Stock","Health Care","Medical Devices","337","79.51","Buy","Aug 04, 2026","Uptrend","Jul 13, 2026","27.8","-45.4","0.55","0","Moving Up","","",,="7/9","<1","false","Swing"
"BTI","British American Tobacco  Industries, p.l.c. Common Stock ADR","Staples","Tobacco","56.38","29.37","Sell","Aug 04, 2026","Downtrend","Aug 03, 2026","4056576","7.41","0.4","1.17","Moving Down","","",,="3/9","<1","false","Swing"
"CF","CF Industries Holdings, Inc. Common Stock","Materials","Agricultural Inputs","119.72","57.79","Sell","Aug 04, 2026","Neutral","Aug 14, 2026","2247025.2","216.91","3.91","1.65","Moving Down","","",,="3/9","<1","false","Swing"
"CLDX","Celldex Therapeutics, Inc.","Health Care","Biotechnology","41.79","63","Buy","Aug 04, 2026","Uptrend","Jul 29, 2026","935718.63","2475.11","3.62","-0.31","Moving Up","","",,="7/9","<1","false","Swing"
"CQP","Cheniere Energy Partners, LP Common Units","Energy","Oil & Gas Midstream","68.72","80.06","Buy","Aug 04, 2026","Uptrend","Jul 20, 2026","116655.37","-93.98","0.16","1.61","Moving Up","","",,="8/9","<1","false","Swing"
"CVSA","Covista Inc. Common Shares","Staples","Education & Training Services","131.46","50.44","Buy","Aug 04, 2026","Uptrend","Jul 30, 2026","349362.4","241.95","2.13","-0.65","Moving Up","","",,="6/9","<1","false","Swing"
"CWT","California Water Service Group Common Stock","Utilities","Utilities - Regulated Water","49.86","81.42","Sell","Aug 04, 2026","Neutral","Aug 18, 2026","455896.83","-25.72","0","0.4","Moving Down","","",,="4/9","<1","false","Swing"
"DGII","Digi International Inc. Common Stock","Technology","Communication Equipment","81.04","82.03","Buy","Aug 04, 2026","Uptrend","Aug 03, 2026","370832.1","351.64","2.69","-2.76","Moving Up","","",,="6/9","<1","false","Swing"
"DUK","Duke Energy Corporation (Holding Company) Common Stock","Utilities","Utilities - Regulated Electric","123.99","42.42","Sell","Aug 04, 2026","Downtrend","Aug 04, 2026","4138841.7","1.32","0.05","0.33","Moving Down","","",,="4/9","<1","false","Swing"
"EIX","Edison International Common Stock","Utilities","Utilities - Regulated Electric","73.69","53.7","Sell","Aug 04, 2026","Neutral","Aug 18, 2026","2954974.2","31.4","15.1","3.35","Moving Down","","Positive",,="4/9","<1","false","Swing"
"EMBJ","Embraer S.A. Common Stock","Industrials","Aerospace & Defense","77.08","79.71","Buy","Aug 04, 2026","Uptrend","Jun 17, 2026","1168997","226.12","2.11","-0.09","Moving Up","","Positive",,="6/9","<1","false","Swing"
"EMN","Eastman Chemical Company Common Stock","Materials","Specialty Chemicals","73","78.16","Buy","Aug 04, 2026","Uptrend","Aug 03, 2026","1138635.4","-34.76","0.26","-1.31","Moving Up","","",,="6/9","<1","false","Swing"
"ESTC","Elastic N.V. Ordinary Shares","Technology","Software - Application","85.01","92.02","Buy","Aug 04, 2026","Uptrend","Jul 27, 2026","1974149.87","-54.54","3.04","1.88","Moving Up","","",,="6/9","<1","false","Swing"
"ETG","Eaton Vance Tax-Advantaged Global Dividend Income Fund Common Shares of Beneficial Interest","Financials","Closed-End Fund - Equity","23.92","83.75","Buy","Aug 04, 2026","Uptrend","Jul 31, 2026","91827.63","82.71","2.04","-1.48","Moving Up","","",,="6/9","<1","false","Swing"
"ETO","Eaton Vance Tax-Advantage Global Dividend Opp Common Stock","Financials","Closed-End Fund - Equity","31.4975","82.01","Buy","Aug 04, 2026","Uptrend","Aug 03, 2026","28591.43","44.97","1.3","-1.39","Moving Up","","",,="6/9","<1","false","Swing"
"GAM","General American Investors, Inc. Common Stock","Financials","Closed-End Fund - Equity","67.36","53.28","Buy","Aug 04, 2026","Uptrend","Jul 02, 2026","19828.3","78.38","1.33","-0.52","Moving Up","","",,="6/9","<1","false","Swing"
"GH","Guardant Health, Inc. Common Stock","Health Care","Diagnostics & Research","160.12","65.08","Buy","Aug 04, 2026","Uptrend","Jul 31, 2026","2175810.53","43.93","8.05","-0.96","Moving Down","","",,="6/9","<1","false","Swing"
"GIL","Gildan Activewear, Inc. Class A Sub. Vot. Common Stock","Discretionary","Apparel Manufacturing","55.76","80.53","Buy","Aug 04, 2026","Uptrend","Aug 03, 2026","1355806.9","90.36","2.98","-0.23","Moving Down","","",,="5/9","<1","false","Swing"
"HBB","Hamilton Beach Brands Holding Company Class A Common Stock ","Discretionary","Furnishings Fixtures & Appliances","33.85","98.35","Buy","Aug 04, 2026","Uptrend","Jun 10, 2026","67525.13","57.31","0.68","-0.44","Moving Down","","",,="5/9","<1","false","Swing"
"HIG","The Hartford Insurance Group, Inc. Common Stock","Financials","Insurance - Diversified","138.96","49.7","Sell","Aug 04, 2026","Neutral","Aug 18, 2026","1548570.7","66.7","1.37","1.65","Moving Down","","",,="3/9","<1","false","Swing"
"INBK","First Internet Bancorp Common Stock","Financials","Banks - Regional","29.38","67.49","Buy","Aug 04, 2026","Uptrend","Jun 04, 2026","41672.37","154.93","17.04","1.84","Moving Up","","",,="6/9","<1","false","Swing"
"INCY","Incyte Corp. Common Stock","Health Care","Biotechnology","123.47","65.76","Sell","Aug 04, 2026","Uptrend","Jun 22, 2026","1750480.27","50.68","3.58","-0.02","Moving Down","","",,="5/9","<1","false","Swing"
"JBSS","John B. Sanfilippo & Son, Inc. Common Stock","Staples","Packaged Foods","83.47","76.72","Buy","Aug 04, 2026","Uptrend","Aug 03, 2026","129095.87","3.15","2.12","-0.38","Moving Up","","",,="6/9","<1","false","Swing"
"JOE","St. Joe Company (The) Common Stock","Real Estate","Real Estate - Diversified","67.32","64.84","Buy","Aug 04, 2026","Uptrend","Aug 03, 2026","217184.33","108.22","1.29","-0.68","Moving Up","","",,="6/9","<1","false","Swing"
"KRYS","Krystal Biotech, Inc. Common Stock","Health Care","Biotechnology","332.82","37.87","Sell","Aug 04, 2026","Downtrend","Aug 18, 2026","498508.9","-67.35","0.3","-0.87","Moving Up","","",,="5/9","<1","false","Swing"
"LARK","Landmark Bancorp Inc. Common Stock","Financials","Banks - Regional","32.155","68.67","Sell","Aug 04, 2026","Uptrend","May 05, 2026","9648.9","99.95","2.54","0.52","Moving Down","","",,="4/9","<1","false","Swing"
"LEA","Lear Corporation Common Stock","Discretionary","Auto Parts","123.9","39.19","Sell","Aug 04, 2026","Downtrend","Aug 03, 2026","651648.87","-46.16","0.73","-0.79","Moving Down","","",,="3/9","<1","false","Swing"
"LECO","Lincoln Electric Holdings, Inc. Common Shares","Industrials","Tools & Accessories","281.97","86.76","Buy","Aug 04, 2026","Uptrend","Aug 03, 2026","412153.03","114.1","1.66","-1.42","Moving Up","","",,="6/9","<1","false","Swing"
"LFUS","Littelfuse, Inc. Common Stock","Technology","Electronic Components","437.51","60.49","Buy","Aug 04, 2026","Uptrend","Aug 03, 2026","334488.07","110.52","2.22","-7.27","Moving Up","","",,="6/9","<1","false","Swing"
"LOB","Live Oak Bancshares, Inc. Common Stock","Financials","Banks - Regional","42.6","54.95","Buy","Aug 04, 2026","Uptrend","Jun 04, 2026","224271.93","332.38","14.55","-1.59","Moving Up","","",,="6/9","<1","false","Swing"
"LQDA","Liquidia Corporation Common Stock","Health Care","Drug Manufacturers - Specialty & Generic","74.33","30.47","Sell","Aug 04, 2026","Downtrend","Aug 18, 2026","1566517.9","1513.09","3.48","-4.34","Moving Down","","",,="4/9","<1","false","Swing"
"MAR","Marriott International Class A Common Stock","Discretionary","Lodging","357.33","43.1","Sell","Aug 04, 2026","Downtrend","Aug 03, 2026","1581269.6","-2","0.35","0.21","Moving Up","","",,="4/9","<1","false","Swing"
"MDB","MongoDB, Inc. Class A Common Stock","Technology","Software - Infrastructure","434.62","78.16","Buy","Aug 04, 2026","Uptrend","Aug 03, 2026","1437926.27","-15.81","0.32","-0.93","Moving Up","","",,="6/9","<1","false","Swing"
"MMYT","MakeMyTrip Limited Ordinary Shares","Discretionary","Travel Services","59.48","70.06","Buy","Aug 04, 2026","Uptrend","Jul 29, 2026","780457","-113.56","0.22","-0.37","Moving Up","","",,="6/9","<1","false","Swing"
"NBIX","Neurocrine Biosciences, Inc. Common Stock","Health Care","Drug Manufacturers - Specialty & Generic","154.23","25.25","Sell","Aug 04, 2026","Downtrend","Aug 04, 2026","1345188.1","-65.96","0.13","-0.17","Moving Down","","",,="4/9","<1","false","Swing"
"NCSM","NCS Multistage Holdings, Inc. Common Stock","Energy","Oil & Gas Equipment & Services","50.46","63.32","Buy","Aug 04, 2026","Uptrend","Aug 06, 2026","8997.27","217.42","14.07","-1.33","Moving Up","","",,="8/9","<1","false","Swing"
"NHC","National HealthCare Corporation Common Stock","Health Care","Medical Care Facilities","234.17","66.46","Sell","Aug 04, 2026","Uptrend","Aug 05, 2026","110959.9","112.82","1.38","2.62","Moving Down","","",,="5/9","<1","false","Swing"
"NJR","NewJersey Resources Corporation Common Stock","Utilities","Utilities - Regulated Gas","55.52","48.41","Sell","Aug 04, 2026","Downtrend","Aug 05, 2026","623231.37","-61.36","0.14","1","Moving Down","","",,="4/9","<1","false","Swing"
"NMIH","NMI Holdings Inc. Common Stock","Financials","Insurance - Specialty","45.61","81.59","Buy","Aug 04, 2026","Uptrend","Jun 22, 2026","446378.97","22.31","0.9","0.11","Moving Up","","",,="6/9","<1","false","Swing"
"NPK","National Presto Industries, Inc. Common Stock","Industrials","Aerospace & Defense","147.26","56.47","Buy","Aug 04, 2026","Uptrend","Aug 03, 2026","90917.97","61.54","1.46","2.14","Moving Up","","",,="6/9","<1","false","Swing"
"NSC","Norfolk Southern Corporation Common Stock","Industrials","Railroads","338.91","70.67","Sell","Aug 04, 2026","Uptrend","Jun 29, 2026","1103076.73","127.29","4.12","-0.65","Moving Down","","",,="4/9","<1","false","Swing"
"NSSC","NAPCO Security Technologies, Inc. Common Stock","Industrials","Security & Protection Services","37.81","55.45","Buy","Aug 04, 2026","Neutral","Aug 18, 2026","279213.8","-175.39","0.16","-0.66","Moving Up","","",,="5/9","<1","false","Swing"
"NTB","Bank of N.T. Butterfield & Son Limited (The) Voting Ordinary Shares","Financials","Banks - Diversified","61.51","72.91","Buy","Aug 04, 2026","Uptrend","May 18, 2026","173156.8","68.4","1.86","-2.3","Moving Down","","",,="5/9","<1","false","Swing"
"O","Realty Income Corporation Common Stock","Real Estate","REIT - Retail","62.21","67.04","Sell","Aug 04, 2026","Downtrend","Aug 05, 2026","5114253.53","-2.82","3.21","-0.3","Moving Down","","Positive",,="3/9","<1","false","Swing"
"OHI","Omega Healthcare Investors, Inc. Common Stock","Real Estate","REIT - Healthcare Facilities","46.44","43.77","Sell","Aug 04, 2026","Downtrend","Aug 07, 2026","1830911.7","-27.2","0.16","-0.28","Moving Down","","",,="3/9","<1","false","Swing"
"OXM","Oxford Industries, Inc. Common Stock","Discretionary","Apparel Manufacturing","35.59","55.32","Sell","Aug 04, 2026","Downtrend","Aug 06, 2026","342388.47","-104.68","1.29","-2.52","Moving Down","","",,="3/9","<1","false","Swing"
"P","Everpure, Inc. Class A common stock","Technology","Computer Hardware","117.06","95.56","Buy","Aug 04, 2026","Uptrend","Aug 03, 2026","2733281.07","734.64","3.16","0.06","Moving Up","","",,="6/9","<1","false","Swing"
"PAGP","Plains GP Holdings, L.P. Class A Units representing Limited Partner Interests","Energy","Oil & Gas Midstream","26.3","57.71","Sell","Aug 04, 2026","Uptrend","Aug 17, 2026","1454921.77","51.36","0.85","1.98","Moving Up","","",,="7/9","<1","false","Swing"
"PBA","Pembina Pipeline Corp. Ordinary Shares (Canada)","Energy","Oil & Gas Midstream","49.36","68.22","Sell","Aug 04, 2026","Neutral","Aug 11, 2026","767075.57","31.57","1.74","1.44","Moving Up","","",,="6/9","<1","false","Swing"
"PDX","PIMCO Dynamic Income Strategy Fund Common Shares of Beneficial Interest","Financials","Asset Management","21.73","61.98","Buy","Aug 04, 2026","Uptrend","Jul 30, 2026","118920.63","-31.93","0.28","-0.23","Moving Down","","",,="4/9","<1","false","Swing"
"PFIS","Peoples Financial Services Corp. Common Stock","Financials","Banks - Regional","71.28","73.39","Sell","Aug 04, 2026","Uptrend","Apr 01, 2026","60019.2","79.42","2.88","-0.18","Moving Down","","",,="4/9","<1","false","Swing"
"PPC","Pilgrim's Pride Corporation Common Stock","Staples","Packaged Foods","28.49","33.25","Sell","Aug 04, 2026","Downtrend","Aug 18, 2026","1578134.9","19.56","8.53","-0.97","Moving Up","","",,="4/9","<1","false","Swing"
"RNP","Cohen & Steers REIT and Preferred and Income Fund, Inc. Common Shares","Financials","Closed-End Fund - Debt","20.35","56.92","Sell","Aug 04, 2026","Downtrend","Aug 10, 2026","91779.87","61.03","3.88","-0.49","Moving Down","","",,="2/9","<1","false","Swing"
"ROCK","Gibraltar Industries, Inc. Common Stock","Industrials","Building Products & Equipment","46.41","74.77","Buy","Aug 04, 2026","Uptrend","Aug 03, 2026","330366.1","-46.1","0.48","-2.36","Moving Down","","",,="5/9","<1","false","Swing"
"SAH","Sonic Automotive, Inc. Common Stock","Discretionary","Auto & Truck Dealerships","77.31","38.79","Sell","Aug 04, 2026","Downtrend","Aug 05, 2026","305963.23","137.83","2.57","-3.68","Moving Down","","",,="3/9","<1","false","Swing"
"SKT","Tanger Inc. Common Stock","Real Estate","REIT - Retail","38.32","48.83","Sell","Aug 04, 2026","Downtrend","Aug 06, 2026","910301.23","151.12","1.48","-0.23","Moving Down","","",,="3/9","<1","false","Swing"
"SLM","SLM Corporation Common Stock","Financials","Credit Services","26.87","78.53","Buy","Aug 04, 2026","Uptrend","Jun 16, 2026","2662368","-105.63","0.24","-1.5","Moving Down","","",,="4/9","<1","false","Swing"
"SOR","Source Capital, Inc. Cmn Shs of BI","Financials","Closed-End Fund - Equity","46.6305","56.21","Buy","Aug 04, 2026","Uptrend","Jul 31, 2026","10055.03","-2.55","0.42","0.3","Moving Up","","",,="5/9","<1","false","Swing"
"SPB","Spectrum Brands Holdings, Inc. Common Stock","Staples","Household & Personal Products","88","68.19","Sell","Aug 04, 2026","Uptrend","Jul 09, 2026","355128.57","-57.39","0.14","0.17","Moving Down","","",,="4/9","<1","false","Swing"
"TILE","Interface, Inc. Common Stock","Discretionary","Furnishings Fixtures & Appliances","38.52","82.37","Buy","Aug 04, 2026","Uptrend","Jul 27, 2026","448035.5","123.57","2.16","1.26","Moving Up","","",,="6/9","<1","false","Swing"
"TMDX","TransMedics Group, Inc. Common Stock","Health Care","Medical Devices","90.69","70.04","Buy","Aug 04, 2026","Uptrend","Aug 06, 2026","912487.7","53.94","2.9","2.65","Moving Down","","",,="6/9","<1","false","Swing"
"TSCO","Tractor Supply Company Common Stock","Discretionary","Specialty Retail","34.72","69.9","Buy","Aug 04, 2026","Uptrend","Aug 03, 2026","11425861.7","-196.93","0.12","0.12","Moving Up","","",,="6/9","<1","false","Swing"
"UHT","Universal Health Realty Income Trust Common Stock","Real Estate","REIT - Healthcare Facilities","40.4","57.41","Sell","Aug 04, 2026","Downtrend","Aug 10, 2026","97990.63","-61.19","2.12","0.32","Moving Down","","",,="3/9","<1","false","Swing"
"UNTY","Unity Bancorp, Inc. Common Stock","Financials","Banks - Regional","60.17","67.25","Buy","Aug 04, 2026","Uptrend","Jul 15, 2026","63627.17","146.23","1.88","-1.15","Moving Down","","",,="5/9","<1","false","Swing"
"UTL","UNITIL Corporation Common Stock","Utilities","Utilities - Diversified","53.92","69.72","Sell","Aug 04, 2026","Uptrend","Aug 13, 2026","103367.3","-12.93","0.11","-0.26","Moving Down","","",,="5/9","<1","false","Swing"
"VRSK","Verisk Analytics, Inc. Common Stock","Industrials","Consulting Services","178.86","40.45","Sell","Aug 04, 2026","Downtrend","Aug 10, 2026","1660872.1","19.39","3.03","1.84","Moving Down","","",,="3/9","<1","false","Swing"
"WCC","WESCO International, Inc. Common Stock","Industrials","Industrial Distribution","349.16","80.44","Buy","Aug 04, 2026","Uptrend","Aug 03, 2026","693750.37","286.31","1.64","-6.38","Moving Down","","",,="5/9","<1","false","Swing"
"WRB","W.R. Berkley Corporation Common Stock","Financials","Insurance - Property & Casualty","70.17","48.11","Sell","Aug 04, 2026","Downtrend","Aug 10, 2026","1864144.73","-45.98","0.3","0.6","Moving Down","","",,="3/9","<1","false","Swing"
"WT","WisdomTree, Inc. Common Stock","Financials","Asset Management","22.86","90.73","Buy","Aug 04, 2026","Uptrend","Jul 30, 2026","2475590.8","379.74","2.26","-1","Moving Up","","",,="6/9","<1","false","Swing"
"WTRG","Essential Utilities, Inc. Common Stock","Utilities","Utilities - Regulated Water","40.35","69.12","Sell","Aug 04, 2026","Uptrend","Jul 16, 2026","1937807.1","8.07","5.23","1.38","Moving Down","","",,="4/9","<1","false","Swing"
"Z","Zillow Group, Inc. Class C Capital Stock","Communication","Internet Content & Information","34.57","49.66","Buy","Aug 04, 2026","Uptrend","Aug 18, 2026","3727489.33","1.5","3.53","2.52","Moving Up","","",,="5/9","<1","false","Swing"
"ZM","Zoom Communications, Inc. Class A Common Stock","Technology","Software - Application","104.71","83.83","Buy","Aug 04, 2026","Uptrend","Jul 30, 2026","3027065.93","-42.06","6.97","-0.81","Moving Down","","",,="5/9","<1","false","Swing"
"ZS","Zscaler, Inc. Common Stock","Technology","Software - Infrastructure","185.7","90.39","Buy","Aug 04, 2026","Uptrend","Jul 27, 2026","2342484.47","129","6.86","0.68","Moving Up","","",,="6/9","<1","false","Swing"
"AFBI","Affinity Bancshares, Inc. Common Stock (MD)","Financials","Banks - Regional","23","52.02","Sell","Aug 03, 2026","Uptrend","Mar 31, 2026","10176.17","12.4","0.56","0","Moving Up","","",,="5/9","<1","false","Swing"
"AIR","AAR Corp. Common Stock","Industrials","Aerospace & Defense","149.02","84.79","Buy","Aug 03, 2026","Uptrend","Jul 27, 2026","441023.7","265.74","3.07","-3.05","Moving Up","","",,="6/9","<1","false","Swing"
"AMZN","Amazon.com, Inc. Common Stock","Discretionary","Internet Retail","259.45","80.26","Buy","Aug 03, 2026","Uptrend","Jul 31, 2026","43256269.73","21.42","0.32","-0.71","Moving Down","","","true",="5/9","<1","false","Swing"
"ANIK","Anika Therapeutics Inc. Common Stock","Health Care","Drug Manufacturers - Specialty & Generic","21.57","87.62","Buy","Aug 03, 2026","Uptrend","Jul 29, 2026","101295","-83.19","2.09","0.47","Moving Up","","",,="7/9","<1","false","Swing"
"AON","Aon plc Class A Ordinary Shares (Ireland)","Financials","Insurance Brokers","343.2","66.65","Sell","Aug 03, 2026","Downtrend","Aug 17, 2026","1129774.33","-22.52","0.28","-1.16","Moving Down","","",,="3/9","<1","false","Swing"
"AVT","Avnet, Inc. Common Stock","Technology","Electronics & Computer Distribution","93.4","81.78","Buy","Aug 03, 2026","Uptrend","Jul 31, 2026","1166684","92.78","2","-5.3","Moving Up","","",,="6/9","<1","false","Swing"
"BBUC","Brookfield Business Corporation Class A Subordinate Voting Shares","Industrials","Conglomerates","28.37","26.76","Sell","Aug 03, 2026","Downtrend","Jul 31, 2026","312642.43","-45.98","0.15","-2","Moving Down","","",,="3/9","<1","false","Swing"
"BDC","Belden Inc Common Stock","Technology","Communication Equipment","129.4","89.41","Buy","Aug 03, 2026","Uptrend","Jul 31, 2026","504986.7","131.12","2.69","-5.95","Moving Up","","",,="6/9","<1","false","Swing"
"BEN","Franklin Resources, Inc. Common Stock","Financials","Asset Management","33.99","76.72","Buy","Aug 03, 2026","Uptrend","Jul 31, 2026","4167026.37","76.18","5.84","-0.58","Moving Up","","",,="6/9","<1","false","Swing"
"BNTX","BioNTech SE American Depositary Share","Health Care","Biotechnology","92.75","41.23","Sell","Aug 03, 2026","Uptrend","Aug 18, 2026","872751.23","-45.27","1.28","1.26","Moving Up","","",,="6/9","<1","false","Swing"
"BYD","Boyd Gaming Corporation Common Stock","Discretionary","Resorts & Casinos","82.48","39.18","Sell","Aug 03, 2026","Downtrend","Aug 03, 2026","937004.37","-13.49","0.37","-0.35","Moving Down","","",,="3/9","<1","false","Swing"
"CALM","Cal-Maine Foods, Inc. Common Stock","Staples","Farm Products","81.19","31.99","Sell","Aug 03, 2026","Downtrend","Aug 10, 2026","916956.7","17.99","0.37","0.94","Moving Down","","",,="3/9","<1","false","Swing"
"CI","The Cigna Group Common Stock","Health Care","Healthcare Plans","278.5","43.47","Sell","Aug 03, 2026","Downtrend","Aug 03, 2026","1747464.53","-120.16","0.08","1.15","Moving Down","","",,="4/9","<1","false","Swing"
"CNI","Canadian National Railway Company Common Stock","Industrials","Railroads","126.55","80.31","Sell","Aug 03, 2026","Uptrend","Jun 25, 2026","1372471.33","23.17","1.53","-0.03","Moving Down","","",,="4/9","<1","false","Swing"
"COIN","Coinbase Global, Inc. Class A Common Stock","Financials","Financial Data & Stock Exchanges","146.23","45.24","Sell","Aug 03, 2026","Downtrend","Jul 31, 2026","7161879.17","16.89","7.1","-2.87","Moving Down","","",,="3/9","<1","false","Swing"
"CPT","Camden Property Trust Common Stock","Real Estate","REIT - Residential","107.28","57.3","Sell","Aug 03, 2026","Downtrend","Aug 10, 2026","929727.57","8.85","3.58","-0.91","Moving Down","","",,="3/9","<1","false","Swing"
"CSL","Carlisle Companies Incorporated Common Stock","Industrials","Building Products & Equipment","356.36","65.64","Buy","Aug 03, 2026","Neutral","Aug 18, 2026","505037.67","9.23","0.17","-1.2","Moving Up","","",,="5/9","<1","false","Swing"
"CSX","CSX Corporation Common Stock","Industrials","Railroads","50.24","69.4","Sell","Aug 03, 2026","Uptrend","Apr 01, 2026","12300452.9","115.44","2.43","-0.67","Moving Down","","",,="4/9","<1","false","Swing"
"CTVA","Corteva, Inc. Common Stock ","Materials","Agricultural Inputs","77.91","19.79","Sell","Aug 03, 2026","Downtrend","Aug 03, 2026","4107093.43","6.48","0.2","2.5","Moving Up","","",,="4/9","<1","false","Swing"
"EG","Everest Group, Ltd. Common Stock","Financials","Insurance - Reinsurance","367.38","58.56","Sell","Aug 03, 2026","Neutral","Aug 13, 2026","338908.27","-45.25","0.15","0.61","Moving Down","","",,="2/9","<1","false","Swing"
"ENVA","Enova International, Inc. Common Stock","Financials","Credit Services","262","79.38","Buy","Aug 03, 2026","Uptrend","Jun 05, 2026","330100.47","929.93","2.29","-0.72","Moving Up","","",,="6/9","<1","false","Swing"
"ERIE","Erie Indemnity Company Class A Common Stock","Financials","Insurance Brokers","256.95","64.64","Buy","Aug 03, 2026","Uptrend","Jul 29, 2026","266959.4","128.69","6.8","3.71","Moving Up","","",,="5/9","<1","false","Swing"
"ES","Eversource Energy (D/B/A) Common Stock","Utilities","Utilities - Regulated Electric","72.22","66.83","Sell","Aug 03, 2026","Downtrend","Aug 17, 2026","2145456.1","-13.16","1.8","0.43","Moving Down","","",,="3/9","<1","false","Swing"
"FCAP","First Capital, Inc. Common Stock","Financials","Banks - Regional","63.91","48.74","Buy","Aug 03, 2026","Uptrend","Jul 29, 2026","13919.73","105.82","38.32","0.35","Moving Up","","",,="6/9","<1","false","Swing"
"FCX","Freeport-McMoRan, Inc. Common Stock","Materials","Copper","66.32","77.9","Buy","Aug 03, 2026","Uptrend","Jul 31, 2026","13101114.7","101.9","0.73","-3.01","Moving Down","","",,="5/9","<1","false","Swing"
"FICO","Fair Isaac Corporation Common Stock","Technology","Software - Application","1078.12","34.02","Sell","Aug 03, 2026","Downtrend","Jul 31, 2026","331159.2","-410.34","0.1","1.29","Moving Down","","",,="3/9","<1","false","Swing"
"FRT","Federal Realty Investment Trust Common Stock","Real Estate","REIT - Retail","117.48","52.45","Sell","Aug 03, 2026","Downtrend","Aug 05, 2026","840052.87","-17.11","0.09","-0.46","Moving Down","","",,="3/9","<1","false","Swing"
"FSS","Federal Signal Corporation Common Stock","Industrials","Farm & Heavy Construction Machinery","121.98","61.34","Buy","Aug 03, 2026","Uptrend","Jul 31, 2026","457546.43","112.82","0.91","-3.3","Moving Down","","",,="5/9","<1","false","Swing"
"GAP","Gap, Inc. (The) Common Stock","Discretionary","Apparel Retail","20.08","46.47","Buy","Aug 03, 2026","Neutral","Aug 12, 2026","6049276.2","-49.34","0.08","-0.5","Moving Up","","",,="5/9","<1","false","Swing"
"GDDY","GoDaddy Inc. Class A Common Stock","Technology","Software - Infrastructure","95.8","55.41","Sell","Aug 03, 2026","Uptrend","Aug 04, 2026","1977465.17","72.08","7.53","3.71","Moving Up","","",,="5/9","<1","false","Swing"
"GPI","Group 1 Automotive, Inc. Common Stock","Discretionary","Auto & Truck Dealerships","250.01","26.91","Sell","Aug 03, 2026","Downtrend","Aug 03, 2026","201289.33","221.1","4.16","-3.72","Moving Down","","",,="3/9","<1","false","Swing"
"HEI","Heico Corporation Common Stock","Industrials","Aerospace & Defense","368.01","69.74","Buy","Aug 03, 2026","Uptrend","Jul 24, 2026","419163.4","135.15","1.76","-0.88","Moving Up","","",,="6/9","<1","false","Swing"
"HPE","Hewlett Packard Enterprise Company Common Stock","Technology","Communication Equipment","55.69","83.17","Buy","Aug 03, 2026","Uptrend","Jul 09, 2026","17054484.2","445.13","2.72","-3.33","Moving Up","","",,="6/9","<1","false","Swing"
"HXL","Hexcel Corporation Common Stock","Industrials","Aerospace & Defense","101.18","65.05","Sell","Aug 03, 2026","Neutral","Aug 11, 2026","1009381.27","18.41","1.52","-1.86","Moving Down","","",,="3/9","<1","false","Swing"
"ICUI","ICU Medical, Inc. Common Stock","Health Care","Medical Instruments & Supplies","183.76","85.69","Buy","Aug 03, 2026","Uptrend","May 20, 2026","314167.7","-23.09","0.12","0.68","Moving Up","","",,="6/9","<1","false","Swing"
"IEX","IDEX Corporation Common Stock","Industrials","Specialty Industrial Machinery","234.16","80.28","Buy","Aug 03, 2026","Uptrend","May 26, 2026","677680.1","8.74","0.62","-2.59","Moving Up","","",,="6/9","<1","false","Swing"
"ING","ING Group, N.V. Common Stock","Financials","Banks - Diversified","35.49","72.49","Buy","Aug 03, 2026","Uptrend","Jun 15, 2026","2283488.13","180.28","2.37","-0.39","Moving Down","","",,="5/9","<1","false","Swing"
"JCI","Johnson Controls International plc Ordinary Share","Industrials","Building Products & Equipment","149.68","74.61","Buy","Aug 03, 2026","Uptrend","Jul 31, 2026","3382366.63","252.1","2.43","-2.75","Moving Up","","",,="6/9","<1","false","Swing"
"JEF","Jefferies Financial Group Inc. Common Stock","Financials","Capital Markets","53.84","50.91","Sell","Aug 03, 2026","Downtrend","Aug 17, 2026","1836097.63","315","4","-1.32","Moving Down","","",,="3/9","<1","false","Swing"
"JKHY","Jack Henry & Associates, Inc. Common Stock","Technology","Information Technology Services","153.12","58.38","Sell","Aug 03, 2026","Uptrend","Jul 01, 2026","1030832.6","-53.77","0.03","2.17","Moving Down","","Positive",,="4/9","<1","false","Swing"
"KIM","Kimco Realty Corporation (HC) Common Stock","Real Estate","REIT - Retail","24.22","42.03","Sell","Aug 03, 2026","Downtrend","Aug 05, 2026","4204815.3","50.19","2.35","-0.57","Moving Down","","",,="3/9","<1","false","Swing"
"KRG","Kite Realty Group Trust Common Stock","Real Estate","REIT - Retail","26.44","28.22","Sell","Aug 03, 2026","Downtrend","Aug 03, 2026","2651513.33","40.52","1.59","-0.15","Moving Down","","",,="3/9","<1","false","Swing"
"KTB","Kontoor Brands, Inc. Common Stock ","Discretionary","Apparel Manufacturing","82.3","63.76","Sell","Aug 03, 2026","Neutral","Aug 12, 2026","738427.33","-23.22","0.29","0.65","Moving Up","","",,="4/9","<1","false","Swing"
"LCII","LCI Industries","Discretionary","Recreational Vehicles","103.27","66.6","Sell","Aug 03, 2026","Neutral","Aug 17, 2026","325499.13","-28.51","0.11","-0.82","Moving Down","","",,="3/9","<1","false","Swing"
"LEVI","Levi Strauss & Co Class A Common Stock","Discretionary","Apparel Manufacturing","22.01","26.33","Sell","Aug 03, 2026","Downtrend","Aug 10, 2026","2630402.53","-42.21","1.08","-2.48","Moving Down","","",,="3/9","<1","false","Swing"
"LRN","Stride, Inc. Common Stock","Staples","Education & Training Services","83.76","31.63","Sell","Aug 03, 2026","Downtrend","Jul 31, 2026","1023625.2","-244.36","0.19","0.4","Moving Up","","",,="4/9","<1","false","Swing"
"LTC","LTC Properties, Inc. Common Stock","Real Estate","REIT - Healthcare Facilities","40","73.94","Sell","Aug 03, 2026","Neutral","Aug 14, 2026","578628.9","-13.65","0.23","-1.26","Moving Down","","",,="3/9","<1","false","Swing"
"MRBK","Meridian Corporation Common Stock","Financials","Banks - Regional","20.02","60.48","Sell","Aug 03, 2026","Uptrend","Aug 14, 2026","104311.83","309.15","6.44","-0.05","Moving Down","","",,="3/9","<1","false","Swing"
"MTB","M&T Bank Corporation Common Stock","Financials","Banks - Regional","251.5","76.56","Sell","Aug 03, 2026","Uptrend","Jun 02, 2026","1050955.53","25.44","1.14","-0.54","Moving Down","","",,="4/9","<1","false","Swing"
"NEE","NextEra Energy, Inc. Common Stock","Utilities","Utilities - Regulated Electric","86.22","46.31","Sell","Aug 03, 2026","Downtrend","Aug 03, 2026","9536912","118.22","5.61","0","Moving Up","","",,="5/9","<1","false","Swing"
"NHI","National Health Investors, Inc. Common Stock","Real Estate","REIT - Healthcare Facilities","73.24","56.94","Sell","Aug 03, 2026","Downtrend","Aug 04, 2026","396376.67","44.07","31.82","-0.23","Moving Down","","",,="3/9","<1","false","Swing"
"NTST","NetSTREIT Corp. Common Stock","Real Estate","REIT - Retail","20.53","27.96","Sell","Aug 03, 2026","Downtrend","Aug 06, 2026","1228091.93","0.24","0.03","0.49","Moving Up","","",,="4/9","<1","false","Swing"
"ONIT","Onity Group Inc. Common Stock","Financials","Mortgage Finance","37.19","42.93","Sell","Aug 03, 2026","Downtrend","Aug 17, 2026","59848.23","-35.64","0.27","-2.77","Moving Down","","",,="3/9","<1","false","Swing"
"PI","Impinj, Inc. Common Stock","Technology","Semiconductors","168.07","79.93","Buy","Aug 03, 2026","Uptrend","Jul 31, 2026","437217.27","625.35","3.89","-2.12","Moving Down","","",,="5/9","<1","false","Swing"
"PIPR","Piper Sandler Companies Common Stock","Financials","Capital Markets","74.92","46.87","Sell","Aug 03, 2026","Downtrend","Aug 18, 2026","556986.87","289.69","2.24","-0.43","Moving Down","","",,="3/9","<1","false","Swing"
"PYPL","PayPal Holdings, Inc. Common Stock","Financials","Credit Services","60.43","71.33","Sell","Aug 03, 2026","Uptrend","Jul 02, 2026","15265629.83","-64.53","3.06","-0.07","Moving Down","","",,="4/9","<1","false","Swing"
"QRVO","Qorvo, Inc. Common Stock","Technology","Semiconductors","95.7","80.56","Buy","Aug 03, 2026","Uptrend","Aug 04, 2026","1180475.6","-110.79","0.01","-0.35","Moving Down","","",,="5/9","<1","false","Swing"
"REG","Regency Centers Corporation Common Stock","Real Estate","REIT - Retail","76.19","48.81","Sell","Aug 03, 2026","Downtrend","Aug 04, 2026","1319904.57","-17.61","0.26","-0.24","Moving Down","","",,="3/9","<1","false","Swing"
"RIO","Rio Tinto Plc Common Stock","Materials","Other Industrial Metals & Mining","96.69","53.1","Buy","Aug 03, 2026","Neutral","Aug 18, 2026","2718672.9","20.62","0.56","-0.53","Moving Up","","",,="5/9","<1","false","Swing"
"SO","Southern Company (The) Common Stock","Utilities","Utilities - Regulated Electric","92.07","30.28","Sell","Aug 03, 2026","Downtrend","Aug 03, 2026","4821076.33","75.94","3.16","-0.24","Moving Down","","",,="4/9","<1","false","Swing"
"TRN","Trinity Industries, Inc. Common Stock","Industrials","Railroads","29.67","31.89","Sell","Aug 03, 2026","Downtrend","Jul 31, 2026","744220.93","-1.97","0.36","-0.67","Moving Down","","",,="3/9","<1","false","Swing"
"TSBK","Timberland Bancorp, Inc. Common Stock","Financials","Banks - Regional","46.81","72.62","Buy","Aug 03, 2026","Uptrend","Jun 04, 2026","34271.23","49.17","1.33","2.05","Moving Up","","",,="6/9","<1","false","Swing"
"UNP","Union Pacific Corporation Common Stock","Industrials","Railroads","298.74","84.82","Sell","Aug 03, 2026","Uptrend","Jun 29, 2026","2830894.93","-10.4","0.35","-0.39","Moving Down","","",,="4/9","<1","false","Swing"
"VICI","VICI Properties Inc. Common Stock","Real Estate","REIT - Diversified","25.91","27.37","Sell","Aug 03, 2026","Downtrend","Jul 30, 2026","9119562.8","-21.96","0.08","-0.19","Moving Down","","",,="3/9","<1","false","Swing"
"VVV","Valvoline Inc. Common Stock","Discretionary","Auto & Truck Dealerships","33.63","11.15","Sell","Aug 03, 2026","Downtrend","Aug 05, 2026","2138782.6","-75.65","0.02","-0.5","Moving Down","","",,="3/9","<1","false","Swing"
"WAL","Western Alliance Bancorporation Common Stock (DE)","Financials","Banks - Regional","80.75","58.9","Sell","Aug 03, 2026","Downtrend","Aug 18, 2026","918627.23","69.96","4.71","-1.19","Moving Down","","",,="3/9","<1","false","Swing"
"WHD","Cactus, Inc. Class A Common Stock","Energy","Oil & Gas Equipment & Services","73.13","97.39","Buy","Aug 03, 2026","Uptrend","Jul 30, 2026","822448.17","-0.05","0.31","-0.44","Moving Down","","",,="7/9","<1","false","Swing"
"AB","AllianceBernstein Holding L.P.  Units","Financials","Asset Management","36.18","60.15","Sell","Jul 31, 2026","Downtrend","Aug 10, 2026","247260.77","-41.67","0.18","-0.03","Moving Down","","",,="3/9","<1","false","Swing"
"ADC","Agree Realty Corporation Common Stock","Real Estate","REIT - Retail","74.21","37.15","Sell","Jul 31, 2026","Downtrend","Aug 04, 2026","1152166.87","-42.42","0.08","-0.44","Moving Down","","",,="3/9","<1","false","Swing"
"ADM","Archer-Daniels-Midland Company Common Stock","Staples","Farm Products","82.45","62.91","Sell","Jul 31, 2026","Neutral","Aug 10, 2026","3551405.97","87.23","2.75","1.43","Moving Up","","",,="4/9","<1","false","Swing"
"AGCO","AGCO Corporation Common Stock","Industrials","Farm & Heavy Construction Machinery","98.45","41.11","Sell","Jul 31, 2026","Downtrend","Jul 31, 2026","809669.13","-124.68","0.05","-1.3","Moving Down","","",,="3/9","<1","false","Swing"
"AMT","American Tower Corporation (REIT) Common Stock","Real Estate","REIT - Specialty","172.33","59.71","Buy","Jul 31, 2026","Neutral","Aug 17, 2026","2802926.23","-31.02","2.37","0.06","Moving Up","","",,="5/9","<1","false","Swing"
"AR","Antero Resources Corporation Common Stock","Energy","Oil & Gas E&P","37.04","64.44","Buy","Jul 31, 2026","Uptrend","Aug 10, 2026","4490873.43","-132.86","0.27","1.76","Moving Up","","",,="8/9","<1","false","Swing"
"ASH","Ashland Inc. Common Stock","Materials","Specialty Chemicals","73.63","92.81","Buy","Jul 31, 2026","Uptrend","May 20, 2026","738126.93","-22.19","0.31","-0.73","Moving Down","","",,="5/9","<1","false","Swing"
"ATO","Atmos Energy Corporation Common Stock","Utilities","Utilities - Regulated Gas","170.51","33.52","Sell","Jul 31, 2026","Downtrend","Aug 03, 2026","1010451.87","-20.51","0.28","0.36","Moving Down","","",,="4/9","<1","false","Swing"
"AVA","Avista Corporation Common Stock","Utilities","Utilities - Diversified","38.43","21.55","Sell","Jul 31, 2026","Downtrend","Jul 31, 2026","588650.17","-54.98","0.85","-1.54","Moving Down","","",,="4/9","<1","false","Swing"
"BRX","Brixmor Property Group Inc. Common Stock","Real Estate","REIT - Retail","29.62","38.35","Sell","Jul 31, 2026","Downtrend","Aug 04, 2026","2171196.57","-39.99","0.19","-0.47","Moving Down","","",,="3/9","<1","false","Swing"
"BSX","Boston Scientific Corporation Common Stock","Health Care","Medical Devices","50.47","71.22","Buy","Jul 31, 2026","Uptrend","Aug 06, 2026","18274191.1","-52","0.06","-1.87","Moving Up","","",,="7/9","<1","false","Swing"
"CNP","CenterPoint Energy, Inc (Holding Co) Common Stock","Utilities","Utilities - Regulated Electric","40.54","36.63","Sell","Jul 31, 2026","Downtrend","Jul 30, 2026","6041616.27","5.24","0.19","-0.22","Moving Down","","",,="4/9","<1","false","Swing"
"CTO","CTO Realty Growth, Inc. Common Stock","Real Estate","REIT - Diversified","21.86","62.04","Sell","Jul 31, 2026","Uptrend","Aug 13, 2026","328964.93","25.07","0.41","-0.23","Moving Down","","",,="4/9","<1","false","Swing"
"ED","Consolidated Edison, Inc. Common Stock","Utilities","Utilities - Regulated Electric","109.16","44.4","Sell","Jul 31, 2026","Downtrend","Jul 31, 2026","2059045.67","6.9","0.51","0.16","Moving Up","","",,="4/9","<1","false","Swing"
"ENB","Enbridge Inc Common Stock","Energy","Oil & Gas Midstream","51.39","33.19","Sell","Jul 31, 2026","Downtrend","Jul 31, 2026","4202420.5","15.86","0.92","1.6","Moving Down","","",,="5/9","<1","false","Swing"
"ESTA","Establishment Labs Holdings Inc. Common Shares","Health Care","Medical Devices","75.215","32","Sell","Jul 31, 2026","Downtrend","Aug 06, 2026","497002.57","-92.83","0.2","-1.83","Moving Down","","",,="4/9","<1","false","Swing"
"EVT","Eaton Vance Tax Advantaged Dividend Income Fund Common Shares of Beneficial Interest","Financials","Closed-End Fund - Equity","29.27","86.34","Buy","Jul 31, 2026","Uptrend","Jun 11, 2026","95301.27","50.08","1.33","-0.51","Moving Up","","",,="6/9","<1","false","Swing"
"EXC","Exelon Corporation Common Stock","Utilities","Utilities - Regulated Electric","45.31","47.37","Sell","Jul 31, 2026","Downtrend","Jul 31, 2026","7675571.27","-20.11","0.32","-0.57","Moving Down","","",,="4/9","<1","false","Swing"
"FCPT","Four Corners Property Trust, Inc. Common Stock","Real Estate","REIT - Retail","24.89","31.79","Sell","Jul 31, 2026","Downtrend","Aug 05, 2026","661255.73","-8.08","0.07","-0.72","Moving Down","","",,="3/9","<1","false","Swing"
"FLS","Flowserve Corporation Common Stock","Industrials","Specialty Industrial Machinery","78.79","72.26","Buy","Jul 31, 2026","Uptrend","Jul 30, 2026","1834811.57","-6.19","0.38","-2.69","Moving Up","","",,="6/9","<1","false","Swing"
"FLUT","Flutter Entertainment plc Ordinary Shares","Discretionary","Gambling","92.89","50.72","Sell","Jul 31, 2026","Downtrend","Aug 04, 2026","3010356.3","32.96","5.94","-3.63","Moving Down","","",,="3/9","<1","false","Swing"
"FOA","Finance of America Companies Inc. Class A Common Stock","Financials","Credit Services","20.85","51.59","Sell","Jul 31, 2026","Downtrend","Aug 05, 2026","55080.6","23.59","7.07","-1.14","Moving Down","","",,="3/9","<1","false","Swing"
"GMED","Globus Medical, Inc. Class A Common Stock","Health Care","Medical Devices","86.44","61.89","Buy","Jul 31, 2026","Uptrend","Aug 03, 2026","1630936","9.05","0.62","1.55","Moving Up","","",,="7/9","<1","false","Swing"
"HFBL","Home Federal Bancorp, Inc. of Louisiana Common Stock","Financials","Banks - Regional","24.2","81.1","Buy","Jul 31, 2026","Uptrend","Apr 10, 2026","3350.2","-70.11","0.1","0","Moving Up","","",,="6/9","<1","false","Swing"
"HRTG","Heritage Insurance Holdings, Inc. Common Stock","Financials","Insurance - Property & Casualty","33.69","75.63","Buy","Jul 31, 2026","Uptrend","Jun 23, 2026","316541.03","-38.8","0.23","-1.4","Moving Up","","",,="6/9","<1","false","Swing"
"HTD","John Hancock Tax Advantaged Dividend Income Fund Common Shares of Beneficial Interest","Financials","Closed-End Fund - Debt","25.53","46.12","Sell","Jul 31, 2026","Downtrend","Aug 05, 2026","57876.5","15.68","0.81","0.27","Moving Down","","",,="2/9","<1","false","Swing"
"HTO","H2O America Common Stock","Utilities","Utilities - Regulated Water","63.3","73.18","Sell","Jul 31, 2026","Uptrend","Aug 13, 2026","442209.2","-6.5","0.13","0.14","Moving Down","","",,="4/9","<1","false","Swing"
"IDCC","InterDigital, Inc. Common Stock","Technology","Software - Application","335.77","82.62","Buy","Jul 31, 2026","Uptrend","Jul 30, 2026","252090.47","40.76","0.22","-3.62","Moving Up","","",,="6/9","<1","false","Swing"
"IFF","International Flavors & Fragrances, Inc. Common Stock","Materials","Specialty Chemicals","81","77.4","Buy","Jul 31, 2026","Uptrend","Jul 29, 2026","1747085.47","-39.23","2.76","-1.01","Moving Down","","",,="5/9","<1","false","Swing"
"KWR","Quaker Houghton Common Stock","Materials","Specialty Chemicals","164.89","82.02","Buy","Jul 31, 2026","Uptrend","Jul 27, 2026","143414.37","-8.16","0.64","-2.98","Moving Down","","",,="4/9","<1","false","Swing"
"LHX","L3Harris Technologies, Inc. Common Stock","Industrials","Aerospace & Defense","279.54","35.69","Sell","Jul 31, 2026","Downtrend","Jul 30, 2026","1487178.53","42.97","2.95","0.42","Moving Down","","",,="3/9","<1","false","Swing"
"MAC","Macerich Company (The) Common Stock","Real Estate","REIT - Retail","24.43","51.41","Sell","Jul 31, 2026","Downtrend","Aug 18, 2026","3320528.3","80.05","39.63","-0.93","Moving Down","","",,="3/9","<1","false","Swing"
"MKL","Markel Group Inc. Common Stock","Financials","Insurance - Property & Casualty","1815.09","35.22","Sell","Jul 31, 2026","Downtrend","Aug 03, 2026","61087.53","17.13","0.85","0.88","Moving Down","","",,="3/9","<1","false","Swing"
"NNN","NNN REIT, Inc. Common Stock","Real Estate","REIT - Retail","45.83","51.48","Sell","Jul 31, 2026","Downtrend","Aug 07, 2026","1427769.83","5.53","5.67","-0.71","Moving Down","","",,="3/9","<1","false","Swing"
"OGE","OGE Energy Corp Common Stock","Utilities","Utilities - Regulated Electric","47.06","47.79","Sell","Jul 31, 2026","Downtrend","Jul 30, 2026","1370372.27","-14.18","0.21","-0.61","Moving Down","","",,="4/9","<1","false","Swing"
"OLP","One Liberty Properties, Inc. Common Stock","Real Estate","REIT - Diversified","24.1","65.61","Sell","Jul 31, 2026","Downtrend","Aug 14, 2026","86754.47","-37.64","0.21","-0.62","Moving Down","","",,="3/9","<1","false","Swing"
"OSIS","OSI Systems, Inc. Common Stock (DE)","Technology","Electronic Components","218.73","65.81","Buy","Jul 31, 2026","Neutral","Aug 18, 2026","166757.83","-200.84","0.14","-4.85","Moving Down","","",,="4/9","<1","false","Swing"
"PARR","Par Pacific Holdings, Inc.  Common Stock","Energy","Oil & Gas Refining & Marketing","80.51","65.92","Sell","Jul 31, 2026","Uptrend","Aug 10, 2026","1083891.43","398.81","5.26","-1.9","Moving Down","","",,="6/9","<1","false","Swing"
"PII","Polaris Inc. Common Stock","Discretionary","Recreational Vehicles","67.61","59.25","Sell","Jul 31, 2026","Downtrend","Aug 17, 2026","804578.87","-2.57","36.26","-1.05","Moving Down","","",,="3/9","<1","false","Swing"
"PKBK","Parke Bancorp, Inc. Common Stock","Financials","Banks - Regional","35.07","79.67","Buy","Jul 31, 2026","Uptrend","Mar 24, 2026","46596","47.76","1.49","0.49","Moving Up","","",,="6/9","<1","false","Swing"
"PLBC","Plumas Bancorp","Financials","Banks - Regional","61.94","74.39","Sell","Jul 31, 2026","Uptrend","Apr 08, 2026","56775.4","204.07","3.32","-0.86","Moving Down","","",,="4/9","<1","false","Swing"
"RDVT","Red Violet, Inc. Common Stock ","Technology","Software - Application","68.19","79.79","Buy","Jul 31, 2026","Uptrend","May 04, 2026","239697.6","28.69","0.33","0.22","Moving Down","","",,="5/9","<1","false","Swing"
"RHI","Robert Half Inc. Common Stock","Industrials","Staffing & Employment Services","43.76","93.07","Sell","Jul 31, 2026","Uptrend","May 22, 2026","2310097.97","48.58","8.15","3.04","Moving Down","","",,="4/9","<1","false","Swing"
"SWX","Southwest Gas Holdings, Inc. Common Stock (DE)","Utilities","Utilities - Regulated Gas","91.71","55.7","Sell","Jul 31, 2026","Uptrend","Aug 07, 2026","451040.63","-83.96","0.08","0.49","Moving Down","","",,="4/9","<1","false","Swing"
"TEVA","Teva Pharmaceutical Industries Limited American Depositary Shares","Health Care","Drug Manufacturers - Specialty & Generic","36.58","53.69","Buy","Jul 31, 2026","Uptrend","Jul 30, 2026","5494593.43","235.98","2.27","0.33","Moving Up","","",,="7/9","<1","false","Swing"
"UE","Urban Edge Properties Common Shares of Beneficial Interest","Real Estate","REIT - Retail","21.71","41.68","Sell","Jul 31, 2026","Downtrend","Jul 31, 2026","776423.7","-40.73","0.12","-0.64","Moving Down","","",,="3/9","<1","false","Swing"
"UFPT","UFP Technologies, Inc. Common Stock","Health Care","Medical Devices","313.99","90.73","Buy","Jul 31, 2026","Uptrend","Jul 28, 2026","204775.73","58.4","0.29","-2.28","Moving Up","","",,="7/9","<1","false","Swing"
"VRTS","Virtus Investment Partners, Inc. Common Stock","Financials","Asset Management","166.81","75.4","Sell","Jul 31, 2026","Uptrend","Jul 01, 2026","140960.33","-25.25","0.19","-0.79","Moving Down","","",,="3/9","<1","false","Swing"
"VTOL","Bristow Group, Inc. Common Stock","Energy","Oil & Gas Equipment & Services","45.89","61.08","Sell","Jul 31, 2026","Uptrend","Jul 09, 2026","193414.2","62.4","1.54","-0.56","Moving Down","","",,="6/9","<1","false","Swing"
"VTR","Ventas, Inc. Common Stock","Real Estate","REIT - Healthcare Facilities","91.2","55.84","Sell","Jul 31, 2026","Neutral","Aug 14, 2026","3173877.9","111.07","4.15","0.03","Moving Down","","",,="3/9","<1","false","Swing"
"WABC","Westamerica Bancorporation Common Stock","Financials","Banks - Regional","59.19","62.89","Sell","Jul 31, 2026","Neutral","Aug 11, 2026","171237.2","-1.51","0.09","-0.52","Moving Down","","",,="2/9","<1","false","Swing"
"WK","Workiva Inc. Class A Common Stock","Technology","Software - Application","70.1","97.48","Buy","Jul 31, 2026","Uptrend","Jul 24, 2026","776457.87","-163.62","0.12","0.33","Moving Up","","",,="6/9","<1","false","Swing"
"WM","Waste Management, Inc. Common Stock","Industrials","Waste Management","223.58","56.29","Sell","Jul 31, 2026","Downtrend","Aug 07, 2026","1858552.27","15.41","0.38","-0.2","Moving Down","","",,="3/9","<1","false","Swing"
"WSBF","Waterstone Financial, Inc. Common Stock (MD)","Financials","Banks - Regional","21.18","74.69","Buy","Jul 31, 2026","Uptrend","Jul 24, 2026","65721.6","57.09","2.56","0.38","Moving Up","","",,="6/9","<1","false","Swing"
"WYNN","Wynn Resorts, Limited Common stock","Discretionary","Resorts & Casinos","101.29","67.44","Buy","Jul 31, 2026","Uptrend","Aug 05, 2026","1459662.93","1.14","3.55","-1.46","Moving Up","","",,="6/9","<1","false","Swing"
"ZBRA","Zebra Technologies Corporation Class A Common Stock","Technology","Communication Equipment","366.42","96.52","Buy","Jul 31, 2026","Uptrend","Jun 24, 2026","793092","59.91","3.88","-1.3","Moving Up","","",,="6/9","<1","false","Swing"
"AMPH","Amphastar Pharmaceuticals, Inc. Common Stock","Health Care","Drug Manufacturers - Specialty & Generic","21.34","62.36","Buy","Jul 30, 2026","Uptrend","Aug 07, 2026","442963.37","-37.22","0.07","2.3","Moving Up","","",,="7/9","<1","false","Swing"
"ANDE","Andersons, Inc. (The) Common Stock","Staples","Food Distribution","68.86","36.23","Sell","Jul 30, 2026","Downtrend","Aug 05, 2026","334094.47","-119.02","0.27","-0.03","Moving Down","","",,="3/9","<1","false","Swing"
"ARCB","ArcBest Corporation Common Stock","Industrials","Trucking","138.81","51.27","Sell","Jul 30, 2026","Downtrend","Aug 18, 2026","360046.7","-72.77","0.3","-4.84","Moving Down","","",,="3/9","<1","false","Swing"
"AXS","Axis Capital Holdings Limited Common Stock","Financials","Insurance - Specialty","100.74","41.44","Sell","Jul 30, 2026","Downtrend","Jul 31, 2026","728567.23","-18.64","0.33","0.86","Moving Down","","",,="3/9","<1","false","Swing"
"BANF","BancFirst Corporation Common Stock","Financials","Banks - Regional","114.97","61.66","Sell","Jul 30, 2026","Uptrend","Aug 14, 2026","129193.77","38.02","0.99","0.03","Moving Down","","",,="3/9","<1","false","Swing"
"BFC","Bank First Corporation Common Stock","Financials","Banks - Regional","155.98","62.79","Buy","Jul 30, 2026","Uptrend","Jun 18, 2026","88134.47","26.79","0.48","-0.57","Moving Up","","",,="6/9","<1","false","Swing"
"BG","Bunge Limited Common Shares","Staples","Farm Products","114.36","50.38","Sell","Jul 30, 2026","Downtrend","Aug 18, 2026","1233262.63","-20.34","0.28","-0.48","Moving Up","","",,="4/9","<1","false","Swing"
"BKH","Black Hills Corporation Common Stock","Utilities","Utilities - Regulated Gas","73.15","56.23","Sell","Jul 30, 2026","Downtrend","Aug 17, 2026","768526.57","-45.96","0.02","-0.33","Moving Down","","",,="4/9","<1","false","Swing"
"BKNG","Booking Holdings Inc. Common Stock","Discretionary","Travel Services","208.25","87.38","Buy","Jul 30, 2026","Uptrend","Jul 24, 2026","5637376.03","35.44","0.63","1.7","Moving Down","","",,="5/9","<1","false","Swing"
"BSVN","Bank7 Corp. Common stock","Financials","Banks - Regional","52.02","75.97","Buy","Jul 30, 2026","Uptrend","May 22, 2026","36521.67","123.89","2.52","-0.13","Moving Down","","",,="5/9","<1","false","Swing"
"BZH","Beazer Homes USA, Inc. Common Stock","Discretionary","Residential Construction","33.11","84.66","Sell","Jul 30, 2026","Uptrend","May 20, 2026","745598.43","-127.2","0.21","-0.18","Moving Down","","",,="4/9","<1","false","Swing"
"CFFI","C&F Financial Corporation Common Stock","Financials","Banks - Regional","87.62","79.24","Buy","Jul 30, 2026","Uptrend","Jul 28, 2026","17957.87","116.46","2.96","1.93","Moving Up","","",,="6/9","<1","false","Swing"
"CMCSA","Comcast Corporation Class A Common Stock","Communication","Telecom Services","26.2","78.05","Buy","Jul 30, 2026","Uptrend","Aug 03, 2026","29352243.9","-55.06","2.22","2.46","Moving Up","","Positive",,="6/9","<1","false","Swing"
"COST","Costco Wholesale Corporation Common Stock","Staples","Discount Stores","961.35","53.29","Buy","Jul 30, 2026","Uptrend","Aug 18, 2026","1954353.4","267.54","2.93","0.82","Moving Up","","",,="5/9","<1","false","Swing"
"CPRT","Copart, Inc. (DE) Common Stock","Industrials","Specialty Business Services","31.51","67","Buy","Jul 30, 2026","Uptrend","Aug 14, 2026","11655735.13","177.24","14.94","-0.6","Moving Up","","",,="6/9","<1","false","Swing"
"CROX","Crocs, Inc. Common Stock","Discretionary","Footwear & Accessories","128.66","69.93","Sell","Jul 30, 2026","Neutral","Aug 18, 2026","1003950.1","201.84","2.78","-1.01","Moving Down","","",,="3/9","<1","false","Swing"
"CTRE","CareTrust REIT, Inc. Common Stock","Real Estate","REIT - Healthcare Facilities","39.3","41.39","Sell","Jul 30, 2026","Downtrend","Aug 10, 2026","2096036.07","61.29","1.49","0.1","Moving Down","","",,="3/9","<1","false","Swing"
"CZFS","Citizens Financial Services, Inc. Common Stock","Financials","Banks - Regional","83.67","86.22","Buy","Jul 30, 2026","Uptrend","Jun 05, 2026","29028.53","54.54","1.92","2.17","Moving Up","","",,="5/9","<1","false","Swing"
"DLB","Dolby Laboratories Common Stock","Industrials","Specialty Business Services","61.1","95.87","Buy","Jul 30, 2026","Uptrend","Jul 31, 2026","877241.8","-6.84","5.47","-0.41","Moving Up","","",,="6/9","<1","false","Swing"
"DOX","Amdocs Limited Ordinary Shares","Technology","Software - Infrastructure","57.88","72.53","Buy","Jul 30, 2026","Uptrend","Aug 06, 2026","1249302.57","-28.74","1.8","1.1","Moving Up","","",,="6/9","<1","false","Swing"
"DRI","Darden Restaurants, Inc. Common Stock","Discretionary","Restaurants","218.86","80.04","Buy","Jul 30, 2026","Uptrend","Jul 29, 2026","1272501.93","-111.42","0.16","-2.94","Moving Up","","",,="6/9","<1","false","Swing"
"DXCM","DexCom, Inc. Common Stock","Health Care","Medical Devices","89.6","87.22","Buy","Jul 30, 2026","Uptrend","Jul 24, 2026","5011257.07","120.03","5.92","0.95","Moving Up","","",,="7/9","<1","false","Swing"
"EVRG","Evergy, Inc. Common Stock","Utilities","Utilities - Regulated Electric","83.42","38.81","Sell","Jul 30, 2026","Downtrend","Jul 30, 2026","1966423.77","26.76","1.97","-0.61","Moving Up","","",,="5/9","<1","false","Swing"
"FOX","Fox Corporation Class B Common Stock","Communication","Entertainment","61.23","87.31","Buy","Jul 30, 2026","Uptrend","Jul 29, 2026","1126989.23","45.6","1.16","-0.42","Moving Up","","",,="5/9","<1","false","Swing"
"FOXA","Fox Corporation Class A Common Stock","Communication","Entertainment","69.03","88.83","Buy","Jul 30, 2026","Uptrend","Jul 28, 2026","4855117.13","66.49","1.67","-0.23","Moving Up","","",,="6/9","<1","false","Swing"
"FR","First Industrial Realty Trust, Inc. Common Stock","Real Estate","REIT - Industrial","62.37","48.17","Sell","Jul 30, 2026","Downtrend","Aug 05, 2026","1094390.97","38.97","2.06","-0.84","Moving Down","","",,="3/9","<1","false","Swing"
"FSUN","FirstSun Capital Bancorp Common Stock","Financials","Banks - Regional","40.44","91.59","Buy","Jul 30, 2026","Uptrend","Jul 29, 2026","288730.4","-10.4","0.12","-1.32","Moving Down","","",,="4/9","<1","false","Swing"
"GRMN","Garmin Ltd. Common Stock (Switzerland)","Technology","Scientific & Technical Instruments","297.44","95.87","Buy","Jul 30, 2026","Uptrend","Jul 24, 2026","937333.6","20.52","0.26","-3.27","Moving Down","","",,="5/9","<1","false","Swing"
"GTY","Getty Realty Corporation Common Stock","Real Estate","REIT - Retail","32.99","48.34","Sell","Jul 30, 2026","Downtrend","Aug 03, 2026","432436.7","26.59","2.04","-0.24","Moving Down","","",,="3/9","<1","false","Swing"
"GXO","GXO Logistics, Inc. Common Stock ","Industrials","Integrated Freight & Logistics","46.63","34.76","Sell","Jul 30, 2026","Downtrend","Aug 05, 2026","1591449.07","-35.6","1.67","-1.46","Moving Down","","",,="3/9","<1","false","Swing"
"HAE","Haemonetics Corporation Common Stock","Health Care","Medical Devices","104.65","68.94","Buy","Jul 30, 2026","Uptrend","May 21, 2026","755661.03","-47.54","0.58","15.93","Moving Up","","",,="7/9","<1","false","Swing"
"HCA","HCA Healthcare, Inc. Common Stock","Health Care","Medical Care Facilities","411.73","50.2","Buy","Jul 30, 2026","Uptrend","Jul 31, 2026","1560918.57","92.09","1.37","1.67","Moving Up","","",,="6/9","<1","false","Swing"
"HUBG","Hub Group, Inc. Class A Common Stock","Industrials","Integrated Freight & Logistics","39.69","45.16","Sell","Jul 30, 2026","Downtrend","Aug 11, 2026","1077529.9","25.53","1.42","0.56","Moving Down","","","true",="3/9","<1","false","Swing"
"IVT","InvenTrust Properties Corp. Common Stock","Real Estate","REIT - Retail","33.4","38.28","Sell","Jul 30, 2026","Downtrend","Aug 04, 2026","607604.83","-66.23","0.16","-0.06","Moving Up","","",,="4/9","<1","false","Swing"
"JPM","JP Morgan Chase & Co. Common Stock","Financials","Banks - Diversified","363.25","66.33","Sell","Jul 30, 2026","Uptrend","Jun 05, 2026","7871477.4","120.5","2","0.63","Moving Down","","",,="4/9","<1","false","Swing"
"KEX","Kirby Corporation Common Stock","Industrials","Marine Shipping","139.74","38.13","Sell","Jul 30, 2026","Neutral","Aug 14, 2026","593207.63","32.52","1.47","-0.98","Moving Up","","",,="4/9","<1","false","Swing"
"KFRC","Kforce, Inc. Common Stock","Industrials","Staffing & Employment Services","58.29","75.87","Sell","Jul 30, 2026","Uptrend","Apr 13, 2026","269809.57","-29.54","0.23","2.16","Moving Down","","",,="4/9","<1","false","Swing"
"KO","Coca-Cola Company (The) Common Stock","Staples","Beverages - Non-Alcoholic","88.82","84.44","Buy","Jul 30, 2026","Uptrend","Jun 09, 2026","15544606.53","14.4","0.42","2.12","Moving Up","","Positive",,="6/9","<1","false","Swing"
"LBRDA","Liberty Broadband Corporation Class A Common Stock","Communication","Telecom Services","35","71.45","Buy","Jul 30, 2026","Uptrend","Aug 18, 2026","204615.63","-63.18","4","3.12","Moving Down","","",,="4/9","<1","false","Swing"
"LBRDK","Liberty Broadband Corporation Class C Common Stock","Communication","Telecom Services","35.01","71.15","Buy","Jul 30, 2026","Uptrend","Aug 18, 2026","1750154.67","-43.47","5.81","3.09","Moving Down","","",,="4/9","<1","false","Swing"
"MAN","ManpowerGroup Common Stock","Industrials","Staffing & Employment Services","59.48","92.84","Sell","Jul 30, 2026","Uptrend","May 28, 2026","1347372.97","47.25","6.91","4.77","Moving Down","","",,="3/9","<1","false","Swing"
"MGEE","MGE Energy, Inc","Utilities","Utilities - Regulated Electric","81.25","66.37","Sell","Jul 30, 2026","Uptrend","Aug 12, 2026","177485.63","-43.7","0.04","0.27","Moving Down","","",,="4/9","<1","false","Swing"
"MMSI","Merit Medical Systems, Inc. Common Stock","Health Care","Medical Instruments & Supplies","89.26","98.3","Buy","Jul 30, 2026","Uptrend","Jun 18, 2026","1000080.13","41.87","0.65","-0.52","Moving Down","","",,="6/9","<1","false","Swing"
"MSFT","Microsoft Corporation Common Stock","Technology","Software - Infrastructure","481.63","94.79","Buy","Jul 30, 2026","Uptrend","Jul 30, 2026","34385480.17","115.74","1.5","0.27","Moving Up","","","true",="6/9","<1","false","Swing"
"NEU","NewMarket Corp Common Stock","Materials","Specialty Chemicals","947.02","97.81","Buy","Jul 30, 2026","Uptrend","Jul 29, 2026","127176.4","19.83","0.59","-0.42","Moving Up","","",,="6/9","<1","false","Swing"
"NWE","NorthWestern Energy Group, Inc. Common Stock","Utilities","Utilities - Regulated Electric","70.61","55.35","Sell","Jul 30, 2026","Downtrend","Aug 17, 2026","360012.1","-23.31","0.07","-0.3","Moving Down","","",,="3/9","<1","false","Swing"
"ODFL","Old Dominion Freight Line, Inc. Common Stock","Industrials","Trucking","208","38.01","Sell","Jul 30, 2026","Downtrend","Jul 30, 2026","1641866.97","-232.53","0.18","-1.87","Moving Down","","",,="2/9","<1","false","Swing"
"OSW","OneSpaWorld Holdings Limited Common Shares","Discretionary","Leisure","26.18","47.63","Sell","Jul 30, 2026","Uptrend","Aug 14, 2026","861855.03","-40.26","0.24","-2.04","Moving Down","","",,="4/9","<1","false","Swing"
"PTC","PTC Inc. Common Stock","Technology","Software - Application","146.48","72.37","Buy","Jul 30, 2026","Uptrend","Jul 29, 2026","1453007.07","-22.68","0.3","0.34","Moving Up","","",,="6/9","<1","false","Swing"
"RACE","Ferrari N.V. Common Shares","Discretionary","Auto Manufacturers","412.44","85.8","Buy","Jul 30, 2026","Uptrend","Jul 27, 2026","440479.47","16.93","0.4","-1.12","Moving Up","","",,="5/9","<1","false","Swing"
"RMD","ResMed Inc. Common Stock","Health Care","Medical Instruments & Supplies","219.98","76.1","Buy","Jul 30, 2026","Uptrend","Jul 28, 2026","1417193.27","-8.04","0.28","-0.18","Moving Up","","",,="7/9","<1","false","Swing"
"ROOT","Root, Inc. Class A Common Stock","Financials","Insurance - Property & Casualty","52.29","38.16","Sell","Jul 30, 2026","Downtrend","Aug 06, 2026","264010.03","15.15","51.79","5.21","Moving Up","","",,="4/9","<1","false","Swing"
"SBCF","Seacoast Banking Corporation of Florida Common Stock","Financials","Banks - Regional","35.54","82.11","Buy","Jul 30, 2026","Uptrend","Jun 22, 2026","987764.63","-8.6","0.25","-0.73","Moving Up","","",,="6/9","<1","false","Swing"
"SCHW","Charles Schwab Corporation (The) Common Stock","Financials","Capital Markets","111.68","80.65","Buy","Jul 30, 2026","Uptrend","Jun 30, 2026","7470935.33","122.99","2.39","0.99","Moving Up","","",,="6/9","<1","false","Swing"
"SCL","Stepan Company Common Stock","Materials","Specialty Chemicals","63.43","86.68","Buy","Jul 30, 2026","Uptrend","Jun 09, 2026","140832.6","10.19","3.31","-1.99","Moving Down","","",,="5/9","<1","false","Swing"
"SHW","Sherwin-Williams Company (The) Common Stock","Materials","Specialty Chemicals","345.27","88.27","Buy","Jul 30, 2026","Uptrend","Jul 28, 2026","1903403.77","94.34","2.76","-1.34","Moving Down","","",,="5/9","<1","false","Swing"
"SPSC","SPS Commerce, Inc. Common Stock","Technology","Software - Application","77.38","90.82","Buy","Jul 30, 2026","Uptrend","Jun 26, 2026","580765.63","-173.27","0.06","1.51","Moving Down","","",,="5/9","<1","false","Swing"
"STAG","Stag Industrial, Inc. Common Stock","Real Estate","REIT - Industrial","36.58","29.52","Sell","Jul 30, 2026","Downtrend","Jul 31, 2026","1665569.67","46.01","5.32","-0.6","Moving Down","","",,="3/9","<1","false","Swing"
"STN","Stantec Inc Common Stock","Industrials","Engineering & Construction","74.2","43.88","Buy","Jul 30, 2026","Uptrend","Aug 04, 2026","369568","-56.79","0.25","-0.09","Moving Up","","",,="6/9","<1","false","Swing"
"SYF","Synchrony Financial Common Stock","Financials","Credit Services","80.58","71.68","Buy","Jul 30, 2026","Uptrend","Jul 28, 2026","3630463.7","178.12","4.06","-0.21","Moving Up","","",,="6/9","<1","false","Swing"
"TCBK","TriCo Bancshares Common Stock","Financials","Banks - Regional","56.7","66.03","Sell","Jul 30, 2026","Uptrend","Jun 04, 2026","478704.9","81.19","3.96","-1.32","Moving Down","","",,="3/9","<1","false","Swing"
"TRNO","Terreno Realty Corporation Common Stock","Real Estate","REIT - Industrial","68.5","50.79","Sell","Jul 30, 2026","Downtrend","Aug 06, 2026","766950","49","4.52","0.47","Moving Down","","",,="3/9","<1","false","Swing"
"TXT","Textron Inc. Common Stock","Industrials","Aerospace & Defense","87.13","46.98","Sell","Jul 30, 2026","Downtrend","Jul 29, 2026","1568670.8","-10.07","0.35","-0.59","Moving Down","","",,="3/9","<1","false","Swing"
"USFD","US Foods Holding Corp. Common Stock","Staples","Food Distribution","106.91","93.84","Buy","Jul 30, 2026","Uptrend","Jul 27, 2026","2402576.3","214.24","3.75","-1.57","Moving Up","","",,="6/9","<1","false","Swing"
"WAT","Waters Corporation Common Stock","Health Care","Diagnostics & Research","401.25","76.28","Buy","Jul 30, 2026","Uptrend","Jul 21, 2026","824557.13","-48.34","0.2","-1.59","Moving Up","","",,="7/9","<1","false","Swing"
"WSM","Williams-Sonoma, Inc. Common Stock (DE)","Discretionary","Specialty Retail","241.39","68.82","Buy","Jul 30, 2026","Uptrend","May 26, 2026","888042.43","428.36","4.9","0.4","Moving Down","","",,="5/9","<1","false","Swing"
"WSO/B","Watsco, Inc. Class B Common Stock","Industrials","Industrial Distribution","312.44","20.99","Sell","Jul 30, 2026","Downtrend","Jul 29, 2026","177.23","-111.02","0.12","-4.98","Moving Down","","",,="3/9","<1","false","Swing"
"WTM","White Mountains Insurance Group, Ltd. Common Stock","Financials","Insurance - Property & Casualty","2145.46","50.79","Sell","Jul 30, 2026","Neutral","Aug 18, 2026","19594.87","-35.28","0.26","1.52","Moving Down","","",,="3/9","<1","false","Swing"
"AVY","Avery Dennison Corporation Common Stock","Discretionary","Packaging & Containers","177.71","85.96","Buy","Jul 29, 2026","Uptrend","Jul 28, 2026","807486.27","-29.87","0.21","0.62","Moving Up","","",,="6/9","<1","false","Swing"
"BCH","Banco De Chile ADS","Financials","Banks - Regional","41.09","56.06","Sell","Jul 29, 2026","Uptrend","Aug 13, 2026","261398.97","56.09","0.95","0","Moving Down","","",,="4/9","<1","false","Swing"
"BOH","Bank of Hawaii Corporation Common Stock","Financials","Banks - Regional","79.08","56.31","Sell","Jul 29, 2026","Downtrend","Aug 05, 2026","420805.53","44.72","13.17","-0.94","Moving Down","","",,="2/9","<1","false","Swing"
"CACI","CACI International, Inc. Class A Common Stock","Technology","Information Technology Services","656.06","76.79","Buy","Jul 29, 2026","Uptrend","Jul 31, 2026","295630","217.09","3.09","1.03","Moving Up","","",,="6/9","<1","false","Swing"
"CAE","CAE Inc. Ordinary Shares","Industrials","Aerospace & Defense","26.02","78.19","Buy","Jul 29, 2026","Uptrend","Jul 28, 2026","564104.7","-88","0.05","-4.13","Moving Down","","",,="5/9","<1","false","Swing"
"CCS","Century Communities, Inc. Common Stock","Real Estate","Real Estate - Development","69.36","70.31","Buy","Jul 29, 2026","Uptrend","Jun 09, 2026","239655.13","-239.99","0.13","-1.25","Moving Up","","",,="6/9","<1","false","Swing"
"CVLG","Covenant Logistics Group, Inc. Class A Common Stock","Industrials","Trucking","34.05","15.3","Sell","Jul 29, 2026","Downtrend","Jul 29, 2026","209726.07","31.99","0.2","-3.92","Moving Down","","",,="3/9","<1","false","Swing"
"DD","DuPont de Nemours, Inc. Common Stock","Materials","Specialty Chemicals","138.81","55.83","Buy","Jul 29, 2026","Neutral","Aug 18, 2026","1501511.8","93.56","2.52","-2.98","Moving Up","","",,="5/9","<1","false","Swing"
"DK","Delek US Holdings, Inc. Common Stock","Energy","Oil & Gas Refining & Marketing","68.22","76.79","Sell","Jul 29, 2026","Uptrend","Jun 26, 2026","1261922.97","-27.8","0.26","1.5","Moving Down","","",,="5/9","<1","false","Swing"
"DUOL","Duolingo, Inc. Class A Common Stock","Technology","Software - Application","139.64","64.59","Buy","Jul 29, 2026","Uptrend","Aug 07, 2026","1201512.5","192.65","34.97","7.28","Moving Up","","Positive",,="6/9","<1","false","Swing"
"EEFT","Euronet Worldwide, Inc. Common Stock","Technology","Software - Infrastructure","69.21","49.69","Sell","Jul 29, 2026","Downtrend","Aug 14, 2026","696800","-23.11","7.63","-1.9","Moving Down","","",,="3/9","<1","false","Swing"
"ELF","e.l.f. Beauty, Inc. Common Stock","Staples","Household & Personal Products","92.51","80.74","Buy","Jul 29, 2026","Uptrend","Jun 12, 2026","2355714.27","-12.57","0.3","-1.23","Moving Down","","",,="5/9","<1","false","Swing"
"FAST","Fastenal Company Common Stock","Industrials","Industrial Distribution","51.27","80.68","Buy","Jul 29, 2026","Uptrend","Jul 27, 2026","8436553.8","94.12","1.09","0.08","Moving Up","","",,="6/9","<1","false","Swing"
"FHI","Federated Hermes, Inc. Common Stock","Financials","Asset Management","63.89","89.13","Buy","Jul 29, 2026","Uptrend","Jul 24, 2026","549868.6","16.98","0.37","-0.41","Moving Up","","",,="6/9","<1","false","Swing"
"FRPT","Freshpet, Inc. Common Stock","Staples","Packaged Foods","72.63","86.7","Buy","Jul 29, 2026","Uptrend","Jul 15, 2026","1304626.6","21.1","8.01","-0.03","Moving Up","","",,="6/9","<1","false","Swing"
"HALO","Halozyme Therapeutics, Inc. Common Stock","Health Care","Biotechnology","104.89","87.24","Buy","Jul 29, 2026","Uptrend","Jun 03, 2026","2146086.23","389.65","2.32","1.83","Moving Up","","",,="7/9","<1","false","Swing"
"HII","Huntington Ingalls Industries, Inc. Common Stock","Industrials","Aerospace & Defense","317.61","74.5","Buy","Jul 29, 2026","Uptrend","Jul 30, 2026","508260.3","92.82","10.76","-0.23","Moving Down","","",,="5/9","<1","false","Swing"
"HRB","H&R Block, Inc. Common Stock","Discretionary","Personal Services","50.94","94.49","Buy","Jul 29, 2026","Uptrend","Jun 30, 2026","2382541.77","-51.04","0.27","1.62","Moving Up","","",,="6/9","<1","false","Swing"
"HSY","The Hershey Company Common Stock","Staples","Confectioners","183.45","52.72","Buy","Jul 29, 2026","Uptrend","Aug 06, 2026","1579605.7","-19.15","0.24","1.32","Moving Up","","",,="6/9","<1","false","Swing"
"IMNM","Immunome, Inc. Common Stock","Health Care","Biotechnology","27.56","55.5","Buy","Jul 29, 2026","Uptrend","Jun 30, 2026","1081282.03","179.82","2.54","0.58","Moving Down","","",,="6/9","<1","false","Swing"
"ISTR","Investar Holding Corporation Common Stock","Financials","Banks - Regional","30.85","71.21","Buy","Jul 29, 2026","Uptrend","Jul 16, 2026","169558.77","85.22","5.84","-0.19","Moving Up","","",,="6/9","<1","false","Swing"
"KARO","Karooooo Ltd. Ordinary Shares","Technology","Software - Application","62.78","64.55","Sell","Jul 29, 2026","Uptrend","Jun 25, 2026","135137.17","-120.81","0.22","0.92","Moving Down","","",,="4/9","<1","false","Swing"
"KB","KB Financial Group Inc","Financials","Banks - Regional","117.68","66.54","Sell","Jul 29, 2026","Uptrend","Jul 06, 2026","270513.57","-85.97","0.27","-2.19","Moving Down","","",,="4/9","<1","false","Swing"
"KKR","KKR & Co. Inc. Common Stock","Financials","Asset Management","107.19","77.08","Buy","Jul 29, 2026","Uptrend","Jul 24, 2026","4540795.37","217.47","2.11","-1.51","Moving Down","","Positive",,="5/9","<1","false","Swing"
"KOF","Coca Cola Femsa S.A.B. de C.V.  American Depositary Shares, each representing 10 Units (each Unit consists of 3 Series B Shares and 5 Series L Shares)","Staples","Beverages - Non-Alcoholic","109.59","63.02","Buy","Jul 29, 2026","Uptrend","Jul 28, 2026","140515.67","53.16","0.95","0.83","Moving Up","","",,="5/9","<1","false","Swing"
"MANH","Manhattan Associates, Inc. Common Stock","Technology","Software - Application","198.38","88.83","Buy","Jul 29, 2026","Uptrend","Jul 02, 2026","921044.53","-119.38","0.19","0.97","Moving Up","","",,="6/9","<1","false","Swing"
"MHK","Mohawk Industries, Inc. Common Stock","Discretionary","Furnishings Fixtures & Appliances","132.87","93.72","Buy","Jul 29, 2026","Uptrend","Jul 27, 2026","921669.63","23.99","58.36","-1.83","Moving Up","","",,="6/9","<1","false","Swing"
"MKTX","MarketAxess Holdings, Inc. Common Stock","Financials","Capital Markets","162.57","92.14","Buy","Jul 29, 2026","Uptrend","Jul 29, 2026","1200077.63","-87.46","2.23","0.01","Moving Down","","",,="5/9","<1","false","Swing"
"MLAB","Mesa Laboratories, Inc. Common Stock","Technology","Scientific & Technical Instruments","107.94","60.86","Buy","Jul 29, 2026","Uptrend","Jul 28, 2026","177191.17","5.15","3.19","0.28","Moving Up","","",,="6/9","<1","false","Swing"
"MUSA","Murphy USA Inc. Common Stock","Discretionary","Specialty Retail","574.12","25.21","Sell","Jul 29, 2026","Neutral","Aug 17, 2026","283418.97","29.98","0.21","-2.04","Moving Down","","",,="3/9","<1","false","Swing"
"NSP","Insperity, Inc. Common Stock","Industrials","Staffing & Employment Services","52.33","84.84","Sell","Jul 29, 2026","Uptrend","May 15, 2026","601335.2","-30.24","4.29","3.71","Moving Down","","",,="3/9","<1","false","Swing"
"OMF","OneMain Holdings, Inc. Common Stock","Financials","Credit Services","64.73","80.11","Buy","Jul 29, 2026","Uptrend","Jun 11, 2026","1033476.3","83.76","2.13","-0.64","Moving Down","","",,="4/9","<1","false","Swing"
"ORLY","O'Reilly Automotive, Inc. Common Stock","Discretionary","Auto Parts","90.76","68.93","Buy","Jul 29, 2026","Uptrend","Jul 31, 2026","6885052.73","-17.09","0.33","0.59","Moving Down","","",,="5/9","<1","false","Swing"
"PBF","PBF Energy Inc. Class A Common Stock","Energy","Oil & Gas Refining & Marketing","75.2","85.18","Sell","Jul 29, 2026","Uptrend","Jun 26, 2026","3232768.37","202.02","4.35","0.17","Moving Up","","Positive",,="7/9","<1","false","Swing"
"QCRH","QCR Holdings, Inc. Common Stock","Financials","Banks - Regional","103.91","70.46","Buy","Jul 29, 2026","Uptrend","May 21, 2026","111229.2","78.28","1.32","-0.89","Moving Down","","",,="5/9","<1","false","Swing"
"RGA","Reinsurance Group of America, Incorporated Common Stock","Financials","Insurance - Reinsurance","244.42","79.26","Sell","Jul 29, 2026","Uptrend","Jun 16, 2026","364640.53","26.33","1.41","-1.04","Moving Down","","",,="4/9","<1","false","Swing"
"RPM","RPM International Inc. Common Stock","Materials","Specialty Chemicals","110.55","68.9","Buy","Jul 29, 2026","Uptrend","Jul 28, 2026","1008378.2","52.79","2.76","-1.5","Moving Down","","",,="5/9","<1","false","Swing"
"RS","Reliance, Inc. Common Stock","Materials","Steel","421.4","76.84","Buy","Jul 29, 2026","Uptrend","Jul 16, 2026","311448.77","226.79","1.93","-1.55","Moving Up","","",,="6/9","<1","false","Swing"
"SAP","SAP  SE ADS","Technology","Software - Application","210.47","85.51","Buy","Jul 29, 2026","Uptrend","Jul 28, 2026","3252355.97","55.32","2.71","1.27","Moving Up","","",,="6/9","<1","false","Swing"
"SNDR","Schneider National, Inc. Common Stock","Industrials","Trucking","35.3","56.09","Sell","Jul 29, 2026","Downtrend","Aug 18, 2026","862886.77","73.88","6.97","-3.05","Moving Down","","",,="3/9","<1","false","Swing"
"SWK","Stanley Black & Decker, Inc. Common Stock","Industrials","Tools & Accessories","98.4","93.76","Buy","Jul 29, 2026","Uptrend","May 26, 2026","1835081.37","-32.39","4.2","-1.19","Moving Down","","",,="5/9","<1","false","Swing"
"TPL","Texas Pacific Land Corporation Common Stock","Energy","Oil & Gas E&P","365.36","43.7","Sell","Jul 29, 2026","Downtrend","Aug 04, 2026","331245.13","508.3","3.95","1.27","Moving Down","","",,="5/9","<1","false","Swing"
"TR","Tootsie Roll Industries, Inc. Common Stock","Staples","Confectioners","40.51","47.85","Buy","Jul 29, 2026","Uptrend","Jul 28, 2026","160565.8","-54.6","0.19","0.77","Moving Up","","",,="5/9","<1","false","Swing"
"TRP","TC Energy Corporation Common Stock","Energy","Oil & Gas Midstream","64.02","38.07","Sell","Jul 29, 2026","Downtrend","Jul 31, 2026","1940377","-10.03","0.32","1.17","Moving Down","","",,="5/9","<1","false","Swing"
"TTEK","Tetra Tech, Inc. Common Stock","Industrials","Engineering & Construction","35.4","86.29","Buy","Jul 29, 2026","Uptrend","Jul 01, 2026","2772548.5","25.1","0.66","-1.17","Moving Down","","",,="5/9","<1","false","Swing"
"TW","Tradeweb Markets Inc. Class A Common Stock","Financials","Capital Markets","105.47","78.35","Buy","Jul 29, 2026","Uptrend","Aug 05, 2026","1520015.07","-3.39","0.26","0.29","Moving Up","","",,="6/9","<1","false","Swing"
"TYL","Tyler Technologies, Inc. Common Stock","Technology","Software - Application","332.21","70.12","Buy","Jul 29, 2026","Uptrend","Aug 07, 2026","776797.97","18.47","6.85","3.66","Moving Up","","",,="5/9","<1","false","Swing"
"UNH","UnitedHealth Group Incorporated Common Stock (DE)","Health Care","Healthcare Plans","393.93","67.96","Sell","Jul 29, 2026","Downtrend","Aug 11, 2026","4919381.13","-92.47","0.09","-0.43","Moving Down","","",,="4/9","<1","false","Swing"
"URBN","Urban Outfitters, Inc. Common Stock","Discretionary","Apparel Retail","74.59","70.98","Buy","Jul 29, 2026","Uptrend","Jul 27, 2026","1001745.03","-61.11","0.26","-2.67","Moving Down","","",,="5/9","<1","false","Swing"
"VNOM","Viper Energy, Inc. Class A Common Stock","Energy","Oil & Gas Midstream","43.57","26.75","Sell","Jul 29, 2026","Neutral","Aug 18, 2026","1577252.33","-210.15","0.18","1.21","Moving Up","","",,="5/9","<1","false","Swing"
"VST","Vistra Corp. Common Stock","Utilities","Utilities - Independent Power Producers","140.52","21.97","Sell","Jul 29, 2026","Downtrend","Jul 29, 2026","4462521.8","-259.13","0.25","-3.83","Moving Up","","",,="5/9","<1","false","Swing"
"WDAY","Workday, Inc. Class A Common Stock","Technology","Software - Application","190.635","99.03","Buy","Jul 29, 2026","Uptrend","Jul 24, 2026","4752828.2","0.18","0.03","-0.29","Moving Up","","",,="6/9","<1","false","Swing"
"WOR","Worthington Enterprises, Inc. Common Shares","Industrials","Metal Fabrication","56.99","56.77","Buy","Jul 29, 2026","Uptrend","Jul 30, 2026","208609.6","-46.02","0.17","-1.25","Moving Down","","",,="5/9","<1","false","Swing"
"WTBA","West Bancorporation Common Stock","Financials","Banks - Regional","29.14","81.68","Buy","Jul 29, 2026","Uptrend","Jun 05, 2026","66849.43","76.67","4.24","-2.61","Moving Up","","",,="6/9","<1","false","Swing"
"ACHC","Acadia Healthcare Company, Inc. Common Stock","Health Care","Medical Care Facilities","27.46","62.05","Sell","Jul 28, 2026","Downtrend","Aug 18, 2026","2621139.77","-58.64","0.89","-8.47","Moving Down","","",,="4/9","<1","false","Swing"
"ACN","Accenture plc Class A Ordinary Shares (Ireland)","Technology","Information Technology Services","172.93","92.26","Buy","Jul 28, 2026","Uptrend","Jul 27, 2026","6827343.2","71.73","15.71","1.74","Moving Down","","",,="5/9","<1","false","Swing"
"ALX","Alexander's, Inc. Common Stock","Real Estate","REIT - Retail","268.08","62.67","Sell","Jul 28, 2026","Neutral","Aug 18, 2026","32241.87","-15.77","0.16","0.32","Moving Down","","",,="3/9","<1","false","Swing"
"AMGN","Amgen Inc. Common Stock","Health Care","Drug Manufacturers - General","425.28","88.4","Buy","Jul 28, 2026","Uptrend","Jun 22, 2026","2405613.6","113.76","3.62","1.41","Moving Up","","",,="7/9","<1","false","Swing"
"ATLO","Ames National Corporation Common Stock","Financials","Banks - Regional","32.1","69.44","Buy","Jul 28, 2026","Uptrend","Jul 23, 2026","34812.2","75.63","3.64","0.69","Moving Up","","",,="6/9","<1","false","Swing"
"AXR","AMREP Corporation Common Stock","Real Estate","Real Estate - Development","22.85","21.28","Sell","Jul 28, 2026","Downtrend","Jul 27, 2026","11393.8","-272.71","0.18","0.44","Moving Up","","",,="4/9","<1","false","Swing"
"BHP","BHP Group Limited American Depositary Shares (Each representing two Ordinary Shares)","Materials","Other Industrial Metals & Mining","89.09","67.41","Buy","Jul 28, 2026","Uptrend","Jul 27, 2026","2505627.37","69.88","2.11","0.81","Moving Up","","Positive",,="6/9","<1","false","Swing"
"CHRN","ChronoScale Corporation Common Stock","Technology","Information Technology Services","23.53","47.5","Sell","Jul 28, 2026","Neutral","Aug 12, 2026","245026.83","-52.64","0.09","6.04","Moving Up","","",,="4/9","<1","false","Swing"
"CHRW","C.H. Robinson Worldwide, Inc. Common Stock","Industrials","Integrated Freight & Logistics","144.67","20.3","Sell","Jul 28, 2026","Downtrend","Jul 28, 2026","2128951.8","-78.46","0.2","-0.08","Moving Down","","",,="3/9","<1","false","Swing"
"CMC","Commercial Metals Company Common Stock","Industrials","Metal Fabrication","70.98","73.58","Buy","Jul 28, 2026","Uptrend","Jul 31, 2026","1056920.83","37.85","0.48","-2.41","Moving Down","","",,="5/9","<1","false","Swing"
"COKE","Coca-Cola Consolidated, Inc. Common Stock","Staples","Beverages - Non-Alcoholic","188.64","52.23","Buy","Jul 28, 2026","Uptrend","Aug 12, 2026","508517.13","241.83","0.95","1.3","Moving Up","","",,="6/9","<1","false","Swing"
"CRM","Salesforce, Inc. Common Stock","Technology","Software - Application","196.14","73.85","Buy","Jul 28, 2026","Uptrend","Jul 27, 2026","11544792.03","-45.2","0.1","2.71","Moving Up","","",,="5/9","<1","false","Swing"
"CTSH","Cognizant Technology Solutions Corporation Class A Common Stock","Technology","Information Technology Services","57.78","95.83","Buy","Jul 28, 2026","Uptrend","Jul 28, 2026","8997490.3","6.42","6.83","2.07","Moving Down","","",,="5/9","<1","false","Swing"
"D","Dominion Energy, Inc. Common Stock","Utilities","Utilities - Regulated Electric","68.61","61.76","Sell","Jul 28, 2026","Neutral","Aug 13, 2026","3622722.3","-37.18","0.73","-0.23","Moving Down","","",,="4/9","<1","false","Swing"
"DJCO","Daily Journal Corp. (S.C.) Common Stock","Technology","Software - Application","600.54","65.93","Sell","Jul 28, 2026","Uptrend","Aug 14, 2026","54307.13","-54.8","0.25","0.77","Moving Up","","",,="5/9","<1","false","Swing"
"DOC","Healthpeak Properties, Inc. Common Stock","Real Estate","REIT - Healthcare Facilities","20.44","48.19","Sell","Jul 28, 2026","Downtrend","Aug 10, 2026","5520529.73","-20.9","0.15","-0.68","Moving Down","","",,="3/9","<1","false","Swing"
"EGO","Eldorado Gold Corporation Ordinary Shares","Materials","Gold","38.71","66.04","Buy","Jul 28, 2026","Uptrend","Aug 03, 2026","2304540.53","70.95","0.53","-4.02","Moving Up","","",,="6/9","<1","false","Swing"
"EGP","EastGroup Properties, Inc. Common Stock","Real Estate","REIT - Industrial","202.17","53.5","Sell","Jul 28, 2026","Downtrend","Aug 04, 2026","480102.37","17.2","0.67","-0.68","Moving Down","","",,="3/9","<1","false","Swing"
"EXLS","ExlService Holdings, Inc. Common Stock","Technology","Information Technology Services","35.47","95.77","Buy","Jul 28, 2026","Uptrend","Jul 27, 2026","2400758.03","82.37","1.52","2.63","Moving Up","","",,="6/9","<1","false","Swing"
"FNV","Franco-Nevada Corporation","Materials","Gold","232.96","78.99","Buy","Jul 28, 2026","Uptrend","Aug 04, 2026","717729.67","134.14","3.16","-2.35","Moving Up","","",,="6/9","<1","false","Swing"
"GPC","Genuine Parts Company Common Stock","Discretionary","Auto Parts","131.89","93.35","Buy","Jul 28, 2026","Uptrend","Jun 12, 2026","1520970.6","-20.32","0.24","-0.48","Moving Down","","",,="5/9","<1","false","Swing"
"GS","Goldman Sachs Group, Inc. (The) Common Stock","Financials","Capital Markets","1040.47","50.07","Sell","Jul 28, 2026","Neutral","Aug 12, 2026","1891313.9","198.51","1.56","-1.03","Moving Up","","",,="4/9","<1","false","Swing"
"HEI/A","Heico Corporation Common Stock","Industrials","Aerospace & Defense","268.78","86","Buy","Jul 28, 2026","Uptrend","Jul 27, 2026","206360.83","-38.75","0.28","-0.67","Moving Up","","",,="5/9","<1","false","Swing"
"HESM","Hess Midstream LP Class A Representing Limited Partner Interests","Energy","Oil & Gas Midstream","40.07","48.31","Sell","Jul 28, 2026","Uptrend","Jul 07, 2026","1041430.1","32.86","1.32","1.03","Moving Down","","",,="6/9","<1","false","Swing"
"HFWA","Heritage Financial Corporation Common Stock","Financials","Banks - Regional","29.45","48.17","Sell","Jul 28, 2026","Neutral","Aug 14, 2026","414126.9","8.19","0.72","-0.51","Moving Down","","",,="3/9","<1","false","Swing"
"HPQ","HP Inc. Common Stock","Technology","Computer Hardware","29.96","88.24","Buy","Jul 28, 2026","Uptrend","Jul 13, 2026","14529500.07","-84.85","0.14","1.9","Moving Up","","",,="6/9","<1","false","Swing"
"IT","Gartner, Inc. Common Stock","Technology","Information Technology Services","182.07","92.02","Buy","Jul 28, 2026","Uptrend","Jul 27, 2026","1483619.5","136.43","25.21","1.61","Moving Down","","",,="5/9","<1","false","Swing"
"JNJ","Johnson & Johnson Common Stock","Health Care","Drug Manufacturers - General","271.11","79.15","Buy","Jul 28, 2026","Uptrend","Jun 23, 2026","7418433.53","78.55","1.98","3.33","Moving Up","","Positive",,="7/9","<1","false","Swing"
"LDOS","Leidos Holdings, Inc. Common Stock","Technology","Information Technology Services","143.48","82.32","Buy","Jul 28, 2026","Uptrend","Aug 03, 2026","1513811.67","22.92","1.38","0.86","Moving Up","","",,="6/9","<1","false","Swing"
"LEU","Centrus Energy Corp. Class A Common Stock","Energy","Uranium","175.7","49.59","Buy","Jul 28, 2026","Neutral","Aug 18, 2026","728529.03","6209.69","6.34","-4.57","Moving Up","","",,="7/9","<1","false","Swing"
"LH","Labcorp Holdings Inc. Common Stock","Health Care","Diagnostics & Research","322.18","86","Buy","Jul 28, 2026","Uptrend","Jun 24, 2026","694205.8","-1.21","0.33","-0.36","Moving Down","","",,="6/9","<1","false","Swing"
"MSI","Motorola Solutions, Inc. Common Stock","Technology","Communication Equipment","469.5","71.82","Buy","Jul 28, 2026","Uptrend","Jul 27, 2026","888337.63","85.7","0.98","2.72","Moving Up","","",,="6/9","<1","false","Swing"
"NKSH","National Bankshares, Inc. Common Stock","Financials","Banks - Regional","43.19","88.35","Buy","Jul 28, 2026","Uptrend","Jul 24, 2026","39462.97","7.61","0.67","1.36","Moving Up","","",,="6/9","<1","false","Swing"
"NOC","Northrop Grumman Corporation Common Stock","Industrials","Aerospace & Defense","589.14","64.67","Buy","Jul 28, 2026","Uptrend","Aug 03, 2026","807224.57","48.41","2.02","3.32","Moving Up","","",,="6/9","<1","false","Swing"
"NRIM","Northrim BanCorp Inc Common Stock","Financials","Banks - Regional","26.77","62.6","Sell","Jul 28, 2026","Neutral","Aug 11, 2026","151261.6","239.29","2.35","-0.45","Moving Down","","",,="3/9","<1","false","Swing"
"NWFL","Norwood Financial Corp. Common Stock","Financials","Banks - Regional","34.37","79.24","Buy","Jul 28, 2026","Uptrend","Jul 24, 2026","37651.87","-28.88","0.1","0.82","Moving Down","","",,="5/9","<1","false","Swing"
"PEN","Penumbra, Inc. Common Stock","Health Care","Medical Devices","324.75","47.13","Buy","Jul 28, 2026","Uptrend","Jul 31, 2026","330134.4","83.94","4.19","-0.74","Moving Up","","",,="7/9","<1","false","Swing"
"RF","Regions Financial Corporation Common Stock","Financials","Banks - Regional","31.7","72.21","Sell","Jul 28, 2026","Uptrend","Jun 04, 2026","9202183.3","56.12","1.39","0","Moving Down","","",,="4/9","<1","false","Swing"
"RGS","Regis Corporation Common Stock","Discretionary","Personal Services","27.46","42.4","Sell","Jul 28, 2026","Downtrend","Aug 17, 2026","6240.1","-12.64","24.36","1.33","Moving Up","","",,="4/9","<1","false","Swing"
"SHAK","Shake Shack, Inc. Class A Common Stock","Discretionary","Restaurants","70.99","81.75","Buy","Jul 28, 2026","Uptrend","Jul 30, 2026","1970480.53","-24.01","2.04","-4.31","Moving Down","","",,="5/9","<1","false","Swing"
"SHG","Shinhan Financial Group Co Ltd American Depositary Shares","Financials","Banks - Regional","74.86","73.98","Sell","Jul 28, 2026","Uptrend","Jul 06, 2026","214496.73","37.95","1.11","-1.4","Moving Down","","",,="4/9","<1","false","Swing"
"SLB","SLB Limited Common Shares","Energy","Oil & Gas Equipment & Services","53.21","61.77","Buy","Jul 28, 2026","Uptrend","Aug 04, 2026","11245232.6","12.93","0.92","-1.21","Moving Up","","",,="8/9","<1","false","Swing"
"SXT","Sensient Technologies Corporation Common Stock","Materials","Specialty Chemicals","130.14","87.42","Buy","Jul 28, 2026","Uptrend","Jul 27, 2026","524605.97","-32.57","0.27","-2.48","Moving Up","","",,="6/9","<1","false","Swing"
"TEL","TE Connectivity plc Ordinary Shares","Technology","Electronic Components","204.97","71.65","Buy","Jul 28, 2026","Neutral","Aug 18, 2026","2469465.63","-105.27","0.19","-5.71","Moving Down","","",,="4/9","<1","false","Swing"
"THC","Tenet Healthcare Corporation Common Stock","Health Care","Medical Care Facilities","270.21","90.09","Buy","Jul 28, 2026","Uptrend","Jul 15, 2026","1211834.23","165.14","0.78","2.14","Moving Down","","",,="6/9","<1","false","Swing"
"TRMB","Trimble Inc. Common Stock","Technology","Scientific & Technical Instruments","56.99","72.88","Buy","Jul 28, 2026","Uptrend","Aug 18, 2026","2620495.23","-35.51","0.18","2.33","Moving Down","","",,="5/9","<1","false","Swing"
"UPS","United Parcel Service, Inc. Common Stock","Industrials","Integrated Freight & Logistics","101.93","42.17","Sell","Jul 28, 2026","Downtrend","Aug 05, 2026","5113778.9","-131.4","0.19","-0.09","Moving Down","","Positive",,="3/9","<1","false","Swing"
"WIX","Wix.com Ltd. Ordinary Shares","Technology","Software - Infrastructure","77.16","77.02","Buy","Jul 28, 2026","Uptrend","Jul 27, 2026","1669545.6","64.3","8.69","4.67","Moving Up","","","true",="5/9","<1","false","Swing"
"A","Agilent Technologies, Inc. Common Stock","Health Care","Diagnostics & Research","148.44","87.91","Buy","Jul 27, 2026","Uptrend","May 28, 2026","1851798.87","56.08","2.25","-0.01","Moving Up","","",,="6/9","<1","false","Swing"
"AGL","agilon health, inc. Common Stock","Health Care","Medical Care Facilities","95.4","53.33","Sell","Jul 27, 2026","Downtrend","Aug 18, 2026","373134.83","8.72","7.12","-1.51","Moving Up","","",,="5/9","<1","false","Swing"
"ARQT","Arcutis Biotherapeutics, Inc. Common Stock","Health Care","Biotechnology","26.54","47.68","Sell","Jul 27, 2026","Neutral","Aug 18, 2026","1483181.8","-24.68","0.15","3.63","Moving Up","","",,="5/9","<1","false","Swing"
"ARWR","Arrowhead Pharmaceuticals, Inc. Common Stock","Health Care","Biotechnology","87.9","63.03","Buy","Jul 27, 2026","Uptrend","Jul 23, 2026","1880818","31.4","2.55","-0.9","Moving Up","","",,="6/9","<1","false","Swing"
"BAH","Booz Allen Hamilton Holding Corporation Common Stock","Industrials","Consulting Services","75.76","86.18","Buy","Jul 27, 2026","Uptrend","Jul 31, 2026","2094353.5","-93.1","0.02","1.05","Moving Up","","",,="6/9","<1","false","Swing"
"BBSI","Barrett Business Services, Inc. Common Stock","Industrials","Staffing & Employment Services","32.95","40.85","Sell","Jul 27, 2026","Downtrend","Aug 07, 2026","256146","137.05","6.25","5.17","Moving Down","","",,="3/9","<1","false","Swing"
"CLH","Clean Harbors, Inc. Common Stock","Industrials","Waste Management","319.5","61.01","Sell","Jul 27, 2026","Uptrend","Jul 06, 2026","479824.87","33.85","0.3","-2.01","Moving Up","","Positive",,="5/9","<1","false","Swing"
"CMPR","Cimpress plc Ordinary Shares (Ireland)","Industrials","Specialty Business Services","89.68","55.88","Sell","Jul 27, 2026","Downtrend","Aug 14, 2026","184620.57","-2.87","29.83","-2.26","Moving Down","","",,="3/9","<1","false","Swing"
"CPF","Central Pacific Financial Corp New","Financials","Banks - Regional","37.96","68.03","Sell","Jul 27, 2026","Neutral","Aug 17, 2026","149426.5","68.82","2.78","-1.15","Moving Down","","",,="3/9","<1","false","Swing"
"DFP","Flaherty & Crumrine Dynamic Preferred and Income Fund Inc. Common Stock","Financials","Closed-End Fund - Debt","20.76","56.52","Sell","Jul 27, 2026","Uptrend","Aug 07, 2026","44997.33","66.1","9.89","-0.43","Moving Down","","",,="3/9","<1","false","Swing"
"DLR","Digital Realty Trust, Inc. Common Stock","Real Estate","REIT - Specialty","195.25","74.87","Buy","Jul 27, 2026","Uptrend","Jul 24, 2026","2654559.97","-26.21","0.28","-1.34","Moving Up","","",,="5/9","<1","false","Swing"
"EGBN","Eagle Bancorp, Inc. Common Stock","Financials","Banks - Regional","28.45","69.3","Buy","Jul 27, 2026","Uptrend","Jul 24, 2026","266500.37","47.8","8.97","-0.35","Moving Up","","",,="5/9","<1","false","Swing"
"EMR","Emerson Electric Company Common Stock","Industrials","Specialty Industrial Machinery","157.78","77.66","Buy","Jul 27, 2026","Uptrend","Jul 24, 2026","2790549.97","112.61","2.37","-2.63","Moving Up","","",,="6/9","<1","false","Swing"
"EPC","Edgewell Personal Care Company Common Stock","Staples","Household & Personal Products","28.45","83.67","Sell","Jul 27, 2026","Uptrend","Jun 08, 2026","657033.8","-75.39","0.05","1.39","Moving Down","","",,="4/9","<1","false","Swing"
"EPRT","Essential Properties Realty Trust, Inc. Common Stock","Real Estate","REIT - Retail","30.8","56.16","Sell","Jul 27, 2026","Downtrend","Aug 04, 2026","1447687.87","41.61","4.6","-1.09","Moving Up","","",,="4/9","<1","false","Swing"
"EQT","EQT Corporation Common Stock","Energy","Oil & Gas E&P","53.14","42.92","Buy","Jul 27, 2026","Uptrend","Aug 10, 2026","7000195.7","183.31","0.99","0.25","Moving Up","","",,="8/9","<1","false","Swing"
"FCNCA","First Citizens BancShares, Inc. Class A Common Stock","Financials","Banks - Regional","2207.67","64.96","Buy","Jul 27, 2026","Uptrend","Jun 04, 2026","71363","226.12","1.93","-1.8","Moving Down","","",,="4/9","<1","false","Swing"
"FRME","First Merchants Corporation Common Stock","Financials","Banks - Regional","43.23","63.83","Sell","Jul 27, 2026","Uptrend","Aug 14, 2026","446003.8","-28.95","0.09","-0.67","Moving Down","","",,="3/9","<1","false","Swing"
"HELE","Helen of Troy Limited Common Stock","Staples","Household & Personal Products","28.74","79.2","Buy","Jul 27, 2026","Uptrend","Jul 09, 2026","473305.93","-53.13","5.49","2.1","Moving Down","","",,="5/9","<1","false","Swing"
"HROW","Harrow, Inc. Common Stock","Health Care","Drug Manufacturers - Specialty & Generic","39.52","43.21","Sell","Jul 27, 2026","Downtrend","Aug 11, 2026","568307.83","254.89","3.03","0.11","Moving Down","","",,="4/9","<1","false","Swing"
"IBN","ICICI Bank Limited Common Stock","Financials","Banks - Regional","29.63","66.29","Sell","Jul 27, 2026","Uptrend","Jun 11, 2026","5836509.43","-83.14","0.19","0.78","Moving Down","","",,="4/9","<1","false","Swing"
"KMX","CarMax Inc","Discretionary","Auto & Truck Dealerships","57.4","77.79","Sell","Jul 27, 2026","Uptrend","May 27, 2026","2368694.47","11.73","4.06","-1.93","Moving Down","","",,="4/9","<1","false","Swing"
"LAMR","Lamar Advertising Company Class A Common Stock","Real Estate","REIT - Specialty","151.72","60.95","Sell","Jul 27, 2026","Downtrend","Aug 10, 2026","645310.53","73.58","2.47","-0.43","Moving Down","","",,="3/9","<1","false","Swing"
"LMT","Lockheed Martin Corporation Common Stock","Industrials","Aerospace & Defense","607.17","77.91","Buy","Jul 27, 2026","Uptrend","Jul 23, 2026","1117111.2","4.71","0.25","2.26","Moving Up","","Positive",,="6/9","<1","false","Swing"
"MCO","Moody's Corporation Common Stock","Financials","Financial Data & Stock Exchanges","485.79","52.28","Sell","Jul 27, 2026","Uptrend","Aug 18, 2026","787533.8","85.62","2.04","1.81","Moving Down","","",,="4/9","<1","false","Swing"
"MDLZ","Mondelez International, Inc. Class A Common Stock","Staples","Confectioners","62.66","73.61","Buy","Jul 27, 2026","Uptrend","Jul 24, 2026","8036270.93","30.1","4.79","0.77","Moving Up","","",,="6/9","<1","false","Swing"
"MLI","Mueller Industries, Inc. Common Stock","Industrials","Metal Fabrication","64.48","50.06","Buy","Jul 27, 2026","Neutral","Aug 18, 2026","1345040.13","590.31","1.68","-3.23","Moving Down","","",,="4/9","<1","false","Swing"
"NDSN","Nordson Corporation Common Stock","Industrials","Specialty Industrial Machinery","304.21","69.89","Buy","Jul 27, 2026","Uptrend","Jul 24, 2026","320086.83","110.32","3.04","-1.81","Moving Up","","",,="6/9","<1","false","Swing"
"NGG","National Grid Transco, PLC National Grid PLC (NEW) American Depositary Shares","Utilities","Utilities - Regulated Electric","82.15","49.68","Sell","Jul 27, 2026","Neutral","Aug 18, 2026","776317.3","47.27","2.96","1.06","Moving Up","","",,="4/9","<1","false","Swing"
"NUE","Nucor Corporation Common Stock","Materials","Steel","264.19","83.82","Buy","Jul 27, 2026","Uptrend","Jul 24, 2026","1278839.63","450.57","3.11","-3.11","Moving Down","","",,="5/9","<1","false","Swing"
"PECO","Phillips Edison & Company, Inc. Common Stock","Real Estate","REIT - Retail","39.74","34.57","Sell","Jul 27, 2026","Downtrend","Aug 04, 2026","812690","-24.5","0.17","-0.53","Moving Up","","",,="4/9","<1","false","Swing"
"PRGS","Progress Software Corporation Common Stock (DE)","Technology","Software - Infrastructure","43.22","86.76","Sell","Jul 27, 2026","Uptrend","Jun 26, 2026","514434.13","-26.72","0.08","0.84","Moving Down","","",,="4/9","<1","false","Swing"
"REX","REX American Resources Corporation","Materials","Chemicals","44.12","44.97","Sell","Jul 27, 2026","Downtrend","Aug 18, 2026","163462.3","-91.37","0.28","-2.24","Moving Up","","",,="4/9","<1","false","Swing"
"RTO","Rentokil Initial plc American Depositary Shares (each representing five (5) Ordinary Shares)","Industrials","Specialty Business Services","23.59","25.78","Sell","Jul 27, 2026","Downtrend","Jul 24, 2026","1432705.43","7.68","4.21","0.17","Moving Down","","",,="3/9","<1","false","Swing"
"RVLV","Revolve Group, Inc. Class A Common Stock","Discretionary","Internet Retail","22.86","45.73","Sell","Jul 27, 2026","Downtrend","Aug 14, 2026","857597.03","12.85","4.73","-1.21","Moving Down","","",,="3/9","<1","false","Swing"
"SBFG","SB Financial Group, Inc. Common Stock","Financials","Banks - Regional","26.69","79.87","Sell","Jul 27, 2026","Uptrend","Jun 08, 2026","19969.57","-17.73","0.31","-1.51","Moving Down","","",,="4/9","<1","false","Swing"
"SLG","SL Green Realty Corp Common Stock","Real Estate","REIT - Office","56.84","75.3","Buy","Jul 27, 2026","Uptrend","May 21, 2026","1024535.5","-5.77","17.44","1.3","Moving Up","","",,="6/9","<1","false","Swing"
"TBBK","The Bancorp Inc Common Stock","Financials","Banks - Regional","68.32","76.04","Sell","Jul 27, 2026","Uptrend","Jun 18, 2026","417900","525.36","3.76","0.07","Moving Down","","",,="4/9","<1","false","Swing"
"TDY","Teledyne Technologies Incorporated Common Stock","Technology","Scientific & Technical Instruments","665","80.07","Buy","Jul 27, 2026","Uptrend","Jul 30, 2026","384783.5","14.2","0.45","-1.81","Moving Down","","",,="5/9","<1","false","Swing"
"TMUS","T-Mobile US, Inc. Common Stock","Communication","Telecom Services","182.75","29.95","Sell","Jul 27, 2026","Neutral","Aug 18, 2026","4550475.57","68.98","1.64","1.46","Moving Up","","",,="4/9","<1","false","Swing"
"VRDN","Viridian Therapeutics, Inc. Common Stock","Health Care","Biotechnology","23.93","74.26","Buy","Jul 27, 2026","Uptrend","Jul 20, 2026","1833279.77","-36.58","0.24","3.64","Moving Up","","",,="7/9","<1","false","Swing"
"VZ","Verizon Communications Inc. Common Stock","Communication","Telecom Services","48.54","53.59","Buy","Jul 27, 2026","Uptrend","Jul 24, 2026","23708697.73","-31.13","1.45","1","Moving Up","","",,="6/9","<1","false","Swing"
"ADX","Adams Diversified Equity Fund Inc.","Financials","Closed-End Fund - Equity","26.05","50.61","Sell","Jul 24, 2026","Uptrend","Aug 04, 2026","304174.13","115.13","1.37","-0.69","Moving Down","","",,="4/9","<1","false","Swing"
"AGO","Assured Guaranty Ltd. Common Stock","Financials","Insurance - Specialty","75.53","37.85","Sell","Jul 24, 2026","Downtrend","Aug 07, 2026","328042.2","1.47","0.07","-0.91","Moving Down","","",,="3/9","<1","false","Swing"
"AIG","American International Group, Inc. New Common Stock","Financials","Insurance - Diversified","76.12","50.99","Sell","Jul 24, 2026","Downtrend","Aug 11, 2026","3174242.63","-4.8","0.34","0.41","Moving Down","","",,="3/9","<1","false","Swing"
"AME","AMETEK, Inc.","Industrials","Specialty Industrial Machinery","249.99","86.04","Buy","Jul 24, 2026","Uptrend","Jun 16, 2026","1115999.6","133.26","2.39","-1.64","Moving Down","","",,="5/9","<1","false","Swing"
"AVB","AvalonBay Communities, Inc. Common Stock","Real Estate","REIT - Residential","184.06","61.21","Sell","Jul 24, 2026","Downtrend","Aug 06, 2026","888914.53","-1.46","13.26","0","","","",,="3/9","<1","false","Swing"
"AZTA","Azenta, Inc.","Health Care","Medical Instruments & Supplies","32.98","86.04","Buy","Jul 24, 2026","Uptrend","Jun 24, 2026","637944.5","-36.99","1.96","-1.79","Moving Up","","",,="7/9","<1","false","Swing"
"BMRC","Bank of Marin Bancorp Common Stock","Financials","Banks - Regional","28.03","57.23","Sell","Jul 24, 2026","Neutral","Aug 14, 2026","149405.8","29.63","6.92","-0.46","Moving Down","","",,="3/9","<1","false","Swing"
"BNL","Broadstone Net Lease, Inc. Common Stock","Real Estate","REIT - Diversified","20.78","49.59","Sell","Jul 24, 2026","Downtrend","Aug 17, 2026","2154396.3","17.55","1.41","-2.07","Moving Up","","",,="4/9","<1","false","Swing"
"BVN","Buenaventura Mining Company Inc.","Materials","Other Precious Metals & Mining","33.2","53.25","Buy","Jul 24, 2026","Uptrend","Aug 04, 2026","792681.53","49.55","1.05","-2.24","Moving Up","","",,="6/9","<1","false","Swing"
"CBRL","Cracker Barrel Old Country Store, Inc Common Stock","Discretionary","Restaurants","58.18","86.07","Sell","Jul 24, 2026","Uptrend","May 21, 2026","872300.47","-71.25","2.49","-1.46","Moving Down","","",,="3/9","<1","false","Swing"
"CBU","Community Financial System, Inc. Common Stock","Financials","Banks - Regional","64.61","55.89","Sell","Jul 24, 2026","Downtrend","Aug 17, 2026","252077.03","-58.5","0.26","-0.62","Moving Down","","",,="3/9","<1","false","Swing"
"CNK","Cinemark Holdings Inc Cinemark Holdings, Inc. Common Stock","Communication","Entertainment","36.7","82.63","Buy","Jul 24, 2026","Uptrend","Jul 22, 2026","2583887.23","53.32","16.83","-2.19","Moving Down","","",,="5/9","<1","false","Swing"
"CUZ","Cousins Properties Incorporated Common Stock","Real Estate","REIT - Office","29","67.71","Sell","Jul 24, 2026","Downtrend","Aug 14, 2026","1533747.43","0.36","2.85","-0.62","Moving Down","","",,="3/9","<1","false","Swing"
"DFIN","Donnelley Financial Solutions, Inc. Common Stock ","Technology","Software - Application","48.38","56.15","Sell","Jul 24, 2026","Uptrend","Jun 30, 2026","250022.9","90.49","4.79","1.38","Moving Up","","",,="5/9","<1","false","Swing"
"EFOR","Everforth, Inc. Common Stock","Technology","Information Technology Services","30.79","97.18","Buy","Jul 24, 2026","Uptrend","Jul 27, 2026","993851.3","-151.76","1.24","-0.23","Moving Down","","",,="5/9","<1","false","Swing"
"FCN","FTI Consulting, Inc. Common Stock","Industrials","Consulting Services","151.45","26.78","Sell","Jul 24, 2026","Downtrend","Aug 06, 2026","399054.3","-57.33","0.12","1.09","Moving Down","","",,="3/9","<1","false","Swing"
"FFBC","First Financial Bancorp. Common Stock","Financials","Banks - Regional","33.79","64.99","Sell","Jul 24, 2026","Uptrend","Aug 13, 2026","1021184.97","121.45","7.32","-1.11","Moving Down","","",,="4/9","<1","false","Swing"
"FRO","Frontline Plc Ordinary Shares","Energy","Oil & Gas Midstream","43.5","66.47","Buy","Jul 24, 2026","Uptrend","Jul 21, 2026","1960560.43","175.49","1.09","3.13","Moving Up","","",,="8/9","<1","false","Swing"
"GBCI","Glacier Bancorp, Inc. Common Stock","Financials","Banks - Regional","48.97","54.18","Sell","Jul 24, 2026","Downtrend","Aug 17, 2026","1119215.67","68.86","16.61","-1.29","Moving Down","","",,="3/9","<1","false","Swing"
"GGG","Graco Inc. Common Stock","Industrials","Specialty Industrial Machinery","81.01","59.94","Buy","Jul 24, 2026","Uptrend","Jul 23, 2026","1381881.57","34.49","1.6","-0.66","Moving Up","","",,="6/9","<1","false","Swing"
"GIC","Global Industrial Company Common Stock","Industrials","Industrial Distribution","39.04","72.03","Buy","Jul 24, 2026","Uptrend","Jun 09, 2026","121221.23","-98.37","0.16","1.11","Moving Up","","",,="5/9","<1","false","Swing"
"HIW","Highwoods Properties, Inc. Common Stock","Real Estate","REIT - Office","30.85","65.89","Sell","Jul 24, 2026","Downtrend","Aug 17, 2026","1394891.8","-0.66","142.34","0.62","Moving Down","","",,="3/9","<1","false","Swing"
"HWC","Hancock Whitney Corporation Common Stock","Financials","Banks - Regional","78.25","71.14","Sell","Jul 24, 2026","Uptrend","May 26, 2026","848457.83","93.4","3.12","-0.75","Moving Down","","",,="4/9","<1","false","Swing"
"IMAX","Imax Corporation Common Stock","Communication","Entertainment","50.55","94.52","Buy","Jul 24, 2026","Uptrend","Jul 23, 2026","1508201.6","193.95","3.95","-3.51","Moving Up","","",,="6/9","<1","false","Swing"
"KHC","The Kraft Heinz Company Common Stock","Staples","Packaged Foods","24.82","41.52","Sell","Jul 24, 2026","Downtrend","Aug 17, 2026","13215326.6","-15.99","0.14","0.28","Moving Down","","",,="3/9","<1","false","Swing"
"KNX","Knight-Swift Transportation Holdings Inc.","Industrials","Trucking","70.72","55.18","Sell","Jul 24, 2026","Downtrend","Aug 18, 2026","3832193.6","32.99","0.82","-2.86","Moving Up","","",,="4/9","<1","false","Swing"
"LMAT","LeMaitre Vascular, Inc. Common Stock","Health Care","Medical Instruments & Supplies","81.52","10.79","Sell","Jul 24, 2026","Downtrend","Aug 05, 2026","382568.1","139.18","2.68","-1.2","Moving Down","","",,="4/9","<1","false","Swing"
"MCS","Marcus Corporation (The) Common Stock","Communication","Entertainment","29.77","90.63","Buy","Jul 24, 2026","Uptrend","May 26, 2026","294916.97","27.99","44.27","-0.6","Moving Down","","",,="4/9","<1","false","Swing"
"MDGL","Madrigal Pharmaceuticals, Inc. Common Stock","Health Care","Biotechnology","524.37","42.34","Sell","Jul 24, 2026","Neutral","Aug 17, 2026","363786","349.95","2.67","-0.1","Moving Down","","",,="4/9","<1","false","Swing"
"META","Meta Platforms, Inc. Class A Common Stock","Communication","Internet Content & Information","543.67","31.34","Sell","Jul 24, 2026","Downtrend","Jul 28, 2026","17330974.93","-105.39","0.21","-4.45","Moving Down","","Negative","true",="3/9","<1","false","Swing"
"NBHC","National Bank Holdings Corporation Common Stock","Financials","Banks - Regional","42.99","50.71","Sell","Jul 24, 2026","Downtrend","Aug 17, 2026","425235.17","107.88","10.72","-0.51","Moving Up","","",,="4/9","<1","false","Swing"
"NKTR","Nektar Therapeutics  Common Stock","Health Care","Biotechnology","73.64","60.24","Buy","Jul 24, 2026","Uptrend","Jul 21, 2026","682264.47","-62.83","4.48","1.33","Moving Up","","",,="7/9","<1","false","Swing"
"ONB","Old National Bancorp Common Stock","Financials","Banks - Regional","26.66","70.3","Sell","Jul 24, 2026","Uptrend","Jun 04, 2026","4376542.6","71.1","3.45","-1.51","Moving Down","","",,="4/9","<1","false","Swing"
"RRC","Range Resources Corporation Common Stock","Energy","Oil & Gas E&P","39.86","57.9","Buy","Jul 24, 2026","Uptrend","Aug 10, 2026","2893100.6","-111.11","0.29","1.27","Moving Up","","",,="8/9","<1","false","Swing"
"STC","Stewart Information Services Corporation Common Stock","Financials","Insurance - Property & Casualty","68.01","56.01","Sell","Jul 24, 2026","Neutral","Aug 13, 2026","218276.77","-1.64","0.32","-0.09","Moving Down","","",,="2/9","<1","false","Swing"
"TCBI","Texas Capital Bancshares, Inc. Common Stock","Financials","Banks - Regional","99.83","51.24","Sell","Jul 24, 2026","Downtrend","Aug 18, 2026","455776.9","90.96","3.31","-1.25","Moving Up","","",,="4/9","<1","false","Swing"
"ACGL","Arch Capital Group Ltd. Common Stock","Financials","Insurance - Diversified","98.91","51.23","Sell","Jul 23, 2026","Neutral","Aug 18, 2026","1703933.5","46.6","0.9","1.12","Moving Down","","",,="3/9","<1","false","Swing"
"ACIW","ACI Worldwide, Inc. Common Stock","Technology","Software - Infrastructure","52.17","54.88","Sell","Jul 23, 2026","Downtrend","Aug 17, 2026","1109707.27","-1.17","0.32","0.08","Moving Down","","",,="3/9","<1","false","Swing"
"AXP","American Express Company Common Stock","Financials","Credit Services","338.52","51.82","Sell","Jul 23, 2026","Downtrend","Aug 17, 2026","2668554.83","90.88","1.42","0.69","Moving Down","","",,="3/9","<1","false","Swing"
"BMI","Badger Meter, Inc. Common Stock","Technology","Scientific & Technical Instruments","125.89","50.97","Sell","Jul 23, 2026","Downtrend","Aug 10, 2026","469816.33","-33.58","0.3","-2.18","Moving Down","","",,="3/9","<1","false","Swing"
"BOX","Box, Inc. Class A Common Stock","Technology","Software - Infrastructure","32.44","79.98","Sell","Jul 23, 2026","Uptrend","Jun 29, 2026","2801499.7","-87.02","0.11","0.46","Moving Down","","",,="4/9","<1","false","Swing"
"CHKP","Check Point Software Technologies Ltd. Ordinary Shares","Technology","Software - Infrastructure","130.31","36.51","Sell","Jul 23, 2026","Downtrend","Aug 17, 2026","1223488.63","-65.54","0.06","2.6","Moving Up","","",,="4/9","<1","false","Swing"
"DORM","Dorman Products, Inc. Common Stock","Discretionary","Auto Parts","132.82","63.03","Sell","Jul 23, 2026","Downtrend","Aug 18, 2026","311462.33","-85.91","0.16","-0.66","Moving Down","","",,="3/9","<1","false","Swing"
"E","ENI S.p.A. Common Stock","Energy","Oil & Gas Integrated","55.93","79.05","Buy","Jul 23, 2026","Uptrend","Jul 29, 2026","368295.87","98.11","2.84","-0.18","Moving Up","","",,="7/9","<1","false","Swing"
"EBAY","eBay Inc. Common Stock","Discretionary","Internet Retail","102.27","39.64","Sell","Jul 23, 2026","Downtrend","Aug 10, 2026","4081689.57","167.6","2.38","1.32","Moving Down","","",,="3/9","<1","false","Swing"
"FBRX","Forte Biosciences, Inc. Common Stock","Health Care","Biotechnology","76.88","71.57","Sell","Jul 23, 2026","Uptrend","Jul 09, 2026","1952104.67","660.27","5.36","-0.01","Moving Down","","",,="5/9","<1","false","Swing"
"FCBC","First Community Bankshares, Inc. (VA) Common Stock","Financials","Banks - Regional","49.19","75.88","Buy","Jul 23, 2026","Uptrend","Jun 04, 2026","85485.17","66.62","1.68","0.02","Moving Up","","",,="6/9","<1","false","Swing"
"FFIN","First Financial Bankshares, Inc. Common Stock","Financials","Banks - Regional","34.63","69.7","Sell","Jul 23, 2026","Uptrend","Jun 04, 2026","732875.33","0.78","3.61","-0.66","Moving Down","","",,="4/9","<1","false","Swing"
"GRPN","Groupon, Inc. Common Stock","Communication","Internet Content & Information","20.22","47.21","Sell","Jul 23, 2026","Downtrend","Aug 10, 2026","1543627.4","-21.27","10.56","-0.39","Moving Down","","",,="3/9","<1","false","Swing"
"IMKTA","Ingles Markets, Incorporated Class A Common Stock","Staples","Grocery Stores","85.78","57.36","Sell","Jul 23, 2026","Downtrend","Aug 06, 2026","122588.6","16.61","0.47","-0.86","Moving Down","","",,="3/9","<1","false","Swing"
"INVX","Innovex International, Inc. Common Stock","Energy","Oil & Gas Equipment & Services","30.15","75.24","Buy","Jul 23, 2026","Uptrend","Jul 30, 2026","603172.77","-24.83","4.31","-2.08","Moving Up","","",,="8/9","<1","false","Swing"
"LWAY","Lifeway Foods, Inc. Common Stock","Staples","Packaged Foods","25.45","51.03","Sell","Jul 23, 2026","Downtrend","Aug 13, 2026","159176.1","910.78","2.26","2.83","Moving Down","","",,="3/9","<1","false","Swing"
"MCB","Metropolitan Bank Holding Corp. Common Stock","Financials","Banks - Regional","92.59","38.42","Sell","Jul 23, 2026","Downtrend","Aug 17, 2026","141667.2","101.62","8.27","-0.8","Moving Down","","",,="3/9","<1","false","Swing"
"MSCI","MSCI Inc. Common Stock","Financials","Financial Data & Stock Exchanges","562.77","35.13","Sell","Jul 23, 2026","Downtrend","Jul 23, 2026","718436.6","42.3","1.03","2.2","Moving Down","","",,="3/9","<1","false","Swing"
"MTN","Vail Resorts, Inc. Common Stock","Discretionary","Resorts & Casinos","149.78","71.21","Sell","Jul 23, 2026","Uptrend","Jun 18, 2026","654790.87","-76.24","1.62","2.17","Moving Down","","",,="4/9","<1","false","Swing"
"NKE","Nike, Inc. Common Stock","Discretionary","Footwear & Accessories","40.06","44.22","Sell","Jul 23, 2026","Downtrend","Jul 22, 2026","20866067.43","-90.04","2.02","2.48","Moving Down","","Positive","true",="3/9","<1","false","Swing"
"OMCL","Omnicell, Inc. Common Stock ($0.001 par value)","Health Care","Health Information Services","35.97","48.74","Sell","Jul 23, 2026","Downtrend","Jul 29, 2026","783958.37","20.19","4.66","-0.17","Moving Down","","",,="4/9","<1","false","Swing"
"PFE","Pfizer, Inc. Common Stock","Health Care","Drug Manufacturers - General","27.25","81.15","Buy","Jul 23, 2026","Uptrend","Aug 04, 2026","38254428.03","8.44","4.65","1.41","Moving Up","","",,="6/9","<1","false","Swing"
"PKOH","Park-Ohio Holdings Corp. Common Stock","Industrials","Specialty Industrial Machinery","47.36","94.57","Buy","Jul 23, 2026","Uptrend","Apr 09, 2026","96913.73","31.75","1.57","-3.09","Moving Up","","",,="6/9","<1","false","Swing"
"PMTS","CPI Card Group Inc. Common Stock","Financials","Credit Services","27.77","99.2","Buy","Jul 23, 2026","Uptrend","Jun 04, 2026","75674.63","174.23","4.25","-3.24","Moving Down","","",,="5/9","<1","false","Swing"
"QGEN","Qiagen N.V. Common Shares","Health Care","Diagnostics & Research","42.32","58.88","Sell","Jul 23, 2026","Uptrend","Jun 24, 2026","2942363.07","-59.53","0.1","-0.66","Moving Down","","",,="5/9","<1","false","Swing"
"REZI","Resideo Technologies, Inc. Common Stock ","Industrials","Industrial Distribution","21.02","4.19","Sell","Jul 23, 2026","Downtrend","Aug 04, 2026","2296610.63","37.91","14.48","1.84","Moving Down","","",,="3/9","<1","false","Swing"
"RGCO","RGC Resources Inc. Common Stock","Utilities","Utilities - Regulated Gas","21.57","23.84","Sell","Jul 23, 2026","Downtrend","Jul 23, 2026","15706.73","-199.83","0.07","1.36","Moving Down","","",,="4/9","<1","false","Swing"
"RSG","Republic Services, Inc. Common Stock","Industrials","Waste Management","216.97","54.05","Sell","Jul 23, 2026","Uptrend","Aug 18, 2026","1347113.2","45.71","0.74","0.79","Moving Down","","",,="3/9","<1","false","Swing"
"RSI","Rush Street Interactive, Inc. Class A Common Stock","Discretionary","Gambling","24.55","24.13","Sell","Jul 23, 2026","Downtrend","Jul 30, 2026","2699581.1","148.9","1.05","-3.54","Moving Up","","",,="4/9","<1","false","Swing"
"RY","Royal Bank Of Canada Common Stock","Financials","Banks - Diversified","212.99","69.03","Sell","Jul 23, 2026","Uptrend","Apr 08, 2026","1178410.67","225.22","3.04","-1.48","Moving Down","","",,="4/9","<1","false","Swing"
"SIRI","SiriusXM Holdings Inc. Common Stock","Communication","Entertainment","28.62","50.76","Sell","Jul 23, 2026","Downtrend","Aug 10, 2026","4020126.73","-47.53","3.7","-1.73","Moving Down","","",,="3/9","<1","false","Swing"
"SNDA","Sonida Senior Living, Inc. Common Stock","Health Care","Medical Care Facilities","40.49","58.45","Sell","Jul 23, 2026","Neutral","Aug 18, 2026","450488.4","-36.33","1.12","3.74","Moving Down","","",,="4/9","<1","false","Swing"
"SPGI","S&P Global Inc. Common Stock","Financials","Financial Data & Stock Exchanges","418.04","39.62","Sell","Jul 23, 2026","Downtrend","Aug 14, 2026","1896079.57","136.76","6.61","1.83","Moving Up","","",,="4/9","<1","false","Swing"
"T","AT&T Inc.","Communication","Telecom Services","24.9","71.21","Buy","Jul 23, 2026","Uptrend","Aug 06, 2026","64190598.63","15.6","3.13","0.89","Moving Up","","",,="5/9","<1","false","Swing"
"THO","Thor Industries, Inc. Common Stock","Discretionary","Recreational Vehicles","77.78","50.95","Buy","Jul 23, 2026","Uptrend","Aug 03, 2026","624067.37","18.58","6.03","0.18","Moving Down","","",,="4/9","<1","false","Swing"
"TREE","LendingTree, Inc. Common Stock","Financials","Financial Conglomerates","31.25","25.41","Sell","Jul 23, 2026","Downtrend","Jul 24, 2026","385429.3","15.8","4.22","-0.32","Moving Down","","",,="3/9","<1","false","Swing"
"TRU","TransUnion Common Stock","Financials","Financial Data & Stock Exchanges","79.47","67.1","Sell","Jul 23, 2026","Uptrend","Jun 30, 2026","2089255.5","-131.67","0.02","0.98","Moving Down","","",,="4/9","<1","false","Swing"
"USLM","United States Lime & Minerals, Inc. Common Stock","Materials","Building Materials","117.91","55.35","Buy","Jul 23, 2026","Uptrend","Jul 24, 2026","158307.83","369.46","1.53","0.23","Moving Up","","",,="6/9","<1","false","Swing"
"ZTO","ZTO Express (Cayman) Inc. American Depositary Shares, each representing one Class A ordinary share.","Industrials","Integrated Freight & Logistics","23.13","46.23","Sell","Jul 23, 2026","Downtrend","Aug 12, 2026","1679379.43","-89.11","0.04","0.96","Moving Down","","",,="3/9","<1","false","Swing"
"AGYS","Agilysys, Inc. Common Stock (DE)","Technology","Software - Application","111.96","75.25","Sell","Jul 22, 2026","Uptrend","May 19, 2026","297849","324.5","2.53","0.57","Moving Down","","",,="4/9","<1","false","Swing"
"APA","APA Corporation Common Stock","Energy","Oil & Gas E&P","42.365","64.44","Buy","Jul 22, 2026","Uptrend","Aug 06, 2026","5432907.57","183.52","6.85","1.89","Moving Up","","",,="8/9","<1","false","Swing"
"BAC","Bank of America Corporation Common Stock","Financials","Banks - Diversified","64.23","77.04","Sell","Jul 22, 2026","Uptrend","Jun 02, 2026","30316836.37","101.87","3.29","0.53","Moving Down","","",,="4/9","<1","false","Swing"
"BIO","Bio-Rad Laboratories, Inc. Class A Common Stock","Health Care","Medical Devices","352.69","83.73","Buy","Jul 22, 2026","Uptrend","Jul 09, 2026","284806.27","8.55","6.94","-0.72","Moving Up","","",,="6/9","<1","false","Swing"
"COR","Cencora, Inc. Common Stock","Health Care","Medical Distribution","316.13","53.43","Sell","Jul 22, 2026","Uptrend","Jul 01, 2026","1443816.33","136.56","1.27","1.16","Moving Down","","",,="5/9","<1","false","Swing"
"DECK","Deckers Outdoor Corporation Common Stock","Discretionary","Footwear & Accessories","89.51","35.67","Sell","Jul 22, 2026","Downtrend","Jul 21, 2026","2213109.3","226.41","2.85","-0.67","Moving Down","","",,="3/9","<1","false","Swing"
"ELAN","Elanco Animal Health Incorporated Common Stock","Health Care","Drug Manufacturers - Specialty & Generic","23.64","26.43","Sell","Jul 22, 2026","Downtrend","Aug 07, 2026","7130801","-56.38","2.09","0.13","Moving Up","","",,="5/9","<1","false","Swing"
"ETSY","Etsy, Inc. Common Stock","Discretionary","Internet Retail","79.96","66.33","Sell","Jul 22, 2026","Neutral","Aug 14, 2026","2902348.3","-84.18","0.11","1.98","Moving Down","","",,="3/9","<1","false","Swing"
"FE","FirstEnergy Corp. Common Stock","Utilities","Utilities - Regulated Electric","47.26","41.66","Sell","Jul 22, 2026","Downtrend","Aug 06, 2026","4292115.53","-33.88","0.04","-0.34","Moving Down","","",,="4/9","<1","false","Swing"
"FUNC","First United Corporation Common Stock","Financials","Banks - Regional","45.15","73.24","Sell","Jul 22, 2026","Uptrend","May 26, 2026","23900.23","71.72","1.42","0.49","Moving Down","","",,="4/9","<1","false","Swing"
"HAS","Hasbro, Inc. Common Stock","Discretionary","Leisure","93.99","78.4","Buy","Jul 22, 2026","Uptrend","Jul 21, 2026","2078898.2","-31.62","0.62","-1.12","Moving Up","","",,="5/9","<1","false","Swing"
"IMOS","ChipMOS TECHNOLOGIES INC. American Depositary Shares","Technology","Semiconductors","53.64","50.76","Sell","Jul 22, 2026","Downtrend","Aug 17, 2026","129243.37","-80.48","0.21","-6.3","Moving Up","","",,="4/9","<1","false","Swing"
"IPAR","Interparfums, Inc. Common Stock","Staples","Household & Personal Products","113.46","57.14","Sell","Jul 22, 2026","Downtrend","Aug 17, 2026","284832.73","129.21","7.23","1.5","Moving Down","","",,="3/9","<1","false","Swing"
"LYB","LyondellBasell Industries NV Ordinary Shares Class A (Netherlands)","Materials","Specialty Chemicals","65.33","75.4","Buy","Jul 22, 2026","Uptrend","Aug 10, 2026","4557643.33","-84.14","0.95","0.93","Moving Up","","",,="6/9","<1","false","Swing"
"MMM","3M Company Common Stock","Industrials","Conglomerates","180.94","84.81","Buy","Jul 22, 2026","Uptrend","Jul 16, 2026","3332571.13","-22.49","0.07","0.41","Moving Down","","",,="4/9","<1","false","Swing"
"NVO","Novo Nordisk A/S Common Stock","Health Care","Drug Manufacturers - General","45.71","51.83","Sell","Jul 22, 2026","Downtrend","Aug 12, 2026","11489598.83","77.76","2.67","1.85","Moving Down","","",,="4/9","<1","false","Swing"
"ORKA","Oruka Therapeutics, Inc. Common Stock","Health Care","Biotechnology","113.08","61.89","Buy","Jul 22, 2026","Uptrend","Jun 09, 2026","824777.73","63.11","1.2","0.37","Moving Up","","",,="7/9","<1","false","Swing"
"PFBC","Preferred Bank Common Stock","Financials","Banks - Regional","106.68","52.67","Sell","Jul 22, 2026","Uptrend","Jul 24, 2026","96775.97","119.59","2.95","-0.74","Moving Down","","",,="4/9","<1","false","Swing"
"PODD","Insulet Corporation Common Stock","Health Care","Medical Devices","148.03","32.27","Sell","Jul 22, 2026","Downtrend","Aug 05, 2026","1607322.13","88.14","25.99","5.96","Moving Down","","",,="4/9","<1","false","Swing"
"SCCO","Southern Copper Corporation Common Stock","Materials","Copper","187.8","62.99","Buy","Jul 22, 2026","Uptrend","Jul 30, 2026","1122991.77","-153.47","0.26","-2.21","Moving Down","","",,="5/9","<1","false","Swing"
"SCHL","Scholastic Corporation Common Stock","Communication","Publishing","41.3","45.99","Sell","Jul 22, 2026","Downtrend","Aug 05, 2026","351896.53","2.5","0.41","-0.43","Moving Down","","",,="2/9","<1","false","Swing"
"TPC","Tutor Perini Corporation Common Stock","Industrials","Engineering & Construction","91.73","59.79","Buy","Jul 22, 2026","Uptrend","Jul 30, 2026","889597.27","282.8","1.16","-5.65","Moving Up","","",,="6/9","<1","false","Swing"
"TROW","T. Rowe Price Group, Inc. Common Stock","Financials","Asset Management","110.32","67.77","Sell","Jul 22, 2026","Downtrend","Aug 12, 2026","1933589.73","22.55","9.32","-0.13","Moving Down","","",,="3/9","<1","false","Swing"
"WCN","Waste Connections, Inc. Common Shares","Industrials","Waste Management","165.53","50.02","Sell","Jul 22, 2026","Neutral","Aug 18, 2026","1213394.1","-33.39","0.26","0.32","Moving Down","","",,="3/9","<1","false","Swing"
"XENE","Xenon Pharmaceuticals Inc. Common Shares","Health Care","Biotechnology","63.18","41.76","Sell","Jul 22, 2026","Neutral","Aug 14, 2026","970883.33","-117.12","0.23","1.31","Moving Down","","",,="4/9","<1","false","Swing"
"XYL","Xylem Inc. Common Stock New","Industrials","Specialty Industrial Machinery","113.94","48.27","Sell","Jul 22, 2026","Downtrend","Aug 18, 2026","1856512.6","63.37","3.51","-3.01","Moving Down","","",,="3/9","<1","false","Swing"
"ZION","Zions Bancorporation N.A. Common Stock","Financials","Banks - Regional","70.93","67.34","Sell","Jul 22, 2026","Uptrend","Jun 04, 2026","1587799.67","102.46","4.45","-0.91","Moving Down","","",,="4/9","<1","false","Swing"
"BAND","Bandwidth Inc. Class A Common Stock","Technology","Software - Infrastructure","52.94","52.02","Sell","Jul 21, 2026","Downtrend","Jul 27, 2026","1189782.27","208.25","2.68","0.28","Moving Up","","",,="4/9","<1","false","Swing"
"BHF","Brighthouse Financial, Inc. Common Stock","Financials","Insurance - Life","53.64","15.52","Sell","Jul 21, 2026","Downtrend","Jul 29, 2026","772015.63","73.56","14.8","-3.77","Moving Down","","",,="3/9","<1","false","Swing"
"BRO","Brown & Brown, Inc. Common Stock","Financials","Insurance Brokers","69.37","52.57","Sell","Jul 21, 2026","Uptrend","Jun 24, 2026","2536601.27","170.34","6.37","0.74","Moving Down","","",,="4/9","<1","false","Swing"
"CWBC","Community West Bancshares Common Stock","Financials","Banks - Regional","26.15","44.21","Sell","Jul 21, 2026","Neutral","Aug 12, 2026","256617.1","155.18","9.42","0.65","Moving Up","","",,="4/9","<1","false","Swing"
"CWST","Casella Waste Systems, Inc. Class A Common Stock","Industrials","Waste Management","89.91","44.35","Sell","Jul 21, 2026","Downtrend","Aug 14, 2026","640284.63","-0.08","0.34","0.67","Moving Down","","",,="3/9","<1","false","Swing"
"DTM","DT Midstream, Inc. Common Stock ","Energy","Oil & Gas Midstream","135.71","22.2","Sell","Jul 21, 2026","Downtrend","Jul 27, 2026","850715.33","120.7","1.66","0.53","Moving Up","","",,="6/9","<1","false","Swing"
"EQR","Equity Residential Common Shares of Beneficial Interest","Real Estate","REIT - Residential","63.66","61.64","Sell","Jul 21, 2026","Downtrend","Aug 06, 2026","3498307.93","-60.58","0.65","0","","","",,="3/9","<1","false","Swing"
"NOV","NOV Inc. Common Stock","Energy","Oil & Gas Equipment & Services","20.99","77.27","Buy","Jul 21, 2026","Uptrend","Aug 06, 2026","3290148.83","-88","0.57","-2.82","Moving Up","","",,="8/9","<1","false","Swing"
"OUT","OUTFRONT Media Inc. Common Stock","Real Estate","REIT - Specialty","29.98","44.96","Sell","Jul 21, 2026","Downtrend","Aug 06, 2026","1664858.2","12.48","0.91","0.67","Moving Down","","",,="3/9","<1","false","Swing"
"PSN","Parsons Corporation Common Stock","Technology","Information Technology Services","46.45","53.55","Sell","Jul 21, 2026","Downtrend","Jul 29, 2026","1632160.77","42.37","4.56","1.51","Moving Up","","",,="4/9","<1","false","Swing"
"AFG","American Financial Group, Inc. Common Stock","Financials","Insurance - Property & Casualty","145.59","79.65","Sell","Jul 20, 2026","Uptrend","Jun 15, 2026","382275.67","-60.72","0.13","-0.69","Moving Down","","",,="3/9","<1","false","Swing"
"BH","Biglari Holdings Inc. Class B Common Stock","Discretionary","Restaurants","383.3","75.65","Sell","Jul 20, 2026","Uptrend","Jun 08, 2026","179097.8","417.36","4.98","-2.04","Moving Down","","",,="4/9","<1","false","Swing"
"CNQ","Canadian Natural Resources Limited Common Stock","Energy","Oil & Gas E&P","49.59","81.81","Buy","Jul 20, 2026","Uptrend","Jul 17, 2026","6434005.97","110.06","0.97","0.65","Moving Up","","",,="7/9","<1","false","Swing"
"CZWI","Citizens Community Bancorp, Inc. Common Stock","Financials","Banks - Regional","21.17","43.34","Sell","Jul 20, 2026","Downtrend","Jul 28, 2026","50880.1","133.46","3.68","1.2","Moving Down","","",,="2/9","<1","false","Swing"
"EXEL","Exelixis, Inc. Common Stock","Health Care","Biotechnology","53.12","27","Sell","Jul 20, 2026","Downtrend","Aug 10, 2026","2532881.03","-4.54","0.35","1.53","Moving Down","","",,="4/9","<1","false","Swing"
"FIVE","Five Below, Inc. Common Stock","Discretionary","Specialty Retail","238.51","78.43","Buy","Jul 20, 2026","Uptrend","Jul 17, 2026","1004981.93","144.75","4.79","-0.02","Moving Up","","",,="5/9","<1","false","Swing"
"GGAL","Grupo Financiero Galicia S.A. American Depositary Shares","Financials","Banks - Regional","42.12","30.21","Sell","Jul 20, 2026","Downtrend","Aug 04, 2026","878815.4","518.35","4.69","-2.99","Moving Down","","",,="3/9","<1","false","Swing"
"IDA","IDACORP, Inc. Common Stock","Utilities","Utilities - Regulated Electric","142.03","40.58","Sell","Jul 20, 2026","Downtrend","Jul 29, 2026","478875.53","32.35","1.77","0.4","Moving Down","","",,="4/9","<1","false","Swing"
"INTU","Intuit Inc. Common Stock","Technology","Software - Application","350.41","75.51","Buy","Jul 20, 2026","Uptrend","Jul 28, 2026","3775186.7","-10.23","0.29","4.41","Moving Up","","Positive","true",="6/9","<1","false","Swing"
"LDP","Cohen & Steers Limited Duration Preferred and Income Fund, Inc.","Financials","Closed-End Fund - Debt","20.59","42.43","Sell","Jul 20, 2026","Downtrend","Jul 23, 2026","58668.43","47.36","5.14","-0.19","Moving Up","","",,="4/9","<1","false","Swing"
"MD","Pediatrix Medical Group, Inc. Common Stock","Health Care","Medical Care Facilities","26.56","72.13","Sell","Jul 20, 2026","Uptrend","Aug 05, 2026","796015.4","-33.68","0.32","0.84","Moving Down","","",,="5/9","<1","false","Swing"
"NTCT","NetScout Systems, Inc. Common Stock","Technology","Software - Infrastructure","38.94","54.49","Sell","Jul 20, 2026","Downtrend","Aug 06, 2026","571000.07","-91.23","0.13","-0.51","Moving Down","","",,="3/9","<1","false","Swing"
"OOMA","Ooma, Inc. Common Stock","Technology","Software - Application","20.66","56.61","Sell","Jul 20, 2026","Uptrend","Jun 24, 2026","356857.27","115.28","6.99","2.94","Moving Down","","",,="4/9","<1","false","Swing"
"POR","Portland General Electric Co Common Stock","Utilities","Utilities - Regulated Electric","50.55","37.86","Sell","Jul 20, 2026","Downtrend","Aug 18, 2026","1043353.07","8.19","10.46","-0.63","Moving Up","","",,="5/9","<1","false","Swing"
"PPLI","People Incorporated Common Stock","Communication","Internet Content & Information","39.17","38.26","Sell","Jul 20, 2026","Downtrend","Aug 06, 2026","945666.37","-51.77","0.02","-0.84","Moving Down","","",,="3/9","<1","false","Swing"
"RBLX","Roblox Corporation Class A Common Stock","Communication","Electronic Gaming & Multimedia","37.67","37.31","Sell","Jul 20, 2026","Downtrend","Jul 23, 2026","12386592.83","24.32","11.08","-0.69","Moving Up","","",,="4/9","<1","false","Swing"
"TGT","Target Corporation Common Stock","Staples","Discount Stores","152.48","84.25","Buy","Jul 20, 2026","Uptrend","Jul 08, 2026","3780891.6","39.63","5.21","0.97","Moving Down","","Negative",,="4/9","<1","false","Swing"
"TNDM","Tandem Diabetes Care, Inc. Common Stock","Health Care","Medical Devices","23.73","87.67","Buy","Jul 20, 2026","Uptrend","Jul 17, 2026","2069945.87","-51.28","3.79","6.63","Moving Up","","",,="7/9","<1","false","Swing"
"VCEL","Vericel Corporation Common Stock","Health Care","Biotechnology","44.26","52.54","Sell","Jul 20, 2026","Neutral","Aug 10, 2026","474075.3","-200.54","0.15","1.54","Moving Down","","",,="4/9","<1","false","Swing"
"ABT","Abbott Laboratories Common Stock","Health Care","Medical Devices","112.68","91.52","Buy","Jul 17, 2026","Uptrend","Jul 16, 2026","10293037.37","26.79","2.13","2.09","Moving Up","","",,="7/9","<1","false","Swing"
"ADSK","Autodesk, Inc. Common Stock","Technology","Software - Application","246.79","90.22","Buy","Jul 17, 2026","Uptrend","Jul 27, 2026","1987992.33","-35.09","0.17","2.13","Moving Up","","",,="6/9","<1","false","Swing"
"APEI","American Public Education, Inc. Common Stock","Staples","Education & Training Services","44.69","34.2","Sell","Jul 17, 2026","Downtrend","Aug 06, 2026","344238.33","105.96","5.47","0.86","Moving Down","","",,="3/9","<1","false","Swing"
"ARES","Ares Management Corporation Class A Common Stock","Financials","Asset Management","140.31","87.84","Buy","Jul 17, 2026","Uptrend","Jul 24, 2026","2167750.17","81","0.69","-0.73","Moving Down","","",,="5/9","<1","false","Swing"
"BFAM","Bright Horizons Family Solutions Inc. Common Stock","Discretionary","Personal Services","72.52","48.16","Sell","Jul 17, 2026","Downtrend","Aug 11, 2026","791198.87","8.67","3.63","3.17","Moving Down","","",,="3/9","<1","false","Swing"
"CB","Chubb Limited  Common Stock","Financials","Insurance - Property & Casualty","345.29","51.31","Sell","Jul 17, 2026","Neutral","Aug 18, 2026","1828204.87","71.62","1.47","1.3","Moving Down","","",,="2/9","<1","false","Swing"
"CDP","COPT Defense Properties Common Shares of Beneficial Interest","Real Estate","REIT - Office","36.86","80.19","Sell","Jul 17, 2026","Neutral","Aug 14, 2026","826242.63","15.9","1.18","0.14","Moving Down","","",,="3/9","<1","false","Swing"
"COP","ConocoPhillips Common Stock","Energy","Oil & Gas E&P","129.72","67.56","Buy","Jul 17, 2026","Uptrend","Jul 17, 2026","6266789.23","29.96","0.66","1.69","Moving Up","","",,="7/9","<1","false","Swing"
"DVA","DaVita Inc. Common Stock","Health Care","Medical Care Facilities","177.91","25.97","Sell","Jul 17, 2026","Downtrend","Aug 05, 2026","894729.83","50.78","1.02","0.68","Moving Down","","",,="4/9","<1","false","Swing"
"ESS","Essex Property Trust, Inc. Common Stock","Real Estate","REIT - Residential","283.71","61.1","Sell","Jul 17, 2026","Downtrend","Aug 17, 2026","430886.9","-60.54","0.02","0.23","Moving Down","","",,="3/9","<1","false","Swing"
"FET","Forum Energy Technologies, Inc. Common Stock","Energy","Oil & Gas Equipment & Services","82.51","81.18","Buy","Jul 17, 2026","Uptrend","Jul 31, 2026","190444.6","195.22","4.48","-4.4","Moving Up","","",,="8/9","<1","false","Swing"
"FOXF","Fox Factory Holding Corp. Common Stock","Discretionary","Auto Parts","20.83","82.31","Buy","Jul 17, 2026","Uptrend","Jul 31, 2026","590713.67","67.17","6.82","1.36","Moving Up","","",,="6/9","<1","false","Swing"
"HIMS","Hims & Hers Health, Inc. Class A Common Stock","Health Care","Drug Manufacturers - Specialty & Generic","27.39","43.68","Sell","Jul 17, 2026","Downtrend","Aug 11, 2026","13563059.9","983","9.42","-4.26","Moving Down","","",,="4/9","<1","false","Swing"
"HOOD","Robinhood Markets, Inc. Class A Common Stock","Financials","Capital Markets","91.53","46.26","Sell","Jul 17, 2026","Downtrend","Aug 18, 2026","18337003.47","753.23","2.82","-4.9","Moving Down","","",,="3/9","<1","false","Swing"
"IIIN","Insteel Industries, Inc. Common Stock","Industrials","Metal Fabrication","32.03","78.07","Buy","Jul 17, 2026","Uptrend","Jul 14, 2026","254709.1","-200.82","0.13","-2.41","Moving Up","","",,="6/9","<1","false","Swing"
"ILMN","Illumina, Inc. Common Stock","Health Care","Diagnostics & Research","188.29","68.93","Sell","Jul 17, 2026","Uptrend","May 01, 2026","1808795.2","-1.53","88.77","-2.51","Moving Down","","",,="5/9","<1","false","Swing"
"IOSP","Innospec Inc. Common Stock","Materials","Specialty Chemicals","93.56","93.97","Buy","Jul 17, 2026","Uptrend","Jul 16, 2026","166089.57","-24.86","1.01","-0.29","Moving Up","","",,="5/9","<1","false","Swing"
"MGA","Magna International, Inc. Common Stock","Discretionary","Auto Parts","70.27","78.4","Buy","Jul 17, 2026","Uptrend","Jul 15, 2026","1214029.43","15.51","1.32","-1.43","Moving Up","","",,="6/9","<1","false","Swing"
"MOH","Molina Healthcare Inc Common Stock","Health Care","Healthcare Plans","203.61","49.28","Sell","Jul 17, 2026","Downtrend","Aug 17, 2026","1247654.03","-115.64","0.1","0.27","Moving Up","","",,="5/9","<1","false","Swing"
"NX","Quanex Building Products Corporation Common Stock","Industrials","Building Products & Equipment","20.01","84.67","Buy","Jul 17, 2026","Uptrend","Aug 03, 2026","321533.67","-29.3","0.17","-3.52","Moving Up","","",,="6/9","<1","false","Swing"
"PRVA","Privia Health Group, Inc. Common Stock","Health Care","Health Information Services","21.52","3.92","Sell","Jul 17, 2026","Downtrend","Jul 27, 2026","1264475.03","-13.85","5.72","0.09","Moving Down","","",,="4/9","<1","false","Swing"
"RAMP","LiveRamp Holdings, Inc. Common Stock","Technology","Software - Infrastructure","37.43","52.48","Sell","Jul 17, 2026","Neutral","Aug 18, 2026","905406.87","-13.7","9.45","-0.66","Moving Down","","",,="3/9","<1","false","Swing"
"ROKU","Roku, Inc. Class A Common Stock","Communication","Entertainment","157.78","62.82","Buy","Jul 17, 2026","Uptrend","Jun 12, 2026","2531465.63","-21.95","8.81","-0.33","Moving Up","","",,="5/9","<1","false","Swing"
"SPNT","SiriusPoint Ltd. Common Shares","Financials","Insurance - Reinsurance","23.55","28.6","Sell","Jul 17, 2026","Downtrend","Aug 17, 2026","688241.33","59.27","1.37","0.43","Moving Down","","",,="3/9","<1","false","Swing"
"SRE","DBA Sempra Common Stock","Utilities","Utilities - Diversified","87.18","29.97","Sell","Jul 17, 2026","Downtrend","Jul 27, 2026","3352731.73","-25.76","0.18","1.44","Moving Down","","",,="4/9","<1","false","Swing"
"SSB","SouthState Bank Corporation Common Stock","Financials","Banks - Regional","110.09","78.8","Buy","Jul 17, 2026","Uptrend","Jun 10, 2026","844668","62.4","5.49","-0.66","Moving Up","","",,="5/9","<1","false","Swing"
"TM","Toyota Motor Corporation Common Stock","Discretionary","Auto Manufacturers","188.25","66.48","Buy","Jul 17, 2026","Uptrend","Jul 27, 2026","407503.63","-39.84","0.16","-0.49","Moving Up","","",,="6/9","<1","false","Swing"
"TNGX","Tango Therapeutics, Inc.","Health Care","Biotechnology","25.44","19.22","Sell","Jul 17, 2026","Downtrend","Aug 11, 2026","2360568.1","23.93","0.45","0.59","Moving Down","","",,="4/9","<1","false","Swing"
"TXN","Texas Instruments Incorporated Common Stock","Technology","Semiconductors","272.24","52.6","Sell","Jul 17, 2026","Downtrend","Jul 23, 2026","7226522.63","119.05","2.86","-3.77","Moving Up","","Positive",,="4/9","<1","false","Swing"
"UDR","UDR, Inc. Common Stock","Real Estate","REIT - Residential","37.09","59.93","Sell","Jul 17, 2026","Downtrend","Jul 30, 2026","3143817.4","-19.68","2.13","-0.4","Moving Down","","",,="3/9","<1","false","Swing"
"USB","U.S. Bancorp Common Stock","Financials","Banks - Regional","64.79","75.53","Sell","Jul 17, 2026","Uptrend","Jun 05, 2026","7245594.93","33.33","6.98","-0.12","Moving Down","","",,="4/9","<1","false","Swing"
"UTI","Universal Technical Institute Inc Common Stock","Staples","Education & Training Services","25.03","8.17","Sell","Jul 17, 2026","Downtrend","Aug 06, 2026","1379661.73","93.92","1.06","-4.28","Moving Down","","",,="3/9","<1","false","Swing"
"WGO","Winnebago Industries, Inc. Common Stock","Discretionary","Recreational Vehicles","31.32","69.13","Buy","Jul 17, 2026","Uptrend","Aug 03, 2026","539084.3","-104.91","1.12","-0.82","Moving Down","","",,="5/9","<1","false","Swing"
"XOM","Exxon Mobil Corporation Common Stock","Energy","Oil & Gas Integrated","165.56","70.18","Buy","Jul 17, 2026","Uptrend","Jul 16, 2026","14318349.8","92.68","1.42","2.54","Moving Up","","Positive",,="7/9","<1","false","Swing"
"AMSF","AMERISAFE, Inc. Common Stock","Financials","Insurance - Specialty","26.53","8.77","Sell","Jul 16, 2026","Downtrend","Jul 23, 2026","328228.5","-43.86","2.74","0.45","Moving Down","","",,="3/9","<1","false","Swing"
"ASND","Ascendis Pharma A/S Ordinary Share","Health Care","Biotechnology","248.85","34.61","Sell","Jul 16, 2026","Downtrend","Aug 13, 2026","528135.03","-171.29","0.1","0.59","Moving Up","","",,="5/9","<1","false","Swing"
"BP","BP p.l.c. Common Stock","Energy","Oil & Gas Integrated","43.41","58.14","Buy","Jul 16, 2026","Uptrend","Aug 10, 2026","7679498.1","102.36","6.61","1.31","Moving Up","","",,="7/9","<1","false","Swing"
"CELC","Celcuity Inc. Common Stock","Health Care","Biotechnology","93.24","26.03","Sell","Jul 16, 2026","Downtrend","Jul 16, 2026","1410041.87","62.95","0.4","0.87","Moving Up","","",,="5/9","<1","false","Swing"
"CINF","Cincinnati Financial Corporation Common Stock","Financials","Insurance - Property & Casualty","171.35","54.85","Sell","Jul 16, 2026","Downtrend","Aug 10, 2026","757304","39.82","1.42","0.17","Moving Down","","",,="3/9","<1","false","Swing"
"CVX","Chevron Corporation Common Stock","Energy","Oil & Gas Integrated","205.74","69.26","Buy","Jul 16, 2026","Uptrend","Jul 15, 2026","7453473.1","48.65","1.49","1.5","Moving Up","","Positive",,="8/9","<1","false","Swing"
"CYTK","Cytokinetics, Incorporated Common Stock","Health Care","Biotechnology","76.1","34.02","Sell","Jul 16, 2026","Downtrend","Aug 07, 2026","1812567.57","-668.83","0.17","0.3","Moving Down","","",,="4/9","<1","false","Swing"
"FBIN","Fortune Brands Innovations, Inc. Common Stock","Industrials","Building Products & Equipment","45.3","58.59","Sell","Jul 16, 2026","Downtrend","Aug 14, 2026","2340688.07","21.9","8.08","-2.69","Moving Down","","",,="3/9","<1","false","Swing"
"HDB","HDFC Bank Limited Common Stock","Financials","Banks - Regional","23.17","33.86","Sell","Jul 16, 2026","Downtrend","Jul 21, 2026","7721314.27","15.94","5.82","0.09","Moving Up","","",,="4/9","<1","false","Swing"
"HHH","Howard Hughes Holdings Inc. Common Stock","Real Estate","Real Estate - Diversified","65.76","46.34","Sell","Jul 16, 2026","Downtrend","Aug 14, 2026","381392.23","-19.37","7.33","-1.34","Moving Up","","",,="4/9","<1","false","Swing"
"HMN","Horace Mann Educators Corporation Common Stock","Financials","Insurance - Property & Casualty","51.61","72.12","Sell","Jul 16, 2026","Neutral","Aug 18, 2026","262799.43","-58.24","0.15","0.6","Moving Down","","Positive",,="3/9","<1","false","Swing"
"LINC","Lincoln Educational Services Corporation Common Stock","Staples","Education & Training Services","27.75","10.69","Sell","Jul 16, 2026","Downtrend","Jul 16, 2026","904722.2","1192.31","3.18","-3.38","Moving Down","","",,="3/9","<1","false","Swing"
"LLY","Eli Lilly and Company Common Stock","Health Care","Drug Manufacturers - General","1225.73","64.15","Sell","Jul 16, 2026","Uptrend","Aug 10, 2026","2513998.03","480.89","1.29","3.6","Moving Down","","",,="5/9","<1","false","Swing"
"LMND","Lemonade, Inc. Common Stock","Financials","Insurance - Property & Casualty","50.12","19.22","Sell","Jul 16, 2026","Downtrend","Jul 24, 2026","1431080.9","-200.4","0.17","0.34","Moving Down","","",,="2/9","<1","false","Swing"
"MCY","Mercury General Corporation Common Stock","Financials","Insurance - Property & Casualty","106.32","49.58","Sell","Jul 16, 2026","Neutral","Aug 14, 2026","282590.47","90.55","1.94","-0.06","Moving Down","","",,="3/9","<1","false","Swing"
"PGR","Progressive Corporation (The) Common Stock","Financials","Insurance - Property & Casualty","207.23","31.66","Sell","Jul 16, 2026","Downtrend","Aug 11, 2026","2722067.5","163.03","2.26","1.66","Moving Down","","",,="3/9","<1","false","Swing"
"PNR","Pentair plc. Ordinary Share","Industrials","Specialty Industrial Machinery","63.55","34.67","Sell","Jul 16, 2026","Downtrend","Jul 15, 2026","3346011.8","66.03","4.52","-0.86","Moving Down","","","true",="3/9","<1","false","Swing"
"PNW","Pinnacle West Capital Corporation Common Stock","Utilities","Utilities - Regulated Electric","100.15","32.89","Sell","Jul 16, 2026","Downtrend","Jul 29, 2026","1153401.13","9.03","1.42","-0.26","Moving Down","","",,="4/9","<1","false","Swing"
"RM","Regional Management Corp. Common Stock","Financials","Credit Services","33.98","25.93","Sell","Jul 16, 2026","Downtrend","Jul 30, 2026","100009.03","115.64","11.08","0.95","Moving Up","","",,="4/9","<1","false","Swing"
"WDFC","WD-40 Company Common Stock","Materials","Specialty Chemicals","230.01","29.31","Sell","Jul 16, 2026","Downtrend","Aug 13, 2026","166677.53","19.28","3.09","0.44","Moving Down","","",,="3/9","<1","false","Swing"
"WFC","Wells Fargo & Company Common Stock","Financials","Banks - Diversified","87.4","56.75","Sell","Jul 16, 2026","Uptrend","Jul 30, 2026","14125565.5","72.53","2.96","-0.16","Moving Down","","",,="3/9","<1","false","Swing"
"YUM","Yum! Brands, Inc.","Discretionary","Restaurants","144.86","34.38","Sell","Jul 16, 2026","Downtrend","Jul 31, 2026","2690330.9","-40.51","0.22","-0.19","Moving Down","","",,="3/9","<1","false","Swing"
"ZD","Ziff Davis, Inc. Common Stock","Communication","Advertising Agencies","55.09","76.86","Sell","Jul 16, 2026","Uptrend","May 28, 2026","607712.57","58.24","11.47","1.44","Moving Down","","",,="3/9","<1","false","Swing"
"AGIO","Agios Pharmaceuticals, Inc. Common Stock","Health Care","Biotechnology","34.4","39.25","Sell","Jul 15, 2026","Neutral","Aug 18, 2026","1144786.4","-63.58","0.09","2.29","Moving Up","","",,="5/9","<1","false","Swing"
"ALNY","Alnylam Pharmaceuticals, Inc. Common Stock","Health Care","Biotechnology","228.61","10.6","Sell","Jul 15, 2026","Downtrend","Jul 15, 2026","2143176.57","20.73","1.68","1.79","Moving Up","","",,="5/9","<1","false","Swing"
"AUBN","Auburn National Bancorporation, Inc. Common Stock","Financials","Banks - Regional","26.26","56.71","Sell","Jul 15, 2026","Neutral","Aug 17, 2026","1532.13","5.16","4.06","0","Moving Down","","",,="3/9","<1","false","Swing"
"CR","Crane Company Common Stock","Industrials","Specialty Industrial Machinery","214.98","68.49","Sell","Jul 15, 2026","Uptrend","Jul 30, 2026","447270.8","-0.19","0.4","-1.65","Moving Down","","",,="4/9","<1","false","Swing"
"DEA","Easterly Government Properties, Inc. Common Stock","Real Estate","REIT - Office","24.5","48.26","Sell","Jul 15, 2026","Downtrend","Aug 17, 2026","362538.77","-35.4","3.73","-0.12","Moving Down","","",,="3/9","<1","false","Swing"
"DIN","Dine Brands Global, Inc. Common Stock","Discretionary","Restaurants","34.96","76.44","Sell","Jul 15, 2026","Neutral","Aug 18, 2026","254300.87","-74.3","1.85","-0.09","Moving Down","","",,="3/9","<1","false","Swing"
"EZPW","EZCORP, Inc. Class A Non Voting Common Stock","Financials","Credit Services","29.17","26.86","Sell","Jul 15, 2026","Downtrend","Jul 23, 2026","999434.6","356.94","2.54","-0.41","Moving Down","","",,="3/9","<1","false","Swing"
"HRI","Herc Holdings Inc. Common Stock ","Industrials","Rental & Leasing Services","166.82","75.31","Buy","Jul 15, 2026","Uptrend","Jul 30, 2026","488215.97","54.74","0.66","-3.64","Moving Down","","",,="5/9","<1","false","Swing"
"IBM","International Business Machines Corporation Common Stock","Technology","Information Technology Services","232.67","34.45","Sell","Jul 15, 2026","Downtrend","Jul 14, 2026","10854099","-26.26","0.28","1.67","Moving Up","","",,="4/9","<1","false","Swing"
"ICLR","ICON plc Ordinary Shares","Health Care","Diagnostics & Research","167.05","65.61","Sell","Jul 15, 2026","Uptrend","Aug 17, 2026","741290.8","-50.67","0.09","-1.42","Moving Down","","",,="5/9","<1","false","Swing"
"INTG","Intergroup Corporation (The) Common Stock","Discretionary","Lodging","35.09","41.76","Sell","Jul 15, 2026","Downtrend","Jul 16, 2026","109177.63","-140.94","0.15","-0.2","Moving Up","","",,="4/9","<1","false","Swing"
"IRMD","iRadimed Corporation Common Stock","Health Care","Medical Devices","87.55","27.86","Sell","Jul 15, 2026","Downtrend","Jul 31, 2026","133067.47","-135.06","0.23","-0.53","Moving Down","","",,="4/9","<1","false","Swing"
"LIN","Linde plc Ordinary Shares","Materials","Specialty Chemicals","478.705","31.75","Sell","Jul 15, 2026","Downtrend","Jul 20, 2026","2051726.9","15.55","0.73","0.92","Moving Down","","",,="3/9","<1","false","Swing"
"LKFT","Lakefront Biotherapeutics American Depositary Shares","Health Care","Biotechnology","27.99","43.45","Sell","Jul 15, 2026","Downtrend","Aug 12, 2026","224051.13","-49.31","6","1.71","Moving Up","","",,="5/9","<1","false","Swing"
"LNT","Alliant Energy Corporation Common Stock","Utilities","Utilities - Regulated Electric","69.98","28.13","Sell","Jul 15, 2026","Downtrend","Jul 27, 2026","2529517.8","-8.44","0.28","-0.53","Moving Up","","",,="5/9","<1","false","Swing"
"MORN","Morningstar, Inc. Common Stock","Financials","Financial Data & Stock Exchanges","208.73","89.64","Buy","Jul 15, 2026","Uptrend","Jul 24, 2026","379404.27","13","0.91","0.96","Moving Up","","",,="6/9","<1","false","Swing"
"MT","Arcelor Mittal NY Registry Shares NEW","Materials","Steel","72","89.29","Buy","Jul 15, 2026","Uptrend","Jul 14, 2026","1499748.23","30.66","0.26","-2.44","Moving Down","","",,="5/9","<1","false","Swing"
"NSIT","Insight Enterprises, Inc. Common Stock","Technology","Electronics & Computer Distribution","149.24","94.73","Buy","Jul 15, 2026","Uptrend","May 08, 2026","417794.5","110.12","3.02","-0.05","Moving Up","","",,="6/9","<1","false","Swing"
"PNC","PNC Financial Services Group, Inc. (The) Common Stock","Financials","Banks - Regional","254.28","62.92","Sell","Jul 15, 2026","Uptrend","Jun 02, 2026","1674130.17","40.72","1.6","-0.11","Moving Down","","",,="4/9","<1","false","Swing"
"SHEL","Shell PLC American Depositary Shares (each representing two (2) Ordinary Shares) ","Energy","Oil & Gas Integrated","92.01","85.05","Buy","Jul 15, 2026","Uptrend","Jul 14, 2026","6271870.6","49.58","1.44","0.43","Moving Up","","",,="8/9","<1","false","Swing"
"SIMO","Silicon Motion Technology Corporation American Depositary Shares","Technology","Semiconductors","251.72","54.85","Sell","Jul 15, 2026","Downtrend","Aug 18, 2026","1152730","389.59","2.88","-7.69","Moving Up","","",,="4/9","<1","false","Swing"
"TCI","Transcontinental Realty Investors, Inc. Common Stock","Real Estate","Real Estate Services","35.92","31.51","Sell","Jul 15, 2026","Downtrend","Aug 05, 2026","37874.5","22.79","10.88","1.53","Moving Down","","",,="3/9","<1","false","Swing"
"TDC","Teradata Corporation Common Stock","Technology","Software - Infrastructure","28.47","25.24","Sell","Jul 15, 2026","Downtrend","Aug 05, 2026","3214063.73","-5.97","0.16","3.41","Moving Up","","",,="4/9","<1","false","Swing"
"TECH","Bio-Techne Corp Common Stock","Health Care","Biotechnology","72.22","60.43","Sell","Jul 15, 2026","Uptrend","Jun 04, 2026","3467232.7","-61.87","0.11","-0.23","Moving Down","","",,="5/9","<1","false","Swing"
"TTWO","Take-Two Interactive Software, Inc. Common Stock","Communication","Electronic Gaming & Multimedia","242.4","53.83","Sell","Jul 15, 2026","Uptrend","Aug 07, 2026","1977947.33","71.62","2.05","0.33","Moving Down","","",,="4/9","<1","false","Swing"
"VKTX","Viking Therapeutics, Inc. Common Stock","Health Care","Biotechnology","33.37","18.96","Sell","Jul 15, 2026","Downtrend","Jul 27, 2026","1898142.3","-221.44","0.19","-0.77","Moving Up","","",,="5/9","<1","false","Swing"
"WEC","WEC Energy Group, Inc. Common Stock","Utilities","Utilities - Regulated Electric","111.05","33.19","Sell","Jul 15, 2026","Downtrend","Jul 27, 2026","2227797.3","-8.12","0.33","0.51","Moving Up","","",,="5/9","<1","false","Swing"
"WLFC","Willis Lease Finance Corporation Common Stock","Industrials","Rental & Leasing Services","57.46","34.35","Sell","Jul 15, 2026","Downtrend","Aug 05, 2026","282694.13","123.59","1.76","-1.66","Moving Down","","",,="3/9","<1","false","Swing"
"WLY","John Wiley & Sons, Inc. Common Stock","Communication","Publishing","51.11","62.94","Sell","Jul 15, 2026","Uptrend","May 18, 2026","450978.8","-34.05","0.07","0.61","Moving Down","","",,="4/9","<1","false","Swing"
"AEE","Ameren Corporation Common Stock","Utilities","Utilities - Regulated Electric","109.67","35.92","Sell","Jul 14, 2026","Downtrend","Jul 29, 2026","1486334.97","54.41","3.19","0.18","Moving Up","","",,="5/9","<1","false","Swing"
"AEP","American Electric Power Company, Inc. Common Stock","Utilities","Utilities - Regulated Electric","126.35","28.42","Sell","Jul 14, 2026","Downtrend","Jul 29, 2026","3764814.33","58.42","4.47","-0.14","Moving Down","","",,="4/9","<1","false","Swing"
"BCS","Barclays PLC Common Stock","Financials","Banks - Diversified","27.37","61.54","Sell","Jul 14, 2026","Uptrend","Jul 30, 2026","4637699.7","180.98","2.59","-1.55","Moving Down","","",,="4/9","<1","false","Swing"
"BLK","BlackRock, Inc. Common Stock","Financials","Asset Management","1154.35","79.7","Buy","Jul 14, 2026","Uptrend","Jul 13, 2026","676566.83","110.98","2","0.63","Moving Up","","",,="5/9","<1","false","Swing"
"BPOP","Popular, Inc. Common Stock","Financials","Banks - Regional","175.6","73.6","Sell","Jul 14, 2026","Uptrend","May 20, 2026","467882.23","127.97","1.64","-0.74","Moving Down","","",,="4/9","<1","false","Swing"
"CACC","Credit Acceptance Corporation Common Stock","Financials","Credit Services","570.54","50.48","Sell","Jul 14, 2026","Downtrend","Aug 17, 2026","125466.9","-34.28","0.16","-0.44","Moving Up","","",,="4/9","<1","false","Swing"
"CVBF","CVB Financial Corporation Common Stock","Financials","Banks - Regional","23.04","68.57","Sell","Jul 14, 2026","Uptrend","Jun 04, 2026","1384093.17","11.59","2.34","-0.48","Moving Down","","",,="3/9","<1","false","Swing"
"FITB","Fifth Third Bancorp Common Stock","Financials","Banks - Regional","57.29","64.4","Sell","Jul 14, 2026","Uptrend","Jun 02, 2026","5624722.07","101.34","2.99","-0.54","Moving Down","","",,="4/9","<1","false","Swing"
"FLXS","Flexsteel Industries, Inc. Common Stock","Discretionary","Furnishings Fixtures & Appliances","77.16","72.24","Sell","Jul 14, 2026","Uptrend","Aug 18, 2026","56052.33","-2.73","0.33","8.89","Moving Down","","",,="4/9","<1","false","Swing"
"FNLC","First Bancorp, Inc  (ME) Common Stock","Financials","Banks - Regional","35.6","75.31","Sell","Jul 14, 2026","Uptrend","Jun 04, 2026","31494.03","-66.86","0.17","0.65","Moving Down","","",,="4/9","<1","false","Swing"
"HCSG","Healthcare Services Group, Inc. Common Stock","Health Care","Medical Care Facilities","21.94","20.13","Sell","Jul 14, 2026","Downtrend","Aug 05, 2026","775281.17","-74.48","0.01","1.62","Moving Down","","",,="4/9","<1","false","Swing"
"HURN","Huron Consulting Group Inc. Common Stock","Industrials","Consulting Services","151.37","96.03","Buy","Jul 14, 2026","Uptrend","Jul 24, 2026","330564.33","7.66","0.17","2.05","Moving Up","","",,="6/9","<1","false","Swing"
"IIPR","Innovative Industrial Properties, Inc. Common Stock","Real Estate","REIT - Industrial","55.12","43.83","Sell","Jul 14, 2026","Downtrend","Aug 05, 2026","316742.33","-22.5","12.36","-1.22","Moving Down","","",,="3/9","<1","false","Swing"
"IMO","Imperial Oil Limited Common Stock","Energy","Oil & Gas Integrated","135.7","61.01","Buy","Jul 14, 2026","Uptrend","Jul 17, 2026","460491.57","395.18","2.09","0.61","Moving Up","","",,="7/9","<1","false","Swing"
"MAA","Mid-America Apartment Communities, Inc. Common Stock","Real Estate","REIT - Residential","130.17","61.54","Sell","Jul 14, 2026","Downtrend","Aug 14, 2026","1012235.03","-54.17","0.03","-0.72","Moving Down","","",,="3/9","<1","false","Swing"
"NRG","NRG Energy, Inc. Common Stock","Utilities","Utilities - Independent Power Producers","115.56","19.83","Sell","Jul 14, 2026","Downtrend","Aug 04, 2026","2717724.4","195.98","2.65","-5.57","Moving Down","","",,="4/9","<1","false","Swing"
"OPLN","OPENLANE, Inc. Common Stock","Discretionary","Auto & Truck Dealerships","33.48","44.48","Sell","Jul 14, 2026","Downtrend","Aug 05, 2026","1166089.9","-22.63","0.2","-4.59","Moving Down","","",,="3/9","<1","false","Swing"
"OVV","Ovintiv Inc. (DE)","Energy","Oil & Gas E&P","65.02","80.66","Buy","Jul 14, 2026","Uptrend","Jul 13, 2026","3430180.97","-7.11","0.37","1.83","Moving Up","","",,="8/9","<1","false","Swing"
"PBT","Permian Basin Royalty Trust Common Stock","Energy","Oil & Gas Midstream","33.17","69.68","Buy","Jul 14, 2026","Uptrend","Jul 13, 2026","132431.67","332.24","0.89","0.76","Moving Up","","",,="8/9","<1","false","Swing"
"PTCT","PTC Therapeutics, Inc. Common Stock","Health Care","Biotechnology","72.63","42.89","Sell","Jul 14, 2026","Downtrend","Jul 24, 2026","1197540.1","-64.96","0.06","-0.34","Moving Up","","",,="5/9","<1","false","Swing"
"RYAAY","Ryanair Holdings plc American Depositary Shares","Industrials","Airlines","55.41","31.49","Sell","Jul 14, 2026","Downtrend","Aug 06, 2026","1442356.07","-35.08","0.21","-3.37","Moving Down","","",,="3/9","<1","false","Swing"
"SIGI","Selective Insurance Group, Inc. Common Stock","Financials","Insurance - Property & Casualty","91.3","75.83","Sell","Jul 14, 2026","Downtrend","Aug 17, 2026","520034.5","-148.65","0.08","-0.87","Moving Down","","",,="3/9","<1","false","Swing"
"SSNC","SS&C Technologies Holdings, Inc. Common Stock","Technology","Software - Application","80.53","94.12","Buy","Jul 14, 2026","Uptrend","Jul 24, 2026","1865676.63","75.4","6.57","0.91","Moving Down","","",,="5/9","<1","false","Swing"
"TSLA","Tesla, Inc. Common Stock","Discretionary","Auto Manufacturers","336.87","27.81","Sell","Jul 14, 2026","Downtrend","Jul 13, 2026","36297616.33","1352.54","7.97","-0.72","Moving Up","","Positive","true",="4/9","<1","false","Swing"
"UTHR","United Therapeutics Corporation Common Stock","Health Care","Drug Manufacturers - Specialty & Generic","518.27","33.47","Sell","Jul 14, 2026","Downtrend","Aug 10, 2026","453107.27","195.85","1.18","1.93","Moving Down","","",,="4/9","<1","false","Swing"
"WPP","WPP plc American Depositary Shares","Communication","Advertising Agencies","26.4","97.31","Buy","Jul 14, 2026","Uptrend","Jul 13, 2026","514862.67","29.95","4.72","2.17","Moving Up","","",,="6/9","<1","false","Swing"
"WSBC","WesBanco, Inc. Common Stock","Financials","Banks - Regional","42.21","77.95","Sell","Jul 14, 2026","Uptrend","Jun 04, 2026","925303.77","72.81","10.07","-0.64","Moving Down","","",,="4/9","<1","false","Swing"
"XRN","Chiron Real Estate Inc. Common Stock","Real Estate","REIT - Healthcare Facilities","36.11","59.15","Sell","Jul 14, 2026","Downtrend","Aug 18, 2026","85650.67","81.82","35.7","-0.71","Moving Up","","",,="4/9","<1","false","Swing"
"ZBH","Zimmer Biomet Holdings, Inc. Common Stock","Health Care","Medical Devices","99.15","94.69","Buy","Jul 14, 2026","Uptrend","Jul 23, 2026","2418182.6","-72.49","1.04","0.97","Moving Up","","",,="7/9","<1","false","Swing"
"ALGT","Allegiant Travel Company Common Stock","Industrials","Airlines","81.7","36.76","Sell","Jul 13, 2026","Downtrend","Aug 06, 2026","477092.4","69.82","7.97","-3.08","Moving Down","","Positive",,="3/9","<1","false","Swing"
"ALKS","Alkermes plc Ordinary Shares","Health Care","Drug Manufacturers - Specialty & Generic","49.48","55.34","Sell","Jul 13, 2026","Neutral","Jul 31, 2026","1624408.6","-63.98","0.26","-0.74","Moving Down","","",,="4/9","<1","false","Swing"
"ANIP","ANI Pharmaceuticals, Inc.","Health Care","Drug Manufacturers - Specialty & Generic","76.87","30.23","Sell","Jul 13, 2026","Downtrend","Aug 07, 2026","333199","-115.52","0.1","1.14","Moving Up","","",,="5/9","<1","false","Swing"
"AROW","Arrow Financial Corporation Common Stock","Financials","Banks - Regional","38.98","52.88","Sell","Jul 13, 2026","Downtrend","Aug 07, 2026","83482.4","95.79","5.98","0.31","Moving Down","","",,="3/9","<1","false","Swing"
"AZN","AstraZeneca PLC Ordinary Shares","Health Care","Drug Manufacturers - General","160.1","23.14","Sell","Jul 13, 2026","Downtrend","Jul 10, 2026","3842968.93","50.96","1.48","2.05","Moving Down","","Positive",,="4/9","<1","false","Swing"
"BEAM","Beam Therapeutics Inc. Common Stock","Health Care","Biotechnology","26.57","30.31","Sell","Jul 13, 2026","Downtrend","Jul 15, 2026","1954429.2","-114.21","0.61","-1.96","Moving Up","","",,="5/9","<1","false","Swing"
"BJRI","BJ's Restaurants, Inc. Common Stock","Discretionary","Restaurants","65.31","72.3","Sell","Jul 13, 2026","Uptrend","May 05, 2026","497742.87","31.82","1.2","-1.45","Moving Down","","",,="3/9","<1","false","Swing"
"BUI","BlackRock Utility, Infrastructure & Power Opportunities Trust","Financials","Closed-End Fund - Equity","27.18","42.66","Sell","Jul 13, 2026","Downtrend","Jul 16, 2026","65632","89.13","3.32","0.63","Moving Down","","",,="3/9","<1","false","Swing"
"BXP","BXP, Inc. Common Stock","Real Estate","REIT - Office","66.19","60.5","Sell","Jul 13, 2026","Downtrend","Aug 17, 2026","1352748.97","23.79","5.19","-0.75","Moving Down","","",,="3/9","<1","false","Swing"
"CMS","CMS Energy Corporation Common Stock","Utilities","Utilities - Regulated Electric","71.06","24.68","Sell","Jul 13, 2026","Downtrend","Jul 27, 2026","3651605.1","10.87","1.76","-0.48","Moving Up","","",,="5/9","<1","false","Swing"
"DTE","DTE Energy Company Common Stock","Utilities","Utilities - Regulated Electric","140.21","40.72","Sell","Jul 13, 2026","Downtrend","Jul 27, 2026","1300403.73","27.31","1.69","-0.67","Moving Down","","",,="4/9","<1","false","Swing"
"EIG","Employers Holdings Inc Common Stock","Financials","Insurance - Specialty","48.41","47.83","Sell","Jul 13, 2026","Downtrend","Aug 17, 2026","192568.33","-33.41","0.16","0.67","Moving Down","","",,="3/9","<1","false","Swing"
"ESE","ESCO Technologies Inc. Common Stock","Technology","Scientific & Technical Instruments","306.48","43.22","Sell","Jul 13, 2026","Downtrend","Aug 07, 2026","192051.67","225.56","2.42","-0.5","Moving Down","","",,="3/9","<1","false","Swing"
"FMX","Fomento Economico Mexicano S.A.B. de C.V. Common Stock","Staples","Beverages - Brewers","117.31","38.74","Sell","Jul 13, 2026","Downtrend","Aug 05, 2026","500161.9","-7.64","0.26","0.03","Moving Down","","",,="3/9","<1","false","Swing"
"FRPH","FRP Holdings, Inc. Common Stock","Real Estate","Real Estate Services","22.01","50.07","Sell","Jul 13, 2026","Downtrend","Jul 20, 2026","85356.8","-146.24","0.23","0.36","Moving Down","","",,="3/9","<1","false","Swing"
"GBFH","GBank Financial Holdings Inc. Common Stock","Financials","Banks - Regional","21.15","26.77","Sell","Jul 13, 2026","Downtrend","Jul 29, 2026","102987.47","-224.07","0.08","-0.28","Moving Up","","",,="4/9","<1","false","Swing"
"GCBC","Greene County Bancorp, Inc. Common Stock","Financials","Banks - Regional","34.3","72.4","Sell","Jul 13, 2026","Uptrend","Apr 23, 2026","33161.8","-53.9","0.26","0.15","Moving Down","","",,="3/9","<1","false","Swing"
"LII","Lennox International, Inc. Common Stock","Industrials","Building Products & Equipment","411.05","18.21","Sell","Jul 13, 2026","Downtrend","Jul 29, 2026","534607.57","-61.24","0.19","-1.22","Moving Down","","",,="3/9","<1","false","Swing"
"MAS","Masco Corporation Common Stock","Industrials","Building Products & Equipment","73.38","56.99","Sell","Jul 13, 2026","Downtrend","Aug 12, 2026","2604177.4","84.26","4.62","-0.74","Moving Down","","",,="3/9","<1","false","Swing"
"MYFW","First Western Financial, Inc. Common Stock","Financials","Banks - Regional","32.17","58.43","Sell","Jul 13, 2026","Neutral","Jul 27, 2026","62734.47","44.74","7.91","1.74","Moving Up","","",,="4/9","<1","false","Swing"
"PRG","PROG Holdings, Inc. Common Stock","Industrials","Rental & Leasing Services","41.53","59.02","Sell","Jul 13, 2026","Downtrend","Aug 18, 2026","505000.3","-19.29","2.22","-1.49","Moving Down","","",,="3/9","<1","false","Swing"
"RARE","Ultragenyx Pharmaceutical Inc. Common Stock","Health Care","Biotechnology","25.49","36.14","Sell","Jul 13, 2026","Downtrend","Jul 22, 2026","1834504.2","323.9","40.04","-2.45","Moving Up","","",,="5/9","<1","false","Swing"
"SLGN","Silgan Holdings Inc. Common Stock","Discretionary","Packaging & Containers","41.12","27.28","Sell","Jul 13, 2026","Downtrend","Jul 30, 2026","1420469.2","-76.13","0.1","-1.32","Moving Down","","",,="3/9","<1","false","Swing"
"TWIN","Twin Disc, Incorporated Common Stock","Industrials","Specialty Industrial Machinery","24.95","72.56","Sell","Jul 13, 2026","Uptrend","Jun 03, 2026","86455.83","-209.61","0.13","-0.83","Moving Up","","",,="5/9","<1","false","Swing"
"WF","Woori Financial Group Inc. American Depositary Shares (each representing three (3) shares of Common Stock)","Financials","Banks - Regional","70.58","78.83","Buy","Jul 13, 2026","Uptrend","Jul 23, 2026","134570.5","127.82","2.42","-1.26","Moving Up","","",,="6/9","<1","false","Swing"
"WRLD","World Acceptance Corporation Common Stock","Financials","Credit Services","189.1","61.46","Sell","Jul 13, 2026","Neutral","Aug 03, 2026","122296.17","-184.61","0.14","-0.47","Moving Down","","",,="3/9","<1","false","Swing"
"ASTE","Astec Industries, Inc. Common Stock","Industrials","Farm & Heavy Construction Machinery","41.4","11.09","Sell","Jul 10, 2026","Downtrend","Jul 28, 2026","237700.87","28.55","17.93","-4.28","Moving Down","","",,="3/9","<1","false","Swing"
"ASTH","Astrana Health Inc. Common Stock","Health Care","Medical Care Facilities","39.16","65.76","Sell","Jul 10, 2026","Downtrend","Aug 18, 2026","549539.17","180.73","3.32","-1.48","Moving Up","","",,="5/9","<1","false","Swing"
"ATEN","A10 Networks, Inc. Common Stock","Technology","Software - Infrastructure","26.6","27.86","Sell","Jul 10, 2026","Downtrend","Jul 28, 2026","1300781.47","288.32","2.54","-2.74","Moving Down","","",,="3/9","<1","false","Swing"
"AUB","Atlantic Union Bankshares Corporation Common Stock","Financials","Banks - Regional","42.36","59.81","Sell","Jul 10, 2026","Uptrend","Jun 05, 2026","1019022.57","-17.17","0.19","-0.42","Moving Down","","",,="4/9","<1","false","Swing"
"BR","Broadridge Financial Solutions, Inc. Common Stock","Technology","Information Technology Services","169.86","87.35","Buy","Jul 10, 2026","Uptrend","Jul 24, 2026","1146268.67","91.74","6.31","1.2","Moving Up","","",,="6/9","<1","false","Swing"
"DLTR","Dollar Tree Inc. Common Stock","Staples","Discount Stores","130.48","64.34","Sell","Jul 10, 2026","Uptrend","May 28, 2026","2249906.8","1.86","0.14","0.73","Moving Down","","",,="3/9","<1","false","Swing"
"EFSC","Enterprise Financial Services Corporation Common Stock","Financials","Banks - Regional","65.44","57.86","Sell","Jul 10, 2026","Uptrend","Apr 08, 2026","227010.1","53.72","3.46","-0.79","Moving Down","","",,="4/9","<1","false","Swing"
"ETR","Entergy Corporation Common Stock","Utilities","Utilities - Regulated Electric","108.08","32.73","Sell","Jul 10, 2026","Downtrend","Jul 29, 2026","2457748.7","63.42","1.25","-0.41","Moving Up","","",,="5/9","<1","false","Swing"
"FSBW","FS Bancorp, Inc. Common Stock","Financials","Banks - Regional","43.205","47.19","Sell","Jul 10, 2026","Uptrend","Aug 12, 2026","19893.87","2.46","0.12","0.78","Moving Down","","",,="4/9","<1","false","Swing"
"FULT","Fulton Financial Corporation Common Stock","Financials","Banks - Regional","24.3","62.73","Sell","Jul 10, 2026","Uptrend","May 26, 2026","1756830.57","89.41","5.1","-0.69","Moving Down","","",,="3/9","<1","false","Swing"
"GL","Globe Life Inc. Common Stock","Financials","Insurance - Life","178.08","68.98","Sell","Jul 10, 2026","Uptrend","Jun 04, 2026","615466.37","45.77","1.72","-0.74","Moving Down","","",,="4/9","<1","false","Swing"
"INDB","Independent Bank Corp. Common Stock","Financials","Banks - Regional","85.34","57.32","Sell","Jul 10, 2026","Uptrend","Jun 04, 2026","364182.23","51.56","19.67","-0.81","Moving Down","","",,="4/9","<1","false","Swing"
"IONS","Ionis Pharmaceuticals, Inc. Common Stock","Health Care","Biotechnology","59.62","16.34","Sell","Jul 10, 2026","Downtrend","Jul 10, 2026","3854833.83","-52.71","0.11","1.69","Moving Up","","",,="5/9","<1","false","Swing"
"LGND","Ligand Pharmaceuticals Incorporated Common Stock","Health Care","Biotechnology","287.59","40.81","Sell","Jul 10, 2026","Neutral","Aug 10, 2026","296792.57","201.25","3.86","-1.43","Moving Up","","",,="5/9","<1","false","Swing"
"MO","Altria Group, Inc.","Staples","Tobacco","65.19","39.78","Sell","Jul 10, 2026","Downtrend","Jul 31, 2026","8670638.93","20.83","1.05","1.92","Moving Down","","",,="3/9","<1","false","Swing"
"NECB","NorthEast Community Bancorp, Inc. Common Stock","Financials","Banks - Regional","26.9","53.4","Sell","Jul 10, 2026","Uptrend","Jun 04, 2026","39612.37","213.03","2.42","0.49","Moving Down","","",,="4/9","<1","false","Swing"
"NXRT","NexPoint Residential Trust, Inc. Common Stock","Real Estate","REIT - Residential","23.48","34.08","Sell","Jul 10, 2026","Downtrend","Jul 09, 2026","245993.97","22.36","5.05","-2.04","Moving Down","","",,="3/9","<1","false","Swing"
"ODC","Oil-Dri Corporation Of America Common Stock","Materials","Specialty Chemicals","91.26","41.41","Sell","Jul 10, 2026","Downtrend","Aug 07, 2026","128533.77","333.34","1.83","-1.38","Moving Down","","",,="3/9","<1","false","Swing"
"PG","Procter & Gamble Company (The) Common Stock","Staples","Household & Personal Products","143.45","44.89","Sell","Jul 10, 2026","Downtrend","Aug 05, 2026","8337945.9","51.87","6.84","0.23","Moving Down","","",,="3/9","<1","false","Swing"
"PGC","Peapack-Gladstone Financial Corporation Common Stock","Financials","Banks - Regional","46.36","62.37","Sell","Jul 10, 2026","Uptrend","Aug 17, 2026","226805.13","78.5","3.83","-0.75","Moving Up","","",,="4/9","<1","false","Swing"
"PPL","PPL Corporation Common Stock","Utilities","Utilities - Regulated Electric","35.62","41.29","Sell","Jul 10, 2026","Downtrend","Aug 18, 2026","7595083.6","11.46","4.08","-0.92","Moving Up","","",,="4/9","<1","false","Swing"
"PRSU","Pursuit Attractions and Hospitality, Inc. Common Stock","Discretionary","Travel Services","48.06","44.94","Sell","Jul 10, 2026","Downtrend","Aug 05, 2026","234345.17","-1.62","62.09","0.15","Moving Down","","",,="3/9","<1","false","Swing"
"PSTL","Postal Realty Trust, Inc. Class A Common Stock","Real Estate","REIT - Office","22.69","25.47","Sell","Jul 10, 2026","Downtrend","Jul 29, 2026","269127","44.93","1.54","-0.26","Moving Down","","",,="3/9","<1","false","Swing"
"PZZA","Papa John's International, Inc. Common Stock","Discretionary","Restaurants","23.35","13.65","Sell","Jul 10, 2026","Downtrend","Jul 10, 2026","1453962.4","-68.08","2.9","0.52","Moving Down","","",,="3/9","<1","false","Swing"
"RBA","RB Global, Inc. Common Stock","Industrials","Specialty Business Services","85.76","14.44","Sell","Jul 10, 2026","Downtrend","Aug 05, 2026","1562926","124.58","3.01","4.45","Moving Down","","",,="3/9","<1","false","Swing"
"SMBC","Southern Missouri Bancorp, Inc. Common Stock","Financials","Banks - Regional","75.81","57.46","Sell","Jul 10, 2026","Neutral","Aug 18, 2026","93947.77","201.84","4.75","-0.71","Moving Down","","",,="3/9","<1","false","Swing"
"SONY","Sony Group Corporation American Depositary Shares ","Technology","Consumer Electronics","23.43","82.4","Buy","Jul 10, 2026","Uptrend","Jul 27, 2026","5080251.03","18.94","0.7","-1.14","Moving Up","","",,="6/9","<1","false","Swing"
"UVSP","Univest Financial Corporation Common Stock","Financials","Banks - Regional","42.95","54.2","Sell","Jul 10, 2026","Neutral","Aug 12, 2026","251574.1","92.72","2.79","-0.26","Moving Down","","",,="3/9","<1","false","Swing"
"VCYT","Veracyte, Inc. Common Stock","Health Care","Diagnostics & Research","40.68","25.52","Sell","Jul 10, 2026","Downtrend","Jul 31, 2026","1260559.43","184.93","19.79","-3.33","Moving Down","","",,="4/9","<1","false","Swing"
"VMC","Vulcan Materials Company (Holding Company) Common Stock","Materials","Building Materials","271.65","40.81","Sell","Jul 10, 2026","Downtrend","Aug 12, 2026","996247.67","121.3","3.14","-2.34","Moving Down","","",,="3/9","<1","false","Swing"
"WINA","Winmark Corporation Common Stock","Discretionary","Specialty Retail","343.33","40.48","Sell","Jul 10, 2026","Downtrend","Aug 11, 2026","48330.73","131.5","3.89","-1.84","Moving Down","","",,="3/9","<1","false","Swing"
"WTFC","Wintrust Financial Corporation Common Stock","Financials","Banks - Regional","158.86","57.66","Sell","Jul 10, 2026","Uptrend","Aug 11, 2026","670647.93","85.05","1.61","-1.3","Moving Down","","",,="4/9","<1","false","Swing"
"XEL","Xcel Energy Inc. Common Stock","Utilities","Utilities - Regulated Electric","79.17","38.08","Sell","Jul 10, 2026","Neutral","Aug 14, 2026","4724961.67","6.5","0.62","-0.05","Moving Up","","",,="5/9","<1","false","Swing"
"ABCB","Ameris Bancorp Common Stock","Financials","Banks - Regional","88.2","49.83","Sell","Jul 09, 2026","Neutral","Aug 18, 2026","423891.53","142.42","3.39","-0.94","Moving Down","","",,="3/9","<1","false","Swing"
"AGX","Argan, Inc. Common Stock","Industrials","Engineering & Construction","553.03","34.52","Sell","Jul 09, 2026","Downtrend","Jul 10, 2026","302188.7","897.41","1.43","-6.15","Moving Down","","",,="3/9","<1","false","Swing"
"ASR","Grupo Aeroportuario del Sureste, S.A. de C.V. Common Stock","Industrials","Airports & Air Services","259.67","37.04","Sell","Jul 09, 2026","Downtrend","Jul 08, 2026","64109.97","-72.54","0.12","-1.27","Moving Down","","",,="3/9","<1","false","Swing"
"ATEX","Anterix Inc. Common Stock","Communication","Telecom Services","90.75","54.66","Sell","Jul 09, 2026","Neutral","Aug 12, 2026","360326.33","112.95","3.72","-0.9","Moving Up","","",,="4/9","<1","false","Swing"
"BAP","Credicorp Ltd. Common Stock","Financials","Banks - Regional","368.44","46.88","Sell","Jul 09, 2026","Downtrend","Aug 18, 2026","281893.53","86.81","3.66","-2.6","Moving Down","","",,="3/9","<1","false","Swing"
"BFS","Saul Centers, Inc. Common Stock","Real Estate","REIT - Retail","34.01","47.42","Sell","Jul 09, 2026","Downtrend","Jul 28, 2026","97060.87","-2.47","5.75","-0.76","Moving Down","","",,="3/9","<1","false","Swing"
"BLDR","Builders FirstSource, Inc. Common Stock","Industrials","Building Products & Equipment","67.62","46.69","Sell","Jul 09, 2026","Downtrend","Jul 09, 2026","2132274","-134.56","0.19","-3.69","Moving Down","","",,="3/9","<1","false","Swing"
"BMO","Bank Of Montreal Common Stock","Financials","Banks - Diversified","182.57","79.18","Sell","Jul 09, 2026","Uptrend","Apr 09, 2026","635134.43","192.17","3","-1.46","Moving Down","","",,="4/9","<1","false","Swing"
"BSRR","Sierra Bancorp Common Stock","Financials","Banks - Regional","40.65","60.49","Sell","Jul 09, 2026","Neutral","Aug 11, 2026","64476","117.73","4.4","-0.39","Moving Down","","",,="2/9","<1","false","Swing"
"CATY","Cathay General Bancorp Common Stock","Financials","Banks - Regional","64.2","70","Sell","Jul 09, 2026","Uptrend","Apr 01, 2026","474964.3","79.71","2.51","-0.31","Moving Down","","",,="4/9","<1","false","Swing"
"CRS","Carpenter Technology Corporation Common Stock","Industrials","Metal Fabrication","531.96","36.4","Sell","Jul 09, 2026","Downtrend","Aug 17, 2026","633459.83","884.99","2.17","-1.92","Moving Down","","",,="3/9","<1","false","Swing"
"CXW","CoreCivic, Inc. Common Stock","Industrials","Security & Protection Services","32.4","64.97","Sell","Jul 09, 2026","Uptrend","May 13, 2026","1233079.63","46.64","1.27","-3.51","Moving Down","","",,="4/9","<1","false","Swing"
"FHB","First Hawaiian, Inc. Common Stock","Financials","Banks - Regional","27.22","53","Sell","Jul 09, 2026","Downtrend","Jul 24, 2026","2473712.57","1.71","5.78","-1.09","Moving Up","","",,="4/9","<1","false","Swing"
"FTS","Fortis Inc. Common Shares","Utilities","Utilities - Regulated Electric","56.47","39.23","Sell","Jul 09, 2026","Downtrend","Aug 03, 2026","663420.2","-12.04","0.27","0.05","Moving Up","","",,="5/9","<1","false","Swing"
"GVA","Granite Construction Incorporated Common Stock","Industrials","Engineering & Construction","124.42","32.83","Sell","Jul 09, 2026","Downtrend","Jul 09, 2026","959724.73","113.01","0.76","-2.81","Moving Up","","",,="4/9","<1","false","Swing"
"HAFC","Hanmi Financial Corporation Common Stock","Financials","Banks - Regional","32.06","41.92","Sell","Jul 09, 2026","Uptrend","Aug 12, 2026","252268.93","122.4","3.23","-0.43","Moving Down","","",,="3/9","<1","false","Swing"
"IBOC","International Bancshares Corporation Common Stock","Financials","Banks - Regional","72.61","49.02","Sell","Jul 09, 2026","Downtrend","Aug 07, 2026","308017.8","-11.76","0.34","-0.72","Moving Down","","",,="3/9","<1","false","Swing"
"JJSF","J & J Snack Foods Corp. Common Stock","Staples","Packaged Foods","88.84","87.01","Buy","Jul 09, 2026","Uptrend","Aug 03, 2026","240255.23","-46.34","3.53","1.6","Moving Up","","",,="6/9","<1","false","Swing"
"KDP","Keurig Dr Pepper Inc. Common Stock","Staples","Beverages - Non-Alcoholic","30.79","58.18","Sell","Jul 09, 2026","Neutral","Aug 18, 2026","12378393.2","-104.08","0.06","1.68","Moving Up","","",,="3/9","<1","false","Swing"
"MLM","Martin Marietta Materials, Inc. Common Stock","Materials","Building Materials","522.81","35.69","Sell","Jul 09, 2026","Downtrend","Jul 29, 2026","563919.43","89.22","2.6","-2.94","Moving Down","","",,="3/9","<1","false","Swing"
"MTH","Meritage Homes Corporation Common Stock","Discretionary","Residential Construction","70.68","52.96","Sell","Jul 09, 2026","Downtrend","Aug 17, 2026","833594.77","89.05","1.94","-2.15","Moving Up","","",,="3/9","<1","false","Swing"
"NVR","NVR, Inc. Common Stock","Discretionary","Residential Construction","6248.37","41","Sell","Jul 09, 2026","Downtrend","Aug 12, 2026","32144.83","14","0.61","-0.8","Moving Up","","",,="4/9","<1","false","Swing"
"PAC","Grupo Aeroportuario Del Pacifico, S.A. B. de C.V. Grupo Aeroportuario Del Pacifico, S.A. de C.V. (each representing 10 Series B shares)","Industrials","Airports & Air Services","204.63","37.74","Sell","Jul 09, 2026","Downtrend","Jul 09, 2026","135906.4","-105.66","0.14","-0.52","Moving Down","","",,="3/9","<1","false","Swing"
"PEG","Public Service Enterprise Group Incorporated Common Stock","Utilities","Utilities - Regulated Electric","75.6","30.33","Sell","Jul 09, 2026","Downtrend","Jul 16, 2026","2814986","8.83","0.72","-0.01","Moving Up","","",,="5/9","<1","false","Swing"
"ROK","Rockwell Automation, Inc. Common Stock","Industrials","Specialty Industrial Machinery","433.67","51.14","Sell","Jul 09, 2026","Downtrend","Aug 04, 2026","795638.1","228.28","4.71","-2.46","Moving Down","","",,="3/9","<1","false","Swing"
"SAIC","Science Applications International Corporation Common Stock","Technology","Information Technology Services","125.95","91","Buy","Jul 09, 2026","Uptrend","Jun 23, 2026","391900.9","53.66","3.39","1.29","Moving Up","","",,="5/9","<1","false","Swing"
"SBSI","Southside Bancshares, Inc. Common Stock","Financials","Banks - Regional","32.53","34.34","Sell","Jul 09, 2026","Downtrend","Jul 27, 2026","131619.87","43.51","16.46","-0.58","Moving Down","","",,="3/9","<1","false","Swing"
"SF","Stifel Financial Corporation Common Stock","Financials","Capital Markets","83.73","76.62","Buy","Jul 09, 2026","Uptrend","Jul 06, 2026","1094589.13","82.94","0.85","-0.31","Moving Down","","",,="4/9","<1","false","Swing"
"SGI","Somnigroup International Inc. Common Stock","Discretionary","Furnishings Fixtures & Appliances","63.89","30.5","Sell","Jul 09, 2026","Downtrend","Jul 17, 2026","2542773.4","-8.98","0.36","-1.72","Moving Down","","",,="3/9","<1","false","Swing"
"WSO","Watsco, Inc. Common Stock","Industrials","Industrial Distribution","313.65","6.89","Sell","Jul 09, 2026","Downtrend","Jul 15, 2026","492852.73","44.04","1.49","0.57","Moving Up","","",,="4/9","<1","false","Swing"
"AFRM","Affirm Holdings, Inc. Class A Common Stock","Financials","Credit Services","73.56","45.15","Sell","Jul 08, 2026","Downtrend","Aug 18, 2026","3278839.7","91.41","3.73","-1.29","Moving Down","","",,="3/9","<1","false","Swing"
"AROC","Archrock, Inc. Common Stock","Energy","Oil & Gas Equipment & Services","34.12","13.08","Sell","Jul 08, 2026","Downtrend","Jul 24, 2026","1609343.27","251.74","1.36","-1.44","Moving Up","","",,="6/9","<1","false","Swing"
"CAT","Caterpillar, Inc. Common Stock","Industrials","Farm & Heavy Construction Machinery","840.87","33.37","Sell","Jul 08, 2026","Downtrend","Aug 18, 2026","2818950.97","239.89","1.28","-4.63","Moving Up","","",,="4/9","<1","false","Swing"
"CCB","Coastal Financial Corporation Common Stock","Financials","Banks - Regional","49.54","39.54","Sell","Jul 08, 2026","Downtrend","Jul 24, 2026","330380.53","-32.12","0.17","1.23","Moving Up","","",,="4/9","<1","false","Swing"
"CPAY","Corpay, Inc. Common Stock","Technology","Software - Infrastructure","406.82","94.75","Buy","Jul 08, 2026","Uptrend","Jul 07, 2026","492954.47","-24.33","0.23","-0.2","Moving Up","","",,="6/9","<1","false","Swing"
"CVS","CVS Health Corporation Common Stock","Health Care","Healthcare Plans","94.91","51.24","Sell","Jul 08, 2026","Downtrend","Aug 05, 2026","7946626.17","35.22","2.75","0.96","Moving Down","","",,="4/9","<1","false","Swing"
"DCOM","Dime Community Bancshares, Inc. Common Stock","Financials","Banks - Regional","40.63","56.59","Sell","Jul 08, 2026","Uptrend","Mar 26, 2026","318583.1","44.14","2.39","-0.61","Moving Down","","",,="4/9","<1","false","Swing"
"DHI","D.R. Horton, Inc. Common Stock","Discretionary","Residential Construction","145.68","49.83","Sell","Jul 08, 2026","Downtrend","Aug 14, 2026","2354527.47","201.97","2.87","-1.79","Moving Down","","",,="3/9","<1","false","Swing"
"DKS","Dick's Sporting Goods Inc Common Stock","Discretionary","Specialty Retail","191.52","32.26","Sell","Jul 08, 2026","Downtrend","Aug 11, 2026","1252547.27","-233.86","0.21","-2.41","Moving Down","","",,="3/9","<1","false","Swing"
"GLP","Global Partners LP Common Units representing Limited Partner Interests","Energy","Oil & Gas Midstream","50.75","70.05","Buy","Jul 08, 2026","Uptrend","Jul 07, 2026","80607.27","228.27","2.06","-0.26","Moving Up","","",,="8/9","<1","false","Swing"
"ICHR","Ichor Holdings Ordinary Shares","Technology","Semiconductor Equipment & Materials","66.08","50.33","Sell","Jul 08, 2026","Downtrend","Jul 27, 2026","974362.6","91.71","5.2","-8.06","Moving Up","","",,="4/9","<1","false","Swing"
"KLIC","Kulicke and Soffa Industries, Inc. Common Stock","Technology","Semiconductor Equipment & Materials","92.06","47.8","Sell","Jul 08, 2026","Downtrend","Aug 18, 2026","954066.27","-16.59","0.3","-9.54","Moving Up","","",,="4/9","<1","false","Swing"
"LNTH","Lantheus Holdings, Inc. Common Stock","Health Care","Drug Manufacturers - Specialty & Generic","100.26","40.99","Sell","Jul 08, 2026","Downtrend","Aug 06, 2026","1605969.3","227.59","0.83","-0.64","Moving Up","","",,="5/9","<1","false","Swing"
"LUV","Southwest Airlines Company Common Stock","Industrials","Airlines","42.49","45.62","Sell","Jul 08, 2026","Downtrend","Aug 10, 2026","4888136.03","18.29","5.98","-1.98","Moving Down","","",,="3/9","<1","false","Swing"
"MIDD","Middleby Corporation (The) Common Stock","Industrials","Specialty Industrial Machinery","114","27.94","Sell","Jul 08, 2026","Downtrend","Jul 08, 2026","602381.2","4.28","2.73","-0.77","Moving Down","","",,="3/9","<1","false","Swing"
"MKSI","MKS Inc. Common Stock","Technology","Scientific & Technical Instruments","300.24","30.94","Sell","Jul 08, 2026","Downtrend","Jul 24, 2026","1395116.2","88.35","1.56","-6.39","Moving Up","","",,="4/9","<1","false","Swing"
"MTZ","MasTec, Inc. Common Stock","Industrials","Engineering & Construction","280.13","30.71","Sell","Jul 08, 2026","Downtrend","Jul 10, 2026","1487320.47","235.52","1.93","-7.39","Moving Up","","",,="4/9","<1","false","Swing"
"NI","NiSource Inc Common Stock","Utilities","Utilities - Regulated Gas","42.12","18.02","Sell","Jul 08, 2026","Downtrend","Jul 09, 2026","5407589.67","4.11","0.17","-0.59","Moving Down","","",,="4/9","<1","false","Swing"
"PFSI","PennyMac Financial Services, Inc. Common Stock","Financials","Mortgage Finance","75.3","33.31","Sell","Jul 08, 2026","Downtrend","Jul 30, 2026","602963.83","-80.77","0.25","-1.32","Moving Up","","",,="4/9","<1","false","Swing"
"PLOW","Douglas Dynamics, Inc. Common Stock","Discretionary","Auto Parts","41.47","37.99","Sell","Jul 08, 2026","Downtrend","Aug 06, 2026","314387.13","55.46","28.13","-1.21","Moving Down","","",,="3/9","<1","false","Swing"
"RNST","Renasant Corporation Common Stock","Financials","Banks - Regional","42.6","63.35","Sell","Jul 08, 2026","Downtrend","Aug 18, 2026","590529.5","138.22","11.31","-1.18","Moving Down","","",,="3/9","<1","false","Swing"
"RRX","Regal Rexnord Corporation Common Stock","Industrials","Specialty Industrial Machinery","171.88","31.03","Sell","Jul 08, 2026","Downtrend","Aug 05, 2026","1183768.4","187.85","4.98","-1.51","Moving Down","","",,="3/9","<1","false","Swing"
"SITE","SiteOne Landscape Supply, Inc. Common Stock","Industrials","Industrial Distribution","95.09","37.31","Sell","Jul 08, 2026","Downtrend","Jul 09, 2026","851477.77","-124.17","1.12","-0.59","Moving Up","","",,="4/9","<1","false","Swing"
"TGTX","TG Therapeutics, Inc. Common Stock","Health Care","Biotechnology","50.26","27.41","Sell","Jul 08, 2026","Neutral","Aug 18, 2026","2102193.03","186.96","1.68","1.99","Moving Up","","",,="5/9","<1","false","Swing"
"UCTT","Ultra Clean Holdings, Inc. Common Stock","Technology","Semiconductor Equipment & Materials","81.82","38.01","Sell","Jul 08, 2026","Downtrend","Aug 14, 2026","1392186.77","-57.74","0.28","-6.9","Moving Down","","",,="3/9","<1","false","Swing"
"UHAL","U-Haul Holding Company Common Stock","Industrials","Rental & Leasing Services","72.35","79.78","Sell","Jul 08, 2026","Uptrend","May 27, 2026","166684.63","18.94","0.65","-1.91","Moving Down","","",,="4/9","<1","false","Swing"
"WING","Wingstop Inc. Common Stock","Discretionary","Restaurants","114.55","25.33","Sell","Jul 08, 2026","Downtrend","Jul 14, 2026","1312799.47","276.91","18.06","-1.01","Moving Up","","",,="4/9","<1","false","Swing"
"WWD","Woodward, Inc. Common Stock","Industrials","Aerospace & Defense","366.2","33.39","Sell","Jul 08, 2026","Downtrend","Jul 29, 2026","623863.2","-12.49","0.34","-1.13","Moving Up","","",,="4/9","<1","false","Swing"
"ACMR","ACM Research, Inc. Class A Common Stock","Technology","Semiconductor Equipment & Materials","84.37","57.26","Sell","Jul 07, 2026","Neutral","Aug 17, 2026","1019436.4","64.43","1.41","-1.48","Moving Up","","",,="4/9","<1","false","Swing"
"ALGM","Allegro MicroSystems, Inc. Common Stock","Technology","Semiconductors","39.39","40.03","Sell","Jul 07, 2026","Downtrend","Jul 15, 2026","2256779.63","-0.31","0.32","-10.98","Moving Down","","",,="3/9","<1","false","Swing"
"ALLY","Ally Financial Inc. Common Stock","Financials","Credit Services","43.63","59.09","Sell","Jul 07, 2026","Downtrend","Aug 17, 2026","2903226.27","78.84","4.06","0.05","Moving Up","","",,="4/9","<1","false","Swing"
"AZZ","AZZ Inc.","Industrials","Specialty Business Services","146.43","55.31","Sell","Jul 07, 2026","Neutral","Aug 18, 2026","289731.67","104.65","1.04","-4.44","Moving Down","","",,="3/9","<1","false","Swing"
"BHE","Benchmark Electronics, Inc. Common Stock","Technology","Electronic Components","76.71","46.75","Sell","Jul 07, 2026","Downtrend","Aug 18, 2026","383664.17","85.32","1.47","-8.86","Moving Down","","",,="3/9","<1","false","Swing"
"BLX","Banco Latinoamericano de Comercio Exterior, S.A.","Financials","Banks - Regional","54.65","36.65","Sell","Jul 07, 2026","Downtrend","Aug 06, 2026","149994.97","97.77","0.94","-0.82","Moving Down","","",,="3/9","<1","false","Swing"
"BROS","Dutch Bros Inc. Class A Common Stock","Discretionary","Restaurants","48.44","13.02","Sell","Jul 07, 2026","Downtrend","Aug 06, 2026","3623277.4","-118.05","0.12","-3.93","Moving Up","","",,="4/9","<1","false","Swing"
"BX","Blackstone Inc. Common Stock","Financials","Asset Management","140.59","84.62","Buy","Jul 07, 2026","Uptrend","Jul 09, 2026","4656363.6","128.67","2.2","0.01","Moving Down","","Positive",,="5/9","<1","false","Swing"
"CBT","Cabot Corporation Common Stock","Materials","Specialty Chemicals","84.26","49.57","Sell","Jul 07, 2026","Downtrend","Aug 17, 2026","464421.03","27.46","0.76","-2.48","Moving Down","","",,="3/9","<1","false","Swing"
"CLMB","Climb Global Solutions, Inc. Common Stock","Technology","Electronics & Computer Distribution","28.35","69.19","Buy","Jul 07, 2026","Uptrend","Jun 23, 2026","151099.47","532.89","2.27","1.83","Moving Up","","",,="6/9","<1","false","Swing"
"CNOB","ConnectOne Bancorp, Inc. Common Stock","Financials","Banks - Regional","32.81","53.3","Sell","Jul 07, 2026","Uptrend","Jul 24, 2026","435991.43","73.1","4.93","0.09","Moving Down","","",,="4/9","<1","false","Swing"
"EFX","Equifax, Inc. Common Stock","Industrials","Consulting Services","181.84","72.17","Buy","Jul 07, 2026","Uptrend","Jul 24, 2026","1517339.33","74.32","6.93","2.85","Moving Up","","",,="6/9","<1","false","Swing"
"ESI","Element Solutions Inc. Common Stock","Materials","Specialty Chemicals","37.29","62.82","Sell","Jul 07, 2026","Downtrend","Jul 07, 2026","4845470.73","-49.36","0.23","-4.92","Moving Up","","",,="4/9","<1","false","Swing"
"FSTR","L.B. Foster Company Common Stock","Industrials","Railroads","38.14","35.57","Sell","Jul 07, 2026","Downtrend","Aug 10, 2026","78404.1","44.11","1.2","-0.88","Moving Down","","",,="3/9","<1","false","Swing"
"GOLF","Acushnet Holdings Corp. Common Stock","Discretionary","Leisure","89.58","13.57","Sell","Jul 07, 2026","Downtrend","Jul 24, 2026","355766.67","-10.83","0.27","-1.19","Moving Up","","",,="4/9","<1","false","Swing"
"GRBK","Green Brick Partners, Inc. Common Stock","Discretionary","Residential Construction","69.35","53.07","Sell","Jul 07, 2026","Downtrend","Aug 10, 2026","203791.63","-190.36","0.26","-2.16","Moving Up","","",,="4/9","<1","false","Swing"
"HBNC","Horizon Bancorp, Inc. Common Stock","Financials","Banks - Regional","20.28","55.43","Sell","Jul 07, 2026","Uptrend","May 18, 2026","606318","38.78","2.9","-0.39","Moving Down","","",,="4/9","<1","false","Swing"
"HRL","Hormel Foods Corporation Common Stock","Staples","Packaged Foods","24.34","66.38","Sell","Jul 07, 2026","Downtrend","Aug 17, 2026","3361787.5","-49.25","2.64","1.33","Moving Down","","",,="3/9","<1","false","Swing"
"ICFI","ICF International, Inc. Common Stock","Industrials","Consulting Services","88","94.22","Buy","Jul 07, 2026","Uptrend","Jun 29, 2026","238346.17","-53.26","0.13","1.73","Moving Down","","",,="5/9","<1","false","Swing"
"LYTS","LSI Industries Inc. Common Stock","Technology","Electronic Components","24.13","44.57","Sell","Jul 07, 2026","Neutral","Aug 18, 2026","231056.63","106.73","0.79","-2.51","Moving Down","","",,="3/9","<1","false","Swing"
"MIRM","Mirum Pharmaceuticals, Inc. Common Stock","Health Care","Biotechnology","100.87","26.94","Sell","Jul 07, 2026","Downtrend","Jul 31, 2026","688836.73","216.05","1.25","1.04","Moving Up","","",,="5/9","<1","false","Swing"
"MYRG","MYR Group, Inc. Common Stock","Industrials","Engineering & Construction","323.89","26.78","Sell","Jul 07, 2026","Downtrend","Jul 10, 2026","279371.2","1007.98","3.06","-4.96","Moving Up","","",,="3/9","<1","false","Swing"
"NATH","Nathan's Famous, Inc. Common Stock","Discretionary","Restaurants","97.5","35.36","Sell","Jul 07, 2026","Downtrend","Jul 06, 2026","25411.73","21.71","1.06","0","Moving Up","","",,="3/9","<1","false","Swing"
"NWPX","NWPX Infrastructure, Inc. Common Stock","Materials","Steel","113.75","31.31","Sell","Jul 07, 2026","Downtrend","Aug 05, 2026","192919.6","-3.63","0.35","-2.81","Moving Down","","",,="3/9","<1","false","Swing"
"RBC","RBC Bearings Incorporated Common Stock","Industrials","Tools & Accessories","545.65","32.26","Sell","Jul 07, 2026","Downtrend","Jul 09, 2026","220066.3","153.04","1.7","-2.15","Moving Down","","",,="3/9","<1","false","Swing"
"SLF","Sun Life Financial Inc. Common Stock","Financials","Insurance - Diversified","80.41","73.67","Sell","Jul 07, 2026","Neutral","Aug 18, 2026","534275.53","95.83","2.82","-0.37","Moving Down","","",,="3/9","<1","false","Swing"
"SPXC","SPX Technologies, Inc. Common Stock","Industrials","Building Products & Equipment","212.66","39.01","Sell","Jul 07, 2026","Downtrend","Aug 13, 2026","544032","-22.13","0.39","-2.28","Moving Down","","",,="3/9","<1","false","Swing"
"TRS","TriMas Corporation Common Stock","Discretionary","Packaging & Containers","38.81","41.34","Sell","Jul 07, 2026","Downtrend","Aug 06, 2026","412143.5","-131.5","0.05","-0.84","Moving Down","","",,="3/9","<1","false","Swing"
"VICR","Vicor Corporation Common Stock","Technology","Electronic Components","242.41","53.79","Sell","Jul 07, 2026","Downtrend","Aug 18, 2026","844480.13","151.62","1.23","-4.37","Moving Up","","",,="4/9","<1","false","Swing"
"AIN","Albany International Corporation Common Stock","Discretionary","Textile Manufacturing","62.72","40.68","Sell","Jul 06, 2026","Downtrend","Aug 04, 2026","283796.9","-1.49","33.52","-1.82","Moving Down","","",,="3/9","<1","false","Swing"
"AIP","Arteris, Inc. Common Stock","Technology","Semiconductors","25.81","27.36","Sell","Jul 06, 2026","Downtrend","Jul 10, 2026","649735.57","86.84","0.88","-7.26","Moving Down","","",,="3/9","<1","false","Swing"
"ALOT","AstroNova, Inc. Common Stock","Technology","Computer Hardware","28.88","73.48","Sell","Jul 06, 2026","Uptrend","Mar 30, 2026","114091.73","215.95","5.08","-0.03","Moving Down","","",,="4/9","<1","false","Swing"
"AMKR","Amkor Technology, Inc. Common Stock","Technology","Semiconductor Equipment & Materials","54.84","36.01","Sell","Jul 06, 2026","Downtrend","Jul 06, 2026","5326926.53","41.46","0.39","-10.54","Moving Up","","",,="4/9","<1","false","Swing"
"CMI","Cummins Inc. Common Stock","Industrials","Specialty Industrial Machinery","620.81","46.53","Sell","Jul 06, 2026","Downtrend","Jul 24, 2026","907277.2","260.37","2.78","-3.17","Moving Down","","",,="3/9","<1","false","Swing"
"CRH","CRH PLC Ordinary Shares","Materials","Building Materials","93.25","36.07","Sell","Jul 06, 2026","Downtrend","Jul 07, 2026","4053287.4","167.99","3.16","-2.92","Moving Down","","",,="3/9","<1","false","Swing"
"DNLI","Denali Therapeutics Inc. Common Stock","Health Care","Biotechnology","24.31","58.28","Sell","Jul 06, 2026","Uptrend","Aug 06, 2026","1606988.3","-76.63","0.1","-0.16","Moving Down","","",,="5/9","<1","false","Swing"
"DOV","Dover Corporation Common Stock","Industrials","Specialty Industrial Machinery","203.06","45.46","Sell","Jul 06, 2026","Downtrend","Jul 17, 2026","1113851.4","85.49","2.52","-1.65","Moving Down","","",,="3/9","<1","false","Swing"
"DY","Dycom Industries, Inc. Common Stock","Industrials","Engineering & Construction","414.7","46.73","Sell","Jul 06, 2026","Downtrend","Aug 18, 2026","408503.13","434.08","1.44","-4.2","Moving Up","","",,="4/9","<1","false","Swing"
"GNRC","Generac Holdlings Inc. Common Stock","Industrials","Specialty Industrial Machinery","211.56","50.8","Sell","Jul 06, 2026","Downtrend","Jul 06, 2026","1078393.83","195.41","6.43","-4.38","Moving Up","","",,="4/9","<1","false","Swing"
"MAIN","Main Street Capital Corporation Common Stock","Financials","Asset Management","57.81","87.94","Buy","Jul 06, 2026","Uptrend","Jul 10, 2026","622653.63","62.66","3.09","-0.58","Moving Up","","",,="6/9","<1","false","Swing"
"NGS","Natural Gas Services Group, Inc. Common Stock","Energy","Oil & Gas Equipment & Services","37.59","35.2","Sell","Jul 06, 2026","Downtrend","Jul 16, 2026","121064.33","52.83","0.73","-1.75","Moving Up","","",,="6/9","<1","false","Swing"
"PATK","Patrick Industries, Inc. Common Stock","Discretionary","Recreational Vehicles","83.73","43.03","Sell","Jul 06, 2026","Downtrend","Aug 17, 2026","555225.1","-21.55","0.33","-1.24","Moving Down","","",,="3/9","<1","false","Swing"
"REGN","Regeneron Pharmaceuticals, Inc. Common Stock","Health Care","Biotechnology","810.24","78.78","Buy","Jul 06, 2026","Uptrend","Jul 27, 2026","737104.63","77.06","1.91","0.53","Moving Up","","",,="6/9","<1","false","Swing"
"RJF","Raymond James Financial, Inc. Common Stock","Financials","Asset Management","179.3","81.04","Buy","Jul 06, 2026","Uptrend","Jul 01, 2026","1098806.57","172.28","2.03","-0.1","Moving Up","","",,="6/9","<1","false","Swing"
"STRO","Sutro Biopharma, Inc. Common Stock","Health Care","Biotechnology","22.04","47.54","Sell","Jul 06, 2026","Downtrend","Jul 13, 2026","316382.47","-115.08","1.69","-1.08","Moving Down","","",,="4/9","<1","false","Swing"
"VERA","Vera Therapeutics, Inc. Class A Common Stock","Health Care","Biotechnology","32.28","23.38","Sell","Jul 06, 2026","Downtrend","Jul 21, 2026","2109729.33","3.48","0.18","2.06","Moving Up","","",,="4/9","<1","false","Swing"
"WDC","Western Digital Corporation Common Stock","Technology","Computer Hardware","496.16","45.99","Sell","Jul 06, 2026","Downtrend","Aug 18, 2026","8012860.17","-0.91","0.34","-7.43","Moving Up","","",,="4/9","<1","false","Swing"
"WH","Wyndham Hotels & Resorts, Inc. Common Stock ","Discretionary","Lodging","73.36","34.99","Sell","Jul 06, 2026","Downtrend","Jul 08, 2026","1358977.2","-45.34","0.71","0.58","Moving Down","","",,="3/9","<1","false","Swing"
"AMX","America Movil, S.A.B. de C.V. American Depositary Shares (each representing the right to receive twenty (20) Series B Shares","Communication","Telecom Services","23.63","27.11","Sell","Jul 02, 2026","Downtrend","Jul 23, 2026","2057107.5","-0.03","0.33","-0.21","Moving Down","","",,="3/9","<1","false","Swing"
"AORT","Artivion, Inc. Common Stock","Health Care","Medical Devices","28.9","63.84","Buy","Jul 02, 2026","Uptrend","Jul 22, 2026","643706.33","112.1","43.91","2.05","Moving Up","","",,="7/9","<1","false","Swing"
"AOSL","Alpha and Omega Semiconductor Limited Common Shares","Technology","Semiconductors","28.38","57.89","Sell","Jul 02, 2026","Downtrend","Aug 13, 2026","622758.17","-216.92","0.1","-8.66","Moving Down","","",,="3/9","<1","false","Swing"
"HGV","Hilton Grand Vacations Inc. Common Stock ","Discretionary","Resorts & Casinos","43.49","27.84","Sell","Jul 02, 2026","Downtrend","Jul 30, 2026","1087051.2","-35.28","1.15","-3.18","Moving Down","","",,="3/9","<1","false","Swing"
"IHG","Intercontinental Hotels Group American Depositary Shares (Each representing one Ordinary Share)","Discretionary","Lodging","159.38","49.28","Sell","Jul 02, 2026","Downtrend","Aug 18, 2026","268763.13","135.9","2.58","-0.54","Moving Up","","",,="4/9","<1","false","Swing"
"INVA","Innoviva, Inc. Common Stock","Health Care","Biotechnology","21.25","26.57","Sell","Jul 02, 2026","Downtrend","Jul 06, 2026","760725.23","77.28","4.53","1.38","Moving Up","","",,="4/9","<1","false","Swing"
"KLAC","KLA Corporation Common Stock","Technology","Semiconductor Equipment & Materials","194.79","24.19","Sell","Jul 02, 2026","Downtrend","Aug 14, 2026","11174391.33","873.95","2.19","-5.33","Moving Up","","",,="4/9","<1","false","Swing"
"MDU","MDU Resources Group, Inc. Common Stock (Holding Company)","Utilities","Utilities - Regulated Gas","20.44","50.05","Sell","Jul 02, 2026","Downtrend","Jul 27, 2026","1404919.9","41.3","8.77","-0.63","Moving Up","","",,="5/9","<1","false","Swing"
"TNC","Tennant Company Common Stock","Industrials","Specialty Industrial Machinery","66.26","28.68","Sell","Jul 02, 2026","Downtrend","Aug 06, 2026","215044.47","-71.26","0.38","-1.94","Moving Down","","",,="3/9","<1","false","Swing"
"UTF","Cohen & Steers Infrastructure Fund, Inc Common Stock","Financials","Closed-End Fund - Equity","27.17","44.38","Sell","Jul 02, 2026","Downtrend","Aug 05, 2026","236569.4","45.24","1.68","0.26","Moving Down","","",,="3/9","<1","false","Swing"
"VMI","Valmont Industries, Inc. Common Stock","Industrials","Conglomerates","487.36","38.69","Sell","Jul 02, 2026","Downtrend","Jul 17, 2026","200889.97","97.31","1.21","-3.83","Moving Up","","",,="4/9","<1","false","Swing"
"BWXT","BWX Technologies, Inc. Common Stock","Industrials","Aerospace & Defense","165.01","29.24","Sell","Jul 01, 2026","Downtrend","Jun 30, 2026","898637.6","103.79","1.76","-3.81","Moving Up","","",,="4/9","<1","false","Swing"
"CW","Curtiss-Wright Corporation Common Stock","Industrials","Aerospace & Defense","695.67","29.85","Sell","Jul 01, 2026","Downtrend","Aug 06, 2026","247184.4","196.97","1.17","-0.06","Moving Down","","",,="3/9","<1","false","Swing"
"GD","General Dynamics Corporation Common Stock","Industrials","Aerospace & Defense","393.48","87.67","Buy","Jul 01, 2026","Uptrend","Jun 26, 2026","1030223.8","-9.63","0.39","0.6","Moving Down","","",,="5/9","<1","false","Swing"
"GWW","W.W. Grainger, Inc. Common Stock","Industrials","Industrial Distribution","1314.12","40.64","Sell","Jul 01, 2026","Downtrend","Aug 17, 2026","268897.4","222.71","1.99","-0.27","Moving Down","","",,="3/9","<1","false","Swing"
"MCRI","Monarch Casino & Resort, Inc. Common Stock","Discretionary","Resorts & Casinos","123.27","47.48","Sell","Jul 01, 2026","Neutral","Aug 12, 2026","136862.63","254.3","3.42","-0.31","Moving Up","","",,="3/9","<1","false","Swing"
"SNEX","StoneX Group Inc. Common Stock","Financials","Capital Markets","66.4","28.99","Sell","Jul 01, 2026","Downtrend","Jul 31, 2026","1101144.47","504.08","2.01","-2.94","Moving Up","","",,="4/9","<1","false","Swing"
"STAA","STAAR Surgical Company Common Stock","Health Care","Medical Instruments & Supplies","24.64","55.07","Sell","Jul 01, 2026","Downtrend","Aug 17, 2026","1032159.67","262.89","35.16","2.28","Moving Up","","",,="5/9","<1","false","Swing"
"TKR","Timken Company (The) Common Stock","Industrials","Tools & Accessories","129.17","58.74","Sell","Jul 01, 2026","Downtrend","Aug 18, 2026","915446.47","234.3","4.44","-3.55","Moving Down","","",,="3/9","<1","false","Swing"
"VECO","Veeco Instruments Inc. Common Stock","Technology","Semiconductor Equipment & Materials","50.91","42.08","Sell","Jul 01, 2026","Downtrend","Jul 06, 2026","888056.07","-74.38","0.26","-6.42","Moving Up","","",,="4/9","<1","false","Swing"
"GEO","Geo Group Inc (The) REIT","Industrials","Security & Protection Services","30.91","50.04","Sell","Jun 30, 2026","Uptrend","Mar 17, 2026","1614710.53","-56.89","0.25","-0.77","Moving Down","","",,="4/9","<1","false","Swing"
"HMC","Honda Motor Company, Ltd. Common Stock","Discretionary","Auto Manufacturers","31.95","86.4","Buy","Jun 30, 2026","Uptrend","Jun 26, 2026","1097004.2","62.65","11.64","0.16","Moving Up","","",,="6/9","<1","false","Swing"
"HWKN","Hawkins, Inc. Common Stock","Materials","Specialty Chemicals","124.8","17.1","Sell","Jun 30, 2026","Downtrend","Jun 29, 2026","158557.33","212.15","1.08","-5.15","Moving Down","","",,="3/9","<1","false","Swing"
"AMAT","Applied Materials, Inc. Common Stock","Technology","Semiconductor Equipment & Materials","514.33","37.99","Sell","Jun 29, 2026","Downtrend","Aug 18, 2026","7817560.73","725.47","2.63","-3.92","Moving Up","","",,="4/9","<1","false","Swing"
"BDX","Becton, Dickinson and Company Common Stock","Health Care","Medical Instruments & Supplies","180.77","96.25","Buy","Jun 29, 2026","Uptrend","Jul 15, 2026","1761972.93","-11.85","7.97","-0.72","Moving Down","","",,="5/9","<1","false","Swing"
"EVR","Evercore Inc. Class A Common Stock","Financials","Capital Markets","298.66","34.36","Sell","Jun 29, 2026","Downtrend","Jul 17, 2026","522853.6","363.85","3.24","-1.49","Moving Down","","",,="3/9","<1","false","Swing"
"GFS","GlobalFoundries Inc. Ordinary Shares","Technology","Semiconductors","49.9","34.6","Sell","Jun 29, 2026","Downtrend","Jul 02, 2026","4101782.07","-30.09","1.61","-6.62","Moving Down","","",,="3/9","<1","false","Swing"
"GNTX","Gentex Corporation Common Stock","Discretionary","Auto Parts","23.68","50.1","Sell","Jun 29, 2026","Downtrend","Aug 10, 2026","2413887.2","13.28","5.04","-0.55","Moving Down","","",,="3/9","<1","false","Swing"
"MSA","MSA Safety Incorporated Common Stock","Industrials","Security & Protection Services","189.38","83.04","Buy","Jun 29, 2026","Uptrend","Jul 15, 2026","280593.03","56.27","2.79","0.13","Moving Up","","",,="6/9","<1","false","Swing"
"NVMI","Nova Ltd. Ordinary Shares","Technology","Semiconductor Equipment & Materials","390.96","20.55","Sell","Jun 29, 2026","Downtrend","Jul 01, 2026","540853.73","866.54","2.53","-7.09","Moving Up","","",,="4/9","<1","false","Swing"
"RGR","Sturm, Ruger & Company, Inc. Common Stock","Industrials","Aerospace & Defense","37.6","45.01","Sell","Jun 29, 2026","Downtrend","Aug 06, 2026","107470","-57.87","1.7","0.43","Moving Up","","",,="4/9","<1","false","Swing"
"ROP","Roper Technologies, Inc. Common Stock","Technology","Software - Application","394.17","89.37","Buy","Jun 29, 2026","Uptrend","Jul 23, 2026","810442.5","43.97","12.81","1.14","Moving Down","","",,="5/9","<1","false","Swing"
"TTMI","TTM Technologies, Inc. Common Stock","Technology","Electronic Components","125.71","27.59","Sell","Jun 29, 2026","Downtrend","Jul 02, 2026","2841693.4","139.44","0.53","-10.83","Moving Up","","Positive",,="4/9","<1","false","Swing"
"ACU","Acme United Corporation. Common Stock","Staples","Household & Personal Products","62.83","0",,"","Uptrend","Jun 04, 2026","29632.53","",,,"","","",,="4/9","<1","true","Swing"
"AHR","American Healthcare REIT, Inc. Common Stock","Real Estate","REIT - Healthcare Facilities","54.42","0",,"","Neutral","Aug 13, 2026","2658593.4","",,,"","","",,="3/9","<1","true","Swing"
"AII","American Integrity Insurance Group, Inc. Common Stock","Financials","Insurance - Property & Casualty","25.26","0",,"","Uptrend","Jul 24, 2026","123425.83","",,,"","","Positive",,="3/9","<1","true","Swing"
"ALAB","Astera Labs, Inc. Common Stock","Technology","Semiconductors","303.44","0",,"","Downtrend","Aug 10, 2026","4480567.23","",,,"","","",,="3/9","<1","true","Swing"
"ALH","Alliance Laundry Holdings Inc. Common Stock","Discretionary","Furnishings Fixtures & Appliances","24","0",,"","Downtrend","Aug 17, 2026","608770.7","",,,"","","",,="3/9","<1","true","Swing"
"ALMS","Alumis Inc. Common Stock","Health Care","Biotechnology","24.88","0",,"","Downtrend","Aug 11, 2026","1065902.03","",,,"","","",,="4/9","<1","true","Swing"
"AMBQ","Ambiq Micro, Inc. Common Stock","Technology","Semiconductors","63.01","0",,"","Downtrend","Jul 24, 2026","496591.9","",,,"","","",,="3/9","<1","true","Swing"
"AMTM","Amentum Holdings, Inc. Common Stock","Industrials","Specialty Business Services","20.95","0",,"","Downtrend","Aug 17, 2026","2121769.97","",,,"","","",,="3/9","<1","true","Swing"
"ANRO","Alto Neuroscience, Inc. Common Stock","Health Care","Biotechnology","34.13","0",,"","Uptrend","Jun 18, 2026","532710.53","",,,"","","",,="5/9","<1","true","Swing"
"APGE","Apogee Therapeutics, Inc. Common Stock","Health Care","Biotechnology","134.57","0",,"","Uptrend","Jun 04, 2026","1234961.47","",,,"","","",,="5/9","<1","true","Swing"
"APP","Applovin Corporation Class A Common Stock","Communication","Advertising Agencies","307.26","0",,"","Downtrend","Jul 13, 2026","6770859","",,,"","","",,="3/9","<1","true","Swing"
"ASIC","Ategrity Specialty Insurance Company Holdings Common Stock","Financials","Insurance - Property & Casualty","24.57","0",,"","Uptrend","Jun 09, 2026","75400.47","",,,"","","",,="4/9","<1","true","Swing"
"ASTS","AST SpaceMobile, Inc. Class A Common Stock","Technology","Communication Equipment","67.07","0",,"","Neutral","Aug 13, 2026","13711937","",,,"","","",,="3/9","<1","true","Swing"
"ATMU","Atmus Filtration Technologies Inc. Common Stock","Discretionary","Auto Parts","49.89","0",,"","Downtrend","Aug 11, 2026","664017.7","",,,"","","",,="3/9","<1","true","Swing"
"AUGO","Aura Minerals Inc. Common Shares","Materials","Gold","76.24","0",,"","Uptrend","Aug 05, 2026","808381.37","",,,"","","",,="4/9","<1","true","Swing"
"AVBC","Avidia Bancorp, Inc. Common Stock","Financials","Banks - Regional","22.1","0",,"","Uptrend","Jun 10, 2026","117575.37","",,,"","","",,="4/9","<1","true","Swing"
"AVBP","ArriVent BioPharma, Inc. Common Stock","Health Care","Biotechnology","30","0",,"","Downtrend","Aug 13, 2026","475739.1","",,,"","","",,="3/9","<1","true","Swing"
"AVNW","Aviat Networks, Inc. Common Stock","Technology","Communication Equipment","21.4","0",,"","Uptrend","Aug 04, 2026","120535.87","",,,"","","",,="4/9","<1","true","Swing"
"BAM","Brookfield Asset Management Inc Class A Limited Voting Shares","Financials","Asset Management","51.47","0",,"","Uptrend","Jul 27, 2026","2454855.27","",,,"","","",,="4/9","<1","true","Swing"
"BCAX","Bicara Therapeutics Inc. Common Stock","Health Care","Biotechnology","24.92","0",,"","Downtrend","Aug 11, 2026","583464.53","",,,"","","",,="4/9","<1","true","Swing"
"BCV","Bancroft Fund, Ltd.","Financials","Closed-End Fund - Debt","25.4285","0",,"","Uptrend","Aug 11, 2026","19604.87","",,,"","","",,="4/9","<1","true","Swing"
"BDL","Flanigan's Enterprises, Inc. Common Stock","Discretionary","Restaurants","49.47","0",,"","Uptrend","Aug 03, 2026","46081.8","",,,"","","",,="4/9","<1","true","Swing"
"BEPC","Brookfield Renewable Corporation Brookfield Renewable Corporation Class A Subordinate Voting Shares","Utilities","Utilities - Renewable","33.52","0",,"","Neutral","Aug 17, 2026","1869441.1","",,,"","","",,="4/9","<1","true","Swing"
"BHB","Bar Harbor Bankshares, Inc. Common Stock","Financials","Banks - Regional","40.58","0",,"","Uptrend","May 21, 2026","90533.1","",,,"","","",,="4/9","<1","true","Swing"
"BIPC","Brookfield Infrastructure Corporation Brookfield Infrastructure Corporation","Utilities","Utilities - Regulated Gas","39","0",,"","Downtrend","Aug 14, 2026","1003603","",,,"","","",,="4/9","<1","true","Swing"
"BKSY","BlackSky Technology Inc. Class A Common Stock","Industrials","Specialty Business Services","28.94","0",,"","Uptrend","Aug 07, 2026","1131455.73","",,,"","","",,="4/9","<1","true","Swing"
"BKV","BKV Corporation Common Stock","Energy","Oil & Gas E&P","26.65","0",,"","Uptrend","Aug 12, 2026","818409.8","",,,"","","",,="5/9","<1","true","Swing"
"BLTE","Belite Bio, Inc American Depositary Shares","Health Care","Biotechnology","162.57","0",,"","Uptrend","Jul 16, 2026","173386.57","",,,"","","",,="5/9","<1","true","Swing"
"BMN","BlackRock 2037 Municipal Target Term Trust Common Shares of Beneficial Interest","Financials","Closed-End Fund - Debt","25.5","0",,"","Neutral","Aug 18, 2026","6692.77","",,,"","","",,="2/9","<1","true","Swing"
"BOW","Bowhead Specialty Holdings Inc. Common Stock","Financials","Insurance - Property & Casualty","33.48","0",,"","Uptrend","Jun 11, 2026","337655.37","",,,"","","",,="3/9","<1","true","Swing"
"BTSG","BrightSpring Health Services, Inc. Common Stock","Health Care","Health Information Services","59.5","0",,"","Downtrend","Jul 31, 2026","3972461.57","",,,"","","",,="4/9","<1","true","Swing"
"CAI","Caris Life Sciences, Inc. Common Stock","Health Care","Biotechnology","20.97","0",,"","Uptrend","Aug 06, 2026","4390272.53","",,,"","","",,="5/9","<1","true","Swing"
"CARG","CarGurus, Inc. Class A Common Stock ","Discretionary","Auto & Truck Dealerships","36.22","0",,"","Uptrend","Jun 24, 2026","1031839.4","",,,"","","",,="4/9","<1","true","Swing"
"CART","Maplebear Inc. Common Stock","Discretionary","Internet Retail","48.93","0",,"","Uptrend","Aug 07, 2026","4237209.5","",,,"","","",,="3/9","<1","true","Swing"
"CAVA","CAVA Group, Inc. Common Stock","Discretionary","Restaurants","68.24","0",,"","Neutral","Aug 18, 2026","3637074.77","",,,"","","",,="3/9","<1","true","Swing"
"CBK","Commercial Bancgroup, Inc. Common Stock","Financials","Banks - Regional","34.94","0",,"","Uptrend","May 21, 2026","63037","",,,"","","",,="4/9","<1","true","Swing"
"CBL","CBL & Associates Properties, Inc. Common Stock","Real Estate","REIT - Retail","56.66","0",,"","Uptrend","Feb 18, 2026","263935.67","",,,"","","",,="4/9","<1","true","Swing"
"CBLL","CeriBell, Inc. Common Stock","Health Care","Medical Devices","24.21","0",,"","Uptrend","Aug 10, 2026","397598.73","",,,"","","",,="4/9","<1","true","Swing"
"CBNA","Chain Bridge Bancorp, Inc. Class A Common Stock","Financials","Banks - Regional","47.41","0",,"","Uptrend","Jun 10, 2026","24105.57","",,,"","","",,="4/9","<1","true","Swing"
"CCSI","Consensus Cloud Solutions, Inc. Common Stock","Technology","Software - Infrastructure","38.09","0",,"","Uptrend","Aug 10, 2026","135307.23","",,,"","","",,="4/9","<1","true","Swing"
"CET","Central Securities Corporation Common Stock","Financials","Closed-End Fund - Equity","54.32","0",,"","Uptrend","Jul 31, 2026","33627.97","",,,"","","",,="4/9","<1","true","Swing"
"CGON","CG Oncology, Inc. Common stock","Health Care","Biotechnology","76.29","0",,"","Uptrend","Jun 23, 2026","869428.97","",,,"","","",,="5/9","<1","true","Swing"
"CHYM","Chime Financial, Inc. Class A Common Stock","Technology","Software - Application","31.91","0",,"","Uptrend","Jun 26, 2026","7654402.03","",,,"","","",,="4/9","<1","true","Swing"
"CIX","CompX International Inc. Common Stock","Industrials","Security & Protection Services","30.81","0",,"","Uptrend","Jul 22, 2026","6758.8","",,,"","","",,="4/9","<1","true","Swing"
"CLMT","Calumet, Inc. Common Stock","Materials","Specialty Chemicals","50.81","0",,"","Uptrend","Jun 29, 2026","1279670.57","",,,"","","",,="4/9","<1","true","Swing"
"CMT","Core Molding Technologies Inc Common Stock","Materials","Specialty Chemicals","26.07","0",,"","Uptrend","Aug 04, 2026","24891.8","",,,"","","",,="4/9","<1","true","Swing"
"CON","Concentra Group Holdings Parent, Inc. Common Stock","Health Care","Medical Care Facilities","35.05","0",,"","Uptrend","Apr 15, 2026","915752.17","",,,"","","",,="5/9","<1","true","Swing"
"COOK","Traeger, Inc. Common Stock","Discretionary","Furnishings Fixtures & Appliances","56.08","0",,"","Downtrend","Aug 06, 2026","68853.73","",,,"","","",,="2/9","<1","true","Swing"
"CPBI","Central Plains Bancshares, Inc. Common Stock","Financials","Banks - Regional","20.96","0",,"","Uptrend","May 08, 2026","2972","",,,"","","",,="4/9","<1","true","Swing"
"CRBG","Corebridge Financial Inc. Common Stock","Financials","Asset Management","33.12","0",,"","Uptrend","Jun 09, 2026","4551012.37","",,,"","","",,="4/9","<1","true","Swing"
"CRCL","Circle Internet Group, Inc. Class A Common Stock","Financials","Capital Markets","71.73","0",,"","Neutral","Aug 18, 2026","12034262.1","",,,"","","",,="3/9","<1","true","Swing"
"CRWV","CoreWeave, Inc. Class A Common Stock","Technology","Software - Infrastructure","93.17","0",,"","Uptrend","Aug 11, 2026","29458187.3","",,,"","","Negative",,="4/9","<1","true","Swing"
"CSTL","Castle Biosciences, Inc. Common Stock","Health Care","Diagnostics & Research","29.03","0",,"","Uptrend","Jun 25, 2026","433581.73","",,,"","","",,="5/9","<1","true","Swing"
"CTEV","Claritev Corporation Class A Common Stock","Health Care","Health Information Services","35.6","0",,"","Uptrend","Aug 10, 2026","116081","",,,"","","",,="5/9","<1","true","Swing"
"CTRI","Centuri Holdings, Inc. Common Stock","Utilities","Utilities - Regulated Gas","22.65","0",,"","Downtrend","Jun 26, 2026","1963822.77","",,,"","","",,="4/9","<1","true","Swing"
"CURB","Curbline Properties Corp. Common Stock","Real Estate","REIT - Retail","30","0",,"","Downtrend","Aug 17, 2026","1227969.03","",,,"","","",,="3/9","<1","true","Swing"
"DAVE","Dave Inc. Class A Common Stock","Technology","Software - Application","333.14","0",,"","Downtrend","Aug 07, 2026","464403.57","",,,"","","",,="3/9","<1","true","Swing"
"DBD","Diebold Nixdorf Incorporated Common stock","Technology","Software - Application","68.59","0",,"","Downtrend","Jul 30, 2026","288552.47","",,,"","","",,="3/9","<1","true","Swing"
"DFNS","T3 Defense Inc. Common Stock","Industrials","Aerospace & Defense","27.2","0",,"","Neutral","Aug 10, 2026","6160303.87","",,,"","","",,="3/9","<1","true","Swing"
"DFTX","Definium Therapeutics, Inc. Common Shares","Health Care","Biotechnology","46.18","0",,"","Uptrend","May 22, 2026","2137830.53","",,,"","","",,="4/9","<1","true","Swing"
"DIT","AMCON Distributing Company Common Stock","Staples","Food Distribution","68","0",,"","Neutral","Aug 12, 2026","2601.13","",,,"","","",,="3/9","<1","true","Swing"
"DNTH","Dianthus Therapeutics, Inc. Common Stock","Health Care","Biotechnology","115.54","0",,"","Uptrend","Jun 24, 2026","848888.27","",,,"","","",,="5/9","<1","true","Swing"
"DRS","Leonardo DRS, Inc. Common Stock","Industrials","Aerospace & Defense","44.23","0",,"","Downtrend","Aug 18, 2026","799464.33","",,,"","","",,="3/9","<1","true","Swing"
"DRUG","Bright Minds Biosciences Inc. Common Stock","Health Care","Biotechnology","84.04","0",,"","Uptrend","Jul 30, 2026","216464.07","",,,"","","",,="4/9","<1","true","Swing"
"DXYZ","Destiny Tech100 Inc. Common Stock","Financials","Asset Management","33.15","0",,"","Uptrend","Aug 11, 2026","1179745.07","",,,"","","",,="4/9","<1","true","Swing"
"EBF","Ennis, Inc. Common Stock","Industrials","Business Equipment & Supplies","22.53","0",,"","Uptrend","Jul 13, 2026","130059.77","",,,"","","",,="4/9","<1","true","Swing"
"EBMT","Eagle Bancorp Montana, Inc. Common Stock","Financials","Banks - Regional","23.53","0",,"","Uptrend","Aug 18, 2026","38925.07","",,,"","","",,="4/9","<1","true","Swing"
"ECBK","ECB Bancorp, Inc. Common Stock","Financials","Banks - Regional","20.74","0",,"","Uptrend","Jun 08, 2026","8355.53","",,,"","","",,="4/9","<1","true","Swing"
"ECG","Everus Construction Group, Inc. Common Stock","Industrials","Engineering & Construction","129.19","0",,"","Neutral","Aug 18, 2026","586826.53","",,,"","","",,="3/9","<1","true","Swing"
"EE","Excelerate Energy, Inc. Class A Common Stock","Energy","Oil & Gas Midstream","37.25","0",,"","Neutral","Aug 18, 2026","301002.77","",,,"","","",,="5/9","<1","true","Swing"
"ELMD","Electromed, Inc. Common Stock","Health Care","Medical Devices","41.42","0",,"","Uptrend","Aug 06, 2026","99442.03","",,,"","","",,="5/9","<1","true","Swing"
"EOS","Eaton Vance Enhance Equity Income Fund II Common Stock","Financials","Closed-End Fund - Equity","21.73","0",,"","Neutral","Aug 18, 2026","129006.9","",,,"","","",,="2/9","<1","true","Swing"
"ESP","Espey Mfg. & Electronics Corp. Common Stock","Industrials","Electrical Equipment & Parts","64.95","0",,"","Uptrend","Aug 05, 2026","57322.93","",,,"","","",,="3/9","<1","true","Swing"
"EVER","EverQuote, Inc. Class A Common Stock","Communication","Internet Content & Information","24.52","0",,"","Neutral","Aug 13, 2026","690167.73","",,,"","","",,="3/9","<1","true","Swing"
"FG","F&G Annuities & Life, Inc. Common Stock","Financials","Insurance - Life","25.55","0",,"","Downtrend","Aug 07, 2026","627102.83","",,,"","","",,="3/9","<1","true","Swing"
"FIG","Figma, Inc. Class A Common Stock","Technology","Software - Application","26.01","0",,"","Uptrend","Jul 27, 2026","22154989.87","",,,"","","",,="4/9","<1","true","Swing"
"FIGR","Figure Technology Solutions, Inc. Class A Common Stock","Financials","Capital Markets","35.52","0",,"","Uptrend","Aug 13, 2026","3506599.27","",,,"","","Positive",,="4/9","<1","true","Swing"
"FLOC","Flowco Holdings Inc. Class A Common Stock","Energy","Oil & Gas Equipment & Services","22.92","0",,"","Uptrend","Aug 07, 2026","542081.23","",,,"","","",,="6/9","<1","true","Swing"
"FLY","Firefly Aerospace Inc. Common Stock","Industrials","Aerospace & Defense","26.14","0",,"","Neutral","Aug 18, 2026","3329208.67","",,,"","","",,="3/9","<1","true","Swing"
"FSBC","Five Star Bancorp Common Stock","Financials","Banks - Regional","46.57","0",,"","Neutral","Aug 11, 2026","193905.03","",,,"","","",,="3/9","<1","true","Swing"
"GCT","GigaCloud Technology Inc Class A Ordinary Shares","Technology","Software - Infrastructure","49.07","0",,"","Uptrend","Jul 27, 2026","688555.53","",,,"","","",,="4/9","<1","true","Swing"
"GEHC","GE HealthCare Technologies Inc. Common Stock ","Health Care","Medical Devices","72.63","0",,"","Uptrend","Jul 29, 2026","4892716.33","",,,"","","",,="5/9","<1","true","Swing"
"GEV","GE Vernova Inc. Common Stock","Industrials","Specialty Industrial Machinery","1004.53","0",,"","Neutral","Aug 18, 2026","2489101.23","",,,"","","",,="3/9","<1","true","Swing"
"GLIBK","Liberty Capital Corporation Series C GCI Group Common Stock","Communication","Telecom Services","26.02","0",,"","Uptrend","Aug 06, 2026","494804.63","",,,"","","",,="4/9","<1","true","Swing"
"GLXY","Galaxy Digital Inc. Class A Common Stock","Financials","Capital Markets","20.43","0",,"","Downtrend","Jun 29, 2026","6334127.8","",,,"","","",,="3/9","<1","true","Swing"
"GPCR","Structure Therapeutics Inc. American Depositary Shares","Health Care","Biotechnology","53.53","0",,"","Uptrend","Aug 05, 2026","556219.87","",,,"","","",,="4/9","<1","true","Swing"
"GRAL","GRAIL, Inc. Common Stock ","Health Care","Diagnostics & Research","70.89","0",,"","Uptrend","Aug 17, 2026","634655.27","",,,"","","",,="5/9","<1","true","Swing"
"GRDN","Guardian Pharmacy Services, Inc. Class A Common Stock","Health Care","Medical Care Facilities","38.28","0",,"","Downtrend","Aug 12, 2026","347025.67","",,,"","","",,="4/9","<1","true","Swing"
"HIPO","Hippo Holdings Inc. Common Stock","Financials","Insurance - Property & Casualty","32.95","0",,"","Uptrend","Jul 24, 2026","161998.07","",,,"","","",,="3/9","<1","true","Swing"
"HNGE","Hinge Health, Inc. Class A Common Stock","Health Care","Health Information Services","88.24","0",,"","Uptrend","Aug 07, 2026","1628488","",,,"","","",,="5/9","<1","true","Swing"
"HTFL","Heartflow, Inc. Common Stock","Health Care","Health Information Services","45.23","0",,"","Uptrend","Aug 07, 2026","1533062.47","",,,"","","",,="5/9","<1","true","Swing"
"HWBK","Hawthorn Bancshares, Inc. Common Stock","Financials","Banks - Regional","39.76","0",,"","Uptrend","Jul 28, 2026","14479.07","",,,"","","",,="4/9","<1","true","Swing"
"IBCP","Independent Bank Corporation Common Stock","Financials","Banks - Regional","38.08","0",,"","Uptrend","Jun 04, 2026","203063.53","",,,"","","",,="4/9","<1","true","Swing"
"IBTA","Ibotta, Inc. Class A Common Stock","Technology","Software - Application","36.88","0",,"","Uptrend","Aug 05, 2026","274262.9","",,,"","","",,="4/9","<1","true","Swing"
"INBX","Inhibrx Biosciences, Inc. Common Stock","Health Care","Biotechnology","94.62","0",,"","Uptrend","Aug 17, 2026","257755.93","",,,"","","",,="5/9","<1","true","Swing"
"INGM","Ingram Micro Holding Corporation Common Stock","Technology","Information Technology Services","27.77","0",,"","Downtrend","Aug 17, 2026","905014.93","",,,"","","",,="3/9","<1","true","Swing"
"KE","Kimball Electronics, Inc. Common Stock","Industrials","Electrical Equipment & Parts","24.61","0",,"","Neutral","Aug 18, 2026","201631.8","",,,"","","",,="3/9","<1","true","Swing"
"KEQU","Kewaunee Scientific Corporation Common Stock","Discretionary","Furnishings Fixtures & Appliances","36.01","0",,"","Downtrend","Aug 12, 2026","4425.23","",,,"","","",,="3/9","<1","true","Swing"
"KF","Korea Fund, Inc. (The) New Common Stock","Financials","Closed-End Fund - Foreign","61","0",,"","Neutral","Aug 18, 2026","26079.2","",,,"","","",,="3/9","<1","true","Swing"
"KGS","Kodiak Gas Services, Inc. Common Stock","Energy","Oil & Gas Equipment & Services","62.88","0",,"","Neutral","Aug 18, 2026","1642821.73","",,,"","","",,="5/9","<1","true","Swing"
"KIDS","OrthoPediatrics Corp. Common Stock","Health Care","Medical Devices","25.5","0",,"","Uptrend","Jul 27, 2026","194473.17","",,,"","","",,="4/9","<1","true","Swing"
"KMTS","Kestra Medical Technologies, Ltd. Common Stock","Health Care","Medical Instruments & Supplies","27.93","0",,"","Uptrend","Aug 04, 2026","365813.93","",,,"","","",,="5/9","<1","true","Swing"
"KNF","Knife Riv Holding Co. Common Stock","Materials","Building Materials","65.45","0",,"","Downtrend","Jul 17, 2026","663919.7","",,,"","","",,="3/9","<1","true","Swing"
"KOP","Koppers Holdings Inc. Common Stock","Materials","Specialty Chemicals","45.44","0",,"","Downtrend","Aug 18, 2026","178897.47","",,,"","","",,="3/9","<1","true","Swing"
"KRMN","Karman Holdings Inc. Common Stock","Industrials","Aerospace & Defense","59.43","0",,"","Uptrend","Aug 04, 2026","3392364.47","",,,"","","",,="4/9","<1","true","Swing"
"LB","LandBridge Company LLC Class A Shares Representing Limited Liability Company Interests","Energy","Oil & Gas Equipment & Services","80.82","0",,"","Uptrend","Jun 30, 2026","295580.7","",,,"","","",,="6/9","<1","true","Swing"
"LBRX","LB Pharmaceuticals Inc Common Stock","Health Care","Biotechnology","48.77","0",,"","Uptrend","Jun 18, 2026","357652.33","",,,"","","",,="5/9","<1","true","Swing"
"LGN","Legence Corp. Class A Common stock","Industrials","Engineering & Construction","63.66","0",,"","Downtrend","Jul 01, 2026","1385832.63","",,,"","","",,="3/9","<1","true","Swing"
"LIF","Life360, Inc. Common Stock","Technology","Software - Application","46.74","0",,"","Downtrend","Aug 13, 2026","850915.17","",,,"","","",,="3/9","<1","true","Swing"
"LINE","Lineage, Inc. Common Stock","Real Estate","REIT - Industrial","41.37","0",,"","Downtrend","Aug 14, 2026","963255.37","",,,"","","",,="3/9","<1","true","Swing"
"LOAR","Loar Holdings Inc. Common Stock","Industrials","Aerospace & Defense","76.68","0",,"","Uptrend","Aug 05, 2026","615019.2","",,,"","","",,="4/9","<1","true","Swing"
"MAZE","Maze Therapeutics, Inc. Common Stock","Health Care","Biotechnology","29.13","0",,"","Neutral","Aug 18, 2026","426332.67","",,,"","","",,="4/9","<1","true","Swing"
"MBX","MBX Biosciences, Inc. Common Stock","Health Care","Biotechnology","66.52","0",,"","Uptrend","Jun 11, 2026","632461.97","",,,"","","",,="5/9","<1","true","Swing"
"MEC","Mayville Engineering Company, Inc. Common Stock","Industrials","Metal Fabrication","23.28","0",,"","Downtrend","Jul 17, 2026","584482.5","",,,"","","",,="3/9","<1","true","Swing"
"MIAX","Miami International Holdings, Inc. Common Stock","Financials","Capital Markets","41.91","0",,"","Downtrend","Aug 17, 2026","1176991.93","",,,"","","",,="3/9","<1","true","Swing"
"MLYS","Mineralys Therapeutics, Inc. Common Stock","Health Care","Biotechnology","26.61","0",,"","Downtrend","Aug 13, 2026","723004.47","",,,"","","",,="3/9","<1","true","Swing"
"MPTI","M-tron Industries, Inc. Common Stock","Technology","Electronic Components","85.46","0",,"","Uptrend","Aug 14, 2026","255929.3","",,,"","","",,="4/9","<1","true","Swing"
"MRP","Millrose Properties, Inc. Class A Common Stock","Real Estate","REIT - Residential","29.94","0",,"","Uptrend","Aug 05, 2026","1124091.5","",,,"","","",,="4/9","<1","true","Swing"
"MSBI","Midland States Bancorp, Inc. Common Stock","Financials","Banks - Regional","33.14","0",,"","Uptrend","Mar 31, 2026","180476.13","",,,"","","",,="4/9","<1","true","Swing"
"MSGE","Madison Square Garden Entertainment Corp. Class A Common Stock","Communication","Entertainment","81.9","0",,"","Uptrend","Jul 20, 2026","373043.13","",,,"","","Positive",,="4/9","<1","true","Swing"
"NATL","NCR Atleos Corporation Common Stock","Technology","Software - Application","46","0",,"","Uptrend","Jul 06, 2026","583616.23","",,,"","","",,="4/9","<1","true","Swing"
"NBBK","NB Bancorp, Inc. Common Stock","Financials","Banks - Regional","22.74","0",,"","Uptrend","Jul 09, 2026","339447.43","",,,"","","",,="4/9","<1","true","Swing"
"NEN","New England Realty Associates Limited Partnership Class A Depositary Receipts Evidencing Units of Limited Partnership","Real Estate","Real Estate Services","56","0",,"","Downtrend","Jun 12, 2026","435.83","",,,"","","",,="3/9","<1","true","Swing"
"NGNE","Neurogene Inc. Common Stock ","Health Care","Biotechnology","35.67","0",,"","Uptrend","Aug 07, 2026","206250.37","",,,"","","",,="5/9","<1","true","Swing"
"NP","Neptune Insurance Holdings Inc. Class A Common Stock","Financials","Insurance Brokers","31.5","0",,"","Uptrend","Jun 16, 2026","644534.77","",,,"","","",,="4/9","<1","true","Swing"
"NVCT","Nuvectis Pharma, Inc. Common Stock","Health Care","Biotechnology","20.91","0",,"","Uptrend","Aug 18, 2026","222872.5","",,,"","","",,="5/9","<1","true","Swing"
"NXG","NXG NextGen Infrastructure Income Fund Common Shares of Beneficial Interest","Financials","Closed-End Fund - Equity","60.41","0",,"","Uptrend","Aug 11, 2026","118092.03","",,,"","","",,="4/9","<1","true","Swing"
"NXT","Nextpower Inc. Class A Common Stock","Technology","Solar","91.15","0",,"","Downtrend","Jun 23, 2026","2863966.5","",,,"","","",,="3/9","<1","true","Swing"
"OMDA","Omada Health, Inc. Common Stock","Health Care","Health Information Services","23.75","0",,"","Uptrend","Aug 10, 2026","1440001.7","",,,"","","",,="5/9","<1","true","Swing"
"OSCR","Oscar Health, Inc. Class A Common Stock","Health Care","Healthcare Plans","31.28","0",,"","Uptrend","Aug 14, 2026","5109394.6","",,,"","","",,="5/9","<1","true","Swing"
"OUST","Ouster, Inc. Common Stock","Technology","Electronic Components","42.99","0",,"","Uptrend","Aug 05, 2026","3408164.67","",,,"","","",,="4/9","<1","true","Swing"
"PACS","PACS Group, Inc. Common Stock","Health Care","Medical Care Facilities","43.8","0",,"","Neutral","Aug 18, 2026","875131.17","",,,"","","",,="4/9","<1","true","Swing"
"PHIN","PHINIA Inc. Common Stock","Discretionary","Auto Parts","73.7","0",,"","Downtrend","Aug 05, 2026","334024.37","",,,"","","",,="3/9","<1","true","Swing"
"PRMB","Primo Brands Corporation Class A Common Stock","Staples","Beverages - Non-Alcoholic","23.44","0",,"","Neutral","Aug 18, 2026","3704774.2","",,,"","","",,="3/9","<1","true","Swing"
"PTHS","Pelthos Therapeutics Inc. Common Stock","Health Care","Biotechnology","26.11","0",,"","Downtrend","Aug 18, 2026","79979.17","",,,"","","",,="4/9","<1","true","Swing"
"PTRN","Pattern Group Inc. Series A Common Stock","Technology","Software - Application","20.65","0",,"","Downtrend","Aug 14, 2026","1861945.47","",,,"","","",,="3/9","<1","true","Swing"
"PVLA","Palvella Therapeutics, Inc. Common Stock","Health Care","Biotechnology","150.42","0",,"","Uptrend","Jul 21, 2026","199651.4","",,,"","","",,="5/9","<1","true","Swing"
"PXED","Phoenix Education Partners, Inc. Common Stock","Staples","Education & Training Services","27.18","0",,"","Downtrend","Jul 17, 2026","136095.53","",,,"","","",,="3/9","<1","true","Swing"
"RAL","Ralliant Corporation Common Stock","Technology","Electronic Components","69.49","0",,"","Uptrend","Aug 11, 2026","1631119.73","",,,"","","",,="4/9","<1","true","Swing"
"RAPP","Rapport Therapeutics, Inc. Common Stock","Health Care","Biotechnology","49.01","0",,"","Uptrend","Jun 15, 2026","326058.8","",,,"","","",,="5/9","<1","true","Swing"
"RBRK","Rubrik, Inc. Class A Common Stock","Technology","Software - Infrastructure","100.55","0",,"","Uptrend","Aug 05, 2026","2827816.13","",,,"","","",,="4/9","<1","true","Swing"
"RDDT","Reddit, Inc. Class A Common Stock","Communication","Internet Content & Information","158.25","0",,"","Downtrend","Aug 17, 2026","6884318.3","",,,"","","",,="3/9","<1","true","Swing"
"REPX","Riley Exploration Permian, Inc. Common Stock","Energy","Oil & Gas E&P","37.71","0",,"","Uptrend","Aug 10, 2026","186723.67","",,,"","","",,="5/9","<1","true","Swing"
"RHLD","Resolute Holdings Management Common Stock ","Industrials","Specialty Business Services","126.84","0",,"","Downtrend","Aug 18, 2026","146714.77","",,,"","","",,="3/9","<1","true","Swing"
"RXO","RXO, Inc. Common Stock","Industrials","Trucking","22.63","0",,"","Downtrend","Jul 27, 2026","1913344.67","",,,"","","",,="3/9","<1","true","Swing"
"RYM","RYTHM, Inc. Common Stock","Staples","Tobacco","20.5","0",,"","Downtrend","Aug 06, 2026","11489.63","",,,"","","",,="3/9","<1","true","Swing"
"S","SentinelOne, Inc. Class A Common Stock","Technology","Software - Infrastructure","22.49","0",,"","Uptrend","Jun 30, 2026","6825400.03","",,,"","","",,="4/9","<1","true","Swing"
"SARO","StandardAero, Inc. Common Stock","Industrials","Aerospace & Defense","26.99","0",,"","Downtrend","Aug 13, 2026","3383007.63","",,,"","","",,="3/9","<1","true","Swing"
"SEG","Seaport Entertainment Group Inc. Common Stock","Real Estate","Real Estate Services","26.65","0",,"","Uptrend","May 13, 2026","67060.97","",,,"","","",,="4/9","<1","true","Swing"
"SEPN","Septerna, Inc. Common Stock","Health Care","Biotechnology","43.8","0",,"","Uptrend","Jul 30, 2026","438033.27","",,,"","","",,="5/9","<1","true","Swing"
"SEZL","Sezzle Inc. Common Stock","Financials","Credit Services","117.18","0",,"","Downtrend","Aug 07, 2026","794214.63","",,,"","","",,="3/9","<1","true","Swing"
"SFD","Smithfield Foods, Inc. Common Stock","Staples","Packaged Foods","22.53","0",,"","Downtrend","Aug 06, 2026","1420694.03","",,,"","","",,="3/9","<1","true","Swing"
"SI","Shoulder Innovations, Inc. Common Stock","Health Care","Medical Devices","21.13","0",,"","Neutral","Aug 18, 2026","108095.67","",,,"","","",,="3/9","<1","true","Swing"
"SIF","SIFCO Industries, Inc. Common Stock","Industrials","Aerospace & Defense","21.2","0",,"","Downtrend","Aug 12, 2026","167671.4","",,,"","","",,="3/9","<1","true","Swing"
"SKWD","Skyward Specialty Insurance Group, Inc. Common Stock","Financials","Insurance - Property & Casualty","58.44","0",,"","Neutral","Aug 18, 2026","525542.5","",,,"","","",,="3/9","<1","true","Swing"
"SLDE","Slide Insurance Holdings, Inc. Common Stock","Financials","Insurance - Property & Casualty","22.26","0",,"","Uptrend","Jun 26, 2026","1007237","",,,"","","",,="4/9","<1","true","Swing"
"SMA","SmartStop Self Storage REIT, Inc. Common Stock","Real Estate","REIT - Industrial","34.13","0",,"","Uptrend","Jun 09, 2026","707599.97","",,,"","","",,="4/9","<1","true","Swing"
"SMC","Summit Midstream Corporation Common Stock","Energy","Oil & Gas Midstream","34.69","0",,"","Uptrend","Jul 29, 2026","49214.03","",,,"","","",,="6/9","<1","true","Swing"
"SN","SharkNinja, Inc. Ordinary Shares","Discretionary","Furnishings Fixtures & Appliances","182.82","0",,"","Uptrend","May 27, 2026","1749680.2","",,,"","","",,="4/9","<1","true","Swing"
"SNDK","Sandisk Corporation Common Stock","Technology","Computer Hardware","1625.78","0",,"","Uptrend","Aug 17, 2026","15991141.13","",,,"","","Positive","true",="4/9","<1","true","Swing"
"SOLV","Solventum Corporation Common Stock","Health Care","Medical Instruments & Supplies","87.45","0",,"","Uptrend","Jul 15, 2026","1160850.9","",,,"","","",,="5/9","<1","true","Swing"
"SPCX","Space Exploration Technologies Corp","Industrials","Aerospace & Defense","143.34","0",,"","Uptrend","Aug 13, 2026","97561391.4","",,,"","","Negative","true",="4/9","<1","true","Swing"
"SPRB","Spruce Biosciences, Inc. Common Stock","Health Care","Biotechnology","52.845","0",,"","Uptrend","Aug 13, 2026","54735.8","",,,"","","",,="5/9","<1","true","Swing"
"SRBK","SR Bancorp, Inc. Common stock","Financials","Banks - Regional","20.23","0",,"","Uptrend","May 22, 2026","26048.23","",,,"","","",,="4/9","<1","true","Swing"
"STOK","Stoke Therapeutics, Inc. Common Stock","Health Care","Biotechnology","32.14","0",,"","Uptrend","Aug 05, 2026","734507.83","",,,"","","",,="4/9","<1","true","Swing"
"STRC","Strategy Inc Variable Rate Series A Perpetual Stretch Preferred Stock","Technology","Software - Application","94.01","0",,"","Uptrend","Aug 03, 2026","1212380.33","",,,"","","",,="3/9","<1","true","Swing"
"STRZ","Starz Entertainment Corp. Common Shares","Communication","Entertainment","25.54","0",,"","Downtrend","Aug 17, 2026","182056.03","",,,"","","",,="3/9","<1","true","Swing"
"TCBX","Third Coast Bancshares, Inc. Common Stock","Financials","Banks - Regional","45.64","0",,"","Uptrend","Jul 09, 2026","113198.3","",,,"","","",,="4/9","<1","true","Swing"
"TECX","Tectonic Therapeutic, Inc. Common Stock","Health Care","Biotechnology","36.61","0",,"","Uptrend","Aug 12, 2026","196891.43","",,,"","","",,="5/9","<1","true","Swing"
"TEM","Tempus AI, Inc. Class A Common Stock","Health Care","Health Information Services","49.36","0",,"","Neutral","Aug 18, 2026","4651836","",,,"","","",,="4/9","<1","true","Swing"
"TKO","TKO Group Holdings, Inc. Class A Common Stock","Communication","Entertainment","192.11","0",,"","Uptrend","Aug 11, 2026","1096464.2","",,,"","","",,="4/9","<1","true","Swing"
"TLN","Talen Energy Corporation Common Stock","Utilities","Utilities - Independent Power Producers","317.66","0",,"","Downtrend","Aug 17, 2026","748848.3","",,,"","","",,="4/9","<1","true","Swing"
"TTAN","ServiceTitan, Inc. Class A Common Stock","Technology","Software - Application","91.11","0",,"","Uptrend","Jul 27, 2026","1281108.43","",,,"","","",,="3/9","<1","true","Swing"
"TWFG","TWFG, Inc. Class A Common Stock","Financials","Insurance Brokers","26.78","0",,"","Uptrend","Jun 05, 2026","139770.73","",,,"","","",,="3/9","<1","true","Swing"
"UHAL/B","U-Haul Holding Company Series N Non-Voting Common Stock ","Industrials","Rental & Leasing Services","63.83","0",,"","Uptrend","May 28, 2026","349619.57","",,,"","","",,="4/9","<1","true","Swing"
"ULS","UL Solutions Inc. Class A Common Stock","Industrials","Specialty Business Services","75.96","0",,"","Downtrend","Aug 04, 2026","936597.07","",,,"","","",,="3/9","<1","true","Swing"
"UMAC","Unusual Machines, Inc. Common Stock","Technology","Computer Hardware","30.58","0",,"","Uptrend","Aug 03, 2026","4256389.3","",,,"","","",,="4/9","<1","true","Swing"
"UPST","Upstart Holdings, Inc. Common stock","Financials","Credit Services","29.11","0",,"","Downtrend","Aug 18, 2026","4027146.23","",,,"","","",,="3/9","<1","true","Swing"
"UTG","Reaves Utility Income Fund Common Shares of Beneficial Interest","Financials","Closed-End Fund - Equity","39.38","0",,"","Neutral","Aug 18, 2026","262192.53","",,,"","","",,="2/9","<1","true","Swing"
"VIA","Via Transportation, Inc. Class A Common Stock","Technology","Software - Application","25.02","0",,"","Uptrend","Jun 26, 2026","809108.73","",,,"","","",,="4/9","<1","true","Swing"
"VLTO","Veralto Corp Common Stock ","Industrials","Pollution & Treatment Controls","96.07","0",,"","Uptrend","Jun 25, 2026","1580700.13","",,,"","","",,="4/9","<1","true","Swing"
"VOYG","Voyager Technologies, Inc. Class A Common Stock","Industrials","Aerospace & Defense","42.24","0",,"","Uptrend","Aug 06, 2026","1678920.23","",,,"","","",,="3/9","<1","true","Swing"
"WAY","Waystar Holding Corp. Common Stock","Health Care","Health Information Services","24.32","0",,"","Uptrend","Aug 03, 2026","2739757.13","",,,"","","",,="5/9","<1","true","Swing"
"WBI","WaterBridge Infrastructure LLC Class A Shares Representing Limited Liability Company Interests","Energy","Oil & Gas Equipment & Services","31.94","0",,"","Downtrend","Aug 07, 2026","634517.5","",,,"","","",,="5/9","<1","true","Swing"
"WOLF","Wolfspeed, Inc. Common Stock New","Technology","Semiconductors","31.46","0",,"","Neutral","Aug 18, 2026","4059374.17","",,,"","","",,="3/9","<1","true","Swing"
"WRBY","Warby Parker Inc. Class A Common Stock","Health Care","Medical Instruments & Supplies","25.61","0",,"","Downtrend","Aug 11, 2026","2658961.03","",,,"","","",,="4/9","<1","true","Swing"
"WS","Worthington Steel, Inc. Common Shares","Materials","Steel","36.83","0",,"","Neutral","Aug 18, 2026","217965.47","",,,"","","",,="3/9","<1","true","Swing"
"WYFI","WhiteFiber, Inc. Ordinary Shares","Technology","Information Technology Services","27.07","0",,"","Neutral","Aug 18, 2026","2401672.27","",,,"","","",,="3/9","<1","true","Swing"
