Symbol,Company Name,Sector/Index,Industry,Last Close Price ($),Fear & Greed Heatmap Value,Current Signal Status,Signal Start Date,Overlay,Overlay Start Date,30-Day Avg Volume,OVTLYR Signal Return (%),Capital Efficiency,Price Change,Fear & Greed Heatmap Direction,OC Channel,Unusual News Activity (UNA),Top Mentions Today (TMT),Ovtlyr Nine,Sector Relative Greed,Partial Data Stocks,Signal Type
"ACM","AECOM Common Stock","Industrials","Engineering & Construction","61.04","54.98","Sell","Aug 13, 2026","Downtrend","Aug 12, 2026","1758820.33","-24.66","0.2","-8.96","Moving Down","","",,="6/9","<1","false","Swing"
"ACV","Virtus Diversified Income & Convertible Fund Common Shares of Beneficial Interest","Financials","Closed-End Fund - Equity","27.65","54.93","Buy","Aug 13, 2026","Uptrend","Aug 12, 2026","29525.27","-6.51","0.36","1.02","Moving Up","M1S1","",,="8/9","<1","false","Swing"
"ADP","Automatic Data Processing, Inc. Common Stock","Technology","Software - Application","269.33","97.66","Sell","Aug 13, 2026","Uptrend","Jun 30, 2026","2320541.7","138.35","6.66","-0.65","Moving Down","M1S1","",,="7/9","<1","false","Swing"
"AEO","American Eagle Outfitters, Inc. Common Stock","Discretionary","Apparel Retail","16.24","54.55","Sell","Aug 13, 2026","Neutral","Aug 11, 2026","4292050.43","187.71","41.13","-6.45","Moving Down","","",,="4/9","<1","false","Swing"
"AER","AerCap Holdings N.V. Ordinary Shares","Industrials","Rental & Leasing Services","150.25","56.61","Sell","Aug 13, 2026","Uptrend","Jul 02, 2026","1044111.8","-24.92","0.32","0.63","Moving Down","","",,="7/9","<1","false","Swing"
"AIO","Virtus Artificial Intelligence & Technology Opportunities Fund Common Shares of Beneficial Interest","Financials","Closed-End Fund - Equity","26.62","69.44","Buy","Aug 13, 2026","Uptrend","Aug 12, 2026","72648.57","14.62","0.79","1.22","Moving Up","M1S1","",,="9/9","<1","false","Swing"
"ALCO","Alico, Inc. Common Stock","Staples","Farm Products","41.58","28.4","Buy","Aug 13, 2026","Uptrend","Aug 12, 2026","20432.97","-20.17","0.23","0.43","Moving Up","","",,="7/9","<1","false","Swing"
"AMR","Alpha Metallurgical Resources, Inc. Common Stock","Materials","Coking Coal","159.52","48.68","Buy","Aug 13, 2026","Neutral","Aug 12, 2026","280220.9","47.08","0.24","3.72","Moving Up","","",,="8/9","<1","false","Swing"
"ARMK","Aramark Common Stock","Industrials","Specialty Business Services","60.35","77.75","Buy","Aug 13, 2026","Uptrend","Aug 11, 2026","2641935.07","24.94","1.83","-0.2","Moving Up","","",,="9/9","<1","false","Swing"
"ASML","ASML Holding N.V. New York Registry Shares","Technology","Semiconductor Equipment & Materials","1810.07","52.31","Buy","Aug 13, 2026","Uptrend","Aug 12, 2026","1849859.33","168.71","0.95","0.59","Moving Up","M1S1","",,="9/9","<1","false","Swing"
"AVPT","AvePoint, Inc. Class A Common Stock","Technology","Software - Infrastructure","13.02","71.18","Sell","Aug 13, 2026","Uptrend","Jun 29, 2026","2234083.27","172.95","4.31","-0.84","Moving Down","M1S1","",,="7/9","<1","false","Swing"
"BABA","Alibaba Group Holding Limited American Depositary Shares each representing eight Ordinary share","Discretionary","Internet Retail","125.22","62.61","Sell","Aug 13, 2026","Uptrend","Jul 30, 2026","11146419.73","11.2","5.06","-2.06","Moving Down","","",,="5/9","<1","false","Swing"
"BANR","Banner Corporation Common Stock","Financials","Banks - Regional","73.42","68.28","Buy","Aug 13, 2026","Uptrend","Jun 09, 2026","399144.33","-5.11","0.36","0.91","Moving Up","M1S1","",,="9/9","<1","false","Swing"
"BATRK","Atlanta Braves Holdings, Inc. Series C Common Stock","Communication","Entertainment","53","31.44","Buy","Aug 13, 2026","Uptrend","Aug 12, 2026","495951.2","48.32","1.83","4","Moving Up","","",,="8/9","<1","false","Swing"
"BEKE","KE Holdings Inc American Depositary Shares (each representing three Class A Ordinary Shares)","Real Estate","Real Estate Services","17.42","59.74","Sell","Aug 13, 2026","Uptrend","Jul 27, 2026","3295901.8","36.1","10.15","2.71","Moving Down","","",,="5/9","<1","false","Swing"
"BELFA","Bel Fuse Inc. Class A Common Stock","Technology","Electronic Components","237.51","37.92","Buy","Aug 13, 2026","Uptrend","Aug 12, 2026","185203.73","189.95","0.32","1.33","Moving Up","M1S1","",,="9/9","<1","false","Swing"
"BILI","Bilibili Inc. American Depositary Shares","Communication","Internet Content & Information","17.61","33.72","Sell","Aug 13, 2026","Neutral","Aug 11, 2026","2124505.23","-41.14","5.04","-2.11","Moving Down","","",,="5/9","<1","false","Swing"
"BILL","BILL Holdings, Inc. Common Stock","Technology","Software - Application","48.7","75.21","Sell","Aug 13, 2026","Uptrend","Jul 01, 2026","2319335.23","-12.15","10.59","-1.58","Moving Down","M1S1","",,="7/9","<1","false","Swing"
"BLW","Blackrock Limited Duration Income Trust","Financials","Closed-End Fund - Debt","12.8","53.35","Buy","Aug 13, 2026","Uptrend","Aug 10, 2026","168294.3","12.72","1.2","1.51","Moving Up","M1S1","",,="8/9","<1","false","Swing"
"BNED","Barnes & Noble Education, Inc Common Stock","Discretionary","Specialty Retail","12.05","58.04","Sell","Aug 13, 2026","Uptrend","May 29, 2026","323341.47","-440.25","0.68","-4.14","Moving Down","","",,="5/9","<1","false","Swing"
"BTU","Peabody Energy Corporation Common Stock ","Energy","Thermal Coal","24.66","43.56","Buy","Aug 13, 2026","Uptrend","Aug 10, 2026","2462306.17","-173.57","0.13","1.02","Moving Up","M1S1","",,="9/9","<1","false","Swing"
"BUD","Anheuser-Busch Inbev SA Sponsored ADR (Belgium)","Staples","Beverages - Brewers","79.19","70.14","Sell","Aug 13, 2026","Downtrend","Aug 12, 2026","1878352.83","48.01","39.71","-1.76","Moving Down","","",,="4/9","<1","false","Swing"
"BZ","KANZHUN LIMITED American Depository Shares","Communication","Internet Content & Information","16.09","73.45","Sell","Aug 13, 2026","Uptrend","Jul 13, 2026","2997427.8","54.3","10.64","-3.94","Moving Down","","",,="6/9","<1","false","Swing"
"CAPL","CrossAmerica Partners LP Common Units representing limited partner interests","Energy","Oil & Gas Refining & Marketing","23.3","46.3","Buy","Aug 13, 2026","Uptrend","Aug 12, 2026","37911.47","-154.18","0.17","3.83","Moving Up","M1S1","",,="8/9","<1","false","Swing"
"CBAN","Colony Bankcorp, Inc. Common Stock","Financials","Banks - Regional","22.01","75.65","Sell","Aug 13, 2026","Uptrend","Jul 16, 2026","252229.47","99.91","4.28","-0.23","Moving Down","M1S1","",,="7/9","<1","false","Swing"
"CBRE","CBRE Group Inc Common Stock Class A","Real Estate","Real Estate Services","147.4","69.95","Sell","Aug 13, 2026","Uptrend","Jul 24, 2026","1685527.63","46.4","1.01","-0.04","Moving Down","","",,="5/9","<1","false","Swing"
"CEE","The Central and Eastern Europe Fund, Inc. (The) Common Stock","Financials","Closed-End Fund - Foreign","21.47","52.96","Sell","Aug 13, 2026","Uptrend","Aug 06, 2026","23818.07","52.42","16.21","1.04","Moving Down","M1S1","",,="7/9","<1","false","Swing"
"CFG","Citizens Financial Group, Inc. Common Stock","Financials","Banks - Regional","73.91","61.17","Buy","Aug 13, 2026","Uptrend","Jun 05, 2026","4244026.13","129.04","4.23","1.26","Moving Up","M1S1","",,="9/9","<1","false","Swing"
"CG","The Carlyle Group Inc. Common Stock","Financials","Asset Management","48.27","72.94","Sell","Aug 13, 2026","Uptrend","Jul 30, 2026","3330368.93","153.31","8.06","-0.19","Moving Down","M1S1","",,="7/9","<1","false","Swing"
"CGNX","Cognex Corporation Common Stock","Technology","Scientific & Technical Instruments","60.67","57.65","Sell","Aug 13, 2026","Downtrend","Aug 12, 2026","2255365.77","37.06","10.82","-3.55","Moving Down","M1S1","",,="6/9","<1","false","Swing"
"CHE","Chemed Corp","Health Care","Medical Care Facilities","541.02","86.04","Sell","Aug 13, 2026","Uptrend","Jun 16, 2026","165065.67","-12.18","0.24","0.72","Moving Down","M1S1","",,="7/9","<1","false","Swing"
"CHMG","Chemung Financial Corp Common Stock","Financials","Banks - Regional","83.17","85.35","Sell","Aug 13, 2026","Uptrend","Apr 08, 2026","68339.23","44.74","0.84","1.2","Moving Down","M1S1","",,="7/9","<1","false","Swing"
"CHWY","Chewy, Inc. Class A Common Stock","Discretionary","Internet Retail","22.35","58.55","Sell","Aug 13, 2026","Uptrend","Jul 27, 2026","7684844.63","-43.33","7.5","-0.53","Moving Down","","",,="5/9","<1","false","Swing"
"CNM","Core & Main, Inc. Class A Common Stock","Industrials","Industrial Distribution","46.06","61.91","Sell","Aug 13, 2026","Neutral","Aug 12, 2026","2006093.93","-55.3","0.14","-1.22","Moving Down","","",,="6/9","<1","false","Swing"
"CNXC","Concentrix Corporation Common Stock","Technology","Information Technology Services","24.51","67.41","Sell","Aug 13, 2026","Neutral","Aug 12, 2026","1447082","-53.08","6.49","-4.59","Moving Down","M1S1","",,="6/9","<1","false","Swing"
"CRNX","Crinetics Pharmaceuticals, Inc. Common Stock","Health Care","Biotechnology","84.46","76.15","Sell","Aug 13, 2026","Uptrend","Jun 26, 2026","6436903.6","312.97","2.89","0.12","Moving Down","M1S1","",,="7/9","<1","false","Swing"
"CTRN","Citi Trends, Inc. Common Stock","Discretionary","Apparel Retail","74.02","82.35","Buy","Aug 13, 2026","Uptrend","Jun 10, 2026","139060.87","-22.49","0.32","-2.84","Moving Up","","",,="7/9","<1","false","Swing"
"CVLT","Commvault Systems, Inc. Common Stock","Technology","Software - Application","141.74","53.2","Buy","Aug 13, 2026","Uptrend","Aug 12, 2026","698019.1","-14.79","0.31","1.66","Moving Up","M1S1","",,="9/9","<1","false","Swing"
"CZR","Caesars Entertainment, Inc. Common Stock","Discretionary","Resorts & Casinos","29.63","72.22","Sell","Aug 13, 2026","Uptrend","Aug 04, 2026","4088984.43","-41.58","4.41","-0.37","Moving Down","","",,="4/9","<1","false","Swing"
"DAC","Danaos Corporation Common Stock","Industrials","Marine Shipping","139.81","84.56","Sell","Aug 13, 2026","Uptrend","Jul 20, 2026","111157.03","1774.04","3.2","3.55","Moving Down","","",,="7/9","<1","false","Swing"
"DASH","DoorDash, Inc. Class A Common Stock","Discretionary","Internet Retail","212.49","81.73","Sell","Aug 13, 2026","Uptrend","Jul 28, 2026","4063407.8","183","3.96","0.23","Moving Down","","",,="5/9","<1","false","Swing"
"DOO","BRP Inc. Common Subordinate Voting Shares","Discretionary","Recreational Vehicles","63.88","54.59","Sell","Aug 13, 2026","Uptrend","Jul 22, 2026","187729.23","17.09","7.59","-2.08","Moving Down","","",,="5/9","<1","false","Swing"
"DPZ","Domino's Pizza Inc Common Stock","Discretionary","Restaurants","353.72","78.89","Sell","Aug 13, 2026","Uptrend","Jul 16, 2026","920591.87","75.43","10.57","-1.01","Moving Down","","",,="5/9","<1","false","Swing"
"DXC","DXC Technology Company Common Stock ","Technology","Information Technology Services","10.68","91.69","Sell","Aug 13, 2026","Uptrend","Jul 24, 2026","4143934.43","-112.92","2.2","-1.2","Moving Down","M1S1","",,="7/9","<1","false","Swing"
"EFC","Ellington Financial Inc. Common Stock ","Real Estate","REIT - Mortgage","13.62","64.96","Buy","Aug 13, 2026","Uptrend","Aug 12, 2026","1177860.77","5.7","0.51","0.15","Moving Up","","",,="6/9","<1","false","Swing"
"ELV","Elevance Health, Inc. Common Stock","Health Care","Healthcare Plans","399.14","53.49","Buy","Aug 13, 2026","Uptrend","Aug 12, 2026","1386111.83","4.12","0.33","2.25","Moving Up","M1S1","",,="9/9","<1","false","Swing"
"EMF","Templeton Emerging Markets Fund Common Stock","Financials","Closed-End Fund - Foreign","22.18","42.71","Buy","Aug 13, 2026","Uptrend","Aug 12, 2026","36877.37","73.12","1.89","2.02","Moving Up","M1S1","",,="9/9","<1","false","Swing"
"ENSG","The Ensign Group, Inc. Common Stock","Health Care","Medical Care Facilities","181.62","62.64","Sell","Aug 13, 2026","Uptrend","Jul 24, 2026","457732.47","363.15","3.4","0.79","Moving Down","M1S1","",,="7/9","<1","false","Swing"
"EQNR","Equinor ASA","Energy","Oil & Gas Integrated","40.99","58.91","Buy","Aug 13, 2026","Uptrend","Jul 14, 2026","3691562.3","13.36","0.4","0.15","Moving Up","M1S1","",,="8/9","<1","false","Swing"
"ETD","Ethan Allen Interiors Inc. Common Stock","Discretionary","Furnishings Fixtures & Appliances","22.6","76.92","Sell","Aug 13, 2026","Uptrend","Jul 10, 2026","472585.13","-57.04","0.21","-4.52","Moving Down","","",,="5/9","<1","false","Swing"
"EXPD","Expeditors International of Washington, Inc. Common Stock","Industrials","Integrated Freight & Logistics","184.47","79.43","Buy","Aug 13, 2026","Uptrend","May 05, 2026","1266447.73","-24.62","0.31","4.1","Moving Up","","",,="9/9","<1","false","Swing"
"EYPT","EyePoint, Inc. Common Stock","Health Care","Biotechnology","13.53","33.87","Buy","Aug 13, 2026","Uptrend","Aug 12, 2026","1687779.4","115.44","42.8","3.68","Moving Up","M1S1","",,="9/9","<1","false","Swing"
"FA","First Advantage Corporation Common Stock","Industrials","Specialty Business Services","20.99","89.87","Sell","Aug 13, 2026","Uptrend","Apr 13, 2026","2201602.7","-21.78","0.23","-0.85","Moving Down","","",,="7/9","<1","false","Swing"
"FISI","Financial Institutions, Inc. Common Stock","Financials","Banks - Regional","41.87","73.49","Sell","Aug 13, 2026","Uptrend","Apr 02, 2026","152091.3","22.12","0.78","0.55","Moving Down","M1S1","",,="7/9","<1","false","Swing"
"FISV","Fiserv, Inc. Common Stock","Technology","Information Technology Services","51.56","45.66","Sell","Aug 13, 2026","Neutral","Aug 07, 2026","7721932.77","47.93","5.01","-2.2","Moving Down","M1S1","",,="6/9","<1","false","Swing"
"FRSH","Freshworks Inc. Class A Common Stock","Technology","Software - Application","11.645","83.21","Sell","Aug 13, 2026","Uptrend","Jul 24, 2026","15113732.7","-6.21","31.53","-2.72","Moving Down","M1S1","",,="6/9","<1","false","Swing"
"FUTU","Futu Holdings Limited American Depositary Shares","Financials","Capital Markets","105.16","43.52","Sell","Aug 13, 2026","Neutral","Aug 11, 2026","1332977.9","287.43","14.49","0","Moving Down","M1S1","",,="6/9","<1","false","Swing"
"FVCB","FVCBankcorp, Inc. Common Stock","Financials","Banks - Regional","18.73","76.22","Sell","Aug 13, 2026","Uptrend","May 21, 2026","104812.67","-1.38","0.27","0.7","Moving Down","M1S1","",,="7/9","<1","false","Swing"
"FWONA","Liberty Media Corporation Series A Liberty Formula One Common Stock","Communication","Entertainment","94.65","64.4","Buy","Aug 13, 2026","Uptrend","Jun 16, 2026","166124.97","-23.35","0.3","1.3","Moving Up","","",,="8/9","<1","false","Swing"
"GABC","German American Bancorp, Inc. Common Stock","Financials","Banks - Regional","50.88","86.02","Sell","Aug 13, 2026","Uptrend","Jun 04, 2026","161884.2","73.44","2.94","1.09","Moving Down","M1S1","",,="7/9","<1","false","Swing"
"GBAB","Guggenheim Taxable Municipal Bond & Investment Grade Debt Trust Common Shares of Beneficial Interest","Financials","Closed-End Fund - Debt","14.12","39.06","Buy","Aug 13, 2026","Uptrend","Aug 12, 2026","85512.8","-3.92","3.46","0.36","Moving Up","M1S1","",,="8/9","<1","false","Swing"
"GDOT","Green Dot Corporation Class A Common Stock, $0.001 par value","Financials","Credit Services","13.45","56.04","Buy","Aug 13, 2026","Uptrend","Aug 05, 2026","378032.53","-24.41","6.55","0.3","Moving Up","M1S1","",,="9/9","<1","false","Swing"
"GILD","Gilead Sciences, Inc. Common Stock","Health Care","Drug Manufacturers - General","135.87","52.04","Buy","Aug 13, 2026","Uptrend","Aug 07, 2026","6874629.43","53.15","1.19","0.07","Moving Up","M1S1","",,="8/9","<1","false","Swing"
"GMAB","Genmab A/S ADS","Health Care","Biotechnology","31.42","80.2","Buy","Aug 13, 2026","Uptrend","Jun 30, 2026","2159335.07","64.04","4.82","1.85","Moving Up","M1S1","",,="9/9","<1","false","Swing"
"GPGI","GPGI, Inc. Class A Common Stock","Industrials","Metal Fabrication","13.28","40.07","Sell","Aug 13, 2026","Downtrend","Aug 12, 2026","1349705.1","-40.06","0.24","-6.28","Moving Down","","",,="6/9","<1","false","Swing"
"GPN","Global Payments Inc. Common Stock","Technology","Software - Infrastructure","88.53","92.65","Sell","Aug 13, 2026","Uptrend","Jun 29, 2026","3248374.77","-53.27","3.1","3.11","Moving Down","M1S1","",,="6/9","<1","false","Swing"
"GSHD","Goosehead Insurance, Inc. Class A Common Stock","Financials","Insurance Brokers","65.55","95.81","Sell","Aug 13, 2026","Uptrend","Jun 24, 2026","578547.63","-32.2","2.04","0.37","Moving Down","M1S1","",,="7/9","<1","false","Swing"
"HBCP","Home Bancorp, Inc. Common Stock","Financials","Banks - Regional","72.08","71.69","Sell","Aug 13, 2026","Uptrend","May 20, 2026","104736","28.9","0.71","0.56","Moving Down","M1S1","",,="7/9","<1","false","Swing"
"HON","Honeywell International Inc. Common Stock","Industrials","Conglomerates","235.34","75.96","Sell","Aug 13, 2026","Uptrend","Aug 12, 2026","3668421.07","-47.15","0.16","2.27","Moving Down","","",,="7/9","<1","false","Swing"
"HSIC","Henry Schein, Inc. Common Stock","Health Care","Medical Distribution","90.74","74.01","Buy","Aug 13, 2026","Uptrend","May 27, 2026","1333585.87","-33.67","0.16","1.75","Moving Up","M1S1","",,="8/9","<1","false","Swing"
"HTB","HomeTrust Bancshares, Inc. Common Stock","Financials","Banks - Regional","49.8","69.06","Sell","Aug 13, 2026","Uptrend","Apr 02, 2026","129737.23","67.44","2.01","0.1","Moving Down","M1S1","",,="7/9","<1","false","Swing"
"HTHT","H World Group Limited American Depositary Shares","Discretionary","Lodging","41.25","52.78","Sell","Aug 13, 2026","Downtrend","Aug 12, 2026","1418248.53","-69.64","0","-0.84","Moving Down","","",,="4/9","<1","false","Swing"
"HWM","Howmet Aerospace Inc. Common Stock","Industrials","Aerospace & Defense","281.63","62.12","Sell","Aug 13, 2026","Uptrend","Jun 12, 2026","2021512.23","354.1","0.96","0.1","Moving Down","","",,="7/9","<1","false","Swing"
"IBEX","IBEX Limited Common Shares","Technology","Information Technology Services","35.13","62.76","Sell","Aug 13, 2026","Uptrend","Jul 02, 2026","96170.63","95.34","3.96","-4.25","Moving Down","M1S1","",,="7/9","<1","false","Swing"
"ICE","Intercontinental Exchange Inc. Common Stock","Financials","Financial Data & Stock Exchanges","151.33","84.7","Sell","Aug 13, 2026","Uptrend","Jul 22, 2026","4314017.83","94.63","3.96","0.05","Moving Down","M1S1","",,="7/9","<1","false","Swing"
"IMVT","Immunovant, Inc. Common Stock","Health Care","Biotechnology","42.6","61.95","Buy","Aug 13, 2026","Uptrend","May 20, 2026","1017632.97","-166.73","0.12","4.08","Moving Up","M1S1","",,="8/9","<1","false","Swing"
"INVH","Invitation Homes Inc. Common Stock","Real Estate","REIT - Residential","29.78","72.17","Sell","Aug 13, 2026","Uptrend","Jul 28, 2026","3975045.43","-50.55","1.82","-0.03","Moving Down","","",,="5/9","<1","false","Swing"
"IOT","Samsara Inc. Class A Common Stock","Technology","Software - Infrastructure","39.34","86.59","Sell","Aug 13, 2026","Uptrend","Jul 27, 2026","5386947.1","17.49","116.46","-2.43","Moving Down","M1S1","",,="7/9","<1","false","Swing"
"IR","Ingersoll Rand Inc. Common Stock","Industrials","Specialty Industrial Machinery","84.76","88.87","Sell","Aug 13, 2026","Uptrend","Jul 10, 2026","4168937.4","38.54","1.64","-0.31","Moving Down","","",,="7/9","<1","false","Swing"
"JMSB","John Marshall Bancorp, Inc. Common Stock","Financials","Banks - Regional","23.21","79.54","Sell","Aug 13, 2026","Uptrend","Jun 04, 2026","33675.27","-12.78","0.25","-0.09","Moving Down","M1S1","",,="7/9","<1","false","Swing"
"KROS","Keros Therapeutics, Inc. Common Stock","Health Care","Biotechnology","11.2","50.19","Buy","Aug 13, 2026","Uptrend","Aug 12, 2026","219093.73","-164.92","1.49","5.26","Moving Up","M1S1","",,="8/9","<1","false","Swing"
"KRUS","Kura Sushi USA, Inc. Class A Common Stock","Discretionary","Restaurants","52.43","68.75","Buy","Aug 13, 2026","Uptrend","Aug 12, 2026","279904.07","-17.19","0.01","6.13","Moving Up","","",,="7/9","<1","false","Swing"
"KYMR","Kymera Therapeutics, Inc. Common Stock","Health Care","Biotechnology","114.03","52.26","Buy","Aug 13, 2026","Uptrend","Aug 12, 2026","665869.57","212.59","2.58","4.02","Moving Up","M1S1","",,="8/9","<1","false","Swing"
"LNC","Lincoln National Corporation Common Stock","Financials","Insurance - Life","44.1","85.59","Sell","Aug 13, 2026","Uptrend","Jul 01, 2026","2056069.7","-30.13","2.11","-0.74","Moving Down","M1S1","",,="7/9","<1","false","Swing"
"LNG","Cheniere Energy, Inc. Common Stock","Energy","Oil & Gas Midstream","268.11","50.77","Buy","Aug 13, 2026","Uptrend","Jul 01, 2026","1768470.93","-127.92","0.32","1.01","Moving Up","M1S1","",,="8/9","<1","false","Swing"
"LOPE","Grand Canyon Education, Inc. Common Stock","Staples","Education & Training Services","142.06","42.85","Sell","Aug 13, 2026","Downtrend","Aug 12, 2026","353167.8","26.79","1.94","-1.61","Moving Down","","",,="4/9","<1","false","Swing"
"LYEL","Lyell Immunopharma, Inc. Common Stock","Health Care","Biotechnology","14.17","42.45","Sell","Aug 13, 2026","Neutral","Aug 12, 2026","174498.23","-21.76","14","-4.77","Moving Down","M1S1","",,="6/9","<1","false","Swing"
"MBIN","Merchants Bancorp Common Stock","Financials","Banks - Regional","54.85","70.63","Sell","Aug 13, 2026","Uptrend","Jul 29, 2026","163290.83","72.41","3.07","0.74","Moving Down","M1S1","",,="7/9","<1","false","Swing"
"MS","Morgan Stanley Common Stock","Financials","Capital Markets","217.64","55.11","Buy","Aug 13, 2026","Uptrend","Aug 12, 2026","5476202.87","188.12","1.48","1.19","Moving Up","M1S1","",,="8/9","<1","false","Swing"
"MTDR","Matador Resources Company Common Stock","Energy","Oil & Gas E&P","52.51","37.89","Buy","Aug 13, 2026","Uptrend","Aug 12, 2026","1982781.73","217.72","1.86","-0.21","Moving Up","M1S1","",,="8/9","<1","false","Swing"
"MTSI","MACOM Technology Solutions Holdings, Inc. Common Stock","Technology","Semiconductors","310.75","51.59","Buy","Aug 13, 2026","Uptrend","Aug 12, 2026","1588201.73","474.28","1.14","3.61","Moving Up","M1S1","",,="9/9","<1","false","Swing"
"MTX","Minerals Technologies Inc. Common Stock","Materials","Specialty Chemicals","72.33","50.82","Sell","Aug 13, 2026","Downtrend","Aug 12, 2026","246905.23","-24.02","0.2","-2.03","Moving Down","","",,="6/9","<1","false","Swing"
"NET","Cloudflare, Inc. Class A Common Stock","Technology","Software - Infrastructure","311.45","72.47","Sell","Aug 13, 2026","Uptrend","Jun 29, 2026","3619000.3","239.64","2.44","1.46","Moving Down","M1S1","",,="7/9","<1","false","Swing"
"NMM","Navios Maritime Partners LP Common Units Representing Limited Partner Interests","Industrials","Marine Shipping","79.63","73.83","Sell","Aug 13, 2026","Uptrend","Jul 20, 2026","105428.03","488.52","3.46","1.56","Moving Down","","",,="7/9","<1","false","Swing"
"NREF","NexPoint Real Estate Finance, Inc. Common Stock","Real Estate","REIT - Mortgage","16.8","86.06","Sell","Aug 13, 2026","Uptrend","Jun 30, 2026","52038.47","-6.77","0.27","1.02","Moving Down","","",,="5/9","<1","false","Swing"
"NTES","NetEase, Inc. American Depositary Shares","Communication","Electronic Gaming & Multimedia","124.11","58.73","Sell","Aug 13, 2026","Neutral","Aug 12, 2026","871630.23","-61.65","0.22","-2.96","Moving Down","","",,="5/9","<1","false","Swing"
"NTRS","Northern Trust Corporation Common Stock","Financials","Asset Management","191.33","68.1","Buy","Aug 13, 2026","Uptrend","Apr 06, 2026","1060477.8","23.13","0.68","1.89","Moving Up","M1S1","",,="9/9","<1","false","Swing"
"NVS","Novartis AG Common Stock","Health Care","Drug Manufacturers - General","152.32","50.15","Sell","Aug 13, 2026","Neutral","Aug 12, 2026","1680812.97","1.52","0.06","-1.48","Moving Down","M1S1","",,="6/9","<1","false","Swing"
"NXST","Nexstar Media Group, Inc. Common Stock","Communication","Broadcasting","185.14","78.26","Sell","Aug 13, 2026","Neutral","Aug 11, 2026","349553.47","94.15","3.81","0.31","Moving Down","","",,="5/9","<1","false","Swing"
"OCC","Optical Cable Corporation Common Stock","Technology","Communication Equipment","16.89","40.78","Buy","Aug 13, 2026","Uptrend","Aug 12, 2026","239531.1","338.08","2.55","5.89","Moving Up","M1S1","",,="8/9","<1","false","Swing"
"OSK","Oshkosh Corporation (Holding Company)Common Stock","Industrials","Farm & Heavy Construction Machinery","155.66","65.27","Buy","Aug 13, 2026","Uptrend","Aug 03, 2026","877197.7","7.85","0.38","-0.08","Moving Up","","",,="8/9","<1","false","Swing"
"OTEX","Open Text Corporation Common Shares","Technology","Software - Application","23.95","85.03","Sell","Aug 13, 2026","Uptrend","Jul 27, 2026","1629885.57","-1.95","69.75","-0.13","Moving Down","M1S1","",,="7/9","<1","false","Swing"
"PAXS","PIMCO Access Income Fund Common Shares of Beneficial Interest","Financials","Closed-End Fund - Debt","14.37","53.8","Buy","Aug 13, 2026","Uptrend","Aug 12, 2026","172538.6","0.31","0.06","0","Moving Down","M1S1","",,="8/9","<1","false","Swing"
"PCTY","Paylocity Holding Corporation Common Stock","Technology","Software - Application","145.67","95.57","Sell","Aug 13, 2026","Uptrend","Jul 02, 2026","778977.83","81.32","18.02","0.43","Moving Down","M1S1","",,="7/9","<1","false","Swing"
"PGY","Pagaya Technologies Ltd. Class A Ordinary Shares","Technology","Software - Infrastructure","20.31","56.9","Sell","Aug 13, 2026","Uptrend","Jul 30, 2026","3220324.3","129.12","7.35","-4.2","Moving Down","M1S1","",,="7/9","<1","false","Swing"
"PPG","PPG Industries, Inc. Common Stock","Materials","Specialty Chemicals","114.6","71.61","Sell","Aug 13, 2026","Downtrend","Aug 12, 2026","1845355.7","-40.55","0.74","-1.34","Moving Up","","",,="7/9","<1","false","Swing"
"PTY","Pimco Corporate & Income Opportunity Fund","Financials","Closed-End Fund - Debt","11.84","46.45","Buy","Aug 13, 2026","Neutral","Aug 12, 2026","1122068.53","17.41","3.85","-0.08","Moving Up","M1S1","",,="8/9","<1","false","Swing"
"PVH","PVH Corp. Common Stock","Discretionary","Apparel Manufacturing","81.59","81.59","Sell","Aug 13, 2026","Neutral","Aug 12, 2026","874731.43","12.66","4.66","-3.85","Moving Down","","",,="4/9","<1","false","Swing"
"QTWO","Q2 Holdings, Inc. Common Stock","Technology","Software - Application","62.55","81.27","Sell","Aug 13, 2026","Uptrend","Jun 30, 2026","911006.7","11.38","5.01","-1.28","Moving Down","M1S1","",,="7/9","<1","false","Swing"
"RAND","Rand Capital Corporation Common Stock","Financials","Asset Management","10.055","33.84","Sell","Aug 13, 2026","Downtrend","Aug 12, 2026","1867.77","-16.88","0.2","-1.03","Moving Up","M1S1","",,="7/9","<1","false","Swing"
"RBCAA","Republic Bancorp, Inc. Class A Common Stock","Financials","Banks - Regional","97.11","85.38","Sell","Aug 13, 2026","Uptrend","Mar 31, 2026","113456.93","171.22","3.13","-1.98","Moving Down","M1S1","",,="7/9","<1","false","Swing"
"RJET","Republic Airways Holdings Inc. Common Stock","Industrials","Airlines","20.55","63.41","Sell","Aug 13, 2026","Uptrend","Jul 30, 2026","104868.9","-78.52","3.32","-1.44","Moving Down","","",,="7/9","<1","false","Swing"
"RSF","RiverNorth Capital and Income Fund Common Stock","Financials","Asset Management","14.6","38.17","Buy","Aug 13, 2026","Uptrend","Aug 12, 2026","9508.37","-10.33","0.24","0.27","Moving Up","M1S1","",,="8/9","<1","false","Swing"
"SFBC","Sound Financial Bancorp, Inc. Common Stock","Financials","Banks - Regional","46.67","71.88","Sell","Aug 13, 2026","Uptrend","Jul 22, 2026","16491.83","50.85","3.67","0.52","Moving Down","M1S1","",,="7/9","<1","false","Swing"
"SIG","Signet Jewelers Limited Common Shares","Discretionary","Luxury Goods","92.53","65.9","Sell","Aug 13, 2026","Uptrend","Jul 16, 2026","677416.67","150.24","1.02","-2.31","Moving Down","","",,="5/9","<1","false","Swing"
"SKYW","SkyWest, Inc. Common Stock","Industrials","Airlines","107.23","73.46","Sell","Aug 13, 2026","Uptrend","Jun 11, 2026","431331.33","109","4.73","-0.64","Moving Down","","",,="7/9","<1","false","Swing"
"SMTC","Semtech Corporation Common Stock","Technology","Semiconductors","140","44.17","Buy","Aug 13, 2026","Uptrend","Aug 12, 2026","2394751.3","213.46","4.12","6.72","Moving Up","M1S1","",,="9/9","<1","false","Swing"
"SNOW","Snowflake Inc. Common Stock","Technology","Software - Application","332.26","76.12","Sell","Aug 13, 2026","Uptrend","May 15, 2026","4943424.87","114.78","5.44","-0.56","Moving Down","M1S1","",,="7/9","<1","false","Swing"
"ST","Sensata Technologies Holding plc Ordinary Shares","Technology","Scientific & Technical Instruments","46.15","75.64","Sell","Aug 13, 2026","Neutral","Aug 10, 2026","1644733.83","-39.88","1.25","-0.17","Moving Up","M1S1","",,="7/9","<1","false","Swing"
"SUPN","Supernus Pharmaceuticals, Inc. Common Stock","Health Care","Drug Manufacturers - Specialty & Generic","47.87","34.08","Buy","Aug 13, 2026","Uptrend","Aug 12, 2026","978572.37","7.44","0.22","2.11","Moving Up","M1S1","",,="8/9","<1","false","Swing"
"TEO","Telecom Argentina SA","Communication","Telecom Services","13.5","45.96","Sell","Aug 13, 2026","Uptrend","Jul 21, 2026","240410.7","39.4","3.49","0","Moving Down","","",,="6/9","<1","false","Swing"
"THG","Hanover Insurance Group Inc","Financials","Insurance - Property & Casualty","222.18","93.7","Sell","Aug 13, 2026","Uptrend","Jun 05, 2026","326852.53","-25.31","0.27","0.11","Moving Down","M1S1","",,="7/9","<1","false","Swing"
"THRM","Gentherm Inc Common Stock","Discretionary","Auto Parts","41.41","84.24","Sell","Aug 13, 2026","Uptrend","Jul 10, 2026","461516.5","-16.57","1.71","0","Moving Down","","",,="5/9","<1","false","Swing"
"TJX","TJX Companies, Inc. (The) Common Stock","Discretionary","Apparel Retail","152.61","54.26","Sell","Aug 13, 2026","Neutral","Aug 11, 2026","4818301.63","31.48","0.5","-2.01","Moving Down","","",,="4/9","<1","false","Swing"
"TSM","Taiwan Semiconductor Manufacturing Company Ltd.","Technology","Semiconductors","429.15","36.48","Buy","Aug 13, 2026","Uptrend","Aug 12, 2026","14137267.6","164.32","0.7","1.68","Moving Up","M1S1","",,="9/9","<1","false","Swing"
"UBSI","United Bankshares, Inc. Common Stock","Financials","Banks - Regional","48.9","75.53","Sell","Aug 13, 2026","Uptrend","Jun 04, 2026","966472.27","83.4","6.26","0.82","Moving Down","M1S1","",,="7/9","<1","false","Swing"
"UL","Unilever PLC American Depositary Shares (each representing One Ordinary Share)","Staples","Household & Personal Products","61.72","67.36","Sell","Aug 13, 2026","Uptrend","Jun 23, 2026","4409450.3","40.84","6.86","-1.04","Moving Down","","",,="5/9","<1","false","Swing"
"VALU","Value Line, Inc. Common Stock","Financials","Financial Data & Stock Exchanges","38.32","62.94","Buy","Aug 13, 2026","Uptrend","Aug 12, 2026","3010.03","-567.08","0.03","-4.18","Moving Up","M1S1","",,="9/9","<1","false","Swing"
"VCV","Invesco California Value Municipal Income Trust Common Stock","Financials","Closed-End Fund - Debt","10.73","54.12","Buy","Aug 13, 2026","Uptrend","Aug 12, 2026","98297.13","24.12","4.66","0","Moving Up","M1S1","",,="8/9","<1","false","Swing"
"VGM","Invesco Trust for Investment Grade Municipals Common Stock (DE)","Financials","Closed-End Fund - Debt","10.44","57.33","Buy","Aug 13, 2026","Uptrend","Aug 12, 2026","135614.63","-10.47","0.21","0.19","Moving Up","M1S1","",,="8/9","<1","false","Swing"
"VIPS","Vipshop Holdings Limited American Depositary Shares, each representing two ordinary shares","Discretionary","Internet Retail","14.45","65.95","Sell","Aug 13, 2026","Neutral","Aug 12, 2026","2006379.37","47.12","65.71","-3.6","Moving Down","","",,="4/9","<1","false","Swing"
"VNT","Vontier Corporation Common Stock ","Technology","Scientific & Technical Instruments","33.42","73.38","Sell","Aug 13, 2026","Uptrend","Jul 24, 2026","1606891.9","38.49","1.42","-1.94","Moving Down","M1S1","",,="7/9","<1","false","Swing"
"WMT","Walmart Inc. Common Stock","Staples","Discount Stores","116.01","31.83","Buy","Aug 13, 2026","Uptrend","Aug 12, 2026","22048731.67","96.72","1.09","2.43","Moving Up","","",,="7/9","<1","false","Swing"
"ZG","Zillow Group, Inc. Class A Common Stock","Communication","Internet Content & Information","33.49","61.61","Sell","Aug 13, 2026","Neutral","Aug 06, 2026","1292123.1","-53.7","1.75","-2.26","Moving Down","","",,="5/9","<1","false","Swing"
"ZUMZ","Zumiez Inc. Common Stock","Discretionary","Apparel Retail","18.82","70.55","Sell","Aug 13, 2026","Neutral","Aug 10, 2026","235376.6","-11.94","12.71","-1.36","Moving Down","","",,="4/9","<1","false","Swing"
"AA","Alcoa Corporation Common Stock ","Materials","Aluminum","51.22","55.96","Buy","Aug 12, 2026","Neutral","Aug 12, 2026","6114148.47","-97.53","0.07","-5.29","Moving Up","","",,="8/9","<1","false","Swing"
"AAL","American Airlines Group Inc. Common Stock","Industrials","Airlines","14.93","55.24","Sell","Aug 12, 2026","Downtrend","Aug 11, 2026","102721811.73","-26.31","6.29","-2.35","Moving Down","","Negative",,="6/9","<1","false","Swing"
"AAP","Advance Auto Parts Inc.","Discretionary","Auto Parts","53.52","56.16","Sell","Aug 12, 2026","Downtrend","Aug 11, 2026","1541636","-6.08","34.38","1.08","Moving Down","","",,="4/9","<1","false","Swing"
"ACNB","ACNB Corporation Common Stock","Financials","Banks - Regional","64.52","76.73","Sell","Aug 12, 2026","Uptrend","Apr 27, 2026","68248.3","6.49","0.13","0.16","Moving Down","M1S1","",,="7/9","<1","false","Swing"
"ACNT","Ascent Industries Co. Common Stock","Materials","Chemicals","14.75","70.46","Sell","Aug 12, 2026","Neutral","Aug 12, 2026","46800.97","2.7","0.51","-3.78","Moving Down","","",,="6/9","<1","false","Swing"
"ACT","Enact Holdings, Inc. Common Stock","Financials","Insurance - Specialty","49.38","87.46","Buy","Aug 12, 2026","Uptrend","Jun 16, 2026","371468.53","-5.27","0.37","0.53","Moving Up","M1S1","",,="9/9","<1","false","Swing"
"ALB","Albemarle Corporation Common Stock","Materials","Specialty Chemicals","128.34","48.66","Buy","Aug 12, 2026","Neutral","Aug 11, 2026","2195913.3","133.45","5.06","-0.79","Moving Up","","",,="8/9","<1","false","Swing"
"ALKT","Alkami Technology, Inc. Common Stock","Technology","Software - Application","20.21","87.7","Sell","Aug 12, 2026","Uptrend","Jul 27, 2026","1471631.87","-3.44","0.23","1.92","Moving Down","M1S1","",,="7/9","<1","false","Swing"
"ALL","Allstate Corporation (The) Common Stock","Financials","Insurance - Property & Casualty","255.84","90.42","Sell","Aug 12, 2026","Uptrend","Jun 09, 2026","1703114.03","21.01","0.4","-2.44","Moving Down","M1S1","",,="7/9","<1","false","Swing"
"ALRM","Alarm.com Holdings, Inc. Common Stock","Technology","Software - Application","55.46","77.51","Sell","Aug 12, 2026","Uptrend","Jun 29, 2026","419932.27","127.63","14.67","-1.61","Moving Down","M1S1","",,="7/9","<1","false","Swing"
"AMCR","Amcor plc Ordinary Shares","Discretionary","Packaging & Containers","46.56","83.84","Sell","Aug 12, 2026","Uptrend","Jun 11, 2026","3635671.13","-47.89","0.74","-1.77","Moving Down","","Positive",,="5/9","<1","false","Swing"
"ARLO","Arlo Technologies, Inc. Common Stock","Industrials","Building Products & Equipment","13.93","64.52","Sell","Aug 12, 2026","Uptrend","Jul 27, 2026","1278216.3","-73.23","0.11","-5.43","Moving Down","","",,="7/9","<1","false","Swing"
"ASO","Academy Sports and Outdoors, Inc. Common Stock","Discretionary","Specialty Retail","49.24","43.11","Buy","Aug 12, 2026","Uptrend","Aug 10, 2026","1225071.47","45.61","71.08","-0.65","Moving Up","","",,="7/9","<1","false","Swing"
"ATLC","Atlanticus Holdings Corporation Common Stock","Financials","Credit Services","97.37","56.24","Sell","Aug 12, 2026","Neutral","Aug 10, 2026","175828.4","609.4","1.63","4.14","Moving Down","M1S1","",,="6/9","<1","false","Swing"
"BBN","BlackRock Taxable Municipal Bond Trust Common Shares of Beneficial Interest","Financials","Closed-End Fund - Debt","15.93","48.88","Buy","Aug 12, 2026","Uptrend","Aug 11, 2026","111573.37","-13.15","1.29","-0.06","Moving Up","M1S1","",,="8/9","<1","false","Swing"
"BCRX","BioCryst Pharmaceuticals, Inc. Common Stock","Health Care","Drug Manufacturers - Specialty & Generic","10.59","62.61","Buy","Aug 12, 2026","Uptrend","Aug 11, 2026","3947008.5","-33.45","0.28","2.42","Moving Up","M1S1","",,="8/9","<1","false","Swing"
"BEP","Brookfield Renewable Partners L.P. Limited Partnership Units","Utilities","Utilities - Renewable","34.41","56.52","Buy","Aug 12, 2026","Uptrend","Aug 11, 2026","996041.33","53.87","3.13","0.53","Moving Up","","",,="6/9","<1","false","Swing"
"BGB","Blackstone Strategic Credit 2027 Term Fund Common Shares of Beneficial Interest","Financials","Closed-End Fund - Debt","11.3","54.31","Buy","Aug 12, 2026","Uptrend","Aug 11, 2026","126530.2","35.39","3.18","-0.35","Moving Up","M1S1","",,="8/9","<1","false","Swing"
"BME","Blackrock Health Sciences Trust","Financials","Closed-End Fund - Equity","44.67","73.73","Buy","Aug 12, 2026","Uptrend","Jun 22, 2026","45878.07","9.83","0.53","0.11","Moving Up","M1S1","",,="9/9","<1","false","Swing"
"BOC","Boston Omaha Corporation Class A Common Stock","Industrials","Conglomerates","14.43","73.35","Sell","Aug 12, 2026","Uptrend","May 21, 2026","114728.13","-39.15","5.11","1.48","Moving Down","","",,="7/9","<1","false","Swing"
"BRC","Brady Corporation Common Stock","Industrials","Security & Protection Services","95.12","75.68","Sell","Aug 12, 2026","Uptrend","Jun 17, 2026","165645.6","-27.26","0.25","0.06","Moving Down","","",,="7/9","<1","false","Swing"
"BSY","Bentley Systems, Incorporated Class B Common Stock","Technology","Software - Application","35.73","76.28","Sell","Aug 12, 2026","Uptrend","Jul 27, 2026","2771412.53","-38.87","0.91","-1.43","Moving Down","M1S1","",,="7/9","<1","false","Swing"
"BURL","Burlington Stores, Inc. Common Stock","Discretionary","Apparel Retail","353.63","77.91","Sell","Aug 12, 2026","Uptrend","Jul 14, 2026","640765.3","101.12","5.7","-1.45","Moving Down","","",,="5/9","<1","false","Swing"
"C","Citigroup, Inc. Common Stock","Financials","Banks - Diversified","137.58","50.32","Buy","Aug 12, 2026","Uptrend","Aug 11, 2026","11012015.03","109.54","4.08","1.33","Moving Up","M1S1","",,="9/9","<1","false","Swing"
"CDW","CDW Corporation Common Stock","Technology","Information Technology Services","136.67","71.12","Sell","Aug 12, 2026","Uptrend","Jul 27, 2026","1881467.1","-87.59","0.13","0.96","Moving Down","M1S1","",,="7/9","<1","false","Swing"
"CFBK","CF Bankshares Inc. Common Stock","Financials","Banks - Regional","35.77","86.41","Sell","Aug 12, 2026","Uptrend","May 28, 2026","68758.63","152.92","2.65","0.59","Moving Down","M1S1","",,="7/9","<1","false","Swing"
"CGEM","Cullinan Therapeutics, Inc. Common Stock","Health Care","Biotechnology","19.6","50.45","Buy","Aug 12, 2026","Uptrend","Aug 06, 2026","598340.13","-19.19","0.19","-0.15","Moving Up","M1S1","",,="9/9","<1","false","Swing"
"CGO","Calamos Global Total Return Fund Common Stock","Financials","Closed-End Fund - Equity","13.3","50.53","Buy","Aug 12, 2026","Uptrend","Aug 11, 2026","31946.53","101.27","4.31","0.83","Moving Up","M1S1","",,="9/9","<1","false","Swing"
"CHRD","Chord Energy Corporation Common Stock","Energy","Oil & Gas E&P","137.58","71.77","Buy","Aug 12, 2026","Uptrend","Aug 06, 2026","802007","-25.12","1.55","-1.19","Moving Up","M1S1","",,="8/9","<1","false","Swing"
"CHY","Calamos Convertible and High Income Fund Common Stock","Financials","Closed-End Fund - Debt","13.52","47.42","Buy","Aug 12, 2026","Uptrend","Aug 11, 2026","183153.2","37.95","0.89","1.43","Moving Up","M1S1","",,="8/9","<1","false","Swing"
"CIB","Grupo Cibest S.A. American Depositary Shares each representing four Preferred Shares","Financials","Banks - Regional","95.79","86.75","Buy","Aug 12, 2026","Uptrend","Jun 01, 2026","289109.97","110.52","2.13","-2.27","Moving Up","M1S1","",,="9/9","<1","false","Swing"
"CLBT","Cellebrite DI Ltd. Ordinary Shares","Technology","Software - Infrastructure","15.25","73.28","Sell","Aug 12, 2026","Uptrend","Aug 04, 2026","1433718.67","-87.37","0.17","-4.87","Moving Down","M1S1","",,="7/9","<1","false","Swing"
"CNH","CNH Industrial N.V. Common Shares","Industrials","Farm & Heavy Construction Machinery","10.73","61.45","Sell","Aug 12, 2026","Uptrend","Aug 12, 2026","12857611.13","-57.08","0.28","0.94","Moving Down","","",,="7/9","<1","false","Swing"
"CNS","Cohen & Steers Inc Common Stock","Financials","Asset Management","84.82","84.36","Sell","Aug 12, 2026","Uptrend","Apr 13, 2026","254857.6","154.14","11.79","0.6","Moving Down","M1S1","",,="6/9","<1","false","Swing"
"CNXN","PC Connection, Inc. Common Stock","Technology","Electronics & Computer Distribution","80.26","87","Sell","Aug 12, 2026","Uptrend","Apr 07, 2026","155292.6","-25.43","0.27","-0.66","Moving Down","M1S1","",,="7/9","<1","false","Swing"
"CODA","Coda Octopus Group, Inc. Common stock","Industrials","Aerospace & Defense","10.27","56.74","Sell","Aug 12, 2026","Neutral","Aug 10, 2026","84461.6","-34.16","0.11","0.98","Moving Down","","",,="6/9","<1","false","Swing"
"COGT","Cogent Biosciences, Inc. Common Stock","Health Care","Biotechnology","38.98","41.51","Sell","Aug 12, 2026","Uptrend","Jun 22, 2026","2130759.97","202.51","2","0.72","Moving Down","M1S1","",,="7/9","<1","false","Swing"
"CPS","Cooper-Standard Holdings Inc. Common Stock","Discretionary","Auto Parts","27.57","53.43","Sell","Aug 12, 2026","Downtrend","Aug 12, 2026","179135.33","-126.37","0.53","0.55","Moving Down","","",,="4/9","<1","false","Swing"
"CRC","California Resources Corporation Common Stock","Energy","Oil & Gas E&P","53.47","50.6","Buy","Aug 12, 2026","Neutral","Aug 11, 2026","787803.73","-88.32","0.05","-1.22","Moving Up","M1S1","",,="7/9","<1","false","Swing"
"CTAS","Cintas Corporation Common Stock","Industrials","Specialty Business Services","203.51","80.39","Sell","Aug 12, 2026","Uptrend","Jul 02, 2026","2362921.47","35.53","0.38","-0.86","Moving Down","","",,="7/9","<1","false","Swing"
"CXT","Crane NXT, Co. Common Stock","Industrials","Specialty Industrial Machinery","51.98","79.98","Sell","Aug 12, 2026","Uptrend","Jun 15, 2026","647763.17","-51.93","0.23","1.56","Moving Down","","",,="7/9","<1","false","Swing"
"DBL","DoubleLine Opportunistic Credit Fund Common Shares of Beneficial Interest","Financials","Closed-End Fund - Debt","14.23","48.49","Buy","Aug 12, 2026","Uptrend","Aug 11, 2026","59734","8.2","1.96","-0.28","Moving Up","M1S1","",,="9/9","<1","false","Swing"
"DCBO","Docebo Inc. Common Shares","Technology","Software - Application","22.11","97.54","Buy","Aug 12, 2026","Uptrend","Jul 16, 2026","94603.13","18.59","5.62","-4.12","Moving Up","M1S1","",,="9/9","<1","false","Swing"
"DG","Dollar General Corporation Common Stock","Staples","Discount Stores","119.6","69.5","Sell","Aug 12, 2026","Neutral","Aug 11, 2026","2270359.3","28.4","7.35","-0.39","Moving Down","","",,="4/9","<1","false","Swing"
"DGICA","Donegal Group, Inc. Class A Common Stock","Financials","Insurance - Property & Casualty","18.65","64.77","Sell","Aug 12, 2026","Uptrend","Jun 10, 2026","117622.73","35.22","1.49","-0.16","Moving Down","M1S1","",,="7/9","<1","false","Swing"
"DOW","Dow Inc. Common Stock ","Materials","Chemicals","30.57","54.73","Buy","Aug 12, 2026","Neutral","Aug 12, 2026","10132260.87","-13.66","9.68","-2.21","Moving Up","","",,="8/9","<1","false","Swing"
"EPAM","EPAM Systems, Inc. Common Stock","Technology","Information Technology Services","100.29","80.45","Sell","Aug 12, 2026","Uptrend","Aug 07, 2026","1619247","99.66","8.94","0.39","Moving Down","M1S1","",,="7/9","<1","false","Swing"
"ESAB","ESAB Corporation Common Stock","Industrials","Metal Fabrication","86.05","44.52","Sell","Aug 12, 2026","Downtrend","Aug 11, 2026","648423.73","-53.06","0.66","-2.17","Moving Down","","",,="6/9","<1","false","Swing"
"EXE","Expand Energy Corporation Common Stock","Energy","Oil & Gas E&P","96.28","68.94","Buy","Aug 12, 2026","Uptrend","Aug 06, 2026","3646671.5","-17.07","0.2","-2","Moving Up","M1S1","",,="9/9","<1","false","Swing"
"EXR","Extra Space Storage Inc Common Stock","Real Estate","REIT - Industrial","146.76","64.19","Sell","Aug 12, 2026","Uptrend","Aug 12, 2026","1127250.07","21.85","1.37","0.14","Moving Down","","",,="5/9","<1","false","Swing"
"EYE","National Vision Holdings, Inc. Common Stock","Discretionary","Specialty Retail","19.51","58.02","Sell","Aug 12, 2026","Neutral","Aug 12, 2026","1982728.37","14.65","4.2","-11.56","Moving Down","","",,="4/9","<1","false","Swing"
"FCCO","First Community Corporation Common Stock","Financials","Banks - Regional","34.16","70.67","Sell","Aug 12, 2026","Uptrend","Jun 04, 2026","48147.8","3.6","0.11","1.24","Moving Down","M1S1","",,="7/9","<1","false","Swing"
"FCF","First Commonwealth Financial Corporation Common Stock","Financials","Banks - Regional","21.62","78.24","Sell","Aug 12, 2026","Uptrend","May 21, 2026","823909.57","92.91","3.21","0.37","Moving Down","M1S1","",,="7/9","<1","false","Swing"
"FFC","Flaherty & Crumrine Preferred and Income Securities Fund Incorporated","Financials","Closed-End Fund - Debt","16.23","49.13","Buy","Aug 12, 2026","Uptrend","Aug 07, 2026","81975.93","62.73","11.5","0.06","Moving Up","M1S1","",,="9/9","<1","false","Swing"
"FORM","FormFactor, Inc. FormFactor, Inc. Common Stock","Technology","Semiconductor Equipment & Materials","128.77","65.49","Buy","Aug 12, 2026","Uptrend","Aug 11, 2026","1481127.97","98.08","0.99","6.36","Moving Up","M1S1","",,="9/9","<1","false","Swing"
"FTV","Fortive Corporation Common Stock ","Technology","Scientific & Technical Instruments","61.54","61.57","Buy","Aug 12, 2026","Uptrend","Aug 11, 2026","2636160.4","-39.07","1.52","-0.23","Moving Up","M1S1","",,="9/9","<1","false","Swing"
"GCO","Genesco Inc. Common Stock","Discretionary","Apparel Retail","35.16","56.92","Sell","Aug 12, 2026","Neutral","Aug 12, 2026","165540.37","-57.52","1.17","-4.51","Moving Down","","",,="4/9","<1","false","Swing"
"GDS","GDS Holdings Limited ADS","Technology","Information Technology Services","32.74","41.56","Buy","Aug 12, 2026","Neutral","Aug 11, 2026","1795590.47","-79.52","1.79","0.34","Moving Up","M1S1","",,="8/9","<1","false","Swing"
"GFL","GFL Environmental Inc. Subordinate voting shares, no par value","Industrials","Waste Management","40.87","88.49","Sell","Aug 12, 2026","Uptrend","Jul 01, 2026","2617194.93","-87.05","0.12","-1.09","Moving Down","","",,="6/9","<1","false","Swing"
"GHC","Graham Holdings Company Common Stock","Industrials","Conglomerates","1187.38","68.08","Sell","Aug 12, 2026","Uptrend","Jul 27, 2026","20985.47","24.78","0.66","1.15","Moving Down","","",,="7/9","<1","false","Swing"
"GIS","General Mills, Inc. Common Stock","Staples","Packaged Foods","38.18","75.04","Buy","Aug 12, 2026","Uptrend","Aug 07, 2026","9936907.43","-53.33","1.26","0.66","Moving Up","","",,="7/9","<1","false","Swing"
"GLBE","Global-E Online Ltd. Ordinary Shares","Discretionary","Internet Retail","40.55","79.48","Sell","Aug 12, 2026","Uptrend","Jul 24, 2026","1505653.33","-95.15","0.03","-0.76","Moving Down","","",,="5/9","<1","false","Swing"
"GSBC","Great Southern Bancorp, Inc. Common Stock","Financials","Banks - Regional","80.5","77.49","Sell","Aug 12, 2026","Uptrend","Mar 30, 2026","111966.57","-1.24","0.33","0.22","Moving Down","M1S1","",,="7/9","<1","false","Swing"
"GSK","GSK plc American Depositary Shares (Each representing two Ordinary Shares)","Health Care","Drug Manufacturers - General","50.3","39.89","Sell","Aug 12, 2026","Downtrend","Aug 11, 2026","4193228.57","31.7","11.31","-1.18","Moving Down","M1S1","",,="6/9","<1","false","Swing"
"HCI","HCI Group, Inc. Common Stock","Financials","Insurance - Property & Casualty","183.6","54.8","Buy","Aug 12, 2026","Uptrend","Jun 10, 2026","167371.47","-40.15","0.32","-0.42","Moving Up","M1S1","",,="9/9","<1","false","Swing"
"HOPE","Hope Bancorp, Inc. Common Stock","Financials","Banks - Regional","14.3","70.27","Sell","Aug 12, 2026","Uptrend","Jun 04, 2026","1062802.7","46.31","6.74","0.42","Moving Down","M1S1","",,="6/9","<1","false","Swing"
"HPI","John Hancock Preferred Income Fund Common Shares of Beneficial Interest","Financials","Closed-End Fund - Debt","16.2","58.81","Buy","Aug 12, 2026","Uptrend","Aug 11, 2026","43512.17","18.21","3.25","-0.12","Moving Up","M1S1","",,="9/9","<1","false","Swing"
"HQI","HireQuest, Inc. Common Stock (DE)","Industrials","Staffing & Employment Services","16.64","82.7","Buy","Aug 12, 2026","Uptrend","Jul 27, 2026","15916.27","-169.8","0","-3.2","Moving Up","","",,="9/9","<1","false","Swing"
"HQL","abrdn Life Sciences Investors Shares of Beneficial Interest","Financials","Closed-End Fund - Equity","21.24","59.8","Buy","Aug 12, 2026","Uptrend","Aug 05, 2026","160380.8","45.82","1.13","0.66","Moving Up","M1S1","",,="9/9","<1","false","Swing"
"IMUX","Immunic, Inc. Common Stock","Health Care","Biotechnology","15.93","54.9","Buy","Aug 12, 2026","Uptrend","Aug 11, 2026","156352.93","-111.88","3.19","2.91","Moving Up","M1S1","",,="8/9","<1","false","Swing"
"INKT","MiNK Therapeutics, Inc. Common Stock","Health Care","Biotechnology","11.36","38.34","Buy","Aug 12, 2026","Uptrend","Aug 11, 2026","11094.5","-700.7","0","1.16","Moving Up","M1S1","",,="9/9","<1","false","Swing"
"IONQ","IonQ, Inc. Common Stock","Technology","Computer Hardware","45.2","34.69","Buy","Aug 12, 2026","Uptrend","Aug 12, 2026","19913405.8","219.75","3.04","4.05","Moving Up","M1S1","",,="9/9","<1","false","Swing"
"ISRG","Intuitive Surgical, Inc. Common Stock","Health Care","Medical Instruments & Supplies","401.27","45.52","Buy","Aug 12, 2026","Uptrend","Aug 11, 2026","3716493.4","75.98","2.45","0.01","Moving Up","M1S1","",,="9/9","<1","false","Swing"
"KC","Kingsoft Cloud Holdings Limited American Depositary Shares","Technology","Software - Application","11.75","51.2","Sell","Aug 12, 2026","Uptrend","Jul 31, 2026","1528270.8","-4.8","0.22","0","Moving Down","M1S1","",,="7/9","<1","false","Swing"
"KFY","Korn Ferry Common Stock","Industrials","Staffing & Employment Services","83.3","95.85","Sell","Aug 12, 2026","Uptrend","Jul 07, 2026","418053.27","12.2","0.28","0.66","Moving Down","","",,="7/9","<1","false","Swing"
"KNTK","Kinetik Holdings Inc. Class A Common Stock","Energy","Oil & Gas Midstream","51.25","54.66","Buy","Aug 12, 2026","Uptrend","Aug 06, 2026","939512.27","12.88","0.33","0.27","Moving Up","M1S1","",,="9/9","<1","false","Swing"
"KRP","Kimbell Royalty Partners Common Units Representing Limited Partner Interests","Energy","Oil & Gas E&P","15.2","61.16","Buy","Aug 12, 2026","Uptrend","Aug 11, 2026","708948.97","-69.65","0.12","-0.26","Moving Up","M1S1","",,="8/9","<1","false","Swing"
"KSS","Kohl's Corporation Common Stock","Discretionary","Department Stores","19.27","75.08","Sell","Aug 12, 2026","Uptrend","Jul 16, 2026","3353359.17","-95.66","2.11","4.22","Moving Down","","",,="5/9","<1","false","Swing"
"LAUR","Laureate Education, Inc. Common Stock","Staples","Education & Training Services","36.99","54.98","Sell","Aug 12, 2026","Neutral","Aug 12, 2026","1049415.23","14.53","0.14","0.85","Moving Down","","",,="4/9","<1","false","Swing"
"LNN","Lindsay Corporation Common Stock","Industrials","Farm & Heavy Construction Machinery","115.71","66.01","Buy","Aug 12, 2026","Uptrend","Aug 11, 2026","139799.4","-91.43","0.08","0.63","Moving Up","","",,="9/9","<1","false","Swing"
"LVLU","Lulu's Fashion Lounge Holdings, Inc. Common Stock","Discretionary","Apparel Retail","16.94","72.06","Buy","Aug 12, 2026","Uptrend","Jul 14, 2026","39545.4","75.93","12.37","-12.5","Moving Up","","",,="7/9","<1","false","Swing"
"M","Macy's Inc Common Stock","Discretionary","Department Stores","23.79","70.88","Sell","Aug 12, 2026","Uptrend","Jul 16, 2026","4568109.3","-150.74","0.08","-2.98","Moving Down","","",,="5/9","<1","false","Swing"
"MA","Mastercard Incorporated Common Stock","Financials","Credit Services","559.73","90.03","Sell","Aug 12, 2026","Uptrend","Jun 26, 2026","2972596","3.55","0.11","-0.3","Moving Down","M1S1","Positive",,="6/9","<1","false","Swing"
"MAMA","Mama's Creations, Inc. Common Stock","Staples","Packaged Foods","17.77","45.18","Sell","Aug 12, 2026","Uptrend","Jul 29, 2026","594341.9","396.42","0.86","-0.17","Moving Up","","",,="6/9","<1","false","Swing"
"MBBC","Marathon Bancorp, Inc. Common Stock","Financials","Banks - Regional","14.1608","35.6","Sell","Aug 12, 2026","Downtrend","Aug 11, 2026","1582.07","-20.68","0.25","-2.57","Moving Down","M1S1","",,="5/9","<1","false","Swing"
"MCBS","MetroCity Bankshares, Inc. Common Stock","Financials","Banks - Regional","36.04","66.11","Buy","Aug 12, 2026","Uptrend","Mar 31, 2026","79653.47","20.26","1.09","0.42","Moving Up","M1S1","",,="9/9","<1","false","Swing"
"MESO","Mesoblast Limited American Depositary Shares","Health Care","Biotechnology","16.78","43.45","Buy","Aug 12, 2026","Uptrend","Aug 10, 2026","250880.73","-146.02","0.01","-0.83","Moving Up","M1S1","",,="9/9","<1","false","Swing"
"MG","Mistras Group Inc Common Stock","Industrials","Security & Protection Services","17.45","45.19","Buy","Aug 12, 2026","Uptrend","Aug 11, 2026","178856","7.61","0.94","-6.13","Moving Up","","",,="9/9","<1","false","Swing"
"MHO","M/I Homes, Inc. Common Stock","Discretionary","Residential Construction","151.07","59.12","Buy","Aug 12, 2026","Uptrend","Aug 07, 2026","226065","-122.42","0.23","-0.79","Moving Up","","",,="7/9","<1","false","Swing"
"MITK","Mitek Systems, Inc. Common Stock","Technology","Software - Application","18.57","56.55","Buy","Aug 12, 2026","Uptrend","Aug 11, 2026","751395.57","-27.49","0.3","0.27","Moving Up","M1S1","",,="9/9","<1","false","Swing"
"MIY","Blackrock MuniYield Michigan Quality Fund, Inc. Common Stock","Financials","Closed-End Fund - Debt","12.5","59.53","Buy","Aug 12, 2026","Uptrend","Aug 11, 2026","59340.1","25.36","3.94","0.32","Moving Up","M1S1","",,="8/9","<1","false","Swing"
"MKTW","MarketWise, Inc. Class A Common Stock","Financials","Financial Data & Stock Exchanges","19.86","52","Sell","Aug 12, 2026","Uptrend","Aug 12, 2026","13572.5","126.77","22.66","5.08","Moving Down","M1S1","",,="6/9","<1","false","Swing"
"MNPR","Monopar Therapeutics Inc. Common Stock","Health Care","Biotechnology","114.9","48.58","Sell","Aug 12, 2026","Uptrend","Jun 16, 2026","277566.4","533.17","3.48","0.38","Moving Down","M1S1","",,="7/9","<1","false","Swing"
"MUJ","Blackrock MuniHoldings New Jersey Quality Fund, Inc. Common Stock","Financials","Closed-End Fund - Debt","12.35","41.53","Buy","Aug 12, 2026","Uptrend","Aug 11, 2026","75509.33","48.39","7.71","0.65","Moving Up","M1S1","",,="8/9","<1","false","Swing"
"NBN","Northeast Bank Common Stock","Financials","Banks - Regional","134.31","51.39","Buy","Aug 12, 2026","Uptrend","Aug 05, 2026","125713","292.59","1.43","-0.25","Moving Up","M1S1","",,="8/9","<1","false","Swing"
"NCNO","nCino, Inc. Common Stock","Technology","Software - Application","19","74.41","Sell","Aug 12, 2026","Uptrend","Jul 27, 2026","2230479.23","-18.1","6.27","-0.84","Moving Down","M1S1","",,="7/9","<1","false","Swing"
"NFG","National Fuel Gas Company Common Stock","Energy","Oil & Gas Integrated","81.72","52","Buy","Aug 12, 2026","Uptrend","Aug 10, 2026","690259.3","15.95","0.44","-0.64","Moving Up","M1S1","",,="8/9","<1","false","Swing"
"NPO","Enpro Inc. Common Stock","Industrials","Specialty Industrial Machinery","341.36","40.24","Buy","Aug 12, 2026","Uptrend","Aug 11, 2026","238888.37","216.58","1.27","1.45","Moving Up","","",,="8/9","<1","false","Swing"
"NVNO","enVVeno Medical Corporation Common Stock","Health Care","Medical Devices","10.99","67.5","Buy","Aug 12, 2026","Uptrend","Aug 11, 2026","22224.23","-46.18","10.21","-1.21","Moving Up","M1S1","",,="8/9","<1","false","Swing"
"NWS","News Corporation Class B Common Stock","Communication","Entertainment","32.68","70.06","Sell","Aug 12, 2026","Uptrend","Jul 27, 2026","1174646.63","80.39","1.81","0.03","Moving Down","","",,="6/9","<1","false","Swing"
"OCUL","Ocular Therapeutix, Inc. Common Stock","Health Care","Biotechnology","10.23","46.71","Buy","Aug 12, 2026","Uptrend","Aug 11, 2026","2116645.7","-271.51","0.09","4.82","Moving Up","M1S1","",,="8/9","<1","false","Swing"
"OMC","Omnicom Group Inc. Common Stock","Communication","Advertising Agencies","85.51","70.7","Buy","Aug 12, 2026","Uptrend","Jul 02, 2026","3173379.37","-83.96","0.04","-0.51","Moving Up","","",,="7/9","<1","false","Swing"
"ONON","On Holding AG Class A Ordinary Shares","Discretionary","Footwear & Accessories","31.01","44.94","Sell","Aug 12, 2026","Downtrend","Aug 11, 2026","5919599.43","-27.55","0.04","0.32","Moving Down","","",,="4/9","<1","false","Swing"
"ONTO","Onto Innovation Inc. Common Stock","Technology","Semiconductor Equipment & Materials","337.35","44.65","Buy","Aug 12, 2026","Uptrend","Aug 11, 2026","1247267.83","-52.59","0.33","5.49","Moving Up","M1S1","",,="9/9","<1","false","Swing"
"OPBK","OP Bancorp Common Stock","Financials","Banks - Regional","15.74","74.33","Sell","Aug 12, 2026","Uptrend","Jun 17, 2026","47762.9","179.65","6.41","0.32","Moving Down","M1S1","",,="7/9","<1","false","Swing"
"ORA","Ormat Technologies, Inc. Common Stock","Utilities","Utilities - Renewable","113.4","46.08","Buy","Aug 12, 2026","Uptrend","Aug 11, 2026","883549.4","157.49","8.79","-0.93","Moving Up","","",,="7/9","<1","false","Swing"
"OVBC","Ohio Valley Banc Corp. Common Stock","Financials","Banks - Regional","44.73","22.75","Buy","Aug 12, 2026","Uptrend","Aug 11, 2026","40395.47","24.91","1.86","1.27","Moving Up","M1S1","",,="9/9","<1","false","Swing"
"PCOR","Procore Technologies, Inc. Common Stock","Technology","Software - Application","57.98","86.51","Sell","Aug 12, 2026","Uptrend","Jul 27, 2026","3373145.23","-65.61","0.62","-1.29","Moving Down","M1S1","",,="7/9","<1","false","Swing"
"PHG","Koninklijke Philips N.V. NY Registry Shares","Health Care","Medical Devices","26.8","53.65","Buy","Aug 12, 2026","Uptrend","Aug 11, 2026","1215736.83","-22.86","5.8","-0.92","Moving Up","M1S1","",,="8/9","<1","false","Swing"
"PLUS","ePlus inc. Common Stock","Technology","Software - Application","88.74","78.83","Sell","Aug 12, 2026","Uptrend","Jul 08, 2026","246856.07","72.41","1.85","-0.09","Moving Down","M1S1","",,="7/9","<1","false","Swing"
"PRDO","Perdoceo Education Corporation Common Stock","Staples","Education & Training Services","31.34","48.61","Sell","Aug 12, 2026","Downtrend","Aug 10, 2026","787906.47","72.22","2.98","0.32","Moving Down","","",,="4/9","<1","false","Swing"
"RELY","Remitly Global, Inc. Common Stock","Technology","Software - Infrastructure","24.23","71.27","Sell","Aug 12, 2026","Uptrend","Jun 24, 2026","2966759.57","17.01","2.96","2.63","Moving Down","M1S1","",,="7/9","<1","false","Swing"
"RFI","Cohen & Steers Total Return Realty Fund, Inc. Common Stock","Financials","Closed-End Fund - Equity","11.35","63.18","Sell","Aug 12, 2026","Downtrend","Aug 12, 2026","101847.8","-10.44","0.29","0","Moving Down","M1S1","",,="6/9","<1","false","Swing"
"RH","RH Common Stock","Discretionary","Specialty Retail","180.25","76.03","Sell","Aug 12, 2026","Uptrend","Jun 24, 2026","741062.57","-49","0.98","-1.42","Moving Down","","",,="5/9","<1","false","Swing"
"RKLB","Rocket Lab Corporation Common Stock","Industrials","Aerospace & Defense","81.17","29.17","Buy","Aug 12, 2026","Neutral","Aug 11, 2026","19609248.87","2266.29","4.41","1.45","Moving Down","","Positive",,="7/9","<1","false","Swing"
"RQI","Cohen & Steers Quality Income Realty Fund Inc Common Shares","Financials","Closed-End Fund - Equity","12.31","52.46","Sell","Aug 12, 2026","Downtrend","Aug 11, 2026","772253.13","43.47","3.25","0","Moving Down","M1S1","",,="6/9","<1","false","Swing"
"RYN","Rayonier Inc. REIT Common Stock","Real Estate","REIT - Specialty","21.51","70.06","Sell","Aug 12, 2026","Uptrend","Jul 10, 2026","2506195.13","-62.67","1.24","0.28","Moving Down","","",,="4/9","<1","false","Swing"
"SBGI","Sinclair, Inc. Class A Common Stock","Communication","Broadcasting","13.88","43.14","Sell","Aug 12, 2026","Downtrend","Aug 11, 2026","572247.2","-110.6","1.76","1.54","Moving Down","","",,="5/9","<1","false","Swing"
"SENEA","Seneca Foods Corp. Class A Common Stock","Staples","Packaged Foods","188.37","67.14","Buy","Aug 12, 2026","Uptrend","Aug 03, 2026","110885.5","216.15","1.35","2.14","Moving Up","","",,="7/9","<1","false","Swing"
"SFL","SFL Corporation Ltd","Industrials","Marine Shipping","11.82","84.85","Sell","Aug 12, 2026","Uptrend","Jul 15, 2026","1300937.3","84.59","13.24","2.34","Moving Down","","",,="7/9","<1","false","Swing"
"SFNC","Simmons First National Corporation Class A Common Stock","Financials","Banks - Regional","23.84","68.2","Sell","Aug 12, 2026","Uptrend","Jun 04, 2026","1452497.43","-14.93","1.16","0.59","Moving Down","M1S1","",,="6/9","<1","false","Swing"
"SFST","Southern First Bancshares, Inc. Common Stock","Financials","Banks - Regional","64.1","64.41","Sell","Aug 12, 2026","Uptrend","Jun 04, 2026","114111.13","66.73","3.78","0.75","Moving Down","M1S1","",,="6/9","<1","false","Swing"
"SHBI","Shore Bancshares Inc Common Stock","Financials","Banks - Regional","24.01","74.36","Sell","Aug 12, 2026","Uptrend","May 20, 2026","213580.17","51.58","2.17","0.76","Moving Down","M1S1","",,="7/9","<1","false","Swing"
"SJM","The J.M. Smucker Company Common Stock","Staples","Packaged Foods","118.79","70.59","Sell","Aug 12, 2026","Uptrend","Jul 16, 2026","1411927.1","-98.82","0.05","1.24","Moving Down","","",,="5/9","<1","false","Swing"
"SM","SM Energy Company Common Stock","Energy","Oil & Gas E&P","32.42","49.82","Buy","Aug 12, 2026","Uptrend","Aug 10, 2026","3783631.13","187.75","2.64","-0.28","Moving Up","M1S1","",,="8/9","<1","false","Swing"
"SMBK","SmartFinancial, Inc. Common Stock","Financials","Banks - Regional","52.53","82.18","Sell","Aug 12, 2026","Uptrend","Jun 05, 2026","123735.3","154.6","2.9","1.14","Moving Down","M1S1","",,="7/9","<1","false","Swing"
"SMMT","Summit Therapeutics Inc. Common Stock ","Health Care","Biotechnology","15.1","21.28","Buy","Aug 12, 2026","Uptrend","Aug 11, 2026","3701337.97","-1227.79","0.11","-0.1","Moving Up","M1S1","",,="9/9","<1","false","Swing"
"SMTI","Sanara MedTech Inc. Common Stock","Health Care","Medical Instruments & Supplies","34.33","95.6","Sell","Aug 12, 2026","Uptrend","Jun 15, 2026","263176.03","-16.59","0.15","-0.15","Moving Down","M1S1","",,="6/9","<1","false","Swing"
"SQM","Sociedad Quimica y Minera S.A. Common Stock","Materials","Specialty Chemicals","71.25","41.03","Buy","Aug 12, 2026","Neutral","Aug 11, 2026","905411.23","174.58","2.61","-1.34","Moving Up","","",,="8/9","<1","false","Swing"
"SR","Spire Inc. Common Stock","Utilities","Utilities - Regulated Gas","82.71","41.5","Buy","Aug 12, 2026","Uptrend","Aug 11, 2026","476639.4","-11.02","0.12","0.32","Moving Up","","",,="6/9","<1","false","Swing"
"SRCE","1st Source Corporation Common Stock","Financials","Banks - Regional","88.51","88.44","Sell","Aug 12, 2026","Uptrend","May 21, 2026","134899.23","76.88","2.26","0.49","Moving Down","M1S1","",,="7/9","<1","false","Swing"
"SRPT","Sarepta Therapeutics, Inc. Common Stock (DE)","Health Care","Biotechnology","18.38","47.99","Buy","Aug 12, 2026","Uptrend","Aug 11, 2026","3164269.37","-79.14","4.07","0.88","Moving Up","M1S1","",,="8/9","<1","false","Swing"
"SRRK","Scholar Rock Holding Corporation Common Stock","Health Care","Biotechnology","53.82","37.84","Buy","Aug 12, 2026","Uptrend","Aug 11, 2026","1061281.57","-325.21","0.12","3.36","Moving Up","M1S1","",,="9/9","<1","false","Swing"
"TCMD","Tactile Systems Technology, Inc. Common Stock","Health Care","Medical Devices","24.51","48.43","Sell","Aug 12, 2026","Downtrend","Aug 11, 2026","272186.67","60.02","6.18","1.49","Moving Down","M1S1","",,="6/9","<1","false","Swing"
"TD","Toronto Dominion Bank (The) Common Stock","Financials","Banks - Diversified","123.31","72.73","Buy","Aug 12, 2026","Uptrend","Aug 05, 2026","2579952.4","128.63","2.65","1.6","Moving Up","M1S1","",,="8/9","<1","false","Swing"
"TEX","Terex Corporation Common Stock","Industrials","Farm & Heavy Construction Machinery","68.2","54.9","Buy","Aug 12, 2026","Uptrend","Aug 11, 2026","1319528.2","-13.24","0.28","0.69","Moving Up","","",,="9/9","<1","false","Swing"
"TISI","Team, Inc. Common Stock","Industrials","Specialty Business Services","22","57.87","Buy","Aug 12, 2026","Uptrend","Aug 11, 2026","15325.4","-5.3","60.46","-3.13","Moving Up","","",,="9/9","<1","false","Swing"
"TMP","Tompkins Financial Corporation Common Stock","Financials","Banks - Regional","100.32","77.38","Sell","Aug 12, 2026","Uptrend","Mar 31, 2026","94678.27","82.82","8.35","1.23","Moving Down","M1S1","",,="7/9","<1","false","Swing"
"TNL","Travel   Leisure Co. Common  Stock","Discretionary","Travel Services","74.68","56.22","Sell","Aug 12, 2026","Uptrend","Aug 12, 2026","791375.87","-44.74","0.18","1.16","Moving Down","","",,="5/9","<1","false","Swing"
"TOST","Toast, Inc. Class A Common Stock","Technology","Software - Infrastructure","34.06","87.02","Sell","Aug 12, 2026","Uptrend","Jun 25, 2026","10340334.53","156.27","4.52","-2.35","Moving Down","M1S1","",,="7/9","<1","false","Swing"
"UBS","UBS Group AG Registered Ordinary Shares","Financials","Banks - Diversified","53.93","67.23","Buy","Aug 12, 2026","Uptrend","Apr 24, 2026","1786320.6","326.06","2.61","0.45","Moving Up","M1S1","",,="9/9","<1","false","Swing"
"UMH","UMH Properties, Inc. Common Stock","Real Estate","REIT - Residential","16.29","69.62","Buy","Aug 12, 2026","Uptrend","Aug 06, 2026","537880.3","-45.03","0.16","0.99","Moving Up","","",,="6/9","<1","false","Swing"
"VALE","VALE S.A.  American Depositary Shares Each Representing one common share","Materials","Other Industrial Metals & Mining","14.42","53.87","Sell","Aug 12, 2026","Downtrend","Aug 11, 2026","22062566.3","-44.82","0.08","0.7","Moving Up","","",,="7/9","<1","false","Swing"
"VPV","Invesco Pennsylvania Value Municipal Income Trust Common Stock (DE)","Financials","Closed-End Fund - Debt","11.21","47.93","Buy","Aug 12, 2026","Uptrend","Aug 11, 2026","23920.87","46.28","7.71","-0.18","Moving Up","M1S1","",,="8/9","<1","false","Swing"
"WAFD","WaFd, Inc. Common Stock","Financials","Banks - Regional","37.76","54.9","Buy","Aug 12, 2026","Uptrend","Aug 10, 2026","604721","38.61","11.86","-0.79","Moving Up","M1S1","",,="8/9","<1","false","Swing"
"WATT","Energous Corporation Common Stock","Technology","Communication Equipment","16.98","44.98","Buy","Aug 12, 2026","Neutral","Aug 11, 2026","214991.93","-53.75","10.01","-9","Moving Up","M1S1","",,="8/9","<1","false","Swing"
"WDS","Woodside Energy Group Limited American Depositary Shares, each representing one Ordinary Share","Energy","Oil & Gas E&P","22.96","81.52","Sell","Aug 12, 2026","Uptrend","Jul 17, 2026","708144.6","44.49","5.39","-1.46","Moving Down","M1S1","",,="7/9","<1","false","Swing"
"WMS","Advanced Drainage Systems, Inc. Common Stock","Industrials","Building Products & Equipment","140.53","46.19","Sell","Aug 12, 2026","Downtrend","Aug 10, 2026","662451.87","-161.54","0.19","-2.17","Moving Up","","",,="7/9","<1","false","Swing"
"YETI","YETI Holdings, Inc. Common Stock","Discretionary","Leisure","50.84","55.73","Sell","Aug 12, 2026","Uptrend","May 14, 2026","1149066.67","5.8","4.03","0.1","Moving Down","","",,="5/9","<1","false","Swing"
"YORW","York Water Company (The) Common Stock","Utilities","Utilities - Regulated Water","32.54","72.69","Buy","Aug 12, 2026","Uptrend","Jul 09, 2026","162228.63","-85.74","0.67","0.12","Moving Up","","",,="6/9","<1","false","Swing"
"ADPT","Adaptive Biotechnologies Corporation Common Stock","Health Care","Diagnostics & Research","25.25","75.97","Buy","Aug 11, 2026","Uptrend","May 28, 2026","2724346.17","-208.35","0.27","-0.55","Moving Up","M1S1","",,="9/9","<1","false","Swing"
"AMTB","Amerant Bancorp Inc. Class A Common Stock","Financials","Banks - Regional","29.3","89.41","Sell","Aug 11, 2026","Uptrend","Jun 09, 2026","416881.27","57.21","2.83","0.86","Moving Down","M1S1","",,="7/9","<1","false","Swing"
"AN","AutoNation, Inc. Common Stock","Discretionary","Auto & Truck Dealerships","208.62","73.31","Sell","Aug 11, 2026","Uptrend","Jul 10, 2026","418921.23","256.19","2.16","0.08","Moving Down","","",,="5/9","<1","false","Swing"
"APD","Air Products and Chemicals, Inc. Common Stock","Materials","Specialty Chemicals","304.07","63.24","Buy","Aug 11, 2026","Uptrend","Jul 01, 2026","1119488.33","-22.61","0.21","-1.69","Moving Up","","",,="8/9","<1","false","Swing"
"ARLP","Alliance Resource Partners, L.P. Common Units representing Limited Partners Interests","Energy","Thermal Coal","25.1","67.93","Sell","Aug 11, 2026","Uptrend","Aug 12, 2026","311270.8","216.85","2.29","1.5","Moving Down","M1S1","",,="6/9","<1","false","Swing"
"ARW","Arrow Electronics, Inc. Common Stock","Technology","Electronics & Computer Distribution","210.3","69","Sell","Aug 11, 2026","Neutral","Aug 12, 2026","590543.47","165.98","3.12","1.85","Moving Up","M1S1","",,="7/9","<1","false","Swing"
"ASGI","abrdn Global Infrastructure Income Fund Common Shares of Beneficial Interest","Financials","Closed-End Fund - Equity","24.09","52.13","Buy","Aug 11, 2026","Uptrend","Aug 04, 2026","187305.47","27.67","0.7","1.05","Moving Up","M1S1","",,="9/9","<1","false","Swing"
"ASMB","Assembly Biosciences, Inc. Common Stock","Health Care","Biotechnology","27.06","40.76","Buy","Aug 11, 2026","Uptrend","Aug 07, 2026","147378.3","-40.46","8.81","-0.77","Moving Up","M1S1","",,="9/9","<1","false","Swing"
"ATRC","AtriCure, Inc. Common Stock","Health Care","Medical Instruments & Supplies","43.56","89","Buy","Aug 11, 2026","Uptrend","Jul 01, 2026","892783.27","-39.64","0.01","1.42","Moving Up","M1S1","",,="8/9","<1","false","Swing"
"AVK","Advent Convertible and Income Fund","Financials","Closed-End Fund - Debt","12.99","60.82","Buy","Aug 11, 2026","Uptrend","Aug 10, 2026","133353.87","69.67","2.68","0.85","Moving Up","M1S1","",,="9/9","<1","false","Swing"
"BBWI","Bath & Body Works, Inc.","Discretionary","Specialty Retail","18.13","63.58","Sell","Aug 11, 2026","Downtrend","Aug 10, 2026","4962311.23","198.37","20.47","-3.97","Moving Down","","",,="4/9","<1","false","Swing"
"BKT","BlackRock Income Trust Inc. (The)","Financials","Closed-End Fund - Debt","10.52","46.15","Buy","Aug 11, 2026","Uptrend","Aug 10, 2026","104174.6","2.1","3.68","0.1","Moving Up","M1S1","",,="8/9","<1","false","Swing"
"BL","BlackLine, Inc. Common Stock","Technology","Software - Application","28.42","53.38","Sell","Aug 11, 2026","Downtrend","Aug 11, 2026","1048704.23","-74.73","3.73","1.07","Moving Down","M1S1","",,="6/9","<1","false","Swing"
"BMRN","BioMarin Pharmaceutical Inc. Common Stock","Health Care","Biotechnology","70.24","76.42","Buy","Aug 11, 2026","Uptrend","Jun 22, 2026","1960413.17","-18.53","2.85","0.99","Moving Up","M1S1","Positive",,="9/9","<1","false","Swing"
"BTZ","BlackRock Credit Allocation Income Trust","Financials","Closed-End Fund - Debt","10.24","51.31","Buy","Aug 11, 2026","Uptrend","Aug 10, 2026","290352.83","7.72","1.03","0","Moving Up","M1S1","",,="8/9","<1","false","Swing"
"BWMN","Bowman Consulting Group Ltd. Common Stock","Industrials","Engineering & Construction","42.22","88.27","Buy","Aug 11, 2026","Uptrend","Aug 10, 2026","300285.87","45.21","6.03","-0.35","Moving Up","","",,="8/9","<1","false","Swing"
"BY","Byline Bancorp, Inc. Common Stock","Financials","Banks - Regional","39.23","82.38","Sell","Aug 11, 2026","Uptrend","May 22, 2026","283941.6","107.36","5.55","1.16","Moving Down","M1S1","",,="7/9","<1","false","Swing"
"CABO","Cable One, Inc. Common Stock","Communication","Telecom Services","33.61","45.39","Sell","Aug 11, 2026","Downtrend","Aug 07, 2026","210990.6","-65.63","7.14","-0.83","Moving Down","","",,="5/9","<1","false","Swing"
"CAG","ConAgra Brands, Inc. Common Stock","Staples","Packaged Foods","14.96","81.57","Sell","Aug 11, 2026","Uptrend","Jul 13, 2026","14395182.47","22.59","4.61","0.2","Moving Down","","",,="4/9","<1","false","Swing"
"CAMT","Camtek Ltd. Ordinary Shares","Technology","Semiconductor Equipment & Materials","174.2","44.13","Buy","Aug 11, 2026","Uptrend","Aug 10, 2026","547860.93","-267.64","0.32","5.95","Moving Up","M1S1","",,="9/9","<1","false","Swing"
"CBNK","Capital Bancorp, Inc. Common Stock","Financials","Banks - Regional","37.88","79.35","Sell","Aug 11, 2026","Uptrend","May 22, 2026","57820.33","98.37","7.85","0.56","Moving Down","M1S1","",,="7/9","<1","false","Swing"
"CBOE","Cboe Global Markets, Inc. Common Stock","Financials","Financial Data & Stock Exchanges","290.98","78.68","Sell","Aug 11, 2026","Uptrend","Aug 12, 2026","1069170.77","103.87","1.74","2.92","Moving Down","M1S1","",,="7/9","<1","false","Swing"
"CCBG","Capital City Bank Group Common Stock","Financials","Banks - Regional","52.33","77.43","Sell","Aug 11, 2026","Uptrend","Jun 12, 2026","82856.37","9.64","0.23","0.83","Moving Down","M1S1","",,="7/9","<1","false","Swing"
"CCEP","Coca-Cola Europacific Partners plc Ordinary Shares","Staples","Beverages - Non-Alcoholic","107.08","81.7","Sell","Aug 11, 2026","Uptrend","Jun 09, 2026","2004847.8","44.29","0.88","0.54","Moving Down","","",,="5/9","<1","false","Swing"
"CCJ","Cameco Corporation Common Stock","Energy","Uranium","99.03","42.52","Buy","Aug 11, 2026","Uptrend","Aug 10, 2026","3532356.1","445.53","1.25","0.3","Moving Up","M1S1","",,="9/9","<1","false","Swing"
"CCNE","CNB Financial Corporation Common Stock","Financials","Banks - Regional","34.82","73.24","Sell","Aug 11, 2026","Uptrend","Jun 04, 2026","153269.5","46.19","4.55","0.84","Moving Down","M1S1","",,="7/9","<1","false","Swing"
"CHI","Calamos Convertible Opportunities and Income Fund Common Stock","Financials","Closed-End Fund - Debt","13.39","55.56","Buy","Aug 11, 2026","Uptrend","Aug 10, 2026","169409.73","39.84","0.92","1.9","Moving Up","M1S1","",,="8/9","<1","false","Swing"
"CLB","Core Laboratories Inc. Common Stock","Energy","Oil & Gas Equipment & Services","12.45","44.74","Buy","Aug 11, 2026","Uptrend","Aug 10, 2026","1004543.9","20.43","4.34","0.16","Moving Up","M1S1","",,="9/9","<1","false","Swing"
"CNC","Centene Corporation Common Stock","Health Care","Healthcare Plans","67.07","74.96","Buy","Aug 11, 2026","Uptrend","Aug 10, 2026","4759344.13","9.35","3.43","3.38","Moving Up","M1S1","",,="8/9","<1","false","Swing"
"COMP","Compass, Inc. Class A Common Stock","Real Estate","Real Estate Services","12.73","70.91","Sell","Aug 11, 2026","Uptrend","Jun 12, 2026","12457749.37","338.53","3.6","0.32","Moving Down","","",,="5/9","<1","false","Swing"
"CPA","Copa Holdings, S.A. Class A Common Stock","Industrials","Airlines","135.86","42.51","Sell","Aug 11, 2026","Downtrend","Aug 10, 2026","296593.8","-11.22","0.24","1.01","Moving Down","","",,="6/9","<1","false","Swing"
"CRAI","CRA International, Inc. Common Stock","Industrials","Consulting Services","168.5","81.95","Sell","Aug 11, 2026","Uptrend","Jul 06, 2026","157148.37","46.89","0.56","-0.14","Moving Down","","",,="7/9","<1","false","Swing"
"CRK","Comstock Resources, Inc. Common Stock","Energy","Oil & Gas E&P","13.92","40.54","Buy","Aug 11, 2026","Uptrend","Aug 10, 2026","2396848.4","-32.36","0.24","-3.27","Moving Up","M1S1","",,="8/9","<1","false","Swing"
"CTBI","Community Trust Bancorp, Inc. Common Stock","Financials","Banks - Regional","78.31","81.76","Sell","Aug 11, 2026","Uptrend","Apr 01, 2026","123628.67","116.73","2.94","0.28","Moving Down","M1S1","",,="7/9","<1","false","Swing"
"DE","Deere & Company Common Stock","Industrials","Farm & Heavy Construction Machinery","619.77","70.14","Sell","Aug 11, 2026","Uptrend","Aug 03, 2026","1013079.47","132.02","1.32","0.29","Moving Down","","",,="7/9","<1","false","Swing"
"DHR","Danaher Corporation Common Stock","Health Care","Diagnostics & Research","205.79","66.77","Buy","Aug 11, 2026","Uptrend","Jul 23, 2026","5615831.77","-11.87","0.26","-0.8","Moving Up","M1S1","",,="8/9","<1","false","Swing"
"DIOD","Diodes Incorporated Common Stock","Technology","Semiconductors","107.04","47.16","Buy","Aug 11, 2026","Uptrend","Aug 10, 2026","476773.07","86.97","2.71","3.77","Moving Up","M1S1","",,="9/9","<1","false","Swing"
"DLX","Deluxe Corporation Common Stock","Industrials","Conglomerates","23.75","50.5","Sell","Aug 11, 2026","Downtrend","Aug 11, 2026","382888.83","-40.88","2.82","-0.38","Moving Down","","",,="6/9","<1","false","Swing"
"DVN","Devon Energy Corporation Common Stock","Energy","Oil & Gas E&P","44.86","56.61","Buy","Aug 11, 2026","Uptrend","Aug 10, 2026","10704769.07","-62.07","0.21","-1.19","Moving Up","M1S1","",,="8/9","<1","false","Swing"
"ECPG","Encore Capital Group Inc Common Stock","Financials","Credit Services","97.5","71.22","Sell","Aug 11, 2026","Uptrend","Jun 12, 2026","361921.37","142.66","2.41","4.29","Moving Down","M1S1","",,="7/9","<1","false","Swing"
"ENTA","Enanta Pharmaceuticals, Inc. Common Stock","Health Care","Biotechnology","13.5","53.7","Buy","Aug 11, 2026","Uptrend","Aug 10, 2026","172185.6","32.29","5.83","-0.15","Moving Up","M1S1","",,="8/9","<1","false","Swing"
"EQBK","Equity Bancshares, Inc. Class A Common Stock","Financials","Banks - Regional","51.46","64.84","Sell","Aug 11, 2026","Uptrend","Jun 04, 2026","132364.7","30.76","1.06","0.41","Moving Down","M1S1","",,="7/9","<1","false","Swing"
"EVTC","Evertec, Inc. Common Stock","Technology","Software - Infrastructure","30.41","71.14","Sell","Aug 11, 2026","Uptrend","Jun 24, 2026","415822.07","-84.87","0.07","3.05","Moving Down","M1S1","Positive",,="7/9","<1","false","Swing"
"FDX","FedEx Corporation Common Stock","Industrials","Integrated Freight & Logistics","326.77","37.96","Buy","Aug 11, 2026","Uptrend","Aug 12, 2026","1542867.97","41.27","0.94","1.35","Moving Up","","",,="9/9","<1","false","Swing"
"FMBH","First Mid Bancshares, Inc. Common Stock","Financials","Banks - Regional","51.87","85.79","Sell","Aug 11, 2026","Uptrend","May 21, 2026","134657.93","100.36","3.56","0.45","Moving Down","M1S1","",,="7/9","<1","false","Swing"
"FOF","Cohen & Steers Closed-End Opportunity Fund, Inc. Common Stock","Financials","Closed-End Fund - Equity","13.69","54.71","Buy","Aug 11, 2026","Uptrend","Aug 10, 2026","44132.2","79.42","2.93","0.07","Moving Up","M1S1","",,="9/9","<1","false","Swing"
"FRA","Blackrock Floating Rate Income Strategies Fund Inc  Common Stock","Financials","Closed-End Fund - Debt","11.05","54.23","Buy","Aug 11, 2026","Uptrend","Aug 10, 2026","149476.37","44.62","3.29","0.09","Moving Up","M1S1","",,="9/9","<1","false","Swing"
"FRD","Friedman Industries Inc. Common Stock","Materials","Steel","44.95","83.72","Buy","Aug 11, 2026","Uptrend","Apr 13, 2026","100578.8","321.34","1.25","4.85","Moving Up","","",,="9/9","<1","false","Swing"
"FROG","JFrog Ltd. Ordinary Shares","Technology","Software - Application","86.04","68.09","Buy","Aug 11, 2026","Uptrend","Aug 10, 2026","2317243.47","168.1","1.7","-0.07","Moving Up","M1S1","",,="9/9","<1","false","Swing"
"FWONK","Liberty Media Corporation Series C Liberty Formula One Common Stock","Communication","Entertainment","103.61","57.69","Buy","Aug 11, 2026","Uptrend","Jun 17, 2026","2101398.13","90.27","1.28","1.2","Moving Up","","",,="7/9","<1","false","Swing"
"GHM","Graham Corporation Common Stock","Industrials","Specialty Industrial Machinery","113.11","39.56","Buy","Aug 11, 2026","Uptrend","Aug 10, 2026","227247.33","101.83","0.66","4","Moving Up","","",,="9/9","<1","false","Swing"
"GLAD","Gladstone Capital Corporation Common Stock","Financials","Asset Management","19.67","53.67","Buy","Aug 11, 2026","Uptrend","Aug 07, 2026","169737.87","124.73","4.91","-0.3","Moving Up","M1S1","",,="9/9","<1","false","Swing"
"GPOR","Gulfport Energy Corporation Common Shares","Energy","Oil & Gas E&P","169.53","53.46","Buy","Aug 11, 2026","Uptrend","Aug 10, 2026","371466.03","-95.83","0.06","-1.01","Moving Up","M1S1","",,="9/9","<1","false","Swing"
"GRND","Grindr Inc. Common Stock","Technology","Software - Application","15.87","71.61","Sell","Aug 11, 2026","Uptrend","Jun 18, 2026","1856089.87","224.79","4.73","-2.22","Moving Down","M1S1","",,="7/9","<1","false","Swing"
"HASI","HA Sustainable Infrastructure Capital, Inc. Common Stock","Financials","Asset Management","41.83","66.48","Buy","Aug 11, 2026","Uptrend","Aug 07, 2026","871798.5","-4.62","0.3","1.83","Moving Up","M1S1","",,="9/9","<1","false","Swing"
"HAYW","Hayward Holdings, Inc. Common Stock","Industrials","Electrical Equipment & Parts","15.3","58.95","Sell","Aug 11, 2026","Uptrend","Aug 04, 2026","3031438.4","-60.04","0.14","-1.67","Moving Down","","",,="7/9","<1","false","Swing"
"HOV","Hovnanian Enterprises, Inc. Class A Common Stock","Discretionary","Residential Construction","135.4","72.12","Buy","Aug 11, 2026","Uptrend","Aug 03, 2026","136467.6","131.91","0.75","-1.43","Moving Down","","",,="6/9","<1","false","Swing"
"HZO","MarineMax, Inc.  (FL) Common Stock","Discretionary","Specialty Retail","52.13","67.53","Buy","Aug 11, 2026","Uptrend","Aug 03, 2026","607669.1","-254.37","0.17","-0.63","Moving Up","","",,="7/9","<1","false","Swing"
"IFS","Intercorp Financial Services Inc. Common Shares","Financials","Banks - Regional","54.87","46.04","Sell","Aug 11, 2026","Downtrend","Aug 12, 2026","225187.37","30.23","0.53","-4.04","Moving Down","M1S1","",,="6/9","<1","false","Swing"
"IPI","Intrepid Potash, Inc Common Stock","Materials","Agricultural Inputs","36.44","59.96","Buy","Aug 11, 2026","Uptrend","Aug 10, 2026","180633.83","-47.77","0.13","-1.19","Moving Up","","",,="9/9","<1","false","Swing"
"JAZZ","Jazz Pharmaceuticals plc Common Stock (Ireland)","Health Care","Biotechnology","248.945","76.52","Sell","Aug 11, 2026","Uptrend","Jun 29, 2026","802893.63","-103.53","0.13","0.39","Moving Down","M1S1","",,="7/9","<1","false","Swing"
"JILL","J. Jill, Inc. Common Stock","Discretionary","Apparel Retail","18.64","88.93","Sell","Aug 11, 2026","Uptrend","Jun 02, 2026","74738.9","-20.57","5.81","-1.79","Moving Down","","",,="4/9","<1","false","Swing"
"JKS","JinkoSolar Holding Company Limited American Depositary Shares (each representing 4 Common Shares)","Technology","Solar","16.42","38.61","Buy","Aug 11, 2026","Neutral","Aug 10, 2026","658098","-261.31","1.07","-1.5","Moving Up","M1S1","",,="8/9","<1","false","Swing"
"KMB","Kimberly-Clark Corporation Common Stock","Staples","Household & Personal Products","108.93","84.44","Sell","Aug 11, 2026","Uptrend","Jun 09, 2026","3791296.37","-27.89","0","0.33","Moving Down","","Negative",,="5/9","<1","false","Swing"
"KMPR","Kemper Corporation","Financials","Insurance - Property & Casualty","26.51","54.79","Sell","Aug 11, 2026","Downtrend","Aug 11, 2026","875456.87","-25.67","6.45","1.26","Moving Down","M1S1","",,="6/9","<1","false","Swing"
"KRT","Karat Packaging Inc. Common Stock","Discretionary","Packaging & Containers","48.26","98.19","Buy","Aug 11, 2026","Uptrend","Jun 08, 2026","139767.87","36.56","0.47","-3.6","Moving Up","","",,="7/9","<1","false","Swing"
"LBTYB","Liberty Global Ltd. Class B Common Shares","Communication","Cable & Other Pay Television Services","12.45","52","Buy","Aug 11, 2026","Neutral","Aug 11, 2026","4277.6","-262.05","0.57","-1.97","Moving Up","","",,="7/9","<1","false","Swing"
"LFST","LifeStance Health Group, Inc. Common Stock","Health Care","Medical Care Facilities","12.23","76.76","Buy","Aug 11, 2026","Uptrend","Jun 09, 2026","3834073.1","-59.04","0.15","6.35","Moving Up","M1S1","",,="9/9","<1","false","Swing"
"LGIH","LGI Homes, Inc. Common Stock","Discretionary","Residential Construction","56.9","65.93","Sell","Aug 11, 2026","Neutral","Aug 12, 2026","309374.3","-204.37","0.32","-1.56","Moving Down","","",,="4/9","<1","false","Swing"
"LKFN","Lakeland Financial Corporation Common Stock","Financials","Banks - Regional","62.25","67.6","Sell","Aug 11, 2026","Uptrend","Aug 11, 2026","176398.73","-26.69","0.2","0.63","Moving Down","M1S1","",,="7/9","<1","false","Swing"
"LPTH","LightPath Technologies, Inc. Class A Common Stock","Technology","Electronic Components","13.73","38.63","Buy","Aug 11, 2026","Uptrend","Aug 10, 2026","2605372.23","587.06","1.08","4.89","Moving Up","M1S1","",,="9/9","<1","false","Swing"
"LSPD","Lightspeed Commerce Inc. Subordinate Voting Shares","Technology","Software - Application","10.46","64.26","Sell","Aug 11, 2026","Uptrend","Jul 31, 2026","778029.6","-113.04","0.52","-0.1","Moving Down","M1S1","",,="7/9","<1","false","Swing"
"LW","Lamb Weston Holdings, Inc. Common Stock ","Staples","Packaged Foods","53.11","90.94","Sell","Aug 11, 2026","Uptrend","Jul 01, 2026","1801276.67","-14.05","4.52","0.99","Moving Down","","",,="5/9","<1","false","Swing"
"LYV","Live Nation Entertainment, Inc. Common Stock","Communication","Entertainment","185.33","67.12","Buy","Aug 11, 2026","Uptrend","Aug 03, 2026","2002380.23","9.75","0.16","1.09","Moving Up","","",,="8/9","<1","false","Swing"
"MAYS","J. W. Mays, Inc. Common Stock","Real Estate","Real Estate Services","40.73","47.61","Buy","Aug 11, 2026","Uptrend","Aug 10, 2026","1709.73","-223.5","0.04","0","Moving Up","","",,="7/9","<1","false","Swing"
"MC","Moelis & Company Class A Common Stock","Financials","Capital Markets","66.27","42.24","Sell","Aug 11, 2026","Downtrend","Aug 10, 2026","929572.4","105.96","2.12","-0.5","Moving Down","M1S1","",,="5/9","<1","false","Swing"
"MDV","Modiv Industrial, Inc. Class C Common Stock","Real Estate","REIT - Industrial","18.05","59.36","Buy","Aug 11, 2026","Uptrend","Aug 10, 2026","65271.23","-56.28","0.12","0","Moving Up","","",,="6/9","<1","false","Swing"
"MMS","Maximus, Inc. Common Stock","Industrials","Specialty Business Services","54.44","59.65","Sell","Aug 11, 2026","Downtrend","Aug 11, 2026","672991.4","-34.33","2.17","0.46","Moving Down","","",,="6/9","<1","false","Swing"
"MNDY","monday.com Ltd. Ordinary Shares","Technology","Software - Application","85.95","76.76","Sell","Aug 11, 2026","Uptrend","Jul 28, 2026","1530795.03","22.35","5.35","-1.74","Moving Down","M1S1","",,="6/9","<1","false","Swing"
"MP","MP Materials Corp. Common Stock","Materials","Other Industrial Metals & Mining","54.11","45.61","Buy","Aug 11, 2026","Uptrend","Aug 10, 2026","6129051","42.84","1.79","-2.05","Moving Up","","",,="9/9","<1","false","Swing"
"MPWR","Monolithic Power Systems, Inc. Common Stock","Technology","Semiconductors","1425.01","58.29","Buy","Aug 11, 2026","Uptrend","Aug 11, 2026","891743.17","457.26","1.9","1.63","Moving Up","M1S1","Positive",,="9/9","<1","false","Swing"
"NE","Noble Corporation plc A Ordinary Shares","Energy","Oil & Gas Drilling","44.08","62.32","Buy","Aug 11, 2026","Uptrend","Aug 10, 2026","1592862.1","-29.83","1","-0.9","Moving Up","M1S1","",,="9/9","<1","false","Swing"
"NIE","Virtus Equity & Convertible Income Fund Common Shares of Beneficial Interest","Financials","Closed-End Fund - Equity","26.64","53.27","Buy","Aug 11, 2026","Uptrend","Aug 10, 2026","49694.23","88.1","1.93","0.68","Moving Up","M1S1","",,="8/9","<1","false","Swing"
"NNI","Nelnet, Inc. Common Stock","Financials","Credit Services","126.39","50.7","Sell","Aug 11, 2026","Downtrend","Aug 10, 2026","111914.13","-28.43","0.31","0.85","Moving Down","M1S1","",,="6/9","<1","false","Swing"
"NOG","Northern Oil and Gas, Inc. Common Stock","Energy","Oil & Gas E&P","24.09","72.09","Buy","Aug 11, 2026","Uptrend","Aug 07, 2026","2952318.03","71.66","12.51","-0.66","Moving Up","M1S1","",,="8/9","<1","false","Swing"
"NSYS","Nortech Systems Incorporated Common Stock","Health Care","Medical Devices","15.21","46.72","Buy","Aug 11, 2026","Uptrend","Aug 10, 2026","22939.63","322.43","4.4","2.22","Moving Up","M1S1","",,="9/9","<1","false","Swing"
"NTGR","NETGEAR, Inc. Common Stock","Technology","Communication Equipment","24.2","53.67","Sell","Aug 11, 2026","Uptrend","Aug 11, 2026","368444","78.28","87.64","1.47","Moving Up","M1S1","",,="8/9","<1","false","Swing"
"NTNX","Nutanix, Inc. Class A Common Stock","Technology","Software - Infrastructure","64.65","85.88","Buy","Aug 11, 2026","Uptrend","Jun 29, 2026","2907513.67","26.41","1.15","0.51","Moving Up","M1S1","",,="9/9","<1","false","Swing"
"NWBI","Northwest Bancshares, Inc. Common Stock","Financials","Banks - Regional","15.72","80.42","Sell","Aug 11, 2026","Uptrend","Mar 31, 2026","1080482.97","31.29","3.65","0.58","Moving Down","M1S1","",,="7/9","<1","false","Swing"
"NWSA","News Corporation Class A Common Stock","Communication","Entertainment","28.67","71.09","Sell","Aug 11, 2026","Uptrend","Jul 24, 2026","3844046.87","64.71","1.89","0.14","Moving Down","","",,="6/9","<1","false","Swing"
"OKTA","Okta, Inc. Class A Common Stock","Technology","Software - Infrastructure","147.3","71.9","Buy","Aug 11, 2026","Uptrend","May 04, 2026","2750201.9","78.82","10.26","-2.02","Moving Up","M1S1","",,="9/9","<1","false","Swing"
"ONC","BeOne Medicines Ltd. American Depositary Shares","Health Care","Biotechnology","359.05","66.07","Buy","Aug 11, 2026","Uptrend","Jul 01, 2026","399332.2","-122.39","0.04","-0.06","Moving Up","M1S1","",,="8/9","<1","false","Swing"
"ORRF","Orrstown Financial Services, Inc. Common Stock","Financials","Banks - Regional","43.22","68.66","Sell","Aug 11, 2026","Uptrend","Jun 04, 2026","118490.47","67.74","1.51","1","Moving Down","M1S1","",,="7/9","<1","false","Swing"
"OVLY","Oak Valley Bancorp (CA) Common Stock","Financials","Banks - Regional","33.69","39.17","Sell","Aug 11, 2026","Neutral","Aug 12, 2026","26123.97","65.81","2.2","0.99","Moving Up","M1S1","",,="6/9","<1","false","Swing"
"OXY","Occidental Petroleum Corporation Common Stock","Energy","Oil & Gas E&P","58.55","75.81","Buy","Aug 11, 2026","Uptrend","Aug 06, 2026","8896518","-24.04","0.2","-0.86","Moving Up","M1S1","",,="8/9","<1","false","Swing"
"PAHC","Phibro Animal Health Corporation Class A Common Stock","Health Care","Drug Manufacturers - Specialty & Generic","33.8","33.92","Sell","Aug 11, 2026","Neutral","Aug 06, 2026","243271.7","104.6","6.09","-0.82","Moving Down","M1S1","",,="6/9","<1","false","Swing"
"PAY","Paymentus Holdings, Inc. Class A Common Stock","Technology","Software - Infrastructure","40.36","89.02","Sell","Aug 11, 2026","Uptrend","Jun 30, 2026","1150135.33","243.58","4.57","-0.62","Moving Down","M1S1","",,="7/9","<1","false","Swing"
"PCYO","Pure Cycle Corporation Common Stock","Utilities","Utilities - Regulated Water","11.33","51.22","Buy","Aug 11, 2026","Uptrend","Aug 10, 2026","69576.67","-53.73","0.54","-0.61","Moving Up","","",,="6/9","<1","false","Swing"
"PEBO","Peoples Bancorp Inc. Common Stock","Financials","Banks - Regional","41.18","74.59","Sell","Aug 11, 2026","Uptrend","May 21, 2026","304942.53","18.85","0.89","0.59","Moving Down","M1S1","",,="7/9","<1","false","Swing"
"PEP","PepsiCo, Inc. Common Stock","Staples","Beverages - Non-Alcoholic","138.7","37.26","Sell","Aug 11, 2026","Downtrend","Aug 05, 2026","8278695","13.17","5.31","0.21","Moving Up","","Positive",,="5/9","<1","false","Swing"
"PIII","P3 Health Partners Inc. Class A Common Stock","Health Care","Medical Care Facilities","11.69","54.94","Buy","Aug 11, 2026","Uptrend","Aug 07, 2026","44329.37","-36.24","15.11","-5.5","Moving Up","M1S1","",,="9/9","<1","false","Swing"
"PJT","PJT Partners Inc. Class A Common Stock","Financials","Capital Markets","170.59","58.18","Sell","Aug 11, 2026","Uptrend","Jul 06, 2026","426544.7","89.57","1.08","-2.64","Moving Down","M1S1","",,="7/9","<1","false","Swing"
"PPIH","Perma-Pipe International Holdings, Inc. Common Stock","Industrials","Building Products & Equipment","26.6","37.22","Buy","Aug 11, 2026","Neutral","Aug 10, 2026","71439.23","355.27","3.82","1.45","Moving Up","","",,="8/9","<1","false","Swing"
"PRCT","PROCEPT BioRobotics Corporation Common Stock","Health Care","Medical Devices","21.25","78.67","Buy","Aug 11, 2026","Uptrend","Aug 10, 2026","1786639.87","35.68","7.69","-7.16","Moving Up","M1S1","",,="8/9","<1","false","Swing"
"QNST","QuinStreet, Inc. Common Stock","Communication","Advertising Agencies","20.79","80.04","Buy","Aug 11, 2026","Uptrend","Aug 07, 2026","908460.1","18.75","1.45","-0.53","Moving Up","","",,="8/9","<1","false","Swing"
"RCAT","Red Cat Holdings, Inc. Common Stock","Industrials","Aerospace & Defense","10.32","54.62","Buy","Aug 11, 2026","Uptrend","Aug 10, 2026","8970698.43","1418.42","4.08","-3.19","Moving Up","","",,="8/9","<1","false","Swing"
"RFM","RiverNorth Flexible Municipal Income Fund, Inc. Common Stock","Financials","Asset Management","14.92","79.8","Buy","Aug 11, 2026","Uptrend","Aug 10, 2026","9093.43","4.32","0.83","-0.19","Moving Up","M1S1","",,="9/9","<1","false","Swing"
"RICK","RCI Hospitality Holdings, Inc. Common Stock","Discretionary","Restaurants","28.05","59.22","Buy","Aug 11, 2026","Uptrend","Aug 07, 2026","37953.6","139.49","11.06","2.19","Moving Up","","",,="6/9","<1","false","Swing"
"RIGL","Rigel Pharmaceuticals, Inc. Common Stock","Health Care","Biotechnology","41.87","47.5","Buy","Aug 11, 2026","Uptrend","Aug 05, 2026","340771.23","217.39","7.46","-0.36","Moving Up","M1S1","",,="9/9","<1","false","Swing"
"RPD","Rapid7, Inc. Common Stock","Technology","Software - Infrastructure","12.27","66.37","Buy","Aug 11, 2026","Uptrend","Aug 04, 2026","2933703.3","-38.02","8.97","-8.3","Moving Up","M1S1","",,="9/9","<1","false","Swing"
"RRBI","Red River Bancshares, Inc. Common Stock","Financials","Banks - Regional","102.33","60.14","Sell","Aug 11, 2026","Uptrend","Jun 29, 2026","87729.27","40.83","1.16","-0.06","Moving Down","M1S1","",,="7/9","<1","false","Swing"
"RUSHA","Rush Enterprises, Inc. Common Stock Cl A","Discretionary","Auto & Truck Dealerships","80.63","77.84","Sell","Aug 11, 2026","Uptrend","Jun 22, 2026","467688.5","265.95","2.38","-1.18","Moving Down","","",,="5/9","<1","false","Swing"
"SBLK","Star Bulk Carriers Corp. Common Shares","Industrials","Marine Shipping","27.89","68.58","Sell","Aug 11, 2026","Uptrend","Jul 21, 2026","1248700.8","234.15","2.38","0.8","Moving Down","","",,="7/9","<1","false","Swing"
"SD","SandRidge Energy, Inc. Common Stock","Energy","Oil & Gas E&P","14.27","46.71","Buy","Aug 11, 2026","Uptrend","Aug 10, 2026","292149.47","-24.69","0.13","-0.35","Moving Up","M1S1","",,="9/9","<1","false","Swing"
"SPE","Special Opportunities Fund, Inc Common Stock","Financials","Closed-End Fund - Equity","13.5914","43.38","Buy","Aug 11, 2026","Uptrend","Aug 10, 2026","32029.33","50.52","2.08","0.45","Moving Up","M1S1","",,="9/9","<1","false","Swing"
"SYBT","Stock Yards Bancorp, Inc. Common Stock","Financials","Banks - Regional","85.02","71.21","Sell","Aug 11, 2026","Uptrend","Jun 04, 2026","185096.93","30.09","0.62","1.77","Moving Down","M1S1","",,="7/9","<1","false","Swing"
"TFX","Teleflex Incorporated Common Stock","Health Care","Medical Instruments & Supplies","136.32","74.11","Sell","Aug 11, 2026","Uptrend","Jul 02, 2026","521531.1","-65.89","3.45","2.08","Moving Down","M1S1","",,="7/9","<1","false","Swing"
"TGLS","Tecnoglass Inc. Ordinary Shares","Materials","Building Materials","42.03","51.44","Sell","Aug 11, 2026","Downtrend","Aug 10, 2026","253894.17","292.34","1.93","-1.73","Moving Down","","",,="6/9","<1","false","Swing"
"TOL","Toll Brothers, Inc. Common Stock","Discretionary","Residential Construction","148.53","56.47","Sell","Aug 11, 2026","Neutral","Aug 12, 2026","866163.17","104.97","0.88","-2.86","Moving Down","","",,="4/9","<1","false","Swing"
"TOWN","TowneBank Common Stock","Financials","Banks - Regional","37.77","71.68","Sell","Aug 11, 2026","Uptrend","Jun 18, 2026","671892.37","16.13","0.85","0.88","Moving Down","M1S1","",,="7/9","<1","false","Swing"
"TRVI","Trevi Therapeutics, Inc. Common Stock","Health Care","Biotechnology","17.73","41.12","Sell","Aug 11, 2026","Uptrend","Jun 16, 2026","2257933.77","765.94","0.97","-0.39","Moving Down","M1S1","",,="7/9","<1","false","Swing"
"TSEM","Tower Semiconductor Ltd. Ordinary Shares","Technology","Semiconductors","260.31","63.02","Buy","Aug 11, 2026","Uptrend","Aug 10, 2026","2080747.27","410.71","1.24","4.3","Moving Up","M1S1","",,="8/9","<1","false","Swing"
"TWN","Taiwan Fund, Inc. (The) Common Stock","Financials","Closed-End Fund - Foreign","96.13","51.71","Buy","Aug 11, 2026","Uptrend","Aug 10, 2026","38472.97","589.62","2.82","2.51","Moving Up","M1S1","",,="8/9","<1","false","Swing"
"UAN","CVR Partners, LP Common Units representing Limited Partner Interests","Materials","Agricultural Inputs","119.53","71.64","Sell","Aug 11, 2026","Neutral","Aug 10, 2026","40348.93","236.44","1","-0.53","Moving Down","","",,="6/9","<1","false","Swing"
"UBER","Uber Technologies, Inc. Common Stock","Technology","Software - Application","75.36","67.82","Buy","Aug 11, 2026","Uptrend","Aug 10, 2026","18482216.93","92.26","5.25","-4.05","Moving Up","M1S1","",,="8/9","<1","false","Swing"
"UUUU","Energy Fuels Inc Ordinary Shares (Canada)","Energy","Uranium","14.47","46.95","Buy","Aug 11, 2026","Uptrend","Aug 10, 2026","7005513.53","778.34","3.64","-2.1","Moving Up","M1S1","",,="9/9","<1","false","Swing"
"VLGEA","Village Super Market, Inc. Class A Common Stock","Staples","Grocery Stores","42.32","44.16","Sell","Aug 11, 2026","Downtrend","Aug 10, 2026","43618.4","-75.33","0.26","1.44","Moving Down","","",,="4/9","<1","false","Swing"
"VOD","Vodafone Group Plc American Depositary Shares","Communication","Telecom Services","16.09","89.33","Sell","Aug 11, 2026","Uptrend","Jul 14, 2026","4930454.53","-3.99","7.22","1.19","Moving Down","","",,="5/9","<1","false","Swing"
"VTN","Invesco Trust for Investment Grade New York Municipals Common Stock","Financials","Closed-End Fund - Debt","11.1","58.21","Buy","Aug 11, 2026","Neutral","Aug 12, 2026","24783.3","25.64","6.45","-1.42","Moving Up","M1S1","",,="8/9","<1","false","Swing"
"WASH","Washington Trust Bancorp, Inc. Common Stock","Financials","Banks - Regional","39.34","78.01","Sell","Aug 11, 2026","Uptrend","Jun 04, 2026","152727.2","61.02","37.6","0.87","Moving Down","M1S1","",,="6/9","<1","false","Swing"
"WBD","Warner Bros. Discovery, Inc. Series A Common Stock ","Communication","Entertainment","27.65","47.36","Buy","Aug 11, 2026","Uptrend","Aug 10, 2026","21843248.23","142.45","43.1","2.14","Moving Up","","",,="8/9","<1","false","Swing"
"WEX","WEX Inc. common stock","Technology","Software - Infrastructure","190.06","95.02","Sell","Aug 11, 2026","Uptrend","Jul 02, 2026","752708.4","-66.47","0.49","0.53","Moving Down","M1S1","",,="7/9","<1","false","Swing"
"WST","West Pharmaceutical Services, Inc. Common Stock","Health Care","Medical Instruments & Supplies","352.29","62","Buy","Aug 11, 2026","Uptrend","Aug 07, 2026","738341.6","-67.43","0.24","0.26","Moving Up","M1S1","",,="8/9","<1","false","Swing"
"XPRO","Expro Group Holdings N.V. Common Stock","Energy","Oil & Gas Equipment & Services","18.41","66.96","Buy","Aug 11, 2026","Uptrend","Jul 31, 2026","1017774.97","-58.53","2.11","0.82","Moving Up","M1S1","",,="9/9","<1","false","Swing"
"AAOI","Applied Optoelectronics, Inc. Common Stock","Technology","Communication Equipment","138.08","54.1","Buy","Aug 10, 2026","Uptrend","Aug 07, 2026","10560821.73","757.98","2.8","2.79","Moving Up","M1S1","",,="9/9","<1","false","Swing"
"ABM","ABM Industries Incorporated Common Stock","Industrials","Specialty Business Services","48.43","84.39","Sell","Aug 10, 2026","Uptrend","Jun 05, 2026","406721.2","1.18","0.11","0.31","Moving Down","","",,="6/9","<1","false","Swing"
"AG","First Majestic Silver Corp. Ordinary Shares (Canada)","Materials","Silver","19.16","47.97","Buy","Aug 10, 2026","Uptrend","Aug 07, 2026","10289897.33","24.63","1.37","1.05","Moving Up","","",,="9/9","<1","false","Swing"
"AGI","Alamos Gold Inc. Class A Common Shares","Materials","Gold","33.53","48.85","Buy","Aug 10, 2026","Uptrend","Aug 07, 2026","4301513.03","268.7","1.57","0.24","Moving Up","","",,="9/9","<1","false","Swing"
"AJG","Arthur J. Gallagher & Co. Common Stock","Financials","Insurance Brokers","255.46","80.85","Sell","Aug 10, 2026","Uptrend","Jun 23, 2026","1491464.3","194.11","2.55","0.77","Moving Down","M1S1","",,="7/9","<1","false","Swing"
"AMP","Ameriprise Financial, Inc. Common Stock","Financials","Asset Management","565.07","86.96","Sell","Aug 10, 2026","Uptrend","Jul 01, 2026","542459.6","148.5","1.62","0.37","Moving Down","M1S1","",,="6/9","<1","false","Swing"
"AMRC","Ameresco, Inc. Class A Common Stock","Industrials","Engineering & Construction","27.61","62.21","Buy","Aug 10, 2026","Uptrend","Aug 11, 2026","617818.87","203.29","21.78","6.64","Moving Up","","",,="8/9","<1","false","Swing"
"ATR","AptarGroup, Inc. Common Stock","Health Care","Medical Instruments & Supplies","133.15","74.52","Sell","Aug 10, 2026","Uptrend","Jun 16, 2026","479533.13","-87.42","0.06","-1.19","Moving Down","M1S1","",,="7/9","<1","false","Swing"
"AVO","Mission Produce, Inc. Common Stock","Staples","Food Distribution","12.74","59.01","Buy","Aug 10, 2026","Uptrend","Aug 07, 2026","1024851.4","7.8","5.39","-1.24","Moving Down","","",,="6/9","<1","false","Swing"
"AVTR","Avantor, Inc. Common Stock","Health Care","Medical Instruments & Supplies","13.93","84.29","Sell","Aug 10, 2026","Uptrend","May 27, 2026","11369626.47","-65.16","3.76","1.16","Moving Down","M1S1","",,="7/9","<1","false","Swing"
"AZO","AutoZone, Inc. Common Stock","Discretionary","Auto Parts","3045.87","42.55","Buy","Aug 10, 2026","Neutral","Aug 10, 2026","180313.3","-47.33","0.28","0.11","Moving Up","","",,="6/9","<1","false","Swing"
"BARK","BARK, Inc. Class A Common Stock","Discretionary","Specialty Retail","10.66","82.83","Buy","Aug 10, 2026","Uptrend","Aug 07, 2026","55969.73","-77.09","3.92","-0.56","Moving Up","","",,="7/9","<1","false","Swing"
"BBIO","BridgeBio Pharma, Inc. Common Stock","Health Care","Biotechnology","83.84","51.46","Buy","Aug 10, 2026","Uptrend","Jun 23, 2026","3025174.3","35.54","1.67","0.17","Moving Up","M1S1","",,="9/9","<1","false","Swing"
"BBW","Build-A-Bear Workshop, Inc. Common Stock","Discretionary","Specialty Retail","36.98","57.66","Buy","Aug 10, 2026","Uptrend","Aug 05, 2026","324940.83","2112.28","4.41","0.38","Moving Up","","",,="6/9","<1","false","Swing"
"BDSX","Biodesix, Inc. Common Stock","Health Care","Diagnostics & Research","24.22","46.71","Buy","Aug 10, 2026","Uptrend","May 07, 2026","77928.37","24.48","10.02","-0.37","Moving Up","M1S1","",,="9/9","<1","false","Swing"
"BFST","Business First Bancshares, Inc. Common Stock","Financials","Banks - Regional","32.18","66.84","Sell","Aug 10, 2026","Uptrend","May 22, 2026","236427","27.26","3.99","0.63","Moving Down","M1S1","",,="7/9","<1","false","Swing"
"BGX","Blackstone Long Short Credit Income Fund Common Shares","Financials","Closed-End Fund - Debt","10.9","58.56","Buy","Aug 10, 2026","Uptrend","Aug 07, 2026","58520.2","66.51","10.89","0.28","Moving Up","M1S1","",,="8/9","<1","false","Swing"
"BHRB","Burke & Herbert Financial Services Corp. Common Stock","Financials","Banks - Regional","73.87","67.36","Sell","Aug 10, 2026","Uptrend","Jun 04, 2026","135619.2","23.52","1.21","0.34","Moving Down","M1S1","",,="7/9","<1","false","Swing"
"BIIB","Biogen Inc. Common Stock","Health Care","Drug Manufacturers - General","208.87","54.28","Buy","Aug 10, 2026","Uptrend","Jul 29, 2026","1287894.4","-161.91","0.63","2.44","Moving Up","M1S1","",,="8/9","<1","false","Swing"
"BWA","BorgWarner Inc. Common Stock","Discretionary","Auto Parts","68.85","47.14","Buy","Aug 10, 2026","Uptrend","Aug 07, 2026","2343769.17","54.85","1.73","-1.19","Moving Up","","",,="7/9","<1","false","Swing"
"BWB","Bridgewater Bancshares, Inc. Common Stock","Financials","Banks - Regional","22.01","75.71","Buy","Aug 10, 2026","Uptrend","Aug 07, 2026","179167.77","29.29","6.23","1.38","Moving Up","M1S1","",,="8/9","<1","false","Swing"
"CALX","Calix, Inc Common Stock","Technology","Software - Infrastructure","39.9","36.87","Buy","Aug 10, 2026","Uptrend","Aug 11, 2026","1248497.3","-534.6","0.13","0.71","Moving Up","M1S1","",,="8/9","<1","false","Swing"
"CASH","Pathward Financial, Inc. Common Stock","Financials","Banks - Regional","85.85","61.94","Sell","Aug 10, 2026","Downtrend","Aug 12, 2026","199433.3","41.48","0.76","-1.86","Moving Down","M1S1","",,="6/9","<1","false","Swing"
"CBFV","CB Financial Services, Inc. Common Stock","Financials","Banks - Regional","37.83","60.85","Buy","Aug 10, 2026","Uptrend","Jul 29, 2026","4861.63","1.76","0.07","-0.5","Moving Up","M1S1","",,="9/9","<1","false","Swing"
"CCK","Crown Holdings, Inc.","Discretionary","Packaging & Containers","120.71","89.35","Sell","Aug 10, 2026","Uptrend","Jun 16, 2026","1046812.33","31.03","1.22","0.58","Moving Down","","",,="5/9","<1","false","Swing"
"CDRE","Cadre Holdings, Inc. Common Stock","Industrials","Aerospace & Defense","33.72","74.52","Buy","Aug 10, 2026","Uptrend","Jul 22, 2026","372391.7","-30.43","0.01","-0.94","Moving Up","","",,="9/9","<1","false","Swing"
"CENX","Century Aluminum Company Common Stock","Materials","Aluminum","48.17","42.67","Buy","Aug 10, 2026","Neutral","Aug 12, 2026","2041666.57","316.12","1.86","-7.88","Moving Up","","",,="8/9","<1","false","Swing"
"CGBD","Carlyle Secured Lending, Inc. Common Stock","Financials","Asset Management","11.1","86.16","Buy","Aug 10, 2026","Uptrend","Aug 07, 2026","604733.2","63.91","12.87","-0.63","Moving Up","M1S1","",,="9/9","<1","false","Swing"
"CHDN","Churchill Downs, Incorporated Common Stock","Discretionary","Gambling","88.53","57.61","Buy","Aug 10, 2026","Uptrend","Aug 11, 2026","1002950.57","-34.52","0.15","-0.11","Moving Up","","",,="6/9","<1","false","Swing"
"CL","Colgate-Palmolive Company Common Stock","Staples","Household & Personal Products","92.32","59.44","Buy","Aug 10, 2026","Uptrend","Aug 05, 2026","4464828.5","53.2","3.13","0.01","Moving Up","","",,="6/9","<1","false","Swing"
"CLS","Celestica, Inc. Common Stock","Technology","Electronic Components","339.46","39.36","Sell","Aug 10, 2026","Downtrend","Aug 06, 2026","2633118.07","-1372.56","0.3","9.37","Moving Up","M1S1","",,="7/9","<1","false","Swing"
"COHR","Coherent Corp. Common Stock","Technology","Scientific & Technical Instruments","355.64","38.64","Buy","Aug 10, 2026","Uptrend","Aug 07, 2026","5507982.77","15.51","0.04","8.24","Moving Up","M1S1","Positive",,="9/9","<1","false","Swing"
"CRSP","CRISPR Therapeutics AG Common Shares","Health Care","Biotechnology","53.99","62.07","Buy","Aug 10, 2026","Uptrend","Aug 07, 2026","1581762","-33.08","7.34","-0.15","Moving Up","M1S1","",,="9/9","<1","false","Swing"
"CSV","Carriage Services, Inc. Common Stock","Discretionary","Personal Services","33.69","43.03","Sell","Aug 10, 2026","Downtrend","Aug 07, 2026","158040.07","156.43","10.11","0.15","Moving Down","","",,="4/9","<1","false","Swing"
"CVCO","Cavco Industries, Inc. Common Stock When Issued","Discretionary","Residential Construction","598.38","50.81","Buy","Aug 10, 2026","Uptrend","Aug 07, 2026","116033.57","-56.11","0.27","0.71","Moving Up","","",,="7/9","<1","false","Swing"
"CVE","Cenovus Energy Inc Common Stock","Energy","Oil & Gas Integrated","30.17","83.15","Sell","Aug 10, 2026","Uptrend","Jul 14, 2026","6915808.17","85.07","1.14","1.11","Moving Up","M1S1","",,="8/9","<1","false","Swing"
"DAN","Dana Incorporated Common Stock ","Discretionary","Auto Parts","29.7","66.76","Buy","Aug 10, 2026","Uptrend","Aug 10, 2026","1432990.2","126.62","6.58","-2.3","Moving Up","","",,="7/9","<1","false","Swing"
"DDOG","Datadog, Inc. Class A Common Stock","Technology","Software - Application","240.91","51.7","Sell","Aug 10, 2026","Downtrend","Aug 12, 2026","4811413.27","97.92","3.15","-2.38","Moving Down","M1S1","",,="6/9","<1","false","Swing"
"DOCS","Doximity, Inc. Class A Common Stock","Health Care","Health Information Services","24.99","74.15","Buy","Aug 10, 2026","Uptrend","Aug 07, 2026","5782313.87","38.22","6.85","-4.29","Moving Up","M1S1","",,="9/9","<1","false","Swing"
"DOCU","DocuSign, Inc. Common Stock","Technology","Software - Application","58.1","83.93","Buy","Aug 10, 2026","Uptrend","Jul 24, 2026","3001458","-117.63","0.32","-2.09","Moving Up","M1S1","",,="9/9","<1","false","Swing"
"DRH","Diamondrock Hospitality Company Common Stock","Real Estate","REIT - Hotel & Motel","12.23","81.46","Sell","Aug 10, 2026","Neutral","Aug 12, 2026","2641439.57","-102.39","0.04","1.83","Moving Down","","",,="4/9","<1","false","Swing"
"DTF","DTF Tax-Free Income 2028 Term Fund Inc. Common Stock","Financials","Closed-End Fund - Debt","11.53","58.4","Buy","Aug 10, 2026","Uptrend","Aug 07, 2026","5293.07","-3.77","3.29","0.17","Moving Up","M1S1","",,="8/9","<1","false","Swing"
"DXPE","DXP Enterprises, Inc. Common Stock","Industrials","Industrial Distribution","195.76","62.53","Buy","Aug 10, 2026","Uptrend","Aug 05, 2026","140347.93","163.43","1.1","0.39","Moving Up","","",,="9/9","<1","false","Swing"
"ENTG","Entegris, Inc. Common Stock","Technology","Semiconductor Equipment & Materials","161.08","58.77","Buy","Aug 10, 2026","Uptrend","Aug 07, 2026","3023335.07","70.83","1.02","7.24","Moving Up","M1S1","",,="9/9","<1","false","Swing"
"EOI","Eaton Vance Enhance Equity Income Fund Eaton Vance Enhanced Equity Income Fund Shares of Beneficial Interest","Financials","Closed-End Fund - Equity","20.24","67.87","Buy","Aug 10, 2026","Uptrend","Aug 03, 2026","69060.13","84.08","2.32","-0.05","Moving Up","M1S1","",,="8/9","<1","false","Swing"
"FAF","First American Corporation (New) Common Stock","Financials","Insurance - Specialty","72.3","88.74","Sell","Aug 10, 2026","Uptrend","Jun 26, 2026","758335.73","-10.84","0.26","0.85","Moving Down","M1S1","",,="7/9","<1","false","Swing"
"FBP","First BanCorp. New Common Stock","Financials","Banks - Regional","29.21","83.98","Sell","Aug 10, 2026","Uptrend","Apr 01, 2026","1416898.43","112.06","1.4","0.59","Moving Down","M1S1","",,="7/9","<1","false","Swing"
"FENC","Fennec Pharmaceuticals Inc. Common Stock","Health Care","Biotechnology","11.83","76.97","Buy","Aug 10, 2026","Uptrend","Aug 06, 2026","180469.97","-99.42","0.16","-7.43","Moving Up","M1S1","",,="9/9","<1","false","Swing"
"FIS","Fidelity National Information Services, Inc. Common Stock","Technology","Information Technology Services","41.92","80.31","Sell","Aug 10, 2026","Neutral","Aug 12, 2026","6064154.73","-83.1","2.69","-1.96","Moving Down","M1S1","",,="6/9","<1","false","Swing"
"FIVN","Five9, Inc. Common Stock","Technology","Software - Infrastructure","31.2","90.94","Buy","Aug 10, 2026","Uptrend","Jul 24, 2026","3172556.7","-218.33","0.95","-4.38","Moving Up","M1S1","",,="9/9","<1","false","Swing"
"FLR","Fluor Corporation Common Stock","Industrials","Engineering & Construction","52.03","52.49","Buy","Aug 10, 2026","Uptrend","Aug 07, 2026","2466877.73","0.2","0","-1.74","Moving Up","","",,="9/9","<1","false","Swing"
"FN","Fabrinet Ordinary Shares","Technology","Electronic Components","571.88","52.18","Buy","Aug 10, 2026","Uptrend","Aug 12, 2026","770708.27","-103.74","0.31","8.75","Moving Up","M1S1","",,="9/9","<1","false","Swing"
"FNF","Fidelity National Financial, Inc. Common Stock","Financials","Insurance - Specialty","47.67","74.97","Sell","Aug 10, 2026","Downtrend","Aug 11, 2026","1521252","-60.07","0.1","0.21","Moving Down","M1S1","",,="6/9","<1","false","Swing"
"FRBA","First Bank Common Stock","Financials","Banks - Regional","18.95","71.98","Sell","Aug 10, 2026","Uptrend","Jun 05, 2026","95428.67","13","0.42","1.01","Moving Down","M1S1","",,="7/9","<1","false","Swing"
"FWRD","Forward Air Corporation Common Stock","Industrials","Integrated Freight & Logistics","19.49","76.74","Buy","Aug 10, 2026","Uptrend","Aug 03, 2026","744399.23","10.21","3.85","4.78","Moving Up","","",,="9/9","<1","false","Swing"
"GBDC","Golub Capital BDC, Inc. Common Stock","Financials","Asset Management","13.09","78.79","Buy","Aug 10, 2026","Uptrend","Aug 06, 2026","1029359.1","-11.6","4.49","-0.68","Moving Up","M1S1","",,="8/9","<1","false","Swing"
"GEN","Gen Digital Inc. Common Stock","Technology","Software - Infrastructure","28.64","65.44","Buy","Aug 10, 2026","Uptrend","Jun 30, 2026","4620455.23","90.29","2.33","-1.28","Moving Up","M1S1","",,="9/9","<1","false","Swing"
"GF","New Germany Fund, Inc. (The) Common Stock","Financials","Closed-End Fund - Foreign","11.61","35.5","Buy","Aug 10, 2026","Uptrend","Aug 11, 2026","25523.97","89.18","8.7","0.43","Moving Up","M1S1","",,="9/9","<1","false","Swing"
"GIII","G-III Apparel Group, LTD. Common Stock","Discretionary","Apparel Manufacturing","33.46","61.04","Sell","Aug 10, 2026","Downtrend","Aug 12, 2026","429079.57","-119.86","0.01","-1.91","Moving Down","","",,="4/9","<1","false","Swing"
"GLNG","Golar Lng Ltd","Energy","Oil & Gas Midstream","51.07","51.66","Buy","Aug 10, 2026","Uptrend","Aug 07, 2026","1120337.23","-33.2","0.33","0.45","Moving Up","M1S1","",,="8/9","<1","false","Swing"
"GNE","Genie Energy Ltd. Class B Common Stock Stock","Utilities","Utilities - Regulated Electric","14.44","57.06","Buy","Aug 10, 2026","Uptrend","Aug 06, 2026","77906.53","292.97","5.71","-0.96","Moving Up","","",,="6/9","<1","false","Swing"
"HBT","HBT Financial, Inc. Common Stock","Financials","Banks - Regional","36.46","81.41","Sell","Aug 10, 2026","Uptrend","Jun 04, 2026","141571.67","100.62","2.13","0.75","Moving Down","M1S1","",,="7/9","<1","false","Swing"
"HLIO","Helios Technologies, Inc. Common Stock","Industrials","Specialty Industrial Machinery","80.82","55.48","Buy","Aug 10, 2026","Uptrend","Aug 07, 2026","314179.27","50.61","1.99","-0.3","Moving Up","","",,="9/9","<1","false","Swing"
"HPF","John Hancock Pfd Income Fund II Pfd Income Fund II","Financials","Closed-End Fund - Debt","15.95","54.14","Buy","Aug 10, 2026","Uptrend","Aug 07, 2026","28313.13","19.56","3.07","0","Moving Up","M1S1","",,="8/9","<1","false","Swing"
"HSBC","HSBC Holdings, plc. Common Stock","Financials","Banks - Diversified","104.12","79.41","Sell","Aug 10, 2026","Uptrend","Jun 15, 2026","1344159.8","97.97","1.43","0.88","Moving Down","M1S1","",,="7/9","<1","false","Swing"
"HST","Host Hotels & Resorts, Inc. Common Stock","Real Estate","REIT - Hotel & Motel","22.8","61.43","Sell","Aug 10, 2026","Downtrend","Aug 10, 2026","9722100.4","-111.99","0.07","2.29","Moving Down","","",,="4/9","<1","false","Swing"
"HUBS","HubSpot, Inc. Common Stock","Technology","Software - Application","210.12","68.34","Sell","Aug 10, 2026","Neutral","Aug 12, 2026","1852325","52.51","3.01","-4.71","Moving Down","M1S1","",,="6/9","<1","false","Swing"
"HURC","Hurco Companies, Inc. Common Stock","Industrials","Specialty Industrial Machinery","22.21","66.15","Buy","Aug 10, 2026","Uptrend","Aug 07, 2026","32874.17","-38.84","3.01","0.59","Moving Up","","",,="8/9","<1","false","Swing"
"IIIV","i3 Verticals, Inc. Class A Common Stock","Technology","Software - Infrastructure","16.54","29.47","Sell","Aug 10, 2026","Downtrend","Aug 07, 2026","393983.5","-115.57","0.71","-2.42","Moving Down","M1S1","",,="6/9","<1","false","Swing"
"IMCR","Immunocore Holdings plc American Depositary Shares","Health Care","Biotechnology","34.74","75.02","Buy","Aug 10, 2026","Uptrend","Jun 24, 2026","557900.03","-10.9","13.79","1.64","Moving Up","M1S1","",,="9/9","<1","false","Swing"
"INSM","Insmed Incorporated Common Stock","Health Care","Biotechnology","132.28","38.09","Buy","Aug 10, 2026","Uptrend","Aug 06, 2026","2974498.2","259.4","1.84","-0.22","Moving Up","M1S1","",,="9/9","<1","false","Swing"
"IRM","Iron Mountain Incorporated (Delaware)Common Stock REIT","Real Estate","REIT - Specialty","124.36","45.39","Sell","Aug 10, 2026","Neutral","Aug 12, 2026","2069600.73","203.8","1.38","1.61","Moving Down","","",,="4/9","<1","false","Swing"
"IRON","Disc Medicine, Inc. Common Stock","Health Care","Biotechnology","80.59","67.37","Sell","Aug 10, 2026","Uptrend","Jun 15, 2026","451666.57","40.82","1.76","-0.76","Moving Up","M1S1","",,="7/9","<1","false","Swing"
"JBIO","Jade Biosciences, Inc. Common Stock","Health Care","Biotechnology","23.21","36.63","Buy","Aug 10, 2026","Uptrend","Aug 05, 2026","898472.2","274.78","4.1","3.85","Moving Up","M1S1","",,="8/9","<1","false","Swing"
"JD","JD.com, Inc. American Depositary Shares","Discretionary","Internet Retail","31.61","68.78","Sell","Aug 10, 2026","Uptrend","Jul 14, 2026","7747088.57","-102.17","0.76","-0.97","Moving Down","","",,="5/9","<1","false","Swing"
"KD","Kyndryl Holdings, Inc. Common Stock","Technology","Information Technology Services","13.08","71.9","Sell","Aug 10, 2026","Uptrend","Jul 27, 2026","4237064.6","52.89","9.26","-2.1","Moving Down","M1S1","",,="7/9","<1","false","Swing"
"LASR","nLIGHT, Inc. Common Stock","Technology","Semiconductors","53.04","19.81","Sell","Aug 10, 2026","Downtrend","Aug 10, 2026","1339621.93","-551.5","0.09","7.78","Moving Down","M1S1","",,="6/9","<1","false","Swing"
"LEN","Lennar Corporation Class A Common Stock","Discretionary","Residential Construction","85.2","54.51","Buy","Aug 10, 2026","Neutral","Aug 12, 2026","2321427.43","-151.31","0.08","-2.68","Moving Up","","",,="6/9","<1","false","Swing"
"LGI","Lazard Global Total Return and Income Fund Common Stock","Financials","Closed-End Fund - Foreign","18.61","47.37","Buy","Aug 10, 2026","Uptrend","Aug 07, 2026","36662.93","89.12","2.48","0.76","Moving Up","M1S1","",,="9/9","<1","false","Swing"
"LMNR","Limoneira Co Common Stock","Staples","Farm Products","13.83","72.34","Buy","Aug 10, 2026","Uptrend","Aug 04, 2026","67175.7","-77.94","0.76","-1.14","Moving Up","","",,="7/9","<1","false","Swing"
"LOCO","El Pollo Loco Holdings, Inc. Common Stock","Discretionary","Restaurants","15.2","49.74","Sell","Aug 10, 2026","Downtrend","Aug 07, 2026","238900.17","-16.86","0.12","2.49","Moving Down","","",,="4/9","<1","false","Swing"
"MATW","Matthews International Corporation Class A Common Stock","Industrials","Conglomerates","23.25","38.79","Sell","Aug 10, 2026","Downtrend","Aug 07, 2026","421648.83","-45.74","1.86","-1.06","Moving Down","","",,="6/9","<1","false","Swing"
"MELI","MercadoLibre, Inc. Common Stock","Discretionary","Internet Retail","1828.29","67.38","Sell","Aug 10, 2026","Uptrend","Jun 30, 2026","422337.43","-153.62","0.19","-5.76","Moving Down","","",,="5/9","<1","false","Swing"
"MEOH","Methanex Corporation Common Stock","Materials","Chemicals","53.9","77.5","Sell","Aug 10, 2026","Neutral","Aug 12, 2026","954659.27","45.9","2.71","-0.68","Moving Down","","",,="6/9","<1","false","Swing"
"MFG","Mizuho Financial Group, Inc. Sponosred ADR (Japan)","Financials","Banks - Regional","10.81","66.27","Buy","Aug 10, 2026","Uptrend","May 19, 2026","3870606.83","98.22","1.02","3.54","Moving Up","M1S1","",,="9/9","<1","false","Swing"
"MNSO","MINISO Group Holding Limited American Depositary Shares, each representing four Ordinary Shares","Discretionary","Specialty Retail","11.9","38.78","Sell","Aug 10, 2026","Downtrend","Aug 12, 2026","624946.27","-21.55","9.28","-1.16","Moving Down","","",,="4/9","<1","false","Swing"
"MTG","MGIC Investment Corporation Common Stock","Financials","Insurance - Specialty","30.64","83.76","Sell","Aug 10, 2026","Uptrend","Jun 22, 2026","1773397.23","36.52","0.77","0.96","Moving Down","M1S1","",,="7/9","<1","false","Swing"
"MTRN","Materion Corporation","Materials","Other Industrial Metals & Mining","283.26","66.64","Buy","Aug 10, 2026","Uptrend","Aug 06, 2026","373146.67","200.99","1.3","0.88","Moving Up","","",,="9/9","<1","false","Swing"
"MZTI","The Marzetti Company Common Stock","Staples","Packaged Foods","115.9","38.78","Buy","Aug 10, 2026","Uptrend","Aug 07, 2026","283625.17","-118.77","0.63","0.77","Moving Up","","",,="7/9","<1","false","Swing"
"NCLH","Norwegian Cruise Line Holdings Ltd. Ordinary Shares","Discretionary","Travel Services","18.92","62.07","Sell","Aug 10, 2026","Downtrend","Aug 07, 2026","14152668.1","-11.28","9.94","1.18","Moving Up","","",,="5/9","<1","false","Swing"
"NFLX","Netflix, Inc. Common Stock","Communication","Entertainment","74.21","48.36","Buy","Aug 10, 2026","Neutral","Aug 11, 2026","43060506.3","29.59","2.13","-0.78","Moving Up","","",,="7/9","<1","false","Swing"
"NGVC","Natural Grocers by Vitamin Cottage, Inc. Common Stock","Staples","Grocery Stores","27.43","39.12","Sell","Aug 10, 2026","Downtrend","Aug 07, 2026","133852.4","433.5","4.41","-0.4","Moving Down","","",,="4/9","<1","false","Swing"
"NICE","NICE Ltd American Depositary Shares","Technology","Software - Application","98.56","75.59","Buy","Aug 10, 2026","Uptrend","Jul 28, 2026","593620.13","-138.31","0.77","-2.92","Moving Up","M1S1","",,="9/9","<1","false","Swing"
"OC","Owens Corning Inc Common Stock New","Industrials","Building Products & Equipment","155.91","80.31","Buy","Aug 10, 2026","Uptrend","Jun 11, 2026","973400.43","79.47","1.48","-1.89","Moving Up","","",,="9/9","<1","false","Swing"
"OFG","OFG Bancorp Common Stock","Financials","Banks - Regional","52.88","76.19","Sell","Aug 10, 2026","Uptrend","Mar 31, 2026","294005.5","53.88","0.88","0.65","Moving Down","M1S1","",,="7/9","<1","false","Swing"
"ORCL","Oracle Corporation Common Stock","Technology","Software - Infrastructure","153.28","24.02","Buy","Aug 10, 2026","Uptrend","Aug 12, 2026","36272444.7","186.45","2.6","5.36","Moving Up","M1S1","Negative",,="9/9","<1","false","Swing"
"ORI","Old Republic International Corporation Common Stock","Financials","Insurance - Property & Casualty","42.47","64.13","Sell","Aug 10, 2026","Uptrend","Jun 23, 2026","1380662.9","-54.39","0.25","0.09","Moving Down","M1S1","",,="7/9","<1","false","Swing"
"PB","Prosperity Bancshares, Inc. Common Stock","Financials","Banks - Regional","74.46","60.64","Sell","Aug 10, 2026","Uptrend","Jul 09, 2026","1229751.57","31.5","12.53","1.11","Moving Down","M1S1","",,="6/9","<1","false","Swing"
"PBR","Petroleo Brasileiro S.A. Petrobras ADS","Energy","Oil & Gas Integrated","17.76","76.46","Sell","Aug 10, 2026","Neutral","Aug 11, 2026","15444307.43","-22.67","0.1","-0.95","Moving Down","M1S1","",,="6/9","<1","false","Swing"
"PCN","Pimco Corporate & Income Strategy Fund Common Stock","Financials","Closed-End Fund - Debt","11.92","55.22","Buy","Aug 10, 2026","Uptrend","Aug 07, 2026","332976.83","8.98","2.38","-0.08","Moving Up","M1S1","",,="8/9","<1","false","Swing"
"PDLB","Ponce Financial Group, Inc. Common Stock","Financials","Banks - Regional","20.68","69.05","Sell","Aug 10, 2026","Uptrend","Mar 24, 2026","63104","78.73","2.62","1.17","Moving Up","M1S1","",,="8/9","<1","false","Swing"
"PLAY","Dave & Buster's Entertainment, Inc. Common Stock","Communication","Entertainment","10.37","61.41","Sell","Aug 10, 2026","Downtrend","Aug 06, 2026","1435355.77","65.65","6.75","3.39","Moving Up","","",,="6/9","<1","false","Swing"
"PLMR","Palomar Holdings, Inc. Common stock","Financials","Insurance - Property & Casualty","127.54","62.28","Sell","Aug 10, 2026","Downtrend","Aug 12, 2026","302186.3","105","4.87","-3.15","Moving Down","M1S1","",,="6/9","<1","false","Swing"
"PLNT","Planet Fitness, Inc. Common Stock","Discretionary","Leisure","48.26","36.56","Sell","Aug 10, 2026","Downtrend","Aug 10, 2026","1977532.9","46.64","10.86","0.71","Moving Down","","","true",="4/9","<1","false","Swing"
"POOL","Pool Corporation Common Stock","Industrials","Industrial Distribution","199.41","42.37","Buy","Aug 10, 2026","Neutral","Aug 12, 2026","817096","-48.19","0.39","-1.04","Moving Up","","",,="7/9","<1","false","Swing"
"PRAA","PRA Group, Inc. Common Stock","Financials","Credit Services","19.58","72.79","Buy","Aug 10, 2026","Uptrend","Aug 06, 2026","390599.67","-4.08","33.21","4.48","Moving Up","M1S1","",,="9/9","<1","false","Swing"
"PSIX","Power Solutions International, Inc. Common Stock","Industrials","Specialty Industrial Machinery","42.53","43.03","Buy","Aug 10, 2026","Uptrend","Aug 07, 2026","520752.43","96.48","0.97","0.9","Moving Up","","",,="9/9","<1","false","Swing"
"QXO","QXO, Inc. Common Stock","Industrials","Industrial Distribution","15.03","31.9","Buy","Aug 10, 2026","Neutral","Aug 10, 2026","23952431.9","-514.37","0.19","-3.34","Moving Up","","",,="8/9","<1","false","Swing"
"RCUS","Arcus Biosciences, Inc. Common Stock","Health Care","Biotechnology","28.96","64.48","Buy","Aug 10, 2026","Uptrend","Aug 07, 2026","1077863.23","16.37","18.12","0.77","Moving Up","M1S1","",,="9/9","<1","false","Swing"
"RDW","Redwire Corporation Common Stock","Industrials","Aerospace & Defense","13.49","69.32","Buy","Aug 10, 2026","Uptrend","Aug 07, 2026","17322799.9","869.59","5.9","-0.15","Moving Up","","",,="9/9","<1","false","Swing"
"RIV","RiverNorth Opportunities Fund, Inc. Common Stock","Financials","Closed-End Fund - Equity","11.64","48.16","Buy","Aug 10, 2026","Uptrend","Aug 07, 2026","75144.03","-20.14","0.27","-0.09","Moving Up","M1S1","",,="8/9","<1","false","Swing"
"RL","Ralph Lauren Corporation Common Stock","Discretionary","Apparel Manufacturing","396.35","41.64","Buy","Aug 10, 2026","Uptrend","Aug 07, 2026","608079.13","129.02","1.43","-0.34","Moving Up","","",,="7/9","<1","false","Swing"
"RMAX","RE/MAX Holdings, Inc. Class A Common Stock","Real Estate","Real Estate Services","12.33","63.21","Buy","Aug 10, 2026","Uptrend","Aug 07, 2026","444851.3","-10.7","20.84","1.82","Moving Up","","",,="7/9","<1","false","Swing"
"RMT","Royce Micro-Cap Trust, Inc. Common Stock","Financials","Closed-End Fund - Equity","14.43","57.74","Buy","Aug 10, 2026","Uptrend","Aug 07, 2026","129123.37","93.36","1.34","0.98","Moving Up","M1S1","",,="8/9","<1","false","Swing"
"ROAD","Construction Partners, Inc. Class A Common Stock","Industrials","Engineering & Construction","121.53","70.71","Buy","Aug 10, 2026","Uptrend","Aug 07, 2026","1230279.03","-51.76","0.32","0.61","Moving Up","","",,="9/9","<1","false","Swing"
"ROIV","Roivant Sciences Ltd. Common Shares","Health Care","Biotechnology","36.16","44.8","Buy","Aug 10, 2026","Uptrend","Aug 04, 2026","5101843.33","11.64","0.12","2.58","Moving Up","M1S1","",,="9/9","<1","false","Swing"
"RVMD","Revolution Medicines, Inc. Common Stock","Health Care","Biotechnology","205.26","55.72","Buy","Aug 10, 2026","Uptrend","Apr 13, 2026","1893637.47","234.13","1.17","-0.14","Moving Up","M1S1","",,="9/9","<1","false","Swing"
"RYAN","Ryan Specialty Holdings, Inc. Class A Common Stock","Financials","Insurance - Specialty","42.87","73.44","Sell","Aug 10, 2026","Uptrend","Jun 23, 2026","2126103.43","-25.21","1.26","1.66","Moving Down","M1S1","",,="7/9","<1","false","Swing"
"SCSC","ScanSource, Inc. Common Stock","Technology","Electronics & Computer Distribution","51.98","85.55","Sell","Aug 10, 2026","Downtrend","Aug 12, 2026","203521.37","-57.75","0.15","0.25","Moving Down","M1S1","",,="6/9","<1","false","Swing"
"SHEN","Shenandoah Telecommunications Co Common Stock","Communication","Telecom Services","13.03","46.13","Buy","Aug 10, 2026","Neutral","Aug 10, 2026","489801.1","-77.15","2.67","-2.54","Moving Up","","",,="7/9","<1","false","Swing"
"SII","Sprott Inc. Common Shares","Financials","Asset Management","117.74","41.22","Buy","Aug 10, 2026","Uptrend","Aug 07, 2026","184523.93","332.39","3.08","-3.96","Moving Up","M1S1","",,="9/9","<1","false","Swing"
"SIM","Grupo Simec, S.A.B. de C.V. American Depositary Shares","Materials","Steel","30.53","36.62","Buy","Aug 10, 2026","Uptrend","Aug 07, 2026","28481.27","-469.94","0.1","-0.84","Moving Up","","",,="9/9","<1","false","Swing"
"SITM","SiTime Corporation Common Stock","Technology","Semiconductors","680.52","63.81","Buy","Aug 10, 2026","Uptrend","Aug 07, 2026","496636.47","-42.54","0.26","2.01","Moving Up","M1S1","",,="9/9","<1","false","Swing"
"SSD","Simpson Manufacturing Company, Inc. Common Stock","Materials","Lumber & Wood Production","194.83","56.48","Buy","Aug 10, 2026","Uptrend","Aug 05, 2026","286117.73","-2.37","0.39","-2.53","Moving Up","","",,="9/9","<1","false","Swing"
"SSRM","SSR Mining Inc. Common Stock","Materials","Gold","32.52","64.43","Buy","Aug 10, 2026","Uptrend","Aug 07, 2026","3135989.57","-135.15","0.11","1.72","Moving Up","","",,="9/9","<1","false","Swing"
"STBA","S&T Bancorp, Inc. Common Stock","Financials","Banks - Regional","51.47","77.78","Sell","Aug 10, 2026","Uptrend","Apr 01, 2026","266308.5","112.44","5.95","0.35","Moving Down","M1S1","",,="7/9","<1","false","Swing"
"STK","Columbia Seligman Premium Technology Growth Fund Inc","Financials","Closed-End Fund - Equity","53.21","64.87","Buy","Aug 10, 2026","Uptrend","Aug 07, 2026","63526.73","154.13","1.4","1.9","Moving Up","M1S1","",,="8/9","<1","false","Swing"
"STNE","StoneCo Ltd. Class A Common Shares","Technology","Software - Infrastructure","10","34","Sell","Aug 10, 2026","Downtrend","Aug 07, 2026","3605999.1","-39.75","3.54","0.4","Moving Down","M1S1","",,="6/9","<1","false","Swing"
"SU","Suncor Energy  Inc. Common Stock","Energy","Oil & Gas Integrated","63.88","84.95","Sell","Aug 10, 2026","Uptrend","Aug 10, 2026","3972857.73","62.83","1.54","0.95","Moving Down","M1S1","",,="7/9","<1","false","Swing"
"SYM","Symbotic Inc. Class A Common Stock","Industrials","Specialty Industrial Machinery","41.19","33.43","Sell","Aug 10, 2026","Downtrend","Aug 10, 2026","1677811.47","-285.72","0.01","-1.2","Moving Down","","",,="6/9","<1","false","Swing"
"SYRE","Spyre Therapeutics, Inc. Common Stock","Health Care","Biotechnology","104.09","53.3","Buy","Aug 10, 2026","Uptrend","Jan 14, 2026","1031405.77","-49.87","3.45","1.31","Moving Up","M1S1","",,="9/9","<1","false","Swing"
"TDG","Transdigm Group Incorporated Common Stock","Industrials","Aerospace & Defense","1235.48","43.57","Sell","Aug 10, 2026","Downtrend","Aug 07, 2026","399437.5","-20.07","0.3","-0.53","Moving Up","","",,="7/9","<1","false","Swing"
"THQ","abrdn Healthcare Opportunities Fund Shares of Beneficial Interest","Financials","Closed-End Fund - Equity","19.54","70.39","Buy","Aug 10, 2026","Uptrend","Jul 28, 2026","222871.03","79.67","3.55","0","Moving Up","M1S1","",,="9/9","<1","false","Swing"
"THW","abrdn World Healthcare Fund Shares of Beneficial Interest","Financials","Closed-End Fund - Equity","13.97","56.39","Buy","Aug 10, 2026","Uptrend","Jun 24, 2026","160883.77","38.51","1.35","0.65","Moving Up","M1S1","",,="9/9","<1","false","Swing"
"TSSI","TSS, Inc. Common Stock","Technology","Information Technology Services","12.11","43.7","Buy","Aug 10, 2026","Uptrend","Aug 07, 2026","667116.73","-1618.13","0.18","6.23","Moving Up","M1S1","",,="8/9","<1","false","Swing"
"TT","Trane Technologies plc","Industrials","Building Products & Equipment","478.55","52.18","Buy","Aug 10, 2026","Uptrend","Aug 07, 2026","1192681.23","212.83","2.14","-1.12","Moving Up","","",,="8/9","<1","false","Swing"
"TWLO","Twilio Inc. Class A Common Stock","Technology","Software - Infrastructure","246.62","70.47","Buy","Aug 10, 2026","Uptrend","Aug 07, 2026","2175522.17","9.24","4.64","-3.65","Moving Up","M1S1","",,="9/9","<1","false","Swing"
"TXG","10x Genomics, Inc. Class A Common Stock","Health Care","Health Information Services","57.75","82.8","Buy","Aug 10, 2026","Uptrend","May 20, 2026","3132131.5","1.83","4.24","-1.25","Moving Up","M1S1","",,="9/9","<1","false","Swing"
"UBCP","United Bancorp, Inc. Common Stock","Financials","Banks - Regional","15.56","57.3","Buy","Aug 10, 2026","Neutral","Aug 10, 2026","6161.83","-107.74","0.11","-0.58","Moving Down","M1S1","",,="6/9","<1","false","Swing"
"USAU","U.S. Gold Corp. Common Stock","Materials","Gold","15.26","36.2","Buy","Aug 10, 2026","Uptrend","Aug 07, 2026","243950.9","-284.05","0.08","0.13","Moving Up","","",,="9/9","<1","false","Swing"
"V","Visa Inc.","Financials","Credit Services","359.42","86.11","Sell","Aug 10, 2026","Uptrend","Jun 16, 2026","7333045.73","32.8","1","-0.94","Moving Down","M1S1","Positive",,="7/9","<1","false","Swing"
"VNO","Vornado Realty Trust Common Stock","Real Estate","REIT - Office","39.23","67.28","Sell","Aug 10, 2026","Neutral","Aug 12, 2026","1714077.07","-41.53","2.8","1.11","Moving Down","","",,="4/9","<1","false","Swing"
"VOR","Vor Biopharma Inc. Common Stock","Health Care","Biotechnology","22.34","35.23","Sell","Aug 10, 2026","Uptrend","Jun 25, 2026","1122586.27","-37.71","10.68","-5.3","Moving Down","M1S1","",,="7/9","<1","false","Swing"
"VRTX","Vertex Pharmaceuticals Incorporated Common Stock","Health Care","Biotechnology","525.73","59.14","Buy","Aug 10, 2026","Uptrend","Aug 07, 2026","1460283.83","-148.12","0.17","-0.74","Moving Up","M1S1","",,="9/9","<1","false","Swing"
"VSXY","Victorias Secret & Co. Common Stock ","Discretionary","Apparel Retail","93.02","72","Buy","Aug 10, 2026","Uptrend","May 26, 2026","1645336.87","279.35","1.69","-1.21","Moving Down","","",,="6/9","<1","false","Swing"
"WLDN","Willdan Group, Inc. Common Stock","Industrials","Engineering & Construction","84.93","57.25","Buy","Aug 10, 2026","Uptrend","Aug 07, 2026","293977.7","4.54","0.08","1.16","Moving Up","","",,="9/9","<1","false","Swing"
"WLK","Westlake Corporation Common Stock","Materials","Specialty Chemicals","79.17","59.24","Buy","Aug 10, 2026","Neutral","Aug 12, 2026","1187571.2","17.97","2.98","-2.07","Moving Up","","",,="8/9","<1","false","Swing"
"WSFS","WSFS Financial Corporation Common Stock","Financials","Banks - Regional","81.14","78.57","Sell","Aug 10, 2026","Uptrend","Mar 30, 2026","443457.9","71.84","2.35","0.04","Moving Down","M1S1","",,="7/9","<1","false","Swing"
"WTS","Watts Water Technologies, Inc. Class A Common Stock","Industrials","Specialty Industrial Machinery","386.37","76.91","Buy","Aug 10, 2026","Uptrend","Aug 04, 2026","228067.37","190.53","1.62","0.42","Moving Up","","",,="9/9","<1","false","Swing"
"WTTR","Select Water Solutions, Inc. Class A common stock","Energy","Oil & Gas Equipment & Services","21.21","68.88","Buy","Aug 10, 2026","Uptrend","Aug 05, 2026","1890501","-24.29","0.32","0.47","Moving Up","M1S1","",,="9/9","<1","false","Swing"
"WWW","Wolverine World Wide, Inc. Common Stock","Discretionary","Footwear & Accessories","18.06","72.83","Sell","Aug 10, 2026","Neutral","Aug 11, 2026","788267.53","79.53","8.51","-0.77","Moving Down","","",,="4/9","<1","false","Swing"
"XYZ","Block, Inc. Class A Common Stock,","Technology","Software - Infrastructure","78.28","67.06","Sell","Aug 10, 2026","Uptrend","Jun 16, 2026","5003095.07","101.18","10.93","-1","Moving Down","M1S1","",,="7/9","<1","false","Swing"
"YOU","Clear Secure, Inc. Class A Common Stock","Technology","Software - Application","46.16","21.32","Sell","Aug 10, 2026","Downtrend","Aug 07, 2026","1409169.33","-99.39","0.19","-4.39","Moving Down","M1S1","",,="6/9","<1","false","Swing"
"ZLAB","Zai Lab Limited American Depositary Shares","Health Care","Biotechnology","25.49","83.79","Buy","Aug 10, 2026","Uptrend","Aug 07, 2026","925937.17","-28.05","4.33","-1.96","Moving Up","M1S1","",,="9/9","<1","false","Swing"
"ZTS","Zoetis Inc. Class A Common Stock","Health Care","Drug Manufacturers - Specialty & Generic","73.54","49.13","Sell","Aug 10, 2026","Downtrend","Aug 07, 2026","6491837.13","-59.16","2.18","-2.4","Moving Down","M1S1","",,="6/9","<1","false","Swing"
"ABG","Asbury Automotive Group Inc Common Stock","Discretionary","Auto & Truck Dealerships","209.41","70.98","Sell","Aug 07, 2026","Downtrend","Aug 11, 2026","257866.43","12.45","0.36","0.8","Moving Down","","",,="4/9","<1","false","Swing"
"ACAD","ACADIA Pharmaceuticals Inc. Common Stock","Health Care","Biotechnology","29.45","72.55","Buy","Aug 07, 2026","Uptrend","Jun 22, 2026","1661573.3","86.45","13.15","0.14","Moving Up","M1S1","",,="9/9","<1","false","Swing"
"ADNT","Adient plc Ordinary Shares ","Discretionary","Auto Parts","18.62","45.61","Sell","Aug 07, 2026","Downtrend","Aug 07, 2026","970789.2","-118.43","1.75","-2.72","Moving Down","","",,="4/9","<1","false","Swing"
"AEIS","Advanced Energy Industries, Inc. Common Stock","Industrials","Electrical Equipment & Parts","337.32","57.81","Buy","Aug 07, 2026","Uptrend","Aug 11, 2026","718580.23","4.09","0.03","2.97","Moving Up","","",,="9/9","<1","false","Swing"
"AEVA","Aeva Technologies, Inc. Common Stock","Technology","Software - Infrastructure","25.16","64.31","Buy","Aug 07, 2026","Uptrend","Aug 06, 2026","1819555.53","-106.69","0.09","4.57","Moving Up","M1S1","",,="8/9","<1","false","Swing"
"ALG","Alamo Group, Inc. Common Stock","Industrials","Farm & Heavy Construction Machinery","165.22","61","Buy","Aug 07, 2026","Uptrend","Aug 04, 2026","138328.83","18.11","1.47","-2.66","Moving Up","","",,="9/9","<1","false","Swing"
"AMAL","Amalgamated Financial Corp. Common Stock (DE)","Financials","Banks - Regional","50.72","71.44","Sell","Aug 07, 2026","Uptrend","May 26, 2026","152694.1","145.08","2.26","1.42","Moving Down","M1S1","",,="7/9","<1","false","Swing"
"AMWL","American Well Corporation Class A Common Stock","Health Care","Health Information Services","12.65","89.5","Buy","Aug 07, 2026","Uptrend","Apr 15, 2026","151488.6","-28.67","11.76","-2.62","Moving Up","M1S1","",,="9/9","<1","false","Swing"
"APG","APi Group Corporation Common Stock","Industrials","Engineering & Construction","43.55","48.23","Buy","Aug 07, 2026","Uptrend","Aug 06, 2026","2808575.73","209","1.94","1.54","Moving Up","","",,="9/9","<1","false","Swing"
"APOG","Apogee Enterprises, Inc. Common Stock","Industrials","Building Products & Equipment","42.97","67.13","Buy","Aug 07, 2026","Uptrend","Aug 03, 2026","197462.57","3.29","0.18","-0.83","Moving Up","","",,="9/9","<1","false","Swing"
"ARE","Alexandria Real Estate Equities, Inc. Common Stock","Real Estate","REIT - Office","48.06","52.11","Sell","Aug 07, 2026","Downtrend","Aug 06, 2026","1676896.77","74.62","6.51","-0.12","Moving Down","","",,="4/9","<1","false","Swing"
"ASA","ASA  Gold and Precious Metals Limited","Financials","Closed-End Fund - Equity","58.78","27.06","Buy","Aug 07, 2026","Uptrend","Aug 06, 2026","59458.33","-30.09","0.4","0.74","Moving Up","M1S1","",,="8/9","<1","false","Swing"
"ATNI","ATN International, Inc. Common Stock","Communication","Telecom Services","31.04","61.9","Buy","Aug 07, 2026","Uptrend","Aug 06, 2026","79942.8","-62.56","1.76","-0.8","Moving Up","","",,="7/9","<1","false","Swing"
"ATS","ATS Corporation Common Shares","Industrials","Specialty Industrial Machinery","20.35","13.32","Sell","Aug 07, 2026","Downtrend","Aug 06, 2026","191741.7","-78.89","1.76","-0.2","Moving Down","","",,="6/9","<1","false","Swing"
"AXTI","AXT Inc Common Stock","Technology","Semiconductor Equipment & Materials","78.47","76.97","Buy","Aug 07, 2026","Uptrend","Aug 06, 2026","10886495.23","1301.41","2.8","6.36","Moving Up","M1S1","",,="9/9","<1","false","Swing"
"AYI","Acuity Inc. Common Stock","Industrials","Electrical Equipment & Parts","360.33","60.03","Buy","Aug 07, 2026","Uptrend","Jun 12, 2026","314521.67","16.72","0.28","0.91","Moving Up","","",,="8/9","<1","false","Swing"
"BCAL","California BanCorp Common Stock","Financials","Banks - Regional","21.8","66.4","Sell","Aug 07, 2026","Uptrend","Jun 04, 2026","210973.4","48.15","4.51","1.44","Moving Up","M1S1","",,="8/9","<1","false","Swing"
"BCE","BCE, Inc. Common Stock","Communication","Telecom Services","23.13","60.09","Buy","Aug 07, 2026","Uptrend","Aug 06, 2026","3718142.17","-34.14","3.55","-1.03","Moving Up","","",,="8/9","<1","false","Swing"
"BELFB","Bel Fuse Inc. Class B Common Stock","Technology","Electronic Components","294.45","42","Buy","Aug 07, 2026","Uptrend","Aug 05, 2026","287000.7","77.4","0.26","1.5","Moving Up","M1S1","",,="9/9","<1","false","Swing"
"BIP","Brookfield Infrastructure Partners LP Limited Partnership Units","Utilities","Utilities - Diversified","39.45","78.22","Sell","Aug 07, 2026","Neutral","Aug 10, 2026","1035372.6","54.64","3.32","0.18","Moving Down","","",,="4/9","<1","false","Swing"
"BNTC","Benitec Biopharma Inc. Common Stock","Health Care","Biotechnology","12.34","42.88","Buy","Aug 07, 2026","Neutral","Aug 12, 2026","124951.07","-58.25","5.97","-8.46","Moving Up","M1S1","",,="8/9","<1","false","Swing"
"BOOT","Boot Barn Holdings, Inc. Common Stock","Discretionary","Apparel Retail","160.74","58.73","Buy","Aug 07, 2026","Uptrend","Aug 06, 2026","687670.57","182.08","1.87","-3.05","Moving Up","","",,="7/9","<1","false","Swing"
"BRBR","BellRing Brands, Inc. Common Stock ","Staples","Packaged Foods","10.85","65.72","Sell","Aug 07, 2026","Downtrend","Aug 07, 2026","4394424.7","-32.11","6.15","-6.06","Moving Down","","",,="4/9","<1","false","Swing"
"BSM","Black Stone Minerals, L.P. Common units representing limited partner interests","Energy","Oil & Gas E&P","14.47","51.1","Sell","Aug 07, 2026","Uptrend","Aug 12, 2026","386033.23","64.94","1.59","2.05","Moving Down","M1S1","",,="6/9","<1","false","Swing"
"BTO","John Hancock Financial Opportunities Fund Common Stock","Financials","Closed-End Fund - Equity","41.07","73.2","Sell","Aug 07, 2026","Uptrend","Jun 05, 2026","48347.53","3.26","0.1","0.56","Moving Down","M1S1","",,="7/9","<1","false","Swing"
"BXSL","Blackstone Secured Lending Fund Common Shares of Beneficial Interest","Financials","Asset Management","24.41","86.77","Buy","Aug 07, 2026","Uptrend","Aug 06, 2026","1639421.87","-23.97","1.07","-0.04","Moving Up","M1S1","",,="8/9","<1","false","Swing"
"CASY","Casey's General Stores, Inc. Common Stock","Discretionary","Specialty Retail","839.03","60.24","Sell","Aug 07, 2026","Neutral","Aug 11, 2026","351759.33","16.35","0.08","1.1","Moving Down","","",,="4/9","<1","false","Swing"
"CBSH","Commerce Bancshares, Inc. Common Stock","Financials","Banks - Regional","59.71","80.87","Sell","Aug 07, 2026","Uptrend","Jun 04, 2026","1137682.9","39.3","3.22","1.17","Moving Down","M1S1","",,="7/9","<1","false","Swing"
"CCD","Calamos Dynamic Convertible & Income Fund Common Stock","Financials","Closed-End Fund - Equity","26.49","79.86","Buy","Aug 07, 2026","Uptrend","Aug 06, 2026","69177.73","-5.77","0.26","1.61","Moving Up","M1S1","",,="9/9","<1","false","Swing"
"CENTA","Central Garden & Pet Company Class A Common Stock Nonvoting","Staples","Packaged Foods","38.83","62.57","Buy","Aug 07, 2026","Uptrend","Jun 04, 2026","292738.63","-61.61","0.17","1.09","Moving Up","","",,="7/9","<1","false","Swing"
"CFR","Cullen/Frost Bankers, Inc. Common Stock","Financials","Banks - Regional","168.01","85.35","Sell","Aug 07, 2026","Uptrend","Jun 09, 2026","600309.8","37.61","1.27","1.2","Moving Down","M1S1","",,="7/9","<1","false","Swing"
"CIVB","Civista Bancshares, Inc. Common Stock","Financials","Banks - Regional","28.71","69.35","Sell","Aug 07, 2026","Uptrend","Apr 06, 2026","121692.1","58.52","3.93","0.91","Moving Down","M1S1","",,="7/9","<1","false","Swing"
"CLDT","Chatham Lodging Trust (REIT) Common Shares of Beneficial Interest","Real Estate","REIT - Hotel & Motel","12.67","71.72","Sell","Aug 07, 2026","Neutral","Aug 12, 2026","336886.9","-15.24","4.21","1.77","Moving Down","","",,="4/9","<1","false","Swing"
"CLYM","Climb Bio, Inc. Common Stock","Health Care","Biotechnology","14.39","39.47","Buy","Aug 07, 2026","Uptrend","Aug 06, 2026","1142880.87","113.08","0.98","3.9","Moving Up","M1S1","",,="9/9","<1","false","Swing"
"CMG","Chipotle Mexican Grill, Inc. Common Stock","Discretionary","Restaurants","32.64","47.45","Sell","Aug 07, 2026","Downtrend","Aug 10, 2026","18503230.4","79.29","2.59","2","Moving Down","","",,="4/9","<1","false","Swing"
"CNA","CNA Financial Corporation Common Stock","Financials","Insurance - Property & Casualty","50.67","89.8","Sell","Aug 07, 2026","Neutral","Aug 12, 2026","489013.33","-47.78","0.13","-0.39","Moving Down","M1S1","",,="6/9","<1","false","Swing"
"CNR","Core Natural Resources, Inc. Common Stock","Energy","Thermal Coal","94.95","79.43","Buy","Aug 07, 2026","Uptrend","Aug 06, 2026","545810.2","-26.75","0.17","1.3","Moving Up","M1S1","",,="8/9","<1","false","Swing"
"COLL","Collegium Pharmaceutical, Inc. Common Stock","Health Care","Drug Manufacturers - Specialty & Generic","25.7","12.89","Sell","Aug 07, 2026","Downtrend","Aug 06, 2026","523046.43","-41.95","0.05","-1.08","Moving Down","M1S1","",,="6/9","<1","false","Swing"
"CPK","Chesapeake Utilities Corporation Common Stock","Utilities","Utilities - Regulated Gas","134.73","70.69","Sell","Aug 07, 2026","Uptrend","Jul 07, 2026","210251.8","25.95","1.31","0.88","Moving Down","","",,="5/9","<1","false","Swing"
"CRL","Charles River Laboratories International, Inc. Common Stock","Health Care","Diagnostics & Research","284.37","88.19","Buy","Aug 07, 2026","Uptrend","May 29, 2026","897128.47","6.82","0.23","0.84","Moving Up","M1S1","",,="9/9","<1","false","Swing"
"CSWC","Capital Southwest Corporation Common Stock","Financials","Asset Management","25.11","59.67","Buy","Aug 07, 2026","Uptrend","Aug 03, 2026","671988.87","145.39","3.67","0.24","Moving Up","M1S1","",,="8/9","<1","false","Swing"
"CUBE","CubeSmart Common Shares","Real Estate","REIT - Industrial","41.22","77.02","Sell","Aug 07, 2026","Uptrend","Aug 12, 2026","2160755.2","-54.98","0.14","0.93","Moving Down","","",,="5/9","<1","false","Swing"
"DCTH","Delcath Systems, Inc. Common Stock","Health Care","Medical Devices","17.11","52.96","Buy","Aug 07, 2026","Uptrend","Aug 04, 2026","560558.43","-20.47","2.11","-0.64","Moving Up","M1S1","",,="9/9","<1","false","Swing"
"DINO","HF Sinclair Corporation Common Stock","Energy","Oil & Gas Refining & Marketing","87.93","79.1","Sell","Aug 07, 2026","Uptrend","Jul 01, 2026","2849954.63","132.33","4.53","2.78","Moving Down","M1S1","",,="7/9","<1","false","Swing"
"DKL","Delek Logistics Partners, L.P. Common Units representing Limited Partner Interests","Energy","Oil & Gas Refining & Marketing","60","81.9","Sell","Aug 07, 2026","Uptrend","Jul 02, 2026","76957.9","239.18","3.68","2.53","Moving Down","M1S1","",,="7/9","<1","false","Swing"
"DNOW","DNOW Inc. Common Stock","Industrials","Industrial Distribution","16.84","88.2","Buy","Aug 07, 2026","Uptrend","Jul 30, 2026","2501135.77","-83.23","0.13","1.08","Moving Up","","",,="8/9","<1","false","Swing"
"DRVN","Driven Brands Holdings Inc. Common Stock","Discretionary","Auto & Truck Dealerships","12.45","51.11","Sell","Aug 07, 2026","Downtrend","Aug 06, 2026","797521.8","-10.12","20.05","0.89","Moving Down","","",,="4/9","<1","false","Swing"
"EDN","Empresa Distribuidora Y Comercializadora Norte S.A. (Edenor) American Depositary Shares","Utilities","Utilities - Regulated Electric","22.7","48.09","Sell","Aug 07, 2026","Downtrend","Aug 07, 2026","65456.17","274.54","3.09","-1.48","Moving Down","","",,="4/9","<1","false","Swing"
"EFT","Eaton Vance Floating Rate Income Trust Common Shares of Beneficial Interest","Financials","Closed-End Fund - Debt","10.85","68.28","Buy","Aug 07, 2026","Uptrend","Aug 06, 2026","75436.8","38.56","3.71","-0.37","Moving Up","M1S1","",,="9/9","<1","false","Swing"
"EHC","Encompass Health Corporation Common Stock","Health Care","Medical Care Facilities","124.83","81.95","Buy","Aug 07, 2026","Uptrend","Jul 02, 2026","971758.27","-43.57","0.29","-0.41","Moving Up","M1S1","",,="8/9","<1","false","Swing"
"EOG","EOG Resources, Inc. Common Stock","Energy","Oil & Gas E&P","143.14","59.93","Sell","Aug 07, 2026","Uptrend","Aug 10, 2026","2967774.4","30.16","1.01","-0.18","Moving Up","M1S1","",,="8/9","<1","false","Swing"
"EQH","Equitable Holdings, Inc. Common Stock","Financials","Asset Management","51.87","94.89","Buy","Aug 07, 2026","Uptrend","Jun 11, 2026","2990249.6","-38.5","0.21","1.01","Moving Up","M1S1","",,="9/9","<1","false","Swing"
"EQX","Equinox Gold Corp. Common Shares","Materials","Gold","11.53","59.78","Buy","Aug 07, 2026","Uptrend","Aug 06, 2026","14082423.27","-23.72","0.8","-1.11","Moving Up","","",,="9/9","<1","false","Swing"
"ET","Energy Transfer LP Common Units ","Energy","Oil & Gas Midstream","20.95","75.7","Buy","Aug 07, 2026","Uptrend","Jul 07, 2026","9270808.23","30.78","0.39","0.82","Moving Up","M1S1","",,="9/9","<1","false","Swing"
"ETON","Eton Pharmaceuticals, Inc. Common Stock","Health Care","Drug Manufacturers - Specialty & Generic","41.58","65.43","Sell","Aug 07, 2026","Uptrend","Jun 09, 2026","506448.3","550.1","3.55","-1.12","Moving Down","M1S1","",,="7/9","<1","false","Swing"
"ETV","Eaton Vance Corporation Eaton Vance Tax-Managed Buy-Write Opportunities Fund Common Shares of Beneficial Interest","Financials","Closed-End Fund - Equity","15.14","51.46","Buy","Aug 07, 2026","Uptrend","Aug 06, 2026","148184.13","43.25","1.53","-0.59","Moving Up","M1S1","",,="8/9","<1","false","Swing"
"EW","Edwards Lifesciences Corporation Common Stock","Health Care","Medical Devices","93.05","50.85","Buy","Aug 07, 2026","Uptrend","Aug 06, 2026","4608315.17","-5.86","0.28","-0.65","Moving Up","M1S1","",,="8/9","<1","false","Swing"
"FEIM","Frequency Electronics, Inc. Common Stock","Technology","Communication Equipment","78.31","57.76","Buy","Aug 07, 2026","Uptrend","Aug 05, 2026","383262","113.6","0.38","3.18","Moving Up","M1S1","",,="9/9","<1","false","Swing"
"FFIV","F5, Inc. Common Stock","Technology","Software - Infrastructure","422.95","65.1","Buy","Aug 07, 2026","Uptrend","Aug 06, 2026","664774.9","102.94","1.44","2.16","Moving Up","M1S1","",,="8/9","<1","false","Swing"
"FHN","First Horizon Corporation Common Stock","Financials","Banks - Regional","25.88","59.37","Sell","Aug 07, 2026","Uptrend","Aug 11, 2026","5886073.07","18.75","0.68","1.77","Moving Down","M1S1","",,="7/9","<1","false","Swing"
"FOUR","Shift4 Payments, Inc. Class A Common Stock","Technology","Software - Infrastructure","43.92","40.86","Sell","Aug 07, 2026","Downtrend","Aug 07, 2026","1414158.87","-33.75","3.59","7.02","Moving Down","M1S1","",,="6/9","<1","false","Swing"
"FSK","FS KKR Capital Corp. Common Stock","Financials","Asset Management","12.17","84.53","Buy","Aug 07, 2026","Uptrend","Aug 03, 2026","2639789.3","-11.13","10.3","-0.65","Moving Up","M1S1","",,="9/9","<1","false","Swing"
"FSV","FirstService Corporation Common Shares","Real Estate","Real Estate Services","142.01","58.42","Buy","Aug 07, 2026","Uptrend","Aug 05, 2026","172590.23","16.55","0.5","-0.93","Moving Up","","",,="7/9","<1","false","Swing"
"FUL","H. B. Fuller Company Common Stock","Materials","Specialty Chemicals","60.17","48.05","Buy","Aug 07, 2026","Uptrend","Aug 06, 2026","682624.77","-65.74","0.08","-3","Moving Up","","",,="9/9","<1","false","Swing"
"GATX","GATX Corporation Common Stock","Industrials","Rental & Leasing Services","179.51","49.41","Sell","Aug 07, 2026","Neutral","Aug 12, 2026","220993.63","156.63","3.07","1.1","Moving Down","","",,="6/9","<1","false","Swing"
"GBX","Greenbrier Companies, Inc. (The) Common Stock","Industrials","Railroads","45.48","54.23","Sell","Aug 07, 2026","Downtrend","Aug 07, 2026","520772.33","46.59","2.02","-1.41","Moving Down","","",,="6/9","<1","false","Swing"
"GNK","Genco Shipping & Trading Limited Ordinary Shares New (Marshall Islands)","Industrials","Marine Shipping","25.26","41.72","Sell","Aug 07, 2026","Uptrend","Aug 12, 2026","307127.97","116.15","2.42","2.18","Moving Down","","",,="6/9","<1","false","Swing"
"HCC","Warrior Met Coal, Inc. Common Stock","Materials","Coking Coal","96.72","65.69","Buy","Aug 07, 2026","Uptrend","Aug 06, 2026","673129.43","-50.22","0.29","-1.09","Moving Up","","",,="8/9","<1","false","Swing"
"HL","Hecla Mining Company Common Stock","Materials","Other Precious Metals & Mining","18.1","46.12","Buy","Aug 07, 2026","Uptrend","Aug 06, 2026","38657260.6","-125.76","0.25","1.91","Moving Up","","",,="9/9","<1","false","Swing"
"HLF","Herbalife Ltd. Common Shares","Staples","Packaged Foods","11.69","40.64","Sell","Aug 07, 2026","Downtrend","Aug 06, 2026","1540946.5","-37.7","7.53","-0.43","Moving Down","","",,="4/9","<1","false","Swing"
"HOFT","Hooker Furnishings Corporation Common Stock","Discretionary","Furnishings Fixtures & Appliances","14.9","61.7","Buy","Aug 07, 2026","Uptrend","Aug 06, 2026","57180.43","26.51","11.21","-1.84","Moving Down","","",,="6/9","<1","false","Swing"
"HOMB","Home BancShares, Inc. Common Stock","Financials","Banks - Regional","31.12","78.32","Sell","Aug 07, 2026","Uptrend","Jun 04, 2026","1792325.1","63.79","2.78","0.35","Moving Down","M1S1","",,="6/9","<1","false","Swing"
"HP","Helmerich & Payne, Inc. Common Stock","Energy","Oil & Gas Drilling","42.97","56.84","Buy","Aug 07, 2026","Uptrend","Aug 06, 2026","1257303.47","-20.31","0.13","0.96","Moving Up","M1S1","",,="9/9","<1","false","Swing"
"HYMC","Hycroft Mining Holding Corporation Class A Common Stock","Materials","Gold","27.45","50.56","Buy","Aug 07, 2026","Uptrend","Aug 07, 2026","1591049.07","-53.14","6.23","-0.29","Moving Up","","",,="8/9","<1","false","Swing"
"IAG","Iamgold Corporation Ordinary Shares","Materials","Gold","18.07","47.03","Buy","Aug 07, 2026","Uptrend","Aug 06, 2026","5317255.1","-83.1","0.29","-0.5","Moving Up","","",,="9/9","<1","false","Swing"
"IBP","Installed Building Products, Inc. Common Stock","Discretionary","Residential Construction","242.95","52.12","Buy","Aug 07, 2026","Uptrend","Aug 03, 2026","385260.33","64.94","0.79","-2.65","Moving Up","","",,="7/9","<1","false","Swing"
"IDT","IDT Corporation Class B Common Stock","Communication","Telecom Services","65.47","73.44","Sell","Aug 07, 2026","Uptrend","Jun 23, 2026","186306.47","82.42","0.26","0.11","Moving Down","","",,="5/9","<1","false","Swing"
"IDYA","IDEAYA Biosciences, Inc. Common Stock","Health Care","Biotechnology","36.96","73.85","Buy","Aug 07, 2026","Uptrend","Jun 15, 2026","870450.5","114.1","2.4","0.33","Moving Down","M1S1","",,="8/9","<1","false","Swing"
"ISSC","Innovative Solutions and Support, Inc. Common Stock","Industrials","Aerospace & Defense","20.13","63.31","Buy","Aug 07, 2026","Uptrend","Aug 03, 2026","274486.87","456.47","4.42","0.65","Moving Up","","",,="9/9","<1","false","Swing"
"JBL","Jabil Inc. Common Stock","Technology","Electronic Components","366.16","64.53","Buy","Aug 07, 2026","Uptrend","Aug 06, 2026","1117067.03","410.23","1.36","2.68","Moving Up","M1S1","",,="9/9","<1","false","Swing"
"JGH","Nuveen Global High Income Fund Common Shares of Beneficial Interest","Financials","Closed-End Fund - Debt","12.69","61.71","Buy","Aug 07, 2026","Uptrend","Aug 06, 2026","96637.4","26.64","2.22","0.4","Moving Up","M1S1","",,="8/9","<1","false","Swing"
"JHI","John Hancock Investors Trust Common Stock","Financials","Closed-End Fund - Debt","13.4423","54.42","Buy","Aug 07, 2026","Uptrend","Aug 06, 2026","12389","49.79","6.27","-0.13","Moving Up","M1S1","",,="9/9","<1","false","Swing"
"JHX","James Hardie Industries plc. Ordinary Shares","Materials","Building Materials","30.86","78.04","Buy","Aug 07, 2026","Uptrend","May 27, 2026","7170765.17","-87.44","0.15","-0.71","Moving Up","","",,="9/9","<1","false","Swing"
"JOYY","JOYY Inc. American Depositary Shares","Communication","Internet Content & Information","74.16","62.83","Sell","Aug 07, 2026","Uptrend","May 27, 2026","256399.73","119.83","6.61","1.02","Moving Down","","",,="6/9","<1","false","Swing"
"KALU","Kaiser Aluminum Corporation Common Stock","Materials","Aluminum","189.49","78.94","Buy","Aug 07, 2026","Uptrend","Aug 06, 2026","266094.2","38.46","1.07","-2.02","Moving Up","","",,="8/9","<1","false","Swing"
"KBH","KB Home Common Stock","Discretionary","Residential Construction","55.8","66.79","Buy","Aug 07, 2026","Neutral","Aug 12, 2026","1005636.1","-87.34","0.18","-3.34","Moving Down","","",,="5/9","<1","false","Swing"
"KGC","Kinross Gold Corporation Common Stock","Materials","Gold","27.48","25.48","Buy","Aug 07, 2026","Uptrend","Aug 06, 2026","7750304.77","295.78","1.42","0.88","Moving Up","","",,="8/9","<1","false","Swing"
"KMT","Kennametal Inc. Common Stock","Industrials","Tools & Accessories","30.78","54.07","Sell","Aug 07, 2026","Downtrend","Aug 06, 2026","1199919.77","-16.91","0.15","1.79","Moving Down","","",,="6/9","<1","false","Swing"
"L","Loews Corporation Common Stock","Financials","Insurance - Property & Casualty","113.13","72.21","Sell","Aug 07, 2026","Downtrend","Aug 11, 2026","733710.27","-64.64","0.29","-0.02","Moving Down","M1S1","",,="6/9","<1","false","Swing"
"LCNB","LCNB Corporation Common Stock","Financials","Banks - Regional","19.695","78.07","Sell","Aug 07, 2026","Uptrend","Jun 04, 2026","46321.03","-4.46","0.33","-0.43","Moving Down","M1S1","",,="7/9","<1","false","Swing"
"LI","Li Auto Inc. American Depositary Shares","Discretionary","Auto Manufacturers","12.47","40.12","Sell","Aug 07, 2026","Downtrend","Aug 12, 2026","3629523.87","6.53","5.55","-1.66","Moving Down","","",,="4/9","<1","false","Swing"
"LITE","Lumentum Holdings Inc. Common Stock","Technology","Communication Equipment","932.47","65.79","Buy","Aug 07, 2026","Uptrend","Aug 06, 2026","4742296.4","1147.97","3.04","13.63","Moving Up","M1S1","Positive","true",="8/9","<1","false","Swing"
"LIVN","LivaNova PLC Ordinary Shares","Health Care","Medical Devices","80.78","56.29","Sell","Aug 07, 2026","Neutral","Aug 11, 2026","657985.1","-6.99","0.29","2.8","Moving Up","M1S1","",,="7/9","<1","false","Swing"
"LQDT","Liquidity Services, Inc. Common Stock","Discretionary","Internet Retail","43.11","63.18","Buy","Aug 07, 2026","Uptrend","Aug 06, 2026","214437.83","-73.27","0.29","3.18","Moving Up","","",,="7/9","<1","false","Swing"
"LVS","Las Vegas Sands Corp. Common Stock","Discretionary","Resorts & Casinos","45.68","53.29","Sell","Aug 07, 2026","Downtrend","Aug 06, 2026","4948058.83","-1.21","96.74","-0.09","Moving Down","","",,="4/9","<1","false","Swing"
"LXP","LXP Industrial Trust Common Stock (Maryland REIT)","Real Estate","REIT - Industrial","60.7","82.63","Sell","Aug 07, 2026","Uptrend","Jun 05, 2026","793812.9","21.2","0.93","0.07","Moving Down","","",,="5/9","<1","false","Swing"
"MANU","Manchester United Ltd. Class A Ordinary Shares","Communication","Entertainment","22.87","58.24","Sell","Aug 07, 2026","Neutral","Aug 11, 2026","230162.47","-75.1","0.05","3.67","Moving Down","","",,="4/9","<1","false","Swing"
"MCD","McDonald's Corporation Common Stock","Discretionary","Restaurants","275.7","28.63","Buy","Aug 07, 2026","Uptrend","Aug 12, 2026","4488289.53","71.59","3.93","0.57","Moving Up","","",,="7/9","<1","false","Swing"
"MFC","Manulife Financial Corporation Common Stock","Financials","Insurance - Life","43.78","85.1","Sell","Aug 07, 2026","Uptrend","Jun 08, 2026","1507097.27","137","2.98","-0.09","Moving Down","M1S1","",,="7/9","<1","false","Swing"
"MGRC","McGrath RentCorp Common Stock","Industrials","Rental & Leasing Services","120.54","67.82","Buy","Aug 07, 2026","Uptrend","Aug 03, 2026","161303.2","-67.8","0.19","-0.28","Moving Up","","",,="8/9","<1","false","Swing"
"MGTX","MeiraGTx Holdings plc Ordinary Shares","Health Care","Biotechnology","12.96","64.89","Buy","Aug 07, 2026","Uptrend","Aug 06, 2026","659575.6","-30.61","4.85","-0.69","Moving Up","M1S1","",,="9/9","<1","false","Swing"
"MLP","Maui Land & Pineapple Company, Inc. Common Stock","Real Estate","Real Estate Services","15.95","56.38","Sell","Aug 07, 2026","Downtrend","Aug 10, 2026","16998.57","-84.75","0.11","-0.62","Moving Down","","",,="4/9","<1","false","Swing"
"MLR","Miller Industries, Inc. Common Stock","Discretionary","Auto Parts","56.6","76.26","Buy","Aug 07, 2026","Uptrend","Jul 16, 2026","77056.63","65.67","2.51","3.68","Moving Up","","",,="7/9","<1","false","Swing"
"MMI","Marcus & Millichap, Inc. Common Stock","Real Estate","Real Estate Services","31.14","66.21","Buy","Aug 07, 2026","Uptrend","Jul 27, 2026","128690.87","31.62","6.38","-0.06","Moving Up","","",,="7/9","<1","false","Swing"
"MRCY","Mercury Systems Inc Common Stock","Industrials","Aerospace & Defense","111.64","68.17","Buy","Aug 07, 2026","Uptrend","Aug 06, 2026","581354.87","67.7","3.72","2.28","Moving Up","","",,="9/9","<1","false","Swing"
"MRDN","Meridian Holdings Inc. Common Stock","Discretionary","Gambling","14.05","67.81","Buy","Aug 07, 2026","Uptrend","Aug 06, 2026","75859.3","197.58","22.73","0.43","Moving Up","","",,="6/9","<1","false","Swing"
"MTCH","Match Group, Inc. Common Stock","Communication","Internet Content & Information","36.58","52.24","Sell","Aug 07, 2026","Downtrend","Aug 07, 2026","3049961.03","-50.82","6.85","-0.6","Moving Down","","",,="5/9","<1","false","Swing"
"MUR","Murphy Oil Corporation Common Stock","Energy","Oil & Gas E&P","35.26","49.16","Sell","Aug 07, 2026","Downtrend","Aug 07, 2026","1661526.77","2.41","0.15","-1.29","Moving Down","M1S1","",,="6/9","<1","false","Swing"
"NCV","Virtus Convertible & Income Fund Common Shares of Beneficial Interest","Financials","Closed-End Fund - Debt","17.38","36.74","Buy","Aug 07, 2026","Uptrend","Aug 06, 2026","84922.43","84.71","4.35","0","Moving Up","M1S1","",,="9/9","<1","false","Swing"
"NEGG","Newegg Commerce, Inc. Common Shares","Discretionary","Internet Retail","19.77","40.71","Buy","Aug 07, 2026","Uptrend","Aug 10, 2026","81723.77","490.46","39.58","4.22","Moving Up","","",,="7/9","<1","false","Swing"
"NOVT","Novanta Inc. Common Stock","Technology","Scientific & Technical Instruments","167.04","81.71","Buy","Aug 07, 2026","Uptrend","Aug 06, 2026","490213.5","-55.58","0.14","-0.4","Moving Up","M1S1","",,="8/9","<1","false","Swing"
"NVGS","Navigator Holdings Ltd. Ordinary Shares (Marshall Islands)","Energy","Oil & Gas Midstream","20.54","67.23","Sell","Aug 07, 2026","Downtrend","Aug 07, 2026","441500","67.25","3.15","2.55","Moving Down","M1S1","",,="6/9","<1","false","Swing"
"NVT","nVent Electric plc Ordinary Shares ","Industrials","Electrical Equipment & Parts","171.16","62.67","Buy","Aug 07, 2026","Uptrend","Aug 06, 2026","2113900.17","75.07","0.54","2.39","Moving Up","","",,="9/9","<1","false","Swing"
"OBK","Origin Bancorp, Inc. Common Stock","Financials","Banks - Regional","54.05","61.9","Sell","Aug 07, 2026","Uptrend","Apr 06, 2026","168055.07","61.58","3.72","0.56","Moving Down","M1S1","",,="7/9","<1","false","Swing"
"OCSL","Oaktree Specialty Lending Corporation Common Stock","Financials","Asset Management","12.74","75.67","Buy","Aug 07, 2026","Uptrend","Aug 05, 2026","505830.13","33.27","5.16","-0.55","Moving Up","M1S1","",,="9/9","<1","false","Swing"
"OFIX","Orthofix Medical Inc. Common Stock (DE)","Health Care","Medical Devices","10.4","71.49","Sell","Aug 07, 2026","Downtrend","Aug 07, 2026","392047.93","-84.43","2.8","0.78","Moving Down","M1S1","",,="6/9","<1","false","Swing"
"OFLX","Omega Flex, Inc. Common Stock","Industrials","Specialty Industrial Machinery","30.08","56.49","Buy","Aug 07, 2026","Neutral","Aug 10, 2026","48902.6","-34.46","7.27","0.5","Moving Up","","",,="7/9","<1","false","Swing"
"OPY","Oppenheimer Holdings, Inc. Class A Common Stock (DE)","Financials","Capital Markets","114.81","64.53","Buy","Aug 07, 2026","Uptrend","Aug 03, 2026","129332.67","264.75","1.75","1.47","Moving Up","M1S1","",,="9/9","<1","false","Swing"
"ORIC","Oric Pharmaceuticals, Inc. Common Stock","Health Care","Biotechnology","13.75","79.32","Buy","Aug 07, 2026","Uptrend","Jun 24, 2026","1718050.53","36.53","5.7","0.15","Moving Up","M1S1","",,="8/9","<1","false","Swing"
"OTTR","Otter Tail Corporation Common Stock","Industrials","Conglomerates","92.14","67.18","Buy","Aug 07, 2026","Uptrend","Aug 03, 2026","246090.93","-80.7","0.23","-2.27","Moving Up","","",,="9/9","<1","false","Swing"
"PAM","Pampa Energia S.A.","Industrials","Conglomerates","79.41","40.6","Sell","Aug 07, 2026","Downtrend","Aug 07, 2026","161043.9","-182.41","0.25","-0.5","Moving Down","","",,="6/9","<1","false","Swing"
"PAMT","PAMT CORP Common Stock","Industrials","Trucking","13.32","72.3","Sell","Aug 07, 2026","Downtrend","Aug 10, 2026","19869.6","-167.54","0.12","-0.89","Moving Down","","",,="6/9","<1","false","Swing"
"PAYS","Paysign, Inc. Common Stock","Technology","Software - Infrastructure","12.8","72.22","Buy","Aug 07, 2026","Uptrend","May 22, 2026","629326.57","-14.74","0.16","1.35","Moving Up","M1S1","",,="9/9","<1","false","Swing"
"PCVX","Vaxcyte, Inc. Common Stock","Health Care","Biotechnology","59.65","61.47","Buy","Aug 07, 2026","Uptrend","Aug 06, 2026","1049042.53","222.04","5.55","0.73","Moving Up","M1S1","",,="9/9","<1","false","Swing"
"PGNY","Progyny, Inc. Common Stock","Health Care","Healthcare Plans","25.42","54.07","Sell","Aug 07, 2026","Downtrend","Aug 07, 2026","1199597.73","-50.93","3.15","-4.33","Moving Down","M1S1","",,="6/9","<1","false","Swing"
"PINS","Pinterest, Inc. Class A Common Stock","Communication","Internet Content & Information","22.9","69.38","Sell","Aug 07, 2026","Uptrend","Jun 29, 2026","11248450.53","-102.33","1.78","-3.58","Moving Down","","",,="6/9","<1","false","Swing"
"PK","Park Hotels & Resorts Inc. Common Stock ","Real Estate","REIT - Hotel & Motel","14.85","75.08","Sell","Aug 07, 2026","Uptrend","Aug 12, 2026","4017149.13","-116.02","0.64","3.56","Moving Down","","",,="5/9","<1","false","Swing"
"PKX","POSCO HOLDINGS INC. American Depositary Shares (Each representing 1/4th of a share of Common Stock)","Materials","Steel","57.09","60.67","Buy","Aug 07, 2026","Uptrend","Aug 07, 2026","355153.47","75.86","19.32","-0.05","Moving Up","","",,="9/9","<1","false","Swing"
"PLXS","Plexus Corp. Common Stock","Technology","Electronic Components","271.95","66.21","Buy","Aug 07, 2026","Uptrend","Aug 06, 2026","310072.3","150.63","1.65","0.6","Moving Up","M1S1","",,="9/9","<1","false","Swing"
"PM","Philip Morris International Inc Common Stock","Staples","Tobacco","186.19","65.46","Sell","Aug 07, 2026","Neutral","Aug 12, 2026","4851392.17","38.5","0.82","-0.02","Moving Down","","",,="4/9","<1","false","Swing"
"PRAX","Praxis Precision Medicines, Inc. Common Stock","Health Care","Biotechnology","386.33","49.83","Buy","Aug 07, 2026","Uptrend","Aug 06, 2026","395336.03","109.62","0.33","4.22","Moving Up","M1S1","",,="9/9","<1","false","Swing"
"PRKS","United Parks & Resorts Inc. Common Stock","Discretionary","Leisure","44.26","67.41","Sell","Aug 07, 2026","Neutral","Aug 12, 2026","662157.47","2.41","0.21","0.27","Moving Up","","",,="5/9","<1","false","Swing"
"PRM","Perimeter Solutions, SA Common Stock","Materials","Specialty Chemicals","34.56","51.93","Buy","Aug 07, 2026","Uptrend","Aug 06, 2026","1583210.1","304.04","1.19","0.09","Moving Down","","",,="8/9","<1","false","Swing"
"PTGX","Protagonist Therapeutics, Inc. Common Stock","Health Care","Biotechnology","152.01","69.32","Buy","Aug 07, 2026","Uptrend","Jun 10, 2026","622528.9","1006.27","1.41","2.51","Moving Up","M1S1","",,="9/9","<1","false","Swing"
"PUK","Prudential Public Limited Company Common Stock","Financials","Insurance - Life","27.5","67.6","Sell","Aug 07, 2026","Downtrend","Aug 11, 2026","980333.2","-22.42","2.88","0.44","Moving Down","M1S1","",,="6/9","<1","false","Swing"
"RA","Brookfield Real Assets Income Fund Inc. Common Stock","Financials","Closed-End Fund - Debt","12.78","60.26","Sell","Aug 07, 2026","Downtrend","Aug 06, 2026","133359.1","-24.81","0.79","0.08","Moving Down","M1S1","",,="5/9","<1","false","Swing"
"RBB","RBB Bancorp Common Stock","Financials","Banks - Regional","27.32","71.82","Buy","Aug 07, 2026","Uptrend","Aug 04, 2026","188784.33","76.48","12.79","0.81","Moving Up","M1S1","",,="9/9","<1","false","Swing"
"RCI","Rogers Communication, Inc. Common Stock","Communication","Telecom Services","35.84","54.34","Buy","Aug 07, 2026","Uptrend","Aug 11, 2026","1307087.93","29.81","7.03","1.5","Moving Up","","",,="8/9","<1","false","Swing"
"RDN","Radian Group Inc. Common Stock","Financials","Insurance - Specialty","36.44","67.65","Sell","Aug 07, 2026","Downtrend","Aug 10, 2026","1253577.27","-37.11","0.25","0.22","Moving Down","M1S1","",,="6/9","<1","false","Swing"
"REAL","The RealReal, Inc. Common Stock","Discretionary","Luxury Goods","11.17","46.47","Sell","Aug 07, 2026","Neutral","Aug 12, 2026","3194759.13","91.51","11.75","-5.34","Moving Down","","",,="4/9","<1","false","Swing"
"RHP","Ryman Hospitality Properties, Inc. (REIT)","Real Estate","REIT - Hotel & Motel","123.99","74.57","Sell","Aug 07, 2026","Downtrend","Aug 07, 2026","755600.7","-59.09","0.18","1.57","Moving Down","","",,="4/9","<1","false","Swing"
"RLJ","RLJ Lodging Trust Common Shares of Beneficial Interest $0.01 par value","Real Estate","REIT - Hotel & Motel","10.9","73.65","Sell","Aug 07, 2026","Downtrend","Aug 10, 2026","1913596.5","-74.11","1.6","0.65","Moving Down","","",,="4/9","<1","false","Swing"
"RVTY","Revvity, Inc. Common Stock","Health Care","Diagnostics & Research","117.88","82.17","Buy","Aug 07, 2026","Uptrend","May 06, 2026","1411772.17","-72.58","0.06","1.86","Moving Up","M1S1","",,="8/9","<1","false","Swing"
"SFBS","ServisFirst Bancshares, Inc. Common Stock","Financials","Banks - Regional","90.45","57.25","Sell","Aug 07, 2026","Uptrend","Jun 08, 2026","271994.33","117.11","2.34","1.31","Moving Down","M1S1","",,="6/9","<1","false","Swing"
"SHO","Sunstone Hotel Investors, Inc. Sunstone Hotel Investors, Inc. Common Shares","Real Estate","REIT - Hotel & Motel","10.8","63.32","Sell","Aug 07, 2026","Downtrend","Aug 07, 2026","2494386.67","-66.85","0.95","1.5","Moving Down","","",,="4/9","<1","false","Swing"
"SLAB","Silicon Laboratories, Inc. Common Stock","Technology","Semiconductors","218.83","43.08","Buy","Aug 07, 2026","Uptrend","Aug 06, 2026","272046.3","-39.06","0.22","-0.05","Moving Up","M1S1","",,="8/9","<1","false","Swing"
"SNN","Smith & Nephew SNATS, Inc. Common Stock","Health Care","Medical Devices","29.84","66.39","Sell","Aug 07, 2026","Downtrend","Aug 07, 2026","1685939.03","-74.58","1.44","-0.57","Moving Down","M1S1","",,="6/9","<1","false","Swing"
"SPH","Suburban Propane Partners, L.P. Common Stock","Utilities","Utilities - Regulated Gas","17.71","49.84","Sell","Aug 07, 2026","Downtrend","Aug 07, 2026","174498.1","-73.06","0.08","1.08","Moving Down","","",,="4/9","<1","false","Swing"
"SSL","Sasol Ltd. American Depositary Shares","Materials","Specialty Chemicals","11.48","57.58","Sell","Aug 07, 2026","Uptrend","Aug 10, 2026","1175501.43","2.08","3.39","-0.26","Moving Down","","",,="6/9","<1","false","Swing"
"STRT","STRATTEC SECURITY CORPORATION Common Stock","Discretionary","Auto Parts","81.675","58.44","Sell","Aug 07, 2026","Neutral","Aug 12, 2026","84974.67","-389.58","0.13","-2.15","Moving Down","","",,="4/9","<1","false","Swing"
"STVN","Stevanato Group S.p.A. Ordinary Shares","Health Care","Medical Instruments & Supplies","21.25","78.69","Sell","Aug 07, 2026","Uptrend","Jun 30, 2026","368523.4","-49.62","2.33","0.95","Moving Up","M1S1","",,="7/9","<1","false","Swing"
"SUI","Sun Communities, Inc. Common Stock","Real Estate","REIT - Residential","118.34","54.34","Sell","Aug 07, 2026","Downtrend","Aug 07, 2026","1584141.1","-35.17","1.37","-0.28","Moving Down","","",,="4/9","<1","false","Swing"
"SXI","Standex International Corporation Common Stock","Industrials","Specialty Industrial Machinery","330.53","66.44","Buy","Aug 07, 2026","Uptrend","Aug 05, 2026","160522.2","208.58","1.5","0.92","Moving Up","","",,="9/9","<1","false","Swing"
"TARS","Tarsus Pharmaceuticals, Inc. Common Stock","Health Care","Biotechnology","70.015","60.37","Buy","Aug 07, 2026","Uptrend","Aug 06, 2026","1171507.6","266.31","2.34","0.8","Moving Up","M1S1","",,="8/9","<1","false","Swing"
"TDF","Templeton Dragon Fund, Inc. Common Stock","Financials","Closed-End Fund - Foreign","10.9","50.46","Buy","Aug 07, 2026","Uptrend","Aug 05, 2026","61457.8","-0.67","11.48","-1.18","Moving Up","M1S1","",,="9/9","<1","false","Swing"
"TENB","Tenable Holdings, Inc. Common Stock","Technology","Software - Infrastructure","37","76.84","Buy","Aug 07, 2026","Uptrend","Aug 06, 2026","3621169.1","-125.41","0.75","-2.22","Moving Up","M1S1","",,="9/9","<1","false","Swing"
"TFC","Truist Financial Corporation Common Stock","Financials","Banks - Regional","52.67","52.39","Buy","Aug 07, 2026","Uptrend","Jun 23, 2026","7300175.37","-16.55","0.35","0.69","Moving Up","M1S1","",,="9/9","<1","false","Swing"
"TNET","TriNet Group, Inc. Common Stock","Industrials","Staffing & Employment Services","66.83","91.91","Sell","Aug 07, 2026","Uptrend","Jun 23, 2026","401941.8","93.54","3.23","0.41","Moving Down","","",,="7/9","<1","false","Swing"
"TNK","Teekay Tankers Ltd.","Energy","Oil & Gas Midstream","80.89","54.08","Sell","Aug 07, 2026","Uptrend","Jul 21, 2026","329900.6","330.27","2.4","4.41","Moving Down","M1S1","",,="6/9","<1","false","Swing"
"TPB","Turning Point Brands, Inc. Common Stock","Staples","Tobacco","86.31","45.44","Buy","Aug 07, 2026","Uptrend","Aug 06, 2026","359934.7","85.33","1.27","-2.01","Moving Up","","",,="7/9","<1","false","Swing"
"TRST","TrustCo Bank Corp NY Common Stock","Financials","Banks - Regional","56.55","74.44","Sell","Aug 07, 2026","Uptrend","Apr 02, 2026","111778.53","67.02","2.57","1","Moving Down","M1S1","",,="6/9","<1","false","Swing"
"TRUP","Trupanion, Inc. Common Stock","Financials","Insurance - Property & Casualty","30.32","50.8","Buy","Aug 07, 2026","Uptrend","Aug 06, 2026","470982.43","-43.66","1.31","-0.62","Moving Up","M1S1","",,="9/9","<1","false","Swing"
"TRV","The Travelers Companies, Inc. Common Stock","Financials","Insurance - Property & Casualty","370.16","90.28","Sell","Aug 07, 2026","Uptrend","Jun 11, 2026","1920636.47","78.06","1","-1.45","Moving Down","M1S1","",,="7/9","<1","false","Swing"
"TS","Tenaris S.A. American Depositary Shares","Energy","Oil & Gas Equipment & Services","53.15","46.62","Sell","Aug 07, 2026","Downtrend","Aug 06, 2026","1282772.33","62.36","1.05","-0.54","Moving Down","M1S1","",,="6/9","<1","false","Swing"
"TSN","Tyson Foods, Inc. Common Stock","Staples","Farm Products","55.81","68.27","Sell","Aug 07, 2026","Downtrend","Aug 10, 2026","2936237.57","-49.9","2.39","-1.1","Moving Down","","",,="4/9","<1","false","Swing"
"TY","Tri Continental Corporation Common Stock","Financials","Closed-End Fund - Equity","35.9","54.46","Buy","Aug 07, 2026","Uptrend","Aug 04, 2026","29829.87","80.47","1.76","0.36","Moving Up","M1S1","",,="9/9","<1","false","Swing"
"UEC","Uranium Energy Corp. Common Stock","Energy","Uranium","11.36","45.62","Buy","Aug 07, 2026","Uptrend","Aug 07, 2026","7730729.07","98.81","0.25","-0.87","Moving Up","M1S1","",,="9/9","<1","false","Swing"
"UFCS","United Fire Group, Inc. Common Stock","Financials","Insurance - Property & Casualty","53.2","72.84","Buy","Aug 07, 2026","Uptrend","Jun 09, 2026","154976.37","-51.87","0.17","-1.41","Moving Down","M1S1","",,="8/9","<1","false","Swing"
"URGN","UroGen Pharma Ltd. Ordinary Shares","Health Care","Biotechnology","49","62.03","Buy","Aug 07, 2026","Uptrend","Apr 09, 2026","864624.57","231.69","1.11","4.01","Moving Up","M1S1","",,="9/9","<1","false","Swing"
"UTZ","Utz Brands Inc Class A Common Stock ","Staples","Packaged Foods","14.13","71.83","Sell","Aug 07, 2026","Uptrend","Jul 21, 2026","5315673.63","-26.17","6.53","0.14","Moving Down","","",,="5/9","<1","false","Swing"
"VAC","Marriott Vacations Worldwide Corporation Common Stock","Discretionary","Resorts & Casinos","119.33","85","Buy","Aug 07, 2026","Uptrend","Feb 25, 2026","474043.27","-13.57","1.62","3.89","Moving Up","","",,="7/9","<1","false","Swing"
"VCTR","Victory Capital Holdings, Inc. Class A Common Stock","Financials","Asset Management","116.23","91.92","Buy","Aug 07, 2026","Uptrend","Jul 06, 2026","529926.2","32.79","0.43","2.27","Moving Up","M1S1","",,="9/9","<1","false","Swing"
"VEEV","Veeva Systems Inc. Class A Common Stock","Health Care","Health Information Services","241.51","93.8","Buy","Aug 07, 2026","Uptrend","Jun 29, 2026","1747373.87","-139.35","0.1","2.08","Moving Up","M1S1","",,="8/9","<1","false","Swing"
"VERX","Vertex, Inc. Class A Common Stock","Technology","Software - Application","12.3","76.04","Sell","Aug 07, 2026","Downtrend","Aug 06, 2026","2353433.37","-87.41","0.8","0.57","Moving Down","M1S1","",,="6/9","<1","false","Swing"
"VHI","Valhi, Inc. Common Stock","Materials","Chemicals","16.37","61.71","Buy","Aug 07, 2026","Uptrend","Aug 06, 2026","12060.37","25.45","8.27","0.06","Moving Up","","",,="8/9","<1","false","Swing"
"VTVT","vTv Therapeutics Inc. Class A Common Stock","Health Care","Biotechnology","31.78","50.57","Buy","Aug 07, 2026","Neutral","Aug 11, 2026","96998.87","-136.26","2.23","-3.81","Moving Up","M1S1","",,="8/9","<1","false","Swing"
"WD","Walker & Dunlop, Inc Common Stock","Financials","Mortgage Finance","42.31","51.57","Sell","Aug 07, 2026","Downtrend","Aug 06, 2026","340500.47","132.64","16.81","-1.72","Moving Down","M1S1","",,="6/9","<1","false","Swing"
"ZGN","Ermenegildo Zegna N.V. Ordinary Shares","Discretionary","Apparel Manufacturing","14.03","49.63","Sell","Aug 07, 2026","Uptrend","Jul 17, 2026","1113533","-34.19","0.27","-0.85","Moving Down","","",,="5/9","<1","false","Swing"
"ACA","Arcosa, Inc. Common Stock ","Industrials","Engineering & Construction","145.05","66.61","Sell","Aug 06, 2026","Uptrend","May 20, 2026","729474.17","95.07","1.5","0.1","Moving Down","","",,="7/9","<1","false","Swing"
"ADEA","Adeia Inc. Common Stock","Technology","Software - Application","28.11","43.19","Buy","Aug 06, 2026","Neutral","Aug 10, 2026","1249112.6","101.79","0.57","1.41","Moving Up","M1S1","",,="8/9","<1","false","Swing"
"AEM","Agnico Eagle Mines Limited Common Stock","Materials","Gold","185.18","46.88","Buy","Aug 06, 2026","Uptrend","Aug 05, 2026","2650888.07","137.91","1.66","1.89","Moving Up","","",,="9/9","<1","false","Swing"
"AFL","AFLAC Incorporated Common Stock","Financials","Insurance - Life","120.73","72.44","Sell","Aug 06, 2026","Downtrend","Aug 12, 2026","1920151.9","27.34","0.5","-0.28","Moving Down","M1S1","",,="6/9","<1","false","Swing"
"AIRT","Air T, Inc. Common Stock","Industrials","Conglomerates","27","69.31","Buy","Aug 06, 2026","Uptrend","Jun 17, 2026","12926","-262.69","0.03","-14.31","Moving Up","","",,="9/9","<1","false","Swing"
"AKO/B","Embotelladora Andina S.A. Common Stock","Staples","Beverages - Non-Alcoholic","31","52.92","Buy","Aug 06, 2026","Uptrend","Jul 30, 2026","3889.97","100.48","1.25","-1.59","Moving Up","","",,="6/9","<1","false","Swing"
"AKR","Acadia Realty Trust Common Stock","Real Estate","REIT - Retail","20.7","56.64","Sell","Aug 06, 2026","Downtrend","Aug 06, 2026","1384449.87","-2.6","3.47","0.44","Moving Down","","",,="4/9","<1","false","Swing"
"ALNT","Allient Inc. Common Stock","Technology","Electronic Components","114.28","72.11","Buy","Aug 06, 2026","Uptrend","Aug 04, 2026","281993.37","259.62","3.03","0.27","Moving Up","M1S1","",,="9/9","<1","false","Swing"
"APPS","Digital Turbine, Inc. Common Stock","Technology","Software - Application","12.41","66.37","Buy","Aug 06, 2026","Uptrend","Aug 05, 2026","4016915.93","-590.21","0.03","-4.83","Moving Up","M1S1","",,="9/9","<1","false","Swing"
"ATHM","Autohome Inc. American Depositary Shares, each representing four class A ordinary shares.","Communication","Internet Content & Information","22.97","85.76","Sell","Aug 06, 2026","Uptrend","Jul 06, 2026","740251.8","-37.17","6.92","-0.22","Moving Down","","",,="5/9","<1","false","Swing"
"ATI","ATI Inc. Common Stock","Industrials","Metal Fabrication","230.43","77.5","Buy","Aug 06, 2026","Uptrend","Aug 04, 2026","1499987.5","449.39","1.29","0.15","Moving Up","","",,="9/9","<1","false","Swing"
"ATRO","Astronics Corporation Common Stock","Industrials","Aerospace & Defense","87.89","61.21","Buy","Aug 06, 2026","Uptrend","Aug 05, 2026","628204.47","300.38","2.79","17.33","Moving Up","","Positive",,="9/9","<1","false","Swing"
"AU","AngloGold Ashanti PLC Ordinary Shares","Materials","Gold","97.92","42.08","Buy","Aug 06, 2026","Uptrend","Aug 05, 2026","2566988.3","-237.59","0.2","0.49","Moving Up","","",,="9/9","<1","false","Swing"
"AVNT","Avient Corporation Common Stock","Materials","Specialty Chemicals","45.33","83.81","Buy","Aug 06, 2026","Uptrend","Aug 03, 2026","883116.93","0.58","0.05","-0.31","Moving Up","","",,="9/9","<1","false","Swing"
"AXON","Axon Enterprise, Inc. Common Stock","Industrials","Aerospace & Defense","599.78","55.09","Buy","Aug 06, 2026","Uptrend","Jul 28, 2026","987233.53","-253.44","0.26","-5.74","Moving Up","","Positive",,="9/9","<1","false","Swing"
"BALL","Ball Corporation Common Stock","Discretionary","Packaging & Containers","62.14","58.9","Sell","Aug 06, 2026","Uptrend","Jun 16, 2026","1905277.77","-56.41","0.1","-1.21","Moving Down","","",,="5/9","<1","false","Swing"
"BBGI","Beasley Broadcast Group, Inc. Class A Common Stock","Communication","Broadcasting","21.73","38.81","Buy","Aug 06, 2026","Uptrend","Aug 04, 2026","46017.27","-16.14","15.76","-2.51","Moving Up","","",,="8/9","<1","false","Swing"
"BBY","Best Buy Co., Inc. Common Stock","Discretionary","Specialty Retail","83","72.26","Sell","Aug 06, 2026","Neutral","Aug 12, 2026","3326803.6","-15.71","0.35","-0.34","Moving Down","","",,="4/9","<1","false","Swing"
"BGC","BGC Group, Inc. Class A Common Stock","Financials","Capital Markets","10.76","45.47","Sell","Aug 06, 2026","Downtrend","Aug 05, 2026","2497285","-170.49","0.12","5.91","Moving Down","M1S1","",,="6/9","<1","false","Swing"
"BGR","BlackRock Energy and Resources Trust","Financials","Closed-End Fund - Equity","16.73","81.6","Sell","Aug 06, 2026","Uptrend","Aug 06, 2026","84730.3","20.66","0.51","0","Moving Up","M1S1","",,="7/9","<1","false","Swing"
"BJ","BJ's Wholesale Club Holdings, Inc. Common Stock","Staples","Discount Stores","92.71","59.28","Sell","Aug 06, 2026","Neutral","Aug 12, 2026","1588524.6","-76.05","0.11","-1.33","Moving Down","","Positive",,="4/9","<1","false","Swing"
"BN","Brookfield Corporation Class A Limited Voting Shares","Financials","Asset Management","44.69","39.72","Buy","Aug 06, 2026","Uptrend","Aug 05, 2026","3830883.13","-9.27","0.37","-0.25","Moving Up","M1S1","",,="9/9","<1","false","Swing"
"BST","BlackRock Science and Technology Trust Common Shares of Beneficial Interest","Financials","Closed-End Fund - Equity","49.97","78.9","Buy","Aug 06, 2026","Uptrend","Aug 05, 2026","84040.13","30.24","0.66","1.38","Moving Up","M1S1","",,="8/9","<1","false","Swing"
"BSTZ","BlackRock Science and Technology Term Trust Common Shares of Beneficial Interest","Financials","Closed-End Fund - Equity","30.8","73.32","Buy","Aug 06, 2026","Uptrend","Aug 05, 2026","202568.17","-13.09","0.15","2.6","Moving Up","M1S1","",,="8/9","<1","false","Swing"
"CAAP","Corporacion America Airports SA Common Shares","Industrials","Airports & Air Services","24.89","36.82","Sell","Aug 06, 2026","Downtrend","Aug 11, 2026","175983.3","96.93","0.84","0.81","Moving Down","","",,="6/9","<1","false","Swing"
"CAH","Cardinal Health, Inc. Common Stock","Health Care","Medical Distribution","234.16","70.87","Buy","Aug 06, 2026","Uptrend","Jul 28, 2026","2169819.53","334.55","2.22","-2.54","Moving Up","M1S1","",,="9/9","<1","false","Swing"
"CDE","Coeur Mining, Inc. Common Stock","Materials","Gold","18.8","44.13","Buy","Aug 06, 2026","Uptrend","Aug 07, 2026","31916186.47","-106.2","0.22","1.18","Moving Up","","",,="8/9","<1","false","Swing"
"CENT","Central Garden & Pet Company Common Stock","Staples","Packaged Foods","44.59","62.85","Buy","Aug 06, 2026","Uptrend","May 08, 2026","92696.8","-15.84","0.26","1.02","Moving Up","","Positive",,="7/9","<1","false","Swing"
"CMBT","CMB.TECH NV Ordinary Shares","Energy","Oil & Gas Midstream","16.75","71.67","Sell","Aug 06, 2026","Uptrend","Jul 08, 2026","877037.97","-157.85","0.08","2.76","Moving Down","M1S1","",,="7/9","<1","false","Swing"
"CMRE","Costamare Inc. Common Stock $0.0001 par value","Industrials","Marine Shipping","14.16","51.16","Sell","Aug 06, 2026","Downtrend","Aug 06, 2026","353422.6","143.45","5.1","1.22","Moving Down","","",,="6/9","<1","false","Swing"
"CNNE","Cannae Holdings, Inc. Common Stock","Discretionary","Restaurants","15.02","70.07","Buy","Aug 06, 2026","Uptrend","Jun 29, 2026","436084.4","5.03","3.95","1.21","Moving Up","","",,="7/9","<1","false","Swing"
"CRI","Carter's, Inc. Common Stock","Discretionary","Apparel Retail","39.06","67.4","Buy","Aug 06, 2026","Neutral","Aug 12, 2026","984863.93","-65.47","3.24","-1.71","Moving Up","","",,="5/9","<1","false","Swing"
"CSGP","CoStar Group, Inc. Common Stock","Real Estate","Real Estate Services","30.5","57.09","Buy","Aug 06, 2026","Neutral","Aug 12, 2026","7222650.87","-173.83","0.96","-1.99","Moving Up","","",,="6/9","<1","false","Swing"
"CSIQ","Canadian Solar Inc. Common Shares (ON)","Technology","Solar","15.72","47.58","Buy","Aug 06, 2026","Uptrend","Aug 07, 2026","1949065.6","-73.68","3.36","-1.01","Moving Up","M1S1","",,="9/9","<1","false","Swing"
"CSQ","Calamos Strategic Total Return Common Stock","Financials","Closed-End Fund - Debt","20.865","65.9","Buy","Aug 06, 2026","Uptrend","Aug 05, 2026","194652.13","107.32","1.89","-0.07","Moving Up","M1S1","",,="9/9","<1","false","Swing"
"CVI","CVR Energy Inc. Common Stock","Energy","Oil & Gas Refining & Marketing","35.04","70.45","Sell","Aug 06, 2026","Uptrend","Aug 11, 2026","959391.5","61.93","2.55","2.91","Moving Down","M1S1","",,="6/9","<1","false","Swing"
"CVNA","Carvana Co. Class A Common Stock","Discretionary","Auto & Truck Dealerships","72.48","51.71","Buy","Aug 06, 2026","Uptrend","Aug 05, 2026","9845253.27","288.32","4.98","0.67","Moving Up","","",,="7/9","<1","false","Swing"
"DHT","DHT Holdings, Inc.","Energy","Oil & Gas Midstream","18.72","51.98","Sell","Aug 06, 2026","Uptrend","Aug 06, 2026","2834280.27","180.05","2.09","2.86","Moving Down","M1S1","",,="7/9","<1","false","Swing"
"DIS","Walt Disney Company (The) Common Stock","Communication","Entertainment","103.22","54.09","Buy","Aug 06, 2026","Uptrend","Aug 05, 2026","10868919.53","26.44","6.51","-0.3","Moving Up","","",,="8/9","<1","false","Swing"
"DOLE","Dole plc Ordinary Shares","Staples","Farm Products","12.98","14.77","Sell","Aug 06, 2026","Downtrend","Aug 05, 2026","974305.73","-27.66","0.11","0.15","Moving Down","","",,="4/9","<1","false","Swing"
"DSP","Viant Technology Inc. Class A Common Stock","Technology","Software - Application","12.48","76.75","Buy","Aug 06, 2026","Uptrend","Aug 05, 2026","268932.9","179.27","2.44","-5.38","Moving Down","M1S1","",,="8/9","<1","false","Swing"
"DYN","Dyne Therapeutics, Inc. Common Stock","Health Care","Biotechnology","26.17","65.57","Sell","Aug 06, 2026","Uptrend","Jun 15, 2026","2468533.33","217.45","4.62","-2.02","Moving Down","M1S1","",,="7/9","<1","false","Swing"
"ELS","Equity Lifestyle Properties, Inc. Common Stock","Real Estate","REIT - Residential","63.97","79.53","Sell","Aug 06, 2026","Downtrend","Aug 11, 2026","1551634.4","-76.75","0.14","-0.12","Moving Down","","",,="4/9","<1","false","Swing"
"ENOV","Enovis Corporation Common Stock","Health Care","Medical Devices","24.69","84.51","Sell","Aug 06, 2026","Downtrend","Aug 12, 2026","1229161.7","-45.88","4.29","0.37","Moving Down","M1S1","",,="6/9","<1","false","Swing"
"EOT","Eaton Vance Municipal Income Trust EATON VANCE NATIONAL MUNICIPAL OPPORTUNITIES TRUST","Financials","Closed-End Fund - Debt","17.54","64.21","Buy","Aug 06, 2026","Uptrend","Aug 05, 2026","24972.03","-3.71","0.14","0.03","Moving Up","M1S1","",,="8/9","<1","false","Swing"
"EPD","Enterprise Products Partners L.P. Common Stock","Energy","Oil & Gas Midstream","37.92","74.03","Sell","Aug 06, 2026","Neutral","Aug 12, 2026","3006380.17","-15.14","0.32","0.16","Moving Down","M1S1","",,="6/9","<1","false","Swing"
"EQIX","Equinix, Inc. Common Stock REIT","Real Estate","REIT - Specialty","1069.17","51.13","Buy","Aug 06, 2026","Uptrend","Aug 12, 2026","558350.63","66.77","2.03","3.56","Moving Up","","",,="6/9","<1","false","Swing"
"ETB","Eaton Vance Tax-Managed Buy-Write Income Fund Eaton Vance Tax-Managed Buy-Write Income Fund Common Shares of Beneficial Interest","Financials","Closed-End Fund - Equity","15.66","71.01","Buy","Aug 06, 2026","Uptrend","Aug 04, 2026","45772.13","50.95","2.39","-0.32","Moving Up","M1S1","",,="9/9","<1","false","Swing"
"EWTX","Edgewise Therapeutics, Inc. Common Stock","Health Care","Biotechnology","43.56","58.95","Buy","Aug 06, 2026","Uptrend","Aug 04, 2026","1174399.4","-154.67","0.22","-1.69","Moving Down","M1S1","",,="8/9","<1","false","Swing"
"EXP","Eagle Materials Inc Common Stock","Materials","Building Materials","210.98","46.79","Buy","Aug 06, 2026","Neutral","Aug 12, 2026","471617.6","-162.41","0.17","-1.55","Moving Down","","",,="7/9","<1","false","Swing"
"F","Ford Motor Company Common Stock","Discretionary","Auto Manufacturers","13.83","62.56","Sell","Aug 06, 2026","Downtrend","Aug 07, 2026","50787498.8","58.99","2.71","-1.07","Moving Down","","Positive",,="4/9","<1","false","Swing"
"FANG","Diamondback Energy, Inc. Common Stock","Energy","Oil & Gas E&P","200.84","73.9","Sell","Aug 06, 2026","Uptrend","Aug 10, 2026","1949698","-64.15","0.22","-0.43","Moving Down","M1S1","Positive",,="6/9","<1","false","Swing"
"FLYW","Flywire Corporation Voting Common Stock","Technology","Software - Infrastructure","17.46","68.84","Buy","Aug 06, 2026","Uptrend","Aug 05, 2026","2237701.83","15.56","5.4","-0.06","Moving Down","M1S1","",,="8/9","<1","false","Swing"
"FMS","Fresenius Medical Care AG American Depositary Shares (Each representing 1/2 of an Ordinary Share)","Health Care","Medical Care Facilities","23.72","67.84","Sell","Aug 06, 2026","Downtrend","Aug 12, 2026","735724","36.87","5.63","-0.63","Moving Down","M1S1","",,="6/9","<1","false","Swing"
"FORR","Forrester Research, Inc. Common Stock","Industrials","Consulting Services","11.53","94.32","Buy","Aug 06, 2026","Uptrend","May 07, 2026","136819.8","-58.57","3.62","-2.54","Moving Up","","",,="9/9","<1","false","Swing"
"FSLR","First Solar, Inc. Common Stock","Technology","Solar","226.77","58.21","Buy","Aug 06, 2026","Neutral","Aug 12, 2026","2304498.7","-17.78","0.3","-5.87","Moving Up","M1S1","",,="8/9","<1","false","Swing"
"FTK","Flotek Industries, Inc. Common Stock","Energy","Oil & Gas Equipment & Services","37.17","67.22","Buy","Aug 06, 2026","Uptrend","Aug 03, 2026","417300.33","-36.04","0.26","-4.25","Moving Up","M1S1","",,="9/9","<1","false","Swing"
"FTNT","Fortinet, Inc. Common Stock","Technology","Software - Infrastructure","160.84","70.5","Buy","Aug 06, 2026","Uptrend","Jul 31, 2026","5166252.27","151.44","0.65","-0.65","Moving Up","M1S1","",,="9/9","<1","false","Swing"
"GFF","Griffon Corporation Common Stock","Industrials","Building Products & Equipment","104.88","61.35","Buy","Aug 06, 2026","Uptrend","Aug 05, 2026","328118","-26.32","0.36","-1.75","Moving Up","","",,="9/9","<1","false","Swing"
"GFI","Gold Fields Limited American Depositary Shares","Materials","Gold","40.73","51.21","Buy","Aug 06, 2026","Uptrend","Aug 05, 2026","3710973.5","181.64","0.8","1.14","Moving Up","","",,="8/9","<1","false","Swing"
"GLPI","Gaming and Leisure Properties, Inc. Common Stock","Real Estate","REIT - Specialty","43.1","57.96","Sell","Aug 06, 2026","Downtrend","Aug 05, 2026","2503156.37","-7.55","0.17","1.08","Moving Down","","",,="4/9","<1","false","Swing"
"GO","Grocery Outlet Holding Corp. Common Stock","Staples","Grocery Stores","10.17","66.67","Buy","Aug 06, 2026","Uptrend","Aug 05, 2026","2274963.07","-7.75","35.66","3.46","Moving Up","","",,="6/9","<1","false","Swing"
"HCM","HUTCHMED (China) Limited American Depositary Shares","Health Care","Drug Manufacturers - Specialty & Generic","12.25","59.7","Buy","Aug 06, 2026","Uptrend","Aug 03, 2026","47349.77","-48.28","5.16","-1.76","Moving Up","M1S1","",,="9/9","<1","false","Swing"
"HEQ","John Hancock Diversified Income Fund Common Shares of Beneficial Interest","Financials","Closed-End Fund - Equity","11.65","70.4","Buy","Aug 06, 2026","Uptrend","Aug 04, 2026","22773.2","-24.53","0.23","0","Moving Up","M1S1","",,="8/9","<1","false","Swing"
"HGTY","Hagerty, Inc. Class A Common Stock","Financials","Insurance - Property & Casualty","12.75","80.36","Buy","Aug 06, 2026","Uptrend","Aug 05, 2026","151654","30.91","1.56","-0.23","Moving Down","M1S1","",,="8/9","<1","false","Swing"
"HIFS","Hingham Institution for Savings Common Stock","Financials","Banks - Regional","313.45","53.41","Buy","Aug 06, 2026","Uptrend","Aug 05, 2026","42393.5","-63.3","0.17","0.63","Moving Up","M1S1","",,="8/9","<1","false","Swing"
"HSTM","HealthStream, Inc. Common Stock","Health Care","Health Information Services","28.36","78.83","Sell","Aug 06, 2026","Uptrend","May 04, 2026","188158.7","11.46","7.94","0","Moving Down","M1S1","",,="7/9","<1","false","Swing"
"HUBB","Hubbell Inc Common Stock","Industrials","Electrical Equipment & Parts","512.9","58.91","Buy","Aug 06, 2026","Uptrend","Aug 05, 2026","578779.23","77.37","0.97","-1.29","Moving Up","","",,="9/9","<1","false","Swing"
"IGIC","International General Insurance Holdings Ltd. Ordinary Share","Financials","Insurance - Diversified","26.67","44.68","Sell","Aug 06, 2026","Downtrend","Aug 10, 2026","109280.2","128.1","1.28","0.45","Moving Down","M1S1","",,="6/9","<1","false","Swing"
"INSW","International Seaways, Inc. Common Stock ","Energy","Oil & Gas Midstream","92.38","58.62","Sell","Aug 06, 2026","Uptrend","Jul 07, 2026","510829.97","467.54","2.22","3.73","Moving Down","M1S1","",,="7/9","<1","false","Swing"
"IRDM","Iridium Communications Inc Common Stock","Communication","Telecom Services","49.65","62.62","Buy","Aug 06, 2026","Uptrend","Aug 05, 2026","1657040.27","89.59","2.92","0.55","Moving Up","","",,="8/9","<1","false","Swing"
"JBTM","JBT Marel Corporation Common Stock","Industrials","Specialty Industrial Machinery","118.52","41","Sell","Aug 06, 2026","Downtrend","Aug 05, 2026","547936.77","-128.13","0","-2.7","Moving Down","","",,="6/9","<1","false","Swing"
"JOF","Japan Smaller Capitalization Fund Inc Common Stock","Financials","Closed-End Fund - Foreign","12.5","68.48","Buy","Aug 06, 2026","Uptrend","Aug 05, 2026","82294","40.78","1.45","0.48","Moving Up","M1S1","",,="8/9","<1","false","Swing"
"KEP","Korea Electric Power Corporation Common Stock","Utilities","Utilities - Regulated Electric","11.88","50.14","Buy","Aug 06, 2026","Neutral","Aug 05, 2026","1131197.6","36.7","98.42","-3.41","Moving Up","","",,="6/9","<1","false","Swing"
"KEYS","Keysight Technologies Inc. Common Stock","Technology","Scientific & Technical Instruments","354.5","62.57","Buy","Aug 06, 2026","Uptrend","Aug 05, 2026","1193219.5","84.51","0.9","3.14","Moving Up","M1S1","",,="9/9","<1","false","Swing"
"KNSA","Kiniksa Pharmaceuticals International, plc Class A Ordinary Shares","Health Care","Drug Manufacturers - Specialty & Generic","78.15","69.91","Sell","Aug 06, 2026","Uptrend","Jun 17, 2026","695163.73","60.52","0.38","0.45","Moving Down","M1S1","",,="7/9","<1","false","Swing"
"KOD","Kodiak Sciences Inc Common Stock","Health Care","Biotechnology","43.41","51.9","Buy","Aug 06, 2026","Uptrend","Jun 26, 2026","604185.73","18.58","5.21","3.09","Moving Up","M1S1","",,="9/9","<1","false","Swing"
"KTOS","Kratos Defense & Security Solutions, Inc. Common Stock","Industrials","Aerospace & Defense","63.82","60.84","Buy","Aug 06, 2026","Uptrend","Aug 05, 2026","4109215.87","468.97","5.43","0.14","Moving Up","","",,="9/9","<1","false","Swing"
"LEGH","Legacy Housing Corporation Common Stock (TX)","Discretionary","Residential Construction","28.74","80.9","Buy","Aug 06, 2026","Uptrend","May 05, 2026","122774.53","-30.83","0.06","-0.69","Moving Up","","",,="7/9","<1","false","Swing"
"LEN/B","Lennar Corporation Class B","Discretionary","Homebuilding","83.42","42.88","Buy","Aug 06, 2026","Neutral","Aug 12, 2026","70553.2","92.7","2.63","-3.23","Moving Up","","",,="6/9","<1","false","Swing"
"LOVE","The Lovesac Company Common Stock","Discretionary","Furnishings Fixtures & Appliances","17.29","69.54","Buy","Aug 06, 2026","Uptrend","Aug 04, 2026","227529.13","-66.07","1.87","-1.76","Moving Down","","",,="6/9","<1","false","Swing"
"LOW","Lowe's Companies, Inc. Common Stock","Discretionary","Home Improvement Retail","215.97","52.66","Buy","Aug 06, 2026","Neutral","Aug 12, 2026","2713697.87","17.56","0.56","-2.39","Moving Up","","",,="5/9","<1","false","Swing"
"LPG","Dorian LPG Ltd. Common Stock","Energy","Oil & Gas Midstream","44.73","71.33","Sell","Aug 06, 2026","Uptrend","Jul 14, 2026","629831.83","393.78","2.46","3.93","Moving Down","M1S1","",,="7/9","<1","false","Swing"
"LPX","Louisiana-Pacific Corporation Common Stock","Industrials","Building Products & Equipment","73.66","62.59","Buy","Aug 06, 2026","Neutral","Aug 12, 2026","1216443.97","92.08","1.71","-2.46","Moving Up","","",,="8/9","<1","false","Swing"
"MDRR","Medalist Diversified, Inc. Common Stock","Real Estate","Real Estate Services","12.17","69.58","Buy","Aug 06, 2026","Uptrend","Aug 05, 2026","4710.1","-35.82","0.07","0","Moving Up","","",,="6/9","<1","false","Swing"
"MPV","Barings Participation Investors Common Stock","Financials","Closed-End Fund - Debt","16.245","43.42","Buy","Aug 06, 2026","Neutral","Aug 05, 2026","21769.23","37.12","1.8","-0.34","Moving Up","M1S1","",,="8/9","<1","false","Swing"
"MXF","Mexico Fund, Inc. (The) Common Stock","Financials","Closed-End Fund - Foreign","21.705","36.07","Buy","Aug 06, 2026","Uptrend","Aug 05, 2026","34169.13","32.04","0.77","0.21","Moving Up","M1S1","",,="8/9","<1","false","Swing"
"NBTB","NBT Bancorp Inc. Common Stock","Financials","Banks - Regional","53.41","76.06","Sell","Aug 06, 2026","Uptrend","May 18, 2026","389343.73","51.01","2.4","0.96","Moving Down","M1S1","",,="7/9","<1","false","Swing"
"NCZ","Virtus Convertible & Income Fund II Common Shares of Beneficial Interest","Financials","Closed-End Fund - Debt","16.1","41.99","Buy","Aug 06, 2026","Uptrend","Aug 05, 2026","74923.57","89.87","4.03","0.88","Moving Up","M1S1","",,="9/9","<1","false","Swing"
"NDAQ","Nasdaq, Inc. Common Stock","Financials","Financial Data & Stock Exchanges","95.66","77.7","Sell","Aug 06, 2026","Uptrend","Jul 10, 2026","3711150.1","142.18","2.16","0.67","Moving Down","M1S1","",,="6/9","<1","false","Swing"
"NEM","Newmont Corporation","Materials","Gold","117.84","51.41","Buy","Aug 06, 2026","Uptrend","Aug 05, 2026","7420334.1","105.22","1.51","0.54","Moving Up","","",,="8/9","<1","false","Swing"
"NESR","National Energy Services Reunited Corp Ordinary Shares","Energy","Oil & Gas Equipment & Services","34.82","64.96","Buy","Aug 06, 2026","Uptrend","Aug 04, 2026","2102829.93","241.98","2.83","-3.3","Moving Up","M1S1","",,="9/9","<1","false","Swing"
"NEXA","Nexa Resources S.A. Common Shares","Materials","Other Industrial Metals & Mining","14.57","65.55","Buy","Aug 06, 2026","Uptrend","Aug 05, 2026","656518.9","18.46","0.55","0.83","Moving Up","","",,="9/9","<1","false","Swing"
"NRP","Natural Resource Partners LP Limited Partnership","Energy","Thermal Coal","102.99","54.73","Buy","Aug 06, 2026","Uptrend","Aug 05, 2026","49637.63","450.26","1.9","-0.52","Moving Up","M1S1","",,="9/9","<1","false","Swing"
"NTRA","Natera, Inc. Common Stock","Health Care","Diagnostics & Research","315.96","76.59","Buy","Aug 06, 2026","Uptrend","Jul 30, 2026","1274901.43","689.47","2.42","1.04","Moving Up","M1S1","",,="9/9","<1","false","Swing"
"NVDA","NVIDIA Corporation Common Stock","Technology","Semiconductors","224.09","55.32","Buy","Aug 06, 2026","Uptrend","Aug 05, 2026","125879082.53","335.41","0.25","3.03","Moving Up","M1S1","Positive","true",="8/9","<1","false","Swing"
"NXE","Nexgen Energy Ltd. Common Shares","Energy","Uranium","10.55","55.06","Buy","Aug 06, 2026","Uptrend","Aug 05, 2026","4523454.47","25.86","0.1","-0.09","Moving Up","M1S1","",,="8/9","<1","false","Swing"
"NYT","New York Times Company (The) Common Stock","Communication","Publishing","63.95","25.09","Sell","Aug 06, 2026","Downtrend","Aug 05, 2026","2018372.73","-19.98","0.31","0.35","Moving Down","","",,="5/9","<1","false","Swing"
"OESX","Orion Energy Systems, Inc. Common Stock","Industrials","Electrical Equipment & Parts","20.59","89.25","Buy","Aug 06, 2026","Uptrend","Aug 05, 2026","76535.73","1.85","4.83","4.25","Moving Up","","",,="8/9","<1","false","Swing"
"OLED","Universal Display Corporation Common Stock","Technology","Electronic Components","92.01","62.16","Buy","Aug 06, 2026","Uptrend","Aug 05, 2026","740762.13","-54.37","3.76","-2.16","Moving Up","M1S1","",,="8/9","<1","false","Swing"
"OMAB","Grupo Aeroportuario del Centro Norte S.A.B. de C.V. ADS","Industrials","Airports & Air Services","109.31","49.19","Buy","Aug 06, 2026","Uptrend","Aug 04, 2026","66393.37","-86.75","0.21","0.84","Moving Up","","",,="9/9","<1","false","Swing"
"OR","OR Royalties Inc. Common Shares","Materials","Gold","33.71","56.86","Buy","Aug 06, 2026","Uptrend","Aug 05, 2026","960577.47","112.32","1.92","0.06","Moving Up","","",,="9/9","<1","false","Swing"
"OSPN","OneSpan Inc. Common Stock","Technology","Software - Infrastructure","16.53","71.71","Buy","Aug 06, 2026","Uptrend","Apr 15, 2026","399594.1","-25.73","0.38","1.41","Moving Up","M1S1","",,="9/9","<1","false","Swing"
"PAA","Plains All American Pipeline, L.P. Common Units representing Limited Partner Interests","Energy","Oil & Gas Midstream","23.24","68.46","Sell","Aug 06, 2026","Neutral","Aug 12, 2026","2348572.8","74.8","2.85","0.39","Moving Down","M1S1","",,="6/9","<1","false","Swing"
"PAAS","Pan American Silver Corp. Common Stock","Materials","Gold","52.38","56.59","Buy","Aug 06, 2026","Uptrend","Aug 05, 2026","3809302.43","-137.54","0.17","1.14","Moving Up","","",,="9/9","<1","false","Swing"
"PAG","Penske Automotive Group, Inc. Common Stock","Discretionary","Auto & Truck Dealerships","218","93.6","Sell","Aug 06, 2026","Uptrend","May 26, 2026","469632.83","361.11","2.75","0.62","Moving Down","","",,="5/9","<1","false","Swing"
"PANW","Palo Alto Networks, Inc. Common Stock","Technology","Software - Infrastructure","387.01","78.96","Buy","Aug 06, 2026","Uptrend","Apr 16, 2026","6441026.67","102.39","0.3","0.84","Moving Up","M1S1","",,="9/9","<1","false","Swing"
"PCRX","Pacira BioSciences, Inc. Common Stock","Health Care","Drug Manufacturers - Specialty & Generic","23.7","52.31","Sell","Aug 06, 2026","Downtrend","Aug 10, 2026","606972.27","-33.39","5.36","-2.79","Moving Down","M1S1","",,="6/9","<1","false","Swing"
"PEGA","Pegasystems Inc. Common Stock","Technology","Software - Application","31.35","50.26","Buy","Aug 06, 2026","Neutral","Aug 12, 2026","3104011.53","-110.52","0.69","-5.2","Moving Up","M1S1","",,="8/9","<1","false","Swing"
"PEO","Adams Natural Resources Fund, Inc. Common Stock","Financials","Closed-End Fund - Equity","27.67","73.82","Sell","Aug 06, 2026","Uptrend","Jul 13, 2026","55277.33","41.14","0.72","0.14","Moving Up","M1S1","",,="8/9","<1","false","Swing"
"PFX","PhenixFIN Corporation Common Stock","Financials","Asset Management","46.01","78.57","Buy","Aug 06, 2026","Uptrend","Aug 05, 2026","15918.7","17.75","4.69","0","Moving Up","M1S1","",,="9/9","<1","false","Swing"
"PHI","PLDT Inc. Sponsored ADR","Communication","Telecom Services","19.61","69.5","Sell","Aug 06, 2026","Uptrend","Jul 14, 2026","161812.73","2.67","0.62","0.26","Moving Down","","",,="6/9","<1","false","Swing"
"POST","Post Holdings, Inc. Common Stock","Staples","Packaged Foods","80.58","24.99","Sell","Aug 06, 2026","Downtrend","Aug 07, 2026","1004711","-80.67","0.11","2.66","Moving Down","","",,="4/9","<1","false","Swing"
"PPTA","Perpetua Resources Corp. Common Shares","Materials","Other Precious Metals & Mining","25.27","61.4","Buy","Aug 06, 2026","Uptrend","Aug 05, 2026","1174859.43","-18.92","0.32","-0.63","Moving Up","","",,="8/9","<1","false","Swing"
"PRU","Prudential Financial, Inc. Common Stock","Financials","Insurance - Life","122.74","91.34","Sell","Aug 06, 2026","Uptrend","May 05, 2026","1777995.9","16.62","1.08","0.34","Moving Down","M1S1","",,="7/9","<1","false","Swing"
"PSMT","PriceSmart, Inc. Common Stock","Staples","Discount Stores","177.93","38.77","Sell","Aug 06, 2026","Downtrend","Aug 06, 2026","290486.1","67.98","1.18","2.93","Moving Down","","",,="4/9","<1","false","Swing"
"PWR","Quanta Services, Inc. Common Stock","Industrials","Engineering & Construction","678.02","39.82","Buy","Aug 06, 2026","Uptrend","Aug 11, 2026","1086113.53","1489.26","2.43","1.11","Moving Up","","",,="9/9","<1","false","Swing"
"QLYS","Qualys, Inc. Common Stock","Technology","Software - Infrastructure","187.15","86.06","Buy","Aug 06, 2026","Uptrend","Jul 31, 2026","816145.73","-33.7","0.2","-0.62","Moving Up","M1S1","",,="9/9","<1","false","Swing"
"QMCO","Quantum Corporation Common Stock","Technology","Computer Hardware","21.935","50.02","Buy","Aug 06, 2026","Uptrend","Aug 05, 2026","1529199.8","-57.44","5.32","13.07","Moving Up","M1S1","",,="9/9","<1","false","Swing"
"QQQX","Nuveen NASDAQ 100 Dynamic Overwrite Fund Shares of Beneficial Interest","Financials","Closed-End Fund - Equity","30.89","68.26","Buy","Aug 06, 2026","Uptrend","Aug 05, 2026","119702.57","47.22","1.27","0.23","Moving Up","M1S1","",,="8/9","<1","false","Swing"
"REYN","Reynolds Consumer Products Inc. Common Stock","Discretionary","Packaging & Containers","26.23","79.32","Buy","Aug 06, 2026","Uptrend","Aug 04, 2026","1182973.33","23.68","22.92","0.38","Moving Down","","",,="6/9","<1","false","Swing"
"RGEN","Repligen Corporation Common Stock","Health Care","Medical Instruments & Supplies","165.7","79.85","Buy","Aug 06, 2026","Uptrend","Jul 28, 2026","1151838.53","-216.9","0.09","0.56","Moving Up","M1S1","",,="8/9","<1","false","Swing"
"RMBI","Richmond Mutual Bancorporation, Inc. Common Stock","Financials","Banks - Regional","16.045","78.81","Buy","Aug 06, 2026","Uptrend","Jul 09, 2026","52859.07","10.1","1.37","-0.16","Moving Up","M1S1","",,="9/9","<1","false","Swing"
"RNR","RenaissanceRe Holdings Ltd. Common Stock","Financials","Insurance - Reinsurance","317.45","70.28","Sell","Aug 06, 2026","Uptrend","Jun 15, 2026","337777.97","-32.68","0.26","0.29","Moving Down","M1S1","",,="7/9","<1","false","Swing"
"RRR","Red Rock Resorts, Inc. Class A Common Stock","Discretionary","Resorts & Casinos","63.09","49.37","Sell","Aug 06, 2026","Neutral","Aug 11, 2026","721030.63","6.18","0.15","0.08","Moving Down","","",,="4/9","<1","false","Swing"
"RYTM","Rhythm Pharmaceuticals, Inc. Common Stock","Health Care","Biotechnology","117.6","57.95","Buy","Aug 06, 2026","Uptrend","Aug 05, 2026","707275.23","311.27","2.7","4.21","Moving Up","M1S1","",,="8/9","<1","false","Swing"
"SA","Seabridge Gold, Inc. Ordinary Shares (Canada)","Materials","Gold","32.51","58.46","Buy","Aug 06, 2026","Uptrend","Aug 05, 2026","556781.5","-209.11","0.13","1.5","Moving Up","","",,="9/9","<1","false","Swing"
"SCD","LMP Capital and Income Fund Inc. Common Stock","Financials","Closed-End Fund - Equity","15.76","48.86","Buy","Aug 06, 2026","Uptrend","Aug 04, 2026","98016.33","111.62","2.69","0.38","Moving Up","M1S1","",,="8/9","<1","false","Swing"
"SDGR","Schrodinger, Inc. Common Stock","Health Care","Health Information Services","18.63","88.2","Buy","Aug 06, 2026","Uptrend","Aug 05, 2026","1100894.8","-98.45","2.54","-0.11","Moving Up","M1S1","",,="8/9","<1","false","Swing"
"SGC","Superior Group of Companies, Inc. Common Stock","Discretionary","Apparel Manufacturing","13.36","55.18","Buy","Aug 06, 2026","Uptrend","Aug 12, 2026","55230.37","-178","0.03","4.37","Moving Up","","",,="7/9","<1","false","Swing"
"SHOP","Shopify Inc. Class A Subordinate Voting Shares","Technology","Software - Application","150.41","83.64","Buy","Aug 06, 2026","Uptrend","Aug 04, 2026","9888207.03","-46.58","0.15","-1.44","Moving Up","M1S1","",,="9/9","<1","false","Swing"
"SKM","SK Telecom Co., Ltd. Common Stock","Communication","Telecom Services","35.05","57.89","Buy","Aug 06, 2026","Uptrend","Aug 12, 2026","2445113.3","128.51","6.86","4.1","Moving Up","","",,="8/9","<1","false","Swing"
"SKY","Champion Homes, Inc. Common Stock","Discretionary","Residential Construction","93.88","68.47","Buy","Aug 06, 2026","Uptrend","Aug 05, 2026","653736.97","-175.02","0.2","-0.31","Moving Up","","",,="6/9","<1","false","Swing"
"SLVM","Sylvamo Corporation Common Stock","Materials","Paper & Paper Products","38.43","75.18","Buy","Aug 06, 2026","Neutral","Aug 12, 2026","292986.13","-37.64","2.37","-3.32","Moving Down","","",,="7/9","<1","false","Swing"
"SOFI","SoFi Technologies, Inc. Common Stock  ","Financials","Credit Services","17.94","50.58","Buy","Aug 06, 2026","Uptrend","Aug 05, 2026","76717903.73","-61.53","0.22","-0.22","Moving Down","M1S1","",,="8/9","<1","false","Swing"
"STRR","Star Equity Holdings, Inc. Common Stock","Industrials","Conglomerates","10.85","50.64","Buy","Aug 06, 2026","Neutral","Aug 12, 2026","3292.53","-131.13","0.32","-3.04","Moving Up","","",,="8/9","<1","false","Swing"
"SWKS","Skyworks Solutions, Inc. Common Stock","Technology","Semiconductors","69.68","65.62","Buy","Aug 06, 2026","Uptrend","Aug 05, 2026","5581023.43","56.99","8.18","1.98","Moving Up","M1S1","",,="9/9","<1","false","Swing"
"TBPH","Theravance Biopharma, Inc. Ordinary Shares","Health Care","Biotechnology","16.92","50.56","Buy","Aug 06, 2026","Uptrend","Aug 05, 2026","694670.8","34.38","1.17","0","Moving Up","M1S1","",,="9/9","<1","false","Swing"
"TEN","Tsakos Energy Navigation Ltd Common Shares","Energy","Oil & Gas Midstream","39.31","54.14","Sell","Aug 06, 2026","Neutral","Aug 12, 2026","204823.23","150.97","3.6","2.83","Moving Down","M1S1","",,="5/9","<1","false","Swing"
"TER","Teradyne, Inc. Common Stock","Technology","Semiconductor Equipment & Materials","402.74","62.44","Buy","Aug 06, 2026","Uptrend","Aug 11, 2026","3730296.33","155.51","0.95","6.11","Moving Up","M1S1","",,="9/9","<1","false","Swing"
"TGS","Transportadora de Gas del Sur SA TGS Common Stock","Energy","Oil & Gas Integrated","28.1","35.29","Sell","Aug 06, 2026","Downtrend","Aug 06, 2026","222994.5","-238.1","0.17","0.21","Moving Down","M1S1","",,="6/9","<1","false","Swing"
"TREX","Trex Company, Inc. Common Stock","Industrials","Building Products & Equipment","49.53","70.56","Buy","Aug 06, 2026","Uptrend","Aug 05, 2026","2167546.23","172.69","56.42","-0.42","Moving Up","","",,="9/9","<1","false","Swing"
"TRNS","Transcat, Inc. Common Stock","Industrials","Specialty Business Services","97.76","65.05","Buy","Aug 06, 2026","Uptrend","Aug 05, 2026","141052.5","-243.42","0.15","2.48","Moving Up","","",,="9/9","<1","false","Swing"
"TSLX","Sixth Street Specialty Lending, Inc. Common Stock","Financials","Asset Management","18.8","77.01","Buy","Aug 06, 2026","Uptrend","Aug 03, 2026","515326","15.14","0.93","0.21","Moving Up","M1S1","",,="9/9","<1","false","Swing"
"TTC","Toro Company (The) Common Stock","Industrials","Tools & Accessories","97.92","73.07","Buy","Aug 06, 2026","Uptrend","Aug 04, 2026","537531.6","-55.91","0.1","-0.9","Moving Up","","",,="8/9","<1","false","Swing"
"TVTX","Travere Therapeutics, Inc. Common Stock","Health Care","Biotechnology","62.16","50.28","Buy","Aug 06, 2026","Uptrend","Apr 13, 2026","1543364.5","356.77","3.38","3.24","Moving Up","M1S1","",,="9/9","<1","false","Swing"
"TWST","Twist Bioscience Corporation Common Stock","Health Care","Diagnostics & Research","125.21","88.99","Buy","Aug 06, 2026","Uptrend","Jul 31, 2026","1541198.87","-31.56","4.06","1.7","Moving Up","M1S1","",,="9/9","<1","false","Swing"
"TXNM","TXNM Energy, Inc. Common Stock","Utilities","Utilities - Regulated Electric","57.33","46.76","Sell","Aug 06, 2026","Downtrend","Aug 10, 2026","1079360.03","-13.03","0.21","0.03","Moving Down","","",,="4/9","<1","false","Swing"
"TYRA","Tyra Biosciences, Inc. Common Stock","Health Care","Biotechnology","25.3","26.58","Sell","Aug 06, 2026","Downtrend","Aug 05, 2026","651965.23","-171.76","0.13","0.48","Moving Down","M1S1","",,="6/9","<1","false","Swing"
"UGI","UGI Corporation Common Stock","Utilities","Utilities - Regulated Gas","35.1","65.1","Sell","Aug 06, 2026","Downtrend","Aug 06, 2026","1336566.9","-19.69","2.46","-0.17","Moving Down","","",,="4/9","<1","false","Swing"
"UI","Ubiquiti Inc. Common Stock","Technology","Communication Equipment","577.76","36.61","Buy","Aug 06, 2026","Neutral","Aug 05, 2026","86971.73","298.38","4.85","0.78","Moving Up","M1S1","",,="7/9","<1","false","Swing"
"UNM","Unum Group Common Stock","Financials","Insurance - Life","91.79","60.25","Buy","Aug 06, 2026","Uptrend","Aug 04, 2026","1507897.13","92.49","0.94","2.16","Moving Up","M1S1","",,="9/9","<1","false","Swing"
"URI","United Rentals, Inc. Common Stock","Industrials","Rental & Leasing Services","1129.3","56.48","Buy","Aug 06, 2026","Uptrend","Jul 24, 2026","459777.23","205.78","0.94","-1.25","Moving Up","","",,="9/9","<1","false","Swing"
"USCB","USCB Financial Holdings, Inc. Class A Common Stock","Financials","Banks - Regional","22.45","61.09","Sell","Aug 06, 2026","Uptrend","Jun 09, 2026","49535.33","58.67","1.6","-0.04","Moving Up","M1S1","",,="8/9","<1","false","Swing"
"UVV","Universal Corporation Common Stock","Staples","Tobacco","45.21","36.87","Sell","Aug 06, 2026","Downtrend","Aug 06, 2026","273267.3","-46.88","0.04","-2.19","Moving Down","","",,="4/9","<1","false","Swing"
"VLO","Valero Energy Corporation Common Stock","Energy","Oil & Gas Refining & Marketing","330.21","80","Sell","Aug 06, 2026","Uptrend","Jun 26, 2026","2696442.8","158.14","1.38","1.94","Moving Up","M1S1","Positive",,="8/9","<1","false","Swing"
"VSEC","VSE Corporation Common Stock","Industrials","Aerospace & Defense","242.6","51.34","Buy","Aug 06, 2026","Uptrend","Aug 05, 2026","455848.67","334.95","1.51","0.32","Moving Up","","",,="9/9","<1","false","Swing"
"VVX","V2X, Inc. Common Stock","Industrials","Aerospace & Defense","81.48","78.05","Sell","Aug 06, 2026","Uptrend","Aug 06, 2026","743782.57","-64.13","0.16","1.17","Moving Down","","",,="7/9","<1","false","Swing"
"XNCR","Xencor, Inc. Common Stock","Health Care","Biotechnology","23.18","87.59","Sell","Aug 06, 2026","Uptrend","Jun 12, 2026","1081195.5","-35.64","3.37","4.89","Moving Up","M1S1","",,="7/9","<1","false","Swing"
"XPEL","XPEL, Inc. Common Stock","Discretionary","Auto Parts","49.04","70.59","Buy","Aug 06, 2026","Uptrend","Aug 05, 2026","246065.27","-123.84","0.12","2.34","Moving Up","","",,="7/9","<1","false","Swing"
"YELP","Yelp Inc. Common Stock","Communication","Internet Content & Information","23.64","50.5","Sell","Aug 06, 2026","Downtrend","Aug 10, 2026","1111269.93","-68.39","0.5","0.13","Moving Down","","",,="5/9","<1","false","Swing"
"YPF","YPF Sociedad Anonima Common Stock","Energy","Oil & Gas Integrated","48.9","43.51","Sell","Aug 06, 2026","Downtrend","Aug 12, 2026","1242743.6","199.91","1.71","-0.51","Moving Down","M1S1","",,="6/9","<1","false","Swing"
"AAMI","Acadian Asset Management Inc. Common Stock","Financials","Asset Management","92.19","75.47","Buy","Aug 05, 2026","Uptrend","Jul 06, 2026","408541.67","168.4","2.3","0.7","Moving Up","M1S1","",,="9/9","<1","false","Swing"
"ADAM","Adamas Trust, Inc. Common Stock","Real Estate","REIT - Mortgage","10.16","74.02","Buy","Aug 05, 2026","Uptrend","Aug 04, 2026","861490.87","51.93","10.29","-0.68","Moving Up","","",,="6/9","<1","false","Swing"
"ADUS","Addus HomeCare Corporation Common Stock","Health Care","Medical Care Facilities","118.06","91.92","Sell","Aug 05, 2026","Uptrend","Jun 22, 2026","241477.23","27.06","3.43","1","Moving Down","M1S1","",,="6/9","<1","false","Swing"
"AEHR","Aehr Test Systems Common Stock","Technology","Semiconductor Equipment & Materials","129.23","60.47","Buy","Aug 05, 2026","Uptrend","Aug 04, 2026","2993203.43","4635.06","2.26","10.28","Moving Up","M1S1","",,="9/9","<1","false","Swing"
"AIZ","Assurant, Inc. Common Stock","Financials","Insurance - Property & Casualty","281.12","80.08","Buy","Aug 05, 2026","Uptrend","Apr 15, 2026","354816.07","7.18","0.16","-0.1","Moving Down","M1S1","",,="8/9","<1","false","Swing"
"ALC","Alcon Inc. Ordinary Shares","Health Care","Medical Instruments & Supplies","73.58","81.49","Buy","Aug 05, 2026","Uptrend","Jul 28, 2026","2349517.73","-24.49","1.23","-2.35","Moving Up","M1S1","",,="9/9","<1","false","Swing"
"ALSN","Allison Transmission Holdings, Inc. Common Stock","Discretionary","Auto Parts","123.6","50.87","Buy","Aug 05, 2026","Uptrend","Aug 07, 2026","1333017.57","207.41","3.98","-1.11","Moving Up","","",,="7/9","<1","false","Swing"
"AMCX","AMC Global Media Inc. Class A Common Stock","Communication","Entertainment","11.75","76.41","Buy","Aug 05, 2026","Uptrend","Jul 31, 2026","694031.77","65.22","7.13","-0.34","Moving Up","","",,="8/9","<1","false","Swing"
"AMG","Affiliated Managers Group, Inc. Common Stock","Financials","Asset Management","362.4","65.95","Buy","Aug 05, 2026","Uptrend","Apr 30, 2026","252061.5","-15.12","0.36","0.93","Moving Down","M1S1","",,="8/9","<1","false","Swing"
"AMH","American Homes 4 Rent Common Shares of Beneficial Interest","Real Estate","REIT - Residential","33.83","73.75","Buy","Aug 05, 2026","Uptrend","Jun 23, 2026","2082092.87","-77.58","0.09","-0.12","Moving Down","","",,="6/9","<1","false","Swing"
"ANET","Arista Networks, Inc. Common Stock","Technology","Computer Hardware","210.5","64.58","Buy","Aug 05, 2026","Uptrend","Jul 31, 2026","8149965.4","-222.14","0.32","6.39","Moving Up","M1S1","",,="9/9","<1","false","Swing"
"APH","Amphenol Corporation Common Stock","Technology","Electronic Components","169.96","60.25","Buy","Aug 05, 2026","Uptrend","Aug 03, 2026","6692904.1","60.36","0.28","1.63","Moving Up","M1S1","",,="8/9","<1","false","Swing"
"APPF","AppFolio, Inc. Class A Common Stock","Technology","Software - Application","196.77","73.23","Buy","Aug 05, 2026","Uptrend","Jul 27, 2026","425726.57","-0.59","0.33","-3.08","Moving Up","M1S1","",,="9/9","<1","false","Swing"
"AVAV","AeroVironment, Inc. Common Stock","Industrials","Aerospace & Defense","193.81","63.54","Buy","Aug 05, 2026","Uptrend","Aug 04, 2026","1579967.03","289.66","4.22","-1.13","Moving Up","","",,="8/9","<1","false","Swing"
"B","Barrick Mining Corporation Common Shares","Materials","Gold","41.23","51.6","Buy","Aug 05, 2026","Uptrend","Aug 04, 2026","9291518.37","35.19","0.7","2.74","Moving Up","","",,="9/9","<1","false","Swing"
"BBT","Beacon Financial Corporation Common stock","Financials","Banks - Regional","32.04","70.59","Buy","Aug 05, 2026","Uptrend","Jul 31, 2026","724846.97","-9.96","0.22","0.98","Moving Up","M1S1","",,="9/9","<1","false","Swing"
"BC","Brunswick Corporation Common Stock","Discretionary","Recreational Vehicles","80.33","68.3","Buy","Aug 05, 2026","Neutral","Aug 12, 2026","683342.37","-77.49","0.1","-1.33","Moving Up","","",,="6/9","<1","false","Swing"
"BCAT","BlackRock Capital Allocation Term Trust Common Shares of Beneficial Interest","Financials","Closed-End Fund - Equity","16.05","73.21","Buy","Aug 05, 2026","Uptrend","Aug 04, 2026","735130.5","4.78","0.16","-0.37","Moving Up","M1S1","",,="8/9","<1","false","Swing"
"BCC","Boise Cascade, L.L.C. Common Stock","Materials","Lumber & Wood Production","84.25","72.42","Buy","Aug 05, 2026","Uptrend","Jul 10, 2026","402782.63","-153.69","0.16","-1.5","Moving Up","","",,="8/9","<1","false","Swing"
"BCO","Brinks Company (The) Common Stock","Industrials","Security & Protection Services","113.96","76.87","Sell","Aug 05, 2026","Uptrend","Aug 11, 2026","574391.9","34.65","4.13","0.04","Moving Down","","",,="7/9","<1","false","Swing"
"BCSF","Bain Capital Specialty Finance, Inc. Common Stock","Financials","Asset Management","12.65","77.81","Buy","Aug 05, 2026","Neutral","Aug 12, 2026","302753.03","-28.8","0.19","-1.48","Moving Down","M1S1","",,="7/9","<1","false","Swing"
"BNT","Brookfield Wealth Solutions Ltd. Class A Exchangeable Limited Voting Shares","Financials","Insurance - Diversified","44.84","59.84","Buy","Aug 05, 2026","Uptrend","Aug 04, 2026","17826.77","21.04","0.68","-0.99","Moving Down","M1S1","",,="7/9","<1","false","Swing"
"BOE","Blackrock Enhanced Global Dividend Trust Common Shares of Beneficial Interest","Financials","Closed-End Fund - Foreign","12.5","73.24","Buy","Aug 05, 2026","Uptrend","Aug 03, 2026","94766.53","57.83","2.01","0","Moving Up","M1S1","",,="9/9","<1","false","Swing"
"BOTJ","Bank of the James Financial Group, Inc. Common Stock","Financials","Banks - Regional","27.51","78.58","Sell","Aug 05, 2026","Uptrend","Jun 08, 2026","32727.97","178.09","4.27","0.73","Moving Down","M1S1","",,="7/9","<1","false","Swing"
"BRKR","Bruker Corporation Common Stock","Health Care","Medical Devices","59.27","64.46","Sell","Aug 05, 2026","Neutral","Aug 10, 2026","2354030.97","48.74","9.68","3.95","Moving Up","M1S1","",,="7/9","<1","false","Swing"
"BXC","Bluelinx Holdings Inc. Common Stock","Industrials","Industrial Distribution","89.22","84.81","Buy","Aug 05, 2026","Uptrend","Aug 03, 2026","176563.33","170.76","0.97","-0.73","Moving Up","","",,="9/9","<1","false","Swing"
"CARS","Cars.com Inc. Common Stock ","Communication","Internet Content & Information","12.1","73.61","Sell","Aug 05, 2026","Uptrend","Jun 24, 2026","697002.7","-19.02","7.17","2.02","Moving Up","","",,="7/9","<1","false","Swing"
"CCAP","Crescent Capital BDC, Inc. Common stock","Financials","Asset Management","11.08","74.74","Buy","Aug 05, 2026","Neutral","Aug 12, 2026","238968.27","12.07","9.15","-3.15","Moving Down","M1S1","",,="7/9","<1","false","Swing"
"CEG","Constellation Energy Corporation Common Stock ","Utilities","Utilities - Independent Power Producers","278.68","56.45","Buy","Aug 05, 2026","Uptrend","Aug 07, 2026","3035751.3","33.08","2.21","0.11","Moving Up","","",,="7/9","<1","false","Swing"
"CHH","Choice Hotels International, Inc. Common Stock","Discretionary","Lodging","105.54","60.31","Sell","Aug 05, 2026","Downtrend","Aug 07, 2026","602732.1","15.62","28.86","2.84","Moving Down","","",,="4/9","<1","false","Swing"
"CLX","Clorox Company (The) Common Stock","Staples","Household & Personal Products","105.76","77.11","Buy","Aug 05, 2026","Uptrend","Aug 03, 2026","2499835","-69.26","1.3","-2.3","Moving Up","","",,="6/9","<1","false","Swing"
"CODI","D/B/A Compass Diversified Holdings Shares of Beneficial Interest","Industrials","Conglomerates","12.07","75.39","Buy","Aug 05, 2026","Uptrend","Aug 04, 2026","724198.7","36.23","6.38","-2.03","Moving Up","","",,="9/9","<1","false","Swing"
"COF","Capital One Financial Corporation Common Stock","Financials","Credit Services","222.44","77.46","Buy","Aug 05, 2026","Uptrend","Jul 09, 2026","3893301.3","77.16","1.75","1.5","Moving Up","M1S1","",,="8/9","<1","false","Swing"
"COO","The Cooper Companies, Inc. Common Stock","Health Care","Medical Instruments & Supplies","76.73","67.72","Buy","Aug 05, 2026","Uptrend","Jun 23, 2026","2166419.03","13.01","10.95","-0.12","Moving Up","M1S1","",,="9/9","<1","false","Swing"
"CPB","The Campbell's Company Common Stock","Staples","Packaged Foods","22.6","54.36","Buy","Aug 05, 2026","Uptrend","Aug 03, 2026","5712470.57","-121.27","1.41","-0.53","Moving Up","","",,="7/9","<1","false","Swing"
"CSCO","Cisco Systems, Inc. Common Stock (DE)","Technology","Communication Equipment","123.88","73.16","Buy","Aug 05, 2026","Uptrend","Aug 04, 2026","20608005.83","111.29","1.88","2.86","Moving Up","M1S1","Positive","true",="9/9","<1","false","Swing"
"DB","Deutsche Bank AG Common Stock","Financials","Banks - Regional","38.51","55.82","Buy","Aug 05, 2026","Uptrend","Jul 24, 2026","1913228.2","199.33","1.34","0.73","Moving Up","M1S1","",,="9/9","<1","false","Swing"
"DCO","Ducommun Incorporated Common Stock","Industrials","Aerospace & Defense","201.39","79.79","Buy","Aug 05, 2026","Uptrend","Apr 06, 2026","305175.7","144.78","1.13","2.09","Moving Up","","",,="9/9","<1","false","Swing"
"DELL","Dell Technologies Inc. Class C Common Stock ","Technology","Computer Hardware","484.5","66.6","Buy","Aug 05, 2026","Uptrend","Aug 04, 2026","6322938.8","207.24","0.74","9.87","Moving Up","M1S1","Positive",,="9/9","<1","false","Swing"
"DLY","DoubleLine Yield Opportunities Fund Common Shares of Beneficial Interest","Financials","Closed-End Fund - Debt","14.2","77.85","Buy","Aug 05, 2026","Uptrend","Aug 04, 2026","173437.13","7.88","0.68","0","Moving Up","M1S1","",,="8/9","<1","false","Swing"
"DQ","DAQO New Energy Corp. American Depositary Shares, each representing five ordinary shares","Technology","Solar","14.6","61.39","Buy","Aug 05, 2026","Uptrend","Aug 07, 2026","877403.6","-41.04","2.12","0.41","Moving Up","M1S1","",,="9/9","<1","false","Swing"
"EEA","The European Equity Fund, Inc. Common Stock","Financials","Closed-End Fund - Foreign","11.2624","67.24","Buy","Aug 05, 2026","Uptrend","Jul 30, 2026","24000.27","62.26","2.34","-0.24","Moving Up","M1S1","",,="8/9","<1","false","Swing"
"EME","EMCOR Group, Inc. Common Stock","Industrials","Engineering & Construction","833.4","64.58","Buy","Aug 05, 2026","Uptrend","Aug 04, 2026","453101.37","1014.52","3.21","2.02","Moving Up","","",,="8/9","<1","false","Swing"
"EPR","EPR Properties Common Stock","Real Estate","REIT - Specialty","61.41","71.54","Sell","Aug 05, 2026","Neutral","Aug 12, 2026","671482.9","64.38","23.61","2.73","Moving Down","","",,="4/9","<1","false","Swing"
"ETN","Eaton Corporation, PLC Ordinary Shares","Industrials","Specialty Industrial Machinery","459.96","61.67","Buy","Aug 05, 2026","Uptrend","Aug 03, 2026","2275619","204.64","1.17","0.15","Moving Up","","",,="9/9","<1","false","Swing"
"ETY","Eaton Vance Tax-Managed Diversified Equity Income Fund Common Shares of Beneficial Interest,","Financials","Closed-End Fund - Equity","14.73","65.4","Buy","Aug 05, 2026","Uptrend","Aug 04, 2026","268143.77","14.55","0.43","0","Moving Up","M1S1","",,="8/9","<1","false","Swing"
"EXG","Eaton Vance Tax-Managed Global Diversified Equity Income Fund Common Shares of Beneficial Interest","Financials","Closed-End Fund - Foreign","10.11","79.68","Buy","Aug 05, 2026","Uptrend","Jul 31, 2026","413378.63","24.25","0.68","0.2","Moving Up","M1S1","",,="9/9","<1","false","Swing"
"FDBC","Fidelity D & D Bancorp, Inc. Common Stock","Financials","Banks - Regional","55.45","70.5","Buy","Aug 05, 2026","Uptrend","May 18, 2026","12977.1","-17.57","0.06","2.12","Moving Up","M1S1","",,="8/9","<1","false","Swing"
"FELE","Franklin Electric Co., Inc. Common Stock","Industrials","Specialty Industrial Machinery","107.44","72.71","Buy","Aug 05, 2026","Uptrend","Jul 10, 2026","282944.43","-56","0.25","-0.34","Moving Up","","",,="8/9","<1","false","Swing"
"FFA","First Trust Enhanced Equity Income Fund Common Shares of Beneficial Interest","Financials","Closed-End Fund - Equity","23.6","63.5","Buy","Aug 05, 2026","Uptrend","Jul 31, 2026","25448.4","46.33","0.95","-0.21","Moving Up","M1S1","",,="9/9","<1","false","Swing"
"FRST","Primis Financial Corp. Common Stock","Financials","Banks - Regional","16.59","65.32","Buy","Aug 05, 2026","Uptrend","Jul 27, 2026","169442.23","6.39","0.81","1.59","Moving Up","M1S1","",,="9/9","<1","false","Swing"
"FSM","Fortuna Mining Corp. Common Shares","Materials","Gold","10.84","53.69","Buy","Aug 05, 2026","Uptrend","Aug 04, 2026","5239510.73","-158.76","0.17","0.09","Moving Up","","",,="8/9","<1","false","Swing"
"FTHY","First Trust High Yield Opportunities 2027 Term Fund Common Stock","Financials","Closed-End Fund - Debt","13.48","54.19","Sell","Aug 05, 2026","Downtrend","Aug 05, 2026","88399.87","7.47","0.75","0.15","Moving Down","M1S1","",,="6/9","<1","false","Swing"
"GCMG","GCM Grosvenor Inc. Class A Common Stock","Financials","Asset Management","13.92","88.53","Buy","Aug 05, 2026","Uptrend","Aug 04, 2026","512601.17","28.87","1.26","-0.43","Moving Down","M1S1","",,="7/9","<1","false","Swing"
"GDV","Gabelli Dividend & Income Trust Common Shares of Beneficial Interest","Financials","Closed-End Fund - Equity","30.7","58.25","Buy","Aug 05, 2026","Uptrend","Jun 30, 2026","89989.03","27.1","0.62","0.49","Moving Up","M1S1","",,="9/9","<1","false","Swing"
"GE","GE Aerospace Common Stock","Industrials","Aerospace & Defense","365.33","63.95","Buy","Aug 05, 2026","Uptrend","Jul 28, 2026","3619723.17","191.24","1.24","-0.74","Moving Down","","",,="8/9","<1","false","Swing"
"GGZ","Gabelli Global Small and Mid Cap Value Trust (The) Common Shares of Beneficial Interest","Financials","Closed-End Fund - Equity","16.7001","57.13","Buy","Aug 05, 2026","Uptrend","Jul 31, 2026","6811.57","114.43","3.34","0.54","Moving Up","M1S1","",,="9/9","<1","false","Swing"
"GKOS","Glaukos Corporation Common Stock","Health Care","Medical Devices","186.63","81.17","Buy","Aug 05, 2026","Uptrend","Jun 15, 2026","844304.97","76.23","0.5","2.54","Moving Up","M1S1","",,="9/9","<1","false","Swing"
"GOOG","Alphabet Inc. Class C Capital Stock","Communication","Internet Content & Information","342.37","53.35","Buy","Aug 05, 2026","Neutral","Aug 11, 2026","19598856.4","257.33","1.68","-0.18","Moving Down","","Positive",,="6/9","<1","false","Swing"
"GOOGL","Alphabet Inc. Class A Common Stock","Communication","Internet Content & Information","343.54","61.84","Buy","Aug 05, 2026","Neutral","Aug 11, 2026","29227897.73","161.54","1.03","-0.08","Moving Up","","Positive","true",="7/9","<1","false","Swing"
"GRC","Gorman-Rupp Company (The) Common Stock","Industrials","Specialty Industrial Machinery","81.5","47.06","Buy","Aug 05, 2026","Uptrend","Aug 04, 2026","207600.83","58.69","1.06","-1.56","Moving Down","","",,="8/9","<1","false","Swing"
"HBM","Hudbay Minerals Inc. Ordinary Shares (Canada)","Materials","Copper","27.87","70.24","Buy","Aug 05, 2026","Uptrend","Aug 04, 2026","4380036.7","-618.9","0.15","0.72","Moving Up","","",,="8/9","<1","false","Swing"
"HD","Home Depot, Inc. (The) Common Stock","Discretionary","Home Improvement Retail","343.43","61.8","Buy","Aug 05, 2026","Uptrend","Aug 04, 2026","3685619.2","89.88","3.58","-3.12","Moving Up","","Positive","true",="7/9","<1","false","Swing"
"HLX","Helix Energy Solutions Group, Inc. Common Stock","Energy","Oil & Gas Equipment & Services","10.11","57.5","Buy","Aug 05, 2026","Uptrend","Aug 06, 2026","1402364.27","-4.45","0.18","-0.79","Moving Up","M1S1","",,="8/9","<1","false","Swing"
"HVT","Haverty Furniture Companies, Inc. Common Stock","Discretionary","Home Improvement Retail","28.3","82.78","Buy","Aug 05, 2026","Uptrend","May 26, 2026","121389.67","44.43","5","-0.42","Moving Up","","",,="7/9","<1","false","Swing"
"IESC","IES Holdings, Inc. Common Stock","Industrials","Engineering & Construction","766.33","78.48","Buy","Aug 05, 2026","Uptrend","Aug 04, 2026","217043","1681.7","1.43","-1.75","Moving Up","","",,="9/9","<1","false","Swing"
"IIF","Morgan Stanley India Investment Fund, Inc. Common Stock","Financials","Closed-End Fund - Foreign","23.35","69.83","Buy","Aug 05, 2026","Uptrend","Jul 30, 2026","32299.17","117.87","3.68","-0.26","Moving Up","M1S1","",,="9/9","<1","false","Swing"
"INGR","Ingredion Incorporated Common Stock","Staples","Packaged Foods","103.75","61.02","Buy","Aug 05, 2026","Uptrend","Aug 04, 2026","718945.5","6.1","1.25","-0.88","Moving Up","","",,="7/9","<1","false","Swing"
"INMD","InMode Ltd. Ordinary Shares","Health Care","Medical Devices","15.23","87.84","Buy","Aug 05, 2026","Uptrend","Jun 24, 2026","572524.53","-7.43","43.65","0.59","Moving Up","M1S1","",,="9/9","<1","false","Swing"
"IRT","Independence Realty Trust, Inc. Common Stock","Real Estate","REIT - Residential","16.79","72.28","Buy","Aug 05, 2026","Uptrend","Aug 12, 2026","2751039.2","37.47","3.55","0.84","Moving Down","","",,="6/9","<1","false","Swing"
"ISBA","Isabella Bank Corporation Common stock","Financials","Banks - Regional","40.52","56.11","Buy","Aug 05, 2026","Neutral","Aug 12, 2026","56545","-66.12","0.21","-0.9","Moving Up","M1S1","",,="7/9","<1","false","Swing"
"ITIC","Investors Title Company Common Stock","Financials","Insurance - Specialty","280.89","72.9","Sell","Aug 05, 2026","Uptrend","Jun 05, 2026","54392.23","58.14","0.94","-0.87","Moving Down","M1S1","",,="7/9","<1","false","Swing"
"ITT","ITT Inc. Common Stock ","Industrials","Specialty Industrial Machinery","216.53","73.41","Buy","Aug 05, 2026","Uptrend","Jul 31, 2026","995620.2","42.53","0.63","-0.17","Moving Up","","",,="8/9","<1","false","Swing"
"IVZ","Invesco Ltd Common Stock","Financials","Asset Management","31.54","80.64","Buy","Aug 05, 2026","Uptrend","Jul 30, 2026","4993165.93","112.93","3.77","0.57","Moving Up","M1S1","",,="9/9","<1","false","Swing"
"JANX","Janux Therapeutics, Inc. Common Stock","Health Care","Biotechnology","16.67","54.77","Buy","Aug 05, 2026","Uptrend","Aug 04, 2026","811813.33","-181.43","0.05","0.91","Moving Up","M1S1","",,="9/9","<1","false","Swing"
"KBR","KBR, Inc. Common Stock","Industrials","Engineering & Construction","38.1","75.5","Buy","Aug 05, 2026","Uptrend","Jul 31, 2026","1709449.5","-167.29","0.05","1.44","Moving Up","","",,="8/9","<1","false","Swing"
"KN","Knowles Corporation Common Stock","Technology","Electronic Components","39.02","83.86","Buy","Aug 05, 2026","Uptrend","Aug 04, 2026","938721.3","10.95","0.35","1.17","Moving Up","M1S1","",,="9/9","<1","false","Swing"
"KRNT","Kornit Digital Ltd. Ordinary Shares","Industrials","Specialty Industrial Machinery","17.64","74.07","Buy","Aug 05, 2026","Uptrend","Aug 04, 2026","235788.57","53.84","6.31","0.34","Moving Up","","",,="8/9","<1","false","Swing"
"LAKE","Lakeland Industries, Inc. Common Stock","Discretionary","Apparel Manufacturing","12.04","71.78","Buy","Aug 05, 2026","Uptrend","Jul 31, 2026","66721.07","91.23","17.01","-0.91","Moving Up","","",,="7/9","<1","false","Swing"
"LAZ","Lazard, Inc. Common Stock","Financials","Capital Markets","43.54","69.55","Buy","Aug 05, 2026","Uptrend","Aug 12, 2026","1736577","-99.17","0.04","0.07","Moving Up","M1S1","",,="8/9","<1","false","Swing"
"LTH","Life Time Group Holdings, Inc. Common Stock","Discretionary","Leisure","43.82","65.71","Sell","Aug 05, 2026","Uptrend","May 05, 2026","2846205.63","6.74","0.09","0.02","Moving Down","","",,="5/9","<1","false","Swing"
"LZB","La-Z-Boy Incorporated Common Stock","Discretionary","Furnishings Fixtures & Appliances","41.06","75.73","Buy","Aug 05, 2026","Uptrend","Jun 17, 2026","374520.47","-48.61","0.18","-1.16","Moving Down","","",,="6/9","<1","false","Swing"
"MCK","McKesson Corporation Common Stock","Health Care","Medical Distribution","878.73","56.48","Sell","Aug 05, 2026","Uptrend","Jul 06, 2026","962490.93","294.35","1.32","-2.55","Moving Up","M1S1","",,="8/9","<1","false","Swing"
"MED","MEDIFAST INC Common Stock","Discretionary","Personal Services","11.59","79.49","Buy","Aug 05, 2026","Uptrend","Aug 04, 2026","196077.7","149.83","12.26","-0.52","Moving Up","","",,="7/9","<1","false","Swing"
"MET","MetLife, Inc. Common Stock","Financials","Insurance - Life","96.66","90.6","Sell","Aug 05, 2026","Uptrend","Apr 08, 2026","3672223.5","36.59","1.04","-0.14","Moving Down","M1S1","",,="7/9","<1","false","Swing"
"MGNI","Magnite, Inc. Common Stock","Communication","Advertising Agencies","24.34","71.27","Buy","Aug 05, 2026","Uptrend","May 21, 2026","2674757.37","239.15","4.78","0.16","Moving Up","","",,="7/9","<1","false","Swing"
"MUFG","Mitsubishi UFJ Financial Group, Inc. Common Stock","Financials","Banks - Diversified","22.76","69.95","Sell","Aug 05, 2026","Uptrend","May 05, 2026","3318199.1","45.41","0.4","2.89","Moving Down","M1S1","",,="7/9","<1","false","Swing"
"NGVT","Ingevity Corporation Common Stock ","Materials","Specialty Chemicals","76.19","61.35","Buy","Aug 05, 2026","Uptrend","Aug 04, 2026","236261.07","98.33","34.26","-2.06","Moving Up","","",,="8/9","<1","false","Swing"
"NIC","Nicolet Bankshares Inc. Common Stock","Financials","Banks - Regional","177.41","70.59","Buy","Aug 05, 2026","Uptrend","Jun 11, 2026","205252.4","159.57","3.5","0.08","Moving Up","M1S1","",,="9/9","<1","false","Swing"
"NTAP","NetApp, Inc. Common Stock","Technology","Software - Infrastructure","202.05","71.67","Buy","Aug 05, 2026","Uptrend","Apr 17, 2026","2511622.33","133.36","1.5","1.8","Moving Up","M1S1","",,="9/9","<1","false","Swing"
"OBDC","Blue Owl Capital Corporation Common Stock","Financials","Asset Management","11.67","89.73","Buy","Aug 05, 2026","Uptrend","Aug 06, 2026","3985961.77","12.11","3.13","-0.09","Moving Up","M1S1","",,="8/9","<1","false","Swing"
"OPRA","Opera Limited American Depositary Shares","Communication","Internet Content & Information","19.9","66.97","Buy","Aug 05, 2026","Uptrend","Aug 04, 2026","327129.2","75.1","1.91","-0.7","Moving Up","","",,="7/9","<1","false","Swing"
"OTIS","Otis Worldwide Corporation Common Stock ","Industrials","Specialty Industrial Machinery","73.97","67.07","Buy","Aug 05, 2026","Uptrend","Aug 12, 2026","3589636.63","-12.49","0.01","1.27","Moving Up","","",,="8/9","<1","false","Swing"
"PAX","Patria Investments Limited Class A Common Shares","Financials","Asset Management","11.11","49.01","Buy","Aug 05, 2026","Neutral","Aug 10, 2026","1000765.23","-37.51","1.62","-0.8","Moving Down","M1S1","",,="7/9","<1","false","Swing"
"PDEX","Pro-Dex, Inc. Common Stock","Health Care","Medical Instruments & Supplies","67.41","47.37","Buy","Aug 05, 2026","Uptrend","Aug 04, 2026","99483.57","215.46","2.03","1.03","Moving Up","M1S1","",,="8/9","<1","false","Swing"
"PFG","Principal Financial Group Inc Common Stock","Financials","Asset Management","113.77","79.7","Buy","Aug 05, 2026","Uptrend","Jul 27, 2026","1475075.77","8.04","0.18","0.65","Moving Down","M1S1","",,="8/9","<1","false","Swing"
"PFGC","Performance Food Group Company Common Stock","Staples","Food Distribution","107.41","53.89","Sell","Aug 05, 2026","Neutral","Aug 12, 2026","1675607.57","36.39","0.35","-5.75","Moving Down","","Negative",,="4/9","<1","false","Swing"
"PKE","Park Aerospace Corp. Common Stock","Industrials","Aerospace & Defense","38.07","58.43","Buy","Aug 05, 2026","Uptrend","Aug 04, 2026","289186.73","17.1","0.19","1.6","Moving Up","","",,="9/9","<1","false","Swing"
"PLAB","Photronics, Inc. Common Stock","Technology","Semiconductor Equipment & Materials","33.49","38.67","Buy","Aug 05, 2026","Uptrend","Aug 11, 2026","982378.6","128.22","2.96","1.52","Moving Up","M1S1","","true",="8/9","<1","false","Swing"
"PLD","Prologis, Inc. Common Stock","Real Estate","REIT - Industrial","140.73","56.32","Sell","Aug 05, 2026","Downtrend","Aug 04, 2026","4823735.4","76.88","3.37","0.88","Moving Down","","",,="4/9","<1","false","Swing"
"PLPC","Preformed Line Products Company Common Stock","Industrials","Electrical Equipment & Parts","468.03","88.62","Buy","Aug 05, 2026","Uptrend","Aug 04, 2026","104897.03","130.28","0.54","-2.65","Moving Up","","",,="9/9","<1","false","Swing"
"PLTR","Palantir Technologies Inc. Class A Common Stock","Technology","Software - Infrastructure","171.04","83.07","Buy","Aug 05, 2026","Uptrend","Aug 04, 2026","44568565.8","417.63","0.43","-2.23","Moving Up","M1S1","Negative","true",="8/9","<1","false","Swing"
"PNTG","The Pennant Group, Inc. Common Stock ","Health Care","Medical Care Facilities","38.38","70.47","Sell","Aug 05, 2026","Neutral","Aug 11, 2026","303703.17","25.9","0.85","0.55","Moving Down","M1S1","",,="6/9","<1","false","Swing"
"PRGO","Perrigo Company plc Ordinary Shares","Health Care","Drug Manufacturers - Specialty & Generic","12.69","77.03","Buy","Aug 05, 2026","Uptrend","Aug 04, 2026","3102096.17","-80.31","2.73","-1.25","Moving Up","M1S1","",,="9/9","<1","false","Swing"
"PRI","Primerica, Inc. Common Stock","Financials","Insurance - Life","310.84","83.25","Sell","Aug 05, 2026","Uptrend","Jun 12, 2026","177993.6","-12.92","0.35","-0.62","Moving Down","M1S1","",,="7/9","<1","false","Swing"
"PRLB","Proto Labs, Inc. Common stock","Industrials","Metal Fabrication","90.8","77.14","Buy","Aug 05, 2026","Uptrend","Aug 04, 2026","206753.53","52.25","21.18","0.39","Moving Up","","",,="9/9","<1","false","Swing"
"PSX","Phillips 66 Common Stock","Energy","Oil & Gas Refining & Marketing","225.58","91","Sell","Aug 05, 2026","Uptrend","Jul 07, 2026","2518594.07","56.01","1.46","0.54","Moving Up","M1S1","",,="8/9","<1","false","Swing"
"PUBM","PubMatic, Inc. Class A Common Stock","Technology","Software - Application","17.18","90.54","Buy","Aug 05, 2026","Uptrend","Mar 02, 2026","617487.27","115.26","9.15","-2.66","Moving Up","M1S1","",,="9/9","<1","false","Swing"
"RDNT","RadNet, Inc. Common Stock","Health Care","Diagnostics & Research","76.95","71.58","Buy","Aug 05, 2026","Uptrend","Jul 23, 2026","817431.53","71.4","0.79","0.8","Moving Up","M1S1","",,="9/9","<1","false","Swing"
"REPL","Replimune Group, Inc. Common Stock","Health Care","Biotechnology","15.24","72.5","Buy","Aug 05, 2026","Uptrend","Aug 04, 2026","6258699.1","-392.46","0.05","11.65","Moving Up","M1S1","",,="9/9","<1","false","Swing"
"REXR","Rexford Industrial Realty, Inc. Common Stock","Real Estate","REIT - Industrial","36.39","78.8","Sell","Aug 05, 2026","Uptrend","Jul 14, 2026","2792257.77","69.07","16.73","0.55","Moving Down","","",,="5/9","<1","false","Swing"
"RGLD","Royal Gold, Inc. Common Stock","Materials","Gold","232.87","50.39","Buy","Aug 05, 2026","Uptrend","Aug 05, 2026","716113.3","127.68","3.98","-0.27","Moving Up","","",,="8/9","<1","false","Swing"
"RLAY","Relay Therapeutics, Inc. Common Stock","Health Care","Biotechnology","20.07","60.96","Buy","Aug 05, 2026","Uptrend","May 26, 2026","2507114.37","7.22","5.27","0.4","Moving Down","M1S1","",,="8/9","<1","false","Swing"
"RMI","RiverNorth Opportunistic Municipal Income Fund, Inc. Common Stock","Financials","Closed-End Fund - Debt","15.6","80.07","Buy","Aug 05, 2026","Uptrend","Aug 04, 2026","22507.83","-22.67","0.11","-0.13","Moving Down","M1S1","",,="7/9","<1","false","Swing"
"RNGR","Ranger Energy Services, Inc. Class A Common Stock","Energy","Oil & Gas Equipment & Services","17.29","66.29","Buy","Aug 05, 2026","Uptrend","Aug 06, 2026","235223.03","90.59","3.12","0.99","Moving Up","M1S1","",,="9/9","<1","false","Swing"
"RVT","Royce Small-Cap Trust, Inc. Common Stock","Financials","Closed-End Fund - Equity","18.85","55.45","Buy","Aug 05, 2026","Uptrend","Aug 03, 2026","331055.47","65.62","1.61","0.16","Moving Up","M1S1","",,="9/9","<1","false","Swing"
"SBH","Sally Beauty Holdings, Inc. (Name to be changed from Sally Holdings, Inc.) Common Stock","Discretionary","Specialty Retail","16.57","72.07","Buy","Aug 05, 2026","Uptrend","Jun 24, 2026","1449597.27","29.13","15.79","-1.6","Moving Up","","",,="6/9","<1","false","Swing"
"SBRA","Sabra Health Care REIT, Inc. Common Stock","Real Estate","REIT - Healthcare Facilities","20.19","74.67","Sell","Aug 05, 2026","Downtrend","Aug 12, 2026","3040158.27","-33.15","0.06","1.71","Moving Down","","",,="4/9","<1","false","Swing"
"SBSW","D/B/A Sibanye-Stillwater Limited ADS","Materials","Other Precious Metals & Mining","10.71","65.52","Buy","Aug 05, 2026","Uptrend","Aug 04, 2026","4987641.83","-142.11","0.05","0.94","Moving Up","","",,="8/9","<1","false","Swing"
"SE","Sea Limited American Depositary Shares, each representing one Class A Ordinary Share","Discretionary","Internet Retail","128.11","76.28","Buy","Aug 05, 2026","Uptrend","Jun 26, 2026","5179799.33","65.42","0.89","-2.59","Moving Up","","",,="7/9","<1","false","Swing"
"SGRY","Surgery Partners, Inc. Common Stock","Health Care","Medical Care Facilities","15.32","67.16","Sell","Aug 05, 2026","Downtrend","Aug 11, 2026","1660369.87","-88.73","2.91","2.13","Moving Up","M1S1","",,="7/9","<1","false","Swing"
"SMCI","Super Micro Computer, Inc. Common Stock","Technology","Computer Hardware","37.61","57.62","Buy","Aug 05, 2026","Uptrend","Aug 07, 2026","46988387.2","57.5","0.11","19.02","Moving Up","M1S1","Positive","true",="9/9","<1","false","Swing"
"SMG","Scotts Miracle-Gro Company (The) Common Stock","Materials","Agricultural Inputs","62.17","61.9","Sell","Aug 05, 2026","Downtrend","Aug 06, 2026","1025801.4","182.78","16.35","0.23","Moving Down","","",,="6/9","<1","false","Swing"
"SNX","TD SYNNEX Corporation Common Stock","Technology","Electronics & Computer Distribution","255.21","68.14","Buy","Aug 05, 2026","Uptrend","Aug 04, 2026","754815","197.79","1.97","0.48","Moving Up","M1S1","",,="9/9","<1","false","Swing"
"SPG","Simon Property Group, Inc. Common Stock","Real Estate","REIT - Retail","220.56","65.05","Sell","Aug 05, 2026","Downtrend","Aug 10, 2026","1493794.57","73.26","3.05","0.47","Moving Down","","",,="4/9","<1","false","Swing"
"SPHR","Sphere Entertainment Co. Class A Common Stock","Communication","Entertainment","175.09","63.75","Buy","Aug 05, 2026","Uptrend","Aug 04, 2026","704941.97","122.08","1.47","7.83","Moving Up","","",,="8/9","<1","false","Swing"
"SPXX","Nuveen S&P 500 Dynamic Overwrite Fund","Financials","Closed-End Fund - Equity","19.16","80.39","Buy","Aug 05, 2026","Uptrend","Jul 30, 2026","286141.47","46.83","1.47","0.31","Moving Up","M1S1","",,="9/9","<1","false","Swing"
"TBLD","Thornburg Income Builder Opportunities Trust Common Stock","Financials","Closed-End Fund - Equity","22.52","52.04","Buy","Aug 05, 2026","Uptrend","Aug 04, 2026","47380.47","15.21","0.77","0.45","Moving Up","M1S1","",,="8/9","<1","false","Swing"
"TDW","Tidewater Inc. Common Stock","Energy","Oil & Gas Equipment & Services","91.61","65.02","Buy","Aug 05, 2026","Uptrend","Aug 04, 2026","699809.93","242.56","1.69","0.45","Moving Up","M1S1","",,="8/9","<1","false","Swing"
"TEAM","Atlassian Corporation Class A Common Stock","Technology","Software - Application","155.24","97.4","Buy","Aug 05, 2026","Uptrend","Jul 27, 2026","4603800.53","18.56","4.3","0.75","Moving Up","M1S1","",,="9/9","<1","false","Swing"
"TRIN","Trinity Capital Inc. Common Stock","Financials","Asset Management","18.29","73.64","Buy","Aug 05, 2026","Uptrend","Aug 06, 2026","1098686.33","25.22","0.59","0.55","Moving Up","M1S1","",,="9/9","<1","false","Swing"
"TRMD","TORM plc Class A Common Stock","Energy","Oil & Gas Midstream","28.97","40.72","Sell","Aug 05, 2026","Downtrend","Aug 11, 2026","489939","238.69","1.2","1.19","Moving Down","M1S1","",,="5/9","<1","false","Swing"
"TRMK","Trustmark Corporation Common Stock","Financials","Banks - Regional","48.12","65.74","Buy","Aug 05, 2026","Uptrend","Jun 09, 2026","433389.8","79.09","3.54","0.56","Moving Up","M1S1","",,="9/9","<1","false","Swing"
"UAL","United Airlines Holdings, Inc. Common Stock","Industrials","Airlines","125.12","60.86","Buy","Aug 05, 2026","Uptrend","Aug 03, 2026","4072339.47","30.37","2.46","-0.94","Moving Up","","",,="9/9","<1","false","Swing"
"UNF","Unifirst Corporation Common Stock","Industrials","Specialty Business Services","290.03","75.82","Sell","Aug 05, 2026","Uptrend","Jul 01, 2026","140740.6","33.56","2.26","-0.5","Moving Down","","",,="7/9","<1","false","Swing"
"UNFI","United Natural Foods, Inc. Common Stock","Staples","Food Distribution","47.9","52.98","Sell","Aug 05, 2026","Downtrend","Aug 05, 2026","498736.07","500.5","3.65","1.33","Moving Down","","",,="4/9","<1","false","Swing"
"VEL","Velocity Financial, Inc. Common Stock","Financials","Mortgage Finance","18.01","61.76","Buy","Aug 05, 2026","Uptrend","Aug 06, 2026","102990.83","53.63","2.97","-1.26","Moving Down","M1S1","",,="7/9","<1","false","Swing"
"VEON","VEON Ltd. ADS","Communication","Telecom Services","56.93","48.04","Buy","Aug 05, 2026","Uptrend","Aug 03, 2026","87497.87","7.06","6.2","0.57","Moving Up","","",,="7/9","<1","false","Swing"
"VIST","Vista Energy S.A.B. de C.V. American Depositary Shares, each representing one series A share, with no par value","Energy","Oil & Gas E&P","66.01","47.86","Sell","Aug 05, 2026","Neutral","Aug 11, 2026","916560.2","-105","0.32","-0.18","Moving Up","M1S1","",,="7/9","<1","false","Swing"
"W","Wayfair Inc. Class A Common Stock","Discretionary","Internet Retail","102.94","71.38","Buy","Aug 05, 2026","Uptrend","Jul 27, 2026","3536176.97","16.62","5.61","-0.25","Moving Up","","",,="7/9","<1","false","Swing"
"WBS","Webster Financial Corporation Common Stock","Financials","Banks - Regional","79.07","67.46","Buy","Aug 05, 2026","Uptrend","May 20, 2026","4376657.73","139.41","7.48","0.41","Moving Up","M1S1","",,="9/9","<1","false","Swing"
"WEYS","Weyco Group, Inc. Common Stock","Discretionary","Footwear & Accessories","46.73","77.09","Buy","Aug 05, 2026","Uptrend","May 11, 2026","21510.87","-167.77","0.18","-0.32","Moving Up","","",,="7/9","<1","false","Swing"
"WHR","Whirlpool Corporation Common Stock","Discretionary","Furnishings Fixtures & Appliances","42.85","74.44","Buy","Aug 05, 2026","Uptrend","Aug 04, 2026","2447651.43","-17.14","15.12","-1.7","Moving Up","","",,="7/9","<1","false","Swing"
"WKC","World Kinect Corporation Common Stock","Energy","Oil & Gas Refining & Marketing","36.94","87.58","Sell","Aug 05, 2026","Uptrend","Apr 24, 2026","1324712.2","-0.36","91.25","0.27","Moving Down","M1S1","",,="7/9","<1","false","Swing"
"WPC","W. P. Carey Inc. REIT","Real Estate","REIT - Diversified","70.69","64.62","Sell","Aug 05, 2026","Downtrend","Aug 05, 2026","1436588.3","7.7","10.37","0.99","Moving Down","","",,="4/9","<1","false","Swing"
"WPM","Wheaton Precious Metals Corp Common Shares (Canada)","Materials","Gold","134.88","67.85","Buy","Aug 05, 2026","Uptrend","Aug 05, 2026","1751032.23","34.01","0.59","0.35","Moving Up","","",,="9/9","<1","false","Swing"
"ZIM","ZIM Integrated Shipping Services Ltd. Ordinary Shares","Industrials","Marine Shipping","25.27","35.32","Buy","Aug 05, 2026","Uptrend","Aug 12, 2026","1227980.17","-83.97","0.14","3.02","Moving Down","","",,="8/9","<1","false","Swing"
"AAPL","Apple Inc. Common Stock","Technology","Consumer Electronics","302.25","57.22","Sell","Aug 04, 2026","Downtrend","Aug 10, 2026","52067146.47","97.87","0.81","-0.87","Moving Down","M1S1","Positive","true",="6/9","<1","false","Swing"
"AES","The AES Corporation Common Stock","Utilities","Utilities - Diversified","14.71","57.05","Sell","Aug 04, 2026","Neutral","Aug 12, 2026","7809980.17","73.06","13.53","0.07","Moving Down","","",,="4/9","<1","false","Swing"
"AI","C3.ai, Inc. Class A Common Stock","Technology","Software - Infrastructure","10.08","78.1","Buy","Aug 04, 2026","Uptrend","Aug 03, 2026","4744916.67","-164.38","1.23","-5.17","Moving Up","M1S1","",,="9/9","<1","false","Swing"
"ALK","Alaska Air Group, Inc. Common Stock","Industrials","Airlines","47.37","58.87","Buy","Aug 04, 2026","Uptrend","Aug 11, 2026","2852382.23","-16.07","5.99","-2.13","Moving Up","","",,="9/9","<1","false","Swing"
"AMPL","Amplitude, Inc. Class A Common Stock","Technology","Software - Application","12.38","95.35","Buy","Aug 04, 2026","Uptrend","Jul 24, 2026","2382098.37","-12.23","1.5","-2.44","Moving Up","M1S1","",,="8/9","<1","false","Swing"
"AOD","abrdn Total Dynamic Dividend Fund Common Shares of Beneficial Interest","Financials","Closed-End Fund - Foreign","10.7","74.79","Buy","Aug 04, 2026","Uptrend","Jul 30, 2026","404114.27","84.7","1.99","-0.19","Moving Up","M1S1","",,="9/9","<1","false","Swing"
"APAM","Artisan Partners Asset Management Inc. Class A Common Stock","Financials","Asset Management","41.78","85.94","Buy","Aug 04, 2026","Uptrend","Jul 10, 2026","932333.83","-34.27","0.18","-3.55","Moving Down","M1S1","",,="8/9","<1","false","Swing"
"APO","Apollo Global Management, Inc. (New) Common Stock","Financials","Asset Management","138.61","71.05","Buy","Aug 04, 2026","Uptrend","Aug 03, 2026","4192327.5","150.98","2.01","-1.19","Moving Up","M1S1","",,="8/9","<1","false","Swing"
"ATKR","Atkore Inc. Common Stock","Industrials","Electrical Equipment & Parts","93.81","99.38","Buy","Aug 04, 2026","Uptrend","Aug 03, 2026","973057.6","-82.65","0.07","-0.06","Moving Up","","",,="9/9","<1","false","Swing"
"AVGO","Broadcom Inc. Common Stock","Technology","Semiconductors","416.05","64.89","Buy","Aug 04, 2026","Uptrend","Aug 03, 2026","19394827.6","88.91","0.16","-0.01","Moving Up","M1S1","",,="9/9","<1","false","Swing"
"AWK","American Water Works Company, Inc. Common Stock","Utilities","Utilities - Regulated Water","134.92","65.39","Sell","Aug 04, 2026","Uptrend","Aug 04, 2026","2243398.03","-1.17","0.29","-0.84","Moving Down","","",,="4/9","<1","false","Swing"
"AXGN","Axogen, Inc. Common Stock","Health Care","Medical Devices","49.67","55.54","Buy","Aug 04, 2026","Uptrend","Aug 03, 2026","1216086.5","137.71","2.05","2.45","Moving Up","M1S1","",,="9/9","<1","false","Swing"
"BA","Boeing Company (The) Common Stock","Industrials","Aerospace & Defense","231.2","60.09","Buy","Aug 04, 2026","Uptrend","Aug 03, 2026","5601925.27","14.57","4.79","-0.87","Moving Up","","",,="8/9","<1","false","Swing"
"BANX","ArrowMark Financial Corp. Common Stock","Financials","Closed-End Fund - Debt","20.6","59.7","Buy","Aug 04, 2026","Uptrend","Jul 28, 2026","31584.9","18.72","0.33","0.83","Moving Up","M1S1","",,="9/9","<1","false","Swing"
"BCPC","Balchem Corporation Common Stock","Materials","Specialty Chemicals","179.76","75.87","Buy","Aug 04, 2026","Uptrend","Jul 31, 2026","209539.33","0.04","0","0.42","Moving Up","","",,="8/9","<1","false","Swing"
"BIO/B","Bio-Rad Laboratories, Inc. Class B  Common Stock","Health Care","Medical Devices","337","76.94","Buy","Aug 04, 2026","Uptrend","Jul 13, 2026","43.63","-45.4","0.55","0","Moving Up","M1S1","",,="9/9","<1","false","Swing"
"BLZE","Backblaze, Inc. Class A Common Stock","Technology","Software - Infrastructure","19.34","73.72","Buy","Aug 04, 2026","Uptrend","Aug 03, 2026","2793113.93","15.55","0.83","3.37","Moving Down","M1S1","",,="8/9","<1","false","Swing"
"BTI","British American Tobacco  Industries, p.l.c. Common Stock ADR","Staples","Tobacco","55.84","36.5","Sell","Aug 04, 2026","Downtrend","Aug 03, 2026","4001315.9","7.41","0.41","-1.71","Moving Down","","",,="4/9","<1","false","Swing"
"CCL","Carnival Corporation Ltd. Common Shares","Discretionary","Travel Services","27.67","56.46","Buy","Aug 04, 2026","Uptrend","Jul 30, 2026","18012202.17","59.89","6.5","-0.22","Moving Down","","",,="6/9","<1","false","Swing"
"CF","CF Industries Holdings, Inc. Common Stock","Materials","Agricultural Inputs","120.01","67.28","Sell","Aug 04, 2026","Neutral","Aug 11, 2026","2346466","216.91","3.88","1.88","Moving Down","","",,="6/9","<1","false","Swing"
"CIGI","Colliers International Group Inc. Subordinate Voting Shares","Real Estate","Real Estate Services","100.86","62.99","Sell","Aug 04, 2026","Uptrend","Aug 07, 2026","213049.83","54.3","5.53","-2.67","Moving Down","","",,="5/9","<1","false","Swing"
"CLDX","Celldex Therapeutics, Inc.","Health Care","Biotechnology","44.87","59.65","Buy","Aug 04, 2026","Uptrend","Jul 29, 2026","954994.23","2665.55","3.63","1.22","Moving Up","M1S1","",,="8/9","<1","false","Swing"
"CNO","CNO Financial Group, Inc. Common Stock","Financials","Insurance - Life","54.28","81.72","Buy","Aug 04, 2026","Uptrend","Apr 07, 2026","688478.4","14.97","0.18","-0.64","Moving Down","M1S1","",,="8/9","<1","false","Swing"
"CQP","Cheniere Energy Partners, LP Common Units","Energy","Oil & Gas Midstream","68.87","72.8","Buy","Aug 04, 2026","Uptrend","Jul 20, 2026","114768.27","-95.04","0.16","3.44","Moving Up","M1S1","Positive",,="9/9","<1","false","Swing"
"CRGY","Crescent Energy Company Class A Common Stock","Energy","Oil & Gas E&P","12.06","82.94","Buy","Aug 04, 2026","Uptrend","Jul 29, 2026","5953362.73","-31.02","0.08","-2.9","Moving Up","M1S1","",,="9/9","<1","false","Swing"
"CRWD","CrowdStrike Holdings, Inc. Class A Common Stock","Technology","Software - Infrastructure","221.78","76.99","Buy","Aug 04, 2026","Uptrend","Aug 03, 2026","8087154","66.41","0.73","-0.05","Moving Down","M1S1","",,="8/9","<1","false","Swing"
"CUBI","Customers Bancorp, Inc Common Stock","Financials","Banks - Regional","82.79","68.79","Buy","Aug 04, 2026","Uptrend","Jul 27, 2026","304371.5","395.97","5.42","-0.08","Moving Up","M1S1","",,="9/9","<1","false","Swing"
"CVSA","Covista Inc. Common Shares","Staples","Education & Training Services","128.22","46.93","Buy","Aug 04, 2026","Uptrend","Jul 30, 2026","364012.93","224.2","2.05","1.38","Moving Up","","",,="7/9","<1","false","Swing"
"CWT","California Water Service Group Common Stock","Utilities","Utilities - Regulated Water","49.98","83.45","Sell","Aug 04, 2026","Uptrend","Jun 02, 2026","464293.2","-25.72","0.01","0","Moving Down","","",,="5/9","<1","false","Swing"
"DAKT","Daktronics, Inc. Common Stock","Technology","Electronic Components","20.63","46.42","Buy","Aug 04, 2026","Uptrend","Aug 03, 2026","484361.97","83.05","0.94","-2.69","Moving Up","M1S1","",,="9/9","<1","false","Swing"
"DAL","Delta Air Lines, Inc. Common Stock","Industrials","Airlines","89.93","71.82","Buy","Aug 04, 2026","Uptrend","Jul 30, 2026","6051341.07","88.14","4.74","-0.53","Moving Up","","",,="9/9","<1","false","Swing"
"DGII","Digi International Inc. Common Stock","Technology","Communication Equipment","85.24","73.74","Buy","Aug 04, 2026","Uptrend","Aug 03, 2026","384893.7","376.14","2.71","1.99","Moving Up","M1S1","",,="9/9","<1","false","Swing"
"DMLP","Dorchester Minerals, L.P. Common Units Representing Limited Partnership Interests","Energy","Oil & Gas E&P","27.49","59.43","Sell","Aug 04, 2026","Uptrend","Aug 12, 2026","230259.8","-57.42","0.28","1.14","Moving Up","M1S1","",,="7/9","<1","false","Swing"
"DUK","Duke Energy Corporation (Holding Company) Common Stock","Utilities","Utilities - Regulated Electric","123.49","44.07","Sell","Aug 04, 2026","Downtrend","Aug 04, 2026","4222262.57","1.32","0.05","0.24","Moving Down","","",,="4/9","<1","false","Swing"
"EIX","Edison International Common Stock","Utilities","Utilities - Regulated Electric","69.4","58.23","Sell","Aug 04, 2026","Downtrend","Aug 03, 2026","2800225.87","31.4","61.7","-0.7","Moving Down","","",,="4/9","<1","false","Swing"
"EL","Estee Lauder Companies, Inc. (The) Common Stock","Staples","Household & Personal Products","87.68","69.03","Buy","Aug 04, 2026","Uptrend","Jul 29, 2026","2312963.93","-2.22","74.05","-0.11","Moving Up","","",,="6/9","<1","false","Swing"
"ELVN","Enliven Therapeutics, Inc. Common Stock","Health Care","Biotechnology","57.92","67.23","Buy","Aug 04, 2026","Uptrend","Jun 15, 2026","1012334.37","24.54","0.49","-1.46","Moving Down","M1S1","",,="8/9","<1","false","Swing"
"EMBJ","Embraer S.A. Common Stock","Industrials","Aerospace & Defense","73.96","76.92","Buy","Aug 04, 2026","Uptrend","Jun 17, 2026","1095701.6","195.69","1.94","3.6","Moving Up","","",,="9/9","<1","false","Swing"
"EMN","Eastman Chemical Company Common Stock","Materials","Specialty Chemicals","72.54","75.24","Buy","Aug 04, 2026","Uptrend","Aug 03, 2026","1212898.5","-34.84","0.32","-2.98","Moving Up","","",,="9/9","<1","false","Swing"
"ESTC","Elastic N.V. Ordinary Shares","Technology","Software - Application","77.16","86.37","Buy","Aug 04, 2026","Uptrend","Jul 27, 2026","1707318.9","-61.84","3","1.06","Moving Up","M1S1","",,="8/9","<1","false","Swing"
"ETG","Eaton Vance Tax-Advantaged Global Dividend Income Fund Common Shares of Beneficial Interest","Financials","Closed-End Fund - Equity","24.51","80.74","Buy","Aug 04, 2026","Uptrend","Jul 31, 2026","85959.37","88.52","2.09","0.33","Moving Up","M1S1","",,="9/9","<1","false","Swing"
"ETO","Eaton Vance Tax-Advantage Global Dividend Opp Common Stock","Financials","Closed-End Fund - Equity","32.18","78.21","Buy","Aug 04, 2026","Uptrend","Aug 03, 2026","31432.07","49.14","1.37","0.69","Moving Up","M1S1","",,="9/9","<1","false","Swing"
"FIGS","FIGS, Inc. Class A Common Stock","Discretionary","Apparel Manufacturing","14.42","71.89","Buy","Aug 04, 2026","Uptrend","Aug 06, 2026","3390315.1","163.19","2.96","1.05","Moving Up","","",,="7/9","<1","false","Swing"
"FTDR","Frontdoor, Inc. Common Stock","Discretionary","Personal Services","85.51","84.53","Buy","Aug 04, 2026","Uptrend","Aug 03, 2026","570753.63","155.6","4.31","2.32","Moving Up","","",,="7/9","<1","false","Swing"
"GAM","General American Investors, Inc. Common Stock","Financials","Closed-End Fund - Equity","67.47","49.48","Buy","Aug 04, 2026","Uptrend","Jul 02, 2026","21695.23","78.13","1.33","0.18","Moving Up","M1S1","",,="9/9","<1","false","Swing"
"GH","Guardant Health, Inc. Common Stock","Health Care","Diagnostics & Research","165.11","67.27","Buy","Aug 04, 2026","Uptrend","Jul 31, 2026","2288206.03","48.91","7.56","0.01","Moving Up","M1S1","",,="9/9","<1","false","Swing"
"GIL","Gildan Activewear, Inc. Class A Sub. Vot. Common Stock","Discretionary","Apparel Manufacturing","57.26","77.94","Buy","Aug 04, 2026","Uptrend","Aug 03, 2026","1381954.37","99.88","3.13","-2.14","Moving Up","","",,="6/9","<1","false","Swing"
"GNW","Genworth Financial Inc Common Stock","Financials","Insurance - Life","10.02","62.75","Sell","Aug 04, 2026","Uptrend","Jun 16, 2026","2822712.9","-86.41","0.24","2.35","Moving Down","M1S1","",,="6/9","<1","false","Swing"
"GTES","Gates Industrial Corporation plc Ordinary Shares","Industrials","Specialty Industrial Machinery","27.83","63.56","Buy","Aug 04, 2026","Uptrend","Aug 03, 2026","1974004.43","-38.64","0.19","-2.14","Moving Down","","",,="8/9","<1","false","Swing"
"HBB","Hamilton Beach Brands Holding Company Class A Common Stock ","Discretionary","Furnishings Fixtures & Appliances","32.99","97.38","Buy","Aug 04, 2026","Uptrend","Jun 10, 2026","55959.77","43.77","0.54","-0.39","Moving Up","","",,="7/9","<1","false","Swing"
"HIG","The Hartford Insurance Group, Inc. Common Stock","Financials","Insurance - Diversified","137.44","62.27","Sell","Aug 04, 2026","Neutral","Aug 12, 2026","1632736.8","66.7","1.4","-1.18","Moving Down","M1S1","",,="6/9","<1","false","Swing"
"HQY","HealthEquity, Inc. Common Stock","Health Care","Health Information Services","105.5","91.27","Buy","Aug 04, 2026","Uptrend","Jun 30, 2026","732844.13","53.98","2.83","-0.07","Moving Down","M1S1","",,="8/9","<1","false","Swing"
"HR","Healthcare Realty Trust Incorporated Common Stock","Real Estate","REIT - Healthcare Facilities","19.21","56.74","Sell","Aug 04, 2026","Downtrend","Aug 05, 2026","3759891.03","-74.5","1.35","0.31","Moving Down","","",,="4/9","<1","false","Swing"
"HY","Hyster-Yale, Inc. Class A common stock","Industrials","Farm & Heavy Construction Machinery","34.25","66.9","Buy","Aug 04, 2026","Neutral","Aug 11, 2026","102849.93","6.18","4.63","-0.75","Moving Up","","",,="8/9","<1","false","Swing"
"INBK","First Internet Bancorp Common Stock","Financials","Banks - Regional","29.2","66.15","Buy","Aug 04, 2026","Uptrend","Jun 04, 2026","42221.07","155.08","17.62","-0.27","Moving Up","M1S1","",,="9/9","<1","false","Swing"
"INCY","Incyte Corp. Common Stock","Health Care","Biotechnology","120.77","69.28","Sell","Aug 04, 2026","Uptrend","Jun 22, 2026","1819453.1","50.68","3.85","-0.25","Moving Down","M1S1","",,="7/9","<1","false","Swing"
"INSP","Inspire Medical Systems, Inc. Common Stock","Health Care","Medical Devices","58.28","86.22","Buy","Aug 04, 2026","Uptrend","Jul 02, 2026","909002.83","-39.33","6.71","-1.44","Moving Up","M1S1","",,="8/9","<1","false","Swing"
"JBSS","John B. Sanfilippo & Son, Inc. Common Stock","Staples","Packaged Foods","84.6","69.59","Buy","Aug 04, 2026","Uptrend","Aug 03, 2026","124105.43","4.51","2.38","1.09","Moving Up","","",,="7/9","<1","false","Swing"
"JCE","Nuveen Core Equity Alpha Fund Common Shares of Beneficial Interest","Financials","Closed-End Fund - Equity","17.22","79.52","Buy","Aug 04, 2026","Uptrend","Jul 30, 2026","37806.57","-6.39","0.37","0.82","Moving Up","M1S1","",,="9/9","<1","false","Swing"
"JOE","St. Joe Company (The) Common Stock","Real Estate","Real Estate - Diversified","67.9","57.9","Buy","Aug 04, 2026","Uptrend","Aug 03, 2026","231915.43","112.83","1.33","-0.73","Moving Up","","",,="7/9","<1","false","Swing"
"JXN","Jackson Financial Inc. Class A Common Stock ","Financials","Insurance - Life","130.66","93.01","Buy","Aug 04, 2026","Uptrend","Jul 09, 2026","631923.67","33.89","0.53","1.16","Moving Down","M1S1","",,="8/9","<1","false","Swing"
"KRYS","Krystal Biotech, Inc. Common Stock","Health Care","Biotechnology","332.86","27.79","Sell","Aug 04, 2026","Downtrend","Aug 03, 2026","508210.57","-67.35","0.3","1.78","Moving Up","M1S1","",,="7/9","<1","false","Swing"
"LARK","Landmark Bancorp Inc. Common Stock","Financials","Banks - Regional","32.25","70.9","Sell","Aug 04, 2026","Uptrend","May 05, 2026","9100.73","99.95","2.52","0.44","Moving Down","M1S1","",,="7/9","<1","false","Swing"
"LEA","Lear Corporation Common Stock","Discretionary","Auto Parts","121.23","46.2","Sell","Aug 04, 2026","Downtrend","Aug 03, 2026","647218.77","-46.16","0.86","-0.57","Moving Down","","",,="4/9","<1","false","Swing"
"LECO","Lincoln Electric Holdings, Inc. Common Shares","Industrials","Tools & Accessories","286.97","79.22","Buy","Aug 04, 2026","Uptrend","Aug 03, 2026","379210.97","118.41","1.69","0.95","Moving Up","","",,="9/9","<1","false","Swing"
"LFUS","Littelfuse, Inc. Common Stock","Technology","Electronic Components","459.01","56.41","Buy","Aug 04, 2026","Uptrend","Aug 03, 2026","360487.57","117.08","2.17","1.13","Moving Up","M1S1","",,="9/9","<1","false","Swing"
"LOB","Live Oak Bancshares, Inc. Common Stock","Financials","Banks - Regional","42.76","53.21","Buy","Aug 04, 2026","Uptrend","Jun 04, 2026","221151.83","331.99","14.5","-0.05","Moving Down","M1S1","",,="8/9","<1","false","Swing"
"LQDA","Liquidia Corporation Common Stock","Health Care","Drug Manufacturers - Specialty & Generic","78.79","52.58","Sell","Aug 04, 2026","Uptrend","Apr 23, 2026","1427830.6","1513.09","3.25","-10.52","Moving Down","M1S1","Positive",,="7/9","<1","false","Swing"
"MAGN","Magnera Corporation Common Stock","Staples","Household & Personal Products","12.44","76.73","Sell","Aug 04, 2026","Downtrend","Aug 11, 2026","443394.57","10.83","3.82","-0.16","Moving Down","","",,="4/9","<1","false","Swing"
"MAR","Marriott International Class A Common Stock","Discretionary","Lodging","354.58","43.1","Sell","Aug 04, 2026","Downtrend","Aug 03, 2026","1635156.1","-2","0.35","1.46","Moving Down","","",,="4/9","<1","false","Swing"
"MDB","MongoDB, Inc. Class A Common Stock","Technology","Software - Infrastructure","437.83","70.27","Buy","Aug 04, 2026","Uptrend","Aug 03, 2026","1424215.3","-13.51","0.32","-0.3","Moving Up","M1S1","",,="8/9","<1","false","Swing"
"MFIN","Medallion Financial Corp. Common Stock","Financials","Credit Services","11.2","63.19","Buy","Aug 04, 2026","Uptrend","Jul 30, 2026","55522.37","18.55","0.62","1.54","Moving Up","M1S1","",,="9/9","<1","false","Swing"
"MGPI","MGP Ingredients, Inc.","Staples","Beverages - Wineries & Distilleries","17.81","74.73","Sell","Aug 04, 2026","Uptrend","Aug 10, 2026","185446.5","-142.05","1.37","-3.05","Moving Down","","",,="5/9","<1","false","Swing"
"MMYT","MakeMyTrip Limited Ordinary Shares","Discretionary","Travel Services","60.31","65.56","Buy","Aug 04, 2026","Uptrend","Jul 29, 2026","893185.03","-103.09","0.23","-1.79","Moving Up","","",,="7/9","<1","false","Swing"
"MSGS","Madison Square Garden Sports Corp. Class A Common Stock (New)","Communication","Entertainment","414.12","55.81","Sell","Aug 04, 2026","Uptrend","Nov 26, 2025","182312.07","16.84","0.3","5.25","Moving Up","","",,="7/9","<1","false","Swing"
"MWA","MUELLER WATER PRODUCTS Common Stock","Industrials","Specialty Industrial Machinery","26.17","57.5","Buy","Aug 04, 2026","Uptrend","Aug 03, 2026","1090204.8","-17.3","0.32","-0.19","Moving Up","","",,="9/9","<1","false","Swing"
"NBIX","Neurocrine Biosciences, Inc. Common Stock","Health Care","Drug Manufacturers - Specialty & Generic","156.49","37.43","Sell","Aug 04, 2026","Downtrend","Aug 04, 2026","1297185.4","-65.96","0.13","-3.37","Moving Down","M1S1","",,="6/9","<1","false","Swing"
"NCSM","NCS Multistage Holdings, Inc. Common Stock","Energy","Oil & Gas Equipment & Services","51.12","55.25","Buy","Aug 04, 2026","Uptrend","Aug 06, 2026","9717.9","220.21","13.91","-0.93","Moving Up","M1S1","",,="9/9","<1","false","Swing"
"NEO","NeoGenomics, Inc. Common Stock","Health Care","Diagnostics & Research","16.42","81.25","Buy","Aug 04, 2026","Uptrend","May 20, 2026","2855983.6","-44.05","3.51","-0.67","Moving Up","M1S1","",,="9/9","<1","false","Swing"
"NEOG","Neogen Corporation Common Stock","Health Care","Medical Devices","11.46","77.98","Buy","Aug 04, 2026","Uptrend","Jul 30, 2026","2030059.97","-22.78","9.12","-0.26","Moving Up","M1S1","",,="9/9","<1","false","Swing"
"NHC","National HealthCare Corporation Common Stock","Health Care","Medical Care Facilities","221.64","69.04","Sell","Aug 04, 2026","Uptrend","Aug 05, 2026","111294.2","112.82","1.49","2.28","Moving Down","M1S1","",,="7/9","<1","false","Swing"
"NJR","NewJersey Resources Corporation Common Stock","Utilities","Utilities - Regulated Gas","55.36","54.74","Sell","Aug 04, 2026","Downtrend","Aug 05, 2026","639980.37","-61.36","0.14","1.13","Moving Down","","",,="4/9","<1","false","Swing"
"NMAI","Nuveen Multi-Asset Income Fund Common Shares of Beneficial Interest","Financials","Asset Management","14.87","88.72","Buy","Aug 04, 2026","Uptrend","Aug 03, 2026","96020.33","20.54","1.15","-0.34","Moving Up","M1S1","",,="9/9","<1","false","Swing"
"NMIH","NMI Holdings Inc. Common Stock","Financials","Insurance - Specialty","44.88","76.85","Buy","Aug 04, 2026","Uptrend","Jun 22, 2026","472232.1","17.38","0.73","1.08","Moving Up","M1S1","",,="9/9","<1","false","Swing"
"NOMD","Nomad Foods Limited Ordinary Shares","Staples","Packaged Foods","11.4","68.95","Sell","Aug 04, 2026","Uptrend","Jun 23, 2026","1401935.37","-11","18.21","0.26","Moving Down","","",,="5/9","<1","false","Swing"
"NPK","National Presto Industries, Inc. Common Stock","Industrials","Aerospace & Defense","139.26","47.41","Buy","Aug 04, 2026","Uptrend","Aug 03, 2026","88329.87","45.72","1.22","0.75","Moving Up","","",,="8/9","<1","false","Swing"
"NSC","Norfolk Southern Corporation Common Stock","Industrials","Railroads","335.41","72.23","Sell","Aug 04, 2026","Uptrend","Jun 29, 2026","1082601.8","127.29","4.21","0.24","Moving Down","","",,="7/9","<1","false","Swing"
"NSSC","NAPCO Security Technologies, Inc. Common Stock","Industrials","Security & Protection Services","38.87","52.34","Buy","Aug 04, 2026","Uptrend","Aug 03, 2026","283903.3","-163.27","0.17","-1.87","Moving Up","","",,="9/9","<1","false","Swing"
"NTB","Bank of N.T. Butterfield & Son Limited (The) Voting Ordinary Shares","Financials","Banks - Diversified","63.51","69.28","Buy","Aug 04, 2026","Uptrend","May 18, 2026","158692.77","76.28","1.97","0.16","Moving Up","M1S1","",,="9/9","<1","false","Swing"
"NWG","NatWest Group plc American Depositary Shares, (each representing two (2) Ordinary Shares)","Financials","Banks - Regional","19.26","69.12","Buy","Aug 04, 2026","Uptrend","Jun 11, 2026","3806218.33","117.29","1.25","1.1","Moving Up","M1S1","",,="9/9","<1","false","Swing"
"O","Realty Income Corporation Common Stock","Real Estate","REIT - Retail","62.59","69.8","Sell","Aug 04, 2026","Downtrend","Aug 05, 2026","5254054.03","-2.82","2.72","1.13","Moving Down","","",,="4/9","<1","false","Swing"
"OHI","Omega Healthcare Investors, Inc. Common Stock","Real Estate","REIT - Healthcare Facilities","45.87","56.97","Sell","Aug 04, 2026","Downtrend","Aug 07, 2026","1840121.5","-27.2","0.15","0.66","Moving Down","","",,="4/9","<1","false","Swing"
"OXM","Oxford Industries, Inc. Common Stock","Discretionary","Apparel Manufacturing","36.02","58.33","Sell","Aug 04, 2026","Downtrend","Aug 06, 2026","360188.4","-104.68","1.27","-0.77","Moving Down","","",,="4/9","<1","false","Swing"
"P","Everpure, Inc. Class A common stock","Technology","Computer Hardware","111.4","78.18","Buy","Aug 04, 2026","Uptrend","Aug 03, 2026","2597821.27","670.34","3.07","1.85","Moving Up","M1S1","",,="9/9","<1","false","Swing"
"PAGP","Plains GP Holdings, L.P. Class A Units representing Limited Partner Interests","Energy","Oil & Gas Midstream","25.15","62.39","Sell","Aug 04, 2026","Neutral","Aug 07, 2026","1341778.9","51.36","0.91","0.16","Moving Down","M1S1","",,="6/9","<1","false","Swing"
"PBA","Pembina Pipeline Corp. Ordinary Shares (Canada)","Energy","Oil & Gas Midstream","48.88","68.96","Sell","Aug 04, 2026","Neutral","Aug 11, 2026","760984.97","31.57","1.79","0.39","Moving Down","M1S1","",,="6/9","<1","false","Swing"
"PBH","Prestige Consumer Healthcare Inc. Common Stock","Health Care","Drug Manufacturers - Specialty & Generic","52.27","65.73","Buy","Aug 04, 2026","Uptrend","Jul 27, 2026","532686.1","75.78","8.43","-2.48","Moving Up","M1S1","",,="9/9","<1","false","Swing"
"PCG","Pacific Gas & Electric Co. Common Stock","Utilities","Utilities - Regulated Electric","17.38","65.31","Sell","Aug 04, 2026","Neutral","Aug 11, 2026","20422548.9","86.54","4.04","0.46","Moving Down","","",,="4/9","<1","false","Swing"
"PDD","PDD Holdings Inc. American Depositary Shares","Discretionary","Internet Retail","89.035","64.98","Buy","Aug 04, 2026","Uptrend","Jul 29, 2026","6291739.53","-7.66","0.12","-1.62","Moving Up","","",,="7/9","<1","false","Swing"
"PDX","PIMCO Dynamic Income Strategy Fund Common Shares of Beneficial Interest","Financials","Asset Management","21.65","60.34","Buy","Aug 04, 2026","Uptrend","Jul 30, 2026","117567.07","-33.92","0.27","0.7","Moving Up","M1S1","",,="8/9","<1","false","Swing"
"PFIS","Peoples Financial Services Corp. Common Stock","Financials","Banks - Regional","71.28","76.74","Sell","Aug 04, 2026","Uptrend","Apr 01, 2026","66774.93","79.42","2.87","1.54","Moving Down","M1S1","",,="7/9","<1","false","Swing"
"PFS","Provident Financial Services, Inc Common Stock","Financials","Banks - Regional","24.88","71.91","Buy","Aug 04, 2026","Uptrend","Jun 05, 2026","996965.77","55.5","5.64","0.57","Moving Down","M1S1","",,="8/9","<1","false","Swing"
"PPC","Pilgrim's Pride Corporation Common Stock","Staples","Packaged Foods","26.86","30.97","Sell","Aug 04, 2026","Downtrend","Aug 03, 2026","1537201.97","19.56","6.86","0","Moving Down","","",,="4/9","<1","false","Swing"
"PTEN","Patterson-UTI Energy, Inc. Common Stock","Energy","Oil & Gas Drilling","11.02","66.98","Buy","Aug 04, 2026","Uptrend","Aug 10, 2026","9248475.33","61.64","13.22","-0.36","Moving Up","M1S1","",,="9/9","<1","false","Swing"
"RNP","Cohen & Steers REIT and Preferred and Income Fund, Inc. Common Shares","Financials","Closed-End Fund - Debt","20.34","57.88","Sell","Aug 04, 2026","Downtrend","Aug 10, 2026","96270.77","61.03","3.88","0.54","Moving Down","M1S1","",,="5/9","<1","false","Swing"
"ROCK","Gibraltar Industries, Inc. Common Stock","Industrials","Building Products & Equipment","49.1","73.58","Buy","Aug 04, 2026","Uptrend","Aug 03, 2026","349849","-38.59","0.22","-1.35","Moving Up","","",,="9/9","<1","false","Swing"
"RPRX","Royalty Pharma plc Class A Ordinary Shares ","Health Care","Biotechnology","59.22","49.48","Sell","Aug 04, 2026","Uptrend","Dec 24, 2025","2890130.2","32.42","2.12","2.47","Moving Up","M1S1","",,="8/9","<1","false","Swing"
"SAH","Sonic Automotive, Inc. Common Stock","Discretionary","Auto & Truck Dealerships","81.02","54.91","Sell","Aug 04, 2026","Downtrend","Aug 05, 2026","298550.83","137.83","2.38","0.51","Moving Down","","",,="4/9","<1","false","Swing"
"SAN","Banco Santander, S.A. Sponsored ADR (Spain)","Financials","Banks - Diversified","14.82","57.54","Buy","Aug 04, 2026","Uptrend","Jun 11, 2026","10861727","164.36","1.29","0.75","Moving Up","M1S1","",,="9/9","<1","false","Swing"
"SGA","Saga Communications, Inc. Class A Common Stock (FL)","Communication","Broadcasting","10.15","62.06","Buy","Aug 04, 2026","Uptrend","Aug 03, 2026","12822.37","-131.77","1.09","2.94","Moving Up","","",,="8/9","<1","false","Swing"
"SHOE","Shoe Station Group, Inc. Common Stock","Discretionary","Apparel Retail","15.47","63.68","Buy","Aug 04, 2026","Neutral","Aug 12, 2026","683759.77","-64.56","0.35","-1.84","Moving Up","","",,="6/9","<1","false","Swing"
"SKT","Tanger Inc. Common Stock","Real Estate","REIT - Retail","38.48","61.92","Sell","Aug 04, 2026","Downtrend","Aug 06, 2026","935856.27","151.12","1.47","-0.21","Moving Down","","",,="4/9","<1","false","Swing"
"SLM","SLM Corporation Common Stock","Financials","Credit Services","27.97","77.73","Buy","Aug 04, 2026","Uptrend","Jun 16, 2026","2798544.2","-93.82","0.26","2.98","Moving Up","M1S1","",,="8/9","<1","false","Swing"
"SNY","Sanofi ADS","Health Care","Drug Manufacturers - General","43.71","54.92","Sell","Aug 04, 2026","Neutral","Aug 12, 2026","3351967.13","-31.43","1.01","0.34","Moving Down","M1S1","",,="6/9","<1","false","Swing"
"SOR","Source Capital, Inc. Cmn Shs of BI","Financials","Closed-End Fund - Equity","46.87","54.85","Buy","Aug 04, 2026","Uptrend","Jul 31, 2026","10013.7","-1.42","0.42","0.63","Moving Up","M1S1","",,="8/9","<1","false","Swing"
"SPB","Spectrum Brands Holdings, Inc. Common Stock","Staples","Household & Personal Products","88.42","70.73","Sell","Aug 04, 2026","Uptrend","Jul 09, 2026","353398.43","-57.39","0.14","0.58","Moving Down","","",,="5/9","<1","false","Swing"
"SPOT","Spotify Technology S.A. Ordinary Shares","Communication","Internet Content & Information","489.6","39.95","Sell","Aug 04, 2026","Uptrend","Aug 07, 2026","1843814.07","59.52","1.77","-2.28","Moving Down","","",,="6/9","<1","false","Swing"
"STNG","Scorpio Tankers Inc. Common Shares","Energy","Oil & Gas Midstream","76.15","47.11","Sell","Aug 04, 2026","Downtrend","Aug 05, 2026","766463.3","126.22","3.3","2.64","Moving Down","M1S1","",,="6/9","<1","false","Swing"
"TAK","Takeda Pharmaceutical Company Limited American Depositary Shares (each representing 1/2 of a share of Common Stock)","Health Care","Drug Manufacturers - Specialty & Generic","17.41","71.05","Sell","Aug 04, 2026","Uptrend","Aug 05, 2026","3822537.27","40.04","15.51","-0.4","Moving Down","M1S1","",,="7/9","<1","false","Swing"
"TILE","Interface, Inc. Common Stock","Discretionary","Furnishings Fixtures & Appliances","38.53","79.6","Buy","Aug 04, 2026","Uptrend","Jul 27, 2026","448774.03","125.19","2.19","-0.03","Moving Up","","",,="7/9","<1","false","Swing"
"TMDX","TransMedics Group, Inc. Common Stock","Health Care","Medical Devices","87.02","67.31","Buy","Aug 04, 2026","Uptrend","Aug 06, 2026","950735.53","48.23","2.93","-2.62","Moving Up","M1S1","",,="9/9","<1","false","Swing"
"TSCO","Tractor Supply Company Common Stock","Discretionary","Specialty Retail","36.43","62.07","Buy","Aug 04, 2026","Uptrend","Aug 03, 2026","11146318.97","-185.25","0.13","3.23","Moving Up","","",,="7/9","<1","false","Swing"
"UHT","Universal Health Realty Income Trust Common Stock","Real Estate","REIT - Healthcare Facilities","41.22","64.2","Sell","Aug 04, 2026","Downtrend","Aug 10, 2026","112265.13","-61.19","2.07","1.15","Moving Down","","",,="4/9","<1","false","Swing"
"ULH","Universal Logistics Holdings, Inc. Common Stock","Industrials","Trucking","19.64","87.66","Buy","Aug 04, 2026","Uptrend","Aug 03, 2026","44944.07","-98.54","0.46","2.88","Moving Up","","",,="9/9","<1","false","Swing"
"UNTY","Unity Bancorp, Inc. Common Stock","Financials","Banks - Regional","61.6","66.11","Buy","Aug 04, 2026","Uptrend","Jul 15, 2026","64373.93","152.86","1.91","1.5","Moving Up","M1S1","",,="9/9","<1","false","Swing"
"UTL","UNITIL Corporation Common Stock","Utilities","Utilities - Diversified","53.97","71.75","Sell","Aug 04, 2026","Neutral","Aug 11, 2026","107554.57","-12.93","0.12","0.37","Moving Down","","",,="4/9","<1","false","Swing"
"UTMD","Utah Medical Products, Inc. Common Stock","Health Care","Medical Instruments & Supplies","72.13","72.52","Buy","Aug 04, 2026","Uptrend","Jul 29, 2026","28110.43","-59.29","1.3","0.26","Moving Up","M1S1","",,="9/9","<1","false","Swing"
"VITL","Vital Farms, Inc. Common Stock","Staples","Farm Products","11.52","43.39","Sell","Aug 04, 2026","Downtrend","Aug 07, 2026","1609953","350.1","319.18","-0.35","Moving Down","","",,="4/9","<1","false","Swing"
"VRSK","Verisk Analytics, Inc. Common Stock","Industrials","Consulting Services","180.38","52.89","Sell","Aug 04, 2026","Downtrend","Aug 10, 2026","1804354.9","19.39","2.88","-0.33","Moving Down","","",,="6/9","<1","false","Swing"
"VSAT","ViaSat, Inc. Common Stock","Technology","Communication Equipment","87.23","75.87","Buy","Aug 04, 2026","Uptrend","Jul 30, 2026","2371283.53","-41.27","0.09","3.21","Moving Up","M1S1","",,="9/9","<1","false","Swing"
"VTRS","Viatris Inc. Common Stock","Health Care","Drug Manufacturers - Specialty & Generic","16.1","44.64","Sell","Aug 04, 2026","Downtrend","Aug 10, 2026","10325511.13","67.01","2.36","-1.11","Moving Down","M1S1","",,="6/9","<1","false","Swing"
"WCC","WESCO International, Inc. Common Stock","Industrials","Industrial Distribution","364.6","78.82","Buy","Aug 04, 2026","Uptrend","Aug 03, 2026","746184.17","306.76","1.67","-0.43","Moving Up","","",,="9/9","<1","false","Swing"
"WFRD","Weatherford International plc Ordinary Shares","Energy","Oil & Gas Equipment & Services","92.7","55.75","Buy","Aug 04, 2026","Uptrend","Aug 10, 2026","1337639.5","-18.17","0.22","-1.83","Moving Up","M1S1","",,="9/9","<1","false","Swing"
"WRB","W.R. Berkley Corporation Common Stock","Financials","Insurance - Property & Casualty","69.73","55.56","Sell","Aug 04, 2026","Downtrend","Aug 10, 2026","1914273.33","-45.98","0.3","-0.51","Moving Down","M1S1","",,="6/9","<1","false","Swing"
"WT","WisdomTree, Inc. Common Stock","Financials","Asset Management","22.73","86.34","Buy","Aug 04, 2026","Uptrend","Jul 30, 2026","2653328.33","363.88","2.19","3.32","Moving Up","M1S1","",,="9/9","<1","false","Swing"
"WTRG","Essential Utilities, Inc. Common Stock","Utilities","Utilities - Regulated Water","39.86","72.59","Sell","Aug 04, 2026","Uptrend","Jul 16, 2026","2025201.4","8.07","4.98","-0.55","Moving Down","","",,="5/9","<1","false","Swing"
"Z","Zillow Group, Inc. Class C Capital Stock","Communication","Internet Content & Information","33.26","48.32","Buy","Aug 04, 2026","Neutral","Aug 06, 2026","3813922.4","-0.52","250.42","-2.58","Moving Down","","",,="6/9","<1","false","Swing"
"ZM","Zoom Communications, Inc. Class A Common Stock","Technology","Software - Application","105.13","82.47","Buy","Aug 04, 2026","Uptrend","Jul 30, 2026","3092764.2","-41.88","7.05","-0.88","Moving Up","M1S1","",,="9/9","<1","false","Swing"
"ZS","Zscaler, Inc. Common Stock","Technology","Software - Infrastructure","177.32","78.95","Buy","Aug 04, 2026","Uptrend","Jul 27, 2026","2404516.7","118.85","7.21","-0.69","Moving Up","M1S1","",,="9/9","<1","false","Swing"
"AFBI","Affinity Bancshares, Inc. Common Stock (MD)","Financials","Banks - Regional","23","52.41","Sell","Aug 03, 2026","Uptrend","Mar 31, 2026","11856.43","12.4","0.56","0","Moving Down","M1S1","",,="7/9","<1","false","Swing"
"AIR","AAR Corp. Common Stock","Industrials","Aerospace & Defense","148.16","83.93","Buy","Aug 03, 2026","Uptrend","Jul 27, 2026","425507.73","254.79","2.98","1.86","Moving Up","","",,="9/9","<1","false","Swing"
"AMBA","Ambarella, Inc. Ordinary Shares","Technology","Semiconductor Equipment & Materials","83.53","72.97","Buy","Aug 03, 2026","Uptrend","Jul 31, 2026","1927878.97","21.79","7.84","0.77","Moving Up","M1S1","",,="9/9","<1","false","Swing"
"AMZN","Amazon.com, Inc. Common Stock","Discretionary","Internet Retail","267.28","79.66","Buy","Aug 03, 2026","Uptrend","Jul 31, 2026","44729353.83","35.45","0.52","-1.83","Moving Up","","Negative","true",="7/9","<1","false","Swing"
"ANGO","AngioDynamics, Inc. Common Stock","Health Care","Medical Instruments & Supplies","15.75","81.28","Buy","Aug 03, 2026","Uptrend","Jun 03, 2026","557354.33","-59","0.08","0","Moving Up","M1S1","",,="9/9","<1","false","Swing"
"ANIK","Anika Therapeutics Inc. Common Stock","Health Care","Drug Manufacturers - Specialty & Generic","22.03","84.21","Buy","Aug 03, 2026","Uptrend","Jul 29, 2026","96162.6","-82.54","2.08","3.77","Moving Up","M1S1","",,="9/9","<1","false","Swing"
"AON","Aon plc Class A Ordinary Shares (Ireland)","Financials","Insurance Brokers","352.36","78.31","Sell","Aug 03, 2026","Uptrend","Jun 29, 2026","1197281.3","-22.52","0.28","-1.15","Moving Down","M1S1","",,="7/9","<1","false","Swing"
"AVT","Avnet, Inc. Common Stock","Technology","Electronics & Computer Distribution","97.31","76.99","Buy","Aug 03, 2026","Uptrend","Jul 31, 2026","1159009.13","99.02","2","1.41","Moving Up","M1S1","",,="9/9","<1","false","Swing"
"AWP","abrdn Global Premier Properties Fund Common Shares of Beneficial Interest","Financials","Closed-End Fund - Foreign","11.73","64.03","Sell","Aug 03, 2026","Downtrend","Aug 06, 2026","199507.27","44.45","6.83","1.03","Moving Down","M1S1","",,="6/9","<1","false","Swing"
"BBUC","Brookfield Business Corporation Class A Subordinate Voting Shares","Industrials","Conglomerates","28.85","23.12","Sell","Aug 03, 2026","Downtrend","Jul 31, 2026","327422.2","-45.98","0.15","0.31","Moving Down","","",,="6/9","<1","false","Swing"
"BDC","Belden Inc Common Stock","Technology","Communication Equipment","138.03","78.67","Buy","Aug 03, 2026","Uptrend","Jul 31, 2026","537235.73","144.18","2.66","2.52","Moving Up","M1S1","",,="9/9","<1","false","Swing"
"BEN","Franklin Resources, Inc. Common Stock","Financials","Asset Management","33.59","75.6","Buy","Aug 03, 2026","Uptrend","Jul 31, 2026","4367089.43","72.8","5.85","0.69","Moving Up","M1S1","",,="9/9","<1","false","Swing"
"BNTX","BioNTech SE American Depositary Share","Health Care","Biotechnology","92.74","41.04","Sell","Aug 03, 2026","Uptrend","Aug 07, 2026","892613.93","-45.27","1.27","-0.06","Moving Up","M1S1","",,="8/9","<1","false","Swing"
"BYD","Boyd Gaming Corporation Common Stock","Discretionary","Resorts & Casinos","82.98","43.75","Sell","Aug 03, 2026","Downtrend","Aug 03, 2026","958555.23","-13.49","0.37","0.74","Moving Down","","",,="4/9","<1","false","Swing"
"CALM","Cal-Maine Foods, Inc. Common Stock","Staples","Farm Products","82.21","42.65","Sell","Aug 03, 2026","Downtrend","Aug 10, 2026","941215.97","17.99","0.36","-0.42","Moving Down","","",,="4/9","<1","false","Swing"
"CHCT","Community Healthcare Trust Incorporated Common Stock","Real Estate","REIT - Healthcare Facilities","15.01","40.1","Sell","Aug 03, 2026","Downtrend","Aug 05, 2026","281356.17","-42.46","4","-0.4","Moving Down","","",,="4/9","<1","false","Swing"
"CI","The Cigna Group Common Stock","Health Care","Healthcare Plans","277.41","45.02","Sell","Aug 03, 2026","Downtrend","Aug 03, 2026","1851887.2","-120.16","0.08","1.29","Moving Down","M1S1","",,="6/9","<1","false","Swing"
"CNI","Canadian National Railway Company Common Stock","Industrials","Railroads","126.32","84","Sell","Aug 03, 2026","Uptrend","Jun 25, 2026","1418575.37","23.17","1.53","0.03","Moving Down","","",,="7/9","<1","false","Swing"
"COIN","Coinbase Global, Inc. Class A Common Stock","Financials","Financial Data & Stock Exchanges","149.04","43.57","Sell","Aug 03, 2026","Downtrend","Jul 31, 2026","7347898.7","16.89","7.36","0.31","Moving Up","M1S1","",,="7/9","<1","false","Swing"
"CPT","Camden Property Trust Common Stock","Real Estate","REIT - Residential","108.38","59.73","Sell","Aug 03, 2026","Downtrend","Aug 10, 2026","952389.73","8.85","3.08","0.08","Moving Down","","",,="4/9","<1","false","Swing"
"CSL","Carlisle Companies Incorporated Common Stock","Industrials","Building Products & Equipment","382.61","62.07","Buy","Aug 03, 2026","Uptrend","Jul 31, 2026","518732.73","34.63","0.59","-1.88","Moving Up","","",,="9/9","<1","false","Swing"
"CSX","CSX Corporation Common Stock","Industrials","Railroads","50.08","72.92","Sell","Aug 03, 2026","Uptrend","Apr 01, 2026","12792354.33","115.44","2.44","0.28","Moving Down","","",,="7/9","<1","false","Swing"
"CTVA","Corteva, Inc. Common Stock ","Materials","Agricultural Inputs","75.53","13.71","Sell","Aug 03, 2026","Downtrend","Aug 03, 2026","4200739.23","6.48","0.22","-0.91","Moving Down","","Positive",,="6/9","<1","false","Swing"
"DV","DoubleVerify Holdings, Inc. Common Stock","Communication","Advertising Agencies","13.29","97.51","Buy","Aug 03, 2026","Uptrend","Jul 29, 2026","3924079.13","28.95","4.87","0.3","Moving Up","","",,="8/9","<1","false","Swing"
"EBC","Eastern Bankshares, Inc. Common Stock","Financials","Banks - Regional","23.35","66.8","Sell","Aug 03, 2026","Uptrend","Jun 08, 2026","2612807.53","39.38","3.2","0.95","Moving Down","M1S1","",,="7/9","<1","false","Swing"
"EG","Everest Group, Ltd. Common Stock","Financials","Insurance - Reinsurance","363.67","72.16","Sell","Aug 03, 2026","Downtrend","Aug 12, 2026","355391.27","-45.25","0.14","-0.56","Moving Down","M1S1","",,="5/9","<1","false","Swing"
"ENVA","Enova International, Inc. Common Stock","Financials","Credit Services","260.4","73.78","Buy","Aug 03, 2026","Uptrend","Jun 05, 2026","352413.6","905.83","2.25","1.28","Moving Up","M1S1","",,="9/9","<1","false","Swing"
"ERIE","Erie Indemnity Company Class A Common Stock","Financials","Insurance Brokers","258.17","60.91","Buy","Aug 03, 2026","Uptrend","Jul 29, 2026","269121.33","132.24","6.94","0.6","Moving Up","M1S1","",,="8/9","<1","false","Swing"
"ERO","Ero Copper Corp. Common Shares","Materials","Copper","36.07","87.36","Buy","Aug 03, 2026","Uptrend","Jul 31, 2026","1098166.83","-51.54","0.21","-0.63","Moving Up","","",,="9/9","<1","false","Swing"
"ES","Eversource Energy (D/B/A) Common Stock","Utilities","Utilities - Regulated Electric","71.55","68.9","Sell","Aug 03, 2026","Downtrend","Aug 06, 2026","2209166.1","-13.16","1.95","0.59","Moving Down","","",,="4/9","<1","false","Swing"
"FCAP","First Capital, Inc. Common Stock","Financials","Banks - Regional","65.8","46.93","Buy","Aug 03, 2026","Uptrend","Jul 29, 2026","12620.6","110.11","29.36","1.32","Moving Up","M1S1","",,="9/9","<1","false","Swing"
"FCX","Freeport-McMoRan, Inc. Common Stock","Materials","Copper","69.22","75.88","Buy","Aug 03, 2026","Uptrend","Jul 31, 2026","13637376.53","125.81","0.85","0.51","Moving Up","","",,="8/9","<1","false","Swing"
"FICO","Fair Isaac Corporation Common Stock","Technology","Software - Application","1044.21","35.58","Sell","Aug 03, 2026","Downtrend","Jul 31, 2026","331784.17","-410.34","0.1","0.58","Moving Down","M1S1","",,="6/9","<1","false","Swing"
"FND","Floor & Decor Holdings, Inc. Common Stock","Discretionary","Home Improvement Retail","59.33","92.05","Buy","Aug 03, 2026","Uptrend","Jul 28, 2026","2481016.07","1.34","3.46","-1.93","Moving Up","","",,="7/9","<1","false","Swing"
"FRT","Federal Realty Investment Trust Common Stock","Real Estate","REIT - Retail","117.21","59.32","Sell","Aug 03, 2026","Downtrend","Aug 05, 2026","876610.6","-17.11","0.12","0.4","Moving Down","","",,="4/9","<1","false","Swing"
"FSS","Federal Signal Corporation Common Stock","Industrials","Farm & Heavy Construction Machinery","126.31","60.9","Buy","Aug 03, 2026","Uptrend","Jul 31, 2026","518512.03","130.33","1.01","-1.87","Moving Up","","",,="9/9","<1","false","Swing"
"FTH","Faeth Therapeutics, Inc. Common Stock","Health Care","Biotechnology","29.38","47.03","Sell","Aug 03, 2026","Uptrend","Aug 11, 2026","278931.9","-78.52","0.19","-2.07","Moving Up","M1S1","",,="8/9","<1","false","Swing"
"GAP","Gap, Inc. (The) Common Stock","Discretionary","Apparel Retail","20.25","45.04","Buy","Aug 03, 2026","Neutral","Aug 12, 2026","6565505.7","-46.06","0.09","-3.39","Moving Up","","",,="6/9","<1","false","Swing"
"GDDY","GoDaddy Inc. Class A Common Stock","Technology","Software - Infrastructure","91.82","54.07","Sell","Aug 03, 2026","Uptrend","Aug 04, 2026","1947229","72.08","9.03","1.19","Moving Down","M1S1","",,="7/9","<1","false","Swing"
"GPI","Group 1 Automotive, Inc. Common Stock","Discretionary","Auto & Truck Dealerships","266.11","37.5","Sell","Aug 03, 2026","Downtrend","Aug 03, 2026","203370.57","221.1","3.75","-0.06","Moving Down","","",,="4/9","<1","false","Swing"
"GSAT","Globalstar, Inc. Common Stock","Communication","Telecom Services","83.22","50.7","Buy","Aug 03, 2026","Uptrend","Jul 31, 2026","1013588.2","178.97","0.63","-0.41","Moving Up","","",,="8/9","<1","false","Swing"
"HAPN","Happen Bank","Financials","Banks - Regional","19.49","52.16","Buy","Aug 03, 2026","Uptrend","Jul 31, 2026","881434.57","57.05","6.07","1.35","Moving Up","M1S1","",,="9/9","<1","false","Swing"
"HEI","Heico Corporation Common Stock","Industrials","Aerospace & Defense","373.1","62.72","Buy","Aug 03, 2026","Uptrend","Jul 24, 2026","419272.07","137.58","1.77","1.68","Moving Up","","",,="9/9","<1","false","Swing"
"HPE","Hewlett Packard Enterprise Company Common Stock","Technology","Communication Equipment","58.79","79.01","Buy","Aug 03, 2026","Uptrend","Jul 09, 2026","17117472.8","460.27","2.65","8.11","Moving Up","M1S1","Positive",,="9/9","<1","false","Swing"
"HUN","Huntsman Corporation Common Stock","Materials","Chemicals","10.15","50.16","Sell","Aug 03, 2026","Downtrend","Jul 31, 2026","3955860.57","-68.01","2.81","-2.78","Moving Down","","",,="6/9","<1","false","Swing"
"HXL","Hexcel Corporation Common Stock","Industrials","Aerospace & Defense","102.31","70.81","Sell","Aug 03, 2026","Neutral","Aug 11, 2026","1066352","18.41","1.45","1.79","Moving Down","","",,="6/9","<1","false","Swing"
"ICUI","ICU Medical, Inc. Common Stock","Health Care","Medical Instruments & Supplies","179.34","83.41","Buy","Aug 03, 2026","Uptrend","May 20, 2026","325736.93","-25.59","0.39","-1.5","Moving Up","M1S1","",,="8/9","<1","false","Swing"
"IEX","IDEX Corporation Common Stock","Industrials","Specialty Industrial Machinery","240.52","77.57","Buy","Aug 03, 2026","Uptrend","May 26, 2026","691142.8","11.57","0.74","1.35","Moving Up","","",,="8/9","<1","false","Swing"
"ING","ING Group, N.V. Common Stock","Financials","Banks - Diversified","35.61","71.92","Buy","Aug 03, 2026","Uptrend","Jun 15, 2026","2454354.23","180.11","2.37","0.74","Moving Up","M1S1","",,="9/9","<1","false","Swing"
"JACK","Jack In The Box Inc. Common Stock","Discretionary","Restaurants","18.77","83.49","Buy","Aug 03, 2026","Uptrend","Jul 24, 2026","942180.73","-32.85","7.22","5.1","Moving Up","","Positive",,="7/9","<1","false","Swing"
"JCI","Johnson Controls International plc Ordinary Share","Industrials","Building Products & Equipment","152.79","70.4","Buy","Aug 03, 2026","Uptrend","Jul 31, 2026","3725992.07","260.91","2.46","-1.27","Moving Up","","",,="9/9","<1","false","Swing"
"JEF","Jefferies Financial Group Inc. Common Stock","Financials","Capital Markets","54.82","54.61","Sell","Aug 03, 2026","Uptrend","Jul 20, 2026","1826155.83","315","3.88","-0.33","Moving Down","M1S1","",,="7/9","<1","false","Swing"
"JKHY","Jack Henry & Associates, Inc. Common Stock","Technology","Information Technology Services","152.31","73.75","Sell","Aug 03, 2026","Uptrend","Jul 01, 2026","1071799.43","-53.77","0.03","-0.86","Moving Down","M1S1","",,="7/9","<1","false","Swing"
"KIM","Kimco Realty Corporation (HC) Common Stock","Real Estate","REIT - Retail","24.18","49.67","Sell","Aug 03, 2026","Downtrend","Aug 05, 2026","4310133.67","50.19","2.35","0.88","Moving Down","","",,="4/9","<1","false","Swing"
"KRG","Kite Realty Group Trust Common Stock","Real Estate","REIT - Retail","26.31","34.15","Sell","Aug 03, 2026","Downtrend","Aug 03, 2026","2734641.13","40.52","1.61","0.53","Moving Down","","",,="4/9","<1","false","Swing"
"KTB","Kontoor Brands, Inc. Common Stock ","Discretionary","Apparel Manufacturing","81.6","50.53","Sell","Aug 03, 2026","Neutral","Aug 12, 2026","734219.3","-23.22","0.29","8.86","Moving Down","","",,="4/9","<1","false","Swing"
"LCII","LCI Industries","Discretionary","Recreational Vehicles","107.15","69.29","Sell","Aug 03, 2026","Uptrend","Aug 11, 2026","418773.57","-28.51","0.02","-0.16","Moving Down","","",,="5/9","<1","false","Swing"
"LEVI","Levi Strauss & Co Class A Common Stock","Discretionary","Apparel Manufacturing","22.44","38.41","Sell","Aug 03, 2026","Downtrend","Aug 10, 2026","2696425.1","-42.21","0.93","-1.32","Moving Down","","",,="4/9","<1","false","Swing"
"LRN","Stride, Inc. Common Stock","Staples","Education & Training Services","78.59","30.56","Sell","Aug 03, 2026","Downtrend","Jul 31, 2026","1009017.5","-244.36","0.18","-0.63","Moving Down","","",,="4/9","<1","false","Swing"
"LTC","LTC Properties, Inc. Common Stock","Real Estate","REIT - Healthcare Facilities","38.69","78.02","Sell","Aug 03, 2026","Downtrend","Aug 10, 2026","554726.33","-13.65","0.21","1.52","Moving Down","","",,="4/9","<1","false","Swing"
"LULU","lululemon athletica inc. Common Stock","Discretionary","Apparel Retail","120.87","56.33","Buy","Aug 03, 2026","Neutral","Aug 12, 2026","2457226.33","174.11","16.02","-3.77","Moving Up","","",,="6/9","<1","false","Swing"
"LYFT","Lyft, Inc. Class A Common Stock","Technology","Software - Application","16.58","77.19","Buy","Aug 03, 2026","Uptrend","Jul 28, 2026","11825528.73","-75.82","3.64","-5.47","Moving Up","M1S1","",,="9/9","<1","false","Swing"
"MRBK","Meridian Corporation Common Stock","Financials","Banks - Regional","19.91","61.8","Sell","Aug 03, 2026","Neutral","Aug 11, 2026","110303.93","309.15","6.48","0.5","Moving Down","M1S1","",,="5/9","<1","false","Swing"
"MRK","Merck & Company, Inc. Common Stock (new)","Health Care","Drug Manufacturers - General","132.92","68.32","Sell","Aug 03, 2026","Uptrend","Jun 23, 2026","8268334.5","-72.95","0.15","1.92","Moving Down","M1S1","",,="6/9","<1","false","Swing"
"MTB","M&T Bank Corporation Common Stock","Financials","Banks - Regional","253.55","77.19","Sell","Aug 03, 2026","Uptrend","Jun 02, 2026","1059441.33","25.44","1.11","0.55","Moving Down","M1S1","",,="7/9","<1","false","Swing"
"MYE","Myers Industries, Inc. Common Stock","Discretionary","Packaging & Containers","32.8","89.53","Buy","Aug 03, 2026","Uptrend","May 20, 2026","444857","154.54","2.87","1.61","Moving Down","","",,="6/9","<1","false","Swing"
"NEE","NextEra Energy, Inc. Common Stock","Utilities","Utilities - Regulated Electric","85.78","46.39","Sell","Aug 03, 2026","Downtrend","Aug 03, 2026","9794472.2","118.22","5.68","0.05","Moving Down","","",,="4/9","<1","false","Swing"
"NGL","NGL ENERGY PARTNERS LP Common Units representing Limited Partner Interests","Energy","Oil & Gas Midstream","16.99","56.76","Buy","Aug 03, 2026","Uptrend","Jul 31, 2026","188381.37","190.4","8.45","-0.59","Moving Up","M1S1","",,="9/9","<1","false","Swing"
"NHI","National Health Investors, Inc. Common Stock","Real Estate","REIT - Healthcare Facilities","70.73","60.67","Sell","Aug 03, 2026","Downtrend","Aug 04, 2026","411681.37","44.07","609.32","1.12","Moving Down","","",,="4/9","<1","false","Swing"
"NOW","ServiceNow, Inc. Common Stock","Technology","Software - Application","124.94","94.2","Buy","Aug 03, 2026","Uptrend","Jul 29, 2026","22041182.53","-74.86","0.05","-2.04","Moving Up","M1S1","Positive",,="9/9","<1","false","Swing"
"NTST","NetSTREIT Corp. Common Stock","Real Estate","REIT - Retail","20.53","27.22","Sell","Aug 03, 2026","Downtrend","Aug 06, 2026","1358664.63","0.24","0.03","3.22","Moving Down","","",,="4/9","<1","false","Swing"
"NWN","Northwest Natural Holding Company Common Stock","Utilities","Utilities - Regulated Gas","50.34","61.83","Sell","Aug 03, 2026","Neutral","Aug 12, 2026","216368.57","-80.99","0.66","0.18","Moving Up","","",,="4/9","<1","false","Swing"
"OCFC","OceanFirst Financial Corp. Common Stock","Financials","Banks - Regional","19.15","59.51","Sell","Aug 03, 2026","Downtrend","Aug 11, 2026","890354.47","3.23","4.47","0.37","Moving Down","M1S1","",,="5/9","<1","false","Swing"
"OLLI","Ollie's Bargain Outlet Holdings, Inc. Common Stock","Staples","Discount Stores","78.25","71.72","Buy","Aug 03, 2026","Uptrend","Aug 03, 2026","1906877.73","-86.44","0.04","-0.58","Moving Up","","",,="7/9","<1","false","Swing"
"OLN","Olin Corporation Common Stock","Materials","Chemicals","18.72","21.8","Sell","Aug 03, 2026","Downtrend","Jul 31, 2026","3335682.37","177.2","28.09","-1.89","Moving Down","","",,="6/9","<1","false","Swing"
"ONIT","Onity Group Inc. Common Stock","Financials","Mortgage Finance","38.37","43.79","Sell","Aug 03, 2026","Downtrend","Aug 12, 2026","58390.77","-35.64","0.27","-2.17","Moving Down","M1S1","",,="6/9","<1","false","Swing"
"PAR","PAR Technology Corporation Common Stock","Technology","Software - Application","17.91","67.65","Buy","Aug 03, 2026","Uptrend","Jul 29, 2026","925606.03","50.58","6.49","2.75","Moving Up","M1S1","",,="8/9","<1","false","Swing"
"PBFS","Pioneer Bancorp, Inc. Common Stock","Financials","Banks - Regional","17.33","46.03","Sell","Aug 03, 2026","Uptrend","Apr 30, 2026","10849.03","33.16","2.92","1.46","Moving Down","M1S1","",,="7/9","<1","false","Swing"
"PDT","John Hancock Premium Dividend Fund","Financials","Closed-End Fund - Debt","12.73","56.12","Sell","Aug 03, 2026","Downtrend","Aug 04, 2026","118478.83","9.62","1.95","-0.16","Moving Down","M1S1","",,="5/9","<1","false","Swing"
"PI","Impinj, Inc. Common Stock","Technology","Semiconductors","179.58","77.42","Buy","Aug 03, 2026","Uptrend","Jul 31, 2026","434822.13","673.37","3.89","3.12","Moving Up","M1S1","",,="9/9","<1","false","Swing"
"PIPR","Piper Sandler Companies Common Stock","Financials","Capital Markets","75.52","49.27","Sell","Aug 03, 2026","Downtrend","Aug 06, 2026","591075.3","289.69","2.21","-0.25","Moving Down","M1S1","",,="6/9","<1","false","Swing"
"PRCH","Porch Group, Inc. Common Stock","Financials","Insurance - Property & Casualty","16.16","70.02","Buy","Aug 03, 2026","Uptrend","Jul 31, 2026","1942989.27","193.61","5.72","2.54","Moving Down","M1S1","",,="7/9","<1","false","Swing"
"PWP","Perella Weinberg Partners Class A Common Stock","Financials","Capital Markets","17.25","74.71","Buy","Aug 03, 2026","Uptrend","Jul 31, 2026","1187826.8","38.64","2.01","-2.87","Moving Down","M1S1","",,="8/9","<1","false","Swing"
"PYPL","PayPal Holdings, Inc. Common Stock","Financials","Credit Services","59.2","75.78","Sell","Aug 03, 2026","Uptrend","Jul 02, 2026","15610909.97","-64.53","3.11","0.34","Moving Down","M1S1","",,="7/9","<1","false","Swing"
"QRVO","Qorvo, Inc. Common Stock","Technology","Semiconductors","98.24","79.49","Buy","Aug 03, 2026","Uptrend","Aug 04, 2026","1180126.97","-107.82","0","1.61","Moving Up","M1S1","",,="9/9","<1","false","Swing"
"REG","Regency Centers Corporation Common Stock","Real Estate","REIT - Retail","75.74","55.81","Sell","Aug 03, 2026","Downtrend","Aug 04, 2026","1371814.2","-17.61","0.26","-0.11","Moving Down","","Positive",,="4/9","<1","false","Swing"
"RIO","Rio Tinto Plc Common Stock","Materials","Other Industrial Metals & Mining","101.22","51.13","Buy","Aug 03, 2026","Uptrend","Jul 31, 2026","2714411.17","33.16","0.82","0.23","Moving Up","","",,="9/9","<1","false","Swing"
"RLTY","Cohen & Steers Real Estate Opportunities and Income Fund Common Shares of Beneficial Interest","Financials","Closed-End Fund - Debt","15.59","37.52","Sell","Aug 03, 2026","Downtrend","Aug 10, 2026","61626.77","-6.8","0.33","0.39","Moving Down","M1S1","",,="6/9","<1","false","Swing"
"SFM","Sprouts Farmers Market, Inc. Common Stock","Staples","Grocery Stores","86.07","63.17","Buy","Aug 03, 2026","Uptrend","Jul 31, 2026","2061820.27","673","5.43","1.98","Moving Up","","",,="6/9","<1","false","Swing"
"SO","Southern Company (The) Common Stock","Utilities","Utilities - Regulated Electric","92.52","33.04","Sell","Aug 03, 2026","Downtrend","Aug 03, 2026","4971830.67","75.94","3.11","0.65","Moving Down","","",,="4/9","<1","false","Swing"
"SONO","Sonos, Inc. Common Stock","Technology","Consumer Electronics","15.75","56.6","Sell","Aug 03, 2026","Uptrend","Aug 03, 2026","2022462.83","-83.36","2.12","4.51","Moving Down","M1S1","",,="7/9","<1","false","Swing"
"SPFI","South Plains Financial, Inc. Common Stock","Financials","Banks - Regional","45.53","55.87","Sell","Aug 03, 2026","Uptrend","Jul 09, 2026","152013.73","8.12","0.37","1.18","Moving Up","M1S1","",,="8/9","<1","false","Swing"
"STEP","StepStone Group Inc. Class A Common Stock","Financials","Asset Management","48.1","73.02","Buy","Aug 03, 2026","Uptrend","Aug 03, 2026","1467900.33","-10.59","0.27","-2.85","Moving Down","M1S1","",,="8/9","<1","false","Swing"
"TRN","Trinity Industries, Inc. Common Stock","Industrials","Railroads","28.88","40.69","Sell","Aug 03, 2026","Downtrend","Jul 31, 2026","781531.57","-1.97","0.36","0.49","Moving Down","","",,="6/9","<1","false","Swing"
"TSBK","Timberland Bancorp, Inc. Common Stock","Financials","Banks - Regional","45.99","71.3","Buy","Aug 03, 2026","Uptrend","Jun 04, 2026","34981.3","45.41","1.28","0.79","Moving Up","M1S1","",,="9/9","<1","false","Swing"
"UNP","Union Pacific Corporation Common Stock","Industrials","Railroads","293.73","85.85","Sell","Aug 03, 2026","Uptrend","Jun 29, 2026","2842647.3","-10.4","0.34","0.29","Moving Down","","",,="7/9","<1","false","Swing"
"VICI","VICI Properties Inc. Common Stock","Real Estate","REIT - Diversified","26.07","26.34","Sell","Aug 03, 2026","Downtrend","Jul 30, 2026","9487350.63","-21.96","0.08","0.35","Moving Down","","",,="3/9","<1","false","Swing"
"VVV","Valvoline Inc. Common Stock","Discretionary","Auto & Truck Dealerships","33.3","25.76","Sell","Aug 03, 2026","Downtrend","Aug 05, 2026","2175303.97","-75.65","0.02","0.85","Moving Down","","",,="4/9","<1","false","Swing"
"WAL","Western Alliance Bancorporation Common Stock (DE)","Financials","Banks - Regional","82.62","61.11","Sell","Aug 03, 2026","Uptrend","Aug 12, 2026","979145.27","69.96","4.37","1.37","Moving Down","M1S1","",,="7/9","<1","false","Swing"
"WHD","Cactus, Inc. Class A Common Stock","Energy","Oil & Gas Equipment & Services","72.4","97.72","Buy","Aug 03, 2026","Uptrend","Jul 30, 2026","834634.13","-3.64","0.29","0.5","Moving Up","M1S1","",,="9/9","<1","false","Swing"
"XHR","Xenia Hotels & Resorts, Inc. Common Stock","Real Estate","REIT - Hotel & Motel","18.8","61.56","Sell","Aug 03, 2026","Downtrend","Aug 06, 2026","698600.9","-58.61","0.27","0.8","Moving Down","","",,="4/9","<1","false","Swing"
"AB","AllianceBernstein Holding L.P.  Units","Financials","Asset Management","36.45","66.85","Sell","Jul 31, 2026","Downtrend","Aug 10, 2026","247611.8","-41.67","0.18","-1.54","Moving Down","M1S1","",,="6/9","<1","false","Swing"
"ADC","Agree Realty Corporation Common Stock","Real Estate","REIT - Retail","74.36","46.98","Sell","Jul 31, 2026","Downtrend","Aug 04, 2026","1171468.53","-42.42","0.08","1.32","Moving Down","","",,="4/9","<1","false","Swing"
"ADM","Archer-Daniels-Midland Company Common Stock","Staples","Farm Products","79.73","62.64","Sell","Jul 31, 2026","Neutral","Aug 10, 2026","3593674.27","87.23","2.96","-0.91","Moving Down","","",,="4/9","<1","false","Swing"
"AGCO","AGCO Corporation Common Stock","Industrials","Farm & Heavy Construction Machinery","101.55","50.67","Sell","Jul 31, 2026","Downtrend","Jul 31, 2026","810000","-124.68","0.06","0.12","Moving Down","","",,="6/9","<1","false","Swing"
"AMT","American Tower Corporation (REIT) Common Stock","Real Estate","REIT - Specialty","170.43","53.55","Buy","Jul 31, 2026","Neutral","Aug 05, 2026","3041443.4","-32.46","2.36","0.52","Moving Up","","",,="6/9","<1","false","Swing"
"AR","Antero Resources Corporation Common Stock","Energy","Oil & Gas E&P","37.48","61.25","Buy","Jul 31, 2026","Uptrend","Aug 10, 2026","4563937.1","-92.04","0.28","-0.93","Moving Up","M1S1","",,="8/9","<1","false","Swing"
"ARGX","argenx SE American Depositary Shares","Health Care","Biotechnology","876","41.22","Sell","Jul 31, 2026","Neutral","Aug 05, 2026","294984.57","18.38","0.28","1.3","Moving Up","M1S1","",,="7/9","<1","false","Swing"
"ASH","Ashland Inc. Common Stock","Materials","Specialty Chemicals","74.72","92.8","Buy","Jul 31, 2026","Uptrend","May 20, 2026","760296.37","-20.47","0.12","0.19","Moving Up","","",,="9/9","<1","false","Swing"
"ATO","Atmos Energy Corporation Common Stock","Utilities","Utilities - Regulated Gas","169.59","40.89","Sell","Jul 31, 2026","Downtrend","Aug 03, 2026","1016364.73","-20.51","0.28","0.22","Moving Down","","",,="4/9","<1","false","Swing"
"AVA","Avista Corporation Common Stock","Utilities","Utilities - Diversified","38.53","25.91","Sell","Jul 31, 2026","Downtrend","Jul 31, 2026","585440.47","-54.98","0.84","0.26","Moving Down","","",,="4/9","<1","false","Swing"
"AX","Axos Financial, Inc. Common Stock","Financials","Banks - Regional","100.13","58.34","Buy","Jul 31, 2026","Uptrend","Jun 22, 2026","353048.1","93.25","4.43","-0.03","Moving Down","M1S1","",,="8/9","<1","false","Swing"
"BAX","Baxter International Inc. Common Stock","Health Care","Medical Instruments & Supplies","26.95","98.41","Buy","Jul 31, 2026","Uptrend","May 19, 2026","7049717.47","-19.18","12.16","-2.39","Moving Up","M1S1","",,="9/9","<1","false","Swing"
"BLMN","Bloomin' Brands, Inc. Common Stock","Discretionary","Restaurants","11.39","92.36","Buy","Jul 31, 2026","Uptrend","Jul 27, 2026","2072717.93","-63.82","2.59","2.43","Moving Up","","",,="7/9","<1","false","Swing"
"BRX","Brixmor Property Group Inc. Common Stock","Real Estate","REIT - Retail","29.73","46.47","Sell","Jul 31, 2026","Downtrend","Aug 04, 2026","2266713.6","-39.99","0.2","0.41","Moving Down","","",,="4/9","<1","false","Swing"
"BSX","Boston Scientific Corporation Common Stock","Health Care","Medical Devices","51.42","67.57","Buy","Jul 31, 2026","Uptrend","Aug 06, 2026","18963760.77","-50.17","0.07","0.45","Moving Up","M1S1","",,="9/9","<1","false","Swing"
"BUSE","First Busey Corporation Class A Common Stock","Financials","Banks - Regional","31.27","84.23","Buy","Jul 31, 2026","Uptrend","May 20, 2026","840091.13","74.77","5.32","0.61","Moving Down","M1S1","",,="8/9","<1","false","Swing"
"CHEF","The Chefs' Warehouse, Inc. Common Stock","Staples","Food Distribution","111.07","86.11","Buy","Jul 31, 2026","Uptrend","Apr 10, 2026","569300.53","46.29","0.62","1.61","Moving Up","","Positive",,="7/9","<1","false","Swing"
"CNP","CenterPoint Energy, Inc (Holding Co) Common Stock","Utilities","Utilities - Regulated Electric","40.53","39.65","Sell","Jul 31, 2026","Downtrend","Jul 30, 2026","6458228.5","5.24","0.19","0.87","Moving Down","","",,="4/9","<1","false","Swing"
"CORT","Corcept Therapeutics Incorporated Common Stock","Health Care","Biotechnology","112.18","79.01","Buy","Jul 31, 2026","Uptrend","Mar 31, 2026","1243769.97","476.82","1.79","0.29","Moving Up","M1S1","",,="9/9","<1","false","Swing"
"CP","Canadian Pacific Kansas City Limited Common Shares","Industrials","Railroads","92.69","65.59","Sell","Jul 31, 2026","Uptrend","Jul 31, 2026","2541580.47","108.11","3.38","0.84","Moving Up","","",,="7/9","<1","false","Swing"
"CTO","CTO Realty Growth, Inc. Common Stock","Real Estate","REIT - Diversified","21.85","65.44","Sell","Jul 31, 2026","Neutral","Aug 11, 2026","345586.57","25.07","0.41","1.3","Moving Down","","",,="4/9","<1","false","Swing"
"CTS","CTS Corporation Common Stock","Technology","Electronic Components","63.62","80.85","Buy","Jul 31, 2026","Uptrend","Jul 30, 2026","236628.13","65.72","1.69","-0.81","Moving Up","M1S1","",,="9/9","<1","false","Swing"
"CVEO","Civeo Corporation (Canada) Common Shares","Discretionary","Lodging","33.33","35.37","Sell","Jul 31, 2026","Neutral","Aug 12, 2026","170814.47","-202.93","0.26","2.15","Moving Down","","",,="4/9","<1","false","Swing"
"CWK","Cushman & Wakefield Ltd. Common Shares","Real Estate","Real Estate Services","13.81","57.93","Buy","Jul 31, 2026","Uptrend","Aug 11, 2026","1998706.2","31.66","7.37","0.44","Moving Down","","",,="6/9","<1","false","Swing"
"DBX","Dropbox, Inc. Class A Common Stock","Technology","Software - Infrastructure","33.63","96.26","Buy","Jul 31, 2026","Uptrend","Jul 01, 2026","4100130.43","-100.32","0.05","-1.32","Moving Down","M1S1","",,="8/9","<1","false","Swing"
"DT","Dynatrace, Inc. Common Stock","Technology","Software - Application","49.56","95.07","Buy","Jul 31, 2026","Uptrend","Jul 30, 2026","5016029.53","21.03","19.68","-0.2","Moving Down","M1S1","",,="7/9","<1","false","Swing"
"EC","Ecopetrol S.A. American Depositary Shares","Energy","Oil & Gas Integrated","16.96","80.53","Buy","Jul 31, 2026","Uptrend","Jul 13, 2026","2320219.37","-21.7","1.11","-0.29","Moving Up","M1S1","",,="8/9","<1","false","Swing"
"ED","Consolidated Edison, Inc. Common Stock","Utilities","Utilities - Regulated Electric","107.78","45.02","Sell","Jul 31, 2026","Downtrend","Jul 31, 2026","2036649.1","6.9","0.54","0.26","Moving Down","","",,="4/9","<1","false","Swing"
"ENB","Enbridge Inc Common Stock","Energy","Oil & Gas Midstream","51.44","39.19","Sell","Jul 31, 2026","Downtrend","Jul 31, 2026","3631267.8","15.86","0.91","-0.25","Moving Down","M1S1","",,="6/9","<1","false","Swing"
"ESTA","Establishment Labs Holdings Inc. Common Shares","Health Care","Medical Devices","75.58","37.6","Sell","Jul 31, 2026","Downtrend","Aug 06, 2026","541633.47","-92.83","0.18","1.75","Moving Down","M1S1","",,="6/9","<1","false","Swing"
"EVT","Eaton Vance Tax Advantaged Dividend Income Fund Common Shares of Beneficial Interest","Financials","Closed-End Fund - Equity","29.27","81.04","Buy","Jul 31, 2026","Uptrend","Jun 11, 2026","98327.93","49.43","1.32","0.21","Moving Up","M1S1","",,="9/9","<1","false","Swing"
"EXC","Exelon Corporation Common Stock","Utilities","Utilities - Regulated Electric","45.22","48.38","Sell","Jul 31, 2026","Downtrend","Jul 31, 2026","8348030.77","-20.11","0.32","0.78","Moving Down","","",,="4/9","<1","false","Swing"
"EXPE","Expedia Group, Inc. Common Stock","Discretionary","Travel Services","325.57","90.29","Buy","Jul 31, 2026","Uptrend","Jun 16, 2026","1485568.4","29.8","0.43","1.4","Moving Up","","",,="7/9","<1","false","Swing"
"EXPO","Exponent, Inc. Common Stock","Industrials","Engineering & Construction","67.64","84.32","Buy","Jul 31, 2026","Uptrend","Jul 24, 2026","534192.73","10.59","20.85","-1.04","Moving Up","","",,="9/9","<1","false","Swing"
"FCPT","Four Corners Property Trust, Inc. Common Stock","Real Estate","REIT - Retail","24.94","33.93","Sell","Jul 31, 2026","Downtrend","Aug 05, 2026","712258.53","-8.08","0.07","1.67","Moving Down","","",,="4/9","<1","false","Swing"
"FLS","Flowserve Corporation Common Stock","Industrials","Specialty Industrial Machinery","80.95","66.54","Buy","Jul 31, 2026","Uptrend","Jul 30, 2026","1829076.93","-1.9","0.41","0.11","Moving Up","","",,="8/9","<1","false","Swing"
"FLUT","Flutter Entertainment plc Ordinary Shares","Discretionary","Gambling","98.08","48.05","Sell","Jul 31, 2026","Downtrend","Aug 04, 2026","2975829.6","32.96","6.06","-0.95","Moving Up","","",,="5/9","<1","false","Swing"
"FOA","Finance of America Companies Inc. Class A Common Stock","Financials","Credit Services","22","57.01","Sell","Jul 31, 2026","Downtrend","Aug 05, 2026","57631.33","23.59","7.09","2.09","Moving Down","M1S1","",,="6/9","<1","false","Swing"
"FSEA","First Seacoast Bancorp, Inc. Common Stock","Financials","Banks - Regional","17.1","53.76","Sell","Jul 31, 2026","Uptrend","May 05, 2026","7027.03","-5.85","0.23","-0.12","Moving Down","M1S1","",,="7/9","<1","false","Swing"
"FTI","TechnipFMC plc Ordinary Share","Energy","Oil & Gas Equipment & Services","75.27","58.41","Sell","Jul 31, 2026","Uptrend","Aug 11, 2026","3743765.17","217.86","1.46","-0.07","Moving Up","M1S1","",,="8/9","<1","false","Swing"
"GMED","Globus Medical, Inc. Class A Common Stock","Health Care","Medical Devices","85.67","54.41","Buy","Jul 31, 2026","Uptrend","Aug 03, 2026","1726087.03","7.78","0.55","0.61","Moving Up","M1S1","",,="9/9","<1","false","Swing"
"GOOD","Gladstone Commercial Corporation Real Estate Investment Trust","Real Estate","REIT - Diversified","13.01","68.93","Sell","Jul 31, 2026","Uptrend","Aug 07, 2026","439696.77","34.18","116.36","1.8","Moving Up","","",,="5/9","<1","false","Swing"
"HCKT","Hackett Group Inc (The). Common Stock","Technology","Information Technology Services","11.16","80.85","Buy","Jul 31, 2026","Uptrend","Aug 03, 2026","388028.3","9.06","4.6","-2.62","Moving Up","M1S1","",,="9/9","<1","false","Swing"
"HFBL","Home Federal Bancorp, Inc. of Louisiana Common Stock","Financials","Banks - Regional","23.5","79.33","Buy","Jul 31, 2026","Uptrend","Apr 10, 2026","3718.2","-75.99","0.09","0","Moving Up","M1S1","",,="9/9","<1","false","Swing"
"HRTG","Heritage Insurance Holdings, Inc. Common Stock","Financials","Insurance - Property & Casualty","32.96","68.56","Buy","Jul 31, 2026","Uptrend","Jun 23, 2026","324056.9","-53.02","0.21","2.42","Moving Up","M1S1","",,="9/9","<1","false","Swing"
"HTD","John Hancock Tax Advantaged Dividend Income Fund Common Shares of Beneficial Interest","Financials","Closed-End Fund - Debt","25.55","50.96","Sell","Jul 31, 2026","Downtrend","Aug 05, 2026","62309.33","15.68","0.81","0.31","Moving Down","M1S1","",,="5/9","<1","false","Swing"
"HTO","H2O America Common Stock","Utilities","Utilities - Regulated Water","62.57","73.72","Sell","Jul 31, 2026","Neutral","Aug 10, 2026","470066.37","-6.5","0.11","0.47","Moving Down","","",,="4/9","<1","false","Swing"
"IDCC","InterDigital, Inc. Common Stock","Technology","Software - Application","351.43","75.6","Buy","Jul 31, 2026","Uptrend","Jul 30, 2026","257171.57","60.46","0.31","3.95","Moving Up","M1S1","",,="9/9","<1","false","Swing"
"IFF","International Flavors & Fragrances, Inc. Common Stock","Materials","Specialty Chemicals","83.85","74.95","Buy","Jul 31, 2026","Uptrend","Jul 29, 2026","1883542.4","-35.73","2.86","-1.35","Moving Up","","",,="9/9","<1","false","Swing"
"IQV","IQVIA Holdings, Inc. Common Stock","Health Care","Diagnostics & Research","241.71","94.46","Buy","Jul 31, 2026","Uptrend","Jun 25, 2026","1407223.9","7.33","0.38","-0.87","Moving Down","M1S1","",,="8/9","<1","false","Swing"
"IRTC","iRhythm Holdings, Inc. Common Stock","Health Care","Medical Devices","125.35","60.79","Buy","Jul 31, 2026","Uptrend","Jul 30, 2026","650687.1","-243.03","0.12","2.86","Moving Up","M1S1","",,="8/9","<1","false","Swing"
"KWR","Quaker Houghton Common Stock","Materials","Specialty Chemicals","168.88","79.8","Buy","Jul 31, 2026","Uptrend","Jul 27, 2026","147505.43","-5.49","0.03","-1.18","Moving Up","","",,="8/9","<1","false","Swing"
"KYN","Kayne Anderson Energy Infrastructure Fund, Inc.","Financials","Closed-End Fund - Equity","14.76","62.73","Sell","Jul 31, 2026","Uptrend","Aug 10, 2026","361052.77","67.94","1.91","0.75","Moving Up","M1S1","",,="8/9","<1","false","Swing"
"LHX","L3Harris Technologies, Inc. Common Stock","Industrials","Aerospace & Defense","290.74","34.77","Sell","Jul 31, 2026","Downtrend","Jul 30, 2026","1438693","42.97","2.59","1.65","Moving Up","","",,="7/9","<1","false","Swing"
"LKQ","LKQ Corporation Common Stock","Discretionary","Auto Parts","24.71","42.25","Sell","Jul 31, 2026","Downtrend","Jul 30, 2026","3199974.7","-40.32","2.5","0.04","Moving Up","","",,="5/9","<1","false","Swing"
"MAC","Macerich Company (The) Common Stock","Real Estate","REIT - Retail","24.65","55.79","Sell","Jul 31, 2026","Neutral","Aug 12, 2026","3389365.17","80.05","34.37","0.49","Moving Down","","",,="4/9","<1","false","Swing"
"MBWM","Mercantile Bank Corporation Common Stock","Financials","Banks - Regional","61.31","83.34","Buy","Jul 31, 2026","Uptrend","Jun 04, 2026","133910.57","68.06","1.59","0.76","Moving Down","M1S1","",,="8/9","<1","false","Swing"
"MKL","Markel Group Inc. Common Stock","Financials","Insurance - Property & Casualty","1842.46","42.16","Sell","Jul 31, 2026","Downtrend","Aug 03, 2026","67577.27","17.13","0.81","0.08","Moving Down","M1S1","",,="6/9","<1","false","Swing"
"MTD","Mettler-Toledo International, Inc. Common Stock","Health Care","Diagnostics & Research","1438.53","86.21","Buy","Jul 31, 2026","Uptrend","Jun 24, 2026","162339.5","91.51","3.46","0.09","Moving Down","M1S1","",,="7/9","<1","false","Swing"
"NMRK","Newmark Group, Inc. Class A Common Stock","Real Estate","Real Estate Services","14.82","39.87","Sell","Jul 31, 2026","Downtrend","Aug 07, 2026","1302623.93","-8.23","0.34","0.34","Moving Down","","Positive",,="4/9","<1","false","Swing"
"NNN","NNN REIT, Inc. Common Stock","Real Estate","REIT - Retail","45.81","59.61","Sell","Jul 31, 2026","Downtrend","Aug 07, 2026","1425947.5","5.53","5.64","0.97","Moving Down","","",,="4/9","<1","false","Swing"
"NU","Nu Holdings Ltd. Class A Ordinary Shares","Financials","Banks - Regional","13.56","52.16","Sell","Jul 31, 2026","Downtrend","Aug 12, 2026","88052637.23","28.68","4.19","-0.66","Moving Down","M1S1","",,="6/9","<1","false","Swing"
"OGE","OGE Energy Corp Common Stock","Utilities","Utilities - Regulated Electric","46.9","50.5","Sell","Jul 31, 2026","Downtrend","Jul 30, 2026","1385354.97","-14.18","0.21","1.25","Moving Down","","",,="4/9","<1","false","Swing"
"OLP","One Liberty Properties, Inc. Common Stock","Real Estate","REIT - Diversified","23.95","67.63","Sell","Jul 31, 2026","Downtrend","Aug 05, 2026","87112.47","-37.64","0.2","1.53","Moving Down","","",,="4/9","<1","false","Swing"
"OPCH","Option Care Health, Inc. Common Stock","Health Care","Medical Care Facilities","23.84","66.12","Buy","Jul 31, 2026","Uptrend","Jul 28, 2026","2462584.93","-89.61","0.12","-1","Moving Up","M1S1","",,="9/9","<1","false","Swing"
"OSIS","OSI Systems, Inc. Common Stock (DE)","Technology","Electronic Components","231.57","65.01","Buy","Jul 31, 2026","Uptrend","Aug 03, 2026","175414.07","-186.64","0.16","-0.7","Moving Up","M1S1","",,="9/9","<1","false","Swing"
"OWL","Blue Owl Capital Inc. Class A Common Stock","Financials","Asset Management","12.22","99.56","Buy","Jul 31, 2026","Uptrend","Jul 27, 2026","19146683.97","-1.78","0.23","-0.81","Moving Up","M1S1","",,="8/9","<1","false","Swing"
"PARR","Par Pacific Holdings, Inc.  Common Stock","Energy","Oil & Gas Refining & Marketing","77.78","70.35","Sell","Jul 31, 2026","Uptrend","Aug 10, 2026","1075841.8","398.81","5.51","3.06","Moving Down","M1S1","",,="7/9","<1","false","Swing"
"PD","PagerDuty, Inc. Common Stock","Technology","Software - Application","11.36","85.47","Buy","Jul 31, 2026","Uptrend","Jul 28, 2026","1459860.67","-163.63","1.54","-4.3","Moving Up","M1S1","",,="9/9","<1","false","Swing"
"PII","Polaris Inc. Common Stock","Discretionary","Recreational Vehicles","68.52","62.94","Sell","Jul 31, 2026","Downtrend","Aug 12, 2026","819544.7","-2.57","35.15","-2.24","Moving Down","","",,="4/9","<1","false","Swing"
"PKBK","Parke Bancorp, Inc. Common Stock","Financials","Banks - Regional","34.8","76.29","Buy","Jul 31, 2026","Uptrend","Mar 24, 2026","46168.73","45.19","1.44","0.84","Moving Up","M1S1","",,="9/9","<1","false","Swing"
"PLBC","Plumas Bancorp","Financials","Banks - Regional","63.15","74.63","Sell","Jul 31, 2026","Uptrend","Apr 08, 2026","55257.43","204.07","3.22","1.54","Moving Down","M1S1","",,="7/9","<1","false","Swing"
"QNCX","Quince Therapeutics, Inc. Common Stock","Health Care","Biotechnology","31.26","64.05","Buy","Jul 31, 2026","Uptrend","Aug 03, 2026","38916.57","46.55","7.8","-4.49","Moving Up","M1S1","",,="9/9","<1","false","Swing"
"RDVT","Red Violet, Inc. Common Stock ","Technology","Software - Application","68.87","77.9","Buy","Jul 31, 2026","Uptrend","May 04, 2026","236897.23","41.18","0.47","-3.3","Moving Up","M1S1","",,="9/9","<1","false","Swing"
"RHI","Robert Half Inc. Common Stock","Industrials","Staffing & Employment Services","41.55","94.8","Sell","Jul 31, 2026","Uptrend","May 22, 2026","2325930.97","48.58","7.58","-1.4","Moving Down","","",,="7/9","<1","false","Swing"
"SAFE","Safehold Inc. New Common Stock ","Real Estate","REIT - Diversified","15.34","66.6","Sell","Jul 31, 2026","Downtrend","Aug 10, 2026","286281.1","-14.75","19.57","0.26","Moving Down","","",,="4/9","<1","false","Swing"
"SHC","Sotera Health Company Common Stock","Health Care","Diagnostics & Research","18.89","60.2","Buy","Jul 31, 2026","Uptrend","Jun 18, 2026","3028721.13","70.84","22.32","-1.15","Moving Down","M1S1","",,="8/9","<1","false","Swing"
"STRA","Strategic Education, Inc. Common Stock","Staples","Education & Training Services","80.02","63.96","Buy","Jul 31, 2026","Neutral","Aug 11, 2026","305094.13","-94.65","1.38","0.05","Moving Down","","",,="5/9","<1","false","Swing"
"SWX","Southwest Gas Holdings, Inc. Common Stock (DE)","Utilities","Utilities - Regulated Gas","92.17","58.2","Sell","Jul 31, 2026","Uptrend","Aug 07, 2026","472048","-83.96","0.08","0.72","Moving Down","","",,="4/9","<1","false","Swing"
"TAL","TAL Education Group American Depositary Shares","Staples","Education & Training Services","11.87","77.16","Buy","Jul 31, 2026","Uptrend","Jul 08, 2026","4448788.87","4.53","3.6","-2.38","Moving Down","","",,="6/9","<1","false","Swing"
"TECK","Teck Resources Ltd Ordinary Shares","Materials","Other Industrial Metals & Mining","65.95","84.1","Buy","Jul 31, 2026","Uptrend","Jul 30, 2026","3271231.03","-480.67","0.18","-0.29","Moving Up","","",,="8/9","<1","false","Swing"
"TEVA","Teva Pharmaceutical Industries Limited American Depositary Shares","Health Care","Drug Manufacturers - Specialty & Generic","36.74","47.16","Buy","Jul 31, 2026","Uptrend","Jul 30, 2026","5446537.3","237.76","2.28","0.71","Moving Up","M1S1","",,="9/9","<1","false","Swing"
"TFPM","Triple Flag Precious Metals Corp. Common Shares","Materials","Other Precious Metals & Mining","32.25","47.93","Buy","Jul 31, 2026","Uptrend","Aug 04, 2026","532990.77","-48.44","0.28","0.84","Moving Up","","",,="9/9","<1","false","Swing"
"UE","Urban Edge Properties Common Shares of Beneficial Interest","Real Estate","REIT - Retail","21.81","44.93","Sell","Jul 31, 2026","Downtrend","Jul 31, 2026","810019.3","-40.73","0.12","0.83","Moving Down","","",,="4/9","<1","false","Swing"
"UFPT","UFP Technologies, Inc. Common Stock","Health Care","Medical Devices","322.46","86.19","Buy","Jul 31, 2026","Uptrend","Jul 28, 2026","218702.7","76.62","0.37","0.17","Moving Up","M1S1","",,="9/9","<1","false","Swing"
"VRTS","Virtus Investment Partners, Inc. Common Stock","Financials","Asset Management","167.55","80.43","Sell","Jul 31, 2026","Uptrend","Jul 01, 2026","147780.3","-25.25","0.2","0.5","Moving Down","M1S1","",,="6/9","<1","false","Swing"
"VTOL","Bristow Group, Inc. Common Stock","Energy","Oil & Gas Equipment & Services","45.93","64.26","Sell","Jul 31, 2026","Uptrend","Jul 09, 2026","201745.03","62.4","1.53","-0.52","Moving Down","M1S1","",,="7/9","<1","false","Swing"
"VTR","Ventas, Inc. Common Stock","Real Estate","REIT - Healthcare Facilities","89.01","65.61","Sell","Jul 31, 2026","Downtrend","Aug 11, 2026","3433158.13","111.07","4.39","2.36","Moving Down","","",,="4/9","<1","false","Swing"
"WABC","Westamerica Bancorporation Common Stock","Financials","Banks - Regional","59.55","67.57","Sell","Jul 31, 2026","Neutral","Aug 11, 2026","184051.6","-1.51","0.16","1.21","Moving Down","M1S1","",,="5/9","<1","false","Swing"
"WGS","GeneDx Holdings Corp. Class A Common Stock","Health Care","Diagnostics & Research","82.39","64.96","Buy","Jul 31, 2026","Uptrend","Jul 30, 2026","800634.37","-298.29","0.15","0.8","Moving Up","M1S1","",,="9/9","<1","false","Swing"
"WK","Workiva Inc. Class A Common Stock","Technology","Software - Application","68.07","92.08","Buy","Jul 31, 2026","Uptrend","Jul 24, 2026","806624.47","-171.53","0.11","-1.42","Moving Up","M1S1","",,="9/9","<1","false","Swing"
"WM","Waste Management, Inc. Common Stock","Industrials","Waste Management","226.32","65.94","Sell","Jul 31, 2026","Downtrend","Aug 07, 2026","1850491.13","15.41","0.37","-0.23","Moving Down","","",,="6/9","<1","false","Swing"
"WSBF","Waterstone Financial, Inc. Common Stock (MD)","Financials","Banks - Regional","21","72.49","Buy","Jul 31, 2026","Uptrend","Jul 24, 2026","67706.9","54.64","2.52","0.91","Moving Up","M1S1","",,="9/9","<1","false","Swing"
"WYNN","Wynn Resorts, Limited Common stock","Discretionary","Resorts & Casinos","102.97","63.64","Buy","Jul 31, 2026","Uptrend","Aug 05, 2026","1509669.53","3.02","3.81","-1.74","Moving Up","","",,="7/9","<1","false","Swing"
"ZBRA","Zebra Technologies Corporation Class A Common Stock","Technology","Communication Equipment","378.37","93.96","Buy","Jul 31, 2026","Uptrend","Jun 24, 2026","800396.47","66.8","3.9","-1.22","Moving Up","M1S1","",,="9/9","<1","false","Swing"
"ZETA","Zeta Global Holdings Corp. Class A Common Stock","Technology","Software - Infrastructure","28.55","88.23","Buy","Jul 31, 2026","Uptrend","Jul 28, 2026","9357793.57","-26.78","0.32","-2.06","Moving Up","M1S1","",,="9/9","<1","false","Swing"
"ZWS","Zurn Elkay Water Solutions Corporation Common Stock","Industrials","Pollution & Treatment Controls","51.02","63.48","Buy","Jul 31, 2026","Uptrend","Jul 30, 2026","973939.9","406.7","1.88","-1.54","Moving Up","","",,="9/9","<1","false","Swing"
"ABNB","Airbnb, Inc. Class A Common Stock","Discretionary","Travel Services","180.095","99.12","Buy","Jul 30, 2026","Uptrend","Jul 28, 2026","4215376.57","50.16","5.65","-2.64","Moving Up","","",,="7/9","<1","false","Swing"
"AGM","Federal Agricultural Mortgage Corporation Common Stock","Financials","Credit Services","238.05","79.24","Buy","Jul 30, 2026","Uptrend","Apr 09, 2026","121568.93","145.75","1.47","1.44","Moving Up","M1S1","",,="9/9","<1","false","Swing"
"ALV","Autoliv, Inc. Common Stock","Discretionary","Auto Parts","120.82","73.48","Buy","Jul 30, 2026","Neutral","Aug 12, 2026","707334.57","-4.89","0.31","-1.26","Moving Down","","",,="5/9","<1","false","Swing"
"AMPH","Amphastar Pharmaceuticals, Inc. Common Stock","Health Care","Drug Manufacturers - Specialty & Generic","19.98","58.02","Buy","Jul 30, 2026","Uptrend","Aug 07, 2026","441047.83","-45.48","0.02","-2.15","Moving Up","M1S1","",,="9/9","<1","false","Swing"
"ANDE","Andersons, Inc. (The) Common Stock","Staples","Food Distribution","65.61","41.72","Sell","Jul 30, 2026","Downtrend","Aug 05, 2026","327277.7","-119.02","0.26","2.36","Moving Down","","",,="4/9","<1","false","Swing"
"ANF","Abercrombie & Fitch Company Common Stock","Discretionary","Apparel Retail","112.23","66.47","Buy","Jul 30, 2026","Uptrend","Jun 09, 2026","990335.27","413.55","2.13","-4.87","Moving Up","","",,="7/9","<1","false","Swing"
"APPN","Appian Corporation Class A Common Stock","Technology","Software - Infrastructure","34.82","84.03","Buy","Jul 30, 2026","Uptrend","Jul 24, 2026","817983.7","-40.91","0.01","-1.94","Moving Up","M1S1","",,="9/9","<1","false","Swing"
"ARCB","ArcBest Corporation Common Stock","Industrials","Trucking","140.63","55.14","Sell","Jul 30, 2026","Downtrend","Aug 05, 2026","369977.5","-72.77","0.3","3.59","Moving Down","","",,="6/9","<1","false","Swing"
"AWR","American States Water Company Common Stock","Utilities","Utilities - Regulated Water","87.95","79.86","Sell","Jul 30, 2026","Uptrend","Jun 04, 2026","296371.53","-73.77","0.02","0.47","Moving Down","","",,="4/9","<1","false","Swing"
"AXS","Axis Capital Holdings Limited Common Stock","Financials","Insurance - Specialty","99.43","51.49","Sell","Jul 30, 2026","Downtrend","Jul 31, 2026","748799.77","-18.64","0.33","-1.28","Moving Down","M1S1","",,="6/9","<1","false","Swing"
"BANF","BancFirst Corporation Common Stock","Financials","Banks - Regional","114.31","62.09","Sell","Jul 30, 2026","Neutral","Aug 12, 2026","137976.2","38.02","1","0.64","Moving Down","M1S1","",,="5/9","<1","false","Swing"
"BFC","Bank First Corporation Common Stock","Financials","Banks - Regional","156.95","60.08","Buy","Jul 30, 2026","Uptrend","Jun 18, 2026","92399.83","28.32","0.5","0.01","Moving Up","M1S1","",,="9/9","<1","false","Swing"
"BG","Bunge Limited Common Shares","Staples","Farm Products","111.75","43.73","Sell","Jul 30, 2026","Downtrend","Jul 30, 2026","1373760.27","-20.34","0.27","0.13","Moving Up","","",,="5/9","<1","false","Swing"
"BKH","Black Hills Corporation Common Stock","Utilities","Utilities - Regulated Gas","73.16","56.14","Sell","Jul 30, 2026","Downtrend","Aug 11, 2026","776587.9","-45.96","0.01","-0.14","Moving Down","","",,="4/9","<1","false","Swing"
"BKNG","Booking Holdings Inc. Common Stock","Discretionary","Travel Services","212.26","85.87","Buy","Jul 30, 2026","Uptrend","Jul 24, 2026","6145684.5","45.34","0.78","-0.29","Moving Up","","",,="6/9","<1","false","Swing"
"BNY","The Bank of New York Mellon Corporation Common Stock","Financials","Banks - Diversified","162.93","82.22","Sell","Jul 30, 2026","Uptrend","Apr 01, 2026","3300438.17","131.28","0.99","1.63","Moving Down","M1S1","",,="7/9","<1","false","Swing"
"BRK/A","Berkshire Hathaway Inc.","Financials","Insurance - Diversified","764000.01","75.65","Buy","Jul 30, 2026","Uptrend","Jul 27, 2026","165.37","60.62","1.18","-1.42","Moving Up","M1S1","",,="9/9","<1","false","Swing"
"BRZE","Braze, Inc. Class A Common Stock","Technology","Software - Application","27.68","84.96","Buy","Jul 30, 2026","Uptrend","Jul 28, 2026","2203099.5","-18.1","10.61","-1.91","Moving Down","M1S1","",,="8/9","<1","false","Swing"
"BSVN","Bank7 Corp. Common stock","Financials","Banks - Regional","52","73.71","Buy","Jul 30, 2026","Uptrend","May 22, 2026","36539.63","121.43","2.49","1.84","Moving Up","M1S1","",,="9/9","<1","false","Swing"
"BZH","Beazer Homes USA, Inc. Common Stock","Discretionary","Residential Construction","33.18","87.06","Sell","Jul 30, 2026","Uptrend","May 20, 2026","708560.1","-127.2","0.21","0.03","Moving Down","","",,="5/9","<1","false","Swing"
"CAC","Camden National Corporation Common Stock","Financials","Banks - Regional","58.57","79.21","Buy","Jul 30, 2026","Uptrend","Jun 04, 2026","97773.17","40.7","1.66","0.83","Moving Down","M1S1","",,="8/9","<1","false","Swing"
"CAKE","Cheesecake Factory Incorporated (The) Common Stock","Discretionary","Restaurants","117.29","96.3","Buy","Jul 30, 2026","Uptrend","May 26, 2026","1745451.73","102.45","1.34","3.74","Moving Up","","",,="7/9","<1","false","Swing"
"CFFI","C&F Financial Corporation Common Stock","Financials","Banks - Regional","88.62","76.26","Buy","Jul 30, 2026","Uptrend","Jul 28, 2026","17447.03","118.23","2.94","3.59","Moving Up","M1S1","",,="9/9","<1","false","Swing"
"CHD","Church & Dwight Company, Inc. Common Stock","Staples","Household & Personal Products","101.24","71.69","Buy","Jul 30, 2026","Uptrend","Jul 24, 2026","1750116.47","58.86","3.42","-1.5","Moving Up","","",,="7/9","<1","false","Swing"
"CHTR","Charter Communications, Inc. Class A Common Stock New","Communication","Telecom Services","150.22","69.96","Buy","Jul 30, 2026","Uptrend","Jul 31, 2026","2778602.03","-12.85","18.13","-4.74","Moving Up","","",,="7/9","<1","false","Swing"
"CLSK","CleanSpark, Inc. Common Stock","Financials","Capital Markets","12.18","38.84","Sell","Jul 30, 2026","Downtrend","Aug 04, 2026","22653421","114.61","11.14","5.73","Moving Down","M1S1","",,="6/9","<1","false","Swing"
"CMCSA","Comcast Corporation Class A Common Stock","Communication","Telecom Services","25.47","69.46","Buy","Jul 30, 2026","Uptrend","Aug 03, 2026","31887935.17","-56.62","2.26","-0.7","Moving Up","","",,="8/9","<1","false","Swing"
"COST","Costco Wholesale Corporation Common Stock","Staples","Discount Stores","949.575","48.99","Buy","Jul 30, 2026","Neutral","Jul 30, 2026","2100085.13","261.72","2.93","0.56","Moving Up","","",,="6/9","<1","false","Swing"
"CPRT","Copart, Inc. (DE) Common Stock","Industrials","Specialty Business Services","28.99","59.27","Buy","Jul 30, 2026","Neutral","Jul 30, 2026","11318928.83","161.54","19.81","-1.39","Moving Up","","",,="8/9","<1","false","Swing"
"CPZ","Calamos Long/Short Equity & Dynamic Income Trust Common Stock","Financials","Closed-End Fund - Equity","13.68","82.81","Buy","Jul 30, 2026","Uptrend","Jul 29, 2026","86610.1","3.38","56.73","0.11","Moving Up","M1S1","",,="9/9","<1","false","Swing"
"CROX","Crocs, Inc. Common Stock","Discretionary","Footwear & Accessories","130.61","74.4","Sell","Jul 30, 2026","Uptrend","Jul 31, 2026","1029742.33","201.84","2.72","-0.84","Moving Down","","",,="5/9","<1","false","Swing"
"CTRE","CareTrust REIT, Inc. Common Stock","Real Estate","REIT - Healthcare Facilities","39.16","51.42","Sell","Jul 30, 2026","Downtrend","Aug 10, 2026","2160709.1","61.29","1.49","1.24","Moving Down","","",,="4/9","<1","false","Swing"
"CZFS","Citizens Financial Services, Inc. Common Stock","Financials","Banks - Regional","82.95","85.36","Buy","Jul 30, 2026","Uptrend","Jun 05, 2026","27590.73","53.47","1.93","0.8","Moving Up","M1S1","",,="8/9","<1","false","Swing"
"DAR","Darling Ingredients Inc. Common Stock","Staples","Packaged Foods","63.43","68.25","Sell","Jul 30, 2026","Uptrend","Aug 10, 2026","2209416.73","-2.38","0.36","1.72","Moving Up","","",,="5/9","<1","false","Swing"
"DLB","Dolby Laboratories Common Stock","Industrials","Specialty Business Services","61.39","90.57","Buy","Jul 30, 2026","Uptrend","Jul 31, 2026","958268.77","-6.41","5.65","0.05","Moving Up","","",,="9/9","<1","false","Swing"
"DOX","Amdocs Limited Ordinary Shares","Technology","Software - Infrastructure","57.28","65.97","Buy","Jul 30, 2026","Uptrend","Aug 06, 2026","1315642.67","-29.42","1.85","-0.37","Moving Up","M1S1","",,="9/9","<1","false","Swing"
"DRI","Darden Restaurants, Inc. Common Stock","Discretionary","Restaurants","227.68","69.07","Buy","Jul 30, 2026","Uptrend","Jul 29, 2026","1319278.3","-106.44","0.17","4.01","Moving Up","","",,="7/9","<1","false","Swing"
"DSGX","Descartes Systems Group Inc. (The) Common Stock","Technology","Software - Application","77.62","82.1","Buy","Jul 30, 2026","Uptrend","Jul 29, 2026","454812.5","-65.46","0.22","-1.97","Moving Up","M1S1","",,="9/9","<1","false","Swing"
"DXCM","DexCom, Inc. Common Stock","Health Care","Medical Devices","90.8","82.15","Buy","Jul 30, 2026","Uptrend","Jul 24, 2026","5089985.93","122.92","5.89","1.42","Moving Up","M1S1","",,="9/9","<1","false","Swing"
"ECL","Ecolab Inc. Common Stock","Materials","Specialty Chemicals","278.43","64.07","Buy","Jul 30, 2026","Uptrend","Jul 28, 2026","1147826.33","-49.4","0.22","-2.18","Moving Up","","",,="9/9","<1","false","Swing"
"EMO","ClearBridge Energy Midstream Opportunity Fund Inc. Common Stock","Financials","Closed-End Fund - Equity","52.84","52.82","Sell","Jul 30, 2026","Uptrend","Aug 11, 2026","38463.2","42.91","1.07","1.25","Moving Up","M1S1","",,="7/9","<1","false","Swing"
"ESQ","Esquire Financial Holdings, Inc. Common Stock","Financials","Banks - Regional","132.885","85.87","Buy","Jul 30, 2026","Uptrend","Jun 08, 2026","141932.83","113.8","0.99","-0.03","Moving Down","M1S1","",,="8/9","<1","false","Swing"
"EVRG","Evergy, Inc. Common Stock","Utilities","Utilities - Regulated Electric","83.32","29.78","Sell","Jul 30, 2026","Downtrend","Jul 30, 2026","2008596.1","26.76","1.97","1.57","Moving Up","","",,="5/9","<1","false","Swing"
"FOX","Fox Corporation Class B Common Stock","Communication","Entertainment","55.97","75.56","Buy","Jul 30, 2026","Uptrend","Jul 29, 2026","1265018.53","16.37","0.5","1.14","Moving Up","","",,="8/9","<1","false","Swing"
"FOXA","Fox Corporation Class A Common Stock","Communication","Entertainment","63.05","77.69","Buy","Jul 30, 2026","Uptrend","Jul 28, 2026","5108786.97","36.54","1.1","1.46","Moving Up","","",,="8/9","<1","false","Swing"
"FR","First Industrial Realty Trust, Inc. Common Stock","Real Estate","REIT - Industrial","63.34","57.8","Sell","Jul 30, 2026","Downtrend","Aug 05, 2026","1219557.53","38.97","1.97","0.57","Moving Down","","",,="4/9","<1","false","Swing"
"FSUN","FirstSun Capital Bancorp Common Stock","Financials","Banks - Regional","40.72","85.82","Buy","Jul 30, 2026","Uptrend","Jul 29, 2026","288762.93","-10.16","0","0.27","Moving Up","M1S1","",,="8/9","<1","false","Swing"
"GAIN","Gladstone Investment Corporation Business Development Company","Financials","Asset Management","16.42","78.96","Sell","Jul 30, 2026","Uptrend","Jul 07, 2026","207617.57","101.32","2.13","-0.24","Moving Down","M1S1","",,="6/9","<1","false","Swing"
"GRMN","Garmin Ltd. Common Stock (Switzerland)","Technology","Scientific & Technical Instruments","309.98","94.23","Buy","Jul 30, 2026","Uptrend","Jul 24, 2026","929217.17","34.79","0.42","0.11","Moving Up","M1S1","",,="9/9","<1","false","Swing"
"GTY","Getty Realty Corporation Common Stock","Real Estate","REIT - Retail","32.88","52.07","Sell","Jul 30, 2026","Downtrend","Aug 03, 2026","430371.87","26.59","2.06","1.8","Moving Down","","",,="4/9","<1","false","Swing"
"GXO","GXO Logistics, Inc. Common Stock ","Industrials","Integrated Freight & Logistics","47.98","25.82","Sell","Jul 30, 2026","Downtrend","Aug 05, 2026","1571840.37","-35.6","1.44","2.81","Moving Up","","",,="7/9","<1","false","Swing"
"HAE","Haemonetics Corporation Common Stock","Health Care","Medical Devices","91.34","63.85","Buy","Jul 30, 2026","Uptrend","May 21, 2026","719480.33","-60.41","1.04","4.72","Moving Up","M1S1","",,="9/9","<1","false","Swing"
"HCA","HCA Healthcare, Inc. Common Stock","Health Care","Medical Care Facilities","414.59","49.4","Buy","Jul 30, 2026","Uptrend","Jul 31, 2026","1593980.83","96.26","1.42","0.77","Moving Up","M1S1","",,="8/9","<1","false","Swing"
"HTH","Hilltop Holdings Inc.","Financials","Financial Conglomerates","39.36","56.1","Buy","Jul 30, 2026","Uptrend","Jul 24, 2026","240210.97","30.82","1.32","0.56","Moving Down","M1S1","",,="7/9","<1","false","Swing"
"HUBG","Hub Group, Inc. Class A Common Stock","Industrials","Integrated Freight & Logistics","40.21","66.21","Sell","Jul 30, 2026","Downtrend","Aug 11, 2026","966719.23","25.53","1.37","5.82","Moving Down","","","true",="6/9","<1","false","Swing"
"ICCC","ImmuCell Corporation Common Stock","Health Care","Biotechnology","10.98","66.75","Sell","Jul 30, 2026","Uptrend","Apr 02, 2026","27334.83","-49.05","0.22","0.27","Moving Down","M1S1","",,="7/9","<1","false","Swing"
"IDXX","IDEXX Laboratories, Inc. Common Stock","Health Care","Diagnostics & Research","570.58","62.59","Buy","Jul 30, 2026","Uptrend","Aug 03, 2026","639485.6","93.39","2.51","-2.74","Moving Up","M1S1","",,="9/9","<1","false","Swing"
"IVT","InvenTrust Properties Corp. Common Stock","Real Estate","REIT - Retail","33.25","18.08","Sell","Jul 30, 2026","Downtrend","Aug 04, 2026","651008.4","-66.23","0.16","1.46","Moving Down","","",,="4/9","<1","false","Swing"
"JPM","JP Morgan Chase & Co. Common Stock","Financials","Banks - Diversified","365.18","68.33","Sell","Jul 30, 2026","Uptrend","Jun 05, 2026","8437342.07","120.5","1.98","0.87","Moving Down","M1S1","",,="7/9","<1","false","Swing"
"KEX","Kirby Corporation Common Stock","Industrials","Marine Shipping","135.93","34.75","Sell","Jul 30, 2026","Downtrend","Jul 30, 2026","633624.83","32.52","1.59","2.47","Moving Down","","",,="6/9","<1","false","Swing"
"KFRC","Kforce, Inc. Common Stock","Industrials","Staffing & Employment Services","57.71","79.34","Sell","Jul 30, 2026","Uptrend","Apr 13, 2026","263012.6","-29.54","0.23","-0.41","Moving Down","","",,="7/9","<1","false","Swing"
"KO","Coca-Cola Company (The) Common Stock","Staples","Beverages - Non-Alcoholic","86.71","84.29","Buy","Jul 30, 2026","Uptrend","Jun 09, 2026","16537730.4","9.21","0.28","0.27","Moving Down","","",,="6/9","<1","false","Swing"
"LBRDA","Liberty Broadband Corporation Class A Common Stock","Communication","Telecom Services","35.35","70.67","Buy","Jul 30, 2026","Uptrend","Jul 29, 2026","219031.3","-61.64","4.11","-4.74","Moving Up","","",,="7/9","<1","false","Swing"
"LBRDK","Liberty Broadband Corporation Class C Common Stock","Communication","Telecom Services","35.36","70.28","Buy","Jul 30, 2026","Uptrend","Jul 29, 2026","1706101.8","-41.96","6.04","-4.69","Moving Up","","",,="7/9","<1","false","Swing"
"MAN","ManpowerGroup Common Stock","Industrials","Staffing & Employment Services","56.22","93.66","Sell","Jul 30, 2026","Uptrend","May 28, 2026","1364303.7","47.25","6.57","-0.04","Moving Down","","",,="7/9","<1","false","Swing"
"MGEE","MGE Energy, Inc","Utilities","Utilities - Regulated Electric","81.32","66.99","Sell","Jul 30, 2026","Uptrend","Aug 12, 2026","199594.6","-43.7","0.05","0.35","Moving Down","","",,="4/9","<1","false","Swing"
"MMSI","Merit Medical Systems, Inc. Common Stock","Health Care","Medical Instruments & Supplies","91.2","97.93","Buy","Jul 30, 2026","Uptrend","Jun 18, 2026","979447.03","50.23","0.76","0.1","Moving Up","M1S1","",,="8/9","<1","false","Swing"
"MSFT","Microsoft Corporation Common Stock","Technology","Software - Infrastructure","492.43","91.87","Buy","Jul 30, 2026","Uptrend","Jul 30, 2026","36386051.63","129.95","1.63","-2.26","Moving Up","M1S1","Positive","true",="8/9","<1","false","Swing"
"NEU","NewMarket Corp Common Stock","Materials","Specialty Chemicals","934.41","92.25","Buy","Jul 30, 2026","Uptrend","Jul 29, 2026","124857.83","13.52","0.41","1.89","Moving Up","","",,="9/9","<1","false","Swing"
"NVCR","NovoCure Limited Ordinary Shares","Health Care","Medical Devices","17.59","57.47","Sell","Jul 30, 2026","Uptrend","Aug 10, 2026","1672846.23","50.38","6.83","-0.4","Moving Up","M1S1","",,="8/9","<1","false","Swing"
"NWE","NorthWestern Energy Group, Inc. Common Stock","Utilities","Utilities - Regulated Electric","70.56","54.51","Sell","Jul 30, 2026","Downtrend","Aug 11, 2026","369319.37","-23.31","0.07","-0.13","Moving Down","","",,="3/9","<1","false","Swing"
"ODFL","Old Dominion Freight Line, Inc. Common Stock","Industrials","Trucking","212.55","41.04","Sell","Jul 30, 2026","Downtrend","Jul 30, 2026","1639524.2","-232.53","0.18","1.48","Moving Down","","",,="5/9","<1","false","Swing"
"OGS","ONE Gas, Inc. Common Stock","Utilities","Utilities - Regulated Gas","80.38","44.96","Sell","Jul 30, 2026","Uptrend","Aug 11, 2026","536242.67","-46.9","0.7","0.98","Moving Down","","",,="4/9","<1","false","Swing"
"OKE","ONEOK, Inc. Common Stock","Energy","Oil & Gas Midstream","92.47","54.81","Sell","Jul 30, 2026","Uptrend","Aug 12, 2026","3531989.8","-27.37","0.24","1.04","Moving Up","M1S1","",,="8/9","<1","false","Swing"
"OLMA","Olema Pharmaceuticals, Inc. Common Stock","Health Care","Biotechnology","10.44","32.87","Sell","Jul 30, 2026","Downtrend","Aug 11, 2026","1094807.03","37.22","12.56","0.1","Moving Down","M1S1","",,="6/9","<1","false","Swing"
"OSW","OneSpaWorld Holdings Limited Common Shares","Discretionary","Leisure","26.6","53.88","Sell","Jul 30, 2026","Neutral","Aug 12, 2026","877135.07","-40.26","0.24","2.35","Moving Down","","",,="4/9","<1","false","Swing"
"PATH","UiPath, Inc. Class A Common Stock","Technology","Software - Infrastructure","15.26","81.92","Buy","Jul 30, 2026","Uptrend","Jul 28, 2026","76796418.17","-42.05","3.22","-2.93","Moving Down","M1S1","",,="8/9","<1","false","Swing"
"PHR","Phreesia, Inc. Common Stock","Health Care","Health Information Services","12.26","89.36","Buy","Jul 30, 2026","Uptrend","Jul 24, 2026","747651.83","-35.95","9.54","-0.08","Moving Up","M1S1","",,="8/9","<1","false","Swing"
"PNFP","Pinnacle Financial Partners, Inc. Common stock","Financials","Banks - Regional","106.83","78.04","Buy","Jul 30, 2026","Uptrend","Jul 23, 2026","1209591.13","51.56","2.2","1.07","Moving Down","M1S1","",,="8/9","<1","false","Swing"
"PR","Permian Resources Corporation Class A Common Stock","Energy","Oil & Gas E&P","21.45","53.13","Sell","Jul 30, 2026","Uptrend","Aug 06, 2026","8547016.6","503.92","2.36","-0.05","Moving Up","M1S1","",,="8/9","<1","false","Swing"
"PSA","Public Storage Common Stock","Real Estate","REIT - Industrial","323.58","71.24","Buy","Jul 30, 2026","Uptrend","Jul 28, 2026","1110860.27","4.06","0.16","-0.47","Moving Down","","",,="6/9","<1","false","Swing"
"PTC","PTC Inc. Common Stock","Technology","Software - Application","147.99","66.97","Buy","Jul 30, 2026","Uptrend","Jul 29, 2026","1562414.97","-17.79","0.32","-1.63","Moving Up","M1S1","",,="9/9","<1","false","Swing"
"RACE","Ferrari N.V. Common Shares","Discretionary","Auto Manufacturers","407.21","82.15","Buy","Jul 30, 2026","Uptrend","Jul 27, 2026","473845.1","12.23","0.3","-0.74","Moving Up","","",,="7/9","<1","false","Swing"
"RITM","Rithm Capital Corp. Common Stock","Real Estate","REIT - Mortgage","10.23","81.59","Buy","Jul 30, 2026","Uptrend","Jul 28, 2026","6195121.33","-14.03","7.15","-0.2","Moving Up","","",,="7/9","<1","false","Swing"
"RMD","ResMed Inc. Common Stock","Health Care","Medical Instruments & Supplies","226","71.8","Buy","Jul 30, 2026","Uptrend","Jul 28, 2026","1483901.6","-2.69","0.32","0.52","Moving Up","M1S1","",,="8/9","<1","false","Swing"
"ROOT","Root, Inc. Class A Common Stock","Financials","Insurance - Property & Casualty","48.27","28.98","Sell","Jul 30, 2026","Downtrend","Aug 06, 2026","264430.57","15.15","14.93","-6.44","Moving Down","M1S1","",,="6/9","<1","false","Swing"
"SBCF","Seacoast Banking Corporation of Florida Common Stock","Financials","Banks - Regional","35.57","81.07","Buy","Jul 30, 2026","Uptrend","Jun 22, 2026","994573.93","-9.24","0.24","0.57","Moving Up","M1S1","",,="8/9","<1","false","Swing"
"SCHW","Charles Schwab Corporation (The) Common Stock","Financials","Capital Markets","109.34","79.83","Buy","Jul 30, 2026","Uptrend","Jun 30, 2026","7994474.17","114.98","2.33","1.52","Moving Up","M1S1","",,="9/9","<1","false","Swing"
"SCL","Stepan Company Common Stock","Materials","Specialty Chemicals","64.94","86.26","Buy","Jul 30, 2026","Uptrend","Jun 09, 2026","145195.6","11.81","3.47","-0.17","Moving Up","","",,="8/9","<1","false","Swing"
"SHW","Sherwin-Williams Company (The) Common Stock","Materials","Specialty Chemicals","360.2","86.53","Buy","Jul 30, 2026","Uptrend","Jul 28, 2026","1998421.7","106.1","2.85","-1.16","Moving Up","","",,="8/9","<1","false","Swing"
"SLRC","SLR Investment Corp. Common Stock","Financials","Asset Management","12.83","57.3","Sell","Jul 30, 2026","Neutral","Aug 10, 2026","461778.03","6.64","1.27","-0.85","Moving Down","M1S1","",,="6/9","<1","false","Swing"
"SMFG","Sumitomo Mitsui Financial Group Inc Unsponsored American Depositary Shares (Japan)","Financials","Banks - Diversified","26.05","62.44","Sell","Jul 30, 2026","Uptrend","Apr 28, 2026","1779308.87","50.29","0.48","3.58","Moving Down","M1S1","",,="7/9","<1","false","Swing"
"SNA","Snap-On Incorporated Common Stock","Industrials","Tools & Accessories","408.44","75.88","Buy","Jul 30, 2026","Uptrend","Jun 03, 2026","352662.3","49.17","0.76","-0.81","Moving Down","","",,="8/9","<1","false","Swing"
"SPSC","SPS Commerce, Inc. Common Stock","Technology","Software - Application","76.41","89.15","Buy","Jul 30, 2026","Uptrend","Jun 26, 2026","567634","-176.18","0.05","2","Moving Up","M1S1","",,="9/9","<1","false","Swing"
"STAG","Stag Industrial, Inc. Common Stock","Real Estate","REIT - Industrial","36.94","38.35","Sell","Jul 30, 2026","Downtrend","Jul 31, 2026","1737040.87","46.01","5.06","0.54","Moving Down","","",,="4/9","<1","false","Swing"
"STN","Stantec Inc Common Stock","Industrials","Engineering & Construction","74.25","41.28","Buy","Jul 30, 2026","Uptrend","Aug 04, 2026","346430.77","-56.16","0.25","-0.36","Moving Up","","",,="9/9","<1","false","Swing"
"SYF","Synchrony Financial Common Stock","Financials","Credit Services","79.41","64.86","Buy","Jul 30, 2026","Uptrend","Jul 28, 2026","3607178.77","171.46","4.03","1.2","Moving Up","M1S1","",,="8/9","<1","false","Swing"
"SYK","Stryker Corporation Common Stock","Health Care","Medical Devices","347.21","74.12","Buy","Jul 30, 2026","Uptrend","Jul 24, 2026","2351336","-6.49","0.34","-0.27","Moving Up","M1S1","",,="9/9","<1","false","Swing"
"TCBK","TriCo Bancshares Common Stock","Financials","Banks - Regional","57.6","70.26","Sell","Jul 30, 2026","Uptrend","Jun 04, 2026","471483.03","81.19","3.78","0.84","Moving Down","M1S1","",,="6/9","<1","false","Swing"
"THFF","First Financial Corporation Common Stock","Financials","Banks - Regional","81.54","79.8","Buy","Jul 30, 2026","Uptrend","May 18, 2026","101439.03","138.75","3.18","0.25","Moving Up","M1S1","",,="9/9","<1","false","Swing"
"TITN","Titan Machinery Inc. Common Stock","Industrials","Industrial Distribution","18.48","53.45","Sell","Jul 30, 2026","Downtrend","Aug 06, 2026","172318.77","-210.79","0.03","-1.75","Moving Up","","",,="7/9","<1","false","Swing"
"TRNO","Terreno Realty Corporation Common Stock","Real Estate","REIT - Industrial","68.68","64.72","Sell","Jul 30, 2026","Downtrend","Aug 06, 2026","853566.73","49","4.46","0.62","Moving Down","","",,="4/9","<1","false","Swing"
"TXT","Textron Inc. Common Stock","Industrials","Aerospace & Defense","88.89","47.64","Sell","Jul 30, 2026","Downtrend","Jul 29, 2026","1594934.2","-10.07","0.35","0.77","Moving Down","","",,="6/9","<1","false","Swing"
"TYG","Tortoise Energy Infrastructure Corporation Common Stock","Financials","Closed-End Fund - Equity","42.84","49.81","Sell","Jul 30, 2026","Downtrend","Jul 30, 2026","147652.73","5.41","4.54","0.07","Moving Down","M1S1","",,="6/9","<1","false","Swing"
"USFD","US Foods Holding Corp. Common Stock","Staples","Food Distribution","110.94","83.51","Buy","Jul 30, 2026","Uptrend","Jul 27, 2026","2515360.43","227.16","3.77","0.38","Moving Up","","",,="7/9","<1","false","Swing"
"UVE","UNIVERSAL INSURANCE HOLDINGS INC Common Stock","Financials","Insurance - Property & Casualty","42.24","68.09","Buy","Jul 30, 2026","Uptrend","Jul 27, 2026","227256","-19.79","0.3","-1.56","Moving Down","M1S1","",,="8/9","<1","false","Swing"
"VFC","V.F. Corporation Common Stock","Discretionary","Apparel Manufacturing","14.57","48.45","Sell","Jul 30, 2026","Downtrend","Jul 29, 2026","7647165.83","-43.98","6.76","-1.42","Moving Down","","",,="4/9","<1","false","Swing"
"WAT","Waters Corporation Common Stock","Health Care","Diagnostics & Research","416.15","72.6","Buy","Jul 30, 2026","Uptrend","Jul 21, 2026","849238.7","-40.46","0.22","0.28","Moving Up","M1S1","",,="9/9","<1","false","Swing"
"WES","Western Midstream Partners, LP Common Units Representing Limited Partner Interests","Energy","Oil & Gas Midstream","48.17","55.85","Sell","Jul 30, 2026","Uptrend","Jul 07, 2026","792557.77","-71.01","0.29","0.1","Moving Down","M1S1","",,="7/9","<1","false","Swing"
"WSM","Williams-Sonoma, Inc. Common Stock (DE)","Discretionary","Specialty Retail","245.15","67.76","Buy","Jul 30, 2026","Uptrend","May 26, 2026","925764.13","440.91","4.96","-2.17","Moving Up","","",,="7/9","<1","false","Swing"
"WSO/B","Watsco, Inc. Class B Common Stock","Industrials","Industrial Distribution","328.83","23.34","Sell","Jul 30, 2026","Downtrend","Jul 29, 2026","113.83","-111.02","0.13","0","Moving Down","","",,="6/9","<1","false","Swing"
"WTM","White Mountains Insurance Group, Ltd. Common Stock","Financials","Insurance - Property & Casualty","2119.46","56.92","Sell","Jul 30, 2026","Downtrend","Aug 10, 2026","19244.03","-35.28","0.26","0.35","Moving Down","M1S1","",,="6/9","<1","false","Swing"
"WTW","Willis Towers Watson Public Limited Company Ordinary Shares","Financials","Insurance Brokers","340.29","98.49","Buy","Jul 30, 2026","Uptrend","Jul 01, 2026","572819.07","-56.7","0.17","-0.61","Moving Down","M1S1","",,="8/9","<1","false","Swing"
"AOS","A.O. Smith Corporation Common Stock","Industrials","Specialty Industrial Machinery","62.59","53.58","Buy","Jul 29, 2026","Uptrend","Aug 03, 2026","1676672","-28.51","0.19","-1.7","Moving Up","","",,="9/9","<1","false","Swing"
"AVY","Avery Dennison Corporation Common Stock","Discretionary","Packaging & Containers","181.03","80.19","Buy","Jul 29, 2026","Uptrend","Jul 28, 2026","784880.5","-26.02","0.23","0.72","Moving Up","","",,="7/9","<1","false","Swing"
"AXTA","Axalta Coating Systems Ltd. Common Shares","Materials","Specialty Chemicals","37.28","98.53","Buy","Jul 29, 2026","Uptrend","Jul 28, 2026","1580246.57","-64.35","0.08","0","Moving Up","","",,="9/9","<1","false","Swing"
"BCH","Banco De Chile ADS","Financials","Banks - Regional","39.9","60.73","Sell","Jul 29, 2026","Neutral","Aug 12, 2026","268725.53","56.09","1","-2.44","Moving Down","M1S1","",,="6/9","<1","false","Swing"
"BFH","Bread Financial Holdings, Inc. Common Stock","Financials","Credit Services","110.45","73.65","Buy","Jul 29, 2026","Uptrend","Jul 21, 2026","616349.73","20.93","1.65","2.26","Moving Down","M1S1","",,="8/9","<1","false","Swing"
"BKE","Buckle, Inc. (The) Common Stock","Discretionary","Apparel Retail","45.32","57.42","Buy","Jul 29, 2026","Uptrend","Aug 03, 2026","448490.03","43.97","1.15","-1.35","Moving Up","","",,="7/9","<1","false","Swing"
"BKR","Baker Hughes Company Class A Common Stock","Energy","Oil & Gas Equipment & Services","64.28","71.42","Buy","Jul 29, 2026","Uptrend","Jul 30, 2026","8935939.2","29.15","0.97","-0.82","Moving Up","M1S1","",,="8/9","<1","false","Swing"
"BOH","Bank of Hawaii Corporation Common Stock","Financials","Banks - Regional","79.43","58.29","Sell","Jul 29, 2026","Downtrend","Aug 05, 2026","428412.37","44.72","13.48","0","Moving Down","M1S1","",,="5/9","<1","false","Swing"
"BRK/B","Berkshire Hathaway Inc.","Financials","Insurance - Diversified","510","76.89","Buy","Jul 29, 2026","Uptrend","Jul 27, 2026","4158621.87","51.47","1.14","-1.24","Moving Up","M1S1","",,="9/9","<1","false","Swing"
"CACI","CACI International, Inc. Class A Common Stock","Technology","Information Technology Services","680.08","66.69","Buy","Jul 29, 2026","Uptrend","Jul 31, 2026","300734.23","230.23","3.1","1.87","Moving Up","M1S1","",,="9/9","<1","false","Swing"
"CAE","CAE Inc. Ordinary Shares","Industrials","Aerospace & Defense","27.68","77.61","Buy","Jul 29, 2026","Uptrend","Jul 28, 2026","525880.07","-81.67","0.01","1.88","Moving Up","","Positive",,="8/9","<1","false","Swing"
"CAL","Caleres, Inc. Common Stock","Discretionary","Apparel Retail","13.55","68.44","Buy","Jul 29, 2026","Uptrend","Jul 28, 2026","479164.43","-21.83","4.53","-4.24","Moving Up","","",,="7/9","<1","false","Swing"
"CCS","Century Communities, Inc. Common Stock","Real Estate","Real Estate - Development","70.45","66.49","Buy","Jul 29, 2026","Uptrend","Jun 09, 2026","261642.97","-234.88","0.13","-0.56","Moving Up","","",,="7/9","<1","false","Swing"
"CEPU","Central Puerto S.A. American Depositary Shares (each represents ten Common Shares)","Utilities","Utilities - Regulated Electric","13.27","26.26","Sell","Jul 29, 2026","Downtrend","Aug 04, 2026","221698.63","-407.76","0.11","-0.3","Moving Down","","",,="4/9","<1","false","Swing"
"CM","Canadian Imperial Bank of Commerce Common Stock","Financials","Banks - Diversified","120.9","61.11","Sell","Jul 29, 2026","Uptrend","Jun 12, 2026","864476.43","198.42","1.79","1.63","Moving Down","M1S1","",,="7/9","<1","false","Swing"
"CSW","CSW Industrials, Inc. Common Stock","Industrials","Specialty Industrial Machinery","347.01","79.67","Buy","Jul 29, 2026","Uptrend","Jul 30, 2026","164391.73","131.36","0.94","-1.22","Moving Up","","",,="9/9","<1","false","Swing"
"CVLG","Covenant Logistics Group, Inc. Class A Common Stock","Industrials","Trucking","34.09","18.83","Sell","Jul 29, 2026","Downtrend","Jul 29, 2026","208563.7","31.99","0.2","2.16","Moving Down","","",,="6/9","<1","false","Swing"
"DD","DuPont de Nemours, Inc. Common Stock","Materials","Specialty Chemicals","144.37","53.74","Buy","Jul 29, 2026","Uptrend","Aug 03, 2026","1526224.4","102.48","2.56","-0.08","Moving Up","","",,="9/9","<1","false","Swing"
"DEI","Douglas Emmett, Inc. Common Stock","Real Estate","REIT - Office","11.66","60.83","Sell","Jul 29, 2026","Downtrend","Aug 05, 2026","2022245.6","-23.32","11.79","1.48","Moving Down","","",,="4/9","<1","false","Swing"
"DK","Delek US Holdings, Inc. Common Stock","Energy","Oil & Gas Refining & Marketing","67.22","80.42","Sell","Jul 29, 2026","Uptrend","Jun 26, 2026","1230501.83","-27.8","0.26","5.13","Moving Down","M1S1","",,="6/9","<1","false","Swing"
"DPG","Duff & Phelps Utility and Infrastructure Fund Inc.","Financials","Closed-End Fund - Equity","14.63","47.33","Sell","Jul 29, 2026","Neutral","Aug 12, 2026","57328.37","29.68","1.17","0.69","Moving Down","M1S1","",,="6/9","<1","false","Swing"
"DUOL","Duolingo, Inc. Class A Common Stock","Technology","Software - Application","134.63","63.53","Buy","Jul 29, 2026","Uptrend","Aug 07, 2026","1172037.37","191.26","30.7","-0.6","Moving Down","M1S1","",,="8/9","<1","false","Swing"
"EEFT","Euronet Worldwide, Inc. Common Stock","Technology","Software - Infrastructure","71.19","60.04","Sell","Jul 29, 2026","Downtrend","Aug 05, 2026","697878.17","-23.11","7.44","1.02","Moving Down","M1S1","",,="6/9","<1","false","Swing"
"ELF","e.l.f. Beauty, Inc. Common Stock","Staples","Household & Personal Products","92.62","79.15","Buy","Jul 29, 2026","Uptrend","Jun 12, 2026","2642179.73","-9.62","0.3","-2.49","Moving Up","","",,="7/9","<1","false","Swing"
"EPAC","Enerpac Tool Group Corp. Common Stock","Industrials","Specialty Industrial Machinery","37.32","62.14","Buy","Jul 29, 2026","Uptrend","Jul 28, 2026","547778.5","-17.13","0.25","0.16","Moving Up","","",,="8/9","<1","false","Swing"
"FAST","Fastenal Company Common Stock","Industrials","Industrial Distribution","52.22","75.7","Buy","Jul 29, 2026","Uptrend","Jul 27, 2026","8527740.8","103.57","1.17","-0.31","Moving Up","","",,="9/9","<1","false","Swing"
"FHI","Federated Hermes, Inc. Common Stock","Financials","Asset Management","63","87.13","Buy","Jul 29, 2026","Uptrend","Jul 24, 2026","577157.67","12.1","0.27","0","Moving Up","M1S1","",,="9/9","<1","false","Swing"
"FRPT","Freshpet, Inc. Common Stock","Staples","Packaged Foods","72.31","79.28","Buy","Jul 29, 2026","Uptrend","Jul 15, 2026","1437565.43","19.95","8.08","0.78","Moving Up","","",,="7/9","<1","false","Swing"
"FSLY","Fastly, Inc. Class A Common Stock","Technology","Software - Application","28.53","69.78","Buy","Jul 29, 2026","Uptrend","Jul 24, 2026","5870874.8","-32.56","0.17","-0.87","Moving Up","M1S1","",,="8/9","<1","false","Swing"
"GLOB","Globant S.A. Common Shares","Technology","Information Technology Services","38.74","81.55","Buy","Jul 29, 2026","Uptrend","Jul 28, 2026","1805238.73","-298.79","0.75","-0.62","Moving Up","M1S1","",,="9/9","<1","false","Swing"
"GPRE","Green Plains Inc. Common Stock","Materials","Chemicals","15.11","62.73","Sell","Jul 29, 2026","Downtrend","Aug 06, 2026","1376166.4","-66.01","0.04","-2.89","Moving Down","","",,="6/9","<1","false","Swing"
"GTLB","GitLab Inc. Class A Common Stock","Technology","Software - Infrastructure","40.81","96.89","Buy","Jul 29, 2026","Uptrend","Jun 26, 2026","4167133.33","51.84","9.9","-3.09","Moving Up","M1S1","",,="9/9","<1","false","Swing"
"GWRE","Guidewire Software, Inc. Common Stock","Technology","Software - Application","173.08","88.82","Buy","Jul 29, 2026","Uptrend","Jul 24, 2026","1227328.47","-8.41","0.29","-2.02","Moving Up","M1S1","",,="9/9","<1","false","Swing"
"HALO","Halozyme Therapeutics, Inc. Common Stock","Health Care","Biotechnology","101.79","80.68","Buy","Jul 29, 2026","Uptrend","Jun 03, 2026","2143327.5","371.47","2.3","-0.81","Moving Up","M1S1","",,="9/9","<1","false","Swing"
"HII","Huntington Ingalls Industries, Inc. Common Stock","Industrials","Aerospace & Defense","326.8","72.69","Buy","Jul 29, 2026","Uptrend","Jul 30, 2026","503201.87","98.43","10.13","-0.32","Moving Up","","",,="8/9","<1","false","Swing"
"HMY","Harmony Gold Mining Company Limited","Materials","Gold","19.86","60.42","Buy","Jul 29, 2026","Uptrend","Aug 03, 2026","3021102.93","48.11","0.29","1.79","Moving Up","","",,="9/9","<1","false","Swing"
"HOG","Harley-Davidson, Inc. Common Stock","Discretionary","Recreational Vehicles","25.97","77.03","Sell","Jul 29, 2026","Uptrend","Aug 05, 2026","2415247.27","45.37","8.72","-2.81","Moving Up","","",,="6/9","<1","false","Swing"
"HRB","H&R Block, Inc. Common Stock","Discretionary","Personal Services","54.18","90.86","Buy","Jul 29, 2026","Uptrend","Jun 30, 2026","2234788.6","-44.08","0.29","16.09","Moving Up","","Positive",,="6/9","<1","false","Swing"
"HSY","The Hershey Company Common Stock","Staples","Confectioners","184.23","46.15","Buy","Jul 29, 2026","Uptrend","Aug 06, 2026","1754915.13","-18.27","0.25","1.24","Moving Up","","",,="7/9","<1","false","Swing"
"HTGC","Hercules Capital, Inc. Common Stock","Financials","Asset Management","16.6","84.46","Buy","Jul 29, 2026","Uptrend","Jul 27, 2026","1535689.7","235.35","7.19","-0.42","Moving Up","M1S1","",,="9/9","<1","false","Swing"
"IMNM","Immunome, Inc. Common Stock","Health Care","Biotechnology","27.99","56.56","Buy","Jul 29, 2026","Uptrend","Jun 30, 2026","1195039.4","178.04","2.5","6.63","Moving Up","M1S1","",,="9/9","<1","false","Swing"
"INFY","Infosys Limited American Depositary Shares","Technology","Information Technology Services","12.28","75.93","Buy","Jul 29, 2026","Uptrend","Jul 28, 2026","24437852.9","6.8","0.87","-2.54","Moving Up","M1S1","",,="9/9","<1","false","Swing"
"ISTR","Investar Holding Corporation Common Stock","Financials","Banks - Regional","30.75","67.74","Buy","Jul 29, 2026","Uptrend","Jul 16, 2026","183067.63","83.26","5.8","1.55","Moving Up","M1S1","",,="9/9","<1","false","Swing"
"ITRI","Itron, Inc. Common Stock","Technology","Scientific & Technical Instruments","102.61","91.35","Buy","Jul 29, 2026","Uptrend","Jul 27, 2026","928733.03","-97.8","0.05","-0.7","Moving Up","M1S1","",,="8/9","<1","false","Swing"
"KARO","Karooooo Ltd. Ordinary Shares","Technology","Software - Application","62.795","72.3","Sell","Jul 29, 2026","Uptrend","Jun 25, 2026","145092.47","-120.81","0.22","0.31","Moving Down","M1S1","",,="7/9","<1","false","Swing"
"KB","KB Financial Group Inc","Financials","Banks - Regional","117.85","73.7","Sell","Jul 29, 2026","Uptrend","Jul 06, 2026","287834.3","-85.97","0.27","0.2","Moving Down","M1S1","",,="7/9","<1","false","Swing"
"KKR","KKR & Co. Inc. Common Stock","Financials","Asset Management","110.9","74.66","Buy","Jul 29, 2026","Uptrend","Jul 24, 2026","4230141.6","234.78","2.19","-0.06","Moving Up","M1S1","",,="9/9","<1","false","Swing"
"KNSL","Kinsale Capital Group, Inc. Common Stock","Financials","Insurance - Property & Casualty","373.52","69.27","Buy","Jul 29, 2026","Uptrend","Jul 23, 2026","309300","-131.08","0.15","-0.29","Moving Up","M1S1","",,="9/9","<1","false","Swing"
"KOF","Coca Cola Femsa S.A.B. de C.V.  American Depositary Shares, each representing 10 Units (each Unit consists of 3 Series B Shares and 5 Series L Shares)","Staples","Beverages - Non-Alcoholic","109.87","62.68","Buy","Jul 29, 2026","Uptrend","Jul 28, 2026","140496.67","54.87","0.98","0.15","Moving Up","","",,="6/9","<1","false","Swing"
"LIND","Lindblad Expeditions Holdings Inc. Common Stock","Discretionary","Travel Services","34.22","90.71","Buy","Jul 29, 2026","Uptrend","May 20, 2026","789558.53","44.73","1.34","4.2","Moving Up","","",,="7/9","<1","false","Swing"
"MANH","Manhattan Associates, Inc. Common Stock","Technology","Software - Application","192.63","88.1","Buy","Jul 29, 2026","Uptrend","Jul 02, 2026","885996.63","-127.3","0.18","-1.32","Moving Up","M1S1","",,="9/9","<1","false","Swing"
"MATX","Matson, Inc. Common Stock","Industrials","Marine Shipping","214.45","69.43","Sell","Jul 29, 2026","Uptrend","Mar 25, 2026","330085.33","355.81","1.84","4.91","Moving Down","","",,="7/9","<1","false","Swing"
"MHK","Mohawk Industries, Inc. Common Stock","Discretionary","Furnishings Fixtures & Appliances","136.86","90.73","Buy","Jul 29, 2026","Uptrend","Jul 27, 2026","891666.97","27.45","58.79","0.13","Moving Up","","",,="6/9","<1","false","Swing"
"MKTX","MarketAxess Holdings, Inc. Common Stock","Financials","Capital Markets","162.6","91.42","Buy","Jul 29, 2026","Uptrend","Jul 29, 2026","1129681.3","-87.46","2.24","0.04","Moving Up","M1S1","",,="9/9","<1","false","Swing"
"MLAB","Mesa Laboratories, Inc. Common Stock","Technology","Scientific & Technical Instruments","112.8","55.92","Buy","Jul 29, 2026","Uptrend","Jul 28, 2026","171187.83","7.89","3.37","1.41","Moving Up","M1S1","",,="9/9","<1","false","Swing"
"MPC","Marathon Petroleum Corporation Common Stock","Energy","Oil & Gas Refining & Marketing","348.25","80.67","Sell","Jul 29, 2026","Uptrend","Jul 01, 2026","2147745.43","967.13","1.17","3.52","Moving Up","M1S1","",,="8/9","<1","false","Swing"
"MUSA","Murphy USA Inc. Common Stock","Discretionary","Specialty Retail","546.93","30.57","Sell","Jul 29, 2026","Downtrend","Aug 06, 2026","294311.23","29.98","0.22","0.5","Moving Down","","Positive",,="4/9","<1","false","Swing"
"NODK","NI Holdings, Inc. Common Stock","Financials","Insurance - Property & Casualty","15.37","69.95","Sell","Jul 29, 2026","Neutral","Aug 03, 2026","20934","-58.87","0.49","-0.52","Moving Down","M1S1","",,="5/9","<1","false","Swing"
"NSP","Insperity, Inc. Common Stock","Industrials","Staffing & Employment Services","50.39","87.47","Sell","Jul 29, 2026","Uptrend","May 15, 2026","637139.83","-30.24","4.53","-0.59","Moving Down","","",,="7/9","<1","false","Swing"
"NVST","Envista Holdings Corporation Common Stock","Health Care","Medical Instruments & Supplies","28.71","67.81","Buy","Jul 29, 2026","Uptrend","Jun 15, 2026","2978636.13","-29.36","3.4","0.67","Moving Up","M1S1","",,="8/9","<1","false","Swing"
"OMF","OneMain Holdings, Inc. Common Stock","Financials","Credit Services","64.65","77.69","Buy","Jul 29, 2026","Uptrend","Jun 11, 2026","1031986.33","80.99","2.08","1.54","Moving Up","M1S1","",,="8/9","<1","false","Swing"
"ORLY","O'Reilly Automotive, Inc. Common Stock","Discretionary","Auto Parts","92.05","67.43","Buy","Jul 29, 2026","Uptrend","Jul 31, 2026","7793814.27","-8.66","0.35","-0.56","Moving Up","","",,="7/9","<1","false","Swing"
"PAYC","Paycom Software, Inc. Common Stock","Technology","Software - Application","211.28","97.36","Buy","Jul 29, 2026","Uptrend","Jul 06, 2026","923788.6","48.66","18.83","-0.45","Moving Up","M1S1","",,="9/9","<1","false","Swing"
"PBF","PBF Energy Inc. Class A Common Stock","Energy","Oil & Gas Refining & Marketing","70.34","85.31","Sell","Jul 29, 2026","Uptrend","Jun 26, 2026","3231164.67","202.02","4.87","1.43","Moving Down","M1S1","",,="7/9","<1","false","Swing"
"PDS","Precision Drilling Corporation Common Stock","Energy","Oil & Gas Drilling","83.79","45.37","Sell","Jul 29, 2026","Neutral","Aug 11, 2026","105012.13","39.36","0.56","0.93","Moving Up","M1S1","",,="6/9","<1","false","Swing"
"PHM","PulteGroup, Inc. Common Stock","Discretionary","Residential Construction","129.16","56.3","Buy","Jul 29, 2026","Uptrend","Jul 27, 2026","1665737.77","35.36","0.36","-2.46","Moving Up","","",,="7/9","<1","false","Swing"
"PRK","Park National Corporation Common Stock","Financials","Banks - Regional","205.67","79.93","Buy","Jul 29, 2026","Uptrend","Jun 04, 2026","106061.57","101.6","2","1.12","Moving Up","M1S1","",,="9/9","<1","false","Swing"
"PROV","Provident Financial Holdings, Inc. Common Stock","Financials","Banks - Regional","18.02","78.3","Buy","Jul 29, 2026","Uptrend","Jul 21, 2026","6306.43","34.23","47.03","0.39","Moving Up","M1S1","",,="9/9","<1","false","Swing"
"QCRH","QCR Holdings, Inc. Common Stock","Financials","Banks - Regional","105.76","69.76","Buy","Jul 29, 2026","Uptrend","May 21, 2026","106727","82.06","1.35","1.37","Moving Up","M1S1","",,="9/9","<1","false","Swing"
"RCL","Royal Caribbean Cruises Ltd. Common Stock","Discretionary","Travel Services","308","61.31","Buy","Jul 29, 2026","Uptrend","Jul 28, 2026","2195692.3","219.68","4.86","0.28","Moving Down","","",,="6/9","<1","false","Swing"
"RGA","Reinsurance Group of America, Incorporated Common Stock","Financials","Insurance - Reinsurance","246.08","81.07","Sell","Jul 29, 2026","Uptrend","Jun 16, 2026","358626.6","26.33","1.38","0.58","Moving Down","M1S1","",,="7/9","<1","false","Swing"
"RPM","RPM International Inc. Common Stock","Materials","Specialty Chemicals","115.07","67.18","Buy","Jul 29, 2026","Uptrend","Jul 28, 2026","1000396.67","61.87","2.89","-1.36","Moving Up","","",,="9/9","<1","false","Swing"
"RS","Reliance, Inc. Common Stock","Materials","Steel","427.11","75.78","Buy","Jul 29, 2026","Uptrend","Jul 16, 2026","324971.37","229.77","1.92","0.85","Moving Up","","",,="9/9","<1","false","Swing"
"SAP","SAP  SE ADS","Technology","Software - Application","204.15","79.58","Buy","Jul 29, 2026","Uptrend","Jul 28, 2026","3176755.93","51.25","2.74","-2.64","Moving Up","M1S1","",,="9/9","<1","false","Swing"
"SNDR","Schneider National, Inc. Common Stock","Industrials","Trucking","35.74","54.95","Sell","Jul 29, 2026","Neutral","Aug 12, 2026","900290.6","73.88","6.62","2.44","Moving Down","","",,="6/9","<1","false","Swing"
"SWK","Stanley Black & Decker, Inc. Common Stock","Industrials","Tools & Accessories","102.9","92.75","Buy","Jul 29, 2026","Uptrend","May 26, 2026","1844028.37","-28.31","4.51","-1.06","Moving Up","","",,="9/9","<1","false","Swing"
"TPG","TPG Inc. Class A Common Stock","Financials","Asset Management","50.88","89.74","Buy","Jul 29, 2026","Uptrend","Jul 30, 2026","2316701.67","-3.73","0.23","0.55","Moving Up","M1S1","",,="9/9","<1","false","Swing"
"TPL","Texas Pacific Land Corporation Common Stock","Energy","Oil & Gas E&P","342.77","46.17","Sell","Jul 29, 2026","Downtrend","Aug 04, 2026","340708.93","508.3","4.28","-6.08","Moving Down","M1S1","",,="6/9","<1","false","Swing"
"TPR","Tapestry, Inc. Common Stock","Discretionary","Luxury Goods","153.74","69.48","Buy","Jul 29, 2026","Uptrend","Jul 27, 2026","2107425.3","529.28","2.78","-4.24","Moving Up","","",,="7/9","<1","false","Swing"
"TR","Tootsie Roll Industries, Inc. Common Stock","Staples","Confectioners","40.53","41.74","Buy","Jul 29, 2026","Uptrend","Jul 28, 2026","165738.77","-55.74","0.19","2.45","Moving Up","","",,="6/9","<1","false","Swing"
"TRGP","Targa Resources, Inc. Common Stock","Energy","Oil & Gas Midstream","268.67","46.47","Sell","Jul 29, 2026","Neutral","Aug 12, 2026","1153971.1","134.08","0.6","1.21","Moving Down","M1S1","",,="6/9","<1","false","Swing"
"TRP","TC Energy Corporation Common Stock","Energy","Oil & Gas Midstream","63.61","43.04","Sell","Jul 29, 2026","Downtrend","Jul 31, 2026","1970470.4","-10.03","0.32","-0.05","Moving Down","M1S1","",,="6/9","<1","false","Swing"
"TTEK","Tetra Tech, Inc. Common Stock","Industrials","Engineering & Construction","35.5","84.8","Buy","Jul 29, 2026","Uptrend","Jul 01, 2026","2798265.53","24.38","0.64","0.34","Moving Up","","",,="8/9","<1","false","Swing"
"TW","Tradeweb Markets Inc. Class A Common Stock","Financials","Capital Markets","103.92","73.06","Buy","Jul 29, 2026","Uptrend","Aug 05, 2026","1625246.27","-5.68","0.23","-0.48","Moving Up","M1S1","",,="9/9","<1","false","Swing"
"TYL","Tyler Technologies, Inc. Common Stock","Technology","Software - Application","317.64","67.18","Buy","Jul 29, 2026","Uptrend","Aug 07, 2026","773405.93","14.11","12","-1.64","Moving Up","M1S1","",,="9/9","<1","false","Swing"
"U","Unity Software Inc. Common Stock","Technology","Software - Application","44.53","90.85","Buy","Jul 29, 2026","Uptrend","Jun 30, 2026","10138632.73","37.43","4.2","1.5","Moving Up","M1S1","",,="8/9","<1","false","Swing"
"UFPI","UFP Industries, Inc. Common Stock","Materials","Lumber & Wood Production","91.77","63.9","Buy","Jul 29, 2026","Uptrend","Jul 31, 2026","454739.93","-115.23","0.15","-1.13","Moving Up","","",,="9/9","<1","false","Swing"
"UNH","UnitedHealth Group Incorporated Common Stock (DE)","Health Care","Healthcare Plans","405.59","71.85","Sell","Jul 29, 2026","Downtrend","Aug 11, 2026","5053691.47","-92.47","0.1","0.85","Moving Down","M1S1","",,="6/9","<1","false","Swing"
"URBN","Urban Outfitters, Inc. Common Stock","Discretionary","Apparel Retail","77.47","70.53","Buy","Jul 29, 2026","Uptrend","Jul 27, 2026","987104.87","-45.75","0.28","-2.47","Moving Up","","",,="7/9","<1","false","Swing"
"VIV","Telefonica Brasil S.A. American Depositary Shares (Each representing One Common Share)","Communication","Telecom Services","11.58","19.49","Sell","Jul 29, 2026","Downtrend","Jul 29, 2026","1351782.47","38.97","18.03","-0.52","Moving Down","","",,="5/9","<1","false","Swing"
"VNOM","Viper Energy, Inc. Class A Common Stock","Energy","Oil & Gas Midstream","42.23","28.14","Sell","Jul 29, 2026","Downtrend","Aug 04, 2026","1660929.7","-210.15","0.18","-1.52","Moving Down","M1S1","",,="6/9","<1","false","Swing"
"VST","Vistra Corp. Common Stock","Utilities","Utilities - Independent Power Producers","146.68","18.18","Sell","Jul 29, 2026","Downtrend","Jul 29, 2026","4512631.9","-259.13","0.25","1.21","Moving Down","","",,="4/9","<1","false","Swing"
"WDAY","Workday, Inc. Class A Common Stock","Technology","Software - Application","175.29","98.17","Buy","Jul 29, 2026","Uptrend","Jul 24, 2026","4243660.9","-12.6","0.13","-3.3","Moving Up","M1S1","",,="9/9","<1","false","Swing"
"WOR","Worthington Enterprises, Inc. Common Shares","Industrials","Metal Fabrication","56.9","55.64","Buy","Jul 29, 2026","Uptrend","Jul 30, 2026","230475.77","-47.06","0.16","-0.26","Moving Up","","",,="9/9","<1","false","Swing"
"WTBA","West Bancorporation Common Stock","Financials","Banks - Regional","29.52","79.87","Buy","Jul 29, 2026","Uptrend","Jun 05, 2026","61459.97","76.54","4.09","1.41","Moving Up","M1S1","",,="9/9","<1","false","Swing"
"WY","Weyerhaeuser Company Common Stock","Real Estate","REIT - Specialty","24.76","69.81","Buy","Jul 29, 2026","Uptrend","Jul 31, 2026","5288254.93","-30.74","1.22","-1.04","Moving Up","","",,="7/9","<1","false","Swing"
"XFLT","XAI Octagon Floating Rate & Alternative Income Trust Common Shares of Beneficial Interest","Financials","Closed-End Fund - Debt","19.16","92.23","Buy","Jul 29, 2026","Uptrend","Jul 27, 2026","92425.83","-7.12","2.15","0","Moving Up","M1S1","",,="9/9","<1","false","Swing"
"XIFR","XPLR Infrastructure, LP Common Units representing limited partner interests","Utilities","Utilities - Renewable","11.48","56.22","Sell","Jul 29, 2026","Downtrend","Aug 04, 2026","1073856.63","22.75","4.25","0.26","Moving Down","","",,="4/9","<1","false","Swing"
"XPO","XPO, Inc. Common Stock","Industrials","Trucking","208.94","40.12","Sell","Jul 29, 2026","Neutral","Aug 12, 2026","964848.7","118.03","0.5","2.72","Moving Up","","",,="7/9","<1","false","Swing"
"XRAY","DENTSPLY SIRONA Inc. Common Stock","Health Care","Medical Instruments & Supplies","11.41","84.09","Sell","Jul 29, 2026","Downtrend","Aug 11, 2026","5263174.8","-80.14","3.29","-1.72","Moving Down","M1S1","",,="6/9","<1","false","Swing"
"ACHC","Acadia Healthcare Company, Inc. Common Stock","Health Care","Medical Care Facilities","31.7","71.6","Sell","Jul 28, 2026","Uptrend","Aug 04, 2026","2805741.77","-58.64","0.22","1.93","Moving Down","M1S1","",,="7/9","<1","false","Swing"
"ACN","Accenture plc Class A Ordinary Shares (Ireland)","Technology","Information Technology Services","180.14","90.85","Buy","Jul 28, 2026","Uptrend","Jul 27, 2026","7333581.13","77.61","20.72","0.18","Moving Up","M1S1","",,="9/9","<1","false","Swing"
"ALX","Alexander's, Inc. Common Stock","Real Estate","REIT - Retail","272.08","66.2","Sell","Jul 28, 2026","Uptrend","Aug 12, 2026","31637","-15.77","0.17","0.3","Moving Down","","",,="5/9","<1","false","Swing"
"AMGN","Amgen Inc. Common Stock","Health Care","Drug Manufacturers - General","416.18","85.92","Buy","Jul 28, 2026","Uptrend","Jun 22, 2026","2409768.43","108.74","3.65","0.45","Moving Up","M1S1","",,="9/9","<1","false","Swing"
"ASIX","AdvanSix Inc. Common Stock ","Materials","Chemicals","15.82","22.61","Sell","Jul 28, 2026","Downtrend","Jul 29, 2026","256141.2","-8.56","27.7","-5.5","Moving Down","","",,="6/9","<1","false","Swing"
"ATLO","Ames National Corporation Common Stock","Financials","Banks - Regional","31.67","67.43","Buy","Jul 28, 2026","Uptrend","Jul 23, 2026","39335.57","72.86","3.66","0.25","Moving Up","M1S1","",,="9/9","<1","false","Swing"
"AXR","AMREP Corporation Common Stock","Real Estate","Real Estate - Development","22.25","21.47","Sell","Jul 28, 2026","Downtrend","Jul 27, 2026","11184.23","-272.71","0.18","2.35","Moving Down","","",,="4/9","<1","false","Swing"
"BANC","Banc of California, Inc. Common Stock","Financials","Banks - Regional","19.59","44.42","Sell","Jul 28, 2026","Downtrend","Jul 29, 2026","3343126.43","-156.53","0.05","0.51","Moving Down","M1S1","",,="6/9","<1","false","Swing"
"BF/A","Brown Forman Inc Class A Common Stock","Staples","Beverages - Wineries & Distilleries","28.4","81.6","Buy","Jul 28, 2026","Uptrend","Jul 27, 2026","136594.47","-45.63","2.77","-0.04","Moving Up","","",,="7/9","<1","false","Swing"
"BF/B","Brown Forman Inc Class B Common Stock","Staples","Beverages - Wineries & Distilleries","27.92","80.07","Buy","Jul 28, 2026","Uptrend","Jul 27, 2026","2323029.9","-22.13","6.22","-0.39","Moving Up","","",,="6/9","<1","false","Swing"
"BHP","BHP Group Limited American Depositary Shares (Each representing two Ordinary Shares)","Materials","Other Industrial Metals & Mining","90.12","66.26","Buy","Jul 28, 2026","Uptrend","Jul 27, 2026","2417027.17","73.66","2.18","0.11","Moving Up","","",,="8/9","<1","false","Swing"
"BMEZ","BlackRock Health Sciences Term Trust Common Shares of Beneficial Interest","Financials","Closed-End Fund - Equity","16.19","93.09","Buy","Jul 28, 2026","Uptrend","Jun 11, 2026","139220.73","-9","0.26","0.25","Moving Up","M1S1","",,="9/9","<1","false","Swing"
"BSET","Bassett Furniture Industries, Incorporated Common Stock","Discretionary","Furnishings Fixtures & Appliances","19.74","83.27","Sell","Jul 28, 2026","Uptrend","Jun 08, 2026","63792.57","18.12","0.66","0.71","Moving Down","","",,="5/9","<1","false","Swing"
"BWFG","Bankwell Financial Group, Inc. Common Stock","Financials","Banks - Regional","67.99","93.11","Buy","Jul 28, 2026","Uptrend","May 20, 2026","77528.3","127.09","1.86","0","Moving Down","M1S1","",,="8/9","<1","false","Swing"
"BWIN","The Baldwin Insurance Group, Inc. Class A Common Stock","Financials","Insurance Brokers","31.01","87.94","Buy","Jul 28, 2026","Uptrend","Jun 22, 2026","1245339.47","-51.32","0.46","4.2","Moving Up","M1S1","",,="8/9","<1","false","Swing"
"BWLP","BW LPG Limited Common Shares","Energy","Oil & Gas Midstream","22.16","41.66","Sell","Jul 28, 2026","Uptrend","Jul 13, 2026","331244.37","1929.27","1.94","4.14","Moving Up","M1S1","",,="8/9","<1","false","Swing"
"BYFC","Broadway Financial Corporation Class A Common Stock","Financials","Banks - Regional","11.302","62.43","Buy","Jul 28, 2026","Uptrend","Jul 22, 2026","6931.73","-51.22","0.52","0.46","Moving Up","M1S1","",,="9/9","<1","false","Swing"
"CHRN","ChronoScale Corporation Common Stock","Technology","Information Technology Services","20.79","43.57","Sell","Jul 28, 2026","Neutral","Aug 12, 2026","308551.73","-52.64","0.06","7.89","Moving Down","M1S1","",,="6/9","<1","false","Swing"
"CHRW","C.H. Robinson Worldwide, Inc. Common Stock","Industrials","Integrated Freight & Logistics","146.7","26.21","Sell","Jul 28, 2026","Downtrend","Jul 28, 2026","2125858.77","-78.46","0.2","1.1","Moving Down","","",,="6/9","<1","false","Swing"
"CLF","Cleveland-Cliffs Inc. Common Stock","Materials","Steel","12.25","65.43","Buy","Jul 28, 2026","Uptrend","Jul 27, 2026","23545403.5","34.6","1.5","-1.29","Moving Up","","",,="9/9","<1","false","Swing"
"CMC","Commercial Metals Company Common Stock","Industrials","Metal Fabrication","72.34","72.98","Buy","Jul 28, 2026","Uptrend","Jul 31, 2026","1152269.43","42.55","0.52","0.42","Moving Up","","",,="9/9","<1","false","Swing"
"COKE","Coca-Cola Consolidated, Inc. Common Stock","Staples","Beverages - Non-Alcoholic","188.77","51.01","Buy","Jul 28, 2026","Uptrend","Aug 12, 2026","550259","233.98","0.92","3.89","Moving Up","","",,="7/9","<1","false","Swing"
"CRM","Salesforce, Inc. Common Stock","Technology","Software - Application","193.32","72.42","Buy","Jul 28, 2026","Uptrend","Jul 27, 2026","11507405.97","-44.94","0.09","-2.1","Moving Up","M1S1","Negative",,="9/9","<1","false","Swing"
"CTSH","Cognizant Technology Solutions Corporation Class A Common Stock","Technology","Information Technology Services","58.2","95.52","Buy","Jul 28, 2026","Uptrend","Jul 28, 2026","9490698.9","8.75","9.06","-0.68","Moving Up","M1S1","",,="9/9","<1","false","Swing"
"D","Dominion Energy, Inc. Common Stock","Utilities","Utilities - Regulated Electric","68.04","66.8","Sell","Jul 28, 2026","Downtrend","Aug 05, 2026","4258359.1","-37.18","0.77","-0.09","Moving Down","","",,="4/9","<1","false","Swing"
"DJCO","Daily Journal Corp. (S.C.) Common Stock","Technology","Software - Application","557.01","66.1","Sell","Jul 28, 2026","Downtrend","Aug 10, 2026","47409.23","-54.8","0.23","-0.51","Moving Down","M1S1","",,="6/9","<1","false","Swing"
"DNP","DNP Select Income Fund, Inc. Common Stock","Financials","Closed-End Fund - Equity","10.93","54.77","Sell","Jul 28, 2026","Neutral","Aug 07, 2026","661251.43","41.3","2.82","0.46","Moving Down","M1S1","",,="6/9","<1","false","Swing"
"DOC","Healthpeak Properties, Inc. Common Stock","Real Estate","REIT - Healthcare Facilities","20.66","57.06","Sell","Jul 28, 2026","Downtrend","Aug 10, 2026","5822021.1","-20.9","0.15","0.73","Moving Down","","",,="4/9","<1","false","Swing"
"DXR","Daxor Corporation Common Stock","Health Care","Medical Instruments & Supplies","10.2","37.93","Sell","Jul 28, 2026","Downtrend","Aug 11, 2026","1651.6","-273.13","0.01","-0.39","Moving Down","M1S1","",,="6/9","<1","false","Swing"
"EGO","Eldorado Gold Corporation Ordinary Shares","Materials","Gold","39.69","55.4","Buy","Jul 28, 2026","Uptrend","Aug 03, 2026","2357014.07","75.4","0.55","1.53","Moving Up","","",,="9/9","<1","false","Swing"
"EGP","EastGroup Properties, Inc. Common Stock","Real Estate","REIT - Industrial","203.45","59.99","Sell","Jul 28, 2026","Downtrend","Aug 04, 2026","499440.5","17.2","0.65","0.9","Moving Down","","",,="4/9","<1","false","Swing"
"EXLS","ExlService Holdings, Inc. Common Stock","Technology","Information Technology Services","34.33","94.89","Buy","Jul 28, 2026","Uptrend","Jul 27, 2026","2518834.3","75.44","1.48","-1.63","Moving Up","M1S1","",,="9/9","<1","false","Swing"
"FLNG","FLEX LNG Ltd. Ordinary Shares","Energy","Oil & Gas Midstream","29.5","32.72","Sell","Jul 28, 2026","Downtrend","Aug 11, 2026","303511.03","-17.51","0.26","1.2","Moving Down","M1S1","",,="6/9","<1","false","Swing"
"FNV","Franco-Nevada Corporation","Materials","Gold","235.94","73.26","Buy","Jul 28, 2026","Uptrend","Aug 04, 2026","715879.5","138.12","3.19","-1.99","Moving Up","","",,="9/9","<1","false","Swing"
"FNWB","First Northwest Bancorp Common Stock","Financials","Banks - Regional","11.28","57.56","Sell","Jul 28, 2026","Neutral","Aug 11, 2026","21990.1","37.24","8.08","1.08","Moving Down","M1S1","",,="6/9","<1","false","Swing"
"GEF/B","Greif, Inc. Corporation Class B Common Stock","Discretionary","Packaging & Containers","111.77","83.82","Buy","Jul 28, 2026","Uptrend","Jun 12, 2026","60228.83","-9.27","0.34","0.24","Moving Up","","",,="7/9","<1","false","Swing"
"GIB","CGI Inc. Common Stock","Technology","Information Technology Services","73.96","90.08","Buy","Jul 28, 2026","Uptrend","Jul 27, 2026","472267.5","12.07","5.99","-1.2","Moving Up","M1S1","",,="9/9","<1","false","Swing"
"GLUE","Monte Rosa Therapeutics, Inc. Common Stock","Health Care","Biotechnology","15.95","15.55","Sell","Jul 28, 2026","Downtrend","Jul 31, 2026","1465728.03","-71.79","0.19","1.21","Moving Up","M1S1","",,="7/9","<1","false","Swing"
"GPC","Genuine Parts Company Common Stock","Discretionary","Auto Parts","134.01","91.96","Buy","Jul 28, 2026","Uptrend","Jun 12, 2026","1803442.7","-16.96","0.27","-0.8","Moving Up","","",,="7/9","<1","false","Swing"
"GS","Goldman Sachs Group, Inc. (The) Common Stock","Financials","Capital Markets","1037.21","50.13","Sell","Jul 28, 2026","Neutral","Aug 12, 2026","1879837.33","198.51","1.56","0.27","Moving Down","M1S1","Positive",,="6/9","<1","false","Swing"
"HE","Hawaiian Electric Industries, Inc. Common Stock","Utilities","Utilities - Regulated Electric","11.93","42.27","Sell","Jul 28, 2026","Downtrend","Jul 27, 2026","1728915.47","-34.69","6.51","0.68","Moving Down","","",,="4/9","<1","false","Swing"
"HEI/A","Heico Corporation Common Stock","Industrials","Aerospace & Defense","272.21","81.64","Buy","Jul 28, 2026","Uptrend","Jul 27, 2026","214543.37","-38.25","0.28","2.83","Moving Up","","",,="8/9","<1","false","Swing"
"HESM","Hess Midstream LP Class A Representing Limited Partner Interests","Energy","Oil & Gas Midstream","40.08","51.7","Sell","Jul 28, 2026","Uptrend","Jul 07, 2026","968120.1","32.86","1.32","-1.13","Moving Down","M1S1","",,="7/9","<1","false","Swing"
"HFWA","Heritage Financial Corporation Common Stock","Financials","Banks - Regional","29.79","53.24","Sell","Jul 28, 2026","Neutral","Aug 10, 2026","411364.87","8.19","0.68","0.88","Moving Down","M1S1","",,="6/9","<1","false","Swing"
"HLNE","Hamilton Lane Incorporated Class A Common Stock","Financials","Asset Management","103.29","88.25","Buy","Jul 28, 2026","Uptrend","Jul 27, 2026","768586.67","85.52","291.54","-1.48","Moving Up","M1S1","",,="8/9","<1","false","Swing"
"HNI","HNI Corporation Common Stock","Discretionary","Furnishings Fixtures & Appliances","49.24","93.91","Buy","Jul 28, 2026","Uptrend","Jun 18, 2026","602451.2","52.47","2.65","-0.57","Moving Up","","",,="7/9","<1","false","Swing"
"HPQ","HP Inc. Common Stock","Technology","Computer Hardware","29.28","86.75","Buy","Jul 28, 2026","Uptrend","Jul 13, 2026","14393388.77","-89.09","0.13","0.72","Moving Up","M1S1","",,="9/9","<1","false","Swing"
"HRMY","Harmony Biosciences Holdings, Inc. Common Stock","Health Care","Biotechnology","39.77","86.29","Buy","Jul 28, 2026","Uptrend","Jul 21, 2026","869899.53","-4.11","26.15","0.63","Moving Up","M1S1","",,="8/9","<1","false","Swing"
"INTA","Intapp, Inc. Common Stock","Technology","Software - Application","39.53","98.5","Buy","Jul 28, 2026","Uptrend","Jun 26, 2026","782247.73","27.95","24.73","-0.95","Moving Down","M1S1","",,="8/9","<1","false","Swing"
"IT","Gartner, Inc. Common Stock","Technology","Information Technology Services","179.46","89.99","Buy","Jul 28, 2026","Uptrend","Jul 27, 2026","1413805.17","137.35","28.35","-4.17","Moving Up","M1S1","",,="9/9","<1","false","Swing"
"JNJ","Johnson & Johnson Common Stock","Health Care","Drug Manufacturers - General","260.86","78.08","Buy","Jul 28, 2026","Uptrend","Jun 23, 2026","7641734.33","70.38","1.93","0.41","Moving Up","M1S1","Positive",,="9/9","<1","false","Swing"
"KMI","Kinder Morgan, Inc. Common Stock","Energy","Oil & Gas Midstream","31.73","39.25","Sell","Jul 28, 2026","Downtrend","Aug 03, 2026","8817503.87","76.44","1.98","0.79","Moving Down","M1S1","Positive",,="5/9","<1","false","Swing"
"LDOS","Leidos Holdings, Inc. Common Stock","Technology","Information Technology Services","140.38","75.11","Buy","Jul 28, 2026","Uptrend","Aug 03, 2026","1573542.67","19.02","1.23","-0.36","Moving Up","M1S1","",,="9/9","<1","false","Swing"
"LEU","Centrus Energy Corp. Class A Common Stock","Energy","Uranium","185.06","47.07","Buy","Jul 28, 2026","Uptrend","Jul 30, 2026","759515","6392.69","6.21","-2.18","Moving Up","M1S1","Positive",,="8/9","<1","false","Swing"
"LH","Labcorp Holdings Inc. Common Stock","Health Care","Diagnostics & Research","323.48","85.74","Buy","Jul 28, 2026","Uptrend","Jun 24, 2026","704006.3","-0.62","0.33","0.33","Moving Up","M1S1","",,="9/9","<1","false","Swing"
"MSI","Motorola Solutions, Inc. Common Stock","Technology","Communication Equipment","469.74","63.1","Buy","Jul 28, 2026","Uptrend","Jul 27, 2026","888789.37","88.94","1.02","0.62","Moving Up","M1S1","",,="9/9","<1","false","Swing"
"MXE","Mexico Equity and Income Fund, Inc. (The) Common Stock","Financials","Closed-End Fund - Foreign","13.68","52.34","Buy","Jul 28, 2026","Uptrend","Aug 07, 2026","3108.53","48.55","5.72","0","Moving Up","M1S1","",,="8/9","<1","false","Swing"
"NKSH","National Bankshares, Inc. Common Stock","Financials","Banks - Regional","42.61","85.34","Buy","Jul 28, 2026","Uptrend","Jul 24, 2026","36993.8","5.28","0.49","0.88","Moving Up","M1S1","",,="9/9","<1","false","Swing"
"NOC","Northrop Grumman Corporation Common Stock","Industrials","Aerospace & Defense","577.32","56.94","Buy","Jul 28, 2026","Uptrend","Aug 03, 2026","869807.13","45.81","2.01","0.28","Moving Up","","",,="9/9","<1","false","Swing"
"NRIM","Northrim BanCorp Inc Common Stock","Financials","Banks - Regional","26.93","63.39","Sell","Jul 28, 2026","Neutral","Aug 11, 2026","156148.37","239.29","2.33","0.64","Moving Down","M1S1","",,="6/9","<1","false","Swing"
"NWFL","Norwood Financial Corp. Common Stock","Financials","Banks - Regional","34.5","78.17","Buy","Jul 28, 2026","Uptrend","Jul 24, 2026","34840.9","-28.21","0.1","0.76","Moving Up","M1S1","",,="9/9","<1","false","Swing"
"OMER","Omeros Corporation Common Stock","Health Care","Biotechnology","13.71","68.79","Buy","Jul 28, 2026","Uptrend","Jul 27, 2026","1468903.7","-58.22","0","0.81","Moving Up","M1S1","",,="9/9","<1","false","Swing"
"PEN","Penumbra, Inc. Common Stock","Health Care","Medical Devices","326.58","45.89","Buy","Jul 28, 2026","Uptrend","Jul 31, 2026","350941.87","84.65","4.19","0.09","Moving Up","M1S1","",,="8/9","<1","false","Swing"
"PKG","Packaging Corporation of America Common Stock","Discretionary","Packaging & Containers","256.31","83.78","Buy","Jul 28, 2026","Uptrend","Jul 23, 2026","664994.3","3.44","0.05","-0.44","Moving Up","","",,="7/9","<1","false","Swing"
"RF","Regions Financial Corporation Common Stock","Financials","Banks - Regional","31.6","72.53","Sell","Jul 28, 2026","Uptrend","Jun 04, 2026","9277532.83","56.12","1.4","0","Moving Down","M1S1","",,="7/9","<1","false","Swing"
"RGS","Regis Corporation Common Stock","Discretionary","Personal Services","27.745","41.34","Sell","Jul 28, 2026","Neutral","Aug 12, 2026","5858.63","-12.64","24.28","1.54","Moving Up","","",,="5/9","<1","false","Swing"
"RNG","RingCentral, Inc. Class A Common Stock","Technology","Software - Application","62.88","98.04","Buy","Jul 28, 2026","Uptrend","Jul 24, 2026","2244117.47","-48.38","5.69","-0.9","Moving Down","M1S1","",,="7/9","<1","false","Swing"
"SAFT","Safety Insurance Group, Inc. Common Stock","Financials","Insurance - Property & Casualty","103.52","98.54","Buy","Jul 28, 2026","Uptrend","Jul 24, 2026","287693.3","-59.73","0.12","0.15","Moving Down","M1S1","",,="8/9","<1","false","Swing"
"SAM","Boston Beer Company, Inc. (The) Common Stock","Staples","Beverages - Brewers","183.78","65.73","Buy","Jul 28, 2026","Neutral","Aug 10, 2026","296256.73","91.89","9.09","2.12","Moving Up","","",,="5/9","<1","false","Swing"
"SHAK","Shake Shack, Inc. Class A Common Stock","Discretionary","Restaurants","72.86","76.81","Buy","Jul 28, 2026","Uptrend","Jul 30, 2026","2050040.63","-23.2","1.78","1.52","Moving Up","","",,="7/9","<1","false","Swing"
"SHG","Shinhan Financial Group Co Ltd American Depositary Shares","Financials","Banks - Regional","73.66","74.55","Sell","Jul 28, 2026","Uptrend","Jul 06, 2026","230511.43","37.95","1.14","0.7","Moving Down","M1S1","",,="7/9","<1","false","Swing"
"SLB","SLB Limited Common Shares","Energy","Oil & Gas Equipment & Services","52.61","56.64","Buy","Jul 28, 2026","Uptrend","Aug 04, 2026","11861410.13","11.15","0.83","-1.99","Moving Up","M1S1","",,="9/9","<1","false","Swing"
"SMP","Standard Motor Products, Inc. Common Stock","Discretionary","Auto Parts","39.27","59.08","Buy","Jul 28, 2026","Uptrend","Aug 03, 2026","128457.9","-84.42","0.47","-1.31","Moving Up","","",,="7/9","<1","false","Swing"
"STE","STERIS plc (Ireland) Ordinary Shares","Health Care","Medical Devices","236.6","82.77","Buy","Jul 28, 2026","Uptrend","Jul 24, 2026","752483.97","2.57","0.12","-0.68","Moving Up","M1S1","",,="9/9","<1","false","Swing"
"STLD","Steel Dynamics, Inc.","Materials","Steel","263.18","86.38","Buy","Jul 28, 2026","Uptrend","Jul 27, 2026","1136247.53","432.59","1.61","-0.19","Moving Up","","",,="9/9","<1","false","Swing"
"SUN","Sunoco LP Common Units representing limited partner interests","Energy","Oil & Gas Refining & Marketing","75.55","54.65","Sell","Jul 28, 2026","Uptrend","Aug 10, 2026","473909.93","-69.56","0.17","3.01","Moving Down","M1S1","",,="7/9","<1","false","Swing"
"SXT","Sensient Technologies Corporation Common Stock","Materials","Specialty Chemicals","130.33","84.35","Buy","Jul 28, 2026","Uptrend","Jul 27, 2026","522506.47","-33.49","0.27","-1.19","Moving Up","","",,="9/9","<1","false","Swing"
"SYY","Sysco Corporation Common Stock","Staples","Food Distribution","84.69","80.27","Buy","Jul 28, 2026","Uptrend","Jun 05, 2026","3459206.53","-25.68","0.05","0.51","Moving Up","","",,="6/9","<1","false","Swing"
"TCOM","Trip.com Group Limited American Depositary Shares","Discretionary","Travel Services","45.58","52.48","Buy","Jul 28, 2026","Neutral","Aug 12, 2026","2912812.4","-86.4","0.07","-1.34","Moving Up","","",,="6/9","<1","false","Swing"
"TEL","TE Connectivity plc Ordinary Shares","Technology","Electronic Components","214.2","70.45","Buy","Jul 28, 2026","Uptrend","Aug 04, 2026","2468780.4","-94.78","0.2","-2.05","Moving Up","M1S1","",,="8/9","<1","false","Swing"
"THC","Tenet Healthcare Corporation Common Stock","Health Care","Medical Care Facilities","266.79","89.84","Buy","Jul 28, 2026","Uptrend","Jul 15, 2026","1296289","149.56","0.72","2.83","Moving Up","M1S1","Positive",,="9/9","<1","false","Swing"
"TRMB","Trimble Inc. Common Stock","Technology","Scientific & Technical Instruments","56.35","72.93","Buy","Jul 28, 2026","Uptrend","Jul 27, 2026","2616059.7","-34.31","0.18","-2.81","Moving Up","M1S1","Positive",,="9/9","<1","false","Swing"
"TXRH","Texas Roadhouse, Inc. Common Stock","Discretionary","Restaurants","214.28","82.47","Buy","Jul 28, 2026","Uptrend","Jun 18, 2026","879099.57","41.92","0.41","2.13","Moving Up","","",,="7/9","<1","false","Swing"
"UHS","Universal Health Services, Inc. Common Stock","Health Care","Medical Care Facilities","172.45","78.31","Buy","Jul 28, 2026","Uptrend","Jul 24, 2026","927867.67","20.6","2.87","2.21","Moving Up","M1S1","",,="8/9","<1","false","Swing"
"UNB","Union Bankshares, Inc. Common Stock","Financials","Banks - Regional","24.23","45.68","Sell","Jul 28, 2026","Neutral","Aug 11, 2026","7481.43","-46.12","0.48","-0.49","Moving Up","M1S1","",,="7/9","<1","false","Swing"
"UPS","United Parcel Service, Inc. Common Stock","Industrials","Integrated Freight & Logistics","103.91","49.46","Sell","Jul 28, 2026","Downtrend","Aug 05, 2026","5049059.6","-131.4","0.15","-0.5","Moving Down","","",,="6/9","<1","false","Swing"
"USAC","USA Compression Partners, LP Common Units Representing Limited Partner Interests","Energy","Oil & Gas Equipment & Services","26.5","43.58","Sell","Jul 28, 2026","Downtrend","Jul 27, 2026","217416.6","143.96","1.61","2.55","Moving Down","M1S1","",,="5/9","<1","false","Swing"
"WIX","Wix.com Ltd. Ordinary Shares","Technology","Software - Infrastructure","68.75","67.81","Buy","Jul 28, 2026","Uptrend","Jul 27, 2026","1445937.7","54.96","7.29","3.06","Moving Up","M1S1","",,="9/9","<1","false","Swing"
"YUMC","Yum China Holdings, Inc. Common Stock","Discretionary","Restaurants","47.9","71.23","Buy","Jul 28, 2026","Uptrend","Jul 27, 2026","1628499.9","1.7","3.95","0.65","Moving Down","","",,="5/9","<1","false","Swing"
"A","Agilent Technologies, Inc. Common Stock","Health Care","Diagnostics & Research","148.24","83.42","Buy","Jul 27, 2026","Uptrend","May 28, 2026","1993226.77","56.46","2.29","-0.84","Moving Up","M1S1","",,="8/9","<1","false","Swing"
"AGL","agilon health, inc. Common Stock","Health Care","Medical Care Facilities","86.26","52.86","Sell","Jul 27, 2026","Downtrend","Aug 06, 2026","373777.87","8.72","6.52","-0.15","Moving Down","M1S1","",,="6/9","<1","false","Swing"
"APLM","Apollomics Inc. Class A Ordinary Shares","Health Care","Biotechnology","17.06","48.49","Sell","Jul 27, 2026","Downtrend","Aug 12, 2026","35332.2","-81.56","4.76","-6.06","Moving Up","M1S1","",,="7/9","<1","false","Swing"
"ARQT","Arcutis Biotherapeutics, Inc. Common Stock","Health Care","Biotechnology","26.28","45.74","Sell","Jul 27, 2026","Neutral","Aug 11, 2026","1466060.13","-24.68","0.15","0.19","Moving Down","M1S1","",,="6/9","<1","false","Swing"
"ARWR","Arrowhead Pharmaceuticals, Inc. Common Stock","Health Care","Biotechnology","87.25","62.32","Buy","Jul 27, 2026","Uptrend","Jul 23, 2026","2021564.4","30.79","2.58","-2.23","Moving Up","M1S1","",,="8/9","<1","false","Swing"
"AWI","Armstrong World Industries Inc Common Stock","Industrials","Building Products & Equipment","183.46","83.38","Buy","Jul 27, 2026","Uptrend","Jul 24, 2026","532104.03","53.61","1.68","-1.74","Moving Up","","",,="9/9","<1","false","Swing"
"BAH","Booz Allen Hamilton Holding Corporation Common Stock","Industrials","Consulting Services","78.4","82.65","Buy","Jul 27, 2026","Uptrend","Jul 31, 2026","2257502.83","-86.8","0.03","-0.22","Moving Up","","",,="9/9","<1","false","Swing"
"BBSI","Barrett Business Services, Inc. Common Stock","Industrials","Staffing & Employment Services","31.18","56.72","Sell","Jul 27, 2026","Downtrend","Aug 07, 2026","250180.07","137.05","7.33","-0.67","Moving Down","","",,="6/9","<1","false","Swing"
"BPRN","Princeton Bancorp, Inc. Common Stock (PA)","Financials","Banks - Regional","43.23","95.3","Buy","Jul 27, 2026","Uptrend","Jun 09, 2026","21374.43","68.14","3.18","1.72","Moving Up","M1S1","",,="9/9","<1","false","Swing"
"BSL","Blackstone Senior Floating Rate 2027 Term Fund Common Shares of Beneficial Interest","Financials","Closed-End Fund - Debt","13.08","62.26","Sell","Jul 27, 2026","Uptrend","Aug 10, 2026","36475.37","24.21","2.1","0","Moving Up","M1S1","",,="8/9","<1","false","Swing"
"CLH","Clean Harbors, Inc. Common Stock","Industrials","Waste Management","316.65","60.12","Sell","Jul 27, 2026","Uptrend","Jul 06, 2026","455524.53","33.85","0.3","1.64","Moving Down","","",,="7/9","<1","false","Swing"
"CMPR","Cimpress plc Ordinary Shares (Ireland)","Industrials","Specialty Business Services","98.64","64.11","Sell","Jul 27, 2026","Neutral","Aug 12, 2026","189103.13","-2.87","22.36","3.42","Moving Down","","",,="6/9","<1","false","Swing"
"COLB","Columbia Banking System, Inc. Common Stock","Financials","Banks - Regional","32.25","52.98","Sell","Jul 27, 2026","Neutral","Aug 07, 2026","2845919.97","44.03","10.95","1.7","Moving Up","M1S1","",,="6/9","<1","false","Swing"
"CPF","Central Pacific Financial Corp New","Financials","Banks - Regional","38.71","71.26","Sell","Jul 27, 2026","Uptrend","Jun 04, 2026","142314.33","68.82","2.65","0.05","Moving Down","M1S1","",,="7/9","<1","false","Swing"
"CX","Cemex, S.A.B. de C.V. Sponsored ADR","Materials","Building Materials","11.24","38.54","Sell","Jul 27, 2026","Downtrend","Jul 24, 2026","6984759.53","86.71","1.36","0.45","Moving Down","","",,="6/9","<1","false","Swing"
"CYRX","CryoPort, Inc. Common Stock","Industrials","Integrated Freight & Logistics","14.8","57.85","Sell","Jul 27, 2026","Downtrend","Aug 12, 2026","635003.13","-55.16","4.83","-1","Moving Down","","",,="5/9","<1","false","Swing"
"DCI","Donaldson Company, Inc. Common Stock","Industrials","Specialty Industrial Machinery","96.27","78.66","Buy","Jul 27, 2026","Uptrend","Jun 24, 2026","678045.8","19.88","0.68","-0.66","Moving Up","","",,="9/9","<1","false","Swing"
"DFP","Flaherty & Crumrine Dynamic Preferred and Income Fund Inc. Common Stock","Financials","Closed-End Fund - Debt","20.81","57.89","Sell","Jul 27, 2026","Uptrend","Aug 07, 2026","46078.1","66.1","9.71","0.05","Moving Down","M1S1","",,="6/9","<1","false","Swing"
"DGX","Quest Diagnostics Incorporated Common Stock","Health Care","Diagnostics & Research","237.77","90.94","Buy","Jul 27, 2026","Uptrend","Jul 16, 2026","1004296.6","97.55","2.06","0.11","Moving Up","M1S1","",,="9/9","<1","false","Swing"
"DLR","Digital Realty Trust, Inc. Common Stock","Real Estate","REIT - Specialty","197.06","71.54","Buy","Jul 27, 2026","Uptrend","Jul 24, 2026","3156672.43","-27.74","0.28","3.28","Moving Up","","Positive",,="6/9","<1","false","Swing"
"EGBN","Eagle Bancorp, Inc. Common Stock","Financials","Banks - Regional","28.76","66.11","Buy","Jul 27, 2026","Uptrend","Jul 24, 2026","283137.1","48.41","9.28","1.3","Moving Up","M1S1","",,="8/9","<1","false","Swing"
"EMR","Emerson Electric Company Common Stock","Industrials","Specialty Industrial Machinery","163.8","74.53","Buy","Jul 27, 2026","Uptrend","Jul 24, 2026","2783951.03","122.22","2.41","-0.35","Moving Up","","",,="9/9","<1","false","Swing"
"EPC","Edgewell Personal Care Company Common Stock","Staples","Household & Personal Products","28.66","86.66","Sell","Jul 27, 2026","Uptrend","Jun 08, 2026","695410","-75.39","0.02","0.17","Moving Down","","",,="5/9","<1","false","Swing"
"EPRT","Essential Properties Realty Trust, Inc. Common Stock","Real Estate","REIT - Retail","30.63","30.22","Sell","Jul 27, 2026","Downtrend","Aug 04, 2026","1494864.4","41.61","4.7","1.9","Moving Up","","",,="5/9","<1","false","Swing"
"EQT","EQT Corporation Common Stock","Energy","Oil & Gas E&P","54.06","37.91","Buy","Jul 27, 2026","Uptrend","Aug 10, 2026","6977248.2","199.64","1.06","-0.57","Moving Up","M1S1","",,="9/9","<1","false","Swing"
"ESLT","Elbit Systems Ltd. Ordinary Shares","Industrials","Aerospace & Defense","779.51","69.51","Buy","Jul 27, 2026","Neutral","Aug 11, 2026","81219.13","252.02","1.62","0.44","Moving Up","","",,="8/9","<1","false","Swing"
"FCNCA","First Citizens BancShares, Inc. Class A Common Stock","Financials","Banks - Regional","2271.31","63.97","Buy","Jul 27, 2026","Uptrend","Jun 04, 2026","75015.33","238.47","1.97","0.81","Moving Up","M1S1","",,="8/9","<1","false","Swing"
"FRME","First Merchants Corporation Common Stock","Financials","Banks - Regional","43.24","64.37","Sell","Jul 27, 2026","Neutral","Aug 11, 2026","458116.43","-28.95","0.09","1.1","Moving Down","M1S1","",,="5/9","<1","false","Swing"
"GEF","Greif Inc. Class A Common Stock","Discretionary","Packaging & Containers","88.02","97.38","Buy","Jul 27, 2026","Uptrend","Jun 11, 2026","256842.3","-80.68","0.21","0.56","Moving Up","","",,="7/9","<1","false","Swing"
"HELE","Helen of Troy Limited Common Stock","Staples","Household & Personal Products","29.88","78.11","Buy","Jul 27, 2026","Uptrend","Jul 09, 2026","515751.9","-52.2","5.58","2.05","Moving Up","","",,="7/9","<1","false","Swing"
"HQH","abrdn Healthcare Investors Shares of Beneficial Interest","Financials","Closed-End Fund - Equity","23.45","90.3","Buy","Jul 27, 2026","Uptrend","Jun 18, 2026","259008.43","50.94","2.56","0.17","Moving Up","M1S1","",,="9/9","<1","false","Swing"
"HROW","Harrow, Inc. Common Stock","Health Care","Drug Manufacturers - Specialty & Generic","39.36","44.86","Sell","Jul 27, 2026","Downtrend","Aug 11, 2026","588354.23","254.89","3.04","-0.15","Moving Up","M1S1","",,="7/9","<1","false","Swing"
"HTLD","Heartland Express, Inc. Common Stock","Industrials","Trucking","12.29","26.93","Sell","Jul 27, 2026","Downtrend","Jul 24, 2026","655825.53","-69.08","2.11","4.15","Moving Down","","",,="6/9","<1","false","Swing"
"IBN","ICICI Bank Limited Common Stock","Financials","Banks - Regional","29.84","74.19","Sell","Jul 27, 2026","Uptrend","Jun 11, 2026","6707973.6","-83.14","0.19","-0.1","Moving Down","M1S1","",,="7/9","<1","false","Swing"
"KMX","CarMax Inc","Discretionary","Auto & Truck Dealerships","58.71","79.4","Sell","Jul 27, 2026","Uptrend","May 27, 2026","2524246.97","11.73","4.1","0.91","Moving Down","","",,="5/9","<1","false","Swing"
"KT","KT Corporation Common Stock","Communication","Telecom Services","18.53","58.2","Buy","Jul 27, 2026","Uptrend","Aug 11, 2026","1562167.4","89.61","3.66","-0.05","Moving Up","","",,="7/9","<1","false","Swing"
"LAMR","Lamar Advertising Company Class A Common Stock","Real Estate","REIT - Specialty","154.07","72.08","Sell","Jul 27, 2026","Downtrend","Aug 10, 2026","641116.6","73.58","2.38","0.16","Moving Down","","",,="4/9","<1","false","Swing"
"LMT","Lockheed Martin Corporation Common Stock","Industrials","Aerospace & Defense","606.72","75.83","Buy","Jul 27, 2026","Uptrend","Jul 23, 2026","1147856.8","5.11","0.27","1.5","Moving Up","","Positive",,="9/9","<1","false","Swing"
"LOGI","Logitech International S.A. Ordinary Shares","Technology","Computer Hardware","103.28","51.07","Buy","Jul 27, 2026","Neutral","Aug 11, 2026","1173080.37","193.76","4.53","-0.37","Moving Up","M1S1","",,="8/9","<1","false","Swing"
"MCO","Moody's Corporation Common Stock","Financials","Financial Data & Stock Exchanges","477.84","55.31","Sell","Jul 27, 2026","Neutral","Aug 07, 2026","833504.77","85.62","2.1","0.29","Moving Down","M1S1","",,="6/9","<1","false","Swing"
"MDLZ","Mondelez International, Inc. Class A Common Stock","Staples","Confectioners","62.18","70.9","Buy","Jul 27, 2026","Uptrend","Jul 24, 2026","8445143.3","28.82","4.84","0.65","Moving Up","","",,="7/9","<1","false","Swing"
"MEDP","Medpace Holdings, Inc. Common Stock","Health Care","Diagnostics & Research","596.98","71.66","Buy","Jul 27, 2026","Uptrend","Jun 03, 2026","342413.9","-179.25","0.22","-1.41","Moving Up","M1S1","",,="8/9","<1","false","Swing"
"MGYR","Magyar Bancorp, Inc. Common Stock","Financials","Banks - Regional","19.07","83.56","Buy","Jul 27, 2026","Uptrend","Jul 24, 2026","2616.63","31.64","0.88","-0.05","Moving Down","M1S1","",,="8/9","<1","false","Swing"
"MLI","Mueller Industries, Inc. Common Stock","Industrials","Metal Fabrication","68.28","47.58","Buy","Jul 27, 2026","Uptrend","Jul 24, 2026","1523988.47","655.21","1.76","-0.25","Moving Up","","",,="8/9","<1","false","Swing"
"MPLX","MPLX LP Common Units Representing Limited Partner Interests","Energy","Oil & Gas Midstream","59.94","83.42","Buy","Jul 27, 2026","Uptrend","Jul 02, 2026","1516957.73","11.37","0.05","1.08","Moving Up","M1S1","",,="9/9","<1","false","Swing"
"NDSN","Nordson Corporation Common Stock","Industrials","Specialty Industrial Machinery","311.26","68.07","Buy","Jul 27, 2026","Uptrend","Jul 24, 2026","320493.27","115.1","3.03","-0.03","Moving Up","","",,="9/9","<1","false","Swing"
"NGG","National Grid Transco, PLC National Grid PLC (NEW) American Depositary Shares","Utilities","Utilities - Regulated Electric","80.68","48.64","Sell","Jul 27, 2026","Downtrend","Jul 27, 2026","778715.7","47.27","3.16","0.51","Moving Down","","",,="4/9","<1","false","Swing"
"NMS","Nuveen Minnesota Quality Municipal Income Fund ","Financials","Closed-End Fund - Debt","11.55","20.91","Sell","Jul 27, 2026","Downtrend","Jul 27, 2026","21487.3","-5.24","0.17","0.17","Moving Down","M1S1","",,="6/9","<1","false","Swing"
"NUE","Nucor Corporation Common Stock","Materials","Steel","271.81","82.64","Buy","Jul 27, 2026","Uptrend","Jul 24, 2026","1336204.13","464.31","3.11","-0.05","Moving Up","","",,="9/9","<1","false","Swing"
"ONEW","OneWater Marine Inc. Class A Common Stock","Discretionary","Specialty Retail","12.25","72.99","Sell","Jul 27, 2026","Uptrend","Jul 13, 2026","114138.13","-85.91","2.32","-4.15","Moving Up","","",,="6/9","<1","false","Swing"
"PECO","Phillips Edison & Company, Inc. Common Stock","Real Estate","REIT - Retail","40.14","27.45","Sell","Jul 27, 2026","Downtrend","Aug 04, 2026","841149.43","-24.5","0.18","1.21","Moving Down","","",,="4/9","<1","false","Swing"
"PINE","Alpine Income Property Trust, Inc. Common Stock","Real Estate","REIT - Retail","19.62","37.85","Sell","Jul 27, 2026","Downtrend","Aug 04, 2026","148562.07","-3.78","0.29","0.05","Moving Down","","",,="4/9","<1","false","Swing"
"PRGS","Progress Software Corporation Common Stock (DE)","Technology","Software - Infrastructure","43.58","87.48","Sell","Jul 27, 2026","Uptrend","Jun 26, 2026","673898.8","-26.72","0.09","1","Moving Down","M1S1","",,="6/9","<1","false","Swing"
"QTTB","Q32 Bio Inc. Common Stock","Health Care","Biotechnology","15.37","70.06","Sell","Jul 27, 2026","Uptrend","May 22, 2026","1904173.17","41.86","6.23","-0.26","Moving Down","M1S1","",,="7/9","<1","false","Swing"
"REX","REX American Resources Corporation","Materials","Chemicals","43.71","41.4","Sell","Jul 27, 2026","Downtrend","Jul 27, 2026","161043.33","-91.37","0.28","0.83","Moving Up","","",,="7/9","<1","false","Swing"
"RTO","Rentokil Initial plc American Depositary Shares (each representing five (5) Ordinary Shares)","Industrials","Specialty Business Services","24.38","28.2","Sell","Jul 27, 2026","Downtrend","Jul 24, 2026","1383066.6","7.68","4.45","-0.73","Moving Down","","",,="6/9","<1","false","Swing"
"RVLV","Revolve Group, Inc. Class A Common Stock","Discretionary","Internet Retail","23.78","52.6","Sell","Jul 27, 2026","Downtrend","Aug 12, 2026","829660.07","12.85","4.73","-0.04","Moving Down","","",,="4/9","<1","false","Swing"
"SBFG","SB Financial Group, Inc. Common Stock","Financials","Banks - Regional","27.9","81.19","Sell","Jul 27, 2026","Uptrend","Jun 08, 2026","23714.6","-17.73","0.32","2.42","Moving Down","M1S1","",,="7/9","<1","false","Swing"
"SLG","SL Green Realty Corp Common Stock","Real Estate","REIT - Office","56.44","74.48","Buy","Jul 27, 2026","Uptrend","May 21, 2026","1016288.1","-6.48","15.87","1.24","Moving Up","","",,="7/9","<1","false","Swing"
"STT","State Street Corporation Common Stock","Financials","Asset Management","190.11","66.96","Sell","Jul 27, 2026","Uptrend","Apr 01, 2026","2119344.87","10.07","0.18","1.54","Moving Down","M1S1","",,="7/9","<1","false","Swing"
"TBBK","The Bancorp Inc Common Stock","Financials","Banks - Regional","69.5","81.18","Sell","Jul 27, 2026","Uptrend","Jun 18, 2026","436230.17","525.36","3.67","0.06","Moving Down","M1S1","",,="7/9","<1","false","Swing"
"TDY","Teledyne Technologies Incorporated Common Stock","Technology","Scientific & Technical Instruments","686.49","78.36","Buy","Jul 27, 2026","Uptrend","Jul 30, 2026","398551.47","20.84","0.62","0.7","Moving Up","M1S1","",,="9/9","<1","false","Swing"
"TFIN","Triumph Financial, Inc. Common Stock","Financials","Banks - Regional","76.6","57.98","Sell","Jul 27, 2026","Neutral","Aug 07, 2026","284300.03","103.53","6.28","0.34","Moving Up","M1S1","",,="7/9","<1","false","Swing"
"TMO","Thermo Fisher Scientific Inc Common Stock","Health Care","Diagnostics & Research","603.01","84.22","Buy","Jul 27, 2026","Uptrend","Jun 24, 2026","2071425.23","27.68","0.98","-0.33","Moving Up","M1S1","",,="9/9","<1","false","Swing"
"TMUS","T-Mobile US, Inc. Common Stock","Communication","Telecom Services","177.13","25.1","Sell","Jul 27, 2026","Downtrend","Jul 27, 2026","4916214.47","68.98","1.73","-0.81","Moving Down","","",,="5/9","<1","false","Swing"
"UPBD","Upbound Group, Inc. Common Stock","Technology","Software - Application","19.04","48.46","Sell","Jul 27, 2026","Downtrend","Aug 05, 2026","1050889.33","38.67","7.17","-0.31","Moving Down","M1S1","",,="6/9","<1","false","Swing"
"VHC","VirnetX Holding Corp Common Stock","Technology","Software - Infrastructure","15.72","61.33","Buy","Jul 27, 2026","Uptrend","Jul 28, 2026","21455.73","25.8","6.65","7.16","Moving Up","M1S1","",,="8/9","<1","false","Swing"
"VRDN","Viridian Therapeutics, Inc. Common Stock","Health Care","Biotechnology","22.88","72.67","Buy","Jul 27, 2026","Uptrend","Jul 20, 2026","1955399.7","-51.14","0.23","-0.39","Moving Up","M1S1","",,="9/9","<1","false","Swing"
"VZ","Verizon Communications Inc. Common Stock","Communication","Telecom Services","46.98","48.7","Buy","Jul 27, 2026","Uptrend","Jul 24, 2026","28460499.77","-34.51","1.53","-0.61","Moving Up","","Positive",,="8/9","<1","false","Swing"
"XP","XP Inc. Class A Common Stock","Financials","Capital Markets","15.44","30.5","Sell","Jul 27, 2026","Downtrend","Aug 10, 2026","4759596.57","12.44","6.06","-0.45","Moving Down","M1S1","",,="6/9","<1","false","Swing"
"ADX","Adams Diversified Equity Fund Inc.","Financials","Closed-End Fund - Equity","26.47","51.22","Sell","Jul 24, 2026","Uptrend","Aug 04, 2026","303811.43","115.13","1.34","0.8","Moving Up","M1S1","",,="8/9","<1","false","Swing"
"AGO","Assured Guaranty Ltd. Common Stock","Financials","Insurance - Specialty","74.76","46.84","Sell","Jul 24, 2026","Downtrend","Aug 07, 2026","330913.6","1.47","0.07","-0.73","Moving Down","M1S1","",,="6/9","<1","false","Swing"
"AIG","American International Group, Inc. New Common Stock","Financials","Insurance - Diversified","76.14","61.27","Sell","Jul 24, 2026","Downtrend","Aug 11, 2026","3404932.87","-4.8","0.34","-1.51","Moving Down","M1S1","",,="6/9","<1","false","Swing"
"AIT","Applied Industrial Technologies, Inc. Common Stock","Industrials","Industrial Distribution","352.29","76.9","Buy","Jul 24, 2026","Uptrend","Apr 07, 2026","265869.23","-16.11","0.41","-0.02","Moving Up","","",,="9/9","<1","false","Swing"
"ALLE","Allegion plc Ordinary Shares","Industrials","Security & Protection Services","166.11","98","Buy","Jul 24, 2026","Uptrend","Jul 16, 2026","1292336.37","32.09","3","-1.38","Moving Up","","",,="9/9","<1","false","Swing"
"AME","AMETEK, Inc.","Industrials","Specialty Industrial Machinery","258.52","83.32","Buy","Jul 24, 2026","Uptrend","Jun 16, 2026","1095178.17","142.87","2.44","0.87","Moving Up","","",,="9/9","<1","false","Swing"
"APLE","Apple Hospitality REIT, Inc. Common Shares","Real Estate","REIT - Hotel & Motel","15.73","65.88","Sell","Jul 24, 2026","Downtrend","Aug 10, 2026","3055635.63","-38.24","0.12","1.03","Moving Down","","",,="4/9","<1","false","Swing"
"AVB","AvalonBay Communities, Inc. Common Stock","Real Estate","REIT - Residential","179.79","66.34","Sell","Jul 24, 2026","Downtrend","Aug 06, 2026","835828.73","-1.46","17.54","-1.08","Moving Down","","",,="4/9","<1","false","Swing"
"AZTA","Azenta, Inc.","Health Care","Medical Instruments & Supplies","33.53","84.52","Buy","Jul 24, 2026","Uptrend","Jun 24, 2026","653257.43","-35.92","1.91","0.42","Moving Up","M1S1","",,="9/9","<1","false","Swing"
"BGH","Barings Global Short Duration High Yield Fund Common Shares of Beneficial Interests","Financials","Closed-End Fund - Debt","14.2","57.43","Sell","Jul 24, 2026","Uptrend","Aug 06, 2026","83050.33","61.81","3.86","-0.21","Moving Down","M1S1","",,="7/9","<1","false","Swing"
"BMRC","Bank of Marin Bancorp Common Stock","Financials","Banks - Regional","28.53","61.7","Sell","Jul 24, 2026","Uptrend","Jun 22, 2026","155229.9","29.63","7.16","0.21","Moving Down","M1S1","",,="6/9","<1","false","Swing"
"BNL","Broadstone Net Lease, Inc. Common Stock","Real Estate","REIT - Diversified","21.07","33.28","Sell","Jul 24, 2026","Downtrend","Aug 04, 2026","2196376.33","17.55","1.34","2.03","Moving Up","","",,="5/9","<1","false","Swing"
"BVN","Buenaventura Mining Company Inc.","Materials","Other Precious Metals & Mining","34.6","49.25","Buy","Jul 24, 2026","Uptrend","Aug 04, 2026","870456.87","61.9","1.23","-0.57","Moving Up","","",,="8/9","<1","false","Swing"
"CBRL","Cracker Barrel Old Country Store, Inc Common Stock","Discretionary","Restaurants","58.74","87.69","Sell","Jul 24, 2026","Uptrend","May 21, 2026","919968.87","-71.25","2.47","4.84","Moving Down","","",,="4/9","<1","false","Swing"
"CBU","Community Financial System, Inc. Common Stock","Financials","Banks - Regional","65.12","58.31","Sell","Jul 24, 2026","Downtrend","Aug 06, 2026","257927.13","-58.5","0.23","0.37","Moving Down","M1S1","",,="6/9","<1","false","Swing"
"CME","CME Group Inc. Class A Common Stock","Financials","Financial Data & Stock Exchanges","262.17","82.52","Buy","Jul 24, 2026","Uptrend","Jul 24, 2026","2575129.2","-5.24","0.32","1.1","Moving Down","M1S1","",,="7/9","<1","false","Swing"
"CNK","Cinemark Holdings Inc Cinemark Holdings, Inc. Common Stock","Communication","Entertainment","37.31","81.63","Buy","Jul 24, 2026","Uptrend","Jul 22, 2026","2712493.3","53.86","14.31","1.77","Moving Up","","",,="8/9","<1","false","Swing"
"CUZ","Cousins Properties Incorporated Common Stock","Real Estate","REIT - Office","29.49","74.37","Sell","Jul 24, 2026","Downtrend","Aug 07, 2026","1565063.6","0.36","2.84","0.51","Moving Down","","",,="4/9","<1","false","Swing"
"DBRG","DigitalBridge Group, Inc.","Financials","Asset Management","15.93","56.71","Buy","Jul 24, 2026","Uptrend","Mar 25, 2026","3267872.8","26.09","11.93","-0.06","Moving Up","M1S1","",,="9/9","<1","false","Swing"
"DFIN","Donnelley Financial Solutions, Inc. Common Stock ","Technology","Software - Application","47.65","54.05","Sell","Jul 24, 2026","Uptrend","Jun 30, 2026","263273.4","90.49","4.99","1.08","Moving Down","M1S1","",,="7/9","<1","false","Swing"
"EFOR","Everforth, Inc. Common Stock","Technology","Information Technology Services","32.72","96.68","Buy","Jul 24, 2026","Uptrend","Jul 27, 2026","1060418.07","-147.67","1.22","-0.34","Moving Up","M1S1","Positive",,="9/9","<1","false","Swing"
"FCN","FTI Consulting, Inc. Common Stock","Industrials","Consulting Services","152.68","33.07","Sell","Jul 24, 2026","Downtrend","Aug 06, 2026","399603.7","-57.33","0.12","-0.1","Moving Down","","",,="6/9","<1","false","Swing"
"FDUS","Fidus Investment Corporation Common Stock","Financials","Asset Management","19.72","74.7","Sell","Jul 24, 2026","Uptrend","Jun 30, 2026","422475.87","116.98","1.88","-0.5","Moving Down","M1S1","",,="7/9","<1","false","Swing"
"FFBC","First Financial Bancorp. Common Stock","Financials","Banks - Regional","34.08","68.36","Sell","Jul 24, 2026","Neutral","Aug 07, 2026","1088415.87","121.45","7.11","0.24","Moving Down","M1S1","",,="6/9","<1","false","Swing"
"FRO","Frontline Plc Ordinary Shares","Energy","Oil & Gas Midstream","39.57","63.26","Buy","Jul 24, 2026","Uptrend","Jul 21, 2026","1986879.4","107.33","0.75","3.75","Moving Down","M1S1","",,="8/9","<1","false","Swing"
"GBCI","Glacier Bancorp, Inc. Common Stock","Financials","Banks - Regional","49.18","55.41","Sell","Jul 24, 2026","Downtrend","Aug 05, 2026","1183436.27","68.86","15.89","0.14","Moving Down","M1S1","",,="5/9","<1","false","Swing"
"GGG","Graco Inc. Common Stock","Industrials","Specialty Industrial Machinery","82.49","57.55","Buy","Jul 24, 2026","Uptrend","Jul 23, 2026","1388853.17","39.27","1.75","-1.25","Moving Up","","",,="9/9","<1","false","Swing"
"GIC","Global Industrial Company Common Stock","Industrials","Industrial Distribution","39.03","70.9","Buy","Jul 24, 2026","Uptrend","Jun 09, 2026","120985.33","-96.54","0.17","-0.81","Moving Up","","",,="8/9","<1","false","Swing"
"HIW","Highwoods Properties, Inc. Common Stock","Real Estate","REIT - Office","31.33","74.41","Sell","Jul 24, 2026","Neutral","Aug 10, 2026","1479792.8","-0.66","137.27","1.56","Moving Down","","",,="4/9","<1","false","Swing"
"HWC","Hancock Whitney Corporation Common Stock","Financials","Banks - Regional","79.04","71.87","Sell","Jul 24, 2026","Uptrend","May 26, 2026","896323.3","93.4","3.04","1.05","Moving Down","M1S1","",,="7/9","<1","false","Swing"
"IMAX","Imax Corporation Common Stock","Communication","Entertainment","51.32","90.86","Buy","Jul 24, 2026","Uptrend","Jul 23, 2026","1477040.63","193.31","3.86","1.44","Moving Up","","",,="8/9","<1","false","Swing"
"IP","International Paper Company Common Stock","Discretionary","Packaging & Containers","41.14","80.68","Buy","Jul 24, 2026","Uptrend","Jun 11, 2026","5253254.67","-64","0.01","-1.58","Moving Up","","",,="7/9","<1","false","Swing"
"IX","ORIX Corporation American Depositary Shares","Financials","Financial Conglomerates","40.58","72.56","Buy","Jul 24, 2026","Uptrend","Apr 27, 2026","213161.23","83.34","1.26","2.22","Moving Up","M1S1","Positive",,="9/9","<1","false","Swing"
"KHC","The Kraft Heinz Company Common Stock","Staples","Packaged Foods","24.53","54.59","Sell","Jul 24, 2026","Downtrend","Aug 11, 2026","13679175.6","-15.99","0.13","-0.49","Moving Down","","",,="4/9","<1","false","Swing"
"KNX","Knight-Swift Transportation Holdings Inc.","Industrials","Trucking","71.31","43.18","Sell","Jul 24, 2026","Downtrend","Jul 23, 2026","3879260.37","32.99","0.81","4.06","Moving Up","","",,="7/9","<1","false","Swing"
"LMAT","LeMaitre Vascular, Inc. Common Stock","Health Care","Medical Instruments & Supplies","82.13","23.12","Sell","Jul 24, 2026","Downtrend","Aug 05, 2026","380425.73","139.18","2.64","-0.86","Moving Down","M1S1","",,="6/9","<1","false","Swing"
"MCS","Marcus Corporation (The) Common Stock","Communication","Entertainment","29.66","90.55","Buy","Jul 24, 2026","Uptrend","May 26, 2026","295431.57","25.53","34.34","3.42","Moving Down","","",,="6/9","<1","false","Swing"
"MDGL","Madrigal Pharmaceuticals, Inc. Common Stock","Health Care","Biotechnology","536.2","44.04","Sell","Jul 24, 2026","Neutral","Aug 11, 2026","360433.07","349.95","2.6","0.17","Moving Down","M1S1","",,="6/9","<1","false","Swing"
"MEGI","NYLI CBRE Global Infrastructure Megatrends Term Fund Common Shares","Financials","Closed-End Fund - Equity","15.04","28.08","Sell","Jul 24, 2026","Downtrend","Aug 03, 2026","127681.8","15.42","1.02","-0.13","Moving Down","M1S1","",,="6/9","<1","false","Swing"
"META","Meta Platforms, Inc. Class A Common Stock","Communication","Internet Content & Information","578.85","33.22","Sell","Jul 24, 2026","Downtrend","Jul 28, 2026","18615825.57","-105.39","0.22","-3.38","Moving Down","","","true",="5/9","<1","false","Swing"
"MNRO","Monro, Inc. Common Stock","Discretionary","Auto Parts","11.48","32.16","Sell","Jul 24, 2026","Downtrend","Jul 29, 2026","960553","-53.04","4.82","-1.54","Moving Down","","",,="4/9","<1","false","Swing"
"MRTN","Marten Transport, Ltd. Common Stock","Industrials","Trucking","14.96","21.92","Sell","Jul 24, 2026","Downtrend","Jul 24, 2026","667724.87","-45.02","0.07","3.1","Moving Down","","",,="6/9","<1","false","Swing"
"NBHC","National Bank Holdings Corporation Common Stock","Financials","Banks - Regional","43.07","50.21","Sell","Jul 24, 2026","Downtrend","Aug 05, 2026","413855.87","107.88","10.61","-0.28","Moving Down","M1S1","",,="6/9","<1","false","Swing"
"NFJ","Virtus Dividend, Interest & Premium Strategy Fund Common Shares of Beneficial Interest","Financials","Closed-End Fund - Equity","15.6","78.99","Buy","Jul 24, 2026","Uptrend","Apr 09, 2026","216051.77","85.39","2.43","0.26","Moving Up","M1S1","",,="9/9","<1","false","Swing"
"NKTR","Nektar Therapeutics  Common Stock","Health Care","Biotechnology","76.03","58.68","Buy","Jul 24, 2026","Uptrend","Jul 21, 2026","771098.33","-61.62","4.56","0.7","Moving Up","M1S1","",,="9/9","<1","false","Swing"
"NRIX","Nurix Therapeutics, Inc. Common stock","Health Care","Biotechnology","26.63","77.79","Buy","Jul 24, 2026","Uptrend","Jun 15, 2026","1079527.13","148.72","3.93","2.58","Moving Up","M1S1","",,="9/9","<1","false","Swing"
"NTR","Nutrien Ltd. Common Shares","Materials","Agricultural Inputs","67.18","35.6","Sell","Jul 24, 2026","Downtrend","Aug 07, 2026","2392968","-18.38","0.28","-0.15","Moving Down","","",,="6/9","<1","false","Swing"
"NVEC","NVE Corporation Common Stock","Technology","Semiconductors","122.22","89.67","Buy","Jul 24, 2026","Uptrend","Jul 23, 2026","257383.9","-75.33","0.2","4.58","Moving Up","M1S1","",,="9/9","<1","false","Swing"
"NXP","Nuveen Select Tax Free Income Portfolio Common Stock","Financials","Closed-End Fund - Debt","14.25","57.9","Sell","Jul 24, 2026","Downtrend","Jul 27, 2026","134513.37","-23.85","0.08","0.07","Moving Down","M1S1","",,="5/9","<1","false","Swing"
"ONB","Old National Bancorp Common Stock","Financials","Banks - Regional","27.08","70.8","Sell","Jul 24, 2026","Uptrend","Jun 04, 2026","4613044.57","71.1","3.29","0.89","Moving Down","M1S1","",,="7/9","<1","false","Swing"
"RELL","Richardson Electronics, Ltd. Common Stock","Technology","Electronic Components","20.57","85.11","Buy","Jul 24, 2026","Uptrend","Jul 30, 2026","301318.23","14.84","0.13","1.83","Moving Up","M1S1","",,="8/9","<1","false","Swing"
"RRC","Range Resources Corporation Common Stock","Energy","Oil & Gas E&P","40.18","55.21","Buy","Jul 24, 2026","Uptrend","Aug 10, 2026","2978539.57","-89","0.3","-1.2","Moving Up","M1S1","",,="9/9","<1","false","Swing"
"STC","Stewart Information Services Corporation Common Stock","Financials","Insurance - Property & Casualty","65.6","59.02","Sell","Jul 24, 2026","Downtrend","Aug 10, 2026","227459.83","-1.64","0.32","0.18","Moving Down","M1S1","",,="6/9","<1","false","Swing"
"TCBI","Texas Capital Bancshares, Inc. Common Stock","Financials","Banks - Regional","100.86","49.73","Sell","Jul 24, 2026","Neutral","Aug 12, 2026","478517.9","90.96","3.22","0.51","Moving Up","M1S1","",,="7/9","<1","false","Swing"
"WNEB","Western New England Bancorp, Inc. Common Stock","Financials","Banks - Regional","14.06","45.38","Sell","Jul 24, 2026","Neutral","Aug 11, 2026","50194.63","150.02","4.81","0.43","Moving Up","M1S1","",,="6/9","<1","false","Swing"
"XMTR","Xometry, Inc. Class A Common Stock","Industrials","Industrial Distribution","93.09","54.28","Sell","Jul 24, 2026","Neutral","Aug 07, 2026","821622","131.51","1.04","1.82","Moving Down","","",,="6/9","<1","false","Swing"
"ACGL","Arch Capital Group Ltd. Common Stock","Financials","Insurance - Diversified","97.29","59.48","Sell","Jul 23, 2026","Downtrend","Aug 07, 2026","1769360.6","46.6","0.93","-0.99","Moving Down","M1S1","",,="6/9","<1","false","Swing"
"ACIW","ACI Worldwide, Inc. Common Stock","Technology","Software - Infrastructure","52.75","69.94","Sell","Jul 23, 2026","Neutral","Aug 12, 2026","1127515.5","-1.17","0.32","0.98","Moving Down","M1S1","",,="6/9","<1","false","Swing"
"AGNC","AGNC Investment Corp. Common Stock","Real Estate","REIT - Mortgage","10.88","62.78","Sell","Jul 23, 2026","Neutral","Aug 07, 2026","18968401.53","34.12","6.17","-0.09","Moving Up","","",,="5/9","<1","false","Swing"
"AXP","American Express Company Common Stock","Financials","Credit Services","344.08","53.68","Sell","Jul 23, 2026","Neutral","Aug 07, 2026","2785866.07","90.88","1.38","0.96","Moving Down","M1S1","",,="6/9","<1","false","Swing"
"BCX","BlackRock Resources Common Shares of Beneficial Interest","Financials","Closed-End Fund - Equity","12.66","80.01","Buy","Jul 23, 2026","Uptrend","Jul 22, 2026","157781.2","-0.91","0.35","0.08","Moving Up","M1S1","",,="9/9","<1","false","Swing"
"BMI","Badger Meter, Inc. Common Stock","Technology","Scientific & Technical Instruments","134.77","54.27","Sell","Jul 23, 2026","Downtrend","Aug 10, 2026","477948.5","-33.58","0.31","-0.67","Moving Down","M1S1","",,="6/9","<1","false","Swing"
"BOX","Box, Inc. Class A Common Stock","Technology","Software - Infrastructure","32.35","84.45","Sell","Jul 23, 2026","Uptrend","Jun 29, 2026","2788483.8","-87.02","0.1","-1.46","Moving Down","M1S1","",,="7/9","<1","false","Swing"
"CHKP","Check Point Software Technologies Ltd. Ordinary Shares","Technology","Software - Infrastructure","129.29","35.97","Sell","Jul 23, 2026","Downtrend","Aug 11, 2026","1271673.57","-65.54","0.06","0.13","Moving Down","M1S1","",,="6/9","<1","false","Swing"
"CNX","CNX Resources Corporation Common Stock","Energy","Oil & Gas E&P","35.74","53.28","Buy","Jul 23, 2026","Uptrend","Jul 29, 2026","1641816.83","169.35","1.44","-1.08","Moving Up","M1S1","",,="8/9","<1","false","Swing"
"CRSR","Corsair Gaming, Inc. Common Stock","Technology","Computer Hardware","12.92","88.44","Buy","Jul 23, 2026","Uptrend","Jun 29, 2026","1903532.03","22.96","10.36","0.7","Moving Up","M1S1","",,="9/9","<1","false","Swing"
"DDS","Dillard's, Inc. Common Stock","Discretionary","Department Stores","636.02","55.52","Buy","Jul 23, 2026","Uptrend","Jul 22, 2026","124911.6","158.74","0.49","-1.55","Moving Up","","",,="6/9","<1","false","Swing"
"DORM","Dorman Products, Inc. Common Stock","Discretionary","Auto Parts","133.63","67.24","Sell","Jul 23, 2026","Neutral","Aug 12, 2026","324931.6","-85.91","0.16","0.44","Moving Down","","",,="4/9","<1","false","Swing"
"E","ENI S.p.A. Common Stock","Energy","Oil & Gas Integrated","55.12","75.42","Buy","Jul 23, 2026","Uptrend","Jul 29, 2026","395263.87","94.45","2.84","-0.67","Moving Up","M1S1","",,="8/9","<1","false","Swing"
"EBAY","eBay Inc. Common Stock","Discretionary","Internet Retail","102.31","54.35","Sell","Jul 23, 2026","Downtrend","Aug 10, 2026","3754462.63","167.6","2.38","-3.49","Moving Down","","",,="4/9","<1","false","Swing"
"FBNC","First Bancorp Common Stock","Financials","Banks - Regional","65.71","67.97","Sell","Jul 23, 2026","Uptrend","Jun 04, 2026","245002.8","179.17","6.61","0.77","Moving Up","M1S1","",,="8/9","<1","false","Swing"
"FBRX","Forte Biosciences, Inc. Common Stock","Health Care","Biotechnology","76.78","74.39","Sell","Jul 23, 2026","Uptrend","Jul 09, 2026","1902582.9","660.27","5.34","-0.12","Moving Down","M1S1","",,="7/9","<1","false","Swing"
"FCBC","First Community Bankshares, Inc. (VA) Common Stock","Financials","Banks - Regional","49.01","75.43","Buy","Jul 23, 2026","Uptrend","Jun 04, 2026","85742.27","64.57","1.65","0.93","Moving Up","M1S1","",,="9/9","<1","false","Swing"
"FFIN","First Financial Bankshares, Inc. Common Stock","Financials","Banks - Regional","34.95","71.62","Sell","Jul 23, 2026","Uptrend","Jun 04, 2026","763448.87","0.78","1.41","0.43","Moving Down","M1S1","",,="7/9","<1","false","Swing"
"FMNB","Farmers National Banc Corp. Common Stock","Financials","Banks - Regional","16.15","70.65","Buy","Jul 23, 2026","Uptrend","Jul 15, 2026","421010.6","32.72","3.39","0.56","Moving Up","M1S1","",,="8/9","<1","false","Swing"
"FPF","First Trust Intermediate Duration Preferred & Income Fund Common Shares of Beneficial Interest","Financials","Closed-End Fund - Debt","17.8","47.93","Sell","Jul 23, 2026","Downtrend","Jul 23, 2026","94126.47","37.35","5.43","0.28","Moving Up","M1S1","",,="6/9","<1","false","Swing"
"FRHC","Freedom Holding Corp. Common Stock","Financials","Financial Conglomerates","151.33","41.69","Sell","Jul 23, 2026","Neutral","Aug 10, 2026","143253.63","716.76","2.5","0.22","Moving Down","M1S1","",,="5/9","<1","false","Swing"
"GEL","Genesis Energy, L.P. Common Units","Energy","Oil & Gas Midstream","15.87","60.32","Buy","Jul 23, 2026","Uptrend","Aug 10, 2026","213751.73","97.01","117.58","2.45","Moving Up","M1S1","",,="8/9","<1","false","Swing"
"GM","General Motors Company Common Stock","Discretionary","Auto Manufacturers","86.76","80.67","Buy","Jul 23, 2026","Uptrend","Jul 22, 2026","6415773.07","84.48","1.89","-2.9","Moving Up","","Negative",,="7/9","<1","false","Swing"
"GRPN","Groupon, Inc. Common Stock","Communication","Internet Content & Information","22.15","59.73","Sell","Jul 23, 2026","Downtrend","Aug 10, 2026","1604660.03","-21.27","9.78","1.28","Moving Down","","",,="5/9","<1","false","Swing"
"GUG","Guggenheim Active Allocation Fund Common Shares of Beneficial Interest","Financials","Asset Management","15.45","35.42","Sell","Jul 23, 2026","Downtrend","Jul 23, 2026","90540.8","-12","0.22","-0.06","Moving Down","M1S1","",,="6/9","<1","false","Swing"
"HBAN","Huntington Bancshares Incorporated Common Stock","Financials","Banks - Regional","17.86","52.55","Sell","Jul 23, 2026","Uptrend","Aug 12, 2026","24987402.67","58.63","5.95","0.51","Moving Up","M1S1","",,="7/9","<1","false","Swing"
"IMKTA","Ingles Markets, Incorporated Class A Common Stock","Staples","Grocery Stores","87.53","59.77","Sell","Jul 23, 2026","Downtrend","Aug 06, 2026","121168.87","16.61","0.45","0.95","Moving Down","","",,="4/9","<1","false","Swing"
"INVX","Innovex International, Inc. Common Stock","Energy","Oil & Gas Equipment & Services","30.39","69.71","Buy","Jul 23, 2026","Uptrend","Jul 30, 2026","566199.27","-25.01","4.24","0.83","Moving Up","M1S1","",,="9/9","<1","false","Swing"
"KEY","KeyCorp Common Stock","Financials","Banks - Regional","22.89","66.04","Sell","Jul 23, 2026","Neutral","Jul 30, 2026","10067452.5","36.18","1.73","0.88","Moving Down","M1S1","",,="6/9","<1","false","Swing"
"LWAY","Lifeway Foods, Inc. Common Stock","Staples","Packaged Foods","29.22","63.22","Sell","Jul 23, 2026","Neutral","Aug 12, 2026","151986.23","910.78","1.94","-1.55","Moving Down","","",,="4/9","<1","false","Swing"
"MCB","Metropolitan Bank Holding Corp. Common Stock","Financials","Banks - Regional","94.59","42.53","Sell","Jul 23, 2026","Neutral","Aug 12, 2026","148994.27","101.62","7.64","1.8","Moving Up","M1S1","",,="7/9","<1","false","Swing"
"MLTX","MoonLake Immunotherapeutics Class A Ordinary Shares","Health Care","Biotechnology","17.23","36.16","Sell","Jul 23, 2026","Downtrend","Jul 31, 2026","1252285.2","-713.28","0.01","3.86","Moving Down","M1S1","",,="6/9","<1","false","Swing"
"MSCI","MSCI Inc. Common Stock","Financials","Financial Data & Stock Exchanges","563.01","37.38","Sell","Jul 23, 2026","Downtrend","Jul 23, 2026","710307.23","42.3","1.03","0.23","Moving Down","M1S1","",,="6/9","<1","false","Swing"
"MTN","Vail Resorts, Inc. Common Stock","Discretionary","Resorts & Casinos","148.36","76.22","Sell","Jul 23, 2026","Uptrend","Jun 18, 2026","655913.73","-76.24","1.64","0.47","Moving Down","","",,="5/9","<1","false","Swing"
"NKE","Nike, Inc. Common Stock","Discretionary","Footwear & Accessories","40.51","49.96","Sell","Jul 23, 2026","Downtrend","Jul 22, 2026","21283716.07","-90.04","2","-1.96","Moving Down","","",,="4/9","<1","false","Swing"
"NLY","Annaly Capital Management Inc. Common Stock","Real Estate","REIT - Mortgage","23.11","69.62","Sell","Jul 23, 2026","Uptrend","Jul 24, 2026","7304480.5","-3.99","11.34","-0.13","Moving Up","","",,="5/9","<1","false","Swing"
"OMCL","Omnicell, Inc. Common Stock ($0.001 par value)","Health Care","Health Information Services","37.13","50.54","Sell","Jul 23, 2026","Downtrend","Jul 29, 2026","764671.17","20.19","4.68","0.73","Moving Down","M1S1","",,="6/9","<1","false","Swing"
"PBI","Pitney Bowes Inc. Common Stock","Industrials","Integrated Freight & Logistics","16.6","48.88","Sell","Jul 23, 2026","Downtrend","Aug 10, 2026","1862943.1","267.39","1.76","0.36","Moving Down","","",,="6/9","<1","false","Swing"
"PFE","Pfizer, Inc. Common Stock","Health Care","Drug Manufacturers - General","26.31","75.3","Buy","Jul 23, 2026","Uptrend","Aug 04, 2026","40990301","5.42","4.14","-1.16","Moving Up","M1S1","Positive",,="9/9","<1","false","Swing"
"PKOH","Park-Ohio Holdings Corp. Common Stock","Industrials","Specialty Industrial Machinery","49.38","91.06","Buy","Jul 23, 2026","Uptrend","Apr 09, 2026","90574.03","36.58","1.63","3.54","Moving Up","","",,="9/9","<1","false","Swing"
"PLSE","Pulse Biosciences, Inc Common Stock (DE)","Health Care","Medical Instruments & Supplies","43.32","87.9","Buy","Jul 23, 2026","Uptrend","May 13, 2026","372483.03","-17.3","0.29","-2.43","Moving Up","M1S1","",,="8/9","<1","false","Swing"
"PMTS","CPI Card Group Inc. Common Stock","Financials","Credit Services","29.57","97.85","Buy","Jul 23, 2026","Uptrend","Jun 04, 2026","65760.5","197.77","4.39","-3.05","Moving Up","M1S1","",,="9/9","<1","false","Swing"
"PSO","Pearson, Plc Common Stock","Communication","Publishing","16.12","74.04","Sell","Jul 23, 2026","Downtrend","Aug 12, 2026","825495.33","18.12","0.51","-0.25","Moving Down","","",,="5/9","<1","false","Swing"
"QGEN","Qiagen N.V. Common Shares","Health Care","Diagnostics & Research","43","62.88","Sell","Jul 23, 2026","Uptrend","Jun 24, 2026","2850958.23","-59.53","0.1","0.82","Moving Down","M1S1","",,="7/9","<1","false","Swing"
"RCKY","Rocky Brands, Inc. Common Stock","Discretionary","Footwear & Accessories","47.47","70.19","Buy","Jul 23, 2026","Uptrend","Jul 09, 2026","66265.23","-192.99","0.1","0.04","Moving Up","","",,="7/9","<1","false","Swing"
"REZI","Resideo Technologies, Inc. Common Stock ","Industrials","Industrial Distribution","25.71","14.26","Sell","Jul 23, 2026","Downtrend","Aug 04, 2026","1784423.97","37.91","13.17","6.06","Moving Down","","",,="6/9","<1","false","Swing"
"RGCO","RGC Resources Inc. Common Stock","Utilities","Utilities - Regulated Gas","21.57","26.68","Sell","Jul 23, 2026","Downtrend","Jul 23, 2026","15170.07","-199.83","0.07","1.36","Moving Down","","",,="4/9","<1","false","Swing"
"RSG","Republic Services, Inc. Common Stock","Industrials","Waste Management","214.26","55.48","Sell","Jul 23, 2026","Neutral","Aug 07, 2026","1351320.73","45.71","0.76","-0.38","Moving Down","","",,="5/9","<1","false","Swing"
"RSI","Rush Street Interactive, Inc. Class A Common Stock","Discretionary","Gambling","24.28","14.34","Sell","Jul 23, 2026","Downtrend","Jul 30, 2026","2753252.87","148.9","1.06","-3.46","Moving Down","","",,="4/9","<1","false","Swing"
"RY","Royal Bank Of Canada Common Stock","Financials","Banks - Diversified","213.48","71.12","Sell","Jul 23, 2026","Uptrend","Apr 08, 2026","1233412.57","225.22","3.03","1.53","Moving Down","M1S1","",,="7/9","<1","false","Swing"
"SBUX","Starbucks Corporation Common Stock","Discretionary","Restaurants","108.49","66.72","Sell","Jul 23, 2026","Uptrend","Jun 23, 2026","7252483.73","-85.49","0.07","1.72","Moving Up","","",,="6/9","<1","false","Swing"
"SGU","Star Group L.P. Common Stock","Energy","Oil & Gas Refining & Marketing","12.69","36.57","Sell","Jul 23, 2026","Downtrend","Aug 10, 2026","21590.93","-78.29","0.18","0.48","Moving Down","M1S1","",,="6/9","<1","false","Swing"
"SIRI","SiriusXM Holdings Inc. Common Stock","Communication","Entertainment","28.44","64.66","Sell","Jul 23, 2026","Downtrend","Aug 10, 2026","4138284.13","-47.53","3.71","-0.25","Moving Down","","",,="5/9","<1","false","Swing"
"SNDA","Sonida Senior Living, Inc. Common Stock","Health Care","Medical Care Facilities","39.05","61.71","Sell","Jul 23, 2026","Downtrend","Aug 12, 2026","479619.1","-36.33","1.38","0.33","Moving Down","M1S1","",,="6/9","<1","false","Swing"
"SPGI","S&P Global Inc. Common Stock","Financials","Financial Data & Stock Exchanges","410.1","39.33","Sell","Jul 23, 2026","Downtrend","Jul 30, 2026","2092516","136.76","6.96","0.35","Moving Down","M1S1","",,="6/9","<1","false","Swing"
"STWD","STARWOOD PROPERTY TRUST, INC. Starwood Property Trust Inc.","Real Estate","REIT - Mortgage","16.46","58.41","Sell","Jul 23, 2026","Downtrend","Jul 20, 2026","4290581.83","5.24","3.87","-1.2","Moving Up","","",,="4/9","<1","false","Swing"
"T","AT&T Inc.","Communication","Telecom Services","24.25","67.88","Buy","Jul 23, 2026","Uptrend","Aug 06, 2026","73911666.1","12.19","3.09","-1.02","Moving Up","","",,="8/9","<1","false","Swing"
"THO","Thor Industries, Inc. Common Stock","Discretionary","Recreational Vehicles","78.97","50.52","Buy","Jul 23, 2026","Uptrend","Aug 03, 2026","624615.6","22.79","6.16","-2.88","Moving Up","","",,="6/9","<1","false","Swing"
"TLK","PT Telekomunikasi Indonesia, Tbk","Communication","Telecom Services","14.64","66.73","Buy","Jul 23, 2026","Neutral","Aug 10, 2026","772849.77","47.39","6.96","0.07","Moving Down","","",,="6/9","<1","false","Swing"
"TREE","LendingTree, Inc. Common Stock","Financials","Financial Conglomerates","31.64","28.47","Sell","Jul 23, 2026","Downtrend","Jul 24, 2026","370082.17","15.8","4.21","0.38","Moving Down","M1S1","",,="6/9","<1","false","Swing"
"TRU","TransUnion Common Stock","Financials","Financial Data & Stock Exchanges","79.44","70.2","Sell","Jul 23, 2026","Uptrend","Jun 30, 2026","2256467.03","-131.67","0.02","-1.16","Moving Down","M1S1","",,="7/9","<1","false","Swing"
"TTE","TotalEnergies SE Ordinary Shares","Energy","Oil & Gas Integrated","87.7","82.13","Buy","Jul 23, 2026","Uptrend","Jul 22, 2026","1553321.97","24.1","0.87","-0.28","Moving Up","M1S1","",,="8/9","<1","false","Swing"
"USLM","United States Lime & Minerals, Inc. Common Stock","Materials","Building Materials","119.3","52.37","Buy","Jul 23, 2026","Uptrend","Jul 24, 2026","170485.67","385.58","1.58","-0.98","Moving Up","","",,="9/9","<1","false","Swing"
"VET","Vermilion Energy Inc. Common (Canada)","Energy","Oil & Gas E&P","11.3","76","Buy","Jul 23, 2026","Uptrend","Aug 06, 2026","1417200.77","14.98","5.14","-0.44","Moving Down","M1S1","",,="8/9","<1","false","Swing"
"WAB","Westinghouse Air Brake Technologies Corporation Common Stock","Industrials","Railroads","295.54","88.81","Buy","Jul 23, 2026","Uptrend","Jul 22, 2026","964783.73","43.76","0.4","-0.84","Moving Up","","",,="9/9","<1","false","Swing"
"WEA","Western Asset Bond Fund Share of Beneficial Interest","Financials","Closed-End Fund - Debt","10.47","44.32","Sell","Jul 23, 2026","Downtrend","Jul 23, 2026","22823.83","4.23","1.61","-0.57","Moving Up","M1S1","",,="7/9","<1","false","Swing"
"ZTO","ZTO Express (Cayman) Inc. American Depositary Shares, each representing one Class A ordinary share.","Industrials","Integrated Freight & Logistics","23.14","51.8","Sell","Jul 23, 2026","Downtrend","Aug 12, 2026","1673500.67","-89.11","0.04","-0.04","Moving Down","","",,="6/9","<1","false","Swing"
"ACI","Albertsons Companies, Inc. Class A Common Stock","Staples","Grocery Stores","12.01","43.45","Sell","Jul 22, 2026","Downtrend","Jul 23, 2026","9438867.1","-66.21","2.54","-1.96","Moving Up","","",,="5/9","<1","false","Swing"
"AGYS","Agilysys, Inc. Common Stock (DE)","Technology","Software - Application","107.35","76.22","Sell","Jul 22, 2026","Uptrend","May 19, 2026","290059.23","324.5","2.66","0.73","Moving Down","M1S1","",,="7/9","<1","false","Swing"
"AMLX","Amylyx Pharmaceuticals, Inc. Common Stock","Health Care","Drug Manufacturers - Specialty & Generic","23.35","72.99","Buy","Jul 22, 2026","Uptrend","Jun 16, 2026","1785502.07","934.73","3.41","-1.18","Moving Down","M1S1","",,="8/9","<1","false","Swing"
"APA","APA Corporation Common Stock","Energy","Oil & Gas E&P","39.97","58.12","Buy","Jul 22, 2026","Uptrend","Aug 06, 2026","5463419.07","171.99","7.47","-1.6","Moving Up","M1S1","",,="9/9","<1","false","Swing"
"ARTNA","Artesian Resources Corporation Class A Common Stock","Utilities","Utilities - Regulated Water","35.08","69.32","Sell","Jul 22, 2026","Uptrend","Jun 23, 2026","31288.47","-102.23","0.04","0.09","Moving Up","","",,="6/9","<1","false","Swing"
"BAC","Bank of America Corporation Common Stock","Financials","Banks - Diversified","64.81","79.72","Sell","Jul 22, 2026","Uptrend","Jun 02, 2026","31068132.77","101.87","3.22","1.27","Moving Down","M1S1","Positive","true",="7/9","<1","false","Swing"
"BIO","Bio-Rad Laboratories, Inc. Class A Common Stock","Health Care","Medical Devices","362.08","81.67","Buy","Jul 22, 2026","Uptrend","Jul 09, 2026","294970","11.21","13.59","1.64","Moving Up","M1S1","",,="8/9","<1","false","Swing"
"CLBK","Columbia Financial, Inc. Common Stock","Financials","Banks - Regional","11.65","43.62","Sell","Jul 22, 2026","Downtrend","Jul 21, 2026","6650034.6","-157.18","0.95","5.05","Moving Up","M1S1","",,="7/9","<1","false","Swing"
"CLW","Clearwater Paper Corporation Common Stock","Materials","Paper & Paper Products","22.1","93.61","Buy","Jul 22, 2026","Uptrend","Jul 21, 2026","203762.23","-65.21","0.02","-2.51","Moving Up","","",,="9/9","<1","false","Swing"
"CMCO","Columbus McKinnon Corporation Common Stock","Industrials","Farm & Heavy Construction Machinery","19.28","95.24","Buy","Jul 22, 2026","Uptrend","Jul 30, 2026","721032.07","-31.29","4.8","-1.38","Moving Up","","",,="9/9","<1","false","Swing"
"COR","Cencora, Inc. Common Stock","Health Care","Medical Distribution","314.17","61.1","Sell","Jul 22, 2026","Uptrend","Jul 01, 2026","1504003.67","136.56","1.28","-5.9","Moving Down","M1S1","",,="7/9","<1","false","Swing"
"CRT","Cross Timbers Royalty Trust Common Stock","Energy","Oil & Gas E&P","10.1","52.48","Buy","Jul 22, 2026","Uptrend","Jul 23, 2026","14863.97","-128.82","0.17","1.41","Moving Up","M1S1","",,="9/9","<1","false","Swing"
"CRTO","Criteo S.A. American Depositary Shares","Communication","Advertising Agencies","17.36","37.03","Sell","Jul 22, 2026","Downtrend","Aug 05, 2026","491975.27","6.75","24.66","0.58","Moving Down","","",,="5/9","<1","false","Swing"
"CUE","Cue Biopharma, Inc. Common Stock","Health Care","Biotechnology","30.42","55.96","Sell","Jul 22, 2026","Neutral","Aug 11, 2026","174832.27","-148.18","1.56","7.72","Moving Up","M1S1","",,="7/9","<1","false","Swing"
"DECK","Deckers Outdoor Corporation Common Stock","Discretionary","Footwear & Accessories","91.2","40.21","Sell","Jul 22, 2026","Downtrend","Jul 21, 2026","2198620.63","226.41","2.77","-2.81","Moving Down","","",,="4/9","<1","false","Swing"
"ELAN","Elanco Animal Health Incorporated Common Stock","Health Care","Drug Manufacturers - Specialty & Generic","22.13","27.24","Sell","Jul 22, 2026","Downtrend","Aug 07, 2026","6935020.07","-56.38","2.42","-2.64","Moving Down","M1S1","",,="6/9","<1","false","Swing"
"ETSY","Etsy, Inc. Common Stock","Discretionary","Internet Retail","79.63","72.25","Sell","Jul 22, 2026","Uptrend","May 26, 2026","2932440.1","-84.18","0.11","0.19","Moving Down","","",,="5/9","<1","false","Swing"
"FE","FirstEnergy Corp. Common Stock","Utilities","Utilities - Regulated Electric","47.01","47.35","Sell","Jul 22, 2026","Downtrend","Aug 06, 2026","4303438.97","-33.88","0.04","0.36","Moving Down","","",,="4/9","<1","false","Swing"
"FUNC","First United Corporation Common Stock","Financials","Banks - Regional","45.61","75.11","Sell","Jul 22, 2026","Uptrend","May 26, 2026","25169.77","71.72","1.39","0.48","Moving Down","M1S1","",,="7/9","<1","false","Swing"
"HAS","Hasbro, Inc. Common Stock","Discretionary","Leisure","94.89","76.43","Buy","Jul 22, 2026","Uptrend","Jul 21, 2026","2226548.9","-29.75","0.58","-2.22","Moving Up","","",,="6/9","<1","false","Swing"
"IMOS","ChipMOS TECHNOLOGIES INC. American Depositary Shares","Technology","Semiconductors","56.47","34","Sell","Jul 22, 2026","Downtrend","Aug 12, 2026","131804.93","-80.48","0.22","-4.74","Moving Up","M1S1","",,="7/9","<1","false","Swing"
"IPAR","Interparfums, Inc. Common Stock","Staples","Household & Personal Products","118.08","70.35","Sell","Jul 22, 2026","Uptrend","Jun 09, 2026","307068.1","129.21","6.5","-1.63","Moving Down","","",,="5/9","<1","false","Swing"
"JRI","Nuveen Real Asset Income and Growth Fund Common Shares of Beneficial Interest","Financials","Closed-End Fund - Equity","12.71","54.98","Sell","Jul 22, 2026","Downtrend","Aug 03, 2026","124161.17","42.32","5.39","-0.16","Moving Down","M1S1","",,="6/9","<1","false","Swing"
"LYB","LyondellBasell Industries NV Ordinary Shares Class A (Netherlands)","Materials","Specialty Chemicals","62.8","72.83","Buy","Jul 22, 2026","Uptrend","Aug 10, 2026","4795710.27","-87.44","1.02","-1.84","Moving Up","","",,="9/9","<1","false","Swing"
"MKC","McCormick & Company, Incorporated Common Stock","Staples","Packaged Foods","52.97","67.65","Sell","Jul 22, 2026","Uptrend","Jul 28, 2026","3255414.73","13.47","4.21","0.15","Moving Down","","",,="4/9","<1","false","Swing"
"MMM","3M Company Common Stock","Industrials","Conglomerates","183.78","84.38","Buy","Jul 22, 2026","Uptrend","Jul 16, 2026","3267510.83","-19.99","0.09","0.35","Moving Up","","",,="8/9","<1","false","Swing"
"MMU","Western Asset Managed Municipals Fund, Inc. Common Stock","Financials","Closed-End Fund - Debt","10.09","36.37","Sell","Jul 22, 2026","Downtrend","Jul 22, 2026","119654.5","-5.96","0.02","-0.2","Moving Down","M1S1","",,="6/9","<1","false","Swing"
"MTW","Manitowoc Company, Inc. (The) Common Stock","Industrials","Farm & Heavy Construction Machinery","20.16","66.69","Buy","Jul 22, 2026","Uptrend","Jul 21, 2026","287981.3","19.78","3.77","3.6","Moving Up","","",,="8/9","<1","false","Swing"
"NEWT","NewtekOne, Inc. Common Stock","Financials","Banks - Regional","12.81","50.8","Sell","Jul 22, 2026","Downtrend","Aug 07, 2026","219698.2","67.22","60.18","0.63","Moving Down","M1S1","",,="6/9","<1","false","Swing"
"NVO","Novo Nordisk A/S Common Stock","Health Care","Drug Manufacturers - General","46.39","57.88","Sell","Jul 22, 2026","Downtrend","Aug 12, 2026","11479477.13","77.76","2.57","-1.65","Moving Down","M1S1","Positive",,="6/9","<1","false","Swing"
"ORKA","Oruka Therapeutics, Inc. Common Stock","Health Care","Biotechnology","107.4","60.28","Buy","Jul 22, 2026","Uptrend","Jun 09, 2026","1055618.7","39.76","0.82","2.6","Moving Up","M1S1","",,="9/9","<1","false","Swing"
"PFBC","Preferred Bank Common Stock","Financials","Banks - Regional","106.65","53.41","Sell","Jul 22, 2026","Uptrend","Jul 24, 2026","107890.53","119.59","2.95","-0.1","Moving Down","M1S1","",,="7/9","<1","false","Swing"
"PODD","Insulet Corporation Common Stock","Health Care","Medical Devices","145.06","36.97","Sell","Jul 22, 2026","Downtrend","Aug 05, 2026","1596593.03","88.14","23.2","0.25","Moving Down","M1S1","",,="6/9","<1","false","Swing"
"QDEL","QuidelOrtho Corporation Common Stock","Health Care","Medical Devices","14.83","41.79","Sell","Jul 22, 2026","Downtrend","Aug 07, 2026","1405606.57","-82.61","3.69","6","Moving Down","M1S1","",,="6/9","<1","false","Swing"
"QSR","Restaurant Brands International Inc. Common Shares","Discretionary","Restaurants","74.9","53.38","Sell","Jul 22, 2026","Neutral","Aug 12, 2026","2447463.47","-41.28","0.11","2.14","Moving Up","","",,="5/9","<1","false","Swing"
"SCCO","Southern Copper Corporation Common Stock","Materials","Copper","194.89","62.56","Buy","Jul 22, 2026","Uptrend","Jul 30, 2026","1134353.1","-133.12","0.28","0.21","Moving Up","","",,="9/9","<1","false","Swing"
"SCHL","Scholastic Corporation Common Stock","Communication","Publishing","42","47.73","Sell","Jul 22, 2026","Downtrend","Aug 05, 2026","357050.33","2.5","0.37","1.62","Moving Down","","",,="4/9","<1","false","Swing"
"SKYH","Sky Harbour Group Corporation Class A Common Stock","Real Estate","Real Estate - Development","11.49","89.8","Buy","Jul 22, 2026","Uptrend","Jul 15, 2026","171446.53","-12.62","0.09","2.5","Moving Up","","",,="7/9","<1","false","Swing"
"TPC","Tutor Perini Corporation Common Stock","Industrials","Engineering & Construction","96.14","55.5","Buy","Jul 22, 2026","Uptrend","Jul 30, 2026","920199.6","320","1.25","-1.43","Moving Up","","",,="9/9","<1","false","Swing"
"TROW","T. Rowe Price Group, Inc. Common Stock","Financials","Asset Management","111.42","75.73","Sell","Jul 22, 2026","Downtrend","Aug 12, 2026","1998607.8","22.55","10.08","-2.05","Moving Down","M1S1","",,="6/9","<1","false","Swing"
"USNA","USANA Health Sciences, Inc. Common Stock","Staples","Packaged Foods","13.54","34.96","Sell","Jul 22, 2026","Downtrend","Aug 05, 2026","153215.63","-30.73","9.32","-1.6","Moving Down","","",,="4/9","<1","false","Swing"
"VEEE","Twin Vee PowerCats Co. Common Stock","Discretionary","Recreational Vehicles","12.5","54.66","Sell","Jul 22, 2026","Downtrend","Aug 12, 2026","4360323.2","-135.63","5.33","-2.19","Moving Down","","",,="4/9","<1","false","Swing"
"WCN","Waste Connections, Inc. Common Shares","Industrials","Waste Management","165.34","56.83","Sell","Jul 22, 2026","Downtrend","Aug 12, 2026","1269532.33","-33.39","0.26","-0.91","Moving Down","","",,="6/9","<1","false","Swing"
"XENE","Xenon Pharmaceuticals Inc. Common Shares","Health Care","Biotechnology","65.26","43.47","Sell","Jul 22, 2026","Uptrend","Aug 12, 2026","1067222.8","-117.12","0.23","3.23","Moving Down","M1S1","",,="6/9","<1","false","Swing"
"XYL","Xylem Inc. Common Stock New","Industrials","Specialty Industrial Machinery","121.93","51.54","Sell","Jul 22, 2026","Uptrend","Aug 03, 2026","1901524.57","63.37","2.92","-1.01","Moving Up","","",,="8/9","<1","false","Swing"
"ZION","Zions Bancorporation N.A. Common Stock","Financials","Banks - Regional","71.92","67.31","Sell","Jul 22, 2026","Uptrend","Jun 04, 2026","1626232.03","102.46","4.29","1.3","Moving Down","M1S1","",,="7/9","<1","false","Swing"
"AM","Antero Midstream Corporation Common Stock","Energy","Oil & Gas Midstream","22.24","31.52","Sell","Jul 21, 2026","Neutral","Aug 11, 2026","2168118.67","96.92","0.83","0.63","Moving Up","M1S1","",,="7/9","<1","false","Swing"
"BAND","Bandwidth Inc. Class A Common Stock","Technology","Software - Infrastructure","51.97","34.47","Sell","Jul 21, 2026","Downtrend","Jul 27, 2026","1240280.77","208.25","2.74","0.68","Moving Up","M1S1","",,="7/9","<1","false","Swing"
"BHF","Brighthouse Financial, Inc. Common Stock","Financials","Insurance - Life","59.82","23.69","Sell","Jul 21, 2026","Downtrend","Jul 29, 2026","657650.47","73.56","8.22","1.73","Moving Down","M1S1","",,="6/9","<1","false","Swing"
"BRO","Brown & Brown, Inc. Common Stock","Financials","Insurance Brokers","71.06","58.9","Sell","Jul 21, 2026","Uptrend","Jun 24, 2026","2616067.07","170.34","6.02","-0.53","Moving Down","M1S1","",,="7/9","<1","false","Swing"
"CWBC","Community West Bancshares Common Stock","Financials","Banks - Regional","25.83","44.73","Sell","Jul 21, 2026","Neutral","Aug 12, 2026","263331.4","155.18","9.8","1.41","Moving Down","M1S1","",,="6/9","<1","false","Swing"
"CWST","Casella Waste Systems, Inc. Class A Common Stock","Industrials","Waste Management","90.56","44.02","Sell","Jul 21, 2026","Downtrend","Aug 12, 2026","662668.2","-0.08","0.34","-2.12","Moving Down","","",,="6/9","<1","false","Swing"
"DFH","Dream Finders Homes, Inc. Class A Common Stock","Discretionary","Residential Construction","14.39","53.38","Sell","Jul 21, 2026","Downtrend","Jul 29, 2026","674473.83","-76.2","3.01","1.77","Moving Up","","",,="5/9","<1","false","Swing"
"DTM","DT Midstream, Inc. Common Stock ","Energy","Oil & Gas Midstream","136.12","10.68","Sell","Jul 21, 2026","Downtrend","Jul 27, 2026","814730.07","120.7","1.64","0.99","Moving Up","M1S1","",,="7/9","<1","false","Swing"
"EQR","Equity Residential Common Shares of Beneficial Interest","Real Estate","REIT - Residential","64.42","67.15","Sell","Jul 21, 2026","Downtrend","Aug 06, 2026","2811379.47","-60.58","0.61","-1.03","Moving Down","","",,="4/9","<1","false","Swing"
"ESCA","Escalade, Incorporated Common Stock","Discretionary","Leisure","20.65","59.79","Buy","Jul 21, 2026","Uptrend","Jul 16, 2026","44383.6","-250.55","0.15","-0.53","Moving Up","","",,="7/9","<1","false","Swing"
"EVG","Eaton Vance Short Diversified Income Fund Eaton Vance Short Duration Diversified Income Fund Common Shares of Beneficial Interest","Financials","Closed-End Fund - Debt","10.73","46.43","Sell","Jul 21, 2026","Neutral","Aug 12, 2026","37461.07","8.3","0.63","0.56","Moving Up","M1S1","",,="6/9","<1","false","Swing"
"FBIZ","First Business Financial Services, Inc. Common Stock","Financials","Banks - Regional","70.84","82.03","Buy","Jul 21, 2026","Uptrend","Jun 04, 2026","65996.57","179.62","2.16","-0.76","Moving Down","M1S1","",,="8/9","<1","false","Swing"
"FIBK","First Interstate BancSystem, Inc. Common Stock (DE)","Financials","Banks - Regional","38.53","57.07","Sell","Jul 21, 2026","Neutral","Aug 11, 2026","1196269.77","-23.78","0","1.34","Moving Down","M1S1","",,="5/9","<1","false","Swing"
"FLC","Flaherty & Crumrine Total Return Fund Inc Common Stock","Financials","Closed-End Fund - Debt","16.784","46.3","Sell","Jul 21, 2026","Downtrend","Aug 06, 2026","16584.1","26.43","4.97","-0.04","Moving Up","M1S1","",,="7/9","<1","false","Swing"
"GME","GameStop Corporation Common Stock","Discretionary","Specialty Retail","18.54","33.99","Sell","Jul 21, 2026","Downtrend","Jul 29, 2026","5387914.33","3246.19","8.65","-1.49","Moving Down","","",,="4/9","<1","false","Swing"
"IBKR","Interactive Brokers Group, Inc. Class A Common Stock","Financials","Capital Markets","91.66","41.39","Sell","Jul 21, 2026","Neutral","Aug 10, 2026","4683458.1","714.44","2.56","2.09","Moving Up","M1S1","",,="6/9","<1","false","Swing"
"IQI","Invesco Quality Municipal Income Trust Common Stock","Financials","Closed-End Fund - Debt","10.17","58.24","Sell","Jul 21, 2026","Uptrend","Aug 12, 2026","158885.63","21.57","4.43","0.79","Moving Up","M1S1","",,="7/9","<1","false","Swing"
"LE","Lands' End, Inc. Common Stock","Discretionary","Apparel Retail","12.73","61.06","Buy","Jul 21, 2026","Uptrend","Jul 24, 2026","263643.33","34.48","10.56","-2.68","Moving Down","","",,="6/9","<1","false","Swing"
"MHD","Blackrock MuniHoldings Fund, Inc. Common Stock","Financials","Closed-End Fund - Debt","11.59","42.69","Sell","Jul 21, 2026","Downtrend","Jul 22, 2026","338855.6","10.05","5.78","-0.17","Moving Down","M1S1","",,="6/9","<1","false","Swing"
"NOV","NOV Inc. Common Stock","Energy","Oil & Gas Equipment & Services","20.91","72.17","Buy","Jul 21, 2026","Uptrend","Aug 06, 2026","3433056.13","-89.47","0.57","-0.52","Moving Up","M1S1","",,="8/9","<1","false","Swing"
"OUT","OUTFRONT Media Inc. Common Stock","Real Estate","REIT - Specialty","30.03","49.89","Sell","Jul 21, 2026","Downtrend","Aug 06, 2026","1673537.9","12.48","0.9","0.37","Moving Down","","",,="4/9","<1","false","Swing"
"PFD","Flaherty & Crumrine Preferred and Income Fund Incorporated","Financials","Closed-End Fund - Debt","11.32","46.48","Sell","Jul 21, 2026","Downtrend","Jul 22, 2026","29253.8","31.89","12.33","-0.26","Moving Up","M1S1","",,="6/9","<1","false","Swing"
"PGZ","Principal Real Estate Income Fund Common Shares of Beneficial Interest","Financials","Closed-End Fund - Debt","10.2","58.55","Sell","Jul 21, 2026","Uptrend","Aug 07, 2026","17280.3","28.11","10.6","-0.39","Moving Down","M1S1","",,="6/9","<1","false","Swing"
"PRPO","Precipio, Inc.  Common Stock","Health Care","Diagnostics & Research","22.54","42.21","Sell","Jul 21, 2026","Downtrend","Aug 10, 2026","98139.6","-444.81","0.32","0.85","Moving Down","M1S1","",,="5/9","<1","false","Swing"
"PSN","Parsons Corporation Common Stock","Technology","Information Technology Services","48.28","41.26","Sell","Jul 21, 2026","Downtrend","Jul 29, 2026","1656451.3","42.37","3.88","0.06","Moving Up","M1S1","",,="7/9","<1","false","Swing"
"RMR","The RMR Group Inc. Class A Common Stock","Real Estate","Real Estate Services","19.72","39.1","Sell","Jul 21, 2026","Neutral","Aug 11, 2026","166338.17","7","1.29","0","Moving Up","","",,="5/9","<1","false","Swing"
"TIMB","TIM S.A. American Depositary Shares (Each representing 5 Common Shares) ","Communication","Telecom Services","18.19","9.96","Sell","Jul 21, 2026","Downtrend","Jul 23, 2026","536487.77","10.88","0.44","0.83","Moving Up","","",,="6/9","<1","false","Swing"
"VRNS","Varonis Systems, Inc. Common Stock","Technology","Software - Infrastructure","41.93","53.6","Sell","Jul 21, 2026","Neutral","Jul 31, 2026","1974334.73","37.59","4.48","-0.43","Moving Down","M1S1","",,="6/9","<1","false","Swing"
"AFG","American Financial Group, Inc. Common Stock","Financials","Insurance - Property & Casualty","144.77","80.23","Sell","Jul 20, 2026","Uptrend","Jun 15, 2026","415432.47","-60.72","0.13","0.29","Moving Down","M1S1","",,="6/9","<1","false","Swing"
"ALIT","Alight, Inc. Class A Common Stock","Technology","Software - Application","13.99","69.24","Sell","Jul 20, 2026","Downtrend","Aug 05, 2026","755343.5","-56.82","6.5","3.55","Moving Down","M1S1","",,="6/9","<1","false","Swing"
"ARDC","Ares Dynamic Credit Allocation Fund, Inc. Common Shares","Financials","Closed-End Fund - Debt","12.44","54.11","Sell","Jul 20, 2026","Downtrend","Aug 05, 2026","117626.87","50.8","3.37","-0.08","Moving Up","M1S1","",,="7/9","<1","false","Swing"
"ARR","ARMOUR Residential REIT, Inc.","Real Estate","REIT - Mortgage","16.64","51.48","Sell","Jul 20, 2026","Downtrend","Jul 17, 2026","4083360.33","11.95","3.34","-0.18","Moving Up","","",,="5/9","<1","false","Swing"
"BH","Biglari Holdings Inc. Class B Common Stock","Discretionary","Restaurants","390.96","77.92","Sell","Jul 20, 2026","Uptrend","Jun 08, 2026","155775.77","417.36","4.83","2.12","Moving Down","","",,="5/9","<1","false","Swing"
"CAF","Morgan Stanley China A Share Fund Inc. Common Stock","Financials","Closed-End Fund - Foreign","19.41","37.1","Sell","Jul 20, 2026","Downtrend","Jul 28, 2026","20539.73","37.67","15.01","0.26","Moving Up","M1S1","",,="7/9","<1","false","Swing"
"CDNA","CareDx, Inc. Common Stock","Health Care","Diagnostics & Research","47.31","87.74","Buy","Jul 20, 2026","Uptrend","Apr 16, 2026","1193302.43","5","3.78","0.17","Moving Down","M1S1","",,="8/9","<1","false","Swing"
"CII","BlackRock Enhanced Large Cap Core Fund, Inc. Common Stock","Financials","Closed-End Fund - Equity","24.76","53.31","Sell","Jul 20, 2026","Neutral","Aug 05, 2026","90342.33","40.33","0.88","0.04","Moving Up","M1S1","",,="7/9","<1","false","Swing"
"CNQ","Canadian Natural Resources Limited Common Stock","Energy","Oil & Gas E&P","47.57","79.64","Buy","Jul 20, 2026","Uptrend","Jul 17, 2026","6853989.73","86.48","0.81","-0.08","Moving Up","M1S1","",,="8/9","<1","false","Swing"
"CZWI","Citizens Community Bancorp, Inc. Common Stock","Financials","Banks - Regional","20.7","47.36","Sell","Jul 20, 2026","Downtrend","Jul 28, 2026","61545.07","133.46","3.84","0.93","Moving Down","M1S1","",,="6/9","<1","false","Swing"
"EXEL","Exelixis, Inc. Common Stock","Health Care","Biotechnology","50.38","39.45","Sell","Jul 20, 2026","Downtrend","Aug 10, 2026","2616852.43","-4.54","0.35","-1.85","Moving Down","M1S1","",,="6/9","<1","false","Swing"
"FIVE","Five Below, Inc. Common Stock","Discretionary","Specialty Retail","238.145","76.76","Buy","Jul 20, 2026","Uptrend","Jul 17, 2026","1038270.97","142.77","4.76","1.67","Moving Up","","",,="6/9","<1","false","Swing"
"FLGT","Fulgent Genetics, Inc. Common Stock","Health Care","Diagnostics & Research","18.71","59.76","Sell","Jul 20, 2026","Downtrend","Aug 11, 2026","293080.17","-32.22","10.53","-1.53","Moving Up","M1S1","",,="7/9","<1","false","Swing"
"FUND","Sprott Focus Trust, Inc. Common Stock","Financials","Closed-End Fund - Equity","10.61","46.85","Buy","Jul 20, 2026","Uptrend","Jul 27, 2026","35158.53","72.14","1.31","-0.47","Moving Up","M1S1","",,="9/9","<1","false","Swing"
"GGAL","Grupo Financiero Galicia S.A. American Depositary Shares","Financials","Banks - Regional","44.22","36.09","Sell","Jul 20, 2026","Downtrend","Aug 04, 2026","906857.93","518.35","4.4","-0.7","Moving Down","M1S1","",,="6/9","<1","false","Swing"
"IDA","IDACORP, Inc. Common Stock","Utilities","Utilities - Regulated Electric","141.95","44.43","Sell","Jul 20, 2026","Downtrend","Jul 29, 2026","519187.3","32.35","1.77","1.28","Moving Down","","",,="4/9","<1","false","Swing"
"IIM","Invesco Value Municipal Income Trust Common Stock","Financials","Closed-End Fund - Debt","12.69","58.7","Sell","Jul 20, 2026","Uptrend","Aug 12, 2026","89836.5","41.37","7.75","0.4","Moving Down","M1S1","",,="6/9","<1","false","Swing"
"INTU","Intuit Inc. Common Stock","Technology","Software - Application","334.71","69.92","Buy","Jul 20, 2026","Uptrend","Jul 28, 2026","3924584.2","-16.02","0.24","-0.51","Moving Up","M1S1","",,="8/9","<1","false","Swing"
"KAI","Kadant Inc Common Stock","Industrials","Specialty Industrial Machinery","334.08","83.36","Buy","Jul 20, 2026","Uptrend","Jul 30, 2026","121220.53","67","0.93","-1.26","Moving Up","","",,="8/9","<1","false","Swing"
"LDP","Cohen & Steers Limited Duration Preferred and Income Fund, Inc.","Financials","Closed-End Fund - Debt","20.59","42.1","Sell","Jul 20, 2026","Downtrend","Jul 23, 2026","57910","47.36","5.13","-0.39","Moving Down","M1S1","",,="6/9","<1","false","Swing"
"MAT","Mattel, Inc. Common Stock","Discretionary","Leisure","14.65","52.75","Buy","Jul 20, 2026","Uptrend","Aug 06, 2026","4763621.23","-7.97","0.2","-2.53","Moving Down","","",,="6/9","<1","false","Swing"
"MATV","Mativ Holdings, Inc. Common Stock","Materials","Specialty Chemicals","12.5","66.87","Buy","Jul 20, 2026","Uptrend","Jul 27, 2026","560904.63","-85.57","2.46","-2.34","Moving Up","","",,="9/9","<1","false","Swing"
"MD","Pediatrix Medical Group, Inc. Common Stock","Health Care","Medical Care Facilities","26.5","73.05","Sell","Jul 20, 2026","Uptrend","Aug 05, 2026","808253.5","-33.68","0.34","1.38","Moving Down","M1S1","",,="7/9","<1","false","Swing"
"MPA","Blackrock MuniYield Pennsylvania Quality Fund Common Stock","Financials","Closed-End Fund - Debt","11.145","38.5","Sell","Jul 20, 2026","Downtrend","Jul 20, 2026","20893.03","35.74","24.4","0.32","Moving Up","M1S1","",,="6/9","<1","false","Swing"
"MPB","Mid Penn Bancorp Common Stock","Financials","Banks - Regional","38.24","81.31","Buy","Jul 20, 2026","Uptrend","Jun 08, 2026","166484.2","106.57","4.73","1.14","Moving Up","M1S1","",,="9/9","<1","false","Swing"
"MUA","Blackrock MuniAssets Fund, Inc Common Stock","Financials","Closed-End Fund - Debt","10.24","30.88","Sell","Jul 20, 2026","Downtrend","Jul 21, 2026","252386.3","29.84","12.87","0.59","Moving Down","M1S1","",,="6/9","<1","false","Swing"
"MUC","Blackrock MuniHoldings California Quality Fund, Inc.  Common Stock","Financials","Closed-End Fund - Debt","10.78","41.36","Sell","Jul 20, 2026","Neutral","Aug 11, 2026","355617.57","29.39","57.21","0","Moving Up","M1S1","",,="6/9","<1","false","Swing"
"NTCT","NetScout Systems, Inc. Common Stock","Technology","Software - Infrastructure","39.49","54.24","Sell","Jul 20, 2026","Downtrend","Aug 06, 2026","579137.07","-91.23","0.13","2.31","Moving Down","M1S1","",,="6/9","<1","false","Swing"
"OOMA","Ooma, Inc. Common Stock","Technology","Software - Application","20.14","61.74","Sell","Jul 20, 2026","Uptrend","Jun 24, 2026","353618.83","115.28","7.48","-4.23","Moving Down","M1S1","",,="7/9","<1","false","Swing"
"OSBC","Old Second Bancorp, Inc. Common Stock","Financials","Banks - Regional","25.8","81.47","Buy","Jul 20, 2026","Uptrend","Jun 04, 2026","431923.67","144.67","3.27","1.38","Moving Up","M1S1","",,="9/9","<1","false","Swing"
"PENG","Penguin Solutions, Inc. Common Stock","Technology","Information Technology Services","58.73","57.64","Sell","Jul 20, 2026","Neutral","Aug 11, 2026","3951396.57","-179.87","0.16","2.44","Moving Up","M1S1","",,="7/9","<1","false","Swing"
"POR","Portland General Electric Co Common Stock","Utilities","Utilities - Regulated Electric","48.8","37.38","Sell","Jul 20, 2026","Downtrend","Jul 29, 2026","1023985.07","8.19","6.76","0.85","Moving Down","","",,="4/9","<1","false","Swing"
"PPLI","People Incorporated Common Stock","Communication","Internet Content & Information","40.59","46.8","Sell","Jul 20, 2026","Downtrend","Aug 06, 2026","959353.2","-51.77","0.04","1.63","Moving Down","","",,="5/9","<1","false","Swing"
"PSF","Cohen & Steers Select Preferred and Income Fund, Inc. Common Stock","Financials","Closed-End Fund - Debt","19.51","46.38","Sell","Jul 20, 2026","Downtrend","Jul 23, 2026","31160.87","84.82","876.22","0","Moving Down","M1S1","",,="6/9","<1","false","Swing"
"RBLX","Roblox Corporation Class A Common Stock","Communication","Electronic Gaming & Multimedia","35.54","25.61","Sell","Jul 20, 2026","Downtrend","Jul 23, 2026","12300383.93","24.32","8.41","-1.88","Moving Up","","",,="6/9","<1","false","Swing"
"SPOK","Spok Holdings, Inc. Common Stock","Health Care","Health Information Services","10.98","58.35","Buy","Jul 20, 2026","Uptrend","Jul 27, 2026","153105.17","-22.37","0.2","-4.02","Moving Up","M1S1","",,="9/9","<1","false","Swing"
"SRV","NXG Cushing Midstream Energy Fund Common Shares of Beneficial Interest","Financials","Closed-End Fund - Equity","47.62","41.99","Sell","Jul 20, 2026","Downtrend","Jul 27, 2026","73680.9","-6.47","0.37","1.28","Moving Up","M1S1","",,="7/9","<1","false","Swing"
"TAP","Molson Coors Beverage Company Class B Common Stock","Staples","Beverages - Brewers","41.57","68.68","Buy","Jul 20, 2026","Uptrend","Jul 24, 2026","3060988.13","-22.65","2.9","-0.98","Moving Up","","",,="7/9","<1","false","Swing"
"TGT","Target Corporation Common Stock","Staples","Discount Stores","154","83.31","Buy","Jul 20, 2026","Uptrend","Jul 08, 2026","3712008.33","41.39","5.2","1.12","Moving Up","","Positive",,="6/9","<1","false","Swing"
"TNDM","Tandem Diabetes Care, Inc. Common Stock","Health Care","Medical Devices","23.44","83.51","Buy","Jul 20, 2026","Uptrend","Jul 17, 2026","2018063.57","-50.78","3.87","0","Moving Up","M1S1","",,="9/9","<1","false","Swing"
"ULTA","Ulta Beauty, Inc. Common Stock","Discretionary","Specialty Retail","531.89","79.17","Buy","Jul 20, 2026","Uptrend","Jul 28, 2026","542792.53","172.24","4.51","-1.75","Moving Up","","",,="7/9","<1","false","Swing"
"VCEL","Vericel Corporation Common Stock","Health Care","Biotechnology","44.73","59.66","Sell","Jul 20, 2026","Neutral","Aug 10, 2026","493135.73","-200.54","0.16","0.86","Moving Down","M1S1","",,="6/9","<1","false","Swing"
"WMB","Williams Companies, Inc. (The) Common Stock","Energy","Oil & Gas Midstream","73.7","38.78","Sell","Jul 20, 2026","Neutral","Aug 12, 2026","6500372.63","27.15","0.27","1.92","Moving Up","M1S1","",,="6/9","<1","false","Swing"
"ABT","Abbott Laboratories Common Stock","Health Care","Medical Devices","110.91","88.87","Buy","Jul 17, 2026","Uptrend","Jul 16, 2026","10849272.7","24.33","2.07","1.08","Moving Up","M1S1","",,="9/9","<1","false","Swing"
"ADSK","Autodesk, Inc. Common Stock","Technology","Software - Application","249.51","83.97","Buy","Jul 17, 2026","Uptrend","Jul 27, 2026","2071033.77","-31","0.18","-0.83","Moving Up","M1S1","",,="9/9","<1","false","Swing"
"APEI","American Public Education, Inc. Common Stock","Staples","Education & Training Services","45.13","39.32","Sell","Jul 17, 2026","Downtrend","Aug 06, 2026","356154.37","105.96","5.32","-1.29","Moving Down","","",,="4/9","<1","false","Swing"
"ARES","Ares Management Corporation Class A Common Stock","Financials","Asset Management","142.35","84.63","Buy","Jul 17, 2026","Uptrend","Jul 24, 2026","2148668.13","89.67","0.75","-0.53","Moving Up","M1S1","",,="9/9","<1","false","Swing"
"BFAM","Bright Horizons Family Solutions Inc. Common Stock","Discretionary","Personal Services","71.46","53.16","Sell","Jul 17, 2026","Downtrend","Aug 11, 2026","816825","8.67","3.62","-0.08","Moving Down","","",,="4/9","<1","false","Swing"
"BTT","BlackRock Municipal 2030 Target Term Trust","Financials","Closed-End Fund - Debt","22.61","46.41","Sell","Jul 17, 2026","Downtrend","Jul 17, 2026","78307.13","10.92","3.2","0.13","Moving Up","M1S1","",,="6/9","<1","false","Swing"
"CASS","Cass Information Systems, Inc Common Stock","Industrials","Specialty Business Services","57.94","87.46","Buy","Jul 17, 2026","Uptrend","Jun 05, 2026","74388.6","14.2","1.97","0.78","Moving Up","","",,="9/9","<1","false","Swing"
"CB","Chubb Limited  Common Stock","Financials","Insurance - Property & Casualty","343.33","59.77","Sell","Jul 17, 2026","Downtrend","Aug 12, 2026","1840435.83","71.62","1.48","-1.08","Moving Down","M1S1","",,="6/9","<1","false","Swing"
"CDP","COPT Defense Properties Common Shares of Beneficial Interest","Real Estate","REIT - Office","36.98","84.75","Sell","Jul 17, 2026","Neutral","Aug 12, 2026","869425.63","15.9","1.16","1.62","Moving Down","","",,="4/9","<1","false","Swing"
"CHCO","City Holding Company Common Stock","Financials","Banks - Regional","147.22","82.26","Buy","Jul 17, 2026","Uptrend","May 22, 2026","132901.53","0.36","0","0.61","Moving Down","M1S1","",,="8/9","<1","false","Swing"
"COP","ConocoPhillips Common Stock","Energy","Oil & Gas E&P","127.3","60.21","Buy","Jul 17, 2026","Uptrend","Jul 17, 2026","6321956.7","24.76","0.57","1.1","Moving Up","M1S1","",,="9/9","<1","false","Swing"
"DSGR","Distribution Solutions Group, Inc. Common Stock","Industrials","Industrial Distribution","34.81","87.87","Buy","Jul 17, 2026","Uptrend","Jul 16, 2026","264462.87","15.2","1.24","-0.17","Moving Up","","",,="9/9","<1","false","Swing"
"DVA","DaVita Inc. Common Stock","Health Care","Medical Care Facilities","181.5","39.09","Sell","Jul 17, 2026","Downtrend","Aug 05, 2026","935192.87","50.78","0.98","1.77","Moving Down","M1S1","",,="6/9","<1","false","Swing"
"EML","Eastern Company (The) Common Stock","Industrials","Tools & Accessories","25.65","56.53","Sell","Jul 17, 2026","Uptrend","Aug 12, 2026","18050.87","-10.26","1.18","5.04","Moving Up","","",,="7/9","<1","false","Swing"
"ESS","Essex Property Trust, Inc. Common Stock","Real Estate","REIT - Residential","281.27","65.94","Sell","Jul 17, 2026","Downtrend","Aug 10, 2026","438836.17","-60.54","0.05","-0.42","Moving Down","","",,="4/9","<1","false","Swing"
"FET","Forum Energy Technologies, Inc. Common Stock","Energy","Oil & Gas Equipment & Services","82.86","77.97","Buy","Jul 17, 2026","Uptrend","Jul 31, 2026","190310.47","191.44","4.39","-0.25","Moving Up","M1S1","",,="9/9","<1","false","Swing"
"FOXF","Fox Factory Holding Corp. Common Stock","Discretionary","Auto Parts","21.72","78.8","Buy","Jul 17, 2026","Uptrend","Jul 31, 2026","603378.67","69.12","7.02","0.84","Moving Up","","",,="7/9","<1","false","Swing"
"G","Genpact Limited Common Stock","Technology","Information Technology Services","33.95","86.97","Buy","Jul 17, 2026","Uptrend","Jul 24, 2026","2171243.13","21.04","6.57","-0.03","Moving Up","M1S1","",,="9/9","<1","false","Swing"
"GPK","Graphic Packaging Holding Company","Discretionary","Packaging & Containers","11.69","83.95","Buy","Jul 17, 2026","Uptrend","Jul 16, 2026","4717280.63","-134.46","0.64","-2.26","Moving Up","","",,="7/9","<1","false","Swing"
"HIMS","Hims & Hers Health, Inc. Class A Common Stock","Health Care","Drug Manufacturers - Specialty & Generic","29.97","53.73","Sell","Jul 17, 2026","Downtrend","Aug 11, 2026","14541163.1","983","8.37","-1.77","Moving Up","M1S1","",,="7/9","<1","false","Swing"
"HOOD","Robinhood Markets, Inc. Class A Common Stock","Financials","Capital Markets","94.91","48.99","Sell","Jul 17, 2026","Downtrend","Jul 24, 2026","20398406.7","753.23","2.69","0.56","Moving Up","M1S1","",,="7/9","<1","false","Swing"
"IIIN","Insteel Industries, Inc. Common Stock","Industrials","Metal Fabrication","32.82","76.84","Buy","Jul 17, 2026","Uptrend","Jul 14, 2026","264739.4","-196.13","0.13","0.34","Moving Up","","",,="9/9","<1","false","Swing"
"ILMN","Illumina, Inc. Common Stock","Health Care","Diagnostics & Research","192.91","73.47","Sell","Jul 17, 2026","Uptrend","May 01, 2026","1992469.43","-1.53","85.6","0.04","Moving Down","M1S1","Positive",,="7/9","<1","false","Swing"
"IOSP","Innospec Inc. Common Stock","Materials","Specialty Chemicals","93.12","91.09","Buy","Jul 17, 2026","Uptrend","Jul 16, 2026","163373.33","-25.22","1.05","-0.9","Moving Up","","",,="8/9","<1","false","Swing"
"JAKK","JAKKS Pacific, Inc. Common Stock","Discretionary","Leisure","25.16","65.94","Buy","Jul 17, 2026","Uptrend","Jul 10, 2026","109890.33","86.99","1.65","-1.1","Moving Down","","",,="6/9","<1","false","Swing"
"JOUT","Johnson Outdoors Inc. Class A Common Stock","Discretionary","Leisure","47.57","74.07","Buy","Jul 17, 2026","Uptrend","Jul 16, 2026","48176.27","-74.48","1.42","1","Moving Down","","",,="6/9","<1","false","Swing"
"MBUU","Malibu Boats, Inc. Class A Common Stock","Discretionary","Recreational Vehicles","29.34","72.14","Buy","Jul 17, 2026","Uptrend","Jul 16, 2026","216661.07","-201.42","0.46","-1.15","Moving Up","","",,="7/9","<1","false","Swing"
"MGA","Magna International, Inc. Common Stock","Discretionary","Auto Parts","69.71","78","Buy","Jul 17, 2026","Uptrend","Jul 15, 2026","1239787.53","13.51","1.19","-0.8","Moving Up","","",,="7/9","<1","false","Swing"
"MOH","Molina Healthcare Inc Common Stock","Health Care","Healthcare Plans","206.06","44.88","Sell","Jul 17, 2026","Neutral","Aug 12, 2026","1282950.67","-115.64","0.1","5.92","Moving Up","M1S1","",,="7/9","<1","false","Swing"
"MTUS","Metallus Inc. Common Shares","Materials","Steel","21.72","78.74","Buy","Jul 17, 2026","Uptrend","Jul 16, 2026","408599.07","267.65","4.64","0.05","Moving Up","","",,="8/9","<1","false","Swing"
"NAN","Nuveen New York Quality Municipal Income Fund Common Stock","Financials","Closed-End Fund - Debt","11.31","30.04","Sell","Jul 17, 2026","Downtrend","Jul 21, 2026","70636.8","18.26","6.14","0.52","Moving Up","M1S1","",,="7/9","<1","false","Swing"
"NRK","Nuveen New York AMT-Free Quality Municipal Income Fund ","Financials","Closed-End Fund - Debt","10.52","38.89","Sell","Jul 17, 2026","Neutral","Aug 10, 2026","232756.47","23.34","10.74","-0.09","Moving Up","M1S1","",,="6/9","<1","false","Swing"
"NUW","Nuveen AMT-Free Municipal Value Fund","Financials","Closed-End Fund - Debt","13.97","25.03","Sell","Jul 17, 2026","Downtrend","Jul 23, 2026","45163.2","-16.39","0.1","-0.07","Moving Down","M1S1","",,="6/9","<1","false","Swing"
"NX","Quanex Building Products Corporation Common Stock","Industrials","Building Products & Equipment","21.85","82.29","Buy","Jul 17, 2026","Uptrend","Aug 03, 2026","337083.9","-14.07","0.26","-0.18","Moving Up","","",,="8/9","<1","false","Swing"
"PRVA","Privia Health Group, Inc. Common Stock","Health Care","Health Information Services","21.54","9.28","Sell","Jul 17, 2026","Downtrend","Jul 27, 2026","1291491.33","-13.85","5.67","-2","Moving Down","M1S1","",,="6/9","<1","false","Swing"
"RAMP","LiveRamp Holdings, Inc. Common Stock","Technology","Software - Infrastructure","37.81","53.5","Sell","Jul 17, 2026","Uptrend","Apr 16, 2026","847985.33","-13.7","9.26","0.13","Moving Down","M1S1","",,="7/9","<1","false","Swing"
"ROKU","Roku, Inc. Class A Common Stock","Communication","Entertainment","151.79","60.07","Buy","Jul 17, 2026","Uptrend","Jun 12, 2026","2848740.8","-24.94","8.11","0.58","Moving Up","","",,="8/9","<1","false","Swing"
"ROST","Ross Stores, Inc. Common Stock","Discretionary","Apparel Retail","248.25","89.62","Buy","Jul 17, 2026","Uptrend","Jul 16, 2026","2180875.87","41.43","0.95","-1.41","Moving Down","","",,="5/9","<1","false","Swing"
"SHOO","Steven Madden, Ltd. Common Stock","Discretionary","Footwear & Accessories","47.7","82.99","Buy","Jul 17, 2026","Uptrend","Jul 16, 2026","1031766.9","26.48","6.08","-1.22","Moving Up","","",,="6/9","<1","false","Swing"
"SNDX","Syndax Pharmaceuticals, Inc. Common Stock","Health Care","Biotechnology","19.8","34.33","Sell","Jul 17, 2026","Downtrend","Jul 27, 2026","1642029.77","76.7","12.53","-2.41","Moving Up","M1S1","",,="7/9","<1","false","Swing"
"SPNT","SiriusPoint Ltd. Common Shares","Financials","Insurance - Reinsurance","22.9","33.34","Sell","Jul 17, 2026","Downtrend","Aug 05, 2026","700159.37","59.27","1.44","1.55","Moving Down","M1S1","",,="6/9","<1","false","Swing"
"SRE","DBA Sempra Common Stock","Utilities","Utilities - Diversified","85.92","31.38","Sell","Jul 17, 2026","Downtrend","Jul 27, 2026","3267816.43","-25.76","0.17","0.51","Moving Down","","",,="4/9","<1","false","Swing"
"SSB","SouthState Bank Corporation Common Stock","Financials","Banks - Regional","110.36","77.3","Buy","Jul 17, 2026","Uptrend","Jun 10, 2026","882286.23","62.46","5.46","-0.02","Moving Up","M1S1","",,="8/9","<1","false","Swing"
"TAC","TransAlta Corporation Ordinary Shares","Utilities","Utilities - Independent Power Producers","12.4","42.98","Sell","Jul 17, 2026","Downtrend","Jul 28, 2026","1281033.43","244.91","6.7","-0.64","Moving Down","","",,="4/9","<1","false","Swing"
"TM","Toyota Motor Corporation Common Stock","Discretionary","Auto Manufacturers","188.22","64.21","Buy","Jul 17, 2026","Uptrend","Jul 27, 2026","439270.5","-39.63","0.16","-0.84","Moving Up","","",,="7/9","<1","false","Swing"
"TNGX","Tango Therapeutics, Inc.","Health Care","Biotechnology","25.58","26.23","Sell","Jul 17, 2026","Downtrend","Aug 11, 2026","2476969.97","23.93","0.44","-2.89","Moving Down","M1S1","",,="6/9","<1","false","Swing"
"TXN","Texas Instruments Incorporated Common Stock","Technology","Semiconductors","276.59","47.15","Sell","Jul 17, 2026","Downtrend","Jul 23, 2026","7536273.33","119.05","2.78","-1.65","Moving Up","M1S1","",,="7/9","<1","false","Swing"
"UDR","UDR, Inc. Common Stock","Real Estate","REIT - Residential","37.23","66.07","Sell","Jul 17, 2026","Downtrend","Jul 30, 2026","3129367.4","-19.68","2.08","-0.19","Moving Down","","",,="3/9","<1","false","Swing"
"USB","U.S. Bancorp Common Stock","Financials","Banks - Regional","65.02","76.33","Sell","Jul 17, 2026","Uptrend","Jun 05, 2026","7578077.8","33.33","6.78","1.14","Moving Down","M1S1","",,="7/9","<1","false","Swing"
"UTI","Universal Technical Institute Inc Common Stock","Staples","Education & Training Services","25.64","14.79","Sell","Jul 17, 2026","Downtrend","Aug 06, 2026","1324126.47","93.92","1.02","0.59","Moving Down","","",,="4/9","<1","false","Swing"
"VLT","Invesco High Income Trust II","Financials","Closed-End Fund - Debt","10.1","38.42","Sell","Jul 17, 2026","Downtrend","Jul 16, 2026","25147.7","58.18","5.62","0.3","Moving Down","M1S1","",,="6/9","<1","false","Swing"
"VRSN","VeriSign, Inc. Common Stock","Technology","Software - Infrastructure","282.94","88.09","Buy","Jul 17, 2026","Uptrend","Jul 24, 2026","814619.27","14.34","0.96","-1.63","Moving Down","M1S1","",,="8/9","<1","false","Swing"
"WGO","Winnebago Industries, Inc. Common Stock","Discretionary","Recreational Vehicles","32.38","68.64","Buy","Jul 17, 2026","Uptrend","Aug 03, 2026","581655.67","-101.7","1.1","-1.25","Moving Up","","",,="6/9","<1","false","Swing"
"WNC","Wabash National Corporation Common Stock","Industrials","Farm & Heavy Construction Machinery","12.45","71.28","Sell","Jul 17, 2026","Neutral","Aug 11, 2026","1361978.33","181.86","79.36","0.48","Moving Down","","",,="6/9","<1","false","Swing"
"XOM","Exxon Mobil Corporation Common Stock","Energy","Oil & Gas Integrated","159.75","65.88","Buy","Jul 17, 2026","Uptrend","Jul 16, 2026","14391946.43","82.4","1.34","-0.03","Moving Up","M1S1","Positive",,="9/9","<1","false","Swing"
"ALGN","Align Technology, Inc. Common Stock","Health Care","Medical Instruments & Supplies","174.015","48.97","Sell","Jul 16, 2026","Downtrend","Aug 11, 2026","935297.17","-5.47","20.58","0.61","Moving Down","M1S1","",,="5/9","<1","false","Swing"
"AMSF","AMERISAFE, Inc. Common Stock","Financials","Insurance - Specialty","27.87","14.3","Sell","Jul 16, 2026","Downtrend","Jul 23, 2026","243752.33","-43.86","2.51","-0.54","Moving Down","M1S1","",,="6/9","<1","false","Swing"
"ARL","American Realty Investors, Inc. Common Stock","Real Estate","Real Estate Services","15.02","27.5","Sell","Jul 16, 2026","Downtrend","Jul 20, 2026","15490.27","82.03","33.18","-1.25","Moving Down","","",,="4/9","<1","false","Swing"
"ASND","Ascendis Pharma A/S Ordinary Share","Health Care","Biotechnology","255.46","32.86","Sell","Jul 16, 2026","Neutral","Aug 06, 2026","512181.9","-171.29","0.1","0.35","Moving Up","M1S1","",,="7/9","<1","false","Swing"
"BIT","BlackRock Multi-Sector Income Trust Common Shares of Beneficial Interest","Financials","Closed-End Fund - Debt","12.28","50.53","Sell","Jul 16, 2026","Downtrend","Jul 15, 2026","275757.17","17.39","1.38","-0.24","Moving Up","M1S1","",,="6/9","<1","false","Swing"
"BP","BP p.l.c. Common Stock","Energy","Oil & Gas Integrated","42.93","56.14","Buy","Jul 16, 2026","Uptrend","Aug 10, 2026","8290956","101.33","6.84","-0.53","Moving Up","M1S1","",,="9/9","<1","false","Swing"
"CELC","Celcuity Inc. Common Stock","Health Care","Biotechnology","92.08","26.06","Sell","Jul 16, 2026","Downtrend","Jul 16, 2026","1428222.7","62.95","0.41","4.51","Moving Down","M1S1","",,="6/9","<1","false","Swing"
"CINF","Cincinnati Financial Corporation Common Stock","Financials","Insurance - Property & Casualty","172.47","62.22","Sell","Jul 16, 2026","Downtrend","Aug 10, 2026","814946.83","39.82","1.4","-0.43","Moving Down","M1S1","",,="6/9","<1","false","Swing"
"CPNG","Coupang, Inc. Class A Common Stock","Discretionary","Internet Retail","16.32","41.53","Sell","Jul 16, 2026","Downtrend","Jul 17, 2026","19256942.13","-28.59","0.04","-1.09","Moving Down","","",,="4/9","<1","false","Swing"
"CVX","Chevron Corporation Common Stock","Energy","Oil & Gas Integrated","196.6","63","Buy","Jul 16, 2026","Uptrend","Jul 15, 2026","7751585.87","37.92","1.29","-0.03","Moving Up","M1S1","",,="9/9","<1","false","Swing"
"CYTK","Cytokinetics, Incorporated Common Stock","Health Care","Biotechnology","75.64","39.27","Sell","Jul 16, 2026","Downtrend","Aug 07, 2026","1869851.97","-668.83","0.17","-1.06","Moving Down","M1S1","",,="6/9","<1","false","Swing"
"DSL","DoubleLine Income Solutions Fund Common Shares of Beneficial Interests","Financials","Closed-End Fund - Debt","10.74","50.62","Sell","Jul 16, 2026","Downtrend","Aug 10, 2026","541959.67","22.3","24.53","0.09","Moving Up","M1S1","",,="7/9","<1","false","Swing"
"ESNT","Essent Group Ltd. Common Shares","Financials","Insurance - Specialty","68.28","64.62","Sell","Jul 16, 2026","Uptrend","Jun 24, 2026","563218.13","-25.06","0.18","0.98","Moving Down","M1S1","",,="7/9","<1","false","Swing"
"FBIN","Fortune Brands Innovations, Inc. Common Stock","Industrials","Building Products & Equipment","48.87","68.01","Sell","Jul 16, 2026","Uptrend","Jun 09, 2026","2451402.43","21.9","12.1","-2.26","Moving Down","","",,="7/9","<1","false","Swing"
"FBK","FB Financial Corporation Common Stock","Financials","Banks - Regional","62.05","74.8","Buy","Jul 16, 2026","Uptrend","Jun 18, 2026","382349.83","94.46","3.73","1.06","Moving Up","M1S1","",,="9/9","<1","false","Swing"
"FINS","Angel Oak Financial Strategies Income Term Trust Common Shares of Beneficial Interest","Financials","Asset Management","12.65","54.95","Sell","Jul 16, 2026","Downtrend","Aug 12, 2026","40989.63","-12.77","0.18","-0.16","Moving Up","M1S1","",,="6/9","<1","false","Swing"
"FUSB","First US Bancshares, Inc. Common Stock","Financials","Banks - Regional","16.45","37.32","Sell","Jul 16, 2026","Neutral","Aug 12, 2026","4011.2","44.22","2.03","0","Moving Down","M1S1","",,="6/9","<1","false","Swing"
"HDB","HDFC Bank Limited Common Stock","Financials","Banks - Regional","23.11","33.74","Sell","Jul 16, 2026","Downtrend","Jul 21, 2026","8298955.57","15.94","5.78","-0.77","Moving Down","M1S1","",,="6/9","<1","false","Swing"
"HHH","Howard Hughes Holdings Inc. Common Stock","Real Estate","Real Estate - Diversified","66.72","44.21","Sell","Jul 16, 2026","Downtrend","Aug 07, 2026","382566.33","-19.37","7.19","-0.46","Moving Up","","",,="5/9","<1","false","Swing"
"HMN","Horace Mann Educators Corporation Common Stock","Financials","Insurance - Property & Casualty","51.54","76.6","Sell","Jul 16, 2026","Uptrend","May 18, 2026","254438.9","-58.24","0.15","-1.38","Moving Down","M1S1","",,="7/9","<1","false","Swing"
"HPS","John Hancock Preferred Income Fund III Preferred Income Fund III","Financials","Closed-End Fund - Debt","14.39","48.92","Sell","Jul 16, 2026","Neutral","Aug 12, 2026","49997.43","16.65","2.16","0.21","Moving Up","M1S1","",,="6/9","<1","false","Swing"
"LINC","Lincoln Educational Services Corporation Common Stock","Staples","Education & Training Services","29.8","16.72","Sell","Jul 16, 2026","Downtrend","Jul 16, 2026","807057.8","1192.31","2.93","-1.91","Moving Down","","",,="4/9","<1","false","Swing"
"LLY","Eli Lilly and Company Common Stock","Health Care","Drug Manufacturers - General","1220.28","65.06","Sell","Jul 16, 2026","Uptrend","Aug 10, 2026","2610826.7","480.89","1.3","0.43","Moving Up","M1S1","Negative",,="8/9","<1","false","Swing"
"LMND","Lemonade, Inc. Common Stock","Financials","Insurance - Property & Casualty","51.64","25.96","Sell","Jul 16, 2026","Downtrend","Jul 24, 2026","1582892.6","-200.4","0.17","-2.33","Moving Down","M1S1","",,="6/9","<1","false","Swing"
"MCY","Mercury General Corporation Common Stock","Financials","Insurance - Property & Casualty","105.52","52.97","Sell","Jul 16, 2026","Neutral","Aug 12, 2026","295397.73","90.55","1.96","-0.23","Moving Down","M1S1","",,="6/9","<1","false","Swing"
"MOS","Mosaic Company (The) Common Stock","Materials","Agricultural Inputs","22.6","64.44","Buy","Jul 16, 2026","Uptrend","Aug 04, 2026","7540343.43","38.55","18.13","-2.16","Moving Up","","",,="9/9","<1","false","Swing"
"NAC","Nuveen California Quality Municipal Income Fund","Financials","Closed-End Fund - Debt","11.86","32.15","Sell","Jul 16, 2026","Downtrend","Jul 17, 2026","387425.77","-15.47","0.12","0.08","Moving Up","M1S1","",,="7/9","<1","false","Swing"
"NATR","Nature's Sunshine Products, Inc. Common Stock","Staples","Packaged Foods","15.51","19.37","Sell","Jul 16, 2026","Downtrend","Jul 17, 2026","148103.97","84.25","3.35","-3","Moving Down","","",,="4/9","<1","false","Swing"
"NVG","Nuveen AMT-Free Municipal Credit Income Fund ","Financials","Closed-End Fund - Debt","12.39","37.46","Sell","Jul 16, 2026","Downtrend","Jul 20, 2026","459827.77","11.43","6.92","-0.32","Moving Down","M1S1","",,="6/9","<1","false","Swing"
"PGR","Progressive Corporation (The) Common Stock","Financials","Insurance - Property & Casualty","207.37","33.77","Sell","Jul 16, 2026","Downtrend","Aug 11, 2026","2747250.83","163.03","2.26","-2.35","Moving Up","M1S1","",,="7/9","<1","false","Swing"
"PNR","Pentair plc. Ordinary Share","Industrials","Specialty Industrial Machinery","65.77","33.27","Sell","Jul 16, 2026","Downtrend","Jul 15, 2026","3276238.2","66.03","4.01","-2.11","Moving Up","","","true",="7/9","<1","false","Swing"
"PNW","Pinnacle West Capital Corporation Common Stock","Utilities","Utilities - Regulated Electric","100.4","35.42","Sell","Jul 16, 2026","Downtrend","Jul 29, 2026","1175443.9","9.03","1.4","0.36","Moving Down","","",,="4/9","<1","false","Swing"
"RM","Regional Management Corp. Common Stock","Financials","Credit Services","32.17","26.1","Sell","Jul 16, 2026","Downtrend","Jul 30, 2026","93506.23","115.64","13.93","1.71","Moving Down","M1S1","",,="6/9","<1","false","Swing"
"RMM","RiverNorth Managed Duration Municipal Income Fund, Inc. Common Stock","Financials","Closed-End Fund - Debt","14.47","66.67","Sell","Jul 16, 2026","Downtrend","Aug 12, 2026","40639.4","-8.25","0.68","-0.62","Moving Up","M1S1","",,="7/9","<1","false","Swing"
"SWBI","Smith & Wesson Brands, Inc. Common Stock","Industrials","Aerospace & Defense","14.19","49.54","Sell","Jul 16, 2026","Downtrend","Aug 05, 2026","464330.83","-409.94","0.08","-0.21","Moving Down","","",,="5/9","<1","false","Swing"
"TIPT","Tiptree Inc. Common Stock","Financials","Insurance - Specialty","17.95","46.05","Sell","Jul 16, 2026","Uptrend","Aug 06, 2026","212521.57","75.7","1.65","-0.44","Moving Down","M1S1","",,="7/9","<1","false","Swing"
"UMBF","UMB Financial Corporation Common Stock","Financials","Banks - Regional","149.45","66.45","Sell","Jul 16, 2026","Uptrend","Apr 08, 2026","629868.33","53.21","1.11","1.29","Moving Down","M1S1","",,="7/9","<1","false","Swing"
"WDFC","WD-40 Company Common Stock","Materials","Specialty Chemicals","232.5","31.31","Sell","Jul 16, 2026","Neutral","Aug 07, 2026","171980.13","19.28","2.9","-0.26","Moving Down","","",,="6/9","<1","false","Swing"
"WDI","Western Asset Diversified Income Fund Common Shares of Beneficial Interest","Financials","Asset Management","13.21","54.05","Sell","Jul 16, 2026","Downtrend","Jul 23, 2026","196039.3","18.62","2.49","0.15","Moving Up","M1S1","",,="7/9","<1","false","Swing"
"WFC","Wells Fargo & Company Common Stock","Financials","Banks - Diversified","88.93","57.39","Sell","Jul 16, 2026","Uptrend","Jul 30, 2026","14372818.93","72.53","2.83","1.69","Moving Down","M1S1","",,="6/9","<1","false","Swing"
"YUM","Yum! Brands, Inc.","Discretionary","Restaurants","150.34","35.9","Sell","Jul 16, 2026","Downtrend","Jul 31, 2026","2693259.43","-40.51","0.22","3.86","Moving Down","","",,="4/9","<1","false","Swing"
"ZD","Ziff Davis, Inc. Common Stock","Communication","Advertising Agencies","54.94","77","Sell","Jul 16, 2026","Uptrend","May 28, 2026","629833.7","58.24","11.37","2.7","Moving Down","","",,="5/9","<1","false","Swing"
"ABBV","AbbVie Inc. Common Stock","Health Care","Drug Manufacturers - General","248.76","56.09","Sell","Jul 15, 2026","Neutral","Aug 06, 2026","5532811","83.4","1.23","-0.53","Moving Down","M1S1","",,="6/9","<1","false","Swing"
"AGIO","Agios Pharmaceuticals, Inc. Common Stock","Health Care","Biotechnology","34.21","24.97","Sell","Jul 15, 2026","Neutral","Aug 12, 2026","1176558.87","-63.58","0.12","4.65","Moving Up","M1S1","",,="7/9","<1","false","Swing"
"ALNY","Alnylam Pharmaceuticals, Inc. Common Stock","Health Care","Biotechnology","223.95","5.1","Sell","Jul 15, 2026","Downtrend","Jul 15, 2026","2081373.93","20.73","1.8","1.24","Moving Up","M1S1","",,="7/9","<1","false","Swing"
"ASX","ASE Technology Holding Co., Ltd. American Depositary Shares (each representing Two Common Shares) ","Technology","Semiconductors","39.28","55.46","Sell","Jul 15, 2026","Neutral","Aug 06, 2026","9836054.7","389.34","1.59","1.63","Moving Up","M1S1","",,="7/9","<1","false","Swing"
"AUBN","Auburn National Bancorporation, Inc. Common Stock","Financials","Banks - Regional","26.6","56.4","Sell","Jul 15, 2026","Neutral","Jul 30, 2026","1598.1","5.16","4.06","1.74","Moving Up","M1S1","",,="7/9","<1","false","Swing"
"BGT","BlackRock Floating Rate Income Trust","Financials","Closed-End Fund - Debt","11.06","69.3","Buy","Jul 15, 2026","Uptrend","Jul 22, 2026","121567.97","18.83","1.08","-0.18","Moving Up","M1S1","",,="9/9","<1","false","Swing"
"CHCI","Comstock Holding Companies, Inc. Class A Common Stock","Real Estate","Real Estate Services","14.85","28.18","Sell","Jul 15, 2026","Downtrend","Aug 06, 2026","25799.67","337.75","1.77","-0.13","Moving Up","","",,="5/9","<1","false","Swing"
"COLD","Americold Realty Trust, Inc. Common Stock","Real Estate","REIT - Industrial","14.6","60.08","Sell","Jul 15, 2026","Downtrend","Aug 10, 2026","4040456.73","-23.98","8.5","0.83","Moving Up","","",,="5/9","<1","false","Swing"
"CR","Crane Company Common Stock","Industrials","Specialty Industrial Machinery","222.93","70.37","Sell","Jul 15, 2026","Uptrend","Jul 30, 2026","456433.07","-0.19","0.4","1.07","Moving Down","","",,="6/9","<1","false","Swing"
"CRVL","CorVel Corp. Common Stock","Financials","Insurance Brokers","62.75","47.76","Sell","Jul 15, 2026","Uptrend","Aug 07, 2026","173913.1","38.21","0.88","2.53","Moving Up","M1S1","",,="7/9","<1","false","Swing"
"DEA","Easterly Government Properties, Inc. Common Stock","Real Estate","REIT - Office","24.6","49.57","Sell","Jul 15, 2026","Neutral","Aug 12, 2026","365068.4","-35.4","3.7","2.5","Moving Down","","",,="4/9","<1","false","Swing"
"DIN","Dine Brands Global, Inc. Common Stock","Discretionary","Restaurants","36.47","78.39","Sell","Jul 15, 2026","Uptrend","Jun 05, 2026","267092.33","-74.3","1.76","1.76","Moving Down","","",,="5/9","<1","false","Swing"
"DKNG","DraftKings Inc. Class A Common Stock","Discretionary","Gambling","25.51","62.87","Sell","Jul 15, 2026","Neutral","Aug 11, 2026","12721103.83","40.16","15.44","0.67","Moving Up","","",,="5/9","<1","false","Swing"
"EZPW","EZCORP, Inc. Class A Non Voting Common Stock","Financials","Credit Services","28.91","27.54","Sell","Jul 15, 2026","Downtrend","Jul 23, 2026","1020932.67","356.94","2.56","7.19","Moving Down","M1S1","",,="6/9","<1","false","Swing"
"HNVR","Hanover Bancorp, Inc. Common Stock","Financials","Banks - Regional","27.22","79.96","Buy","Jul 15, 2026","Uptrend","Jul 13, 2026","62220.13","75.52","2.99","0.07","Moving Down","M1S1","",,="8/9","<1","false","Swing"
"HRI","Herc Holdings Inc. Common Stock ","Industrials","Rental & Leasing Services","168.54","74.19","Buy","Jul 15, 2026","Uptrend","Jul 30, 2026","517848.63","56.11","0.67","-1.46","Moving Up","","",,="9/9","<1","false","Swing"
"HYI","Western Asset High Yield Opportunity Fund Inc. Common Stock","Financials","Closed-End Fund - Debt","10.5","58.17","Sell","Jul 15, 2026","Downtrend","Jul 14, 2026","63196.97","-19.27","0.13","-0.1","Moving Up","M1S1","",,="7/9","<1","false","Swing"
"IBM","International Business Machines Corporation Common Stock","Technology","Information Technology Services","235.98","27.12","Sell","Jul 15, 2026","Downtrend","Jul 14, 2026","11109055.87","-26.26","0.29","-1.02","Moving Up","M1S1","",,="7/9","<1","false","Swing"
"ICLR","ICON plc Ordinary Shares","Health Care","Diagnostics & Research","167.17","66.38","Sell","Jul 15, 2026","Neutral","Aug 04, 2026","787419.37","-50.67","0.08","0.96","Moving Down","M1S1","",,="6/9","<1","false","Swing"
"INTG","Intergroup Corporation (The) Common Stock","Discretionary","Lodging","35.19","30.92","Sell","Jul 15, 2026","Downtrend","Jul 16, 2026","110781.63","-140.94","0.14","5.33","Moving Up","","",,="5/9","<1","false","Swing"
"IRMD","iRadimed Corporation Common Stock","Health Care","Medical Devices","87.4","34.12","Sell","Jul 15, 2026","Downtrend","Jul 31, 2026","136490.47","-135.06","0.23","-1.73","Moving Down","M1S1","",,="6/9","<1","false","Swing"
"LAD","Lithia Motors, Inc. Common Stock","Discretionary","Auto & Truck Dealerships","378.55","77.41","Buy","Jul 15, 2026","Uptrend","Jul 02, 2026","334290.93","143.04","2.59","0.06","Moving Down","","",,="6/9","<1","false","Swing"
"LIN","Linde plc Ordinary Shares","Materials","Specialty Chemicals","479.43","36.13","Sell","Jul 15, 2026","Downtrend","Jul 20, 2026","2109579.07","15.55","0.72","-2.26","Moving Down","","",,="6/9","<1","false","Swing"
"LKFT","Lakefront Biotherapeutics American Depositary Shares","Health Care","Biotechnology","27.93","26.99","Sell","Jul 15, 2026","Downtrend","Aug 12, 2026","201613.43","-49.31","5.99","-2.78","Moving Up","M1S1","",,="7/9","<1","false","Swing"
"LNT","Alliant Energy Corporation Common Stock","Utilities","Utilities - Regulated Electric","70.24","29.16","Sell","Jul 15, 2026","Downtrend","Jul 27, 2026","2532341.67","-8.44","0.29","2.42","Moving Down","","",,="4/9","<1","false","Swing"
"MORN","Morningstar, Inc. Common Stock","Financials","Financial Data & Stock Exchanges","197.51","87.98","Buy","Jul 15, 2026","Uptrend","Jul 24, 2026","392145.27","1.74","0.15","1.09","Moving Up","M1S1","",,="9/9","<1","false","Swing"
"MT","Arcelor Mittal NY Registry Shares NEW","Materials","Steel","74.18","88.58","Buy","Jul 15, 2026","Uptrend","Jul 14, 2026","1620483.93","42.71","0.35","0.64","Moving Up","","",,="9/9","<1","false","Swing"
"NMZ","Nuveen Municipal High Income Opportunity Fund Common Stock, $0.01 par value, per share","Financials","Closed-End Fund - Debt","10.23","49.03","Sell","Jul 15, 2026","Downtrend","Jul 21, 2026","625427.3","41.41","60.6","-0.49","Moving Down","M1S1","",,="5/9","<1","false","Swing"
"NRC","NRC Health Common Stock","Health Care","Health Information Services","20.61","37.5","Sell","Jul 15, 2026","Neutral","Aug 07, 2026","101254.9","-71.21","3.34","-3.6","Moving Up","M1S1","",,="7/9","<1","false","Swing"
"NSIT","Insight Enterprises, Inc. Common Stock","Technology","Electronics & Computer Distribution","154.67","92.8","Buy","Jul 15, 2026","Uptrend","May 08, 2026","433176.63","118.88","3.06","2.46","Moving Up","M1S1","",,="8/9","<1","false","Swing"
"PDI","PIMCO Dynamic Income Fund Common Stock","Financials","Closed-End Fund - Debt","16.07","42.2","Sell","Jul 15, 2026","Downtrend","Jul 14, 2026","2525744.4","32.24","22.55","-0.43","Moving Up","M1S1","",,="7/9","<1","false","Swing"
"PNC","PNC Financial Services Group, Inc. (The) Common Stock","Financials","Banks - Regional","255.46","65.41","Sell","Jul 15, 2026","Uptrend","Jun 02, 2026","1763649.3","40.72","1.58","0.48","Moving Down","M1S1","",,="7/9","<1","false","Swing"
"PTA","Cohen & Steers Tax-Advantaged Preferred Securities and Income Fund Common Shares of Beneficial Interest","Financials","Closed-End Fund - Debt","18.94","58.01","Sell","Jul 15, 2026","Downtrend","Jul 16, 2026","105997.9","14.72","1.77","0.69","Moving Down","M1S1","",,="6/9","<1","false","Swing"
"RELX","RELX PLC PLC American Depositary Shares (Each representing One Ordinary Share)","Industrials","Specialty Business Services","34.55","79.81","Buy","Jul 15, 2026","Uptrend","Jul 24, 2026","2899949.1","-6.67","0.34","-2.32","Moving Down","","",,="8/9","<1","false","Swing"
"RFMZ","RiverNorth Flexible Municipal Income Fund II, Inc. Common Stock","Financials","Asset Management","13.36","66.42","Sell","Jul 15, 2026","Neutral","Aug 11, 2026","44155.13","0.33","0.04","0.45","Moving Up","M1S1","",,="6/9","<1","false","Swing"
"SGHC","Super Group (SGHC) Limited Ordinary Shares","Discretionary","Gambling","12.81","21.99","Sell","Jul 15, 2026","Downtrend","Aug 03, 2026","2607139.2","333.88","2.48","-1.23","Moving Down","","",,="4/9","<1","false","Swing"
"SHEL","Shell PLC American Depositary Shares (each representing two (2) Ordinary Shares) ","Energy","Oil & Gas Integrated","90.07","82.76","Buy","Jul 15, 2026","Uptrend","Jul 14, 2026","6588173","44.66","1.37","-0.48","Moving Up","M1S1","",,="9/9","<1","false","Swing"
"SIMO","Silicon Motion Technology Corporation American Depositary Shares","Technology","Semiconductors","241.31","50.51","Sell","Jul 15, 2026","Downtrend","Aug 07, 2026","1087651.57","389.59","3.03","7.73","Moving Down","M1S1","",,="6/9","<1","false","Swing"
"TCI","Transcontinental Realty Investors, Inc. Common Stock","Real Estate","Real Estate Services","36.22","40.13","Sell","Jul 15, 2026","Downtrend","Aug 05, 2026","37560.17","22.79","11.48","0.03","Moving Down","","",,="4/9","<1","false","Swing"
"TDC","Teradata Corporation Common Stock","Technology","Software - Infrastructure","26.74","24.11","Sell","Jul 15, 2026","Downtrend","Aug 05, 2026","3180320.23","-5.97","0.01","-0.45","Moving Down","M1S1","",,="6/9","<1","false","Swing"
"TECH","Bio-Techne Corp Common Stock","Health Care","Biotechnology","72.23","67.63","Sell","Jul 15, 2026","Uptrend","Jun 04, 2026","4214647.2","-61.87","0.11","0.11","Moving Down","M1S1","Positive",,="7/9","<1","false","Swing"
"TTWO","Take-Two Interactive Software, Inc. Common Stock","Communication","Electronic Gaming & Multimedia","243","55.93","Sell","Jul 15, 2026","Uptrend","Aug 07, 2026","2039669.33","71.62","2.03","-2.99","Moving Down","","",,="6/9","<1","false","Swing"
"VKTX","Viking Therapeutics, Inc. Common Stock","Health Care","Biotechnology","34.02","15.51","Sell","Jul 15, 2026","Downtrend","Jul 27, 2026","2046600.83","-221.44","0.19","0.65","Moving Up","M1S1","",,="7/9","<1","false","Swing"
"WEC","WEC Energy Group, Inc. Common Stock","Utilities","Utilities - Regulated Electric","109.11","31.97","Sell","Jul 15, 2026","Downtrend","Jul 27, 2026","2073907.43","-8.12","0.32","2.28","Moving Down","","",,="4/9","<1","false","Swing"
"WLFC","Willis Lease Finance Corporation Common Stock","Industrials","Rental & Leasing Services","57.04","44.34","Sell","Jul 15, 2026","Downtrend","Aug 05, 2026","309139.93","123.59","1.78","3.71","Moving Down","","",,="6/9","<1","false","Swing"
"WLY","John Wiley & Sons, Inc. Common Stock","Communication","Publishing","49.94","72.68","Sell","Jul 15, 2026","Uptrend","May 18, 2026","469840.6","-34.05","0.06","0.73","Moving Down","","",,="6/9","<1","false","Swing"
"ZYME","Zymeworks Inc. Common Stock","Health Care","Biotechnology","24.93","49.08","Sell","Jul 15, 2026","Uptrend","Aug 12, 2026","483332.3","-30.94","0.28","2.51","Moving Up","M1S1","",,="8/9","<1","false","Swing"
"ADBE","Adobe Inc. Common Stock","Technology","Software - Application","258.75","88.8","Buy","Jul 14, 2026","Uptrend","Jul 27, 2026","5329736.03","68.1","11.99","-1.88","Moving Up","M1S1","",,="8/9","<1","false","Swing"
"AEE","Ameren Corporation Common Stock","Utilities","Utilities - Regulated Electric","108.82","36.98","Sell","Jul 14, 2026","Downtrend","Jul 29, 2026","1541705.23","54.41","3.26","0.93","Moving Down","","",,="4/9","<1","false","Swing"
"AEP","American Electric Power Company, Inc. Common Stock","Utilities","Utilities - Regulated Electric","124.65","31.17","Sell","Jul 14, 2026","Downtrend","Jul 29, 2026","4235083.63","58.42","4.67","0.87","Moving Down","","",,="4/9","<1","false","Swing"
"AOUT","American Outdoor Brands, Inc. Common Stock ","Discretionary","Leisure","12.73","57.34","Sell","Jul 14, 2026","Neutral","Jul 31, 2026","87302.57","121.63","8.83","0.08","Moving Down","","",,="4/9","<1","false","Swing"
"ARCC","Ares Capital Corporation Common Stock","Financials","Asset Management","19.87","84.49","Buy","Jul 14, 2026","Uptrend","Jul 30, 2026","4565501.03","-8.81","0.26","-0.5","Moving Up","M1S1","",,="8/9","<1","false","Swing"
"BCS","Barclays PLC Common Stock","Financials","Banks - Diversified","28.04","64.33","Sell","Jul 14, 2026","Uptrend","Jul 30, 2026","4844248.9","180.98","2.49","0.72","Moving Down","M1S1","",,="6/9","<1","false","Swing"
"BKD","Brookdale Senior Living Inc. Common Stock","Health Care","Medical Care Facilities","12.98","45.97","Sell","Jul 14, 2026","Downtrend","Aug 03, 2026","5344789.93","8.2","0.3","3.43","Moving Down","M1S1","",,="6/9","<1","false","Swing"
"BLK","BlackRock, Inc. Common Stock","Financials","Asset Management","1160.91","74.46","Buy","Jul 14, 2026","Uptrend","Jul 13, 2026","707939.83","112.49","2.02","1.05","Moving Up","M1S1","",,="8/9","<1","false","Swing"
"BPOP","Popular, Inc. Common Stock","Financials","Banks - Regional","176.18","76.44","Sell","Jul 14, 2026","Uptrend","May 20, 2026","472774.8","127.97","1.63","0.77","Moving Down","M1S1","",,="7/9","<1","false","Swing"
"CACC","Credit Acceptance Corporation Common Stock","Financials","Credit Services","577.25","49.52","Sell","Jul 14, 2026","Downtrend","Aug 10, 2026","135301.03","-34.28","0.16","0.88","Moving Down","M1S1","",,="6/9","<1","false","Swing"
"CELH","Celsius Holdings, Inc. Common Stock","Staples","Beverages - Non-Alcoholic","27.62","33.52","Sell","Jul 14, 2026","Downtrend","Jul 17, 2026","10597869.2","78.68","28.34","-1.67","Moving Up","","",,="5/9","<1","false","Swing"
"CVBF","CVB Financial Corporation Common Stock","Financials","Banks - Regional","23","69.41","Sell","Jul 14, 2026","Uptrend","Jun 04, 2026","1471262.6","11.59","2.37","0.79","Moving Down","M1S1","",,="6/9","<1","false","Swing"
"FITB","Fifth Third Bancorp Common Stock","Financials","Banks - Regional","58.01","65.77","Sell","Jul 14, 2026","Uptrend","Jun 02, 2026","5710981.73","101.34","2.9","0.71","Moving Down","M1S1","",,="7/9","<1","false","Swing"
"FLXS","Flexsteel Industries, Inc. Common Stock","Discretionary","Furnishings Fixtures & Appliances","73.81","75.94","Sell","Jul 14, 2026","Uptrend","Apr 21, 2026","47892.53","-2.73","0.33","-1.91","Moving Down","","",,="5/9","<1","false","Swing"
"FNLC","First Bancorp, Inc  (ME) Common Stock","Financials","Banks - Regional","35.65","77.52","Sell","Jul 14, 2026","Uptrend","Jun 04, 2026","32289.83","-66.86","0.17","0.65","Moving Down","M1S1","",,="7/9","<1","false","Swing"
"GBLI","Global Indemnity Group, LLC Class A Common Stock ","Financials","Insurance - Property & Casualty","28.025","79.68","Buy","Jul 14, 2026","Uptrend","Jul 16, 2026","8259.23","-136.02","0.04","0.66","Moving Up","M1S1","",,="8/9","<1","false","Swing"
"GHY","PGIM Global High Yield Fund, Inc.","Financials","Closed-End Fund - Debt","11.78","53.57","Sell","Jul 14, 2026","Downtrend","Jul 22, 2026","143628.57","-9.48","0.28","0.08","Moving Up","M1S1","",,="6/9","<1","false","Swing"
"HCSG","Healthcare Services Group, Inc. Common Stock","Health Care","Medical Care Facilities","20.8","27.9","Sell","Jul 14, 2026","Downtrend","Aug 05, 2026","755507.17","-74.48","0.1","-0.76","Moving Down","M1S1","",,="6/9","<1","false","Swing"
"HURN","Huron Consulting Group Inc. Common Stock","Industrials","Consulting Services","150.31","94.71","Buy","Jul 14, 2026","Uptrend","Jul 24, 2026","345279.6","9.34","0.21","-1.6","Moving Up","","",,="9/9","<1","false","Swing"
"IIPR","Innovative Industrial Properties, Inc. Common Stock","Real Estate","REIT - Industrial","57.72","47.02","Sell","Jul 14, 2026","Downtrend","Aug 05, 2026","310861.13","-22.5","12.14","0.07","Moving Down","","",,="4/9","<1","false","Swing"
"IMO","Imperial Oil Limited Common Stock","Energy","Oil & Gas Integrated","130.46","54.77","Buy","Jul 14, 2026","Uptrend","Jul 17, 2026","474065","364.13","2.03","0.69","Moving Up","M1S1","",,="9/9","<1","false","Swing"
"ISD","PGIM High Yield Bond Fund, Inc.","Financials","Closed-End Fund - Debt","12.58","45.26","Sell","Jul 14, 2026","Downtrend","Jul 13, 2026","125299.53","5.3","0.35","0.32","Moving Up","M1S1","",,="7/9","<1","false","Swing"
"JBGS","JBG SMITH Properties Common Shares ","Real Estate","REIT - Diversified","11.8","11.03","Sell","Jul 14, 2026","Downtrend","Jul 21, 2026","728217.77","-15.43","12.64","3.6","Moving Down","","",,="4/9","<1","false","Swing"
"MAA","Mid-America Apartment Communities, Inc. Common Stock","Real Estate","REIT - Residential","132.33","65.53","Sell","Jul 14, 2026","Downtrend","Aug 10, 2026","1026278.7","-54.17","0.04","0.45","Moving Down","","",,="4/9","<1","false","Swing"
"MQY","Blackrock MuniYield Quality Fund, Inc. Common Stock","Financials","Closed-End Fund - Debt","11.29","43.48","Sell","Jul 14, 2026","Downtrend","Jul 22, 2026","370950.4","-4.74","0.1","-0.35","Moving Down","M1S1","",,="6/9","<1","false","Swing"
"NRG","NRG Energy, Inc. Common Stock","Utilities","Utilities - Independent Power Producers","120.66","21.98","Sell","Jul 14, 2026","Downtrend","Aug 04, 2026","2835272.9","195.98","2.48","0.73","Moving Down","","",,="4/9","<1","false","Swing"
"OPLN","OPENLANE, Inc. Common Stock","Discretionary","Auto & Truck Dealerships","35.33","60.54","Sell","Jul 14, 2026","Downtrend","Aug 05, 2026","981556.3","-22.63","0.21","-3.21","Moving Down","","",,="4/9","<1","false","Swing"
"OPXS","Optex Systems Holdings, Inc. Common Stock","Industrials","Aerospace & Defense","11.28","36.39","Sell","Jul 14, 2026","Downtrend","Jul 20, 2026","28911.97","375.45","2.48","-2.84","Moving Up","","",,="7/9","<1","false","Swing"
"OVV","Ovintiv Inc. (DE)","Energy","Oil & Gas E&P","63.2","78.93","Buy","Jul 14, 2026","Uptrend","Jul 13, 2026","3196087.07","-16.22","0.35","-0.39","Moving Up","M1S1","",,="9/9","<1","false","Swing"
"PAI","Western Asset Investment Grade Income Fund Inc.","Financials","Closed-End Fund - Debt","11.97","43.45","Sell","Jul 14, 2026","Downtrend","Jul 14, 2026","13802.43","-6.46","0.17","0.25","Moving Up","M1S1","",,="6/9","<1","false","Swing"
"PBT","Permian Basin Royalty Trust Common Stock","Energy","Oil & Gas Midstream","33.41","65.09","Buy","Jul 14, 2026","Uptrend","Jul 13, 2026","129506.4","336.8","0.9","2.14","Moving Up","M1S1","",,="9/9","<1","false","Swing"
"PTCT","PTC Therapeutics, Inc. Common Stock","Health Care","Biotechnology","72.64","32.72","Sell","Jul 14, 2026","Downtrend","Jul 24, 2026","1538770.9","-64.96","0.06","-1.44","Moving Up","M1S1","",,="7/9","<1","false","Swing"
"RYAAY","Ryanair Holdings plc American Depositary Shares","Industrials","Airlines","59.36","32.68","Sell","Jul 14, 2026","Downtrend","Aug 06, 2026","1572549.6","-35.08","0.22","-0.02","Moving Up","","",,="7/9","<1","false","Swing"
"SIGI","Selective Insurance Group, Inc. Common Stock","Financials","Insurance - Property & Casualty","93.84","81.34","Sell","Jul 14, 2026","Neutral","Aug 11, 2026","533661.2","-148.65","0.09","-0.18","Moving Down","M1S1","",,="5/9","<1","false","Swing"
"SLP","Simulations Plus, Inc. Common Stock","Health Care","Health Information Services","18.32","68.9","Sell","Jul 14, 2026","Uptrend","May 21, 2026","395209.43","31.18","6.06","0.05","Moving Down","M1S1","",,="7/9","<1","false","Swing"
"SRAD","Sportradar Group AG Class A Ordinary Shares","Technology","Software - Application","12.99","30.45","Sell","Jul 14, 2026","Downtrend","Jul 30, 2026","2610072.53","49.65","5.46","-2.11","Moving Up","M1S1","",,="7/9","<1","false","Swing"
"SSNC","SS&C Technologies Holdings, Inc. Common Stock","Technology","Software - Application","80.14","93.67","Buy","Jul 14, 2026","Uptrend","Jul 24, 2026","1917608.87","74.8","6.68","0.36","Moving Up","M1S1","",,="9/9","<1","false","Swing"
"TFSL","TFS Financial Corporation Common Stock","Financials","Banks - Regional","17.45","73.3","Sell","Jul 14, 2026","Neutral","Aug 12, 2026","925432.47","66.37","54.03","1.22","Moving Down","M1S1","",,="6/9","<1","false","Swing"
"TSLA","Tesla, Inc. Common Stock","Discretionary","Auto Manufacturers","327.51","15.53","Sell","Jul 14, 2026","Downtrend","Jul 13, 2026","38704388.9","1352.54","8.23","-1.59","Moving Up","","Positive","true",="5/9","<1","false","Swing"
"UTHR","United Therapeutics Corporation Common Stock","Health Care","Drug Manufacturers - Specialty & Generic","511.72","39.08","Sell","Jul 14, 2026","Downtrend","Aug 10, 2026","455537.83","195.85","1.19","-0.73","Moving Down","M1S1","",,="6/9","<1","false","Swing"
"VLY","Valley National Bancorp Common Stock","Financials","Banks - Regional","14.93","58.46","Sell","Jul 14, 2026","Uptrend","Aug 04, 2026","6613805.17","49.41","3.33","1.08","Moving Up","M1S1","",,="7/9","<1","false","Swing"
"WHG","Westwood Holdings Group Inc Common Stock","Financials","Asset Management","19.19","52.32","Sell","Jul 14, 2026","Neutral","Aug 12, 2026","21814.5","-34.64","0.74","0.89","Moving Down","M1S1","",,="6/9","<1","false","Swing"
"WPP","WPP plc American Depositary Shares","Communication","Advertising Agencies","26.87","97.04","Buy","Jul 14, 2026","Uptrend","Jul 13, 2026","522739.87","31.61","4.85","-0.63","Moving Up","","",,="8/9","<1","false","Swing"
"WSBC","WesBanco, Inc. Common Stock","Financials","Banks - Regional","42.39","80.21","Sell","Jul 14, 2026","Uptrend","Jun 04, 2026","969055.6","72.81","9.82","0.47","Moving Down","M1S1","",,="7/9","<1","false","Swing"
"XRN","Chiron Real Estate Inc. Common Stock","Real Estate","REIT - Healthcare Facilities","36.27","50.45","Sell","Jul 14, 2026","Neutral","Aug 12, 2026","82919.33","81.82","37.14","3.33","Moving Up","","",,="5/9","<1","false","Swing"
"ZBH","Zimmer Biomet Holdings, Inc. Common Stock","Health Care","Medical Devices","97.89","92.7","Buy","Jul 14, 2026","Uptrend","Jul 23, 2026","2483568.1","-73.76","1.06","0.68","Moving Up","M1S1","",,="9/9","<1","false","Swing"
"ALGT","Allegiant Travel Company Common Stock","Industrials","Airlines","84.44","44.01","Sell","Jul 13, 2026","Downtrend","Aug 06, 2026","492642.57","69.82","8.09","-4.41","Moving Down","","",,="6/9","<1","false","Swing"
"ALKS","Alkermes plc Ordinary Shares","Health Care","Drug Manufacturers - Specialty & Generic","50.28","61.49","Sell","Jul 13, 2026","Neutral","Jul 31, 2026","1697942.8","-63.98","0.26","2.17","Moving Down","M1S1","",,="6/9","<1","false","Swing"
"ANIP","ANI Pharmaceuticals, Inc.","Health Care","Drug Manufacturers - Specialty & Generic","75.115","32.3","Sell","Jul 13, 2026","Downtrend","Aug 07, 2026","343086.4","-115.52","0.09","0.78","Moving Down","M1S1","",,="6/9","<1","false","Swing"
"AROW","Arrow Financial Corporation Common Stock","Financials","Banks - Regional","39.13","58.81","Sell","Jul 13, 2026","Downtrend","Aug 07, 2026","83287.8","95.79","5.89","0.46","Moving Down","M1S1","",,="6/9","<1","false","Swing"
"AZN","AstraZeneca PLC Ordinary Shares","Health Care","Drug Manufacturers - General","158.5","24.47","Sell","Jul 13, 2026","Downtrend","Jul 10, 2026","3673506.83","50.96","1.51","-0.16","Moving Down","M1S1","",,="6/9","<1","false","Swing"
"BEAM","Beam Therapeutics Inc. Common Stock","Health Care","Biotechnology","26.71","29.64","Sell","Jul 13, 2026","Downtrend","Jul 15, 2026","2118980","-114.21","0.59","-0.52","Moving Down","M1S1","",,="6/9","<1","false","Swing"
"BJRI","BJ's Restaurants, Inc. Common Stock","Discretionary","Restaurants","69.7","79.92","Sell","Jul 13, 2026","Uptrend","May 05, 2026","492011.73","31.82","1.03","3.21","Moving Down","","",,="5/9","<1","false","Swing"
"BUI","BlackRock Utility, Infrastructure & Power Opportunities Trust","Financials","Closed-End Fund - Equity","27.24","38.46","Sell","Jul 13, 2026","Downtrend","Jul 16, 2026","66519.23","89.13","3.29","1.19","Moving Up","M1S1","",,="7/9","<1","false","Swing"
"BXP","BXP, Inc. Common Stock","Real Estate","REIT - Office","67.95","65.66","Sell","Jul 13, 2026","Uptrend","Apr 17, 2026","1380794.8","23.79","5.22","0.68","Moving Down","","",,="5/9","<1","false","Swing"
"CMS","CMS Energy Corporation Common Stock","Utilities","Utilities - Regulated Electric","70.02","27.84","Sell","Jul 13, 2026","Downtrend","Jul 27, 2026","3524604.07","10.87","1.93","0.57","Moving Down","","",,="4/9","<1","false","Swing"
"DEO","Diageo plc Common Stock","Staples","Beverages - Wineries & Distilleries","93.96","94.31","Buy","Jul 13, 2026","Uptrend","Jul 15, 2026","1226385.9","12.81","4.41","-1.03","Moving Up","","",,="7/9","<1","false","Swing"
"DMB","BNY Mellon Municipal Bond Infrastructure Fund, Inc. Common Stock","Financials","Closed-End Fund - Debt","10.66","44.02","Sell","Jul 13, 2026","Downtrend","Jul 21, 2026","61173.67","20.6","14.09","0.47","Moving Up","M1S1","",,="7/9","<1","false","Swing"
"DTE","DTE Energy Company Common Stock","Utilities","Utilities - Regulated Electric","138.68","42.67","Sell","Jul 13, 2026","Downtrend","Jul 27, 2026","1304537.33","27.31","1.76","0.76","Moving Down","","",,="4/9","<1","false","Swing"
"EIG","Employers Holdings Inc Common Stock","Financials","Insurance - Specialty","48.11","53.6","Sell","Jul 13, 2026","Downtrend","Aug 11, 2026","201393.47","-33.41","0.16","-0.8","Moving Down","M1S1","",,="6/9","<1","false","Swing"
"EMD","Western Asset Emerging Markets Debt Fund Inc Common Stock","Financials","Closed-End Fund - Debt","10.49","44.78","Sell","Jul 13, 2026","Downtrend","Aug 10, 2026","173879.57","41.11","3.34","0","Moving Down","M1S1","",,="5/9","<1","false","Swing"
"ESE","ESCO Technologies Inc. Common Stock","Technology","Scientific & Technical Instruments","300.42","48.49","Sell","Jul 13, 2026","Downtrend","Aug 07, 2026","200594.77","225.56","2.48","1.7","Moving Down","M1S1","",,="6/9","<1","false","Swing"
"EVN","Eaton Vance Municipal Income Trust Common Stock","Financials","Closed-End Fund - Debt","10.81","39.43","Sell","Jul 13, 2026","Neutral","Aug 11, 2026","76256.57","-11.59","0.2","0.28","Moving Up","M1S1","",,="7/9","<1","false","Swing"
"FCEL","FuelCell Energy, Inc. Common Stock","Industrials","Electrical Equipment & Parts","21.67","54.82","Sell","Jul 13, 2026","Neutral","Aug 12, 2026","10514406.27","-40.7","5.64","12.86","Moving Up","","",,="7/9","<1","false","Swing"
"FMX","Fomento Economico Mexicano S.A.B. de C.V. Common Stock","Staples","Beverages - Brewers","117.5","44.6","Sell","Jul 13, 2026","Downtrend","Aug 05, 2026","522312.97","-7.64","0.26","-0.62","Moving Down","","",,="4/9","<1","false","Swing"
"FRPH","FRP Holdings, Inc. Common Stock","Real Estate","Real Estate Services","22.16","56.61","Sell","Jul 13, 2026","Downtrend","Jul 20, 2026","80035.9","-146.24","0.22","0.18","Moving Down","","",,="4/9","<1","false","Swing"
"GBFH","GBank Financial Holdings Inc. Common Stock","Financials","Banks - Regional","21.21","11.76","Sell","Jul 13, 2026","Downtrend","Jul 29, 2026","101295.67","-224.07","0.08","-1.58","Moving Up","M1S1","",,="7/9","<1","false","Swing"
"GCBC","Greene County Bancorp, Inc. Common Stock","Financials","Banks - Regional","35.29","75.78","Sell","Jul 13, 2026","Uptrend","Apr 23, 2026","40796","-53.9","0.27","1.32","Moving Down","M1S1","",,="6/9","<1","false","Swing"
"INNV","InnovAge Holding Corp. Common Stock","Health Care","Medical Care Facilities","10.43","39.63","Sell","Jul 13, 2026","Downtrend","Aug 11, 2026","277872.53","35.01","2.1","1.96","Moving Down","M1S1","",,="6/9","<1","false","Swing"
"LII","Lennox International, Inc. Common Stock","Industrials","Building Products & Equipment","420.91","19.67","Sell","Jul 13, 2026","Downtrend","Jul 29, 2026","533777.47","-61.24","0.2","-2.3","Moving Down","","",,="6/9","<1","false","Swing"
"MAS","Masco Corporation Common Stock","Industrials","Building Products & Equipment","74.64","61.66","Sell","Jul 13, 2026","Downtrend","Aug 12, 2026","2617281.93","84.26","4.4","-1.97","Moving Down","","",,="6/9","<1","false","Swing"
"MRNA","Moderna, Inc. Common Stock","Health Care","Biotechnology","63.67","50.16","Sell","Jul 13, 2026","Neutral","Aug 07, 2026","6133172.87","89.61","13.37","5.12","Moving Up","M1S1","",,="7/9","<1","false","Swing"
"MYFW","First Western Financial, Inc. Common Stock","Financials","Banks - Regional","31.55","61.43","Sell","Jul 13, 2026","Neutral","Jul 27, 2026","69109.93","44.74","9.11","0.99","Moving Down","M1S1","",,="6/9","<1","false","Swing"
"MYI","Blackrock MuniYield Quality Fund III, Inc Common Stock","Financials","Closed-End Fund - Debt","10.78","40.89","Sell","Jul 13, 2026","Downtrend","Jul 17, 2026","275645.8","14.94","5.37","0","Moving Down","M1S1","",,="6/9","<1","false","Swing"
"NAD","Nuveen Quality Municipal Income Fund Common Stock","Financials","Closed-End Fund - Debt","11.75","40.54","Sell","Jul 13, 2026","Downtrend","Aug 11, 2026","583750.1","-0.28","0.38","-0.09","Moving Up","M1S1","",,="7/9","<1","false","Swing"
"NEA","Nuveen AMT-Free Quality Municipal Income Fund Common Shares of Beneficial Interest Par Value $.01","Financials","Closed-End Fund - Debt","11.35","35.86","Sell","Jul 13, 2026","Downtrend","Jul 17, 2026","756231.97","6.07","1.7","0","Moving Up","M1S1","",,="7/9","<1","false","Swing"
"PMO","Putnam Municipal Opportunities Trust Common Stock","Financials","Closed-End Fund - Debt","10.4","44.76","Sell","Jul 13, 2026","Downtrend","Jul 23, 2026","62268.2","-9.15","0.1","0.1","Moving Up","M1S1","",,="6/9","<1","false","Swing"
"PRG","PROG Holdings, Inc. Common Stock","Industrials","Rental & Leasing Services","41.23","64.78","Sell","Jul 13, 2026","Downtrend","Aug 11, 2026","527275.27","-19.29","2.31","-0.94","Moving Down","","",,="6/9","<1","false","Swing"
"RARE","Ultragenyx Pharmaceutical Inc. Common Stock","Health Care","Biotechnology","26.86","24.19","Sell","Jul 13, 2026","Downtrend","Jul 22, 2026","1977354.03","323.9","44.35","-0.37","Moving Up","M1S1","",,="7/9","<1","false","Swing"
"RDY","Dr. Reddy's Laboratories Ltd Common Stock","Health Care","Drug Manufacturers - Specialty & Generic","12.39","12.34","Sell","Jul 13, 2026","Downtrend","Jul 13, 2026","2849312.47","79.26","3.89","-0.48","Moving Up","M1S1","",,="7/9","<1","false","Swing"
"RGNX","REGENXBIO Inc. Common Stock","Health Care","Biotechnology","10.91","61.35","Sell","Jul 13, 2026","Neutral","Aug 04, 2026","1952635.23","-69.41","4.11","2.44","Moving Up","M1S1","",,="7/9","<1","false","Swing"
"SLGN","Silgan Holdings Inc. Common Stock","Discretionary","Packaging & Containers","40.67","29.86","Sell","Jul 13, 2026","Downtrend","Jul 30, 2026","1421750.67","-76.13","0.1","-1.21","Moving Down","","",,="4/9","<1","false","Swing"
"TWIN","Twin Disc, Incorporated Common Stock","Industrials","Specialty Industrial Machinery","24.58","72.93","Sell","Jul 13, 2026","Uptrend","Jun 03, 2026","97365.23","-209.61","0.13","1.74","Moving Down","","",,="7/9","<1","false","Swing"
"VBF","Invesco Bond Fund Common Stock","Financials","Closed-End Fund - Debt","14.75","39.27","Sell","Jul 13, 2026","Downtrend","Jul 13, 2026","65070.83","-16.38","0.07","0.07","Moving Down","M1S1","",,="6/9","<1","false","Swing"
"VREX","Varex Imaging Corporation Common Stock","Health Care","Medical Devices","18.45","91.31","Buy","Jul 13, 2026","Uptrend","Jul 23, 2026","949917.3","7.59","5.27","-0.7","Moving Up","M1S1","",,="9/9","<1","false","Swing"
"WF","Woori Financial Group Inc. American Depositary Shares (each representing three (3) shares of Common Stock)","Financials","Banks - Regional","70.38","77.32","Buy","Jul 13, 2026","Uptrend","Jul 23, 2026","151638.23","125.58","2.4","-0.24","Moving Up","M1S1","",,="9/9","<1","false","Swing"
"WRLD","World Acceptance Corporation Common Stock","Financials","Credit Services","189.65","63.17","Sell","Jul 13, 2026","Neutral","Aug 03, 2026","132572.6","-184.61","0.14","1.34","Moving Down","M1S1","",,="6/9","<1","false","Swing"
"ASB","Associated Banc-Corp Common Stock","Financials","Banks - Regional","32.13","71.03","Sell","Jul 10, 2026","Uptrend","Jun 09, 2026","1919834.13","24.27","1.17","0.78","Moving Up","M1S1","",,="8/9","<1","false","Swing"
"ASTE","Astec Industries, Inc. Common Stock","Industrials","Farm & Heavy Construction Machinery","43.17","17.79","Sell","Jul 10, 2026","Downtrend","Jul 28, 2026","237394.77","28.55","9.25","0.54","Moving Down","","",,="6/9","<1","false","Swing"
"ASTH","Astrana Health Inc. Common Stock","Health Care","Medical Care Facilities","35.79","51.1","Sell","Jul 10, 2026","Downtrend","Jul 23, 2026","622767.8","180.73","3.83","3.8","Moving Up","M1S1","",,="7/9","<1","false","Swing"
"ATEN","A10 Networks, Inc. Common Stock","Technology","Software - Infrastructure","27.49","30.11","Sell","Jul 10, 2026","Downtrend","Jul 28, 2026","1310809.77","288.32","2.43","1.18","Moving Down","M1S1","",,="6/9","<1","false","Swing"
"AUB","Atlantic Union Bankshares Corporation Common Stock","Financials","Banks - Regional","42.44","62.94","Sell","Jul 10, 2026","Uptrend","Jun 05, 2026","1067052.9","-17.17","0.19","0.69","Moving Down","M1S1","",,="7/9","<1","false","Swing"
"BR","Broadridge Financial Solutions, Inc. Common Stock","Technology","Information Technology Services","169.27","83.97","Buy","Jul 10, 2026","Uptrend","Jul 24, 2026","1136880.97","92.45","6.46","-0.86","Moving Up","M1S1","",,="9/9","<1","false","Swing"
"BRT","BRT Apartments Corp. (MD) Common Stock","Real Estate","REIT - Residential","14.24","50.4","Sell","Jul 10, 2026","Downtrend","Aug 04, 2026","36963.77","-23.25","0.16","0.92","Moving Down","","",,="4/9","<1","false","Swing"
"CALY","Callaway Golf Company Common Stock","Discretionary","Leisure","16.53","70.32","Sell","Jul 10, 2026","Downtrend","Aug 07, 2026","1926220.77","-43.44","1.53","-1.96","Moving Down","","",,="4/9","<1","false","Swing"
"CNMD","CONMED Corporation Common Stock","Health Care","Medical Devices","49.48","95.13","Buy","Jul 10, 2026","Uptrend","Jul 09, 2026","704663.57","-12.53","13.42","-0.2","Moving Up","M1S1","",,="9/9","<1","false","Swing"
"CPHC","Canterbury Park Holding Corporation 'New' Common Stock","Discretionary","Resorts & Casinos","15.69","42.02","Sell","Jul 10, 2026","Neutral","Aug 12, 2026","1750.4","-44.1","0.12","1.82","Moving Up","","",,="4/9","<1","false","Swing"
"DLTR","Dollar Tree Inc. Common Stock","Staples","Discount Stores","128.61","65.75","Sell","Jul 10, 2026","Uptrend","May 28, 2026","2549639.97","1.86","0.15","0.43","Moving Down","","",,="5/9","<1","false","Swing"
"EFSC","Enterprise Financial Services Corporation Common Stock","Financials","Banks - Regional","66.56","60.38","Sell","Jul 10, 2026","Uptrend","Apr 08, 2026","227536.7","53.72","3.28","0.53","Moving Down","M1S1","",,="7/9","<1","false","Swing"
"ETR","Entergy Corporation Common Stock","Utilities","Utilities - Regulated Electric","107.85","33.82","Sell","Jul 10, 2026","Downtrend","Jul 29, 2026","2588312.5","63.42","1.25","1.2","Moving Down","","",,="4/9","<1","false","Swing"
"FMY","First Trust Mortgage Income Fund Common Shares of Beneficial Interest","Financials","Closed-End Fund - Debt","11.6351","38.17","Sell","Jul 10, 2026","Downtrend","Aug 12, 2026","2823.3","-51.48","0.1","-0.21","Moving Up","M1S1","",,="7/9","<1","false","Swing"
"FNB","F.N.B. Corporation Common Stock","Financials","Banks - Regional","19.27","67.54","Sell","Jul 10, 2026","Uptrend","Jun 08, 2026","5671434.37","65","2.72","0.84","Moving Down","M1S1","",,="7/9","<1","false","Swing"
"FSBW","FS Bancorp, Inc. Common Stock","Financials","Banks - Regional","43.79","47.92","Sell","Jul 10, 2026","Uptrend","Aug 12, 2026","20424.5","2.46","0.12","0.9","Moving Down","M1S1","",,="7/9","<1","false","Swing"
"FULT","Fulton Financial Corporation Common Stock","Financials","Banks - Regional","24.4","67.13","Sell","Jul 10, 2026","Uptrend","May 26, 2026","1845552.37","89.41","5.02","0.54","Moving Down","M1S1","",,="6/9","<1","false","Swing"
"GL","Globe Life Inc. Common Stock","Financials","Insurance - Life","177.91","75.12","Sell","Jul 10, 2026","Uptrend","Jun 04, 2026","641031.3","45.77","1.71","-1.73","Moving Down","M1S1","",,="7/9","<1","false","Swing"
"HPP","Hudson Pacific Properties, Inc. Common Stock","Real Estate","REIT - Office","14.31","73.6","Sell","Jul 10, 2026","Neutral","Aug 12, 2026","789829.63","-50.97","7.81","7.19","Moving Up","","",,="5/9","<1","false","Swing"
"INDB","Independent Bank Corp. Common Stock","Financials","Banks - Regional","85.33","58.66","Sell","Jul 10, 2026","Uptrend","Jun 04, 2026","372435.2","51.56","19.65","0.63","Moving Down","M1S1","",,="7/9","<1","false","Swing"
"IONS","Ionis Pharmaceuticals, Inc. Common Stock","Health Care","Biotechnology","56.53","10.88","Sell","Jul 10, 2026","Downtrend","Jul 10, 2026","3873945.27","-52.71","0.4","2","Moving Up","M1S1","",,="7/9","<1","false","Swing"
"LGND","Ligand Pharmaceuticals Incorporated Common Stock","Health Care","Biotechnology","293.27","39.45","Sell","Jul 10, 2026","Neutral","Aug 10, 2026","320497.27","201.25","3.74","1.57","Moving Down","M1S1","",,="6/9","<1","false","Swing"
"MEI","Methode Electronics, Inc. Common Stock","Technology","Electronic Components","16.96","78.6","Sell","Jul 10, 2026","Uptrend","Aug 06, 2026","617007.57","-18.04","7.85","1.25","Moving Down","M1S1","",,="7/9","<1","false","Swing"
"MO","Altria Group, Inc.","Staples","Tobacco","64.38","47.46","Sell","Jul 10, 2026","Downtrend","Jul 31, 2026","8073088.83","20.83","1.09","-1","Moving Down","","",,="4/9","<1","false","Swing"
"MXL","MaxLinear, Inc. Common Stock","Technology","Semiconductors","74.33","37.61","Sell","Jul 10, 2026","Downtrend","Jul 24, 2026","3628397.33","361.99","5.5","7.69","Moving Up","M1S1","",,="7/9","<1","false","Swing"
"NECB","NorthEast Community Bancorp, Inc. Common Stock","Financials","Banks - Regional","26.96","54.17","Sell","Jul 10, 2026","Uptrend","Jun 04, 2026","42660.1","213.03","2.4","0.63","Moving Down","M1S1","",,="7/9","<1","false","Swing"
"NMCO","Nuveen Municipal Credit Opportunities Fund Common Shares","Financials","Closed-End Fund - Debt","10.52","52.59","Sell","Jul 10, 2026","Downtrend","Jul 21, 2026","176551.27","13.4","8.32","-0.38","Moving Up","M1S1","",,="7/9","<1","false","Swing"
"NPV","Nuveen Virginia Quality Municipal Income Fund Common Stock","Financials","Closed-End Fund - Debt","10.965","30.33","Sell","Jul 10, 2026","Downtrend","Jul 10, 2026","66163.27","43.12","229962.21","-0.05","Moving Up","M1S1","",,="7/9","<1","false","Swing"
"NTLA","Intellia Therapeutics, Inc. Common Stock","Health Care","Biotechnology","12.09","44.69","Sell","Jul 10, 2026","Downtrend","Jul 14, 2026","4041310.77","-47.28","6.94","0.58","Moving Up","M1S1","",,="7/9","<1","false","Swing"
"NXRT","NexPoint Residential Trust, Inc. Common Stock","Real Estate","REIT - Residential","24.71","38.11","Sell","Jul 10, 2026","Downtrend","Jul 09, 2026","241627.5","22.36","5.23","0.12","Moving Down","","",,="4/9","<1","false","Swing"
"ODC","Oil-Dri Corporation Of America Common Stock","Materials","Specialty Chemicals","88.63","49.86","Sell","Jul 10, 2026","Downtrend","Aug 07, 2026","129939.8","333.34","1.89","1.36","Moving Down","","",,="6/9","<1","false","Swing"
"PG","Procter & Gamble Company (The) Common Stock","Staples","Household & Personal Products","144.08","51.85","Sell","Jul 10, 2026","Downtrend","Aug 05, 2026","8255450.83","51.87","6.65","-0.78","Moving Down","","",,="4/9","<1","false","Swing"
"PGC","Peapack-Gladstone Financial Corporation Common Stock","Financials","Banks - Regional","46.24","62.88","Sell","Jul 10, 2026","Neutral","Aug 11, 2026","231704.33","78.5","3.85","1.69","Moving Down","M1S1","",,="5/9","<1","false","Swing"
"PPL","PPL Corporation Common Stock","Utilities","Utilities - Regulated Electric","35.46","39.1","Sell","Jul 10, 2026","Downtrend","Jul 29, 2026","7558071.7","11.46","4.33","0.51","Moving Down","","",,="3/9","<1","false","Swing"
"PRSU","Pursuit Attractions and Hospitality, Inc. Common Stock","Discretionary","Travel Services","46.58","48.35","Sell","Jul 10, 2026","Downtrend","Aug 05, 2026","248823.43","-1.62","66.78","0.93","Moving Down","","",,="4/9","<1","false","Swing"
"PSTL","Postal Realty Trust, Inc. Class A Common Stock","Real Estate","REIT - Office","23.2","23.23","Sell","Jul 10, 2026","Downtrend","Jul 29, 2026","274410.67","44.93","1.46","3.16","Moving Up","","",,="4/9","<1","false","Swing"
"PZZA","Papa John's International, Inc. Common Stock","Discretionary","Restaurants","24.09","18.67","Sell","Jul 10, 2026","Downtrend","Jul 10, 2026","1387604.03","-68.08","2.84","-0.95","Moving Down","","",,="4/9","<1","false","Swing"
"RBA","RB Global, Inc. Common Stock","Industrials","Specialty Business Services","86.46","24.67","Sell","Jul 10, 2026","Downtrend","Aug 05, 2026","1377777.47","124.58","2.96","-3.54","Moving Down","","",,="6/9","<1","false","Swing"
"RCMT","RCM Technologies, Inc. Common Stock","Industrials","Conglomerates","28.52","50.74","Sell","Jul 10, 2026","Uptrend","Jun 15, 2026","37411.8","632.86","2.28","-0.59","Moving Down","","",,="7/9","<1","false","Swing"
"RPT","Rithm Property Trust Inc. Common stock","Real Estate","REIT - Mortgage","12.85","52.37","Sell","Jul 10, 2026","Downtrend","Jul 10, 2026","136579.87","-30.41","8.58","1.74","Moving Up","","",,="5/9","<1","false","Swing"
"SMBC","Southern Missouri Bancorp, Inc. Common Stock","Financials","Banks - Regional","77.43","62.18","Sell","Jul 10, 2026","Uptrend","Mar 30, 2026","89628.03","201.84","4.56","0.51","Moving Down","M1S1","",,="7/9","<1","false","Swing"
"SMPL","The Simply Good Foods Company Common Stock","Staples","Packaged Foods","10.94","57.09","Sell","Jul 10, 2026","Downtrend","Jul 16, 2026","2531583.23","-34.21","9","0.74","Moving Up","","",,="5/9","<1","false","Swing"
"SONY","Sony Group Corporation American Depositary Shares ","Technology","Consumer Electronics","23.54","79.24","Buy","Jul 10, 2026","Uptrend","Jul 27, 2026","5146298.97","19.42","0.71","-0.3","Moving Up","M1S1","",,="9/9","<1","false","Swing"
"TRIP","TripAdvisor, Inc. Common Stock","Discretionary","Travel Services","10.71","39.56","Sell","Jul 10, 2026","Downtrend","Aug 06, 2026","3333622.17","56.78","7.57","-2.19","Moving Down","","",,="4/9","<1","false","Swing"
"UMC","United Microelectronics Corporation (NEW) Common Stock","Technology","Semiconductors","19.31","50.03","Sell","Jul 10, 2026","Downtrend","Jul 17, 2026","15449937.63","588.28","2.77","1.95","Moving Up","M1S1","",,="7/9","<1","false","Swing"
"UVSP","Univest Financial Corporation Common Stock","Financials","Banks - Regional","42.93","60.42","Sell","Jul 10, 2026","Neutral","Aug 12, 2026","254024.87","92.72","2.78","0.52","Moving Down","M1S1","",,="6/9","<1","false","Swing"
"VCYT","Veracyte, Inc. Common Stock","Health Care","Diagnostics & Research","44.68","34.41","Sell","Jul 10, 2026","Downtrend","Jul 31, 2026","1214460.2","184.93","14.09","-3.73","Moving Down","M1S1","",,="6/9","<1","false","Swing"
"VMC","Vulcan Materials Company (Holding Company) Common Stock","Materials","Building Materials","280.38","42.98","Sell","Jul 10, 2026","Downtrend","Aug 12, 2026","1049716.07","121.3","2.94","-2.57","Moving Up","","",,="7/9","<1","false","Swing"
"WINA","Winmark Corporation Common Stock","Discretionary","Specialty Retail","345.59","40.56","Sell","Jul 10, 2026","Downtrend","Aug 11, 2026","48567.4","131.5","3.82","-6.58","Moving Up","","",,="5/9","<1","false","Swing"
"WTFC","Wintrust Financial Corporation Common Stock","Financials","Banks - Regional","162.6","60.42","Sell","Jul 10, 2026","Uptrend","Aug 11, 2026","679298.57","85.05","1.55","0.31","Moving Down","M1S1","",,="7/9","<1","false","Swing"
"XEL","Xcel Energy Inc. Common Stock","Utilities","Utilities - Regulated Electric","78.6","36.24","Sell","Jul 10, 2026","Downtrend","Jul 30, 2026","4897268.07","6.5","0.63","1.21","Moving Down","","",,="4/9","<1","false","Swing"
"ZVRA","Zevra Therapeutics, Inc. Common Stock","Health Care","Biotechnology","11.44","37.08","Sell","Jul 10, 2026","Downtrend","Aug 07, 2026","1464435.6","66.53","2.85","0.88","Moving Up","M1S1","",,="7/9","<1","false","Swing"
"ABCB","Ameris Bancorp Common Stock","Financials","Banks - Regional","88.57","50.3","Sell","Jul 09, 2026","Neutral","Aug 11, 2026","448868","142.42","3.36","0.39","Moving Down","M1S1","",,="6/9","<1","false","Swing"
"AFYA","Afya Limited Class A Common Shares","Staples","Education & Training Services","13.74","33.08","Sell","Jul 09, 2026","Downtrend","Jul 30, 2026","100192.87","26.73","23.39","1.18","Moving Down","","",,="4/9","<1","false","Swing"
"AGX","Argan, Inc. Common Stock","Industrials","Engineering & Construction","572.1","34.57","Sell","Jul 09, 2026","Downtrend","Jul 10, 2026","303217.47","897.41","1.38","-1.11","Moving Up","","",,="7/9","<1","false","Swing"
"ASR","Grupo Aeroportuario del Sureste, S.A. de C.V. Common Stock","Industrials","Airports & Air Services","274.72","37.67","Sell","Jul 09, 2026","Downtrend","Jul 08, 2026","66826.07","-72.54","0.14","1.13","Moving Up","","",,="7/9","<1","false","Swing"
"ATEX","Anterix Inc. Common Stock","Communication","Telecom Services","88.8","54.71","Sell","Jul 09, 2026","Neutral","Aug 12, 2026","386214.17","112.95","3.86","-4.45","Moving Down","","",,="5/9","<1","false","Swing"
"AWF","Alliancebernstein Global High Income Fund","Financials","Closed-End Fund - Debt","10.16","53","Sell","Jul 09, 2026","Downtrend","Aug 12, 2026","318952.07","57.04","5.18","-0.2","Moving Up","M1S1","",,="7/9","<1","false","Swing"
"BAP","Credicorp Ltd. Common Stock","Financials","Banks - Regional","372.22","53.14","Sell","Jul 09, 2026","Downtrend","Aug 11, 2026","268703.6","86.81","3.56","-1.27","Moving Down","M1S1","",,="6/9","<1","false","Swing"
"BATRA","Atlanta Braves Holdings, Inc. Series A Common Stock","Communication","Entertainment","56.56","20.42","Sell","Jul 09, 2026","Neutral","Aug 12, 2026","63309.37","103.9","3.53","3.99","Moving Up","","",,="5/9","<1","false","Swing"
"BFS","Saul Centers, Inc. Common Stock","Real Estate","REIT - Retail","34.4","48.75","Sell","Jul 09, 2026","Downtrend","Jul 28, 2026","95706.43","-2.47","4.56","-0.32","Moving Down","","",,="4/9","<1","false","Swing"
"BKU","BankUnited, Inc. Common Stock","Financials","Banks - Regional","47.45","48.07","Sell","Jul 09, 2026","Neutral","Aug 12, 2026","939381.9","111.45","9.16","0.96","Moving Up","M1S1","",,="6/9","<1","false","Swing"
"BLDR","Builders FirstSource, Inc. Common Stock","Industrials","Building Products & Equipment","72.41","44.03","Sell","Jul 09, 2026","Downtrend","Jul 09, 2026","2252798.47","-134.56","0.2","-3.58","Moving Up","","",,="7/9","<1","false","Swing"
"BMO","Bank Of Montreal Common Stock","Financials","Banks - Diversified","183.57","79.58","Sell","Jul 09, 2026","Uptrend","Apr 09, 2026","637570.23","192.17","2.97","1.32","Moving Down","M1S1","",,="7/9","<1","false","Swing"
"BSRR","Sierra Bancorp Common Stock","Financials","Banks - Regional","40.74","63.58","Sell","Jul 09, 2026","Neutral","Aug 11, 2026","62255.27","117.73","4.36","0.64","Moving Down","M1S1","",,="5/9","<1","false","Swing"
"CATY","Cathay General Bancorp Common Stock","Financials","Banks - Regional","64.46","70.9","Sell","Jul 09, 2026","Uptrend","Apr 01, 2026","492599.53","79.71","2.48","1.19","Moving Down","M1S1","",,="7/9","<1","false","Swing"
"CRS","Carpenter Technology Corporation Common Stock","Industrials","Metal Fabrication","528.64","40.27","Sell","Jul 09, 2026","Downtrend","Aug 11, 2026","664634.93","884.99","2.18","-1.66","Moving Down","","",,="6/9","<1","false","Swing"
"CXW","CoreCivic, Inc. Common Stock","Industrials","Security & Protection Services","33.6","67.2","Sell","Jul 09, 2026","Uptrend","May 13, 2026","1239731.23","46.64","1.18","-0.94","Moving Down","","",,="7/9","<1","false","Swing"
"FHB","First Hawaiian, Inc. Common Stock","Financials","Banks - Regional","27.63","43.65","Sell","Jul 09, 2026","Downtrend","Jul 24, 2026","2526815.53","1.71","13.29","0.58","Moving Up","M1S1","",,="6/9","<1","false","Swing"
"FMN","Federated Hermes Premier Municipal Income Fund","Financials","Closed-End Fund - Debt","11.13","44.92","Sell","Jul 09, 2026","Downtrend","Jul 22, 2026","25057.4","-17.81","0.04","-0.09","Moving Down","M1S1","",,="5/9","<1","false","Swing"
"FOR","Forestar Group Inc Common Stock ","Real Estate","Real Estate - Development","29.19","53.06","Sell","Jul 09, 2026","Neutral","Aug 11, 2026","138964.07","-27.74","0.18","0.38","Moving Up","","",,="5/9","<1","false","Swing"
"FTS","Fortis Inc. Common Shares","Utilities","Utilities - Regulated Electric","56.22","39.14","Sell","Jul 09, 2026","Downtrend","Aug 03, 2026","669154.2","-12.04","0.27","0.27","Moving Down","","",,="4/9","<1","false","Swing"
"GLW","Corning Incorporated Common Stock","Technology","Electronic Components","167.44","26.09","Sell","Jul 09, 2026","Downtrend","Jul 13, 2026","13317570.47","315","1.85","5.18","Moving Up","M1S1","Positive",,="7/9","<1","false","Swing"
"GVA","Granite Construction Incorporated Common Stock","Industrials","Engineering & Construction","126.19","31.56","Sell","Jul 09, 2026","Downtrend","Jul 09, 2026","959642.77","113.01","0.75","0.65","Moving Up","","",,="7/9","<1","false","Swing"
"HAFC","Hanmi Financial Corporation Common Stock","Financials","Banks - Regional","32.25","43.61","Sell","Jul 09, 2026","Uptrend","Aug 12, 2026","254452.37","122.4","3.18","0.88","Moving Down","M1S1","",,="6/9","<1","false","Swing"
"IBOC","International Bancshares Corporation Common Stock","Financials","Banks - Regional","72.71","55.3","Sell","Jul 09, 2026","Downtrend","Aug 07, 2026","314597.77","-11.76","0.34","0.93","Moving Down","M1S1","",,="6/9","<1","false","Swing"
"JJSF","J & J Snack Foods Corp. Common Stock","Staples","Packaged Foods","89.61","82.81","Buy","Jul 09, 2026","Uptrend","Aug 03, 2026","243389.2","-45.15","3.62","-0.61","Moving Up","","",,="7/9","<1","false","Swing"
"KDP","Keurig Dr Pepper Inc. Common Stock","Staples","Beverages - Non-Alcoholic","29.56","48.98","Sell","Jul 09, 2026","Downtrend","Aug 06, 2026","13150743.07","-104.08","0.05","1.3","Moving Down","","",,="4/9","<1","false","Swing"
"MCFT","MasterCraft Boat Holdings, Inc. Common Stock","Discretionary","Recreational Vehicles","24.75","41.94","Sell","Jul 09, 2026","Uptrend","Aug 11, 2026","153127","8.73","0.51","0.28","Moving Up","","",,="6/9","<1","false","Swing"
"MLM","Martin Marietta Materials, Inc. Common Stock","Materials","Building Materials","543.9","37.53","Sell","Jul 09, 2026","Downtrend","Jul 29, 2026","580351.5","89.22","2.39","-1.76","Moving Down","","",,="6/9","<1","false","Swing"
"MPAA","Motorcar Parts  of America, Inc. Common Stock","Discretionary","Auto Parts","12.14","50.53","Sell","Jul 09, 2026","Downtrend","Aug 10, 2026","107542.2","-86.94","1.49","-2.49","Moving Down","","",,="4/9","<1","false","Swing"
"MTH","Meritage Homes Corporation Common Stock","Discretionary","Residential Construction","72.89","48.07","Sell","Jul 09, 2026","Downtrend","Aug 12, 2026","880928.6","89.05","1.83","-1.26","Moving Up","","",,="5/9","<1","false","Swing"
"NBB","Nuveen Taxable Municipal Income Fund Common Shares of Beneficial Interest","Financials","Closed-End Fund - Debt","15.5","42.23","Sell","Jul 09, 2026","Neutral","Aug 12, 2026","48628.1","-25.88","0.04","0.32","Moving Up","M1S1","",,="6/9","<1","false","Swing"
"NVR","NVR, Inc. Common Stock","Discretionary","Residential Construction","6293.95","40.12","Sell","Jul 09, 2026","Downtrend","Aug 12, 2026","31274.9","14","0.6","-2.12","Moving Up","","",,="5/9","<1","false","Swing"
"PAC","Grupo Aeroportuario Del Pacifico, S.A. B. de C.V. Grupo Aeroportuario Del Pacifico, S.A. de C.V. (each representing 10 Series B shares)","Industrials","Airports & Air Services","214.96","39","Sell","Jul 09, 2026","Downtrend","Jul 09, 2026","139610.1","-105.66","0.15","0.65","Moving Up","","",,="7/9","<1","false","Swing"
"PEG","Public Service Enterprise Group Incorporated Common Stock","Utilities","Utilities - Regulated Electric","75.87","30.23","Sell","Jul 09, 2026","Downtrend","Jul 16, 2026","2928820.63","8.83","0.71","0.88","Moving Down","","",,="4/9","<1","false","Swing"
"QFIN","Qfin Holdings, Inc. American Depositary Shares","Financials","Credit Services","12.57","57.04","Sell","Jul 09, 2026","Downtrend","Jul 10, 2026","1209602.33","47.27","11.95","-1.8","Moving Down","M1S1","",,="6/9","<1","false","Swing"
"RMMZ","RiverNorth Managed Duration Municipal Income Fund II, Inc. Common Stock","Financials","Asset Management","14.8256","65.17","Sell","Jul 09, 2026","Downtrend","Aug 12, 2026","12347.97","-14.09","0.09","-0.16","Moving Down","M1S1","",,="5/9","<1","false","Swing"
"ROK","Rockwell Automation, Inc. Common Stock","Industrials","Specialty Industrial Machinery","451.39","56.09","Sell","Jul 09, 2026","Downtrend","Aug 04, 2026","834101","228.28","4.36","0.98","Moving Down","","",,="6/9","<1","false","Swing"
"SAIC","Science Applications International Corporation Common Stock","Technology","Information Technology Services","126.31","89.43","Buy","Jul 09, 2026","Uptrend","Jun 23, 2026","435137.67","54.69","3.44","0.73","Moving Up","M1S1","",,="8/9","<1","false","Swing"
"SBSI","Southside Bancshares, Inc. Common Stock","Financials","Banks - Regional","32.84","37.04","Sell","Jul 09, 2026","Downtrend","Jul 27, 2026","135082.27","43.51","14.47","1.39","Moving Down","M1S1","",,="6/9","<1","false","Swing"
"SF","Stifel Financial Corporation Common Stock","Financials","Capital Markets","84.94","75.66","Buy","Jul 09, 2026","Uptrend","Jul 06, 2026","1141094.13","88.69","0.89","0.64","Moving Up","M1S1","",,="8/9","<1","false","Swing"
"SGI","Somnigroup International Inc. Common Stock","Discretionary","Furnishings Fixtures & Appliances","64.25","30.6","Sell","Jul 09, 2026","Downtrend","Jul 17, 2026","2435282.57","-8.98","0.36","-1.52","Moving Down","","",,="4/9","<1","false","Swing"
"SLS","SELLAS Life Sciences Group, Inc. Common Stock","Health Care","Biotechnology","11.77","53.73","Sell","Jul 09, 2026","Neutral","Aug 03, 2026","7385249.97","424.95","5.76","6.52","Moving Down","M1S1","",,="6/9","<1","false","Swing"
"WSO","Watsco, Inc. Common Stock","Industrials","Industrial Distribution","309.41","7.61","Sell","Jul 09, 2026","Downtrend","Jul 15, 2026","492497.03","44.04","1.53","-2.98","Moving Down","","",,="6/9","<1","false","Swing"
"AFB","AllianceBernstein National Municipal Income Fund Inc","Financials","Closed-End Fund - Debt","10.94","41.71","Sell","Jul 08, 2026","Downtrend","Jul 21, 2026","77659.3","-5.98","0.05","-0.18","Moving Up","M1S1","",,="7/9","<1","false","Swing"
"AFRM","Affirm Holdings, Inc. Class A Common Stock","Financials","Credit Services","73.4","49.12","Sell","Jul 08, 2026","Downtrend","Aug 12, 2026","3395882.67","91.41","3.72","-4.31","Moving Down","M1S1","",,="6/9","<1","false","Swing"
"AMRN","Amarin Corporation plc","Health Care","Drug Manufacturers - General","14.06","28.33","Sell","Jul 08, 2026","Downtrend","Jul 13, 2026","61504.53","-9.83","41.58","0.36","Moving Up","M1S1","",,="7/9","<1","false","Swing"
"AMRX","Amneal Pharmaceuticals, Inc. Class A Common Stock","Health Care","Drug Manufacturers - Specialty & Generic","17.66","61.76","Sell","Jul 08, 2026","Uptrend","Jun 03, 2026","1857694.53","60.53","0.64","3.27","Moving Down","M1S1","",,="7/9","<1","false","Swing"
"AROC","Archrock, Inc. Common Stock","Energy","Oil & Gas Equipment & Services","33.28","8.44","Sell","Jul 08, 2026","Downtrend","Jul 24, 2026","1673776.33","251.74","1.4","0.88","Moving Down","M1S1","",,="6/9","<1","false","Swing"
"BV","BrightView Holdings, Inc. Common Stock","Industrials","Specialty Business Services","11.58","25.49","Sell","Jul 08, 2026","Downtrend","Jul 29, 2026","1236876.3","-52.41","1.49","2.48","Moving Down","","",,="6/9","<1","false","Swing"
"CAT","Caterpillar, Inc. Common Stock","Industrials","Farm & Heavy Construction Machinery","855.6","31.14","Sell","Jul 08, 2026","Downtrend","Jul 15, 2026","2977737.37","239.89","1.25","1.45","Moving Up","","",,="7/9","<1","false","Swing"
"CCB","Coastal Financial Corporation Common Stock","Financials","Banks - Regional","49.32","27.32","Sell","Jul 08, 2026","Downtrend","Jul 24, 2026","314901.33","-32.12","0.17","-4.9","Moving Up","M1S1","",,="7/9","<1","false","Swing"
"CPAY","Corpay, Inc. Common Stock","Technology","Software - Infrastructure","409.68","92.47","Buy","Jul 08, 2026","Uptrend","Jul 07, 2026","503019.33","-23.59","0.23","0.87","Moving Up","M1S1","",,="9/9","<1","false","Swing"
"CVS","CVS Health Corporation Common Stock","Health Care","Healthcare Plans","94.72","63.55","Sell","Jul 08, 2026","Downtrend","Aug 05, 2026","7730393.87","35.22","2.77","1.3","Moving Down","M1S1","",,="6/9","<1","false","Swing"
"DCOM","Dime Community Bancshares, Inc. Common Stock","Financials","Banks - Regional","40.91","60.49","Sell","Jul 08, 2026","Uptrend","Mar 26, 2026","320377.77","44.14","2.34","0.69","Moving Down","M1S1","",,="7/9","<1","false","Swing"
"DHI","D.R. Horton, Inc. Common Stock","Discretionary","Residential Construction","145.82","49.76","Sell","Jul 08, 2026","Downtrend","Aug 12, 2026","2413346.3","201.97","2.86","-3.3","Moving Down","","",,="4/9","<1","false","Swing"
"DKS","Dick's Sporting Goods Inc Common Stock","Discretionary","Specialty Retail","202.66","32.45","Sell","Jul 08, 2026","Downtrend","Aug 11, 2026","1202240.73","-233.86","0.22","-1.16","Moving Up","","",,="5/9","<1","false","Swing"
"GLP","Global Partners LP Common Units representing Limited Partner Interests","Energy","Oil & Gas Midstream","50.8","67.4","Buy","Jul 08, 2026","Uptrend","Jul 07, 2026","86072.63","225.17","2.03","1.58","Moving Up","M1S1","",,="9/9","<1","false","Swing"
"ICHR","Ichor Holdings Ordinary Shares","Technology","Semiconductor Equipment & Materials","69.19","41.76","Sell","Jul 08, 2026","Downtrend","Jul 27, 2026","1113277.57","91.71","4.61","2.49","Moving Up","M1S1","",,="7/9","<1","false","Swing"
"IDE","Voya Infrastructure, Industrials and Materials Fund Common Shares of Beneficial Interest","Financials","Closed-End Fund - Equity","13.34","40.49","Sell","Jul 08, 2026","Downtrend","Jul 17, 2026","36304.1","16.7","0.45","1.06","Moving Up","M1S1","",,="6/9","<1","false","Swing"
"KLIC","Kulicke and Soffa Industries, Inc. Common Stock","Technology","Semiconductor Equipment & Materials","95.15","32.78","Sell","Jul 08, 2026","Downtrend","Jul 22, 2026","1034890.57","-16.59","0.3","4.54","Moving Up","M1S1","",,="7/9","<1","false","Swing"
"LNTH","Lantheus Holdings, Inc. Common Stock","Health Care","Drug Manufacturers - Specialty & Generic","100.73","40.2","Sell","Jul 08, 2026","Downtrend","Aug 06, 2026","1541442.97","227.59","0.82","0.05","Moving Down","M1S1","",,="6/9","<1","false","Swing"
"LUV","Southwest Airlines Company Common Stock","Industrials","Airlines","44.98","49.27","Sell","Jul 08, 2026","Downtrend","Aug 10, 2026","5106612.67","18.29","6.67","-1.19","Moving Down","","",,="6/9","<1","false","Swing"
"MIDD","Middleby Corporation (The) Common Stock","Industrials","Specialty Industrial Machinery","118.95","31.92","Sell","Jul 08, 2026","Downtrend","Jul 08, 2026","593539","4.28","1.37","-0.87","Moving Down","","",,="6/9","<1","false","Swing"
"MKSI","MKS Inc. Common Stock","Technology","Scientific & Technical Instruments","306.83","25.45","Sell","Jul 08, 2026","Downtrend","Jul 24, 2026","1469311.7","88.35","1.5","4.23","Moving Up","M1S1","",,="7/9","<1","false","Swing"
"MMD","NYLI MacKay DefinedTerm Muni Opportunities Fund Common Shares","Financials","Closed-End Fund - Debt","14.96","39.21","Sell","Jul 08, 2026","Downtrend","Jul 20, 2026","47769.93","-30.22","0.53","-0.2","Moving Up","M1S1","",,="6/9","<1","false","Swing"
"MTZ","MasTec, Inc. Common Stock","Industrials","Engineering & Construction","281.11","27.4","Sell","Jul 08, 2026","Downtrend","Jul 10, 2026","1375277.17","235.52","1.92","3.1","Moving Down","","",,="6/9","<1","false","Swing"
"NI","NiSource Inc Common Stock","Utilities","Utilities - Regulated Gas","41.99","20.35","Sell","Jul 08, 2026","Downtrend","Jul 09, 2026","5345785.9","4.11","0.17","-0.05","Moving Down","","",,="4/9","<1","false","Swing"
"NZF","Nuveen Municipal Credit Income Fund ","Financials","Closed-End Fund - Debt","12.34","34.5","Sell","Jul 08, 2026","Downtrend","Jul 15, 2026","549706.07","11.93","5.51","0.24","Moving Up","M1S1","",,="7/9","<1","false","Swing"
"PBHC","Pathfinder Bancorp, Inc. Common Stock (MD)","Financials","Banks - Regional","16.25","71.13","Sell","Jul 08, 2026","Uptrend","Jun 03, 2026","13013.63","-47.64","0.14","0","Moving Down","M1S1","",,="6/9","<1","false","Swing"
"PCB","PCB Bancorp Common Stock","Financials","Banks - Regional","28.12","45.63","Sell","Jul 08, 2026","Neutral","Jul 30, 2026","42300.03","65.57","2","0.14","Moving Down","M1S1","",,="5/9","<1","false","Swing"
"PFSI","PennyMac Financial Services, Inc. Common Stock","Financials","Mortgage Finance","76.98","31.6","Sell","Jul 08, 2026","Downtrend","Jul 30, 2026","627557.67","-80.77","0.26","0.51","Moving Down","M1S1","",,="6/9","<1","false","Swing"
"PLOW","Douglas Dynamics, Inc. Common Stock","Discretionary","Auto Parts","42.51","39.69","Sell","Jul 08, 2026","Downtrend","Aug 06, 2026","321730.27","55.46","40.11","0.16","Moving Down","","",,="4/9","<1","false","Swing"
"RFIL","RF Industries, Ltd. Common Stock","Industrials","Electrical Equipment & Parts","13.15","24.81","Sell","Jul 08, 2026","Downtrend","Jul 13, 2026","257857.57","103.36","3.62","2.98","Moving Up","","",,="7/9","<1","false","Swing"
"RKT","Rocket Companies, Inc. Class A Common Stock","Financials","Mortgage Finance","14.05","48.15","Sell","Jul 08, 2026","Downtrend","Aug 12, 2026","29015417.67","205.56","5.93","-1.89","Moving Up","M1S1","",,="7/9","<1","false","Swing"
"RNST","Renasant Corporation Common Stock","Financials","Banks - Regional","43.35","67.33","Sell","Jul 08, 2026","Uptrend","Jun 04, 2026","614481.17","138.22","10.56","0.98","Moving Down","M1S1","",,="7/9","<1","false","Swing"
"RRX","Regal Rexnord Corporation Common Stock","Industrials","Specialty Industrial Machinery","172.9","36.28","Sell","Jul 08, 2026","Downtrend","Aug 05, 2026","1208123.87","187.85","4.91","0.2","Moving Down","","",,="6/9","<1","false","Swing"
"SEIC","SEI Investments Company Common Stock","Financials","Asset Management","105.54","87.43","Buy","Jul 08, 2026","Uptrend","Jul 02, 2026","741691.53","49.02","2.02","0.87","Moving Up","M1S1","",,="9/9","<1","false","Swing"
"SITE","SiteOne Landscape Supply, Inc. Common Stock","Industrials","Industrial Distribution","96.6","29.09","Sell","Jul 08, 2026","Downtrend","Jul 09, 2026","861605.57","-124.17","1.09","-2.39","Moving Up","","",,="7/9","<1","false","Swing"
"TGTX","TG Therapeutics, Inc. Common Stock","Health Care","Biotechnology","49.5","29.08","Sell","Jul 08, 2026","Downtrend","Aug 03, 2026","2228433.6","186.96","1.71","-0.8","Moving Down","M1S1","",,="6/9","<1","false","Swing"
"UCTT","Ultra Clean Holdings, Inc. Common Stock","Technology","Semiconductor Equipment & Materials","90.65","35.4","Sell","Jul 08, 2026","Downtrend","Jul 24, 2026","1488182.67","-57.74","0.29","5.33","Moving Up","M1S1","",,="7/9","<1","false","Swing"
"UHAL","U-Haul Holding Company Common Stock","Industrials","Rental & Leasing Services","74.39","82.98","Sell","Jul 08, 2026","Uptrend","May 27, 2026","179745.1","18.94","0.61","1.46","Moving Down","","",,="6/9","<1","false","Swing"
"WING","Wingstop Inc. Common Stock","Discretionary","Restaurants","112.08","20.7","Sell","Jul 08, 2026","Downtrend","Jul 14, 2026","1294944.3","276.91","19.26","0.65","Moving Down","","",,="4/9","<1","false","Swing"
"WWD","Woodward, Inc. Common Stock","Industrials","Aerospace & Defense","362.7","33.2","Sell","Jul 08, 2026","Downtrend","Jul 29, 2026","655101.3","-12.49","0.34","1.72","Moving Down","","",,="6/9","<1","false","Swing"
"ACMR","ACM Research, Inc. Class A Common Stock","Technology","Semiconductor Equipment & Materials","81.26","55.12","Sell","Jul 07, 2026","Downtrend","Jul 24, 2026","1137722.7","64.43","1.5","1.68","Moving Up","M1S1","",,="7/9","<1","false","Swing"
"ALGM","Allegro MicroSystems, Inc. Common Stock","Technology","Semiconductors","42.47","35.55","Sell","Jul 07, 2026","Downtrend","Jul 15, 2026","2576167.97","-0.31","0.32","-0.12","Moving Up","M1S1","",,="7/9","<1","false","Swing"
"ALLY","Ally Financial Inc. Common Stock","Financials","Credit Services","44.25","53.73","Sell","Jul 07, 2026","Neutral","Aug 12, 2026","2947695.77","78.84","3.9","0.68","Moving Up","M1S1","",,="7/9","<1","false","Swing"
"AZZ","AZZ Inc.","Industrials","Specialty Business Services","151.38","57.29","Sell","Jul 07, 2026","Uptrend","Aug 05, 2026","299531.4","104.65","0.99","-1.14","Moving Down","","",,="7/9","<1","false","Swing"
"BHE","Benchmark Electronics, Inc. Common Stock","Technology","Electronic Components","81.94","47.09","Sell","Jul 07, 2026","Downtrend","Aug 06, 2026","413167.97","85.32","1.32","0.76","Moving Up","M1S1","",,="7/9","<1","false","Swing"
"BLKB","Blackbaud, Inc. Common Stock","Technology","Software - Application","44.67","95.7","Buy","Jul 07, 2026","Uptrend","Jul 24, 2026","690200.77","-79.63","1.8","-1.72","Moving Down","M1S1","",,="8/9","<1","false","Swing"
"BLX","Banco Latinoamericano de Comercio Exterior, S.A.","Financials","Banks - Regional","56.19","45.12","Sell","Jul 07, 2026","Downtrend","Aug 06, 2026","162104.93","97.77","0.9","0.05","Moving Down","M1S1","",,="6/9","<1","false","Swing"
"BROS","Dutch Bros Inc. Class A Common Stock","Discretionary","Restaurants","51.02","10.37","Sell","Jul 07, 2026","Downtrend","Aug 06, 2026","3476020.63","-118.05","0.13","2.93","Moving Down","","",,="4/9","<1","false","Swing"
"BX","Blackstone Inc. Common Stock","Financials","Asset Management","146.41","82.04","Buy","Jul 07, 2026","Uptrend","Jul 09, 2026","4659656.83","145.81","2.34","-0.52","Moving Up","M1S1","",,="9/9","<1","false","Swing"
"CBT","Cabot Corporation Common Stock","Materials","Specialty Chemicals","86.3","52.56","Sell","Jul 07, 2026","Downtrend","Aug 12, 2026","471942.9","27.46","0.72","-0.78","Moving Down","","",,="6/9","<1","false","Swing"
"CBZ","CBIZ, Inc. Common Stock","Industrials","Specialty Business Services","54.58","94.48","Buy","Jul 07, 2026","Uptrend","Jul 01, 2026","1617120.83","-67.8","0.24","-0.04","Moving Down","","",,="7/9","<1","false","Swing"
"CLMB","Climb Global Solutions, Inc. Common Stock","Technology","Electronics & Computer Distribution","28.26","67.89","Buy","Jul 07, 2026","Uptrend","Jun 23, 2026","158264.07","529","2.28","1.87","Moving Up","M1S1","",,="9/9","<1","false","Swing"
"CNOB","ConnectOne Bancorp, Inc. Common Stock","Financials","Banks - Regional","33.26","57.17","Sell","Jul 07, 2026","Uptrend","Jul 24, 2026","460869.27","73.1","4.71","1.12","Moving Down","M1S1","",,="7/9","<1","false","Swing"
"EDU","New Oriental Education & Technology Group, Inc. Sponsored ADR representing 10 Ordinary Share (Cayman Islands)","Staples","Education & Training Services","53.34","75.32","Buy","Jul 07, 2026","Uptrend","Jul 23, 2026","815419.17","-55.61","2.98","-3.98","Moving Down","","",,="6/9","<1","false","Swing"
"EFX","Equifax, Inc. Common Stock","Industrials","Consulting Services","180.46","70.28","Buy","Jul 07, 2026","Uptrend","Jul 24, 2026","1628789.23","75.17","7.28","-0.82","Moving Up","","",,="9/9","<1","false","Swing"
"ESI","Element Solutions Inc. Common Stock","Materials","Specialty Chemicals","38.46","52.53","Sell","Jul 07, 2026","Downtrend","Jul 07, 2026","5965784.5","-49.36","0.23","2.15","Moving Up","","",,="7/9","<1","false","Swing"
"FSTR","L.B. Foster Company Common Stock","Industrials","Railroads","38.54","42.83","Sell","Jul 07, 2026","Downtrend","Aug 10, 2026","80250.63","44.11","1.18","1.58","Moving Down","","",,="6/9","<1","false","Swing"
"GOLF","Acushnet Holdings Corp. Common Stock","Discretionary","Leisure","89.1","11.67","Sell","Jul 07, 2026","Downtrend","Jul 24, 2026","344486.77","-10.83","0.28","-1.41","Moving Down","","",,="4/9","<1","false","Swing"
"GRBK","Green Brick Partners, Inc. Common Stock","Discretionary","Residential Construction","70.11","49.75","Sell","Jul 07, 2026","Downtrend","Aug 10, 2026","216983.97","-190.36","0.26","-2.09","Moving Up","","",,="5/9","<1","false","Swing"
"HBNC","Horizon Bancorp, Inc. Common Stock","Financials","Banks - Regional","20.53","58.81","Sell","Jul 07, 2026","Uptrend","May 18, 2026","631288.03","38.78","2.77","0.74","Moving Down","M1S1","",,="7/9","<1","false","Swing"
"HRL","Hormel Foods Corporation Common Stock","Staples","Packaged Foods","24.39","76.26","Sell","Jul 07, 2026","Downtrend","Aug 11, 2026","3447555.9","-49.25","2.62","0.37","Moving Down","","",,="4/9","<1","false","Swing"
"ICFI","ICF International, Inc. Common Stock","Industrials","Consulting Services","89.58","93.21","Buy","Jul 07, 2026","Uptrend","Jun 29, 2026","257913.97","-49.26","0.05","-1.1","Moving Up","","",,="9/9","<1","false","Swing"
"LPLA","LPL Financial Holdings Inc. Common Stock","Financials","Capital Markets","376.675","90.27","Buy","Jul 07, 2026","Uptrend","Jul 06, 2026","717020.37","183.56","1.53","1.48","Moving Up","M1S1","",,="8/9","<1","false","Swing"
"LYTS","LSI Industries Inc. Common Stock","Technology","Electronic Components","24.23","45.78","Sell","Jul 07, 2026","Uptrend","Aug 06, 2026","237542.97","106.73","0.78","-1.9","Moving Down","M1S1","",,="7/9","<1","false","Swing"
"MIRM","Mirum Pharmaceuticals, Inc. Common Stock","Health Care","Biotechnology","98.97","26.34","Sell","Jul 07, 2026","Downtrend","Jul 31, 2026","717262.5","216.05","1.27","0.75","Moving Down","M1S1","",,="6/9","<1","false","Swing"
"MYRG","MYR Group, Inc. Common Stock","Industrials","Engineering & Construction","332.68","22.83","Sell","Jul 07, 2026","Downtrend","Jul 10, 2026","295626.77","1007.98","2.96","0.83","Moving Up","","",,="7/9","<1","false","Swing"
"NATH","Nathan's Famous, Inc. Common Stock","Discretionary","Restaurants","96.86","36.01","Sell","Jul 07, 2026","Downtrend","Jul 06, 2026","24505.7","21.71","1.08","-0.61","Moving Down","","",,="3/9","<1","false","Swing"
"NWPX","NWPX Infrastructure, Inc. Common Stock","Materials","Steel","113.67","36.58","Sell","Jul 07, 2026","Downtrend","Aug 05, 2026","208298.23","-3.63","0.35","1.71","Moving Down","","",,="6/9","<1","false","Swing"
"RBC","RBC Bearings Incorporated Common Stock","Industrials","Tools & Accessories","555.65","33.02","Sell","Jul 07, 2026","Downtrend","Jul 09, 2026","232692.33","153.04","1.65","0.57","Moving Down","","",,="6/9","<1","false","Swing"
"RGT","Royce Global Trust, Inc. Common Stock","Financials","Closed-End Fund - Equity","15.38","85.11","Buy","Jul 07, 2026","Uptrend","Jul 06, 2026","18078.13","64.49","2.15","-0.13","Moving Up","M1S1","",,="9/9","<1","false","Swing"
"SAR","Saratoga Investment Corp New","Financials","Asset Management","19.38","52.26","Sell","Jul 07, 2026","Downtrend","Jul 06, 2026","198084.13","-100.16","0.1","-1.02","Moving Up","M1S1","",,="7/9","<1","false","Swing"
"SLF","Sun Life Financial Inc. Common Stock","Financials","Insurance - Diversified","80.24","80.13","Sell","Jul 07, 2026","Uptrend","Apr 08, 2026","501300.67","95.83","2.82","-0.45","Moving Down","M1S1","",,="7/9","<1","false","Swing"
"SPXC","SPX Technologies, Inc. Common Stock","Industrials","Building Products & Equipment","218.18","39.09","Sell","Jul 07, 2026","Neutral","Aug 12, 2026","561016.3","-22.13","0.39","0.64","Moving Up","","",,="7/9","<1","false","Swing"
"TAYD","Taylor Devices, Inc. Common Stock","Industrials","Specialty Industrial Machinery","53.4","33.48","Sell","Jul 07, 2026","Downtrend","Jul 22, 2026","33984.7","155.88","1.24","0.06","Moving Up","","",,="7/9","<1","false","Swing"
"TRS","TriMas Corporation Common Stock","Discretionary","Packaging & Containers","39.24","42.36","Sell","Jul 07, 2026","Downtrend","Aug 06, 2026","418123.37","-131.5","0.05","-1.3","Moving Up","","",,="5/9","<1","false","Swing"
"VICR","Vicor Corporation Common Stock","Technology","Electronic Components","226.12","39.64","Sell","Jul 07, 2026","Downtrend","Jul 07, 2026","830981.03","151.62","1.34","7.23","Moving Up","M1S1","",,="7/9","<1","false","Swing"
"AIN","Albany International Corporation Common Stock","Discretionary","Textile Manufacturing","63.84","46.47","Sell","Jul 06, 2026","Downtrend","Aug 04, 2026","272095.03","-1.49","30.44","1.3","Moving Down","","",,="4/9","<1","false","Swing"
"AIP","Arteris, Inc. Common Stock","Technology","Semiconductors","28.18","29.71","Sell","Jul 06, 2026","Downtrend","Jul 10, 2026","759402.3","86.84","0.78","2.66","Moving Down","M1S1","",,="6/9","<1","false","Swing"
"ALOT","AstroNova, Inc. Common Stock","Technology","Computer Hardware","28.92","76.69","Sell","Jul 06, 2026","Uptrend","Mar 30, 2026","118042.9","215.95","5.06","0.1","Moving Down","M1S1","",,="7/9","<1","false","Swing"
"AMKR","Amkor Technology, Inc. Common Stock","Technology","Semiconductor Equipment & Materials","55.59","22.53","Sell","Jul 06, 2026","Downtrend","Jul 06, 2026","5557632.63","41.46","0.39","2.38","Moving Up","M1S1","",,="7/9","<1","false","Swing"
"ANAB","AnaptysBio, Inc. Common Stock","Health Care","Biotechnology","56.98","45.99","Sell","Jul 06, 2026","Downtrend","Aug 12, 2026","691027.23","-162.4","0.09","-1.54","Moving Up","M1S1","",,="7/9","<1","false","Swing"
"BE","Bloom Energy Corporation Class A Common Stock","Industrials","Electrical Equipment & Parts","237.16","33.56","Sell","Jul 06, 2026","Neutral","Aug 12, 2026","15835692.17","-117.65","0.23","12.29","Moving Down","","Positive","true",="6/9","<1","false","Swing"
"BNS","Bank Nova Scotia Halifax Pfd 3 Ordinary Shares","Financials","Banks - Diversified","90.33","71.63","Sell","Jul 06, 2026","Uptrend","Apr 10, 2026","2128160.83","108.64","4.03","1.65","Moving Down","M1S1","",,="7/9","<1","false","Swing"
"CIM","Chimera Investment Corporation Common Stock","Real Estate","REIT - Mortgage","11.84","44.31","Sell","Jul 06, 2026","Downtrend","Jul 02, 2026","702821.9","29.02","4.64","-0.5","Moving Down","","",,="4/9","<1","false","Swing"
"CLPT","ClearPoint Neuro, Inc. Common Stock","Health Care","Medical Devices","15.18","51.22","Sell","Jul 06, 2026","Neutral","Aug 11, 2026","600682.2","175.79","66","1.88","Moving Up","M1S1","",,="7/9","<1","false","Swing"
"CMI","Cummins Inc. Common Stock","Industrials","Specialty Industrial Machinery","637.85","44.9","Sell","Jul 06, 2026","Downtrend","Jul 24, 2026","936002.77","260.37","2.67","0.77","Moving Up","","",,="7/9","<1","false","Swing"
"CRH","CRH PLC Ordinary Shares","Materials","Building Materials","97.99","37.28","Sell","Jul 06, 2026","Downtrend","Jul 07, 2026","4025753.33","167.99","2.9","-3.26","Moving Up","","",,="7/9","<1","false","Swing"
"DNLI","Denali Therapeutics Inc. Common Stock","Health Care","Biotechnology","25.27","63.21","Sell","Jul 06, 2026","Uptrend","Aug 06, 2026","1645884.03","-76.63","0.11","2.35","Moving Up","M1S1","",,="8/9","<1","false","Swing"
"DOV","Dover Corporation Common Stock","Industrials","Specialty Industrial Machinery","208.07","45.11","Sell","Jul 06, 2026","Downtrend","Jul 17, 2026","1200170.53","85.49","2.38","-0.18","Moving Up","","",,="6/9","<1","false","Swing"
"DY","Dycom Industries, Inc. Common Stock","Industrials","Engineering & Construction","410.17","38.57","Sell","Jul 06, 2026","Downtrend","Jul 24, 2026","426379.33","434.08","1.45","1.73","Moving Up","","",,="7/9","<1","false","Swing"
"FDS","FactSet Research Systems Inc. Common Stock","Financials","Financial Data & Stock Exchanges","277.99","92.87","Buy","Jul 06, 2026","Uptrend","Jul 02, 2026","890149.97","16.54","10.29","-1.75","Moving Up","M1S1","",,="9/9","<1","false","Swing"
"FIX","Comfort Systems USA, Inc. Common Stock","Industrials","Engineering & Construction","1738.82","33.85","Sell","Jul 06, 2026","Downtrend","Aug 05, 2026","488783.5","1700.47","1.28","3.01","Moving Up","","Positive",,="7/9","<1","false","Swing"
"FLG","Flagstar Bank, N.A. Common Stock","Financials","Banks - Regional","14.21","27.84","Sell","Jul 06, 2026","Downtrend","Jul 24, 2026","4296671.27","8.78","3.83","0.14","Moving Down","M1S1","",,="6/9","<1","false","Swing"
"FTAI","FTAI Aviation Ltd. Common Stock","Industrials","Aerospace & Defense","226.66","53.11","Sell","Jul 06, 2026","Downtrend","Jul 07, 2026","1601695.33","-2017.88","0.16","0.47","Moving Up","","",,="7/9","<1","false","Swing"
"GNRC","Generac Holdlings Inc. Common Stock","Industrials","Specialty Industrial Machinery","221.9","40.99","Sell","Jul 06, 2026","Downtrend","Jul 06, 2026","1126342.23","195.41","5.84","2.8","Moving Up","","",,="7/9","<1","false","Swing"
"INTC","Intel Corporation Common Stock","Technology","Semiconductors","100.95","53.1","Sell","Jul 06, 2026","Downtrend","Jul 10, 2026","114325801.13","122.43","5.63","3.32","Moving Up","M1S1","Positive","true",="6/9","<1","false","Swing"
"LRCX","Lam Research Corporation Common Stock","Technology","Semiconductor Equipment & Materials","326.11","37.09","Sell","Jul 06, 2026","Neutral","Aug 12, 2026","11236273.37","290.06","0.74","4.72","Moving Up","M1S1","",,="6/9","<1","false","Swing"
"MAIN","Main Street Capital Corporation Common Stock","Financials","Asset Management","58.51","85.19","Buy","Jul 06, 2026","Uptrend","Jul 10, 2026","656925.37","65.65","3.13","-0.88","Moving Up","M1S1","",,="9/9","<1","false","Swing"
"MOG/A","Moog Inc. Class A Common Stock","Industrials","Aerospace & Defense","428.82","63.06","Sell","Jul 06, 2026","Uptrend","Jul 22, 2026","287572.97","229.1","1.3","2.84","Moving Down","","",,="7/9","<1","false","Swing"
"NGS","Natural Gas Services Group, Inc. Common Stock","Energy","Oil & Gas Equipment & Services","36.72","30.51","Sell","Jul 06, 2026","Downtrend","Jul 16, 2026","119066.27","52.83","0.75","-0.16","Moving Up","M1S1","",,="7/9","<1","false","Swing"
"NPKI","NPK International Inc. Common Stock","Industrials","Building Products & Equipment","14.01","26.37","Sell","Jul 06, 2026","Downtrend","Jul 23, 2026","869616.07","42.1","0.94","1.16","Moving Up","","",,="7/9","<1","false","Swing"
"PATK","Patrick Industries, Inc. Common Stock","Discretionary","Recreational Vehicles","86.76","44.48","Sell","Jul 06, 2026","Neutral","Aug 10, 2026","662000.07","-21.55","0.33","-0.75","Moving Down","","",,="4/9","<1","false","Swing"
"PAYX","Paychex, Inc. Common Stock","Technology","Software - Application","120.37","95.4","Buy","Jul 06, 2026","Uptrend","Jun 25, 2026","3050942.8","-40.82","0.22","-0.77","Moving Down","M1S1","",,="8/9","<1","false","Swing"
"REGN","Regeneron Pharmaceuticals, Inc. Common Stock","Health Care","Biotechnology","797.99","75","Buy","Jul 06, 2026","Uptrend","Jul 27, 2026","786784.47","72.59","1.85","0.12","Moving Up","M1S1","",,="8/9","<1","false","Swing"
"RJF","Raymond James Financial, Inc. Common Stock","Financials","Asset Management","181.18","80.55","Buy","Jul 06, 2026","Uptrend","Jul 01, 2026","1148238.8","175.93","2.05","0.64","Moving Up","M1S1","",,="9/9","<1","false","Swing"
"ROG","Rogers Corporation Common Stock","Technology","Electronic Components","138.58","50.18","Sell","Jul 06, 2026","Neutral","Aug 12, 2026","251938.07","88.53","39.77","2.61","Moving Up","M1S1","",,="6/9","<1","false","Swing"
"SSBI","Summit State Bank Common Stock","Financials","Banks - Regional","12.9097","49.72","Sell","Jul 06, 2026","Downtrend","Aug 10, 2026","5960.7","58.03","6.51","-0.85","Moving Up","M1S1","",,="7/9","<1","false","Swing"
"STRO","Sutro Biopharma, Inc. Common Stock","Health Care","Biotechnology","21.3","61.18","Sell","Jul 06, 2026","Downtrend","Jul 13, 2026","318669.8","-115.08","1.73","-14.94","Moving Down","M1S1","",,="6/9","<1","false","Swing"
"STRS","Stratus Properties Inc. Common Stock","Real Estate","Real Estate - Diversified","19","20.66","Sell","Jul 06, 2026","Downtrend","Jul 02, 2026","117508.13","-136.67","0.6","1.01","Moving Up","","",,="4/9","<1","false","Swing"
"TRI","Thomson Reuters Corporation Common Shares","Industrials","Specialty Business Services","102.61","87.29","Buy","Jul 06, 2026","Uptrend","Jul 24, 2026","2191840.1","108.76","4.87","-2.13","Moving Up","","",,="9/9","<1","false","Swing"
"TWO","Two Harbors Investment Corp","Real Estate","REIT - Mortgage","12.04","71.79","Sell","Jul 06, 2026","Downtrend","Aug 10, 2026","3229302.43","1.34","3.24","0.42","Moving Down","","",,="4/9","<1","false","Swing"
"VERA","Vera Therapeutics, Inc. Class A Common Stock","Health Care","Biotechnology","29.99","20.82","Sell","Jul 06, 2026","Downtrend","Jul 21, 2026","2221217.67","3.48","0.21","-0.99","Moving Down","M1S1","",,="6/9","<1","false","Swing"
"WDC","Western Digital Corporation Common Stock","Technology","Computer Hardware","454.1","38.7","Sell","Jul 06, 2026","Downtrend","Aug 05, 2026","7856583.67","-0.91","0.34","3.69","Moving Down","M1S1","",,="6/9","<1","false","Swing"
"WH","Wyndham Hotels & Resorts, Inc. Common Stock ","Discretionary","Lodging","74.02","40.53","Sell","Jul 06, 2026","Downtrend","Jul 08, 2026","1411804.07","-45.34","0.64","2.14","Moving Down","","",,="3/9","<1","false","Swing"
"AMX","America Movil, S.A.B. de C.V. American Depositary Shares (each representing the right to receive twenty (20) Series B Shares","Communication","Telecom Services","23.22","33.05","Sell","Jul 02, 2026","Downtrend","Jul 23, 2026","1922276.93","-0.03","0.33","-0.9","Moving Down","","",,="5/9","<1","false","Swing"
"AORT","Artivion, Inc. Common Stock","Health Care","Medical Devices","28.64","60.29","Buy","Jul 02, 2026","Uptrend","Jul 22, 2026","638702.33","111.27","51.8","0.88","Moving Up","M1S1","",,="9/9","<1","false","Swing"
"AOSL","Alpha and Omega Semiconductor Limited Common Shares","Technology","Semiconductors","36.28","57.42","Sell","Jul 02, 2026","Neutral","Aug 12, 2026","599737.87","-216.92","0.13","4.13","Moving Up","M1S1","",,="7/9","<1","false","Swing"
"AUPH","Aurinia Pharmaceuticals Inc Ordinary Shares","Health Care","Biotechnology","15.45","48.42","Sell","Jul 02, 2026","Downtrend","Aug 10, 2026","1262478.47","-127.35","0.23","0.52","Moving Up","M1S1","",,="7/9","<1","false","Swing"
"HGV","Hilton Grand Vacations Inc. Common Stock ","Discretionary","Resorts & Casinos","44.91","25.99","Sell","Jul 02, 2026","Downtrend","Jul 30, 2026","1128225.57","-35.28","0.86","4.39","Moving Down","","",,="4/9","<1","false","Swing"
"IHG","Intercontinental Hotels Group American Depositary Shares (Each representing one Ordinary Share)","Discretionary","Lodging","161.82","45.03","Sell","Jul 02, 2026","Neutral","Aug 12, 2026","266996.17","135.9","2.51","3.82","Moving Up","","",,="5/9","<1","false","Swing"
"INVA","Innoviva, Inc. Common Stock","Health Care","Biotechnology","20.81","16.22","Sell","Jul 02, 2026","Downtrend","Jul 06, 2026","773817.3","77.28","4.78","0.29","Moving Up","M1S1","",,="7/9","<1","false","Swing"
"KLAC","KLA Corporation Common Stock","Technology","Semiconductor Equipment & Materials","208.25","14.98","Sell","Jul 02, 2026","Neutral","Aug 12, 2026","12495845.43","873.95","2.03","3.88","Moving Up","M1S1","",,="7/9","<1","false","Swing"
"MDU","MDU Resources Group, Inc. Common Stock (Holding Company)","Utilities","Utilities - Regulated Gas","20.52","48.5","Sell","Jul 02, 2026","Downtrend","Jul 27, 2026","1477304.2","41.3","8.45","0.1","Moving Up","","",,="5/9","<1","false","Swing"
"MIR","Mirion Technologies, Inc. Class A Common Stock","Industrials","Specialty Industrial Machinery","15.21","23.09","Sell","Jul 02, 2026","Downtrend","Jul 06, 2026","4034024.37","-177.44","0.14","-0.39","Moving Up","","",,="7/9","<1","false","Swing"
"RNA","Atrium Therapeutics, Inc. Common Stock","Health Care","Biotechnology","12.17","46.46","Sell","Jul 02, 2026","Downtrend","Jul 13, 2026","149058.13","48.92","8.92","-0.81","Moving Down","M1S1","",,="6/9","<1","false","Swing"
"STX","Seagate Technology Holdings PLC Ordinary Shares (Ireland)","Technology","Computer Hardware","878.21","59.07","Sell","Jul 02, 2026","Neutral","Aug 12, 2026","5220612.73","533.19","1","7.03","Moving Up","M1S1","",,="6/9","<1","false","Swing"
"TNC","Tennant Company Common Stock","Industrials","Specialty Industrial Machinery","69.25","39.8","Sell","Jul 02, 2026","Downtrend","Aug 06, 2026","188063.37","-71.26","0.23","4.42","Moving Down","","",,="6/9","<1","false","Swing"
"UTF","Cohen & Steers Infrastructure Fund, Inc Common Stock","Financials","Closed-End Fund - Equity","26.84","49.87","Sell","Jul 02, 2026","Downtrend","Aug 05, 2026","246650.43","45.24","1.73","-0.59","Moving Down","M1S1","",,="6/9","<1","false","Swing"
"VMI","Valmont Industries, Inc. Common Stock","Industrials","Conglomerates","492.91","31.27","Sell","Jul 02, 2026","Downtrend","Jul 17, 2026","211393.37","97.31","1.18","-0.09","Moving Up","","",,="7/9","<1","false","Swing"
"BLFS","BioLife Solutions, Inc. Common Stock","Health Care","Medical Instruments & Supplies","34.97","98.29","Buy","Jul 01, 2026","Uptrend","May 18, 2026","1229056.43","95.8","2.82","0.43","Moving Up","M1S1","",,="9/9","<1","false","Swing"
"BWXT","BWX Technologies, Inc. Common Stock","Industrials","Aerospace & Defense","172.56","25.81","Sell","Jul 01, 2026","Downtrend","Jun 30, 2026","875054.83","103.79","1.64","1.68","Moving Up","","",,="6/9","<1","false","Swing"
"COHU","Cohu, Inc. Common Stock","Technology","Semiconductor Equipment & Materials","56.14","52.13","Sell","Jul 01, 2026","Neutral","Aug 11, 2026","1149775.83","57.64","0.98","6.29","Moving Up","M1S1","",,="6/9","<1","false","Swing"
"CW","Curtiss-Wright Corporation Common Stock","Industrials","Aerospace & Defense","723.71","32.39","Sell","Jul 01, 2026","Downtrend","Aug 06, 2026","241364.97","196.97","1.11","2.51","Moving Down","","",,="6/9","<1","false","Swing"
"GD","General Dynamics Corporation Common Stock","Industrials","Aerospace & Defense","394.21","87.16","Buy","Jul 01, 2026","Uptrend","Jun 26, 2026","1101757.73","-8.98","0.39","0.59","Moving Up","","Positive",,="9/9","<1","false","Swing"
"GWW","W.W. Grainger, Inc. Common Stock","Industrials","Industrial Distribution","1304.88","46.64","Sell","Jul 01, 2026","Downtrend","Aug 04, 2026","280202.9","222.71","2.01","0.23","Moving Down","","",,="6/9","<1","false","Swing"
"ITGR","Integer Holdings Corporation Common Stock","Health Care","Medical Devices","125.08","97.96","Buy","Jul 01, 2026","Uptrend","May 13, 2026","1205595.67","-36.21","0.2","0.03","Moving Up","M1S1","",,="9/9","<1","false","Swing"
"LXFR","Luxfer Holdings PLC Ordinary Shares","Industrials","Specialty Industrial Machinery","17.08","62.72","Sell","Jul 01, 2026","Neutral","Jul 21, 2026","328789.17","-47.86","0.07","0","Moving Up","","",,="6/9","<1","false","Swing"
"MCRI","Monarch Casino & Resort, Inc. Common Stock","Discretionary","Resorts & Casinos","123.86","46.63","Sell","Jul 01, 2026","Neutral","Aug 12, 2026","144415.13","254.3","3.38","1.29","Moving Down","","",,="3/9","<1","false","Swing"
"OII","Oceaneering International, Inc. Common Stock","Energy","Oil & Gas Equipment & Services","51.02","85.76","Buy","Jul 01, 2026","Uptrend","Jun 29, 2026","1053468.63","223.17","2.32","0.51","Moving Down","M1S1","",,="8/9","<1","false","Swing"
"SCI","Service Corporation International Common Stock","Discretionary","Personal Services","84.4","77.35","Buy","Jul 01, 2026","Uptrend","Jul 01, 2026","1183052.8","-35.26","0.3","1.26","Moving Up","","",,="7/9","<1","false","Swing"
"SNEX","StoneX Group Inc. Common Stock","Financials","Capital Markets","69.4","30.32","Sell","Jul 01, 2026","Downtrend","Jul 31, 2026","1125579.8","504.08","1.91","5.2","Moving Down","M1S1","",,="6/9","<1","false","Swing"
"STAA","STAAR Surgical Company Common Stock","Health Care","Medical Instruments & Supplies","25.41","48.88","Sell","Jul 01, 2026","Downtrend","Jul 17, 2026","938625.6","262.89","37.67","1.88","Moving Up","M1S1","Positive",,="7/9","<1","false","Swing"
"STZ","Constellation Brands, Inc. Common Stock","Staples","Beverages - Brewers","133.96","51.25","Sell","Jul 01, 2026","Downtrend","Jun 29, 2026","1981922.03","-54.94","1.38","-0.01","Moving Up","","",,="4/9","<1","false","Swing"
"TCBS","Texas Community Bancshares, Inc. Common Stock","Financials","Banks - Regional","17.36","28.46","Sell","Jul 01, 2026","Downtrend","Aug 04, 2026","1081","10.17","0.85","0.35","Moving Down","M1S1","",,="5/9","<1","false","Swing"
"TKR","Timken Company (The) Common Stock","Industrials","Tools & Accessories","130.25","63.45","Sell","Jul 01, 2026","Downtrend","Aug 04, 2026","935398.33","234.3","4.37","1.33","Moving Down","","",,="6/9","<1","false","Swing"
"VECO","Veeco Instruments Inc. Common Stock","Technology","Semiconductor Equipment & Materials","53.26","38.12","Sell","Jul 01, 2026","Downtrend","Jul 06, 2026","1037878.1","-74.38","0.26","6.19","Moving Up","M1S1","",,="6/9","<1","false","Swing"
"VIRT","Virtu Financial, Inc. Class A Common Stock","Financials","Capital Markets","57.09","31.96","Sell","Jul 01, 2026","Downtrend","Aug 06, 2026","1111663.97","216.12","2.33","3.65","Moving Down","M1S1","",,="6/9","<1","false","Swing"
"ACLS","Axcelis Technologies, Inc. Common Stock","Technology","Semiconductor Equipment & Materials","142.14","43.99","Sell","Jun 30, 2026","Neutral","Aug 12, 2026","476491.73","391.54","2.51","5.01","Moving Up","M1S1","",,="6/9","<1","false","Swing"
"BMY","Bristol-Myers Squibb Company Common Stock","Health Care","Drug Manufacturers - General","63.7","82.09","Buy","Jun 30, 2026","Uptrend","Jul 15, 2026","11675986.3","0.81","0.49","0.14","Moving Up","M1S1","",,="9/9","<1","false","Swing"
"CECO","CECO Environmental Corp. Common Stock","Industrials","Pollution & Treatment Controls","75.83","27.68","Sell","Jun 30, 2026","Downtrend","Jul 13, 2026","937179.73","459.73","1.54","2.51","Moving Up","","",,="7/9","<1","false","Swing"
"GEO","Geo Group Inc (The) REIT","Industrials","Security & Protection Services","31.45","54.02","Sell","Jun 30, 2026","Uptrend","Mar 17, 2026","1673143.73","-56.89","0.25","-0.94","Moving Down","","",,="7/9","<1","false","Swing"
"HMC","Honda Motor Company, Ltd. Common Stock","Discretionary","Auto Manufacturers","31.31","85.31","Buy","Jun 30, 2026","Uptrend","Jun 26, 2026","1292825.5","59.99","13.27","-1.23","Moving Up","","",,="7/9","<1","false","Swing"
"HNRG","Hallador Energy Company Common Stock","Utilities","Utilities - Independent Power Producers","15.77","42.62","Sell","Jun 30, 2026","Downtrend","Jun 29, 2026","814694.5","-254.18","0.16","0.83","Moving Up","","",,="5/9","<1","false","Swing"
"HWKN","Hawkins, Inc. Common Stock","Materials","Specialty Chemicals","129.47","17.07","Sell","Jun 30, 2026","Downtrend","Jun 29, 2026","170958.1","212.15","1.03","-0.15","Moving Down","","",,="6/9","<1","false","Swing"
"MOVE","Corvex, Inc. Common Stock","Technology","Software - Infrastructure","10.85","41.21","Sell","Jun 30, 2026","Downtrend","Jul 06, 2026","304708.4","-51.5","8.83","-1.36","Moving Down","M1S1","",,="6/9","<1","false","Swing"
"VRT","Vertiv Holdings, LLC Class A Common Stock","Industrials","Electrical Equipment & Parts","288.36","41.34","Sell","Jun 30, 2026","Downtrend","Jul 13, 2026","5772236.63","274.59","1.05","2.32","Moving Up","","",,="7/9","<1","false","Swing"
"AACB","Artius II Acquisition Inc. Class A Ordinary Shares","Financials","Shell Companies","10.53","0",,"","Uptrend","Mar 26, 2026","24789.7","",,,"","M1S1","",,="7/9","<1","true","Swing"
"ACFN","Acorn Energy, Inc. Common Stock","Technology","Scientific & Technical Instruments","18.37","0",,"","Neutral","Aug 12, 2026","29744.87","",,,"","M1S1","",,="6/9","<1","true","Swing"
"ACU","Acme United Corporation. Common Stock","Staples","Household & Personal Products","59.59","0",,"","Uptrend","Jun 04, 2026","25261.33","",,,"","","",,="5/9","<1","true","Swing"
"AESI","Atlas Energy Solutions Inc. Common Stock","Energy","Oil & Gas Equipment & Services","11.74","0",,"","Downtrend","Jul 01, 2026","3449073.5","",,,"","M1S1","",,="6/9","<1","true","Swing"
"AEXA","American Exceptionalism Acquisition Corp. A Class A Ordinary Shares","Financials","Shell Companies","11.6","0",,"","Neutral","Aug 11, 2026","89185.03","",,,"","M1S1","",,="6/9","<1","true","Swing"
"AFJK","Aimei Health Technology Co., Ltd Ordinary Share","Financials","Shell Companies","12","0",,"","Downtrend","Jun 10, 2026","33531.7","",,,"","M1S1","",,="6/9","<1","true","Swing"
"AGD","abrdn Global Dynamic Dividend Fund Common Shares of Beneficial Interest","Financials","Closed-End Fund - Foreign","12.38","0",,"","Uptrend","Aug 06, 2026","127579.77","",,,"","M1S1","",,="6/9","<1","true","Swing"
"AHR","American Healthcare REIT, Inc. Common Stock","Real Estate","REIT - Healthcare Facilities","52.59","0",,"","Downtrend","Aug 12, 2026","2848340.27","",,,"","","",,="4/9","<1","true","Swing"
"AII","American Integrity Insurance Group, Inc. Common Stock","Financials","Insurance - Property & Casualty","22.91","0",,"","Uptrend","Jul 24, 2026","105061.7","",,,"","M1S1","",,="7/9","<1","true","Swing"
"AKA","a.k.a. Brands Holding Corp. Common Stock","Discretionary","Apparel Retail","10.99","0",,"","Uptrend","Aug 12, 2026","2991.1","",,,"","","",,="5/9","<1","true","Swing"
"ALAB","Astera Labs, Inc. Common Stock","Technology","Semiconductors","318.8","0",,"","Downtrend","Aug 10, 2026","4737934.23","",,,"","M1S1","",,="6/9","<1","true","Swing"
"ALDF","Aldel Financial II Inc. Class A Ordinary Shares","Financials","Shell Companies","10.78","0",,"","Uptrend","Mar 30, 2026","22882.63","",,,"","M1S1","",,="7/9","<1","true","Swing"
"ALF","Centurion Acquisition Corp. Class A Ordinary Shares","Financials","Shell Companies","10.84","0",,"","Neutral","Aug 10, 2026","617.57","",,,"","M1S1","",,="6/9","<1","true","Swing"
"ALH","Alliance Laundry Holdings Inc. Common Stock","Discretionary","Furnishings Fixtures & Appliances","25.91","0",,"","Uptrend","Jul 28, 2026","486643","",,,"","","",,="5/9","<1","true","Swing"
"ALHC","Alignment Healthcare, Inc. Common Stock","Health Care","Healthcare Plans","13.52","0",,"","Downtrend","Jul 23, 2026","5596150.6","",,,"","M1S1","",,="6/9","<1","true","Swing"
"ALMS","Alumis Inc. Common Stock","Health Care","Biotechnology","25.55","0",,"","Downtrend","Aug 11, 2026","1202964","",,,"","M1S1","",,="6/9","<1","true","Swing"
"ALMU","Aeluma, Inc. Common Stock","Technology","Semiconductors","18.05","0",,"","Neutral","Aug 11, 2026","510587.47","",,,"","M1S1","",,="6/9","<1","true","Swing"
"AMBQ","Ambiq Micro, Inc. Common Stock","Technology","Semiconductors","65.59","0",,"","Downtrend","Jul 24, 2026","517288.6","",,,"","M1S1","Positive",,="6/9","<1","true","Swing"
"AMPX","Amprius Technologies, Inc. Common Stock","Industrials","Electrical Equipment & Parts","12.24","0",,"","Neutral","Aug 11, 2026","6284996.97","",,,"","","",,="6/9","<1","true","Swing"
"AMTM","Amentum Holdings, Inc. Common Stock","Industrials","Specialty Business Services","22.52","0",,"","Neutral","Aug 11, 2026","2021420.23","",,,"","","",,="6/9","<1","true","Swing"
"ANRO","Alto Neuroscience, Inc. Common Stock","Health Care","Biotechnology","29.18","0",,"","Uptrend","Jun 18, 2026","509742.93","",,,"","M1S1","",,="7/9","<1","true","Swing"
"ANSC","Agriculture & Natural Solutions Acquisition Corporation Class A Ordinary Shares","Financials","Shell Companies","11.46","0",,"","Uptrend","Mar 12, 2026","47282.83","",,,"","M1S1","",,="7/9","<1","true","Swing"
"APGE","Apogee Therapeutics, Inc. Common Stock","Health Care","Biotechnology","134.55","0",,"","Uptrend","Jun 04, 2026","1361441.03","",,,"","M1S1","",,="7/9","<1","true","Swing"
"APP","Applovin Corporation Class A Common Stock","Communication","Advertising Agencies","303.76","0",,"","Downtrend","Jul 13, 2026","6743325.9","",,,"","","Positive",,="5/9","<1","true","Swing"
"ARDT","Ardent Health, Inc. Common Stock","Health Care","Medical Care Facilities","11.1","0",,"","Uptrend","Jun 26, 2026","534349.2","",,,"","M1S1","",,="7/9","<1","true","Swing"
"ARTV","Artiva Biotherapeutics, Inc. Common Stock","Health Care","Biotechnology","11.53","0",,"","Uptrend","Jun 17, 2026","404897.73","",,,"","M1S1","",,="7/9","<1","true","Swing"
"ASIC","Ategrity Specialty Insurance Company Holdings Common Stock","Financials","Insurance - Property & Casualty","24.48","0",,"","Uptrend","Jun 09, 2026","66441.33","",,,"","M1S1","",,="7/9","<1","true","Swing"
"ASST","Strive, Inc. Class A Common Stock","Financials","Asset Management","12.39","0",,"","Downtrend","Jun 18, 2026","2856418.03","",,,"","M1S1","",,="6/9","<1","true","Swing"
"ASTS","AST SpaceMobile, Inc. Class A Common Stock","Technology","Communication Equipment","74.31","0",,"","Uptrend","Aug 12, 2026","14473928.17","",,,"","M1S1","",,="7/9","<1","true","Swing"
"ATII","Archimedes Tech SPAC Partners II Co. Ordinary Shares","Financials","Shell Companies","10.64","0",,"","Downtrend","Jul 10, 2026","184685.2","",,,"","M1S1","",,="5/9","<1","true","Swing"
"ATMU","Atmus Filtration Technologies Inc. Common Stock","Discretionary","Auto Parts","49.8","0",,"","Downtrend","Aug 11, 2026","636669.67","",,,"","","",,="4/9","<1","true","Swing"
"AUGO","Aura Minerals Inc. Common Shares","Materials","Gold","77.53","0",,"","Uptrend","Aug 05, 2026","898496.53","",,,"","","",,="7/9","<1","true","Swing"
"AVBC","Avidia Bancorp, Inc. Common Stock","Financials","Banks - Regional","22.14","0",,"","Uptrend","Jun 10, 2026","101669.93","",,,"","M1S1","",,="7/9","<1","true","Swing"
"AVBP","ArriVent BioPharma, Inc. Common Stock","Health Care","Biotechnology","31.46","0",,"","Neutral","Aug 10, 2026","472970.93","",,,"","M1S1","",,="6/9","<1","true","Swing"
"AVNW","Aviat Networks, Inc. Common Stock","Technology","Communication Equipment","21.83","0",,"","Uptrend","Aug 04, 2026","120242.07","",,,"","M1S1","",,="7/9","<1","true","Swing"
"BACC","Blue Acquisition Corp. Class A Ordinary Shares","Financials","Shell Companies","10.5405","0",,"","Neutral","Aug 12, 2026","178035.2","",,,"","M1S1","",,="6/9","<1","true","Swing"
"BAM","Brookfield Asset Management Inc Class A Limited Voting Shares","Financials","Asset Management","54.5","0",,"","Uptrend","Jul 27, 2026","2284086.57","",,,"","M1S1","",,="6/9","<1","true","Swing"
"BBNX","Beta Bionics, Inc. Common Stock","Health Care","Medical Devices","17.33","0",,"","Uptrend","Aug 11, 2026","1214568.9","",,,"","M1S1","",,="6/9","<1","true","Swing"
"BCAX","Bicara Therapeutics Inc. Common Stock","Health Care","Biotechnology","24.63","0",,"","Downtrend","Aug 11, 2026","652654.77","",,,"","M1S1","Positive",,="6/9","<1","true","Swing"
"BCV","Bancroft Fund, Ltd.","Financials","Closed-End Fund - Debt","25.6101","0",,"","Uptrend","Aug 11, 2026","19808.53","",,,"","M1S1","",,="6/9","<1","true","Swing"
"BDCI","BTC Development Corp. Class A Ordinary Shares","Financials","Shell Companies","10.09","0",,"","Uptrend","Apr 20, 2026","41248.67","",,,"","M1S1","",,="7/9","<1","true","Swing"
"BDL","Flanigan's Enterprises, Inc. Common Stock","Discretionary","Restaurants","43.4","0",,"","Uptrend","Aug 03, 2026","40698.77","",,,"","","",,="4/9","<1","true","Swing"
"BEAG","Bold Eagle Acquisition Corp. Class A Ordinary Shares","Financials","Shell Companies","10.75","0",,"","Uptrend","May 15, 2026","14543.2","",,,"","M1S1","",,="7/9","<1","true","Swing"
"BEPC","Brookfield Renewable Corporation Brookfield Renewable Corporation Class A Subordinate Voting Shares","Utilities","Utilities - Renewable","35","0",,"","Downtrend","Jun 12, 2026","1809917.77","",,,"","","",,="4/9","<1","true","Swing"
"BETR","Better Home & Finance Holding Company Class A Common Stock","Financials","Mortgage Finance","14.835","0",,"","Downtrend","Aug 04, 2026","504164.3","",,,"","M1S1","",,="6/9","<1","true","Swing"
"BHB","Bar Harbor Bankshares, Inc. Common Stock","Financials","Banks - Regional","40.37","0",,"","Uptrend","May 21, 2026","94119.23","",,,"","M1S1","",,="7/9","<1","true","Swing"
"BIOA","BioAge Labs, Inc. Common Stock","Health Care","Drug Manufacturers - Specialty & Generic","10.48","0",,"","Downtrend","Jul 31, 2026","1098040.37","",,,"","M1S1","",,="6/9","<1","true","Swing"
"BIPC","Brookfield Infrastructure Corporation Brookfield Infrastructure Corporation","Utilities","Utilities - Regulated Gas","40.12","0",,"","Downtrend","Aug 07, 2026","999646.2","",,,"","","",,="4/9","<1","true","Swing"
"BKHA","Black Hawk Acquisition Corporation Class A Ordinary Shares","Financials","Shell Companies","11.78","0",,"","Downtrend","Jul 31, 2026","953","",,,"","M1S1","",,="6/9","<1","true","Swing"
"BKSY","BlackSky Technology Inc. Class A Common Stock","Industrials","Specialty Business Services","31.87","0",,"","Uptrend","Aug 07, 2026","1184043.93","",,,"","","",,="7/9","<1","true","Swing"
"BKV","BKV Corporation Common Stock","Energy","Oil & Gas E&P","26.11","0",,"","Uptrend","Aug 12, 2026","831155.4","",,,"","M1S1","",,="6/9","<1","true","Swing"
"BLTE","Belite Bio, Inc American Depositary Shares","Health Care","Biotechnology","178.94","0",,"","Uptrend","Jul 16, 2026","167091.87","",,,"","M1S1","",,="7/9","<1","true","Swing"
"BMN","BlackRock 2037 Municipal Target Term Trust Common Shares of Beneficial Interest","Financials","Closed-End Fund - Debt","25.35","0",,"","Downtrend","Jun 23, 2026","6834.27","",,,"","M1S1","",,="6/9","<1","true","Swing"
"BMNR","BitMine Immersion Technologies, Inc. Common Stock","Financials","Capital Markets","17.89","0",,"","Uptrend","Jul 30, 2026","32997107.8","",,,"","M1S1","",,="7/9","<1","true","Swing"
"BNAI","Brand Engagement Network Inc. Common Stock","Technology","Software - Infrastructure","14.67","0",,"","Neutral","Aug 11, 2026","167456.5","",,,"","M1S1","",,="6/9","<1","true","Swing"
"BOW","Bowhead Specialty Holdings Inc. Common Stock","Financials","Insurance - Property & Casualty","33.59","0",,"","Uptrend","Jun 11, 2026","314085.23","",,,"","M1S1","",,="6/9","<1","true","Swing"
"BTSG","BrightSpring Health Services, Inc. Common Stock","Health Care","Health Information Services","59.68","0",,"","Downtrend","Jul 31, 2026","4192142.07","",,,"","M1S1","",,="6/9","<1","true","Swing"
"BVS","Bioventus Inc. Class A Common Stock","Health Care","Medical Devices","13.915","0",,"","Uptrend","Jun 25, 2026","825429.43","",,,"","M1S1","",,="7/9","<1","true","Swing"
"CADL","Candel Therapeutics, Inc. Common Stock","Health Care","Biotechnology","10.68","0",,"","Uptrend","Apr 15, 2026","1228338.87","",,,"","M1S1","",,="7/9","<1","true","Swing"
"CAI","Caris Life Sciences, Inc. Common Stock","Health Care","Biotechnology","22.26","0",,"","Uptrend","Aug 06, 2026","4360640.67","",,,"","M1S1","",,="7/9","<1","true","Swing"
"CAPN","Cayson Acquisition Corp Ordinary shares","Financials","Shell Companies","11.1","0",,"","Uptrend","Jun 02, 2026","2172.2","",,,"","M1S1","",,="7/9","<1","true","Swing"
"CARG","CarGurus, Inc. Class A Common Stock ","Discretionary","Auto & Truck Dealerships","36.88","0",,"","Uptrend","Jun 24, 2026","1136062.97","",,,"","","",,="5/9","<1","true","Swing"
"CARL","Carlsmed, Inc. Common Stock","Health Care","Health Information Services","13.72","0",,"","Uptrend","Jul 28, 2026","152385.8","",,,"","M1S1","",,="7/9","<1","true","Swing"
"CART","Maplebear Inc. Common Stock","Discretionary","Internet Retail","48.45","0",,"","Uptrend","Aug 07, 2026","4271016.13","",,,"","","",,="5/9","<1","true","Swing"
"CAVA","CAVA Group, Inc. Common Stock","Discretionary","Restaurants","69.47","0",,"","Downtrend","Jul 01, 2026","3584658.53","",,,"","","Positive","true",="3/9","<1","true","Swing"
"CBIO","Crescent Biopharma, Inc. Common Stock","Health Care","Biotechnology","16.43","0",,"","Neutral","Aug 11, 2026","341186.63","",,,"","M1S1","",,="6/9","<1","true","Swing"
"CBK","Commercial Bancgroup, Inc. Common Stock","Financials","Banks - Regional","35.42","0",,"","Uptrend","May 21, 2026","69772.03","",,,"","M1S1","",,="7/9","<1","true","Swing"
"CBL","CBL & Associates Properties, Inc. Common Stock","Real Estate","REIT - Retail","57.1","0",,"","Uptrend","Feb 18, 2026","294023.37","",,,"","","",,="5/9","<1","true","Swing"
"CBLL","CeriBell, Inc. Common Stock","Health Care","Medical Devices","22.91","0",,"","Uptrend","Aug 10, 2026","405237.2","",,,"","M1S1","",,="7/9","<1","true","Swing"
"CBNA","Chain Bridge Bancorp, Inc. Class A Common Stock","Financials","Banks - Regional","48.5","0",,"","Uptrend","Jun 10, 2026","24952.67","",,,"","M1S1","",,="7/9","<1","true","Swing"
"CCAQ","Collective Acquisition Corp. Class A Ordinary Shares","Financials","Shell Companies","10.49","0",,"","Uptrend","Apr 20, 2026","111544.93","",,,"","M1S1","",,="7/9","<1","true","Swing"
"CCII","Cohen Circle Acquisition Corp. II Class A Ordinary Shares","Financials","Shell Companies","10.325","0",,"","Downtrend","Aug 07, 2026","25661.03","",,,"","M1S1","",,="6/9","<1","true","Swing"
"CCIX","Churchill Capital Corp IX Ordinary Shares","Financials","Shell Companies","10.88","0",,"","Uptrend","Mar 31, 2026","522893.83","",,,"","M1S1","",,="6/9","<1","true","Swing"
"CCSI","Consensus Cloud Solutions, Inc. Common Stock","Technology","Software - Infrastructure","37.94","0",,"","Uptrend","Aug 10, 2026","132299.17","",,,"","M1S1","",,="7/9","<1","true","Swing"
"CEPF","Cantor Equity Partners IV, Inc. Class A Ordinary Shares","Financials","Shell Companies","10.42","0",,"","Neutral","Aug 06, 2026","36399.17","",,,"","M1S1","",,="6/9","<1","true","Swing"
"CEPO","Cantor Equity Partners I, Inc. Class A Ordinary Shares","Financials","Shell Companies","10.67","0",,"","Uptrend","Jul 09, 2026","92116.13","",,,"","M1S1","",,="6/9","<1","true","Swing"
"CET","Central Securities Corporation Common Stock","Financials","Closed-End Fund - Equity","55.23","0",,"","Uptrend","Jul 31, 2026","35640.4","",,,"","M1S1","",,="7/9","<1","true","Swing"
"CEV","Eaton Vance California Municipal Income Trust Shares of Beneficial Interest","Financials","Closed-End Fund - Debt","10.65","0",,"","Uptrend","Aug 11, 2026","26042.73","",,,"","M1S1","",,="6/9","<1","true","Swing"
"CGON","CG Oncology, Inc. Common stock","Health Care","Biotechnology","76.99","0",,"","Uptrend","Jun 23, 2026","888297.17","",,,"","M1S1","",,="7/9","<1","true","Swing"
"CHAR","Charlton Aria Acquisition Corporation Class A Ordinary Shares","Financials","Shell Companies","10.91","0",,"","Uptrend","Sep 15, 2025","12839.97","",,,"","M1S1","",,="7/9","<1","true","Swing"
"CHPG","ChampionsGate Acquisition Corporation Class A Ordinary Share","Financials","Shell Companies","10.45","0",,"","Uptrend","Apr 07, 2026","2135.6","",,,"","M1S1","",,="7/9","<1","true","Swing"
"CHYM","Chime Financial, Inc. Class A Common Stock","Technology","Software - Application","31.6","0",,"","Uptrend","Jun 26, 2026","7216859.4","",,,"","M1S1","",,="7/9","<1","true","Swing"
"CIFR","Cipher Digital Inc. Common Stock","Technology","Information Technology Services","17.87","0",,"","Downtrend","Aug 04, 2026","29940065.63","",,,"","M1S1","",,="6/9","<1","true","Swing"
"CIX","CompX International Inc. Common Stock","Industrials","Security & Protection Services","31.32","0",,"","Uptrend","Jul 22, 2026","6545.23","",,,"","","",,="7/9","<1","true","Swing"
"CKX","CKX Lands, Inc. Common Stock","Energy","Oil & Gas E&P","10.9","0",,"","Downtrend","Aug 04, 2026","6117.23","",,,"","M1S1","",,="6/9","<1","true","Swing"
"CLMT","Calumet, Inc. Common Stock","Materials","Specialty Chemicals","47.19","0",,"","Uptrend","Jun 29, 2026","1232699.43","",,,"","","",,="7/9","<1","true","Swing"
"CLST","Catalyst Bancorp, Inc. Common Stock","Financials","Banks - Regional","17.2596","0",,"","Uptrend","Jun 12, 2026","2530.23","",,,"","M1S1","",,="7/9","<1","true","Swing"
"CMT","Core Molding Technologies Inc Common Stock","Materials","Specialty Chemicals","25.27","0",,"","Uptrend","Aug 04, 2026","24182.37","",,,"","","",,="7/9","<1","true","Swing"
"COHN","Cohen & Company Inc.","Financials","Capital Markets","11.99","0",,"","Downtrend","Aug 05, 2026","18068.67","",,,"","M1S1","",,="6/9","<1","true","Swing"
"CON","Concentra Group Holdings Parent, Inc. Common Stock","Health Care","Medical Care Facilities","34.54","0",,"","Uptrend","Apr 15, 2026","971172.3","",,,"","M1S1","",,="7/9","<1","true","Swing"
"COOK","Traeger, Inc. Common Stock","Discretionary","Furnishings Fixtures & Appliances","61.29","0",,"","Downtrend","Aug 06, 2026","65828.6","",,,"","","",,="4/9","<1","true","Swing"
"CORZ","Core Scientific, Inc. Common Stock","Technology","Software - Infrastructure","20.87","0",,"","Downtrend","Jul 24, 2026","12790975.53","",,,"","M1S1","",,="6/9","<1","true","Swing"
"CPBI","Central Plains Bancshares, Inc. Common Stock","Financials","Banks - Regional","20.965","0",,"","Uptrend","May 08, 2026","2859.73","",,,"","M1S1","",,="7/9","<1","true","Swing"
"CRAQ","Cal Redwood Acquisition Corp. Class A Ordinary Shares","Financials","Shell Companies","10.35","0",,"","Uptrend","Apr 13, 2026","2065.03","",,,"","M1S1","",,="7/9","<1","true","Swing"
"CRBG","Corebridge Financial Inc. Common Stock","Financials","Asset Management","33.78","0",,"","Uptrend","Jun 09, 2026","4548782.37","",,,"","M1S1","",,="7/9","<1","true","Swing"
"CRCL","Circle Internet Group, Inc. Class A Common Stock","Financials","Capital Markets","71.28","0",,"","Neutral","Aug 12, 2026","12892414.9","",,,"","M1S1","",,="6/9","<1","true","Swing"
"CRD/A","Crawford & Company Common Stock","Financials","Insurance Brokers","13.17","0",,"","Uptrend","Aug 03, 2026","52069.47","",,,"","M1S1","",,="7/9","<1","true","Swing"
"CRD/B","Crawford & Company Common Stock","Financials","Insurance Brokers","12.11","0",,"","Uptrend","Aug 04, 2026","5689.3","",,,"","M1S1","",,="7/9","<1","true","Swing"
"CRVS","Corvus Pharmaceuticals, Inc. Common Stock","Health Care","Biotechnology","15.05","0",,"","Uptrend","Aug 11, 2026","1041870.17","",,,"","M1S1","",,="6/9","<1","true","Swing"
"CRWV","CoreWeave, Inc. Class A Common Stock","Technology","Software - Infrastructure","107.73","0",,"","Uptrend","Aug 11, 2026","28956941.43","",,,"","M1S1","Positive","true",="6/9","<1","true","Swing"
"CSTL","Castle Biosciences, Inc. Common Stock","Health Care","Diagnostics & Research","31.43","0",,"","Uptrend","Jun 25, 2026","415807.23","",,,"","M1S1","",,="7/9","<1","true","Swing"
"CTEV","Claritev Corporation Class A Common Stock","Health Care","Health Information Services","35.32","0",,"","Uptrend","Aug 10, 2026","104974.47","",,,"","M1S1","",,="7/9","<1","true","Swing"
"CTNM","Contineum Therapeutics, Inc. Class A Common Stock","Health Care","Biotechnology","14.98","0",,"","Uptrend","Jul 21, 2026","337012.9","",,,"","M1S1","",,="7/9","<1","true","Swing"
"CTOS","Custom Truck One Source, Inc. Common Stock","Industrials","Rental & Leasing Services","10.82","0",,"","Uptrend","Aug 05, 2026","1102787.1","",,,"","","",,="7/9","<1","true","Swing"
"CTRI","Centuri Holdings, Inc. Common Stock","Utilities","Utilities - Regulated Gas","23.77","0",,"","Downtrend","Jun 26, 2026","1971260.6","",,,"","","",,="4/9","<1","true","Swing"
"CUB","Lionheart Holdings Class A Ordinary Shares","Financials","Shell Companies","10.88","0",,"","Uptrend","Jul 28, 2026","160549.97","",,,"","M1S1","",,="6/9","<1","true","Swing"
"CURB","Curbline Properties Corp. Common Stock","Real Estate","REIT - Retail","30.09","0",,"","Neutral","Aug 12, 2026","1276323.9","",,,"","","",,="4/9","<1","true","Swing"
"CVR","Chicago Rivet & Machine Co. Common Stock","Industrials","Tools & Accessories","10.1","0",,"","Neutral","Aug 10, 2026","2484.93","",,,"","","",,="6/9","<1","true","Swing"
"DAVE","Dave Inc. Class A Common Stock","Technology","Software - Application","316.19","0",,"","Downtrend","Aug 07, 2026","491703.13","",,,"","M1S1","",,="6/9","<1","true","Swing"
"DBD","Diebold Nixdorf Incorporated Common stock","Technology","Software - Application","71.78","0",,"","Downtrend","Jul 30, 2026","293682.43","",,,"","M1S1","",,="6/9","<1","true","Swing"
"DBGI","Digital Brands Group, Inc. Common Stock","Discretionary","Apparel Retail","16.64","0",,"","Downtrend","Jan 22, 2026","139737.8","",,,"","","",,="4/9","<1","true","Swing"
"DEC","Diversified Energy Company Common Stock","Energy","Oil & Gas Integrated","14.48","0",,"","Uptrend","Aug 07, 2026","879539.2","",,,"","M1S1","",,="7/9","<1","true","Swing"
"DFNS","T3 Defense Inc. Common Stock","Industrials","Aerospace & Defense","36.83","0",,"","Neutral","Aug 10, 2026","6128573","",,,"","","",,="6/9","<1","true","Swing"
"DFTX","Definium Therapeutics, Inc. Common Shares","Health Care","Biotechnology","42.79","0",,"","Uptrend","May 22, 2026","2187389.23","",,,"","M1S1","Positive",,="7/9","<1","true","Swing"
"DIT","AMCON Distributing Company Common Stock","Staples","Food Distribution","68.86","0",,"","Neutral","Aug 12, 2026","2626.63","",,,"","","",,="4/9","<1","true","Swing"
"DLO","DLocal Limited Class A Common Shares","Technology","Software - Infrastructure","14.28","0",,"","Uptrend","Jun 26, 2026","2248948.6","",,,"","M1S1","",,="7/9","<1","true","Swing"
"DMAA","Drugs Made In America Acquisition Corp. Ordinary Shares","Financials","Shell Companies","10.71","0",,"","Uptrend","Oct 07, 2025","29275.9","",,,"","M1S1","",,="7/9","<1","true","Swing"
"DNTH","Dianthus Therapeutics, Inc. Common Stock","Health Care","Biotechnology","112.41","0",,"","Uptrend","Jun 24, 2026","905018.87","",,,"","M1S1","",,="7/9","<1","true","Swing"
"DRDB","Roman DBDR Acquisition Corp. II Ordinary shares","Financials","Shell Companies","10.64","0",,"","Uptrend","Jun 23, 2026","64307.6","",,,"","M1S1","",,="7/9","<1","true","Swing"
"DRS","Leonardo DRS, Inc. Common Stock","Industrials","Aerospace & Defense","45.17","0",,"","Downtrend","Aug 07, 2026","982199.97","",,,"","","",,="6/9","<1","true","Swing"
"DRUG","Bright Minds Biosciences Inc. Common Stock","Health Care","Biotechnology","79.37","0",,"","Uptrend","Jul 30, 2026","235837.03","",,,"","M1S1","",,="7/9","<1","true","Swing"
"DSGN","Design Therapeutics, Inc. Common Stock","Health Care","Biotechnology","14.66","0",,"","Uptrend","Aug 06, 2026","607368.8","",,,"","M1S1","",,="7/9","<1","true","Swing"
"DTSQ","DT Cloud Star Acquisition Corporation Ordinary Shares","Financials","Shell Companies","11.26","0",,"","Downtrend","Aug 05, 2026","2882.93","",,,"","M1S1","",,="6/9","<1","true","Swing"
"DX","Dynex Capital, Inc. Common Stock","Real Estate","REIT - Mortgage","12.97","0",,"","Downtrend","Jul 23, 2026","5702491.97","",,,"","","",,="4/9","<1","true","Swing"
"DXYZ","Destiny Tech100 Inc. Common Stock","Financials","Asset Management","30.66","0",,"","Uptrend","Aug 11, 2026","1056246.87","",,,"","M1S1","",,="7/9","<1","true","Swing"
"EBF","Ennis, Inc. Common Stock","Industrials","Business Equipment & Supplies","21.96","0",,"","Uptrend","Jul 13, 2026","127132.17","",,,"","","",,="6/9","<1","true","Swing"
"EBMT","Eagle Bancorp Montana, Inc. Common Stock","Financials","Banks - Regional","23.6","0",,"","Uptrend","Jul 28, 2026","43557.03","",,,"","M1S1","",,="7/9","<1","true","Swing"
"ECAT","BlackRock ESG Capital Allocation Term Trust Common Shares of Beneficial Interest","Financials","Closed-End Fund - Equity","15.82","0",,"","Uptrend","Aug 07, 2026","504817.67","",,,"","M1S1","",,="6/9","<1","true","Swing"
"ECBK","ECB Bancorp, Inc. Common Stock","Financials","Banks - Regional","20.82","0",,"","Uptrend","Jun 08, 2026","8458.63","",,,"","M1S1","",,="7/9","<1","true","Swing"
"ECF","Ellsworth Growth and Income Fund Ltd.","Financials","Closed-End Fund - Equity","13","0",,"","Uptrend","Aug 12, 2026","17240.87","",,,"","M1S1","",,="6/9","<1","true","Swing"
"ECG","Everus Construction Group, Inc. Common Stock","Industrials","Engineering & Construction","140","0",,"","Uptrend","Aug 12, 2026","604946.07","",,,"","","",,="7/9","<1","true","Swing"
"EE","Excelerate Energy, Inc. Class A Common Stock","Energy","Oil & Gas Midstream","35.75","0",,"","Downtrend","Aug 07, 2026","300472.63","",,,"","M1S1","",,="6/9","<1","true","Swing"
"EFR","Eaton Vance Senior Floating-Rate Fund Common Shares of Beneficial Interest","Financials","Closed-End Fund - Debt","10.7","0",,"","Uptrend","Jul 29, 2026","107044","",,,"","M1S1","",,="7/9","<1","true","Swing"
"EGHA","EGH Acquisition Corp. Class A Ordinary Shares","Financials","Shell Companies","10.3511","0",,"","Uptrend","Jul 06, 2026","74713.07","",,,"","M1S1","",,="7/9","<1","true","Swing"
"ELA","Envela Corporation Common Stock","Discretionary","Luxury Goods","16.15","0",,"","Downtrend","Jul 08, 2026","142802.53","",,,"","","",,="4/9","<1","true","Swing"
"ELMD","Electromed, Inc. Common Stock","Health Care","Medical Devices","42.48","0",,"","Uptrend","Aug 06, 2026","105541","",,,"","M1S1","",,="7/9","<1","true","Swing"
"EOS","Eaton Vance Enhance Equity Income Fund II Common Stock","Financials","Closed-End Fund - Equity","22.12","0",,"","Uptrend","Aug 07, 2026","123913.27","",,,"","M1S1","",,="6/9","<1","true","Swing"
"ERAS","Erasca, Inc. Common Stock","Health Care","Biotechnology","18.58","0",,"","Uptrend","Jun 09, 2026","4267208.1","",,,"","M1S1","",,="7/9","<1","true","Swing"
"ERH","Allspring Utilities and High Income Fund Common Shares","Financials","Closed-End Fund - Equity","11.67","0",,"","Downtrend","Jul 24, 2026","29061.13","",,,"","M1S1","",,="6/9","<1","true","Swing"
"ESP","Espey Mfg. & Electronics Corp. Common Stock","Industrials","Electrical Equipment & Parts","64.99","0",,"","Uptrend","Aug 05, 2026","59403.83","",,,"","","",,="6/9","<1","true","Swing"
"EVAC","EQV Ventures Acquisition Corp. II Class A Ordinary Shares","Financials","Shell Companies","10.2504","0",,"","Uptrend","Jul 10, 2026","62251.07","",,,"","M1S1","",,="7/9","<1","true","Swing"
"EVER","EverQuote, Inc. Class A Common Stock","Communication","Internet Content & Information","24.6","0",,"","Uptrend","Aug 07, 2026","714794.67","",,,"","","",,="6/9","<1","true","Swing"
"EVI","EVI Industries, Inc.  Common Stock","Industrials","Industrial Distribution","16.01","0",,"","Neutral","Aug 12, 2026","108807.9","",,,"","","",,="5/9","<1","true","Swing"
"FACT","FACT II Acquisition Corp. Class A Ordinary Shares","Financials","Shell Companies","10.67","0",,"","Uptrend","Jul 23, 2026","48363.37","",,,"","M1S1","",,="6/9","<1","true","Swing"
"FAX","abrdn Asia-Pacific Income Fund, Inc. Common Stock","Financials","Closed-End Fund - Debt","14.55","0",,"","Uptrend","Aug 11, 2026","128741.33","",,,"","M1S1","",,="6/9","<1","true","Swing"
"FBLA","FB Bancorp, Inc. Common Stock","Financials","Banks - Regional","15.67","0",,"","Uptrend","Jun 08, 2026","67029.9","",,,"","M1S1","",,="7/9","<1","true","Swing"
"FBYD","Falcon's Beyond Global, Inc. Class A Common Stock","Industrials","Conglomerates","10","0",,"","Downtrend","Jul 13, 2026","134016.7","",,,"","","",,="6/9","<1","true","Swing"
"FDMT","4D Molecular Therapeutics, Inc. Common Stock","Health Care","Biotechnology","11.87","0",,"","Uptrend","Aug 12, 2026","654975.53","",,,"","M1S1","",,="7/9","<1","true","Swing"
"FDSB","Fifth District Bancorp, Inc. Common Stock","Financials","Banks - Regional","17.99","0",,"","Uptrend","May 20, 2026","6204","",,,"","M1S1","",,="7/9","<1","true","Swing"
"FG","F&G Annuities & Life, Inc. Common Stock","Financials","Insurance - Life","26.6","0",,"","Downtrend","Aug 07, 2026","590821.93","",,,"","M1S1","",,="6/9","<1","true","Swing"
"FIG","Figma, Inc. Class A Common Stock","Technology","Software - Application","23.75","0",,"","Uptrend","Jul 27, 2026","22856422.1","",,,"","M1S1","",,="7/9","<1","true","Swing"
"FIGR","Figure Technology Solutions, Inc. Class A Common Stock","Financials","Capital Markets","30.68","0",,"","Neutral","Aug 12, 2026","3142317.67","",,,"","M1S1","",,="6/9","<1","true","Swing"
"FIGX","FIGX Capital Acquisition Corp. Class A Ordinary Share","Financials","Shell Companies","10.289","0",,"","Uptrend","Jul 16, 2026","16175.93","",,,"","M1S1","",,="7/9","<1","true","Swing"
"FINW","FinWise Bancorp Common Stock","Financials","Banks - Regional","13.94","0",,"","Downtrend","Aug 11, 2026","29513.33","",,,"","M1S1","",,="6/9","<1","true","Swing"
"FLOC","Flowco Holdings Inc. Class A Common Stock","Energy","Oil & Gas Equipment & Services","23.54","0",,"","Uptrend","Aug 07, 2026","572933.5","",,,"","M1S1","",,="6/9","<1","true","Swing"
"FLY","Firefly Aerospace Inc. Common Stock","Industrials","Aerospace & Defense","26.54","0",,"","Uptrend","Aug 11, 2026","3499176.57","",,,"","","",,="7/9","<1","true","Swing"
"FSBC","Five Star Bancorp Common Stock","Financials","Banks - Regional","47.21","0",,"","Neutral","Aug 11, 2026","191293.2","",,,"","M1S1","",,="5/9","<1","true","Swing"
"FSHP","Flag Ship Acquisition Corp. Ordinary Shares","Financials","Shell Companies","11.185","0",,"","Uptrend","Jun 01, 2026","52.87","",,,"","M1S1","",,="7/9","<1","true","Swing"
"FTRE","Fortrea Holdings Inc. Common Stock","Health Care","Biotechnology","18.33","0",,"","Uptrend","Apr 27, 2026","1462160.67","",,,"","M1S1","",,="7/9","<1","true","Swing"
"FTW","Presidio Production Company Class A Common Stock","Energy","Oil & Gas E&P","11.39","0",,"","Downtrend","Jul 24, 2026","78586.5","",,,"","M1S1","",,="6/9","<1","true","Swing"
"FVR","FrontView REIT, Inc. Common Stock","Real Estate","REIT - Diversified","19.87","0",,"","Downtrend","Aug 06, 2026","177465.23","",,,"","","",,="4/9","<1","true","Swing"
"FWRG","First Watch Restaurant Group, Inc. Common Stock","Discretionary","Restaurants","12.65","0",,"","Neutral","Aug 12, 2026","1098400.63","",,,"","","",,="3/9","<1","true","Swing"
"GCT","GigaCloud Technology Inc Class A Ordinary Shares","Technology","Software - Infrastructure","51.66","0",,"","Uptrend","Jul 27, 2026","700315.83","",,,"","M1S1","",,="7/9","<1","true","Swing"
"GEHC","GE HealthCare Technologies Inc. Common Stock ","Health Care","Medical Devices","72.28","0",,"","Uptrend","Jul 29, 2026","5130734.87","",,,"","M1S1","",,="7/9","<1","true","Swing"
"GENC","Gencor Industries, Inc. Common Stock","Industrials","Farm & Heavy Construction Machinery","18.05","0",,"","Uptrend","Aug 11, 2026","34732","",,,"","","",,="7/9","<1","true","Swing"
"GEV","GE Vernova Inc. Common Stock","Industrials","Specialty Industrial Machinery","1039.9","0",,"","Neutral","Aug 12, 2026","2613043.77","",,,"","","Positive",,="6/9","<1","true","Swing"
"GLIBK","Liberty Capital Corporation Series C GCI Group Common Stock","Communication","Telecom Services","25.71","0",,"","Uptrend","Aug 06, 2026","545443.47","",,,"","","",,="6/9","<1","true","Swing"
"GLSI","Greenwich LifeSciences, Inc. Common Stock","Health Care","Biotechnology","16.92","0",,"","Downtrend","Jun 05, 2026","160827.37","",,,"","M1S1","",,="6/9","<1","true","Swing"
"GLU","Gabelli Global Utility Common Shares of Beneficial Ownership","Financials","Closed-End Fund - Equity","19.3399","0",,"","Uptrend","Aug 12, 2026","7001.63","",,,"","M1S1","",,="6/9","<1","true","Swing"
"GLXY","Galaxy Digital Inc. Class A Common Stock","Financials","Capital Markets","21.08","0",,"","Downtrend","Jun 29, 2026","6621865.77","",,,"","M1S1","",,="6/9","<1","true","Swing"
"GPAT","GP-Act III Acquisition Corp. Class A Ordinary Share","Financials","Shell Companies","11.16","0",,"","Uptrend","Aug 03, 2026","16050.37","",,,"","M1S1","",,="7/9","<1","true","Swing"
"GPCR","Structure Therapeutics Inc. American Depositary Shares","Health Care","Biotechnology","53.91","0",,"","Uptrend","Aug 05, 2026","604391.2","",,,"","M1S1","",,="6/9","<1","true","Swing"
"GRAL","GRAIL, Inc. Common Stock ","Health Care","Diagnostics & Research","68.94","0",,"","Uptrend","Aug 07, 2026","614298","",,,"","M1S1","",,="7/9","<1","true","Swing"
"GRDN","Guardian Pharmacy Services, Inc. Class A Common Stock","Health Care","Medical Care Facilities","38.58","0",,"","Downtrend","Aug 12, 2026","364968.43","",,,"","M1S1","",,="6/9","<1","true","Swing"
"GRF","Eagle Capital Growth Fund, Inc. Common Stock","Financials","Closed-End Fund - Equity","10.31","0",,"","Uptrend","Aug 03, 2026","2557.43","",,,"","M1S1","",,="7/9","<1","true","Swing"
"GSHR","Gesher Acquisition Corp. II Class A Ordinary Shares","Financials","Shell Companies","10.51","0",,"","Uptrend","Apr 14, 2026","43331.07","",,,"","M1S1","",,="7/9","<1","true","Swing"
"GSRF","GSR IV Acquisition Corp. Class A ordinary share","Financials","Shell Companies","10.18","0",,"","Uptrend","Mar 20, 2026","23358.6","",,,"","M1S1","",,="7/9","<1","true","Swing"
"GTEN","Gores Holdings X, Inc. Class A ordinary shares","Financials","Shell Companies","10.7","0",,"","Uptrend","Apr 14, 2026","69606.57","",,,"","M1S1","",,="7/9","<1","true","Swing"
"HCMA","HCM III Acquisition Corp. Class A Ordinary Share","Financials","Shell Companies","10.28","0",,"","Uptrend","May 27, 2026","9269.47","",,,"","M1S1","",,="6/9","<1","true","Swing"
"HERZ","Herzfeld Credit Income Fund, Inc. Common Stock","Financials","Asset Management","16.2","0",,"","Downtrend","Jul 07, 2026","26793.33","",,,"","M1S1","",,="6/9","<1","true","Swing"
"HIPO","Hippo Holdings Inc. Common Stock","Financials","Insurance - Property & Casualty","32.91","0",,"","Uptrend","Jul 24, 2026","164303.37","",,,"","M1S1","",,="6/9","<1","true","Swing"
"HNGE","Hinge Health, Inc. Class A Common Stock","Health Care","Health Information Services","86.32","0",,"","Uptrend","Aug 07, 2026","1714431.77","",,,"","M1S1","Positive",,="7/9","<1","true","Swing"
"HTFL","Heartflow, Inc. Common Stock","Health Care","Health Information Services","29.85","0",,"","Uptrend","Aug 07, 2026","1097982.07","",,,"","M1S1","",,="7/9","<1","true","Swing"
"HVII","Hennessy Capital Investment Corp. VII Ordinary Shares","Financials","Shell Companies","10.52","0",,"","Uptrend","Mar 24, 2026","51861.7","",,,"","M1S1","",,="7/9","<1","true","Swing"
"HVMC","Highview Merger Corp. Class A Ordinary Share","Financials","Shell Companies","10.21","0",,"","Uptrend","Apr 14, 2026","118553.07","",,,"","M1S1","",,="7/9","<1","true","Swing"
"HWBK","Hawthorn Bancshares, Inc. Common Stock","Financials","Banks - Regional","40.06","0",,"","Uptrend","Jul 28, 2026","14674.87","",,,"","M1S1","",,="7/9","<1","true","Swing"
"IAF","abrdn Australia Equity Fund, Inc. Common Stock","Financials","Closed-End Fund - Equity","13.31","0",,"","Uptrend","Jul 27, 2026","14852.83","",,,"","M1S1","",,="7/9","<1","true","Swing"
"IBAC","IB Acquisition Corp. Common Stock","Financials","Shell Companies","10.81","0",,"","Uptrend","Jul 13, 2026","881.63","",,,"","M1S1","",,="6/9","<1","true","Swing"
"IBCP","Independent Bank Corporation Common Stock","Financials","Banks - Regional","38.295","0",,"","Uptrend","Jun 04, 2026","200629.37","",,,"","M1S1","",,="7/9","<1","true","Swing"
"IBTA","Ibotta, Inc. Class A Common Stock","Technology","Software - Application","35.85","0",,"","Uptrend","Aug 05, 2026","259561.33","",,,"","M1S1","",,="7/9","<1","true","Swing"
"IE","Ivanhoe Electric Inc. Common Stock","Materials","Copper","10.66","0",,"","Uptrend","Aug 04, 2026","2109398.5","",,,"","","",,="7/9","<1","true","Swing"
"IFN","Aberdeen India Fund, Inc. Common Stock","Financials","Closed-End Fund - Equity","11.93","0",,"","Uptrend","Jul 28, 2026","141775.27","",,,"","M1S1","",,="7/9","<1","true","Swing"
"IGA","Voya Global Advantage and Premium Opportunity Fund Common Shares of Beneficial Interest","Financials","Closed-End Fund - Foreign","10.27","0",,"","Uptrend","Jun 30, 2026","59143.43","",,,"","M1S1","",,="7/9","<1","true","Swing"
"IGI","Western Asset Investment Grade Opportunity Trust Inc. Common Stock","Financials","Closed-End Fund - Debt","15.925","0",,"","Downtrend","Jul 15, 2026","9907.7","",,,"","M1S1","",,="5/9","<1","true","Swing"
"IMMX","Immix Biopharma, Inc. Common Stock","Health Care","Biotechnology","11.37","0",,"","Uptrend","Aug 10, 2026","1771487.43","",,,"","M1S1","",,="7/9","<1","true","Swing"
"INAC","Indigo Acquisition Corp. Ordinary Shares","Financials","Shell Companies","10.31","0",,"","Uptrend","Dec 01, 2025","4558.57","",,,"","M1S1","",,="7/9","<1","true","Swing"
"INBX","Inhibrx Biosciences, Inc. Common Stock","Health Care","Biotechnology","98.36","0",,"","Uptrend","Aug 11, 2026","268594.87","",,,"","M1S1","",,="6/9","<1","true","Swing"
"INFU","InfuSystems Holdings, Inc. Common Stock","Health Care","Medical Devices","12.24","0",,"","Uptrend","Aug 04, 2026","168610.17","",,,"","M1S1","",,="7/9","<1","true","Swing"
"INGM","Ingram Micro Holding Corporation Common Stock","Technology","Information Technology Services","28.04","0",,"","Downtrend","Aug 07, 2026","1038529.6","",,,"","M1S1","",,="6/9","<1","true","Swing"
"INR","Infinity Natural Resources, Inc. Class A Common Stock","Energy","Oil & Gas E&P","13.75","0",,"","Uptrend","Aug 10, 2026","290208.77","",,,"","M1S1","",,="7/9","<1","true","Swing"
"INTT","inTest Corporation Common Stock","Technology","Semiconductor Equipment & Materials","13.92","0",,"","Downtrend","Jul 02, 2026","165672.43","",,,"","M1S1","",,="6/9","<1","true","Swing"
"IPEX","Inflection Point Acquisition Corp. V Class A Ordinary Shares","Financials","Shell Companies","10.635","0",,"","Uptrend","Jan 26, 2026","36460.67","",,,"","M1S1","",,="7/9","<1","true","Swing"
"JACS","Jackson Acquisition Company II Class A Ordinary Shares","Financials","Shell Companies","10.71","0",,"","Uptrend","Jan 07, 2026","18373.3","",,,"","M1S1","",,="7/9","<1","true","Swing"
"KBDC","Kayne Anderson BDC, Inc. Common Stock","Financials","Asset Management","13.6","0",,"","Neutral","Aug 11, 2026","328906.63","",,,"","M1S1","",,="6/9","<1","true","Swing"
"KCHV","Kochav Defense Acquisition Corp. Class A Ordinary Shares","Financials","Shell Companies","10.43","0",,"","Uptrend","Dec 30, 2025","23982.6","",,,"","M1S1","",,="7/9","<1","true","Swing"
"KE","Kimball Electronics, Inc. Common Stock","Industrials","Electrical Equipment & Parts","25.19","0",,"","Neutral","Aug 10, 2026","192628.47","",,,"","","",,="6/9","<1","true","Swing"
"KELYA","Kelly Services, Inc. Class A Common Stock","Industrials","Staffing & Employment Services","15.44","0",,"","Uptrend","Apr 15, 2026","359055.17","",,,"","","",,="7/9","<1","true","Swing"
"KEQU","Kewaunee Scientific Corporation Common Stock","Discretionary","Furnishings Fixtures & Appliances","36.23","0",,"","Downtrend","Aug 12, 2026","5071.17","",,,"","","",,="4/9","<1","true","Swing"
"KF","Korea Fund, Inc. (The) New Common Stock","Financials","Closed-End Fund - Foreign","62.82","0",,"","Downtrend","Jul 10, 2026","25183.3","",,,"","M1S1","",,="5/9","<1","true","Swing"
"KFII","K&F Growth Acquisition Corp. II Class A Ordinary shares","Financials","Shell Companies","10.63","0",,"","Uptrend","Aug 26, 2025","11288.03","",,,"","M1S1","",,="7/9","<1","true","Swing"
"KGS","Kodiak Gas Services, Inc. Common Stock","Energy","Oil & Gas Equipment & Services","62.06","0",,"","Downtrend","Jul 15, 2026","1693902.1","",,,"","M1S1","",,="6/9","<1","true","Swing"
"KIDS","OrthoPediatrics Corp. Common Stock","Health Care","Medical Devices","24.86","0",,"","Uptrend","Jul 27, 2026","190742.83","",,,"","M1S1","",,="6/9","<1","true","Swing"
"KINS","Kingstone Companies, Inc. Common Stock","Financials","Insurance - Property & Casualty","19.62","0",,"","Uptrend","Jun 11, 2026","120585.03","",,,"","M1S1","",,="6/9","<1","true","Swing"
"KIO","KKR Income Opportunities Fund Common Shares","Financials","Closed-End Fund - Debt","11.17","0",,"","Neutral","Aug 10, 2026","210386.83","",,,"","M1S1","",,="5/9","<1","true","Swing"
"KMTS","Kestra Medical Technologies, Ltd. Common Stock","Health Care","Medical Instruments & Supplies","28","0",,"","Uptrend","Aug 04, 2026","401829.33","",,,"","M1S1","",,="7/9","<1","true","Swing"
"KNF","Knife Riv Holding Co. Common Stock","Materials","Building Materials","67.42","0",,"","Downtrend","Jul 17, 2026","629296.6","",,,"","","",,="6/9","<1","true","Swing"
"KODK","Eastman Kodak Company Common New","Industrials","Specialty Business Services","10.13","0",,"","Uptrend","Aug 05, 2026","853786.1","",,,"","","",,="6/9","<1","true","Swing"
"KOP","Koppers Holdings Inc. Common Stock","Materials","Specialty Chemicals","45.34","0",,"","Downtrend","Aug 12, 2026","178533.53","",,,"","","",,="6/9","<1","true","Swing"
"KOYN","CSLM Digital Asset Acquisition Corp III Class A Ordinary Shares","Financials","Shell Companies","10.21","0",,"","Uptrend","Mar 25, 2026","33534.73","",,,"","M1S1","",,="7/9","<1","true","Swing"
"KRMN","Karman Holdings Inc. Common Stock","Industrials","Aerospace & Defense","61.91","0",,"","Uptrend","Aug 04, 2026","3627433.8","",,,"","","",,="6/9","<1","true","Swing"
"KRRO","Korro Bio, Inc. Common Stock","Health Care","Biotechnology","13.35","0",,"","Uptrend","Aug 10, 2026","171954.93","",,,"","M1S1","",,="7/9","<1","true","Swing"
"KVAC","Keen Vision Acquisition Corporation Ordinary Shares","Financials","Shell Companies","11.51","0",,"","Downtrend","Aug 03, 2026","8712.5","",,,"","M1S1","",,="6/9","<1","true","Swing"
"KVUE","Kenvue Inc. Common Stock","Staples","Household & Personal Products","18.98","0",,"","Uptrend","Jun 09, 2026","18482413.23","",,,"","","",,="5/9","<1","true","Swing"
"KVYO","Klaviyo, Inc. Series A Common Stock","Technology","Software - Application","17.25","0",,"","Uptrend","Aug 10, 2026","5603974.87","",,,"","M1S1","",,="7/9","<1","true","Swing"
"LB","LandBridge Company LLC Class A Shares Representing Limited Liability Company Interests","Energy","Oil & Gas Equipment & Services","76.32","0",,"","Uptrend","Jun 30, 2026","322958.8","",,,"","M1S1","",,="7/9","<1","true","Swing"
"LBRX","LB Pharmaceuticals Inc Common Stock","Health Care","Biotechnology","45.38","0",,"","Uptrend","Jun 18, 2026","349086.53","",,,"","M1S1","",,="7/9","<1","true","Swing"
"LCCC","Lakeshore Acquisition III Corp. Ordinary Shares","Financials","Shell Companies","10.51","0",,"","Uptrend","Mar 18, 2026","17570.6","",,,"","M1S1","",,="7/9","<1","true","Swing"
"LGCY","Legacy Education Inc. Common Stock","Staples","Education & Training Services","10.7","0",,"","Downtrend","Aug 10, 2026","47953.63","",,,"","","",,="4/9","<1","true","Swing"
"LGN","Legence Corp. Class A Common stock","Industrials","Engineering & Construction","68.68","0",,"","Downtrend","Jul 01, 2026","1416466.83","",,,"","","",,="6/9","<1","true","Swing"
"LIF","Life360, Inc. Common Stock","Technology","Software - Application","49.15","0",,"","Neutral","Aug 11, 2026","783326.5","",,,"","M1S1","",,="6/9","<1","true","Swing"
"LINE","Lineage, Inc. Common Stock","Real Estate","REIT - Industrial","41.5","0",,"","Downtrend","Aug 10, 2026","1005907.07","",,,"","","",,="4/9","<1","true","Swing"
"LOAR","Loar Holdings Inc. Common Stock","Industrials","Aerospace & Defense","73.53","0",,"","Uptrend","Aug 05, 2026","632201.5","",,,"","","",,="7/9","<1","true","Swing"
"LPAA","Launch One Acquisition Corp. Class A Ordinary shares","Financials","Shell Companies","10.75","0",,"","Downtrend","Jul 31, 2026","29291.67","",,,"","M1S1","",,="5/9","<1","true","Swing"
"LPBB","Launch Two Acquisition Corp. Class A Ordinary Shares","Financials","Shell Companies","10.78","0",,"","Uptrend","Jun 11, 2026","73456.33","",,,"","M1S1","",,="7/9","<1","true","Swing"
"LSBK","Lake Shore Bancorp, Inc. Common Stock","Financials","Banks - Regional","17.23","0",,"","Uptrend","Jun 08, 2026","8884.67","",,,"","M1S1","",,="7/9","<1","true","Swing"
"LWAC","LightWave Acquisition Corp. Class A Ordinary Shares","Financials","Shell Companies","10.28","0",,"","Uptrend","May 08, 2026","9188.43","",,,"","M1S1","",,="7/9","<1","true","Swing"
"MACI","Melar Acquisition Corp. I Class A Ordinary Shares","Financials","Shell Companies","10.93","0",,"","Uptrend","Jun 25, 2026","782.47","",,,"","M1S1","",,="7/9","<1","true","Swing"
"MASS","908 Devices Inc. Common Stock","Health Care","Medical Devices","10.02","0",,"","Uptrend","Aug 04, 2026","344288.3","",,,"","M1S1","",,="7/9","<1","true","Swing"
"MAX","MediaAlpha, Inc. Class A Common Stock","Communication","Internet Content & Information","12.84","0",,"","Uptrend","Aug 10, 2026","1012914.17","",,,"","","",,="6/9","<1","true","Swing"
"MAZE","Maze Therapeutics, Inc. Common Stock","Health Care","Biotechnology","27.53","0",,"","Downtrend","Aug 10, 2026","469773.5","",,,"","M1S1","",,="6/9","<1","true","Swing"
"MBVI","M3-Brigade Acquisition VI Corp. Class A Ordinary Shares","Financials","Shell Companies","10.2","0",,"","Uptrend","Apr 14, 2026","15641.93","",,,"","M1S1","",,="7/9","<1","true","Swing"
"MBX","MBX Biosciences, Inc. Common Stock","Health Care","Biotechnology","66.97","0",,"","Uptrend","Jun 11, 2026","678687.87","",,,"","M1S1","",,="7/9","<1","true","Swing"
"MCGA","Yorkville Acquisition Corp. Class A Ordinary Share","Financials","Shell Companies","10.291336","0",,"","Uptrend","Jul 20, 2026","103394.93","",,,"","M1S1","",,="7/9","<1","true","Swing"
"MCI","Barings Corporate Investors Common Stock","Financials","Closed-End Fund - Debt","16.63","0",,"","Downtrend","Jul 01, 2026","26034.6","",,,"","M1S1","",,="6/9","<1","true","Swing"
"MEC","Mayville Engineering Company, Inc. Common Stock","Industrials","Metal Fabrication","23.38","0",,"","Downtrend","Jul 17, 2026","607227.67","",,,"","","",,="6/9","<1","true","Swing"
"MH","McGraw Hill, Inc. Common Stock","Staples","Education & Training Services","11.6","0",,"","Uptrend","Jul 29, 2026","651098.47","",,,"","","",,="4/9","<1","true","Swing"
"MIAX","Miami International Holdings, Inc. Common Stock","Financials","Capital Markets","43.48","0",,"","Uptrend","Aug 12, 2026","1391453.93","",,,"","M1S1","",,="7/9","<1","true","Swing"
"MKLY","McKinley Acquisition Corporation Class A Ordinary Shares","Financials","Shell Companies","10.22","0",,"","Uptrend","Jul 14, 2026","78148.33","",,,"","M1S1","",,="7/9","<1","true","Swing"
"MLYS","Mineralys Therapeutics, Inc. Common Stock","Health Care","Biotechnology","27.05","0",,"","Neutral","Aug 12, 2026","777564.03","",,,"","M1S1","",,="5/9","<1","true","Swing"
"MNR","Mach Natural Resources LP Common Units representing Limited Partner Interests","Energy","Oil & Gas E&P","13.06","0",,"","Downtrend","Aug 12, 2026","257506.17","",,,"","M1S1","",,="5/9","<1","true","Swing"
"MNTN","MNTN, Inc. Class A Common Stock","Technology","Software - Application","11.95","0",,"","Uptrend","Aug 05, 2026","1139468.83","",,,"","M1S1","",,="6/9","<1","true","Swing"
"MPTI","M-tron Industries, Inc. Common Stock","Technology","Electronic Components","85.48","0",,"","Uptrend","Aug 06, 2026","265709.63","",,,"","M1S1","",,="7/9","<1","true","Swing"
"MQ","Marqeta, Inc. Class A Common Stock","Technology","Software - Infrastructure","15.68","0",,"","Downtrend","Aug 10, 2026","1189883.27","",,,"","M1S1","",,="6/9","<1","true","Swing"
"MRP","Millrose Properties, Inc. Class A Common Stock","Real Estate","REIT - Residential","29.76","0",,"","Uptrend","Aug 05, 2026","1182348.17","",,,"","","",,="5/9","<1","true","Swing"
"MSBI","Midland States Bancorp, Inc. Common Stock","Financials","Banks - Regional","33.53","0",,"","Uptrend","Mar 31, 2026","180458.9","",,,"","M1S1","",,="7/9","<1","true","Swing"
"MSDL","Morgan Stanley Direct Lending Fund Common Stock","Financials","Asset Management","15.26","0",,"","Uptrend","Aug 11, 2026","468843.6","",,,"","M1S1","",,="6/9","<1","true","Swing"
"MSGE","Madison Square Garden Entertainment Corp. Class A Common Stock","Communication","Entertainment","88.42","0",,"","Uptrend","Jul 20, 2026","390890.37","",,,"","","",,="6/9","<1","true","Swing"
"MSIF","MSC Income Fund, Inc. Common Stock","Financials","Asset Management","12.34","0",,"","Uptrend","Aug 06, 2026","310788.83","",,,"","M1S1","",,="7/9","<1","true","Swing"
"NATL","NCR Atleos Corporation Common Stock","Technology","Software - Application","46.92","0",,"","Uptrend","Jul 06, 2026","578458.77","",,,"","M1S1","",,="7/9","<1","true","Swing"
"NBBK","NB Bancorp, Inc. Common Stock","Financials","Banks - Regional","22.85","0",,"","Uptrend","Jul 09, 2026","320369.67","",,,"","M1S1","",,="7/9","<1","true","Swing"
"NBH","Neuberger Municipal Fund Inc. Common Stock","Financials","Closed-End Fund - Debt","10.19","0",,"","Downtrend","Jul 21, 2026","103427.6","",,,"","M1S1","",,="5/9","<1","true","Swing"
"NCDL","Nuveen Churchill Direct Lending Corp. Common Stock","Financials","Asset Management","12.38","0",,"","Downtrend","Aug 12, 2026","173022.83","",,,"","M1S1","",,="5/9","<1","true","Swing"
"NDLS","Noodles & Company Class A Common Stock","Discretionary","Restaurants","16.43","0",,"","Uptrend","Jul 27, 2026","66241.43","",,,"","","",,="5/9","<1","true","Swing"
"NEN","New England Realty Associates Limited Partnership Class A Depositary Receipts Evidencing Units of Limited Partnership","Real Estate","Real Estate Services","56.0001","0",,"","Downtrend","Jun 12, 2026","463.6","",,,"","","",,="4/9","<1","true","Swing"
"NGNE","Neurogene Inc. Common Stock ","Health Care","Biotechnology","36.98","0",,"","Uptrend","Aug 07, 2026","257765.97","",,,"","M1S1","",,="7/9","<1","true","Swing"
"NHIC","NewHold Investment Corp III Class A Ordinary Shares","Financials","Shell Companies","10.63","0",,"","Downtrend","Jul 10, 2026","102980.23","",,,"","M1S1","",,="5/9","<1","true","Swing"
"NINE","Nine Energy Service, Inc. Common Stock","Energy","Oil & Gas Equipment & Services","10.64","0",,"","Downtrend","Aug 06, 2026","53182.87","",,,"","M1S1","",,="6/9","<1","true","Swing"
"NIQ","NIQ Global Intelligence plc Ordinary Shares","Technology","Software - Application","16.81","0",,"","Uptrend","Jul 01, 2026","1814454.27","",,,"","M1S1","",,="7/9","<1","true","Swing"
"NLOP","Net Lease Office Properties Common Shares of Beneficial Interest","Real Estate","REIT - Office","11.57","0",,"","Neutral","Aug 06, 2026","144983.57","",,,"","","",,="4/9","<1","true","Swing"
"NML","Neuberger Energy Infrastructure and Income Fund Inc. Common Stock","Financials","Closed-End Fund - Equity","10.65","0",,"","Uptrend","Aug 11, 2026","123505.67","",,,"","M1S1","",,="6/9","<1","true","Swing"
"NMP","NMP Acquisition Corp. Class A Ordinary Shares","Financials","Shell Companies","10.33","0",,"","Uptrend","Jan 15, 2026","58099.33","",,,"","M1S1","",,="7/9","<1","true","Swing"
"NN","NextNav Inc. Common Stock","Technology","Software - Infrastructure","19.23","0",,"","Uptrend","Aug 11, 2026","2794070.17","",,,"","M1S1","",,="7/9","<1","true","Swing"
"NNE","Nano Nuclear Energy Inc. Common Stock","Industrials","Specialty Industrial Machinery","19.01","0",,"","Neutral","Aug 11, 2026","2106672.93","",,,"","","",,="6/9","<1","true","Swing"
"NOEM","CO2 Energy Transition Corp. Common Stock","Financials","Shell Companies","10.69","0",,"","Neutral","Aug 07, 2026","6683.17","",,,"","M1S1","",,="6/9","<1","true","Swing"
"NP","Neptune Insurance Holdings Inc. Class A Common Stock","Financials","Insurance Brokers","30.77","0",,"","Uptrend","Jun 16, 2026","733286.73","",,,"","M1S1","",,="7/9","<1","true","Swing"
"NPAC","New Providence Acquisition Corp. III Class A Ordinary Shares","Financials","Shell Companies","10.439","0",,"","Uptrend","Apr 14, 2026","133435.07","",,,"","M1S1","",,="7/9","<1","true","Swing"
"NPB","Northpointe Bancshares, Inc. Common Stock","Financials","Banks - Regional","17.33","0",,"","Downtrend","Jul 22, 2026","185352.07","",,,"","M1S1","",,="6/9","<1","true","Swing"
"NPCE","Neuropace, Inc. Common Stock","Health Care","Medical Devices","14.56","0",,"","Downtrend","Jul 20, 2026","210519.13","",,,"","M1S1","",,="6/9","<1","true","Swing"
"NPFD","Nuveen Variable Rate Preferred & Income Fund Common Shares","Financials","Closed-End Fund - Equity","18.64","0",,"","Uptrend","Aug 12, 2026","63533.37","",,,"","M1S1","",,="6/9","<1","true","Swing"
"NSTS","NSTS Bancorp, Inc. Common Stock","Financials","Banks - Regional","13.82","0",,"","Uptrend","Apr 15, 2026","7121.33","",,,"","M1S1","",,="7/9","<1","true","Swing"
"NTSK","Netskope, Inc. Class A Common Stock","Technology","Software - Infrastructure","14.99","0",,"","Uptrend","Jul 24, 2026","4598839.4","",,,"","M1S1","",,="7/9","<1","true","Swing"
"NTWO","Newbury Street II Acquisition Corp Class A Ordinary Shares","Financials","Shell Companies","10.71","0",,"","Uptrend","Jun 29, 2026","2775.67","",,,"","M1S1","",,="7/9","<1","true","Swing"
"NVCT","Nuvectis Pharma, Inc. Common Stock","Health Care","Biotechnology","19.54","0",,"","Uptrend","Jun 12, 2026","288934.4","",,,"","M1S1","",,="7/9","<1","true","Swing"
"NXG","NXG NextGen Infrastructure Income Fund Common Shares of Beneficial Interest","Financials","Closed-End Fund - Equity","62.25","0",,"","Uptrend","Aug 11, 2026","129274.83","",,,"","M1S1","",,="6/9","<1","true","Swing"
"NXT","Nextpower Inc. Class A Common Stock","Technology","Solar","103.67","0",,"","Downtrend","Jun 23, 2026","2970220.43","",,,"","M1S1","",,="6/9","<1","true","Swing"
"OACC","Oaktree Acquisition Corp. III Life Sciences Class A Ordinary Share","Financials","Shell Companies","10.76","0",,"","Uptrend","Jun 25, 2026","22571.9","",,,"","M1S1","",,="7/9","<1","true","Swing"
"OMDA","Omada Health, Inc. Common Stock","Health Care","Health Information Services","23.84","0",,"","Uptrend","Aug 10, 2026","1492196.13","",,,"","M1S1","",,="7/9","<1","true","Swing"
"ONCH","1RT Acquisition Corp. Class A Ordinary Share","Financials","Shell Companies","10.28","0",,"","Neutral","Aug 11, 2026","53066.47","",,,"","M1S1","",,="6/9","<1","true","Swing"
"ONT","Onterris, Inc. Common Stock","Industrials","Waste Management","16.4","0",,"","Downtrend","Aug 06, 2026","673391.63","",,,"","","",,="6/9","<1","true","Swing"
"OSCR","Oscar Health, Inc. Class A Common Stock","Health Care","Healthcare Plans","29.61","0",,"","Neutral","Aug 11, 2026","5265372.47","",,,"","M1S1","",,="6/9","<1","true","Swing"
"OTF","Blue Owl Technology Finance Corp. Common Stock","Financials","Asset Management","11.51","0",,"","Uptrend","Aug 06, 2026","2521963.6","",,,"","M1S1","",,="7/9","<1","true","Swing"
"OUST","Ouster, Inc. Common Stock","Technology","Electronic Components","46.12","0",,"","Uptrend","Aug 05, 2026","3868107.87","",,,"","M1S1","",,="7/9","<1","true","Swing"
"OYSE","Oyster Enterprises II Acquisition Corp Class A Ordinary Shares","Financials","Shell Companies","10.34","0",,"","Uptrend","Apr 14, 2026","2426.47","",,,"","M1S1","",,="7/9","<1","true","Swing"
"PACH","Pioneer Acquisition I Corp Class A Ordinary Shares","Financials","Shell Companies","10.285","0",,"","Uptrend","Jul 14, 2026","35709.63","",,,"","M1S1","",,="7/9","<1","true","Swing"
"PACS","PACS Group, Inc. Common Stock","Health Care","Medical Care Facilities","45.47","0",,"","Uptrend","Jun 22, 2026","942959.87","",,,"","M1S1","",,="7/9","<1","true","Swing"
"PAII","Pyrophyte Acquisition Corp. II Class A Ordinary Shares","Financials","Shell Companies","10.26","0",,"","Uptrend","May 04, 2026","19801.67","",,,"","M1S1","",,="7/9","<1","true","Swing"
"PDO","PIMCO Dynamic Income Opportunities Fund Common Shares of Beneficial Interest","Financials","Closed-End Fund - Debt","13.08","0",,"","Uptrend","Aug 11, 2026","543291.23","",,,"","M1S1","",,="6/9","<1","true","Swing"
"PED","Pedevco Corp. Common Stock","Energy","Oil & Gas E&P","11.25","0",,"","Downtrend","Jul 01, 2026","29499.47","",,,"","M1S1","",,="6/9","<1","true","Swing"
"PGAC","Pantages Capital Acquisition Corporation Class A Ordinary Shares","Financials","Shell Companies","10.68","0",,"","Uptrend","Oct 17, 2025","687.23","",,,"","M1S1","",,="7/9","<1","true","Swing"
"PHIN","PHINIA Inc. Common Stock","Discretionary","Auto Parts","74.02","0",,"","Downtrend","Aug 05, 2026","339660.83","",,,"","","",,="4/9","<1","true","Swing"
"PLMK","Plum Acquisition Corp. IV Class A Ordinary Shares","Financials","Shell Companies","10.5799","0",,"","Downtrend","Jul 21, 2026","15990.53","",,,"","M1S1","",,="6/9","<1","true","Swing"
"PMTR","Perimeter Acquisition Corp. I Class A Ordinary Shares","Financials","Shell Companies","10.4","0",,"","Downtrend","Aug 05, 2026","18180.67","",,,"","M1S1","",,="6/9","<1","true","Swing"
"POLE","Andretti Acquisition Corp. II Class A Ordinary Shares","Financials","Shell Companies","10.82","0",,"","Uptrend","Jan 06, 2026","30594.97","",,,"","M1S1","",,="6/9","<1","true","Swing"
"PRMB","Primo Brands Corporation Class A Common Stock","Staples","Beverages - Non-Alcoholic","23.91","0",,"","Neutral","Aug 05, 2026","3624398.37","",,,"","","",,="4/9","<1","true","Swing"
"PSBD","Palmer Square Capital BDC Inc. Common Stock","Financials","Asset Management","10.39","0",,"","Uptrend","Aug 07, 2026","177059","",,,"","M1S1","",,="7/9","<1","true","Swing"
"PSNL","Personalis, Inc. Common Stock","Health Care","Diagnostics & Research","14.21","0",,"","Uptrend","Aug 05, 2026","4441740.07","",,,"","M1S1","",,="7/9","<1","true","Swing"
"PTHS","Pelthos Therapeutics Inc. Common Stock","Health Care","Biotechnology","28.91","0",,"","Uptrend","Aug 05, 2026","79551.83","",,,"","M1S1","",,="6/9","<1","true","Swing"
"PTRN","Pattern Group Inc. Series A Common Stock","Technology","Software - Application","22.46","0",,"","Downtrend","Aug 06, 2026","1971963.87","",,,"","M1S1","",,="6/9","<1","true","Swing"
"PUMP","ProPetro Holding Corp. Common Stock","Energy","Oil & Gas Equipment & Services","11.59","0",,"","Downtrend","Jun 15, 2026","4371640.13","",,,"","M1S1","",,="6/9","<1","true","Swing"
"PVLA","Palvella Therapeutics, Inc. Common Stock","Health Care","Biotechnology","155.07","0",,"","Uptrend","Jul 21, 2026","214748.33","",,,"","M1S1","",,="7/9","<1","true","Swing"
"PXED","Phoenix Education Partners, Inc. Common Stock","Staples","Education & Training Services","26.94","0",,"","Downtrend","Jul 17, 2026","132595.17","",,,"","","",,="4/9","<1","true","Swing"
"QBTS","D-Wave Quantum Inc. Common Shares","Technology","Computer Hardware","20.74","0",,"","Uptrend","Aug 12, 2026","18494316.63","",,,"","M1S1","",,="7/9","<1","true","Swing"
"QETA","Quetta Acquisition Corporation Common Stock","Financials","Shell Companies","11.74","0",,"","Downtrend","Jul 13, 2026","3237.2","",,,"","M1S1","",,="6/9","<1","true","Swing"
"QSEA","Quartzsea Acquisition Corporation Ordinary Shares","Financials","Shell Companies","10.65","0",,"","Uptrend","Dec 01, 2025","10314.53","",,,"","M1S1","",,="7/9","<1","true","Swing"
"QUMS","Quantumsphere Acquisition Corp. Ordinary Shares","Financials","Shell Companies","10.3","0",,"","Uptrend","Dec 09, 2025","25777.77","",,,"","M1S1","",,="7/9","<1","true","Swing"
"RAC","Rithm Acquisition Corp. Class A Ordinary Shares","Financials","Shell Companies","10.5","0",,"","Uptrend","Jul 20, 2026","16697.47","",,,"","M1S1","",,="7/9","<1","true","Swing"
"RAL","Ralliant Corporation Common Stock","Technology","Electronic Components","72.62","0",,"","Uptrend","Aug 11, 2026","1732828.9","",,,"","M1S1","",,="7/9","<1","true","Swing"
"RANG","Range Capital Acquisition Corp. Ordinary Shares","Financials","Shell Companies","10.74","0",,"","Uptrend","Mar 03, 2026","628.73","",,,"","M1S1","",,="7/9","<1","true","Swing"
"RAPP","Rapport Therapeutics, Inc. Common Stock","Health Care","Biotechnology","47.73","0",,"","Uptrend","Jun 15, 2026","354956.2","",,,"","M1S1","",,="7/9","<1","true","Swing"
"RBRK","Rubrik, Inc. Class A Common Stock","Technology","Software - Infrastructure","96.73","0",,"","Uptrend","Aug 05, 2026","2866559.23","",,,"","M1S1","",,="6/9","<1","true","Swing"
"RDAG","Republic Digital Acquisition Company Class A Ordinary Shares","Financials","Shell Companies","10.38","0",,"","Uptrend","Apr 16, 2026","51367.27","",,,"","M1S1","",,="7/9","<1","true","Swing"
"RDDT","Reddit, Inc. Class A Common Stock","Communication","Internet Content & Information","153.45","0",,"","Downtrend","Jul 31, 2026","5327556.53","",,,"","","",,="5/9","<1","true","Swing"
"REPX","Riley Exploration Permian, Inc. Common Stock","Energy","Oil & Gas E&P","35.91","0",,"","Uptrend","Aug 10, 2026","195145.47","",,,"","M1S1","",,="6/9","<1","true","Swing"
"RGTI","Rigetti Computing, Inc. Common Stock","Technology","Computer Hardware","18.42","0",,"","Uptrend","Aug 07, 2026","21521676.87","",,,"","M1S1","",,="7/9","<1","true","Swing"
"RHLD","Resolute Holdings Management Common Stock ","Industrials","Specialty Business Services","128.46","0",,"","Downtrend","Aug 12, 2026","146935.8","",,,"","","",,="6/9","<1","true","Swing"
"RIVN","Rivian Automotive, Inc. Class A Common Stock","Discretionary","Auto Manufacturers","15.93","0",,"","Downtrend","Aug 12, 2026","34422196.13","",,,"","","",,="4/9","<1","true","Swing"
"RLYB","Rallybio Corporation Common Stock","Health Care","Biotechnology","16.59","0",,"","Uptrend","Apr 24, 2026","35099.83","",,,"","M1S1","",,="7/9","<1","true","Swing"
"RTAC","Renatus Tactical Acquisition Corp I Class A Ordinary Shares","Financials","Shell Companies","10.46","0",,"","Downtrend","Aug 06, 2026","44520.73","",,,"","M1S1","",,="5/9","<1","true","Swing"
"RXO","RXO, Inc. Common Stock","Industrials","Trucking","22.71","0",,"","Downtrend","Jul 27, 2026","1901455.9","",,,"","","",,="6/9","<1","true","Swing"
"RYM","RYTHM, Inc. Common Stock","Staples","Tobacco","20.59","0",,"","Downtrend","Aug 06, 2026","13537.3","",,,"","","",,="4/9","<1","true","Swing"
"S","SentinelOne, Inc. Class A Common Stock","Technology","Software - Infrastructure","22.3","0",,"","Uptrend","Jun 30, 2026","6950445.63","",,,"","M1S1","",,="7/9","<1","true","Swing"
"SAIL","SailPoint, Inc. Common Stock","Technology","Software - Infrastructure","18.73","0",,"","Uptrend","Jul 24, 2026","3775307.03","",,,"","M1S1","",,="7/9","<1","true","Swing"
"SARO","StandardAero, Inc. Common Stock","Industrials","Aerospace & Defense","27.39","0",,"","Neutral","Aug 11, 2026","3372470.13","",,,"","","",,="6/9","<1","true","Swing"
"SBXD","SilverBox Corp IV Class A Ordinary Shares","Financials","Shell Companies","10.82","0",,"","Downtrend","Aug 10, 2026","55704.87","",,,"","M1S1","",,="6/9","<1","true","Swing"
"SDHC","Smith Douglas Homes Corp. Class A Common Stock","Real Estate","Real Estate - Development","14.29","0",,"","Downtrend","Aug 06, 2026","51457.57","",,,"","","",,="4/9","<1","true","Swing"
"SDHI","Siddhi Acquisition Corp Class A Common stock","Financials","Shell Companies","10.48","0",,"","Uptrend","Mar 09, 2026","15173.57","",,,"","M1S1","",,="7/9","<1","true","Swing"
"SDHY","PGIM Short Duration High Yield Opportunities Fund Common Shares","Financials","Asset Management","16.32","0",,"","Uptrend","Aug 03, 2026","51729.97","",,,"","M1S1","",,="7/9","<1","true","Swing"
"SDOT","Sadot Group Inc. Common Stock","Staples","Farm Products","11.62","0",,"","Downtrend","Jul 21, 2026","1950821.23","",,,"","","",,="4/9","<1","true","Swing"
"SEG","Seaport Entertainment Group Inc. Common Stock","Real Estate","Real Estate Services","29.13","0",,"","Uptrend","May 13, 2026","64616.37","",,,"","","",,="5/9","<1","true","Swing"
"SEPN","Septerna, Inc. Common Stock","Health Care","Biotechnology","48.19","0",,"","Uptrend","Jul 30, 2026","436364.47","",,,"","M1S1","",,="7/9","<1","true","Swing"
"SEZL","Sezzle Inc. Common Stock","Financials","Credit Services","125.44","0",,"","Downtrend","Aug 07, 2026","774161","",,,"","M1S1","Positive",,="6/9","<1","true","Swing"
"SFD","Smithfield Foods, Inc. Common Stock","Staples","Packaged Foods","22.74","0",,"","Downtrend","Aug 06, 2026","1370547.83","",,,"","","",,="4/9","<1","true","Swing"
"SI","Shoulder Innovations, Inc. Common Stock","Health Care","Medical Devices","19.34","0",,"","Downtrend","Aug 11, 2026","108394.87","",,,"","M1S1","",,="6/9","<1","true","Swing"
"SIBN","SI-BONE, Inc. Common Stock","Health Care","Medical Devices","19","0",,"","Uptrend","Jun 04, 2026","545016.6","",,,"","M1S1","",,="7/9","<1","true","Swing"
"SIF","SIFCO Industries, Inc. Common Stock","Industrials","Aerospace & Defense","19.78","0",,"","Downtrend","Aug 12, 2026","172290.17","",,,"","","",,="6/9","<1","true","Swing"
"SIMA","SIM Acquisition Corp. I Class A Ordinary Shares","Financials","Shell Companies","10.93","0",,"","Uptrend","Jun 12, 2026","676.53","",,,"","M1S1","",,="7/9","<1","true","Swing"
"SKWD","Skyward Specialty Insurance Group, Inc. Common Stock","Financials","Insurance - Property & Casualty","60.13","0",,"","Uptrend","Jun 10, 2026","544175.17","",,,"","M1S1","",,="7/9","<1","true","Swing"
"SLDE","Slide Insurance Holdings, Inc. Common Stock","Financials","Insurance - Property & Casualty","20.96","0",,"","Uptrend","Jun 26, 2026","1183974.73","",,,"","M1S1","",,="7/9","<1","true","Swing"
"SMA","SmartStop Self Storage REIT, Inc. Common Stock","Real Estate","REIT - Industrial","33.71","0",,"","Uptrend","Jun 09, 2026","715105.67","",,,"","","",,="5/9","<1","true","Swing"
"SMC","Summit Midstream Corporation Common Stock","Energy","Oil & Gas Midstream","34.58","0",,"","Uptrend","Jul 29, 2026","51041.37","",,,"","M1S1","",,="7/9","<1","true","Swing"
"SN","SharkNinja, Inc. Ordinary Shares","Discretionary","Furnishings Fixtures & Appliances","186.13","0",,"","Uptrend","May 27, 2026","1783052.17","",,,"","","Positive",,="5/9","<1","true","Swing"
"SNDK","Sandisk Corporation Common Stock","Technology","Computer Hardware","1344.29","0",,"","Downtrend","Jul 15, 2026","15085476.5","",,,"","M1S1","Positive","true",="6/9","<1","true","Swing"
"SOCA","Solarius Capital Acquisition Corp. Class A Ordinary Share","Financials","Shell Companies","10.34","0",,"","Uptrend","Jun 11, 2026","18196.03","",,,"","M1S1","",,="7/9","<1","true","Swing"
"SOLV","Solventum Corporation Common Stock","Health Care","Medical Instruments & Supplies","85.29","0",,"","Uptrend","Jul 15, 2026","1143178.2","",,,"","M1S1","",,="7/9","<1","true","Swing"
"SPCX","Space Exploration Technologies Corp","Industrials","Aerospace & Defense","146.15","0",,"","Neutral","Jun 12, 2026","98487950.87","",,,"","","","true",="6/9","<1","true","Swing"
"SPEG","Silver Pegasus Acquisition Corp Class A Ordinary Shares","Financials","Shell Companies","10.33","0",,"","Uptrend","Jan 12, 2026","9677.3","",,,"","M1S1","",,="7/9","<1","true","Swing"
"SPIR","Spire Global, Inc. Class A Common Stock","Industrials","Specialty Business Services","14.74","0",,"","Uptrend","Aug 11, 2026","777756.4","",,,"","","",,="7/9","<1","true","Swing"
"SPKL","Spark I Acquisition Corp. Class A Ordinary Share","Financials","Shell Companies","11.62","0",,"","Downtrend","Jul 23, 2026","38093.5","",,,"","M1S1","",,="6/9","<1","true","Swing"
"SPRB","Spruce Biosciences, Inc. Common Stock","Health Care","Biotechnology","47.07","0",,"","Downtrend","Jul 08, 2026","55841.43","",,,"","M1S1","",,="6/9","<1","true","Swing"
"SRBK","SR Bancorp, Inc. Common stock","Financials","Banks - Regional","20.38","0",,"","Uptrend","May 22, 2026","27910.53","",,,"","M1S1","",,="7/9","<1","true","Swing"
"SSEA","Starry Sea Acquisition Corp	Ordinary Shares","Financials","Shell Companies","10.28","0",,"","Uptrend","Dec 11, 2025","12516.1","",,,"","M1S1","",,="7/9","<1","true","Swing"
"STEW","SRH Total Return Fund, Inc. Common Stock","Financials","Closed-End Fund - Equity","18.71","0",,"","Uptrend","Jun 22, 2026","80645.17","",,,"","M1S1","",,="7/9","<1","true","Swing"
"STOK","Stoke Therapeutics, Inc. Common Stock","Health Care","Biotechnology","32.97","0",,"","Uptrend","Aug 05, 2026","794261.83","",,,"","M1S1","",,="6/9","<1","true","Swing"
"STRC","Strategy Inc Variable Rate Series A Perpetual Stretch Preferred Stock","Technology","Software - Application","95.315","0",,"","Uptrend","Aug 03, 2026","1371837.37","",,,"","M1S1","",,="6/9","<1","true","Swing"
"STRW","Strawberry Fields REIT, Inc. Common Stock","Real Estate","REIT - Healthcare Facilities","13.82","0",,"","Neutral","Aug 10, 2026","42736.23","",,,"","","",,="4/9","<1","true","Swing"
"STRZ","Starz Entertainment Corp. Common Shares","Communication","Entertainment","25.01","0",,"","Downtrend","Aug 10, 2026","164065.93","",,,"","","",,="5/9","<1","true","Swing"
"SVCC","Stellar V Capital Corp. Class A Ordinary Shares","Financials","Shell Companies","10.63","0",,"","Uptrend","Jan 27, 2026","5588.53","",,,"","M1S1","",,="7/9","<1","true","Swing"
"SVV","Savers Value Village, Inc. Common Stock","Discretionary","Specialty Retail","10.71","0",,"","Uptrend","Jul 28, 2026","1238098.73","",,,"","","",,="5/9","<1","true","Swing"
"SZZL","Sizzle Acquisition Corp. II Class A ordinary shares","Financials","Shell Companies","10.41","0",,"","Uptrend","Apr 14, 2026","69546.5","",,,"","M1S1","",,="7/9","<1","true","Swing"
"TACH","Titan Acquisition Corp. Class A Ordinary Shares","Financials","Shell Companies","10.47","0",,"","Uptrend","Apr 14, 2026","77845.87","",,,"","M1S1","",,="7/9","<1","true","Swing"
"TACO","Berto Acquisition Corp. Ordinary Shares","Financials","Shell Companies","10.45","0",,"","Neutral","Aug 10, 2026","75477.67","",,,"","M1S1","",,="6/9","<1","true","Swing"
"TALO","Talos Energy, Inc. Common Stock","Energy","Oil & Gas E&P","15.5","0",,"","Uptrend","Aug 10, 2026","2050019.4","",,,"","M1S1","",,="6/9","<1","true","Swing"
"TAVI","Tavia Acquisition Corp. Ordinary Shares","Financials","Shell Companies","10.69","0",,"","Uptrend","Jun 09, 2026","1370.73","",,,"","M1S1","",,="6/9","<1","true","Swing"
"TBCH","Turtle Beach Corporation Common Stock","Technology","Consumer Electronics","12.87","0",,"","Uptrend","Aug 07, 2026","289720.87","",,,"","M1S1","",,="7/9","<1","true","Swing"
"TCBX","Third Coast Bancshares, Inc. Common Stock","Financials","Banks - Regional","45.5","0",,"","Uptrend","Jul 09, 2026","123721.97","",,,"","M1S1","",,="7/9","<1","true","Swing"
"TDAC","Translational Development Acquisition Corp. Ordinary Shares","Financials","Shell Companies","10.85","0",,"","Uptrend","Jul 20, 2026","43805.33","",,,"","M1S1","",,="7/9","<1","true","Swing"
"TECX","Tectonic Therapeutic, Inc. Common Stock","Health Care","Biotechnology","36.83","0",,"","Uptrend","Aug 12, 2026","208953.13","",,,"","M1S1","",,="7/9","<1","true","Swing"
"TEM","Tempus AI, Inc. Class A Common Stock","Health Care","Health Information Services","54.61","0",,"","Uptrend","Aug 11, 2026","5046224.03","",,,"","M1S1","",,="7/9","<1","true","Swing"
"TIC","TIC Solutions, Inc. Common Stock","Industrials","Specialty Business Services","10.19","0",,"","Uptrend","Aug 04, 2026","2344236.7","",,,"","","",,="7/9","<1","true","Swing"
"TKO","TKO Group Holdings, Inc. Class A Common Stock","Communication","Entertainment","195.14","0",,"","Uptrend","Aug 11, 2026","1134585.63","",,,"","","",,="6/9","<1","true","Swing"
"TLN","Talen Energy Corporation Common Stock","Utilities","Utilities - Independent Power Producers","365.07","0",,"","Neutral","Aug 12, 2026","734099.63","",,,"","","",,="4/9","<1","true","Swing"
"TLNC","Talon Capital Corp. Class A Ordinary Shares","Financials","Shell Companies","10.24","0",,"","Downtrend","Jul 31, 2026","21998.77","",,,"","M1S1","",,="6/9","<1","true","Swing"
"TNXP","Tonix Pharmaceuticals Holding Corp. Common Stock","Health Care","Biotechnology","11.97","0",,"","Uptrend","Aug 10, 2026","502925.63","",,,"","M1S1","",,="7/9","<1","true","Swing"
"TONT","Graf Global Corp","Financials","Shell Companies","10.84","0",,"","Uptrend","Aug 07, 2026","77006.37","",,,"","M1S1","",,="7/9","<1","true","Swing"
"TRT","Trio-Tech International Common Stock","Technology","Semiconductor Equipment & Materials","11.4","0",,"","Uptrend","Aug 11, 2026","376590.87","",,,"","M1S1","",,="6/9","<1","true","Swing"
"TTAN","ServiceTitan, Inc. Class A Common Stock","Technology","Software - Application","92","0",,"","Uptrend","Jul 27, 2026","1369580.3","",,,"","M1S1","",,="6/9","<1","true","Swing"
"TTRX","Turn Therapeutics Inc. Common Stock","Health Care","Biotechnology","10.54","0",,"","Uptrend","Apr 24, 2026","108164.67","",,,"","M1S1","",,="7/9","<1","true","Swing"
"TVA","Texas Ventures Acquisition III Corp Class A Ordinary Share","Financials","Shell Companies","10.54","0",,"","Uptrend","Aug 10, 2026","31012.07","",,,"","M1S1","",,="7/9","<1","true","Swing"
"TVAI","Thayer Ventures Acquisition Corporation II Class A Ordinary Shares","Financials","Shell Companies","10.392","0",,"","Uptrend","Nov 10, 2025","57965.73","",,,"","M1S1","",,="7/9","<1","true","Swing"
"TWFG","TWFG, Inc. Class A Common Stock","Financials","Insurance Brokers","26.66","0",,"","Uptrend","Jun 05, 2026","136967.77","",,,"","M1S1","",,="7/9","<1","true","Swing"
"TXO","TXO Partners, L.P. Common Units Representing Limited Partner Interests","Energy","Oil & Gas E&P","14.44","0",,"","Uptrend","Jul 29, 2026","136190.97","",,,"","M1S1","",,="7/9","<1","true","Swing"
"UHAL/B","U-Haul Holding Company Series N Non-Voting Common Stock ","Industrials","Rental & Leasing Services","65.09","0",,"","Uptrend","May 28, 2026","357154.47","",,,"","","",,="6/9","<1","true","Swing"
"ULS","UL Solutions Inc. Class A Common Stock","Industrials","Specialty Business Services","76.68","0",,"","Downtrend","Aug 04, 2026","1060127.87","",,,"","","",,="6/9","<1","true","Swing"
"UMAC","Unusual Machines, Inc. Common Stock","Technology","Computer Hardware","27.03","0",,"","Uptrend","Aug 03, 2026","3719783.3","",,,"","M1S1","",,="7/9","<1","true","Swing"
"UPST","Upstart Holdings, Inc. Common stock","Financials","Credit Services","29.1","0",,"","Downtrend","Aug 10, 2026","4085097.67","",,,"","M1S1","",,="6/9","<1","true","Swing"
"USAR","USA Rare Earth, Inc. Class A Common Stock","Materials","Other Industrial Metals & Mining","18.41","0",,"","Neutral","Aug 12, 2026","11178378.33","",,,"","","",,="6/9","<1","true","Swing"
"UTG","Reaves Utility Income Fund Common Shares of Beneficial Interest","Financials","Closed-End Fund - Equity","39.97","0",,"","Downtrend","Jun 25, 2026","273359.87","",,,"","M1S1","",,="6/9","<1","true","Swing"
"UYSC","UY Scuti Acquisition Corp. Ordinary Shares","Financials","Shell Companies","10.78","0",,"","Uptrend","Aug 06, 2025","334.03","",,,"","M1S1","",,="7/9","<1","true","Swing"
"VG","Venture Global, Inc. Class A common stock","Energy","Oil & Gas Midstream","13.72","0",,"","Uptrend","Aug 06, 2026","15104781.83","",,,"","M1S1","",,="7/9","<1","true","Swing"
"VIA","Via Transportation, Inc. Class A Common Stock","Technology","Software - Application","25.05","0",,"","Uptrend","Jun 26, 2026","859959.33","",,,"","M1S1","",,="7/9","<1","true","Swing"
"VLTO","Veralto Corp Common Stock ","Industrials","Pollution & Treatment Controls","96.67","0",,"","Uptrend","Jun 25, 2026","1725477.47","",,,"","","",,="7/9","<1","true","Swing"
"VNME","Vendome Acquisition Corporation I Class A Ordinary Shares","Financials","Shell Companies","10.27","0",,"","Uptrend","Jul 28, 2026","1912.77","",,,"","M1S1","",,="7/9","<1","true","Swing"
"VOYG","Voyager Technologies, Inc. Class A Common Stock","Industrials","Aerospace & Defense","43","0",,"","Uptrend","Aug 06, 2026","1679066.77","",,,"","","",,="6/9","<1","true","Swing"
"VSTS","Vestis Corporation Common Stock","Industrials","Rental & Leasing Services","14.16","0",,"","Neutral","Aug 07, 2026","1371997.27","",,,"","","",,="6/9","<1","true","Swing"
"VTS","Vitesse Energy, Inc. Common Stock","Energy","Oil & Gas E&P","16.27","0",,"","Uptrend","Aug 11, 2026","481661.23","",,,"","M1S1","",,="7/9","<1","true","Swing"
"WAY","Waystar Holding Corp. Common Stock","Health Care","Health Information Services","24.54","0",,"","Uptrend","Aug 03, 2026","3030363.67","",,,"","M1S1","",,="7/9","<1","true","Swing"
"WBI","WaterBridge Infrastructure LLC Class A Shares Representing Limited Liability Company Interests","Energy","Oil & Gas Equipment & Services","31.8","0",,"","Downtrend","Aug 07, 2026","719403.1","",,,"","M1S1","",,="6/9","<1","true","Swing"
"WENN","Wen Acquisition Corp Class A Ordinary Shares","Financials","Shell Companies","10.36","0",,"","Uptrend","Mar 16, 2026","41161.67","",,,"","M1S1","",,="7/9","<1","true","Swing"
"WOLF","Wolfspeed, Inc. Common Stock New","Technology","Semiconductors","31.71","0",,"","Downtrend","Jul 01, 2026","4173577.2","",,,"","M1S1","",,="6/9","<1","true","Swing"
"WRBY","Warby Parker Inc. Class A Common Stock","Health Care","Medical Instruments & Supplies","25.32","0",,"","Downtrend","Aug 11, 2026","2687137.2","",,,"","M1S1","",,="6/9","<1","true","Swing"
"WS","Worthington Steel, Inc. Common Shares","Materials","Steel","38.04","0",,"","Uptrend","Aug 04, 2026","238035.03","",,,"","","",,="7/9","<1","true","Swing"
"WSBK","Winchester Bancorp, Inc. Common Stock","Financials","Banks - Regional","13.02","0",,"","Neutral","Aug 06, 2026","5224.07","",,,"","M1S1","",,="6/9","<1","true","Swing"
"WYFI","WhiteFiber, Inc. Ordinary Shares","Technology","Information Technology Services","28.58","0",,"","Neutral","Aug 12, 2026","2479872.67","",,,"","M1S1","",,="6/9","<1","true","Swing"

