Symbol,Company Name,Sector/Index,Industry,Last Close Price ($),Fear & Greed Heatmap Value,Current Signal Status,Signal Start Date,Overlay,Overlay Start Date,30-Day Avg Volume,OVTLYR Signal Return (%),Capital Efficiency,Price Change,Fear & Greed Heatmap Direction,OC Channel,Unusual News Activity (UNA),Top Mentions Today (TMT),Ovtlyr Nine,Sector Relative Greed,Partial Data Stocks,Signal Type
"AAOI","Applied Optoelectronics, Inc. Common Stock","Technology","Communication Equipment","107.63","61.72","Sell","Aug 25, 2026","Neutral","Aug 19, 2026","11658507.87","476.34","2.3","-13.77","Moving Down","","",,="2/9","<1","false","Swing"
"ADM","Archer-Daniels-Midland Company Common Stock","Staples","Farm Products","78.16","64.69","Sell","Aug 25, 2026","Downtrend","Aug 24, 2026","3614308.7","78.71","2.79","-2.67","Moving Down","","Positive",,="4/9","<1","false","Swing"
"AFRM","Affirm Holdings, Inc. Class A Common Stock","Financials","Credit Services","76.88","51.05","Buy","Aug 25, 2026","Uptrend","Aug 21, 2026","3162028.87","91.41","3.41","-0.19","Moving Up","","",,="5/9","<1","false","Swing"
"AMCR","Amcor plc Ordinary Shares","Discretionary","Packaging & Containers","47.91","70.17","Buy","Aug 25, 2026","Uptrend","Jun 11, 2026","3832040.13","-47.89","0.56","-1.4","Moving Up","","",,="5/9","<1","false","Swing"
"APLE","Apple Hospitality REIT, Inc. Common Shares","Real Estate","REIT - Hotel & Motel","16.59","70.48","Buy","Aug 25, 2026","Uptrend","Aug 24, 2026","2838656.87","-38.24","0.14","-0.48","Moving Up","","",,="6/9","<1","false","Swing"
"APPS","Digital Turbine, Inc. Common Stock","Technology","Software - Application","10.74","73.84","Sell","Aug 25, 2026","Uptrend","Aug 05, 2026","3545000.57","-627.9","0.02","-1.2","Moving Down","","",,="3/9","<1","false","Swing"
"ARWR","Arrowhead Pharmaceuticals, Inc. Common Stock","Health Care","Biotechnology","86.73","63.26","Sell","Aug 25, 2026","Uptrend","Jul 23, 2026","1741471.57","28.28","2.4","-0.44","Moving Down","","",,="3/9","<1","false","Swing"
"ATI","ATI Inc. Common Stock","Industrials","Metal Fabrication","209.81","85.56","Sell","Aug 25, 2026","Uptrend","Aug 04, 2026","1534036.33","293.3","0.92","1.35","Moving Down","","",,="3/9","<1","false","Swing"
"AVTR","Avantor, Inc. Common Stock","Health Care","Medical Instruments & Supplies","14.26","76.8","Buy","Aug 25, 2026","Uptrend","May 27, 2026","10796212.33","-65.16","3.73","-1.38","Moving Up","","",,="6/9","<1","false","Swing"
"AXTI","AXT Inc Common Stock","Technology","Semiconductor Equipment & Materials","65.4","81.04","Sell","Aug 25, 2026","Neutral","Aug 21, 2026","11442312.67","972.06","2.51","-7.55","Moving Down","","",,="2/9","<1","false","Swing"
"BJ","BJ's Wholesale Club Holdings, Inc. Common Stock","Staples","Discount Stores","98.49","58.07","Buy","Aug 25, 2026","Uptrend","Aug 24, 2026","1758314.67","-76.05","0.13","2.15","Moving Up","","",,="6/9","<1","false","Swing"
"BSY","Bentley Systems, Incorporated Class B Common Stock","Technology","Software - Application","37.68","65.31","Buy","Aug 25, 2026","Uptrend","Jul 27, 2026","2657969.63","-38.87","0.44","1.62","Moving Up","","",,="5/9","<1","false","Swing"
"BWA","BorgWarner Inc. Common Stock","Discretionary","Auto Parts","64.36","54.16","Sell","Aug 25, 2026","Neutral","Aug 24, 2026","2256263.17","39.94","1.45","-5.05","Moving Down","","",,="2/9","<1","false","Swing"
"CF","CF Industries Holdings, Inc. Common Stock","Materials","Agricultural Inputs","129.24","58.36","Buy","Aug 25, 2026","Uptrend","Aug 20, 2026","2300340.17","216.91","3.47","-0.28","Moving Up","","",,="6/9","<1","false","Swing"
"CLYM","Climb Bio, Inc. Common Stock","Health Care","Biotechnology","16.4","49.19","Sell","Aug 25, 2026","Uptrend","Aug 06, 2026","1130498.6","246.59","1.76","-5.09","Moving Down","","",,="4/9","<1","false","Swing"
"CNXC","Concentrix Corporation Common Stock","Technology","Information Technology Services","26.03","60.24","Buy","Aug 25, 2026","Uptrend","Aug 19, 2026","1200569.3","-53.25","6.44","2.48","Moving Up","","",,="4/9","<1","false","Swing"
"COST","Costco Wholesale Corporation Common Stock","Staples","Discount Stores","971.4","54.34","Buy","Aug 25, 2026","Uptrend","Aug 24, 2026","1880996.1","270.09","2.91","2.5","Moving Up","","",,="7/9","<1","false","Swing"
"DE","Deere & Company Common Stock","Industrials","Farm & Heavy Construction Machinery","648.64","65.43","Buy","Aug 25, 2026","Uptrend","Aug 21, 2026","1134133.87","132.02","1.24","0.18","Moving Up","","",,="5/9","<1","false","Swing"
"DLTR","Dollar Tree Inc. Common Stock","Staples","Discount Stores","136.75","64.89","Buy","Aug 25, 2026","Uptrend","May 28, 2026","2241329.47","1.86","0.12","4.01","Moving Up","","",,="6/9","<1","false","Swing"
"ECL","Ecolab Inc. Common Stock","Materials","Specialty Chemicals","286.98","63.4","Buy","Aug 25, 2026","Uptrend","Jul 28, 2026","1313121.97","-50.9","0.23","1.9","Moving Up","","",,="6/9","<1","false","Swing"
"EMBJ","Embraer S.A. Common Stock","Industrials","Aerospace & Defense","76.26","80.18","Sell","Aug 25, 2026","Uptrend","Jun 17, 2026","1220102.07","218.92","2.07","0.41","Moving Down","","",,="3/9","<1","false","Swing"
"EMN","Eastman Chemical Company Common Stock","Materials","Specialty Chemicals","72.69","78.28","Sell","Aug 25, 2026","Uptrend","Aug 03, 2026","1120749.43","-35.1","0.29","-1.89","Moving Down","","",,="4/9","<1","false","Swing"
"ESTC","Elastic N.V. Ordinary Shares","Technology","Software - Application","83.24","90.28","Sell","Aug 25, 2026","Uptrend","Jul 27, 2026","2039953.5","-54.87","3.08","-3.14","Moving Down","","",,="3/9","<1","false","Swing"
"ETSY","Etsy, Inc. Common Stock","Discretionary","Internet Retail","87.03","67.9","Buy","Aug 25, 2026","Uptrend","Aug 24, 2026","2977056.87","-84.18","0.13","7.4","Moving Up","","",,="5/9","<1","false","Swing"
"EZPW","EZCORP, Inc. Class A Non Voting Common Stock","Financials","Credit Services","35.05","30.88","Buy","Aug 25, 2026","Uptrend","Aug 24, 2026","1091546.77","356.94","2.02","8.78","Moving Up","","",,="5/9","<1","false","Swing"
"FORM","FormFactor, Inc. FormFactor, Inc. Common Stock","Technology","Semiconductor Equipment & Materials","107.9","79.68","Sell","Aug 25, 2026","Neutral","Aug 19, 2026","1269438.9","19.23","0.24","-5.48","Moving Down","","",,="2/9","<1","false","Swing"
"FOX","Fox Corporation Class B Common Stock","Communication","Entertainment","61.59","86.01","Sell","Aug 25, 2026","Uptrend","Jul 29, 2026","1093061","46.1","1.15","0.88","Moving Down","","",,="3/9","<1","false","Swing"
"FOXA","Fox Corporation Class A Common Stock","Communication","Entertainment","69.21","87.44","Sell","Aug 25, 2026","Uptrend","Jul 28, 2026","4702003.77","66.03","1.63","0.98","Moving Down","","",,="4/9","<1","false","Swing"
"FSK","FS KKR Capital Corp. Common Stock","Financials","Asset Management","12.05","88.06","Sell","Aug 25, 2026","Uptrend","Aug 03, 2026","2336961.63","-12.63","9.13","1.18","Moving Down","","",,="3/9","<1","false","Swing"
"GGG","Graco Inc. Common Stock","Industrials","Specialty Industrial Machinery","80.16","60.16","Sell","Aug 25, 2026","Uptrend","Jul 23, 2026","1452725.73","31.96","1.52","-0.6","Moving Down","","",,="2/9","<1","false","Swing"
"HUBS","HubSpot, Inc. Common Stock","Technology","Software - Application","244.17","62.48","Buy","Aug 25, 2026","Uptrend","Aug 18, 2026","1951196.1","52.51","2.06","1.73","Moving Up","","",,="4/9","<1","false","Swing"
"IRDM","Iridium Communications Inc Common Stock","Communication","Telecom Services","47.3","66.02","Sell","Aug 25, 2026","Neutral","Aug 24, 2026","1264204.93","79.32","2.82","-3.43","Moving Down","","",,="3/9","<1","false","Swing"
"ISRG","Intuitive Surgical, Inc. Common Stock","Health Care","Medical Instruments & Supplies","373.57","59.64","Sell","Aug 25, 2026","Neutral","Aug 20, 2026","3724912.73","56.44","2.09","-1.38","Moving Down","","",,="3/9","<1","false","Swing"
"KBR","KBR, Inc. Common Stock","Industrials","Engineering & Construction","37.69","76.49","Sell","Aug 25, 2026","Uptrend","Jul 31, 2026","1560977.43","-165.01","0.05","-2.31","Moving Down","","",,="2/9","<1","false","Swing"
"KTOS","Kratos Defense & Security Solutions, Inc. Common Stock","Industrials","Aerospace & Defense","53.07","73.06","Sell","Aug 25, 2026","Neutral","Aug 24, 2026","3886072.97","392.79","5.91","-7.17","Moving Down","","",,="2/9","<1","false","Swing"
"LFST","LifeStance Health Group, Inc. Common Stock","Health Care","Medical Care Facilities","12.16","77.02","Sell","Aug 25, 2026","Uptrend","Jun 09, 2026","3754609.77","-53.52","0.16","-2.49","Moving Down","","",,="4/9","<1","false","Swing"
"LITE","Lumentum Holdings Inc. Common Stock","Technology","Communication Equipment","830.17","73.15","Sell","Aug 25, 2026","Uptrend","Aug 06, 2026","4868421","1037.48","3.08","-4.22","Moving Down","","",,="3/9","<1","false","Swing"
"MGA","Magna International, Inc. Common Stock","Discretionary","Auto Parts","67.8","78.49","Sell","Aug 25, 2026","Uptrend","Jul 15, 2026","1217501.17","12.54","1.24","-7.19","Moving Down","","",,="3/9","<1","false","Swing"
"MNST","Monster Beverage Corporation","Staples","Beverages - Non-Alcoholic","48.92","54.16","Buy","Aug 25, 2026","Uptrend","Aug 24, 2026","11454921.8","72.82","0.91","2.36","Moving Up","","",,="6/9","<1","false","Swing"
"NE","Noble Corporation plc A Ordinary Shares","Energy","Oil & Gas Drilling","45.98","67.73","Sell","Aug 25, 2026","Uptrend","Aug 10, 2026","1486034.67","-23.99","0.6","-0.63","Moving Down","","",,="5/9","<1","false","Swing"
"NESR","National Energy Services Reunited Corp Ordinary Shares","Energy","Oil & Gas Equipment & Services","33.42","79.51","Sell","Aug 25, 2026","Uptrend","Aug 04, 2026","2070323.7","209.58","2.56","1.18","Moving Down","","Positive",,="5/9","<1","false","Swing"
"NOV","NOV Inc. Common Stock","Energy","Oil & Gas Equipment & Services","19.76","77.45","Sell","Aug 25, 2026","Neutral","Aug 24, 2026","3346452.73","-95.24","0.68","-3.23","Moving Down","","",,="4/9","<1","false","Swing"
"NTAP","NetApp, Inc. Common Stock","Technology","Software - Infrastructure","186.86","76.13","Sell","Aug 25, 2026","Uptrend","Apr 17, 2026","2336071.57","103","1.28","-2.81","Moving Down","","",,="3/9","<1","false","Swing"
"NTRS","Northern Trust Corporation Common Stock","Financials","Asset Management","186.66","67.99","Sell","Aug 25, 2026","Uptrend","Apr 06, 2026","1105126.73","15.82","0.49","1.5","Moving Down","","",,="3/9","<1","false","Swing"
"NWS","News Corporation Class B Common Stock","Communication","Entertainment","35.05","67.68","Buy","Aug 25, 2026","Uptrend","Jul 27, 2026","1077765.2","80.39","1.6","1.45","Moving Up","","",,="5/9","<1","false","Swing"
"NWSA","News Corporation Class A Common Stock","Communication","Entertainment","30.76","70.11","Buy","Aug 25, 2026","Uptrend","Jul 24, 2026","3566929.9","64.71","1.66","1.25","Moving Up","","",,="5/9","<1","false","Swing"
"P","Everpure, Inc. Class A common stock","Technology","Computer Hardware","100.44","95.26","Sell","Aug 25, 2026","Uptrend","Aug 03, 2026","2841622.33","593.07","3.03","-7.47","Moving Down","","",,="3/9","<1","false","Swing"
"PAA","Plains All American Pipeline, L.P. Common Units representing Limited Partner Interests","Energy","Oil & Gas Midstream","24.96","66.27","Buy","Aug 25, 2026","Uptrend","Aug 18, 2026","2497886.03","74.8","2.41","1.42","Moving Up","","",,="7/9","<1","false","Swing"
"PLNT","Planet Fitness, Inc. Common Stock","Discretionary","Leisure","53.86","40.72","Buy","Aug 25, 2026","Uptrend","Aug 24, 2026","2110048.33","46.64","15.25","-0.63","Moving Up","","",,="5/9","<1","false","Swing"
"PWR","Quanta Services, Inc. Common Stock","Industrials","Engineering & Construction","616.78","54.05","Sell","Aug 25, 2026","Downtrend","Aug 24, 2026","1140247.07","1301.21","2.33","-3.53","Moving Down","","Positive",,="2/9","<1","false","Swing"
"ROIV","Roivant Sciences Ltd. Common Shares","Health Care","Biotechnology","36.36","44.33","Sell","Aug 25, 2026","Uptrend","Aug 04, 2026","5160579.63","18.52","0.19","0.17","Moving Down","","",,="4/9","<1","false","Swing"
"SCI","Service Corporation International Common Stock","Discretionary","Personal Services","84.23","77.55","Buy","Aug 25, 2026","Uptrend","Jul 01, 2026","1073318.03","-38.99","0.29","1.13","Moving Up","","",,="5/9","<1","false","Swing"
"SE","Sea Limited American Depositary Shares, each representing one Class A Ordinary Share","Discretionary","Internet Retail","115.68","83.1","Sell","Aug 25, 2026","Uptrend","Jun 26, 2026","4613286.93","16.9","0.26","-1.57","Moving Down","","",,="3/9","<1","false","Swing"
"SOFI","SoFi Technologies, Inc. Common Stock  ","Financials","Credit Services","18.24","46.03","Buy","Aug 25, 2026","Uptrend","Aug 05, 2026","67000090.67","-54.24","0.23","-3.54","Moving Up","","",,="5/9","<1","false","Swing"
"STX","Seagate Technology Holdings PLC Ordinary Shares (Ireland)","Technology","Computer Hardware","794.65","68.73","Sell","Aug 25, 2026","Downtrend","Aug 24, 2026","5171637.57","156.3","0.32","-6.51","Moving Down","","",,="2/9","<1","false","Swing"
"SU","Suncor Energy  Inc. Common Stock","Energy","Oil & Gas Integrated","67.37","86.36","Buy","Aug 25, 2026","Uptrend","Aug 10, 2026","3635857.23","62.83","1.4","-1.53","Moving Up","","",,="6/9","<1","false","Swing"
"TER","Teradyne, Inc. Common Stock","Technology","Semiconductor Equipment & Materials","364.9","76.28","Sell","Aug 25, 2026","Neutral","Aug 21, 2026","3331463.77","98.13","0.67","-2.88","Moving Down","","",,="2/9","<1","false","Swing"
"TGTX","TG Therapeutics, Inc. Common Stock","Health Care","Biotechnology","56.01","34.42","Buy","Aug 25, 2026","Uptrend","Aug 24, 2026","2285567.83","186.96","1.47","3.21","Moving Up","","",,="5/9","<1","false","Swing"
"TRI","Thomson Reuters Corporation Common Shares","Industrials","Specialty Business Services","108.62","87.69","Buy","Aug 25, 2026","Uptrend","Jul 24, 2026","2255397.3","109.33","4.21","2.93","Moving Up","","",,="5/9","<1","false","Swing"
"TSM","Taiwan Semiconductor Manufacturing Company Ltd.","Technology","Semiconductors","410.12","49.14","Sell","Aug 25, 2026","Downtrend","Aug 24, 2026","12981822.67","120.26","0.53","-2.11","Moving Up","","",,="3/9","<1","false","Swing"
"TTE","TotalEnergies SE Ordinary Shares","Energy","Oil & Gas Integrated","89.35","81.37","Sell","Aug 25, 2026","Uptrend","Jul 22, 2026","1531157","25.93","0.89","-0.6","Moving Down","","",,="5/9","<1","false","Swing"
"TWLO","Twilio Inc. Class A Common Stock","Technology","Software - Infrastructure","222.59","79.52","Sell","Aug 25, 2026","Uptrend","Aug 07, 2026","2290883.13","-0.93","164.83","-1.2","Moving Down","","",,="3/9","<1","false","Swing"
"UBER","Uber Technologies, Inc. Common Stock","Technology","Software - Application","79.29","70.2","Sell","Aug 25, 2026","Uptrend","Aug 10, 2026","19005826.57","101.08","4.99","0.62","Moving Down","","",,="2/9","<1","false","Swing"
"UL","Unilever PLC American Depositary Shares (each representing One Ordinary Share)","Staples","Household & Personal Products","65.32","60.63","Buy","Aug 25, 2026","Uptrend","Aug 20, 2026","4317617.53","42.06","5.17","1.84","Moving Up","","",,="7/9","<1","false","Swing"
"USFD","US Foods Holding Corp. Common Stock","Staples","Food Distribution","109.37","93.27","Sell","Aug 25, 2026","Uptrend","Jul 27, 2026","2260371.6","221.93","3.72","-0.23","Moving Down","","",,="5/9","<1","false","Swing"
"UTZ","Utz Brands Inc Class A Common Stock ","Staples","Packaged Foods","14.21","61.58","Buy","Aug 25, 2026","Uptrend","Jul 21, 2026","5422040","-26.17","6.52","1.21","Moving Up","","",,="7/9","<1","false","Swing"
"VEEV","Veeva Systems Inc. Class A Common Stock","Health Care","Health Information Services","248.46","98.81","Sell","Aug 25, 2026","Uptrend","Jun 29, 2026","1607970.27","-130.28","0.11","0.23","Moving Down","","",,="4/9","<1","false","Swing"
"VIAV","Viavi Solutions Inc. Common Stock","Technology","Communication Equipment","36.95","66.78","Sell","Aug 25, 2026","Downtrend","Aug 21, 2026","5070891.67","168.69","2.28","-5.01","Moving Down","","",,="2/9","<1","false","Swing"
"WMG","Warner Music Group Corp. Class A Common Stock","Communication","Entertainment","27.76","52.5","Buy","Aug 25, 2026","Uptrend","Aug 24, 2026","2174183.73","-33.64","0.03","2.32","Moving Up","","",,="6/9","<1","false","Swing"
"WTTR","Select Water Solutions, Inc. Class A common stock","Energy","Oil & Gas Equipment & Services","19.21","71.55","Sell","Aug 25, 2026","Neutral","Aug 24, 2026","1736066.77","-64.1","0.27","-2.59","Moving Down","","",,="4/9","<1","false","Swing"
"XP","XP Inc. Class A Common Stock","Financials","Capital Markets","17.07","51.11","Buy","Aug 25, 2026","Uptrend","Aug 24, 2026","4190662.5","12.44","7.46","1.55","Moving Up","","",,="4/9","<1","false","Swing"
"YPF","YPF Sociedad Anonima Common Stock","Energy","Oil & Gas Integrated","51.28","43.6","Buy","Aug 25, 2026","Uptrend","Aug 17, 2026","1128183.07","199.91","1.62","0.2","Moving Up","","",,="7/9","<1","false","Swing"
"YUM","Yum! Brands, Inc.","Discretionary","Restaurants","157.35","39.65","Buy","Aug 25, 2026","Uptrend","Aug 24, 2026","2763097.83","-40.51","0.23","2.85","Moving Up","","",,="5/9","<1","false","Swing"
"ZS","Zscaler, Inc. Common Stock","Technology","Software - Infrastructure","176.06","88.33","Sell","Aug 25, 2026","Uptrend","Jul 27, 2026","2183476.77","119.16","7.2","-3.13","Moving Down","","",,="3/9","<1","false","Swing"
"ADEA","Adeia Inc. Common Stock","Technology","Software - Application","26.28","48.69","Sell","Aug 24, 2026","Downtrend","Aug 21, 2026","1118892.27","44.53","0.26","0.11","Moving Down","","",,="2/9","<1","false","Swing"
"AES","The AES Corporation Common Stock","Utilities","Utilities - Diversified","14.75","58.05","Buy","Aug 24, 2026","Uptrend","Aug 21, 2026","6664340.03","73.06","13.66","-0.14","Moving Up","","",,="5/9","<1","false","Swing"
"AJG","Arthur J. Gallagher & Co. Common Stock","Financials","Insurance Brokers","271.99","80.72","Buy","Aug 24, 2026","Uptrend","Jun 23, 2026","1314529.17","194.11","2.32","3.1","Moving Up","","",,="5/9","<1","false","Swing"
"ALC","Alcon Inc. Ordinary Shares","Health Care","Medical Instruments & Supplies","73.7","82.95","Sell","Aug 24, 2026","Uptrend","Jul 28, 2026","2108094.37","-25.4","1.15","0.1","Moving Down","","",,="4/9","<1","false","Swing"
"AOS","A.O. Smith Corporation Common Stock","Industrials","Specialty Industrial Machinery","62.72","53.3","Buy","Aug 24, 2026","Uptrend","Aug 19, 2026","1540175.47","-28.92","0.19","-0.57","Moving Up","","",,="5/9","<1","false","Swing"
"APD","Air Products and Chemicals, Inc. Common Stock","Materials","Specialty Chemicals","306.24","62.12","Sell","Aug 24, 2026","Uptrend","Jul 01, 2026","1004219.87","-22.58","0.22","0.37","Moving Down","","",,="3/9","<1","false","Swing"
"APO","Apollo Global Management, Inc. (New) Common Stock","Financials","Asset Management","132.79","74.97","Sell","Aug 24, 2026","Uptrend","Aug 03, 2026","3822624.97","129.51","1.83","0.08","Moving Down","","",,="3/9","<1","false","Swing"
"ARE","Alexandria Real Estate Equities, Inc. Common Stock","Real Estate","REIT - Office","54.04","62.01","Buy","Aug 24, 2026","Uptrend","Aug 21, 2026","1893237.47","74.62","6.73","1.03","Moving Up","","",,="6/9","<1","false","Swing"
"AVAV","AeroVironment, Inc. Common Stock","Industrials","Aerospace & Defense","148.2","68.8","Sell","Aug 24, 2026","Downtrend","Aug 24, 2026","1262828.03","188.81","4.19","-7.5","Moving Down","","Negative",,="2/9","<1","false","Swing"
"BAH","Booz Allen Hamilton Holding Corporation Common Stock","Industrials","Consulting Services","75.22","83.54","Sell","Aug 24, 2026","Uptrend","Jul 31, 2026","2047067.17","-92.39","0.02","-2.38","Moving Down","","",,="3/9","<1","false","Swing"
"BBIO","BridgeBio Pharma, Inc. Common Stock","Health Care","Biotechnology","81.07","48.32","Sell","Aug 24, 2026","Uptrend","Jun 23, 2026","2149291.6","17.04","0.86","-0.53","Moving Down","","",,="4/9","<1","false","Swing"
"BEAM","Beam Therapeutics Inc. Common Stock","Health Care","Biotechnology","28.33","51.72","Buy","Aug 24, 2026","Neutral","Aug 24, 2026","1854338.57","-114.21","0.46","-4.81","Moving Up","","",,="5/9","<1","false","Swing"
"BEKE","KE Holdings Inc American Depositary Shares (each representing three Class A Ordinary Shares)","Real Estate","Real Estate Services","17.71","60.42","Buy","Aug 24, 2026","Uptrend","Jul 27, 2026","3415822.47","34.61","8.59","-0.23","Moving Up","","Positive",,="7/9","<1","false","Swing"
"BEP","Brookfield Renewable Partners L.P. Limited Partnership Units","Utilities","Utilities - Renewable","32.35","66.38","Sell","Aug 24, 2026","Downtrend","Aug 24, 2026","1007266.23","41.59","2.92","-1.28","Moving Down","","",,="2/9","<1","false","Swing"
"BGC","BGC Group, Inc. Class A Common Stock","Financials","Capital Markets","11.95","49.22","Buy","Aug 24, 2026","Uptrend","Aug 21, 2026","2614477.6","-170.49","0.14","0.84","Moving Up","","",,="4/9","<1","false","Swing"
"BL","BlackLine, Inc. Common Stock","Technology","Software - Application","31.98","58.43","Buy","Aug 24, 2026","Uptrend","Aug 18, 2026","1037842.2","-74.73","3.57","0.47","Moving Up","","",,="4/9","<1","false","Swing"
"BNY","The Bank of New York Mellon Corporation Common Stock","Financials","Banks - Diversified","162.14","81.59","Sell","Aug 24, 2026","Uptrend","Apr 01, 2026","3008200.1","120.64","0.91","2.3","Moving Down","","",,="3/9","<1","false","Swing"
"BRKR","Bruker Corporation Common Stock","Health Care","Medical Devices","56.98","70.94","Buy","Aug 24, 2026","Neutral","Aug 24, 2026","2246192.23","48.74","13.52","-4.33","Moving Up","","",,="5/9","<1","false","Swing"
"CELC","Celcuity Inc. Common Stock","Health Care","Biotechnology","90.79","29.56","Buy","Aug 24, 2026","Neutral","Aug 21, 2026","1358185.87","62.95","0.41","-2.93","Moving Up","","",,="5/9","<1","false","Swing"
"CIEN","Ciena Corporation Common Stock","Technology","Communication Equipment","371.95","60.45","Sell","Aug 24, 2026","Downtrend","Aug 21, 2026","2109366.87","453.07","1.62","-6.02","Moving Down","","",,="2/9","<1","false","Swing"
"CLX","Clorox Company (The) Common Stock","Staples","Household & Personal Products","107.17","79.32","Sell","Aug 24, 2026","Uptrend","Aug 03, 2026","2553925.67","-68.83","1.26","0.45","Moving Down","","",,="4/9","<1","false","Swing"
"CME","CME Group Inc. Class A Common Stock","Financials","Financial Data & Stock Exchanges","279.165","83.05","Buy","Aug 24, 2026","Uptrend","Jul 24, 2026","2167934.27","5.73","0.35","1.52","Moving Up","","",,="5/9","<1","false","Swing"
"CMG","Chipotle Mexican Grill, Inc. Common Stock","Discretionary","Restaurants","38.02","49.73","Buy","Aug 24, 2026","Uptrend","Aug 20, 2026","18789881.33","79.29","1.93","3.04","Moving Up","","",,="4/9","<1","false","Swing"
"CNH","CNH Industrial N.V. Common Shares","Industrials","Farm & Heavy Construction Machinery","11.76","62.06","Buy","Aug 24, 2026","Uptrend","Aug 21, 2026","15082143.2","-57.08","0.02","-0.93","Moving Up","","",,="4/9","<1","false","Swing"
"CWEN","Clearway Energy, Inc. Class C Common Stock","Utilities","Utilities - Renewable","32.28","52.75","Sell","Aug 24, 2026","Downtrend","Aug 21, 2026","1141764.23","102.85","5.75","-0.86","Moving Down","","",,="2/9","<1","false","Swing"
"DASH","DoorDash, Inc. Class A Common Stock","Discretionary","Internet Retail","229.06","86.5","Buy","Aug 24, 2026","Uptrend","Jul 28, 2026","4091116.27","187.28","3.58","2.49","Moving Up","","",,="4/9","<1","false","Swing"
"DLR","Digital Realty Trust, Inc. Common Stock","Real Estate","REIT - Specialty","188.55","73.28","Sell","Aug 24, 2026","Neutral","Aug 24, 2026","2562871.83","-35.35","0.25","-1.09","Moving Down","","",,="4/9","<1","false","Swing"
"DYN","Dyne Therapeutics, Inc. Common Stock","Health Care","Biotechnology","25.99","62.2","Buy","Aug 24, 2026","Uptrend","Jun 15, 2026","2320822.03","217.45","4.71","-0.42","Moving Up","","",,="6/9","<1","false","Swing"
"EPD","Enterprise Products Partners L.P. Common Stock","Energy","Oil & Gas Midstream","38.36","74.34","Sell","Aug 24, 2026","Uptrend","Aug 14, 2026","3246904.87","-15.44","0.32","0.92","Moving Down","","",,="5/9","<1","false","Swing"
"ETN","Eaton Corporation, PLC Ordinary Shares","Industrials","Specialty Industrial Machinery","408.67","63.93","Sell","Aug 24, 2026","Neutral","Aug 20, 2026","2200568.3","128.06","0.85","-2.51","Moving Down","","",,="2/9","<1","false","Swing"
"FIVE","Five Below, Inc. Common Stock","Discretionary","Specialty Retail","262.72","78.33","Buy","Aug 24, 2026","Uptrend","Jul 17, 2026","1017269.6","153.06","4.14","4.99","Moving Up","","",,="5/9","<1","false","Swing"
"GBDC","Golub Capital BDC, Inc. Common Stock","Financials","Asset Management","13.24","79.8","Sell","Aug 24, 2026","Uptrend","Aug 06, 2026","1066393.03","-10.61","4.64","0.3","Moving Down","","",,="3/9","<1","false","Swing"
"GLW","Corning Incorporated Common Stock","Technology","Electronic Components","145.55","42.01","Sell","Aug 24, 2026","Downtrend","Aug 19, 2026","12444723.27","224.82","1.56","-2.86","Moving Up","","",,="3/9","<1","false","Swing"
"GSK","GSK plc American Depositary Shares (Each representing two Ordinary Shares)","Health Care","Drug Manufacturers - General","51.78","40.32","Buy","Aug 24, 2026","Uptrend","Aug 21, 2026","4193768.7","31.7","8.07","-1.2","Moving Up","","",,="6/9","<1","false","Swing"
"HAS","Hasbro, Inc. Common Stock","Discretionary","Leisure","95.41","76.47","Sell","Aug 24, 2026","Uptrend","Jul 21, 2026","2051220","-30.96","0.5","2","Moving Down","","",,="2/9","<1","false","Swing"
"HCA","HCA Healthcare, Inc. Common Stock","Health Care","Medical Care Facilities","429.24","51.49","Buy","Aug 24, 2026","Uptrend","Jul 31, 2026","1535830.53","104.49","1.46","0.01","Moving Up","","",,="5/9","<1","false","Swing"
"HIMS","Hims & Hers Health, Inc. Class A Common Stock","Health Care","Drug Manufacturers - Specialty & Generic","31.08","49.09","Buy","Aug 24, 2026","Uptrend","Aug 21, 2026","14374503.23","983","8.03","-7.99","Moving Up","","",,="6/9","<1","false","Swing"
"HLF","Herbalife Ltd. Common Shares","Staples","Packaged Foods","12.58","47.74","Buy","Aug 24, 2026","Uptrend","Aug 21, 2026","1525308.53","-37.7","7.36","-0.55","Moving Up","","",,="6/9","<1","false","Swing"
"HOOD","Robinhood Markets, Inc. Class A Common Stock","Financials","Capital Markets","103.62","50.12","Buy","Aug 24, 2026","Uptrend","Aug 21, 2026","19709933.17","753.23","2.46","-4.17","Moving Up","","Positive",,="5/9","<1","false","Swing"
"HPQ","HP Inc. Common Stock","Technology","Computer Hardware","28.58","87.51","Sell","Aug 24, 2026","Uptrend","Jul 13, 2026","14124500.03","-91","0.12","-3.8","Moving Down","","",,="3/9","<1","false","Swing"
"ICE","Intercontinental Exchange Inc. Common Stock","Financials","Financial Data & Stock Exchanges","162.99","85.24","Buy","Aug 24, 2026","Uptrend","Jul 22, 2026","3878659.7","98.23","3.45","1.08","Moving Up","","",,="4/9","<1","false","Swing"
"ILMN","Illumina, Inc. Common Stock","Health Care","Diagnostics & Research","223.22","73.34","Buy","Aug 24, 2026","Uptrend","May 01, 2026","1904485.47","-1.53","66.44","1.74","Moving Up","","",,="6/9","<1","false","Swing"
"IMAX","Imax Corporation Common Stock","Communication","Entertainment","54.79","94.02","Sell","Aug 24, 2026","Uptrend","Jul 23, 2026","1552543.83","215.48","3.83","3.89","Moving Down","","Positive",,="4/9","<1","false","Swing"
"IOT","Samsara Inc. Class A Common Stock","Technology","Software - Infrastructure","40.33","83.12","Buy","Aug 24, 2026","Uptrend","Jul 27, 2026","5156451.67","20.83","21.51","0.98","Moving Up","","",,="5/9","<1","false","Swing"
"IRM","Iron Mountain Incorporated (Delaware)Common Stock REIT","Real Estate","REIT - Specialty","121.19","47.99","Sell","Aug 24, 2026","Downtrend","Aug 21, 2026","1771919.3","158.6","1.11","-0.68","Moving Down","","",,="4/9","<1","false","Swing"
"JHX","James Hardie Industries plc. Ordinary Shares","Materials","Building Materials","30.2","79.55","Sell","Aug 24, 2026","Uptrend","May 27, 2026","7063149.87","-92.52","0.14","-0.76","Moving Down","","",,="4/9","<1","false","Swing"
"KMI","Kinder Morgan, Inc. Common Stock","Energy","Oil & Gas Midstream","31","45.32","Sell","Aug 24, 2026","Downtrend","Aug 21, 2026","10040098.33","59.82","1.62","0.06","Moving Down","","",,="4/9","<1","false","Swing"
"KMX","CarMax Inc","Discretionary","Auto & Truck Dealerships","62.8","79.17","Buy","Aug 24, 2026","Uptrend","May 27, 2026","2324536.33","11.73","4.27","1.08","Moving Up","","",,="5/9","<1","false","Swing"
"LBTYA","Liberty Global Ltd. Class A Common Shares","Communication","Telecom Services","10.72","49.64","Buy","Aug 24, 2026","Neutral","Aug 21, 2026","2432269.9","-53.1","3.23","0.66","Moving Up","","",,="4/9","<1","false","Swing"
"LBTYK","Liberty Global Ltd. Class C Common Shares","Communication","Telecom Services","10.49","52.3","Buy","Aug 24, 2026","Neutral","Aug 21, 2026","1396467.27","-63.32","2.85","0.77","Moving Up","","",,="5/9","<1","false","Swing"
"LYV","Live Nation Entertainment, Inc. Common Stock","Communication","Entertainment","184.59","67.89","Sell","Aug 24, 2026","Uptrend","Aug 03, 2026","1892676.9","7.67","0.12","1.52","Moving Down","","",,="4/9","<1","false","Swing"
"MDB","MongoDB, Inc. Class A Common Stock","Technology","Software - Infrastructure","402.69","72.55","Sell","Aug 24, 2026","Uptrend","Aug 03, 2026","1434336.37","-39.85","0.28","-6.53","Moving Down","","",,="3/9","<1","false","Swing"
"MUR","Murphy Oil Corporation Common Stock","Energy","Oil & Gas E&P","36","49.06","Buy","Aug 24, 2026","Neutral","Aug 24, 2026","1721448.07","2.41","0.14","-3.77","Moving Up","","",,="6/9","<1","false","Swing"
"NEOG","Neogen Corporation Common Stock","Health Care","Medical Devices","11.6","78.45","Sell","Aug 24, 2026","Uptrend","Jul 30, 2026","2066553.17","-21.63","9.45","-2.93","Moving Down","","",,="4/9","<1","false","Swing"
"NOMD","Nomad Foods Limited Ordinary Shares","Staples","Packaged Foods","12.1","67.62","Buy","Aug 24, 2026","Uptrend","Aug 21, 2026","1794345.27","-11","17.37","2.46","Moving Up","","",,="7/9","<1","false","Swing"
"NSC","Norfolk Southern Corporation Common Stock","Industrials","Railroads","352.98","71.93","Buy","Aug 24, 2026","Uptrend","Jun 29, 2026","1139162.07","127.29","3.76","0.64","Moving Up","","",,="5/9","<1","false","Swing"
"NVDA","NVIDIA Corporation Common Stock","Technology","Semiconductors","208.48","55.5","Sell","Aug 24, 2026","Neutral","Aug 24, 2026","116718447.6","50.82","0.04","-2.91","Moving Down","","Positive","true",="2/9","<1","false","Swing"
"PANW","Palo Alto Networks, Inc. Common Stock","Technology","Software - Infrastructure","350.9","80.21","Sell","Aug 24, 2026","Uptrend","Apr 16, 2026","5731591.17","-22.68","0.37","-1.95","Moving Down","","",,="3/9","<1","false","Swing"
"PCOR","Procore Technologies, Inc. Common Stock","Technology","Software - Application","62.09","83.41","Buy","Aug 24, 2026","Uptrend","Jul 27, 2026","3612252.83","-65.61","0.31","-2.21","Moving Up","","",,="5/9","<1","false","Swing"
"PGR","Progressive Corporation (The) Common Stock","Financials","Insurance - Property & Casualty","223.92","39.1","Buy","Aug 24, 2026","Uptrend","Aug 21, 2026","2846105.73","163.03","2.02","2.12","Moving Up","","",,="5/9","<1","false","Swing"
"PGY","Pagaya Technologies Ltd. Class A Ordinary Shares","Technology","Software - Infrastructure","21.82","62.37","Buy","Aug 24, 2026","Uptrend","Jul 30, 2026","2838233.5","134.74","6.48","0.65","Moving Up","","",,="5/9","<1","false","Swing"
"RELY","Remitly Global, Inc. Common Stock","Technology","Software - Infrastructure","26.59","76.46","Buy","Aug 24, 2026","Uptrend","Jun 24, 2026","3088124.9","14.86","1.66","-0.3","Moving Up","","",,="4/9","<1","false","Swing"
"RTX","RTX Corporation Common Stock","Industrials","Aerospace & Defense","209.22","82.26","Sell","Aug 24, 2026","Uptrend","Jun 23, 2026","4848604.43","115.5","1.38","-0.33","Moving Down","","",,="3/9","<1","false","Swing"
"RYAN","Ryan Specialty Holdings, Inc. Class A Common Stock","Financials","Insurance - Specialty","44.34","81.5","Buy","Aug 24, 2026","Uptrend","Aug 20, 2026","1899450.93","-25.21","0.87","2.45","Moving Up","","",,="5/9","<1","false","Swing"
"SBLK","Star Bulk Carriers Corp. Common Shares","Industrials","Marine Shipping","30.7","70.56","Buy","Aug 24, 2026","Uptrend","Jul 21, 2026","1396481.87","234.15","2.1","0.66","Moving Up","","",,="5/9","<1","false","Swing"
"SCHW","Charles Schwab Corporation (The) Common Stock","Financials","Capital Markets","113.65","80.54","Sell","Aug 24, 2026","Uptrend","Jun 30, 2026","7463649.57","128.98","2.43","1.2","Moving Up","","",,="4/9","<1","false","Swing"
"SHOP","Shopify Inc. Class A Subordinate Voting Shares","Technology","Software - Application","149.8","89.11","Sell","Aug 24, 2026","Uptrend","Aug 04, 2026","9683734.43","-48.74","0.15","0.37","Moving Down","","",,="3/9","<1","false","Swing"
"SLS","SELLAS Life Sciences Group, Inc. Common Stock","Health Care","Biotechnology","14.325","53.93","Buy","Aug 24, 2026","Uptrend","Aug 13, 2026","6726794.23","504.21","5.23","-7.34","Moving Down","","",,="5/9","<1","false","Swing"
"SMTC","Semtech Corporation Common Stock","Technology","Semiconductors","120.91","62.08","Sell","Aug 24, 2026","Downtrend","Aug 21, 2026","2313727.67","175.16","4.31","-2.56","Moving Up","","",,="3/9","<1","false","Swing"
"SNPS","Synopsys, Inc. Common Stock","Technology","Software - Infrastructure","394.51","54.01","Sell","Aug 24, 2026","Downtrend","Aug 20, 2026","1750044.03","177.05","2.79","-0.84","Moving Up","","",,="3/9","<1","false","Swing"
"SPGI","S&P Global Inc. Common Stock","Financials","Financial Data & Stock Exchanges","435.42","45.9","Buy","Aug 24, 2026","Uptrend","Aug 20, 2026","1942646.53","136.76","5.95","0.96","Moving Up","","",,="5/9","<1","false","Swing"
"SUI","Sun Communities, Inc. Common Stock","Real Estate","REIT - Residential","123.43","55.64","Buy","Aug 24, 2026","Uptrend","Aug 24, 2026","2235509.87","-35.17","1.09","1.45","Moving Up","","",,="6/9","<1","false","Swing"
"SYF","Synchrony Financial Common Stock","Financials","Credit Services","80.02","70.62","Sell","Aug 24, 2026","Uptrend","Jul 28, 2026","3423931.5","174.66","4.02","0.69","Moving Down","","",,="2/9","<1","false","Swing"
"TGT","Target Corporation Common Stock","Staples","Discount Stores","169.89","85.08","Buy","Aug 24, 2026","Uptrend","Jul 08, 2026","4110103.4","53.1","4.37","2.69","Moving Up","","",,="7/9","<1","false","Swing"
"TNDM","Tandem Diabetes Care, Inc. Common Stock","Health Care","Medical Devices","22.22","86.31","Sell","Aug 24, 2026","Uptrend","Jul 17, 2026","2058044.87","-53.73","3.75","-0.45","Moving Down","","",,="4/9","<1","false","Swing"
"TOST","Toast, Inc. Class A Common Stock","Technology","Software - Infrastructure","36.71","89.55","Buy","Aug 24, 2026","Uptrend","Jun 25, 2026","9547073.5","156.27","3.93","0.19","Moving Up","","",,="4/9","<1","false","Swing"
"TSLA","Tesla, Inc. Common Stock","Discretionary","Auto Manufacturers","348.95","40.7","Buy","Aug 24, 2026","Neutral","Aug 24, 2026","37242939.6","1352.54","7.65","-3.83","Moving Up","","",,="4/9","<1","false","Swing"
"TTEK","Tetra Tech, Inc. Common Stock","Industrials","Engineering & Construction","36.86","85.98","Sell","Aug 24, 2026","Uptrend","Jul 01, 2026","2973557.83","37.34","0.91","-0.38","Moving Down","","",,="3/9","<1","false","Swing"
"VREX","Varex Imaging Corporation Common Stock","Health Care","Medical Devices","18.52","95.58","Sell","Aug 24, 2026","Uptrend","Jul 23, 2026","1086260.87","7.71","5.19","0.05","Moving Down","","",,="4/9","<1","false","Swing"
"WMB","Williams Companies, Inc. (The) Common Stock","Energy","Oil & Gas Midstream","70.97","42.85","Sell","Aug 24, 2026","Downtrend","Aug 21, 2026","6322295.27","4.27","0.04","0.68","Moving Down","","Positive",,="4/9","<1","false","Swing"
"WYNN","Wynn Resorts, Limited Common stock","Discretionary","Resorts & Casinos","99.41","66.3","Sell","Aug 24, 2026","Neutral","Aug 19, 2026","1485876.8","-1.05","96.95","-0.87","Moving Down","","",,="2/9","<1","false","Swing"
"ZTS","Zoetis Inc. Class A Common Stock","Health Care","Drug Manufacturers - Specialty & Generic","77.17","58.67","Buy","Aug 24, 2026","Neutral","Aug 24, 2026","6375156.03","-59.16","2.01","-0.72","Moving Up","","",,="4/9","<1","false","Swing"
"ADI","Analog Devices, Inc. Common Stock","Technology","Semiconductors","371.17","57.62","Sell","Aug 21, 2026","Downtrend","Aug 19, 2026","3850249.23","154.31","2.03","-0.51","Moving Up","","",,="3/9","<1","false","Swing"
"AMH","American Homes 4 Rent Common Shares of Beneficial Interest","Real Estate","REIT - Residential","34.81","73.74","Buy","Aug 21, 2026","Uptrend","Jun 23, 2026","2072239.5","-74.27","0.1","1.34","Moving Up","","",,="6/9","<1","false","Swing"
"ANET","Arista Networks, Inc. Common Stock","Technology","Computer Hardware","188.15","66.43","Sell","Aug 21, 2026","Uptrend","Jul 31, 2026","7414512.13","-448.01","0.28","-0.27","Moving Down","","",,="3/9","<1","false","Swing"
"ARES","Ares Management Corporation Class A Common Stock","Financials","Asset Management","140.01","82.2","Sell","Aug 21, 2026","Uptrend","Jul 24, 2026","2190992.8","82.14","0.7","-0.88","Moving Down","","",,="3/9","<1","false","Swing"
"AVT","Avnet, Inc. Common Stock","Technology","Electronics & Computer Distribution","86.26","75.63","Sell","Aug 21, 2026","Downtrend","Aug 24, 2026","1174223.23","67.04","1.68","-2.69","Moving Down","","",,="2/9","<1","false","Swing"
"BF/B","Brown Forman Inc Class B Common Stock","Staples","Beverages - Wineries & Distilleries","28.75","80.47","Buy","Aug 21, 2026","Uptrend","Aug 19, 2026","2191668.63","-21.5","6.22","1.09","Moving Up","","",,="6/9","<1","false","Swing"
"BKNG","Booking Holdings Inc. Common Stock","Discretionary","Travel Services","213.36","85.01","Sell","Aug 21, 2026","Uptrend","Jul 24, 2026","5618890.4","40.26","0.69","1.78","Moving Down","","",,="2/9","<1","false","Swing"
"BLMN","Bloomin' Brands, Inc. Common Stock","Discretionary","Restaurants","11.44","91.61","Sell","Aug 21, 2026","Uptrend","Jul 27, 2026","2000220.27","-64.19","2.54","-1.63","Moving Down","","",,="3/9","<1","false","Swing"
"BSX","Boston Scientific Corporation Common Stock","Health Care","Medical Devices","49.01","66.34","Sell","Aug 21, 2026","Uptrend","Aug 06, 2026","19580725.47","-54.5","0.04","-2.7","Moving Down","","",,="4/9","<1","false","Swing"
"BX","Blackstone Inc. Common Stock","Financials","Asset Management","143.64","81.42","Sell","Aug 21, 2026","Uptrend","Jul 09, 2026","4609448.17","134.64","2.22","0.18","Moving Down","","",,="3/9","<1","false","Swing"
"C","Citigroup, Inc. Common Stock","Financials","Banks - Diversified","131.72","54","Sell","Aug 21, 2026","Downtrend","Aug 20, 2026","10461785.97","97.93","4.02","0.05","Moving Down","","Positive",,="2/9","<1","false","Swing"
"CE","Celanese Corporation Common Stock","Materials","Chemicals","45.26","51.59","Buy","Aug 21, 2026","Neutral","Aug 20, 2026","1836288.03","-21.5","9.77","-3.29","Moving Up","","",,="5/9","<1","false","Swing"
"CFG","Citizens Financial Group, Inc. Common Stock","Financials","Banks - Regional","70.23","59.48","Sell","Aug 21, 2026","Downtrend","Aug 21, 2026","3545092.27","112.36","4.08","0.53","Moving Down","","",,="2/9","<1","false","Swing"
"CHWY","Chewy, Inc. Class A Common Stock","Discretionary","Internet Retail","24.5","63.8","Buy","Aug 21, 2026","Uptrend","Jul 27, 2026","6915979.83","-42.64","7.37","2","Moving Up","","",,="5/9","<1","false","Swing"
"CNC","Centene Corporation Common Stock","Health Care","Healthcare Plans","65.65","74.76","Sell","Aug 21, 2026","Uptrend","Aug 10, 2026","4597489.2","5.44","2.73","0.97","Moving Down","","Positive",,="3/9","<1","false","Swing"
"COF","Capital One Financial Corporation Common Stock","Financials","Credit Services","216.27","75.35","Sell","Aug 21, 2026","Uptrend","Jul 09, 2026","3703434.83","69.45","1.65","-0.75","Moving Down","","",,="3/9","<1","false","Swing"
"COHR","Coherent Corp. Common Stock","Technology","Scientific & Technical Instruments","275.49","45.27","Sell","Aug 21, 2026","Downtrend","Aug 20, 2026","6498185.47","-226.24","0.27","-4.85","Moving Down","","",,="2/9","<1","false","Swing"
"COIN","Coinbase Global, Inc. Class A Common Stock","Financials","Financial Data & Stock Exchanges","179.48","68.89","Buy","Aug 21, 2026","Uptrend","Aug 20, 2026","8793268.77","16.92","194.7","-3.76","Moving Up","","",,="5/9","<1","false","Swing"
"COLB","Columbia Banking System, Inc. Common Stock","Financials","Banks - Regional","30.64","52.65","Sell","Aug 21, 2026","Downtrend","Aug 20, 2026","2997787.67","37.03","8.21","-0.55","Moving Down","","",,="2/9","<1","false","Swing"
"COLD","Americold Realty Trust, Inc. Common Stock","Real Estate","REIT - Industrial","15.11","74.24","Buy","Aug 21, 2026","Uptrend","Aug 20, 2026","3749281.6","-24.05","8.22","-0.92","Moving Up","","",,="7/9","<1","false","Swing"
"DB","Deutsche Bank AG Common Stock","Financials","Banks - Regional","38.42","55.87","Sell","Aug 21, 2026","Uptrend","Jul 24, 2026","1806558.57","187.03","1.25","1.59","Moving Down","","",,="3/9","<1","false","Swing"
"DD","DuPont de Nemours, Inc. Common Stock","Materials","Specialty Chemicals","136.67","53.36","Sell","Aug 21, 2026","Downtrend","Aug 21, 2026","1475273.43","89.6","2.49","-1.2","Moving Down","","",,="3/9","<1","false","Swing"
"DELL","Dell Technologies Inc. Class C Common Stock ","Technology","Computer Hardware","433.19","60.23","Sell","Aug 21, 2026","Uptrend","Aug 04, 2026","5920061.8","119.87","0.48","-2.01","Moving Down","","Positive",,="3/9","<1","false","Swing"
"DNLI","Denali Therapeutics Inc. Common Stock","Health Care","Biotechnology","24.2","63.98","Buy","Aug 21, 2026","Uptrend","Aug 06, 2026","1538184.3","-80.72","0.09","-2.89","Moving Down","","",,="5/9","<1","false","Swing"
"DNOW","DNOW Inc. Common Stock","Industrials","Industrial Distribution","15.47","86.98","Sell","Aug 21, 2026","Uptrend","Jul 30, 2026","2569328.4","-99.52","0.1","-1.34","Moving Down","","",,="3/9","<1","false","Swing"
"EQH","Equitable Holdings, Inc. Common Stock","Financials","Asset Management","49.03","74.31","Sell","Aug 21, 2026","Uptrend","Jun 11, 2026","2760550.37","-51.7","0.17","0.27","Moving Down","","",,="3/9","<1","false","Swing"
"EXE","Expand Energy Corporation Common Stock","Energy","Oil & Gas E&P","96.33","66.68","Buy","Aug 21, 2026","Uptrend","Aug 06, 2026","3282041.9","-18.92","0.19","0.25","Moving Up","","",,="7/9","<1","false","Swing"
"FCEL","FuelCell Energy, Inc. Common Stock","Industrials","Electrical Equipment & Parts","18.75","59.13","Sell","Aug 21, 2026","Downtrend","Aug 19, 2026","9347853.83","-44.73","5.52","-4.04","Moving Down","","",,="2/9","<1","false","Swing"
"FIBK","First Interstate BancSystem, Inc. Common Stock (DE)","Financials","Banks - Regional","37.24","56.59","Sell","Aug 21, 2026","Downtrend","Aug 20, 2026","1191208.23","-29.22","0.29","-0.67","Moving Down","","",,="2/9","<1","false","Swing"
"GIL","Gildan Activewear, Inc. Class A Sub. Vot. Common Stock","Discretionary","Apparel Manufacturing","54.95","78.26","Sell","Aug 21, 2026","Neutral","Aug 24, 2026","1351280.27","91.01","3.1","-2.17","Moving Down","","",,="2/9","<1","false","Swing"
"GPC","Genuine Parts Company Common Stock","Discretionary","Auto Parts","135.69","92.38","Sell","Aug 21, 2026","Uptrend","Jun 12, 2026","1415147.53","-18.08","0.27","1.29","Moving Down","","",,="3/9","<1","false","Swing"
"HBAN","Huntington Bancshares Incorporated Common Stock","Financials","Banks - Regional","17.04","49.97","Sell","Aug 21, 2026","Downtrend","Aug 20, 2026","25188139.53","49.62","6.37","0.06","Moving Down","","",,="2/9","<1","false","Swing"
"HPE","Hewlett Packard Enterprise Company Common Stock","Technology","Communication Equipment","52.43","78.04","Sell","Aug 21, 2026","Uptrend","Jul 09, 2026","15879743.83","398.22","2.62","-1.91","Moving Down","","Positive",,="3/9","<1","false","Swing"
"HSIC","Henry Schein, Inc. Common Stock","Health Care","Medical Distribution","89.51","72.79","Sell","Aug 21, 2026","Uptrend","May 27, 2026","1260220.4","-37.79","0.15","1.14","Moving Down","","",,="3/9","<1","false","Swing"
"HTGC","Hercules Capital, Inc. Common Stock","Financials","Asset Management","17.5","85.22","Buy","Aug 21, 2026","Uptrend","Jul 27, 2026","1606662.6","246.39","6.7","2.16","Moving Up","","",,="5/9","<1","false","Swing"
"INCY","Incyte Corp. Common Stock","Health Care","Biotechnology","127.98","67.85","Buy","Aug 21, 2026","Uptrend","Jun 22, 2026","1703790.07","51.22","3.23","0.13","Moving Up","","",,="6/9","<1","false","Swing"
"INVH","Invitation Homes Inc. Common Stock","Real Estate","REIT - Residential","30.46","73.58","Buy","Aug 21, 2026","Uptrend","Aug 19, 2026","3811219.33","-49.28","1.75","1.16","Moving Up","","",,="6/9","<1","false","Swing"
"IONS","Ionis Pharmaceuticals, Inc. Common Stock","Health Care","Biotechnology","62.04","24.69","Buy","Aug 21, 2026","Neutral","Aug 20, 2026","2885590","-48.13","0.01","3.85","Moving Up","","",,="5/9","<1","false","Swing"
"IVZ","Invesco Ltd Common Stock","Financials","Asset Management","32.45","79.79","Sell","Aug 21, 2026","Uptrend","Jul 30, 2026","4791632.4","115.78","3.62","1.34","Moving Down","","",,="3/9","<1","false","Swing"
"JBL","Jabil Inc. Common Stock","Technology","Electronic Components","304.89","74.02","Sell","Aug 21, 2026","Downtrend","Aug 21, 2026","1044492.73","234.5","0.95","-2.66","Moving Down","","",,="2/9","<1","false","Swing"
"JCI","Johnson Controls International plc Ordinary Share","Industrials","Building Products & Equipment","142.99","66.97","Sell","Aug 21, 2026","Downtrend","Aug 21, 2026","3373465.5","222.15","2.28","-0.04","Moving Down","","",,="2/9","<1","false","Swing"
"KDP","Keurig Dr Pepper Inc. Common Stock","Staples","Beverages - Non-Alcoholic","32.51","70.08","Buy","Aug 21, 2026","Uptrend","Aug 20, 2026","11919890.97","-101.4","0.08","1.47","Moving Up","","",,="7/9","<1","false","Swing"
"KEYS","Keysight Technologies Inc. Common Stock","Technology","Scientific & Technical Instruments","310.66","58.64","Sell","Aug 21, 2026","Downtrend","Aug 21, 2026","1318835.73","31.45","0.4","-1.73","Moving Down","","",,="2/9","<1","false","Swing"
"KKR","KKR & Co. Inc. Common Stock","Financials","Asset Management","107.32","71.31","Sell","Aug 21, 2026","Uptrend","Jul 24, 2026","4609979.1","218.86","2.12","-1.07","Moving Down","","",,="3/9","<1","false","Swing"
"LAZ","Lazard, Inc. Common Stock","Financials","Capital Markets","44.07","70.29","Sell","Aug 21, 2026","Uptrend","Aug 21, 2026","1660213.1","-98.54","0.04","-0.18","Moving Down","","",,="3/9","<1","false","Swing"
"LMT","Lockheed Martin Corporation Common Stock","Industrials","Aerospace & Defense","564.14","71.5","Sell","Aug 21, 2026","Uptrend","Jul 23, 2026","1156942.9","-9.46","0.26","0.1","Moving Down","","Positive",,="3/9","<1","false","Swing"
"LUNR","Intuitive Machines, Inc. Class A Common Stock","Industrials","Aerospace & Defense","16.66","46.63","Sell","Aug 21, 2026","Neutral","Aug 20, 2026","10379132.83","-128.85","0.21","-9.06","Moving Down","","",,="2/9","<1","false","Swing"
"MFG","Mizuho Financial Group, Inc. Sponosred ADR (Japan)","Financials","Banks - Regional","10.23","66.17","Sell","Aug 21, 2026","Neutral","Aug 24, 2026","3473950.17","76.05","0.85","-0.49","Moving Down","","",,="2/9","<1","false","Swing"
"MNDY","monday.com Ltd. Ordinary Shares","Technology","Software - Application","94.25","83.47","Buy","Aug 21, 2026","Uptrend","Jul 28, 2026","1619053.83","24.84","6.15","3.88","Moving Up","","",,="4/9","<1","false","Swing"
"MP","MP Materials Corp. Common Stock","Materials","Other Industrial Metals & Mining","57.42","44.34","Sell","Aug 21, 2026","Uptrend","Aug 10, 2026","6751899.83","62.93","2.29","-4.38","Moving Down","","",,="4/9","<1","false","Swing"
"MS","Morgan Stanley Common Stock","Financials","Capital Markets","214.08","54.8","Sell","Aug 21, 2026","Neutral","Aug 21, 2026","5348052.63","169.68","1.36","-0.06","Moving Down","","",,="1/9","<1","false","Swing"
"MSFT","Microsoft Corporation Common Stock","Technology","Software - Infrastructure","487.31","92.19","Sell","Aug 21, 2026","Uptrend","Jul 30, 2026","33291723.9","117.01","1.49","0.84","Moving Down","","Positive","true",="3/9","<1","false","Swing"
"MSTR","Strategy Inc Common Stock Class A","Technology","Software - Application","122.63","44.64","Buy","Aug 21, 2026","Uptrend","Aug 20, 2026","19515949.5","2384.38","9.52","2.83","Moving Up","","Positive","true",="5/9","<1","false","Swing"
"MTCH","Match Group, Inc. Common Stock","Communication","Internet Content & Information","41.73","71.01","Buy","Aug 21, 2026","Uptrend","Aug 20, 2026","3022223.53","-50.09","6.64","2.1","Moving Up","","",,="6/9","<1","false","Swing"
"MTSI","MACOM Technology Solutions Holdings, Inc. Common Stock","Technology","Semiconductors","257.43","64.99","Sell","Aug 21, 2026","Downtrend","Aug 20, 2026","1446236.4","235.75","0.69","-3.44","Moving Down","","",,="2/9","<1","false","Swing"
"MXL","MaxLinear, Inc. Common Stock","Technology","Semiconductors","62.78","54.64","Sell","Aug 21, 2026","Downtrend","Aug 18, 2026","3425019.1","294.38","5.77","-5.75","Moving Down","","",,="2/9","<1","false","Swing"
"NVS","Novartis AG Common Stock","Health Care","Drug Manufacturers - General","158.02","52.21","Buy","Aug 21, 2026","Uptrend","Aug 19, 2026","1638077.67","0.07","0","-0.53","Moving Up","","",,="6/9","<1","false","Swing"
"NXE","Nexgen Energy Ltd. Common Shares","Energy","Uranium","10.93","57.24","Sell","Aug 21, 2026","Uptrend","Aug 05, 2026","5201581.17","37.15","0.14","0.64","Moving Down","","",,="5/9","<1","false","Swing"
"PAGP","Plains GP Holdings, L.P. Class A Units representing Limited Partner Interests","Energy","Oil & Gas Midstream","27.27","63.51","Buy","Aug 21, 2026","Uptrend","Aug 17, 2026","1517360.7","55.88","0.87","1.6","Moving Up","","",,="7/9","<1","false","Swing"
"PD","PagerDuty, Inc. Common Stock","Technology","Software - Application","12.4","84.67","Sell","Aug 21, 2026","Uptrend","Jul 28, 2026","1338519.47","-160.94","1.5","0.65","Moving Down","","",,="3/9","<1","false","Swing"
"PENG","Penguin Solutions, Inc. Common Stock","Technology","Information Technology Services","50.68","63.53","Sell","Aug 21, 2026","Downtrend","Aug 19, 2026","2716737.83","-266.11","0.11","-3.69","Moving Down","","",,="2/9","<1","false","Swing"
"PK","Park Hotels & Resorts Inc. Common Stock ","Real Estate","REIT - Hotel & Motel","15.86","77.31","Buy","Aug 21, 2026","Uptrend","Aug 12, 2026","4024720.97","-115.7","0.48","0.51","Moving Up","","",,="6/9","<1","false","Swing"
"RITM","Rithm Capital Corp. Common Stock","Real Estate","REIT - Mortgage","10.25","79.95","Sell","Aug 21, 2026","Uptrend","Jul 28, 2026","5696052","-14.6","6.8","0.59","Moving Down","","",,="5/9","<1","false","Swing"
"ROKU","Roku, Inc. Class A Common Stock","Communication","Entertainment","158.18","57.53","Sell","Aug 21, 2026","Uptrend","Jun 12, 2026","2351945.57","-22.22","8.65","0.44","Moving Down","","",,="3/9","<1","false","Swing"
"SCCO","Southern Copper Corporation Common Stock","Materials","Copper","214.25","65.34","Buy","Aug 21, 2026","Uptrend","Jul 30, 2026","1173477.3","-106.61","0.3","-0.81","Moving Up","","",,="5/9","<1","false","Swing"
"SHAK","Shake Shack, Inc. Class A Common Stock","Discretionary","Restaurants","75.44","79.96","Sell","Aug 21, 2026","Uptrend","Jul 30, 2026","1787755.5","-18.35","1.62","-0.5","Moving Down","","",,="3/9","<1","false","Swing"
"SHW","Sherwin-Williams Company (The) Common Stock","Materials","Specialty Chemicals","346.73","85.52","Sell","Aug 21, 2026","Uptrend","Jul 28, 2026","1892488.9","94.23","2.73","0.04","Moving Down","","",,="4/9","<1","false","Swing"
"TCOM","Trip.com Group Limited American Depositary Shares","Discretionary","Travel Services","46.02","53.78","Buy","Aug 21, 2026","Uptrend","Aug 19, 2026","2753472.93","-86.8","0.07","-0.2","Moving Up","","",,="5/9","<1","false","Swing"
"TD","Toronto Dominion Bank (The) Common Stock","Financials","Banks - Diversified","116.55","69.88","Sell","Aug 21, 2026","Downtrend","Aug 20, 2026","1968994.57","112.82","2.56","-0.51","Moving Down","","",,="2/9","<1","false","Swing"
"TEAM","Atlassian Corporation Class A Common Stock","Technology","Software - Application","171.33","94.98","Sell","Aug 21, 2026","Uptrend","Jul 27, 2026","4879928.6","38.76","5.07","-0.28","Moving Down","","",,="2/9","<1","false","Swing"
"TRMB","Trimble Inc. Common Stock","Technology","Scientific & Technical Instruments","60.67","74.78","Buy","Aug 21, 2026","Uptrend","Aug 18, 2026","2686734.97","-23.17","0.24","0.7","Moving Up","","",,="5/9","<1","false","Swing"
"TRU","TransUnion Common Stock","Financials","Financial Data & Stock Exchanges","84.87","75.35","Buy","Aug 21, 2026","Uptrend","Jun 30, 2026","2046905.8","-131.65","0.03","0.31","Moving Up","","",,="4/9","<1","false","Swing"
"TSEM","Tower Semiconductor Ltd. Ordinary Shares","Technology","Semiconductors","211.1","67.19","Sell","Aug 21, 2026","Downtrend","Aug 21, 2026","1998350.4","205.02","0.77","-5.16","Moving Down","","",,="2/9","<1","false","Swing"
"UNM","Unum Group Common Stock","Financials","Insurance - Life","89.49","66.13","Sell","Aug 21, 2026","Neutral","Aug 24, 2026","1393809.07","72.63","0.76","1.96","Moving Down","","",,="2/9","<1","false","Swing"
"UNP","Union Pacific Corporation Common Stock","Industrials","Railroads","309.86","86.1","Buy","Aug 21, 2026","Uptrend","Jun 29, 2026","2964407.03","-8.23","0.36","0.59","Moving Up","","",,="5/9","<1","false","Swing"
"VLY","Valley National Bancorp Common Stock","Financials","Banks - Regional","14.1","56.01","Sell","Aug 21, 2026","Downtrend","Aug 20, 2026","6714487.7","37.23","3.11","-0.42","Moving Down","","",,="2/9","<1","false","Swing"
"VNOM","Viper Energy, Inc. Class A Common Stock","Energy","Oil & Gas Midstream","44.71","39.42","Buy","Aug 21, 2026","Uptrend","Aug 20, 2026","1603186.77","-213.75","0.18","-1.24","Moving Up","","",,="7/9","<1","false","Swing"
"WDAY","Workday, Inc. Class A Common Stock","Technology","Software - Application","199.15","97.05","Sell","Aug 21, 2026","Uptrend","Jul 24, 2026","4803704.4","8.02","1.04","-0.43","Moving Down","","",,="3/9","<1","false","Swing"
"WMT","Walmart Inc. Common Stock","Staples","Discount Stores","106.49","35.42","Sell","Aug 21, 2026","Downtrend","Aug 20, 2026","24756391.9","48.08","0.61","2.69","Moving Down","","","true",="4/9","<1","false","Swing"
"ZVRA","Zevra Therapeutics, Inc. Common Stock","Health Care","Biotechnology","11.65","61.1","Buy","Aug 21, 2026","Uptrend","Aug 19, 2026","1263360.2","63.06","2.59","-1.85","Moving Up","","",,="6/9","<1","false","Swing"
"AA","Alcoa Corporation Common Stock ","Materials","Aluminum","49.39","50.8","Sell","Aug 20, 2026","Neutral","Aug 12, 2026","5429204.2","-102.67","0.06","-4.74","Moving Down","","",,="3/9","<1","false","Swing"
"ACN","Accenture plc Class A Ordinary Shares (Ireland)","Technology","Information Technology Services","186.53","91.3","Sell","Aug 20, 2026","Uptrend","Jul 27, 2026","6643285.77","79.01","26.86","0.67","Moving Down","","",,="2/9","<1","false","Swing"
"AKAM","Akamai Technologies, Inc. Common Stock","Technology","Software - Infrastructure","105.66","41.52","Sell","Aug 20, 2026","Downtrend","Aug 19, 2026","3409397.57","-18.37","0.2","-4.31","Moving Down","","",,="2/9","<1","false","Swing"
"AME","AMETEK, Inc.","Industrials","Specialty Industrial Machinery","242.33","75.73","Sell","Aug 20, 2026","Neutral","Aug 20, 2026","1217240.5","116.85","2.21","1.16","Moving Down","","",,="2/9","<1","false","Swing"
"AMZN","Amazon.com, Inc. Common Stock","Discretionary","Internet Retail","262.07","76.08","Sell","Aug 20, 2026","Uptrend","Jul 31, 2026","43130565.83","24.5","0.37","1.33","Moving Down","","Positive","true",="3/9","<1","false","Swing"
"APG","APi Group Corporation Common Stock","Industrials","Engineering & Construction","40.72","30.03","Sell","Aug 20, 2026","Neutral","Aug 21, 2026","2699421.37","190.86","1.92","-1.07","Moving Down","","",,="2/9","<1","false","Swing"
"APH","Amphenol Corporation Common Stock","Technology","Electronic Components","155.55","56.76","Sell","Aug 20, 2026","Downtrend","Aug 20, 2026","6431818.53","-25.84","0.36","-0.93","Moving Down","","",,="2/9","<1","false","Swing"
"ASB","Associated Banc-Corp Common Stock","Financials","Banks - Regional","30.9","66.06","Sell","Aug 20, 2026","Uptrend","Jun 09, 2026","1698137.07","14.33","0.77","0.19","Moving Down","","",,="3/9","<1","false","Swing"
"ASX","ASE Technology Holding Co., Ltd. American Depositary Shares (each representing Two Common Shares) ","Technology","Semiconductors","36.24","63.77","Sell","Aug 20, 2026","Downtrend","Aug 19, 2026","8353387.87","293.1","1.32","-0.74","Moving Down","","",,="2/9","<1","false","Swing"
"AUPH","Aurinia Pharmaceuticals Inc Ordinary Shares","Health Care","Biotechnology","16.57","60.56","Buy","Aug 20, 2026","Uptrend","Aug 19, 2026","1140443.97","-130.08","0.04","-0.48","Moving Up","","",,="6/9","<1","false","Swing"
"BA","Boeing Company (The) Common Stock","Industrials","Aerospace & Defense","210.46","56.87","Sell","Aug 20, 2026","Downtrend","Aug 21, 2026","5733584.87","8.05","3.92","-1.75","Moving Down","","Positive",,="2/9","<1","false","Swing"
"BBY","Best Buy Co., Inc. Common Stock","Discretionary","Specialty Retail","87.48","76.68","Buy","Aug 20, 2026","Uptrend","Aug 13, 2026","3132648.1","-15.6","0.05","1.85","Moving Up","","",,="4/9","<1","false","Swing"
"BG","Bunge Limited Common Shares","Staples","Farm Products","110.16","56.07","Buy","Aug 20, 2026","Neutral","Aug 21, 2026","1229184.23","-32.85","0.25","-2.61","Moving Up","","",,="6/9","<1","false","Swing"
"BNS","Bank Nova Scotia Halifax Pfd 3 Ordinary Shares","Financials","Banks - Diversified","86.86","67.99","Sell","Aug 20, 2026","Neutral","Aug 24, 2026","1695048.2","95.68","3.91","-0.81","Moving Down","","",,="2/9","<1","false","Swing"
"BNTX","BioNTech SE American Depositary Share","Health Care","Biotechnology","112.82","80.5","Buy","Aug 20, 2026","Uptrend","Aug 18, 2026","1347864.13","-41.94","0.01","-3.22","Moving Up","","",,="5/9","<1","false","Swing"
"BRZE","Braze, Inc. Class A Common Stock","Technology","Software - Application","31.44","91.94","Buy","Aug 20, 2026","Uptrend","Jul 28, 2026","2369897.83","-14.34","11.56","1.22","Moving Up","","",,="5/9","<1","false","Swing"
"CAG","ConAgra Brands, Inc. Common Stock","Staples","Packaged Foods","16.67","85.62","Buy","Aug 20, 2026","Uptrend","Jul 13, 2026","13365770.87","24.14","4.85","1.46","Moving Up","","",,="7/9","<1","false","Swing"
"CENX","Century Aluminum Company Common Stock","Materials","Aluminum","43.66","45.83","Sell","Aug 20, 2026","Downtrend","Aug 19, 2026","2120768.83","197.92","1.3","-0.59","Moving Down","","",,="3/9","<1","false","Swing"
"CHKP","Check Point Software Technologies Ltd. Ordinary Shares","Technology","Software - Infrastructure","130.5","37.29","Buy","Aug 20, 2026","Neutral","Aug 20, 2026","1186416.77","-66.18","0.06","-0.04","Moving Up","","",,="4/9","<1","false","Swing"
"CMC","Commercial Metals Company Common Stock","Industrials","Metal Fabrication","64.87","64.76","Sell","Aug 20, 2026","Downtrend","Aug 20, 2026","1138093.57","0.84","0.01","-2.17","Moving Down","","",,="2/9","<1","false","Swing"
"CNK","Cinemark Holdings Inc Cinemark Holdings, Inc. Common Stock","Communication","Entertainment","38.4","80.14","Sell","Aug 20, 2026","Uptrend","Jul 22, 2026","2578257.47","53.59","11","4.92","Moving Down","","",,="4/9","<1","false","Swing"
"CTSH","Cognizant Technology Solutions Corporation Class A Common Stock","Technology","Information Technology Services","62.2","94.1","Sell","Aug 20, 2026","Uptrend","Jul 28, 2026","8349050.97","15.13","21.17","0.53","Moving Down","","",,="2/9","<1","false","Swing"
"CVNA","Carvana Co. Class A Common Stock","Discretionary","Auto & Truck Dealerships","72.33","51.14","Sell","Aug 20, 2026","Uptrend","Aug 19, 2026","10161800.23","281.03","4.82","3.46","Moving Down","","",,="3/9","<1","false","Swing"
"DINO","HF Sinclair Corporation Common Stock","Energy","Oil & Gas Refining & Marketing","95.18","81.32","Buy","Aug 20, 2026","Uptrend","Jul 01, 2026","2867776.4","140.19","4.05","-2.2","Moving Up","","",,="7/9","<1","false","Swing"
"DOCN","DigitalOcean Holdings, Inc. Common Stock","Technology","Software - Infrastructure","111.54","35.35","Sell","Aug 20, 2026","Downtrend","Aug 19, 2026","3212538.77","-19.68","0.31","-3.55","Moving Down","","",,="2/9","<1","false","Swing"
"EBC","Eastern Bankshares, Inc. Common Stock","Financials","Banks - Regional","22.64","56.25","Sell","Aug 20, 2026","Uptrend","Jun 08, 2026","2470947.27","32.18","2.92","-0.44","Moving Down","","",,="3/9","<1","false","Swing"
"EL","Estee Lauder Companies, Inc. (The) Common Stock","Staples","Household & Personal Products","104.13","73.31","Buy","Aug 20, 2026","Uptrend","Aug 19, 2026","2936342.57","0.13","2.87","2.15","Moving Up","","",,="7/9","<1","false","Swing"
"FANG","Diamondback Energy, Inc. Common Stock","Energy","Oil & Gas E&P","205.6","77.6","Buy","Aug 20, 2026","Uptrend","Aug 10, 2026","1788296.1","-69.02","0.22","-2.43","Moving Up","","",,="7/9","<1","false","Swing"
"FLYW","Flywire Corporation Voting Common Stock","Technology","Software - Infrastructure","19.42","75.33","Buy","Aug 20, 2026","Uptrend","Aug 05, 2026","2052528.7","28.25","10.41","-0.61","Moving Up","","",,="5/9","<1","false","Swing"
"FROG","JFrog Ltd. Ordinary Shares","Technology","Software - Application","90.14","54.51","Sell","Aug 20, 2026","Uptrend","Aug 10, 2026","2203610.47","197.15","1.87","-2.16","Moving Down","","",,="3/9","<1","false","Swing"
"FTAI","FTAI Aviation Ltd. Common Stock","Industrials","Aerospace & Defense","198.42","51.14","Sell","Aug 20, 2026","Downtrend","Aug 18, 2026","1561750.97","-2182.59","0.14","-5.38","Moving Down","","",,="2/9","<1","false","Swing"
"FUTU","Futu Holdings Limited American Depositary Shares","Financials","Capital Markets","115.81","55.6","Buy","Aug 20, 2026","Uptrend","Aug 17, 2026","1388717.47","303.24","12.27","-6.33","Moving Up","","","true",="5/9","<1","false","Swing"
"GAP","Gap, Inc. (The) Common Stock","Discretionary","Apparel Retail","20.36","46.09","Sell","Aug 20, 2026","Downtrend","Aug 20, 2026","5751352.47","-52.1","0.09","2.83","Moving Down","","",,="2/9","<1","false","Swing"
"GD","General Dynamics Corporation Common Stock","Industrials","Aerospace & Defense","383.77","85.42","Sell","Aug 20, 2026","Uptrend","Jun 26, 2026","1014588.3","-13.58","0.38","-0.14","Moving Down","","",,="3/9","<1","false","Swing"
"GDDY","GoDaddy Inc. Class A Common Stock","Technology","Software - Infrastructure","100.52","61.35","Buy","Aug 20, 2026","Uptrend","Aug 04, 2026","1969779.2","75.47","6.56","3.55","Moving Up","","","true",="4/9","<1","false","Swing"
"GH","Guardant Health, Inc. Common Stock","Health Care","Diagnostics & Research","163.18","63.14","Sell","Aug 20, 2026","Uptrend","Jul 31, 2026","2113065.8","50.32","8.24","-4.4","Moving Down","","",,="4/9","<1","false","Swing"
"GRMN","Garmin Ltd. Common Stock (Switzerland)","Technology","Scientific & Technical Instruments","291.25","92.11","Sell","Aug 20, 2026","Uptrend","Jul 24, 2026","1024400.2","9.76","0.12","-1.22","Moving Down","","",,="3/9","<1","false","Swing"
"HLT","Hilton Worldwide Holdings Inc. Common Stock ","Discretionary","Lodging","330.07","65.57","Buy","Aug 20, 2026","Uptrend","Aug 19, 2026","2087260.2","9.23","0.09","1.05","Moving Up","","",,="5/9","<1","false","Swing"
"HYMC","Hycroft Mining Holding Corporation Class A Common Stock","Materials","Gold","25.74","47.96","Sell","Aug 20, 2026","Uptrend","Aug 19, 2026","1728277.83","-54.34","6.19","-4.91","Moving Down","","",,="4/9","<1","false","Swing"
"ING","ING Group, N.V. Common Stock","Financials","Banks - Diversified","35.03","68.26","Sell","Aug 20, 2026","Uptrend","Jun 15, 2026","2188012.53","168.38","2.26","0.55","Moving Down","","",,="2/9","<1","false","Swing"
"INTC","Intel Corporation Common Stock","Technology","Semiconductors","87.26","62.72","Sell","Aug 20, 2026","Downtrend","Aug 18, 2026","113342808.37","105.66","7.22","-3.12","Moving Down","","",,="2/9","<1","false","Swing"
"IONQ","IonQ, Inc. Common Stock","Technology","Computer Hardware","41.06","32.47","Sell","Aug 20, 2026","Neutral","Aug 24, 2026","20220156.8","189.09","2.94","-8.47","Moving Down","","Negative",,="2/9","<1","false","Swing"
"KEY","KeyCorp Common Stock","Financials","Banks - Regional","21.87","60.22","Sell","Aug 20, 2026","Downtrend","Aug 19, 2026","10074491.67","26.75","1.47","0","Moving Down","","",,="2/9","<1","false","Swing"
"LBRDK","Liberty Broadband Corporation Class C Common Stock","Communication","Telecom Services","36.02","69.54","Sell","Aug 20, 2026","Uptrend","Aug 18, 2026","2280803.57","-41.86","5.97","0","","","",,="3/9","<1","false","Swing"
"LLY","Eli Lilly and Company Common Stock","Health Care","Drug Manufacturers - General","1246.93","65.39","Buy","Aug 20, 2026","Uptrend","Aug 10, 2026","2586895.13","473.18","1.25","-0.67","Moving Up","","Positive",,="6/9","<1","false","Swing"
"MKTX","MarketAxess Holdings, Inc. Common Stock","Financials","Capital Markets","162.46","89.41","Sell","Aug 20, 2026","Uptrend","Jul 29, 2026","1293780.13","-87.75","2.22","0.22","Moving Down","","",,="3/9","<1","false","Swing"
"MLI","Mueller Industries, Inc. Common Stock","Industrials","Metal Fabrication","63.45","43.16","Sell","Aug 20, 2026","Downtrend","Aug 20, 2026","1284486.57","528.72","1.54","0.36","Moving Down","","",,="2/9","<1","false","Swing"
"MMM","3M Company Common Stock","Industrials","Conglomerates","179.01","82.73","Sell","Aug 20, 2026","Uptrend","Jul 16, 2026","3369355.4","-24.01","0.05","0.03","Moving Down","","",,="3/9","<1","false","Swing"
"MT","Arcelor Mittal NY Registry Shares NEW","Materials","Steel","72.64","85.97","Sell","Aug 20, 2026","Uptrend","Jul 14, 2026","1527636.1","27.86","0.23","0.61","Moving Down","","",,="3/9","<1","false","Swing"
"MUFG","Mitsubishi UFJ Financial Group, Inc. Common Stock","Financials","Banks - Diversified","21.96","62.88","Sell","Aug 20, 2026","Neutral","Aug 24, 2026","3193955.4","10.64","0.09","-0.36","Moving Down","","",,="2/9","<1","false","Swing"
"NCNO","nCino, Inc. Common Stock","Technology","Software - Application","20.95","84.05","Buy","Aug 20, 2026","Uptrend","Jul 27, 2026","2145148","-16.19","5.63","1.6","Moving Up","","",,="5/9","<1","false","Swing"
"NMRK","Newmark Group, Inc. Class A Common Stock","Real Estate","Real Estate Services","16.07","62.65","Buy","Aug 20, 2026","Uptrend","Aug 19, 2026","1332101.1","-8.33","0.12","-0.86","Moving Up","","",,="7/9","<1","false","Swing"
"NTLA","Intellia Therapeutics, Inc. Common Stock","Health Care","Biotechnology","12.56","64.58","Buy","Aug 20, 2026","Neutral","Aug 24, 2026","3644059.47","-47.45","6.82","-2.18","Moving Up","","",,="5/9","<1","false","Swing"
"NTNX","Nutanix, Inc. Class A Common Stock","Technology","Software - Infrastructure","66.68","84.74","Sell","Aug 20, 2026","Uptrend","Jun 29, 2026","2483765.87","32.53","1.32","-1.42","Moving Down","","",,="3/9","<1","false","Swing"
"NUE","Nucor Corporation Common Stock","Materials","Steel","244.64","76.68","Sell","Aug 20, 2026","Downtrend","Aug 21, 2026","1485333.4","383.01","2.92","0.41","Moving Down","","Positive",,="3/9","<1","false","Swing"
"NVT","nVent Electric plc Ordinary Shares ","Industrials","Electrical Equipment & Parts","153.35","39.13","Sell","Aug 20, 2026","Downtrend","Aug 24, 2026","2067801.13","12.33","0.1","0.9","Moving Down","","Positive",,="2/9","<1","false","Swing"
"OBDC","Blue Owl Capital Corporation Common Stock","Financials","Asset Management","11.4","76.13","Sell","Aug 20, 2026","Uptrend","Aug 06, 2026","4029721.37","6.63","2.12","0.88","Moving Down","","",,="3/9","<1","false","Swing"
"OKTA","Okta, Inc. Class A Common Stock","Technology","Software - Infrastructure","130.97","61.79","Sell","Aug 20, 2026","Downtrend","Aug 24, 2026","2639669.17","63.73","18.12","-3.09","Moving Down","","",,="2/9","<1","false","Swing"
"ORLY","O'Reilly Automotive, Inc. Common Stock","Discretionary","Auto Parts","90.68","63.83","Sell","Aug 20, 2026","Uptrend","Aug 24, 2026","6581882.13","-21.19","0.33","1.76","Moving Down","","",,="3/9","<1","false","Swing"
"PPC","Pilgrim's Pride Corporation Common Stock","Staples","Packaged Foods","31.79","55.87","Buy","Aug 20, 2026","Uptrend","Aug 19, 2026","1661264.27","22.77","62.21","-1.43","Moving Up","","",,="7/9","<1","false","Swing"
"QRVO","Qorvo, Inc. Common Stock","Technology","Semiconductors","95.37","72.01","Sell","Aug 20, 2026","Uptrend","Aug 04, 2026","1136207.2","-109.76","0.02","-0.2","Moving Down","","",,="3/9","<1","false","Swing"
"RJF","Raymond James Financial, Inc. Common Stock","Financials","Asset Management","176.68","79.22","Sell","Aug 20, 2026","Uptrend","Jul 01, 2026","1110184.8","159.17","1.92","0.84","Moving Down","","",,="2/9","<1","false","Swing"
"ROAD","Construction Partners, Inc. Class A Common Stock","Industrials","Engineering & Construction","108.49","54.95","Sell","Aug 20, 2026","Neutral","Aug 24, 2026","1146037.33","-110.65","0.28","-3.28","Moving Down","","",,="2/9","<1","false","Swing"
"RPM","RPM International Inc. Common Stock","Materials","Specialty Chemicals","106.36","65.35","Sell","Aug 20, 2026","Downtrend","Aug 24, 2026","1060872.57","52.09","3.08","-2.09","Moving Down","","",,="3/9","<1","false","Swing"
"RSG","Republic Services, Inc. Common Stock","Industrials","Waste Management","223.08","56.98","Buy","Aug 20, 2026","Uptrend","Aug 18, 2026","1380024.83","49.58","0.77","1.09","Moving Up","","",,="4/9","<1","false","Swing"
"SAN","Banco Santander, S.A. Sponsored ADR (Spain)","Financials","Banks - Diversified","14.72","54.29","Sell","Aug 20, 2026","Uptrend","Jun 11, 2026","16552787.63","139.59","1.1","0.89","Moving Down","","",,="3/9","<1","false","Swing"
"SBH","Sally Beauty Holdings, Inc. (Name to be changed from Sally Holdings, Inc.) Common Stock","Discretionary","Specialty Retail","16.71","69.59","Sell","Aug 20, 2026","Uptrend","Jun 24, 2026","1392858.27","26.94","15.99","0.84","Moving Down","","",,="2/9","<1","false","Swing"
"SBUX","Starbucks Corporation Common Stock","Discretionary","Restaurants","107.49","63.75","Sell","Aug 20, 2026","Uptrend","Aug 21, 2026","7036680","-91.79","0.06","0.38","Moving Down","","",,="3/9","<1","false","Swing"
"SEI","Solaris Energy Infrastructure, Inc. Class A Common Stock","Energy","Oil & Gas Equipment & Services","53.53","22.85","Sell","Aug 20, 2026","Downtrend","Aug 20, 2026","3520840.7","264","1.05","0.47","Moving Down","","",,="4/9","<1","false","Swing"
"SF","Stifel Financial Corporation Common Stock","Financials","Capital Markets","80.8","73.14","Sell","Aug 20, 2026","Uptrend","Jul 06, 2026","1086319.23","64.71","0.69","-0.2","Moving Down","","",,="3/9","<1","false","Swing"
"SLM","SLM Corporation Common Stock","Financials","Credit Services","26.34","74.79","Sell","Aug 20, 2026","Uptrend","Jun 16, 2026","2406268.43","-121.13","0.23","-0.45","Moving Down","","",,="3/9","<1","false","Swing"
"SMFG","Sumitomo Mitsui Financial Group Inc Unsponsored American Depositary Shares (Japan)","Financials","Banks - Diversified","25","58.58","Sell","Aug 20, 2026","Neutral","Aug 21, 2026","1564936.43","13.47","0.13","-0.2","Moving Down","","",,="2/9","<1","false","Swing"
"SPT","Sprout Social, Inc Class A Common Stock","Technology","Software - Application","10.34","93.62","Sell","Aug 20, 2026","Uptrend","Jul 24, 2026","1203390.6","-196.48","1.62","3.19","Moving Down","","",,="3/9","<1","false","Swing"
"SSL","Sasol Ltd. American Depositary Shares","Materials","Specialty Chemicals","12.27","59.74","Buy","Aug 20, 2026","Uptrend","Aug 14, 2026","1084744.2","2.98","3.47","-1.76","Moving Up","","",,="6/9","<1","false","Swing"
"SSNC","SS&C Technologies Holdings, Inc. Common Stock","Technology","Software - Application","83.54","92.59","Sell","Aug 20, 2026","Uptrend","Jul 24, 2026","1837062.07","80.04","6.05","0.71","Moving Down","","",,="2/9","<1","false","Swing"
"STT","State Street Corporation Common Stock","Financials","Asset Management","190.92","63.84","Sell","Aug 20, 2026","Uptrend","Apr 01, 2026","1921895.5","2.64","0.04","2.03","Moving Down","","",,="3/9","<1","false","Swing"
"SWK","Stanley Black & Decker, Inc. Common Stock","Industrials","Tools & Accessories","98.51","91.59","Sell","Aug 20, 2026","Uptrend","May 26, 2026","1874109.73","-32.05","4.24","-1.51","Moving Down","","",,="3/9","<1","false","Swing"
"TAK","Takeda Pharmaceutical Company Limited American Depositary Shares (each representing 1/2 of a share of Common Stock)","Health Care","Drug Manufacturers - Specialty & Generic","18.24","74.62","Buy","Aug 20, 2026","Uptrend","Aug 05, 2026","3845429.4","40.19","24.41","0.33","Moving Up","","",,="5/9","<1","false","Swing"
"TEL","TE Connectivity plc Ordinary Shares","Technology","Electronic Components","202.41","59.5","Sell","Aug 20, 2026","Downtrend","Aug 20, 2026","2463039.83","-117.31","0.17","-0.55","Moving Down","","",,="2/9","<1","false","Swing"
"TENB","Tenable Holdings, Inc. Common Stock","Technology","Software - Infrastructure","33.94","68.9","Sell","Aug 20, 2026","Neutral","Aug 24, 2026","3136396.27","-133.56","0.85","-1.28","Moving Down","","",,="2/9","<1","false","Swing"
"TEX","Terex Corporation Common Stock","Industrials","Farm & Heavy Construction Machinery","65.88","57.14","Sell","Aug 20, 2026","Neutral","Aug 21, 2026","1257375.57","-31.93","0.25","-0.9","Moving Up","","",,="2/9","<1","false","Swing"
"TFC","Truist Financial Corporation Common Stock","Financials","Banks - Regional","50.81","51.12","Sell","Aug 20, 2026","Downtrend","Aug 20, 2026","6907752.5","-22.33","0.69","0.77","Moving Down","","",,="2/9","<1","false","Swing"
"THC","Tenet Healthcare Corporation Common Stock","Health Care","Medical Care Facilities","278.59","89.17","Sell","Aug 20, 2026","Uptrend","Jul 15, 2026","1188790.07","176.54","0.8","-0.78","Moving Down","","",,="4/9","<1","false","Swing"
"TMUS","T-Mobile US, Inc. Common Stock","Communication","Telecom Services","182.62","35.4","Buy","Aug 20, 2026","Uptrend","Aug 21, 2026","4552719.93","71.19","1.69","-0.23","Moving Up","","",,="6/9","<1","false","Swing"
"TT","Trane Technologies plc","Industrials","Building Products & Equipment","452.96","47.48","Sell","Aug 20, 2026","Downtrend","Aug 19, 2026","1146022.37","181.08","1.96","-0.1","Moving Down","","",,="2/9","<1","false","Swing"
"UGI","UGI Corporation Common Stock","Utilities","Utilities - Regulated Gas","38.19","69.94","Buy","Aug 20, 2026","Uptrend","Aug 18, 2026","2013573.57","-20.11","1.42","1.6","Moving Up","","",,="4/9","<1","false","Swing"
"VRNS","Varonis Systems, Inc. Common Stock","Technology","Software - Infrastructure","41.05","60","Sell","Aug 20, 2026","Neutral","Aug 21, 2026","1739784.67","19.6","2.58","-0.44","Moving Down","","",,="2/9","<1","false","Swing"
"VRT","Vertiv Holdings, LLC Class A Common Stock","Industrials","Electrical Equipment & Parts","254.97","21.1","Sell","Aug 20, 2026","Downtrend","Aug 18, 2026","5616405.1","214.22","0.95","-2.66","Moving Down","","",,="2/9","<1","false","Swing"
"WBS","Webster Financial Corporation Common Stock","Financials","Banks - Regional","77.57","65.5","Sell","Aug 20, 2026","Uptrend","May 20, 2026","8338472.97","135.26","7.63","0","","","",,="3/9","<1","false","Swing"
"ZM","Zoom Communications, Inc. Class A Common Stock","Technology","Software - Application","104.83","76.23","Sell","Aug 20, 2026","Uptrend","Jul 30, 2026","3004438","-41.4","7.08","-2.42","Moving Down","","Positive",,="3/9","<1","false","Swing"
"ABBV","AbbVie Inc. Common Stock","Health Care","Drug Manufacturers - General","264.52","73.3","Buy","Aug 19, 2026","Uptrend","Aug 18, 2026","5183884.5","85.27","1.15","-0.17","Moving Up","","Positive",,="6/9","<1","false","Swing"
"ABNB","Airbnb, Inc. Class A Common Stock","Discretionary","Travel Services","190.21","85.62","Sell","Aug 19, 2026","Uptrend","Jul 28, 2026","4646489.67","54.02","4.81","1.55","Moving Down","","",,="3/9","<1","false","Swing"
"AM","Antero Midstream Corporation Common Stock","Energy","Oil & Gas Midstream","22.14","49.94","Buy","Aug 19, 2026","Uptrend","Aug 18, 2026","2319856.5","86.7","0.75","0","Moving Up","","",,="7/9","<1","false","Swing"
"AMBA","Ambarella, Inc. Ordinary Shares","Technology","Semiconductor Equipment & Materials","70","52.66","Sell","Aug 19, 2026","Downtrend","Aug 21, 2026","1677067.67","8.73","4.27","-5.06","Moving Down","","",,="2/9","<1","false","Swing"
"AMLX","Amylyx Pharmaceuticals, Inc. Common Stock","Health Care","Drug Manufacturers - Specialty & Generic","38.15","96.15","Buy","Aug 19, 2026","Uptrend","Jun 16, 2026","3184571.7","897.7","1.89","-1.32","Moving Up","","",,="6/9","<1","false","Swing"
"ARR","ARMOUR Residential REIT, Inc.","Real Estate","REIT - Mortgage","16.38","54.27","Sell","Aug 19, 2026","Downtrend","Aug 17, 2026","3834160.2","11.52","3.31","0.24","Moving Down","","",,="4/9","<1","false","Swing"
"ATKR","Atkore Inc. Common Stock","Industrials","Electrical Equipment & Parts","93.49","89.55","Sell","Aug 19, 2026","Uptrend","Aug 03, 2026","1083698.43","-83.49","0.07","-0.12","Moving Down","","",,="3/9","<1","false","Swing"
"AVGO","Broadcom Inc. Common Stock","Technology","Semiconductors","358.76","50.61","Sell","Aug 19, 2026","Downtrend","Aug 19, 2026","18975948.17","-165.47","0.34","-2.63","Moving Down","","Negative","true",="2/9","<1","false","Swing"
"AXTA","Axalta Coating Systems Ltd. Common Shares","Materials","Specialty Chemicals","36.06","91.14","Sell","Aug 19, 2026","Uptrend","Jul 28, 2026","1625540.57","-70.68","0.06","-0.39","Moving Down","","",,="4/9","<1","false","Swing"
"BKR","Baker Hughes Company Class A Common Stock","Energy","Oil & Gas Equipment & Services","61.985","57.43","Sell","Aug 19, 2026","Uptrend","Jul 30, 2026","7851757.2","29.2","1.04","-0.57","Moving Down","","",,="5/9","<1","false","Swing"
"BLFS","BioLife Solutions, Inc. Common Stock","Health Care","Medical Instruments & Supplies","37.19","97.5","Sell","Aug 19, 2026","Uptrend","May 18, 2026","1224982.57","105.32","2.76","0.24","Moving Down","","",,="4/9","<1","false","Swing"
"BMY","Bristol-Myers Squibb Company Common Stock","Health Care","Drug Manufacturers - General","67.28","83.98","Buy","Aug 19, 2026","Uptrend","Jul 15, 2026","11386323.3","2.76","0.72","0.4","Moving Up","","",,="5/9","<1","false","Swing"
"BN","Brookfield Corporation Class A Limited Voting Shares","Financials","Asset Management","41.97","37.88","Sell","Aug 19, 2026","Downtrend","Aug 19, 2026","4058030.43","-29.25","0.31","0.67","Moving Down","","",,="2/9","<1","false","Swing"
"BXSL","Blackstone Secured Lending Fund Common Shares of Beneficial Interest","Financials","Asset Management","24.99","83.77","Sell","Aug 19, 2026","Uptrend","Aug 06, 2026","1565324.03","-23.53","0.77","0.93","Moving Up","","",,="3/9","<1","false","Swing"
"CAH","Cardinal Health, Inc. Common Stock","Health Care","Medical Distribution","232.37","67.28","Sell","Aug 19, 2026","Uptrend","Jul 28, 2026","1997905.9","330.47","2.21","1.25","Moving Down","","",,="4/9","<1","false","Swing"
"CEG","Constellation Energy Corporation Common Stock ","Utilities","Utilities - Independent Power Producers","273.43","41.54","Sell","Aug 19, 2026","Uptrend","Aug 19, 2026","2658491.57","27.58","1.93","0.2","Moving Down","","",,="3/9","<1","false","Swing"
"CELH","Celsius Holdings, Inc. Common Stock","Staples","Beverages - Non-Alcoholic","35.03","64.51","Buy","Aug 19, 2026","Uptrend","Aug 18, 2026","11473527.1","93.06","28.61","5.01","Moving Up","","",,="6/9","<1","false","Swing"
"CGNX","Cognex Corporation Common Stock","Technology","Scientific & Technical Instruments","58.54","52.59","Sell","Aug 19, 2026","Downtrend","Aug 18, 2026","2168907.87","28.75","13.37","-3.3","Moving Down","","",,="2/9","<1","false","Swing"
"CHTR","Charter Communications, Inc. Class A Common Stock New","Communication","Telecom Services","150.3","64.25","Sell","Aug 19, 2026","Uptrend","Aug 18, 2026","3072562.43","-13.35","17.4","0.09","Moving Down","","",,="3/9","<1","false","Swing"
"CLF","Cleveland-Cliffs Inc. Common Stock","Materials","Steel","11.3","61.55","Sell","Aug 19, 2026","Neutral","Aug 19, 2026","23117077.53","17.17","0.94","0.27","Moving Down","","Positive",,="3/9","<1","false","Swing"
"CSTM","Constellium SE Ordinary Shares (France)","Materials","Aluminum","26.63","40.19","Sell","Aug 19, 2026","Downtrend","Aug 18, 2026","1631848.4","-0.51","0.28","-1.52","Moving Down","","",,="3/9","<1","false","Swing"
"DAL","Delta Air Lines, Inc. Common Stock","Industrials","Airlines","82.48","57.99","Sell","Aug 19, 2026","Downtrend","Aug 19, 2026","5149352.2","72.8","5.13","0.08","Moving Down","","",,="2/9","<1","false","Swing"
"DEO","Diageo plc Common Stock","Staples","Beverages - Wineries & Distilleries","96.07","92.33","Sell","Aug 19, 2026","Uptrend","Jul 15, 2026","1213509.87","10.92","4.27","1.53","Moving Down","","",,="5/9","<1","false","Swing"
"DOCS","Doximity, Inc. Class A Common Stock","Health Care","Health Information Services","25.3","65.05","Sell","Aug 19, 2026","Uptrend","Aug 07, 2026","5984891","39.06","6.44","-0.12","Moving Down","","",,="4/9","<1","false","Swing"
"ERO","Ero Copper Corp. Common Shares","Materials","Copper","38.55","79.16","Sell","Aug 19, 2026","Uptrend","Jul 31, 2026","1275377.37","-71.65","0.2","-2.21","Moving Up","","",,="5/9","<1","false","Swing"
"EXPE","Expedia Group, Inc. Common Stock","Discretionary","Travel Services","339.125","88.1","Sell","Aug 19, 2026","Uptrend","Jun 16, 2026","1462146.6","30.59","0.42","5.44","Moving Down","","",,="3/9","<1","false","Swing"
"FIGS","FIGS, Inc. Class A Common Stock","Discretionary","Apparel Manufacturing","15.21","57.39","Sell","Aug 19, 2026","Uptrend","Aug 06, 2026","3077447.23","163.46","2.71","3.61","Moving Up","","",,="4/9","<1","false","Swing"
"FISV","Fiserv, Inc. Common Stock","Technology","Information Technology Services","52.96","46.11","Sell","Aug 19, 2026","Neutral","Aug 24, 2026","7250476.33","47.21","5.03","0.72","Moving Up","","",,="3/9","<1","false","Swing"
"FIVN","Five9, Inc. Common Stock","Technology","Software - Infrastructure","32.77","84.86","Sell","Aug 19, 2026","Uptrend","Jul 24, 2026","3062536.67","-216.27","0.91","0.06","Moving Down","","",,="3/9","<1","false","Swing"
"FSLR","First Solar, Inc. Common Stock","Technology","Solar","208.31","55.59","Sell","Aug 19, 2026","Downtrend","Aug 19, 2026","2313677.13","-43.67","0.27","-2.79","Moving Down","","","true",="2/9","<1","false","Swing"
"FSLY","Fastly, Inc. Class A Common Stock","Technology","Software - Application","22.94","50.17","Sell","Aug 19, 2026","Uptrend","Jul 24, 2026","6195700.6","-70.38","0.1","-8.06","Moving Down","","",,="3/9","<1","false","Swing"
"FTNT","Fortinet, Inc. Common Stock","Technology","Software - Infrastructure","151.99","63.97","Sell","Aug 19, 2026","Neutral","Aug 21, 2026","4952564.23","106.17","0.49","-0.99","Moving Down","","",,="2/9","<1","false","Swing"
"FTV","Fortive Corporation Common Stock ","Technology","Scientific & Technical Instruments","60.46","58.26","Sell","Aug 19, 2026","Downtrend","Aug 18, 2026","2530771.07","-44.15","1.45","0.63","Moving Down","","",,="2/9","<1","false","Swing"
"GEN","Gen Digital Inc. Common Stock","Technology","Software - Infrastructure","29.11","60.29","Sell","Aug 19, 2026","Uptrend","Jun 30, 2026","4686767.27","77.45","1.93","0.62","Moving Down","","",,="2/9","<1","false","Swing"
"GWRE","Guidewire Software, Inc. Common Stock","Technology","Software - Application","191.89","85.31","Sell","Aug 19, 2026","Uptrend","Jul 24, 2026","1196404.1","2.29","0.05","1.43","Moving Down","","",,="3/9","<1","false","Swing"
"HAPN","Happen Bank","Financials","Banks - Regional","18.25","40.56","Sell","Aug 19, 2026","Downtrend","Aug 19, 2026","1171590.3","48.5","6.96","-0.92","Moving Down","","",,="2/9","<1","false","Swing"
"IRT","Independence Realty Trust, Inc. Common Stock","Real Estate","REIT - Residential","16.88","66.09","Sell","Aug 19, 2026","Neutral","Aug 24, 2026","2616719.87","35.11","3.25","1.75","Moving Down","","",,="4/9","<1","false","Swing"
"ITGR","Integer Holdings Corporation Common Stock","Health Care","Medical Devices","125.07","92.69","Sell","Aug 19, 2026","Uptrend","May 13, 2026","1290766.5","-35.91","0.2","-0.1","Moving Down","","",,="4/9","<1","false","Swing"
"ITW","Illinois Tool Works Inc. Common Stock","Industrials","Specialty Industrial Machinery","283.95","82.97","Sell","Aug 19, 2026","Uptrend","Jun 12, 2026","1294600.67","1.69","0.06","0.59","Moving Down","","",,="3/9","<1","false","Swing"
"LYFT","Lyft, Inc. Class A Common Stock","Technology","Software - Application","17.68","69.51","Sell","Aug 19, 2026","Uptrend","Jul 28, 2026","11523620.47","-74.62","3.53","1.2","Moving Down","","",,="3/9","<1","false","Swing"
"MAT","Mattel, Inc. Common Stock","Discretionary","Leisure","14.82","50.64","Sell","Aug 19, 2026","Uptrend","Aug 24, 2026","4213645.93","-10.86","0.18","2.14","Moving Down","","",,="3/9","<1","false","Swing"
"NOW","ServiceNow, Inc. Common Stock","Technology","Software - Application","128.05","85.68","Sell","Aug 19, 2026","Uptrend","Jul 29, 2026","21878963.9","-76.52","0.06","-0.33","Moving Down","","",,="3/9","<1","false","Swing"
"NVTS","Navitas Semiconductor Corporation Common Stock","Technology","Semiconductors","12.23","22.11","Sell","Aug 19, 2026","Downtrend","Aug 24, 2026","14103932.07","86.98","2.07","-5.71","Moving Down","","",,="2/9","<1","false","Swing"
"NWG","NatWest Group plc American Depositary Shares, (each representing two (2) Ordinary Shares)","Financials","Banks - Regional","18.73","58.79","Sell","Aug 19, 2026","Uptrend","Jun 11, 2026","3703817.53","98.83","1.09","0.59","Moving Down","","",,="3/9","<1","false","Swing"
"OLLI","Ollie's Bargain Outlet Holdings, Inc. Common Stock","Staples","Discount Stores","76.35","57.93","Sell","Aug 19, 2026","Uptrend","Aug 21, 2026","1414104.4","-86.6","0.03","0.37","Moving Down","","",,="5/9","<1","false","Swing"
"OPCH","Option Care Health, Inc. Common Stock","Health Care","Medical Care Facilities","23.67","62.16","Sell","Aug 19, 2026","Uptrend","Jul 28, 2026","2387046.07","-95.02","0.12","-0.13","Moving Down","","",,="4/9","<1","false","Swing"
"PAX","Patria Investments Limited Class A Common Shares","Financials","Asset Management","11.48","45.22","Sell","Aug 19, 2026","Uptrend","Aug 19, 2026","1125628.5","-34.69","1.47","0.17","Moving Down","","",,="2/9","<1","false","Swing"
"PL","Planet Labs PBC Class A Common Stock","Industrials","Aerospace & Defense","21.57","17.42","Sell","Aug 19, 2026","Downtrend","Aug 19, 2026","6339085.47","462.61","2.61","-3.23","Moving Down","","",,="2/9","<1","false","Swing"
"PLTR","Palantir Technologies Inc. Class A Common Stock","Technology","Software - Infrastructure","175.89","63.34","Sell","Aug 19, 2026","Uptrend","Aug 04, 2026","41163768.9","456.22","0.45","-2.25","Moving Down","","",,="2/9","<1","false","Swing"
"RDW","Redwire Corporation Common Stock","Industrials","Aerospace & Defense","11.38","50.14","Sell","Aug 19, 2026","Neutral","Aug 24, 2026","16715251.77","823.14","6.97","-5.32","Moving Down","","",,="2/9","<1","false","Swing"
"REPL","Replimune Group, Inc. Common Stock","Health Care","Biotechnology","14.71","58.69","Sell","Aug 19, 2026","Uptrend","Aug 04, 2026","6379138.1","-385.42","0.05","-0.41","Moving Up","","",,="5/9","<1","false","Swing"
"RKT","Rocket Companies, Inc. Class A Common Stock","Financials","Mortgage Finance","14.09","38.96","Sell","Aug 19, 2026","Neutral","Aug 20, 2026","27723967.07","195.97","5.61","1.15","Moving Down","","",,="2/9","<1","false","Swing"
"SNY","Sanofi ADS","Health Care","Drug Manufacturers - General","45.69","63.62","Buy","Aug 19, 2026","Uptrend","Aug 13, 2026","3087875.6","-30.82","0.63","-0.35","Moving Up","","",,="6/9","<1","false","Swing"
"SON","Sonoco Products Company Common Stock","Discretionary","Packaging & Containers","57.49","78.88","Sell","Aug 19, 2026","Uptrend","Jun 12, 2026","1065938","-98.51","0.04","-3.35","Moving Up","","",,="4/9","<1","false","Swing"
"SPOT","Spotify Technology S.A. Ordinary Shares","Communication","Internet Content & Information","537.84","56.43","Buy","Aug 19, 2026","Uptrend","Aug 07, 2026","1903652.5","65.11","1.62","0.77","Moving Up","","",,="5/9","<1","false","Swing"
"STLD","Steel Dynamics, Inc.","Materials","Steel","229.27","69.79","Sell","Aug 19, 2026","Downtrend","Aug 20, 2026","1225863.53","311.96","1.35","0.26","Moving Down","","Positive",,="3/9","<1","false","Swing"
"TECK","Teck Resources Ltd Ordinary Shares","Materials","Other Industrial Metals & Mining","70.2","79.58","Sell","Aug 19, 2026","Uptrend","Jul 30, 2026","3131224.33","-491.19","0.18","1.45","Moving Up","","",,="5/9","<1","false","Swing"
"UAL","United Airlines Holdings, Inc. Common Stock","Industrials","Airlines","113.57","53.35","Sell","Aug 19, 2026","Downtrend","Aug 18, 2026","3705438.17","15.74","1.89","0.35","Moving Down","","",,="2/9","<1","false","Swing"
"UBS","UBS Group AG Registered Ordinary Shares","Financials","Banks - Diversified","53.71","63.94","Sell","Aug 19, 2026","Uptrend","Apr 24, 2026","1756475","316.63","2.54","0.79","Moving Down","","",,="3/9","<1","false","Swing"
"VIRT","Virtu Financial, Inc. Class A Common Stock","Financials","Capital Markets","66.29","64.83","Buy","Aug 19, 2026","Uptrend","Aug 18, 2026","1446599.43","278.58","2.45","-2.41","Moving Up","","",,="4/9","<1","false","Swing"
"VSAT","ViaSat, Inc. Common Stock","Technology","Communication Equipment","72.275","65.95","Sell","Aug 19, 2026","Downtrend","Aug 21, 2026","2014659","-61.35","0.1","-3.27","Moving Down","","",,="2/9","<1","false","Swing"
"WFRD","Weatherford International plc Ordinary Shares","Energy","Oil & Gas Equipment & Services","88.73","44.74","Sell","Aug 19, 2026","Neutral","Aug 24, 2026","1120015.2","-19.9","0.82","-1.97","Moving Down","","",,="4/9","<1","false","Swing"
"WHR","Whirlpool Corporation Common Stock","Discretionary","Furnishings Fixtures & Appliances","40.13","64.59","Sell","Aug 19, 2026","Neutral","Aug 14, 2026","2272120.6","-20.59","12.88","-0.55","Moving Down","","",,="2/9","<1","false","Swing"
"XNCR","Xencor, Inc. Common Stock","Health Care","Biotechnology","28.995","94.06","Buy","Aug 19, 2026","Uptrend","Jun 12, 2026","1174664.13","-28","2.16","4.3","Moving Up","","",,="5/9","<1","false","Swing"
"ADBE","Adobe Inc. Common Stock","Technology","Software - Application","276.27","86.3","Sell","Aug 18, 2026","Uptrend","Jul 27, 2026","4959351.77","67.96","14.68","0.35","Moving Down","","Positive",,="2/9","<1","false","Swing"
"AEVA","Aeva Technologies, Inc. Common Stock","Technology","Software - Infrastructure","16.46","34.66","Sell","Aug 18, 2026","Downtrend","Aug 24, 2026","1737665.77","-133.47","0","-10.01","Moving Down","","",,="2/9","<1","false","Swing"
"AMPL","Amplitude, Inc. Class A Common Stock","Technology","Software - Application","13.15","83.89","Sell","Aug 18, 2026","Uptrend","Jul 24, 2026","2089947.93","-10.92","0.01","-1.05","Moving Up","","",,="3/9","<1","false","Swing"
"ASO","Academy Sports and Outdoors, Inc. Common Stock","Discretionary","Specialty Retail","46.15","33.93","Sell","Aug 18, 2026","Downtrend","Aug 17, 2026","1273869.4","37.52","19.82","0.7","Moving Down","","",,="2/9","<1","false","Swing"
"BAX","Baxter International Inc. Common Stock","Health Care","Medical Instruments & Supplies","26.49","93.23","Sell","Aug 18, 2026","Uptrend","May 19, 2026","6888249.57","-21.38","10.98","0.57","Moving Down","","",,="3/9","<1","false","Swing"
"BE","Bloom Energy Corporation Class A Common Stock","Industrials","Electrical Equipment & Parts","204.02","19.13","Sell","Aug 18, 2026","Downtrend","Aug 18, 2026","15334211.1","-237.76","0.2","1.28","Moving Down","","Positive","true",="2/9","<1","false","Swing"
"BWIN","The Baldwin Insurance Group, Inc. Class A Common Stock","Financials","Insurance Brokers","31.3","79.96","Sell","Aug 18, 2026","Uptrend","Jun 22, 2026","1145853.47","-52.24","0.39","-1.88","Moving Down","","",,="2/9","<1","false","Swing"
"CAKE","Cheesecake Factory Incorporated (The) Common Stock","Discretionary","Restaurants","114.61","92.39","Sell","Aug 18, 2026","Uptrend","May 26, 2026","1836081.6","68.9","0.93","1.13","Moving Down","","",,="3/9","<1","false","Swing"
"CDNA","CareDx, Inc. Common Stock","Health Care","Diagnostics & Research","47.5","78.13","Sell","Aug 18, 2026","Uptrend","Apr 16, 2026","1233025.8","1.55","1.07","-2.28","Moving Down","","",,="4/9","<1","false","Swing"
"CG","The Carlyle Group Inc. Common Stock","Financials","Asset Management","49.14","66.13","Sell","Aug 18, 2026","Uptrend","Jul 30, 2026","3757612.6","155.75","7.81","-0.47","Moving Down","","",,="3/9","<1","false","Swing"
"CHD","Church & Dwight Company, Inc. Common Stock","Staples","Household & Personal Products","102.53","61.31","Sell","Aug 18, 2026","Uptrend","Aug 24, 2026","1766378.87","52.33","2.92","3.78","Moving Down","","",,="4/9","<1","false","Swing"
"CL","Colgate-Palmolive Company Common Stock","Staples","Household & Personal Products","92.55","57.58","Sell","Aug 18, 2026","Neutral","Aug 24, 2026","4331195.37","50.31","2.94","1.61","Moving Down","","",,="3/9","<1","false","Swing"
"CNX","CNX Resources Corporation Common Stock","Energy","Oil & Gas E&P","36.48","51","Sell","Aug 18, 2026","Uptrend","Jul 29, 2026","1511544.8","160.27","1.32","0.33","Moving Down","","",,="4/9","<1","false","Swing"
"CORT","Corcept Therapeutics Incorporated Common Stock","Health Care","Biotechnology","123.24","76.11","Sell","Aug 18, 2026","Uptrend","Mar 31, 2026","1154250.43","547.92","1.85","0.81","Moving Down","","",,="4/9","<1","false","Swing"
"CRI","Carter's, Inc. Common Stock","Discretionary","Apparel Retail","34.33","58.95","Sell","Aug 18, 2026","Downtrend","Aug 17, 2026","1075715.7","-67.72","3.34","-4.03","Moving Down","","",,="2/9","<1","false","Swing"
"CRSR","Corsair Gaming, Inc. Common Stock","Technology","Computer Hardware","10.91","60.68","Sell","Aug 18, 2026","Uptrend","Jun 29, 2026","2010051.8","14.61","6.36","-0.18","Moving Down","","",,="3/9","<1","false","Swing"
"DGX","Quest Diagnostics Incorporated Common Stock","Health Care","Diagnostics & Research","243.87","88.88","Sell","Aug 18, 2026","Uptrend","Jul 16, 2026","1019027.07","95.11","1.92","-0.21","Moving Down","","",,="4/9","<1","false","Swing"
"DV","DoubleVerify Holdings, Inc. Common Stock","Communication","Advertising Agencies","13.3","78.54","Sell","Aug 18, 2026","Uptrend","Jul 29, 2026","4094410.43","28.96","4.85","-0.08","Moving Down","","",,="4/9","<1","false","Swing"
"FND","Floor & Decor Holdings, Inc. Common Stock","Discretionary","Home Improvement Retail","54.87","66.13","Sell","Aug 18, 2026","Downtrend","Aug 20, 2026","2379480.93","-3.63","44.05","1.12","Moving Down","","",,="2/9","<1","false","Swing"
"G","Genpact Limited Common Stock","Technology","Information Technology Services","37.59","85.81","Sell","Aug 18, 2026","Uptrend","Jul 24, 2026","2376579.53","22.4","9.7","1.21","Moving Up","","",,="4/9","<1","false","Swing"
"GE","GE Aerospace Common Stock","Industrials","Aerospace & Defense","341.84","54.7","Sell","Aug 18, 2026","Downtrend","Aug 20, 2026","3791452.5","205.44","1.45","-1.87","Moving Down","","",,="2/9","<1","false","Swing"
"GLOB","Globant S.A. Common Shares","Technology","Information Technology Services","39.58","71.76","Sell","Aug 18, 2026","Uptrend","Jul 28, 2026","1882623.17","-301.42","0.73","-0.1","Moving Down","","",,="3/9","<1","false","Swing"
"GPK","Graphic Packaging Holding Company","Discretionary","Packaging & Containers","11.45","77.25","Sell","Aug 18, 2026","Uptrend","Aug 19, 2026","4689025.97","-141.93","0.64","-4.26","Moving Down","","",,="3/9","<1","false","Swing"
"GTLB","GitLab Inc. Class A Common Stock","Technology","Software - Infrastructure","42.03","89.6","Sell","Aug 18, 2026","Uptrend","Jun 26, 2026","4103583.5","51.65","10.36","0.86","Moving Up","","",,="4/9","<1","false","Swing"
"HAL","Halliburton Company Common Stock","Energy","Oil & Gas Equipment & Services","34.63","47.85","Buy","Aug 18, 2026","Uptrend","Aug 17, 2026","11455580.13","36.9","2.45","-2.01","Moving Up","","",,="6/9","<1","false","Swing"
"HD","Home Depot, Inc. (The) Common Stock","Discretionary","Home Improvement Retail","337.43","58.51","Sell","Aug 18, 2026","Downtrend","Aug 20, 2026","3831203.67","83.2","3.48","0.54","Moving Down","","",,="2/9","<1","false","Swing"
"HTHT","H World Group Limited American Depositary Shares","Discretionary","Lodging","48.64","69.86","Buy","Aug 18, 2026","Uptrend","Aug 17, 2026","1631896.6","-62.16","0.06","-1.06","Moving Up","","",,="5/9","<1","false","Swing"
"IBKR","Interactive Brokers Group, Inc. Class A Common Stock","Financials","Capital Markets","93.05","52.9","Buy","Aug 18, 2026","Uptrend","Aug 17, 2026","4450606.6","734","2.58","-0.87","Moving Up","","",,="4/9","<1","false","Swing"
"KURA","Kura Oncology, Inc. Common Stock","Health Care","Biotechnology","12.4","77.92","Buy","Aug 18, 2026","Uptrend","Aug 17, 2026","1611385.43","5.62","4.16","4.29","Moving Up","","",,="6/9","<1","false","Swing"
"LKQ","LKQ Corporation Common Stock","Discretionary","Auto Parts","25.74","58.26","Buy","Aug 18, 2026","Uptrend","Aug 19, 2026","3446739.43","-38.22","2.38","-0.12","Moving Up","","",,="5/9","<1","false","Swing"
"LTH","Life Time Group Holdings, Inc. Common Stock","Discretionary","Leisure","45.73","74.87","Buy","Aug 18, 2026","Uptrend","May 05, 2026","2807393.3","8.16","0.1","1.37","Moving Down","","",,="4/9","<1","false","Swing"
"MCD","McDonald's Corporation Common Stock","Discretionary","Restaurants","272.54","33.2","Sell","Aug 18, 2026","Downtrend","Aug 18, 2026","4317323.8","64.9","3.71","0.59","Moving Up","","",,="3/9","<1","false","Swing"
"METC","Ramaco Resources, Inc. Class A Common Stock","Materials","Coking Coal","12.43","47.31","Buy","Aug 18, 2026","Uptrend","Aug 21, 2026","2047205.1","410.54","5.23","4.45","Moving Up","","",,="5/9","<1","false","Swing"
"MRSH","Marsh Common Stock","Financials","Insurance Brokers","194.67","81.86","Sell","Aug 18, 2026","Uptrend","Jun 26, 2026","2266806.5","-49.26","0.25","1.39","Moving Up","","",,="4/9","<1","false","Swing"
"MWA","MUELLER WATER PRODUCTS Common Stock","Industrials","Specialty Industrial Machinery","25.15","47.2","Sell","Aug 18, 2026","Downtrend","Aug 18, 2026","1036291.3","-32.6","0.29","0.84","Moving Down","","",,="2/9","<1","false","Swing"
"NRIX","Nurix Therapeutics, Inc. Common stock","Health Care","Biotechnology","26.27","67.24","Sell","Aug 18, 2026","Uptrend","Jun 15, 2026","1050892.13","156.99","4.24","-1.68","Moving Down","","",,="4/9","<1","false","Swing"
"NTR","Nutrien Ltd. Common Shares","Materials","Agricultural Inputs","74.29","62.59","Buy","Aug 18, 2026","Uptrend","Aug 14, 2026","2389923.17","16.44","0.24","-1.3","Moving Up","","",,="5/9","<1","false","Swing"
"OKLO","Oklo Inc. Class A common stock","Utilities","Utilities - Independent Power Producers","39.69","26.89","Sell","Aug 18, 2026","Downtrend","Aug 14, 2026","8883971.57","68.77","0.84","-5.7","Moving Down","","Positive",,="2/9","<1","false","Swing"
"PHM","PulteGroup, Inc. Common Stock","Discretionary","Residential Construction","129.61","54.22","Sell","Aug 18, 2026","Neutral","Aug 21, 2026","1614572.67","22.03","0.22","0.47","Moving Down","","",,="1/9","<1","false","Swing"
"PR","Permian Resources Corporation Class A Common Stock","Energy","Oil & Gas E&P","23.69","74.14","Buy","Aug 18, 2026","Uptrend","Aug 06, 2026","9044964.67","576.85","2.4","-0.25","Moving Up","","",,="7/9","<1","false","Swing"
"PRCT","PROCEPT BioRobotics Corporation Common Stock","Health Care","Medical Devices","21.25","65.18","Sell","Aug 18, 2026","Uptrend","Aug 21, 2026","1636372.83","33.55","7.44","-1.98","Moving Up","","",,="4/9","<1","false","Swing"
"PRM","Perimeter Solutions, SA Common Stock","Materials","Specialty Chemicals","30.66","13.74","Sell","Aug 18, 2026","Downtrend","Aug 17, 2026","1580437.53","228.68","1.03","-2.48","Moving Down","","",,="3/9","<1","false","Swing"
"PSA","Public Storage Common Stock","Real Estate","REIT - Industrial","324.97","68.8","Sell","Aug 18, 2026","Uptrend","Jul 28, 2026","1072070.77","3.63","0.14","0.77","Moving Down","","",,="5/9","<1","false","Swing"
"QXO","QXO, Inc. Common Stock","Industrials","Industrial Distribution","13.41","29.24","Sell","Aug 18, 2026","Downtrend","Aug 17, 2026","19485739.73","-525.19","0.24","-2.54","Moving Down","","",,="2/9","<1","false","Swing"
"REYN","Reynolds Consumer Products Inc. Common Stock","Discretionary","Packaging & Containers","25.29","52.54","Sell","Aug 18, 2026","Downtrend","Aug 24, 2026","1131297.63","21.55","12.75","-0.71","Moving Down","","",,="2/9","<1","false","Swing"
"RPRX","Royalty Pharma plc Class A Ordinary Shares ","Health Care","Biotechnology","61.33","72.14","Buy","Aug 18, 2026","Uptrend","Dec 24, 2025","2792467.97","38.91","2.27","0.03","Moving Up","","",,="6/9","<1","false","Swing"
"SFM","Sprouts Farmers Market, Inc. Common Stock","Staples","Grocery Stores","86.13","53.38","Sell","Aug 18, 2026","Uptrend","Aug 24, 2026","1908083.37","623.89","5.02","6.23","Moving Down","","",,="4/9","<1","false","Swing"
"SMMT","Summit Therapeutics Inc. Common Stock ","Health Care","Biotechnology","12.73","21.06","Sell","Aug 18, 2026","Downtrend","Aug 14, 2026","4539846.53","-1462.32","0.09","-3.27","Moving Down","","",,="3/9","<1","false","Swing"
"STEP","StepStone Group Inc. Class A Common Stock","Financials","Asset Management","49.2","62.28","Sell","Aug 18, 2026","Uptrend","Aug 03, 2026","1308230.2","-11.45","0.27","-1.58","Moving Down","","",,="3/9","<1","false","Swing"
"SYK","Stryker Corporation Common Stock","Health Care","Medical Devices","327.81","61.75","Sell","Aug 18, 2026","Downtrend","Aug 24, 2026","2374172.57","-18.1","0.28","-0.5","Moving Down","","",,="3/9","<1","false","Swing"
"TAP","Molson Coors Beverage Company Class B Common Stock","Staples","Beverages - Brewers","42.99","66.74","Sell","Aug 18, 2026","Uptrend","Aug 19, 2026","2796471.43","-24.65","2.33","0.12","Moving Up","","",,="5/9","<1","false","Swing"
"TPG","TPG Inc. Class A Common Stock","Financials","Asset Management","52.84","82.9","Sell","Aug 18, 2026","Uptrend","Jul 30, 2026","2809965.8","0.17","0.02","0.84","Moving Up","","",,="4/9","<1","false","Swing"
"TRGP","Targa Resources, Inc. Common Stock","Energy","Oil & Gas Midstream","294.26","66.13","Buy","Aug 18, 2026","Uptrend","Aug 17, 2026","1241475.1","152.34","0.61","-1.62","Moving Up","","",,="7/9","<1","false","Swing"
"TRIN","Trinity Capital Inc. Common Stock","Financials","Asset Management","18.61","63.3","Sell","Aug 18, 2026","Uptrend","Aug 06, 2026","1030037.33","22.01","0.5","1.42","Moving Up","","",,="4/9","<1","false","Swing"
"U","Unity Software Inc. Common Stock","Technology","Software - Application","46.16","81.58","Sell","Aug 18, 2026","Uptrend","Jun 30, 2026","10873344.2","46.52","4.55","-1.64","Moving Down","","",,="2/9","<1","false","Swing"
"VET","Vermilion Energy Inc. Common (Canada)","Energy","Oil & Gas E&P","12.54","80.38","Buy","Aug 18, 2026","Uptrend","Aug 06, 2026","1419563.43","24.09","8.68","-1.49","Moving Up","","",,="7/9","<1","false","Swing"
"WAB","Westinghouse Air Brake Technologies Corporation Common Stock","Industrials","Railroads","297.62","82.98","Sell","Aug 18, 2026","Uptrend","Jul 22, 2026","1046467.53","44.36","0.41","0.02","Moving Down","","",,="3/9","<1","false","Swing"
"WY","Weyerhaeuser Company Common Stock","Real Estate","REIT - Specialty","24.39","68.08","Sell","Aug 18, 2026","Downtrend","Aug 24, 2026","5177064.3","-36.38","1.12","-0.16","Moving Down","","",,="4/9","<1","false","Swing"
"ADPT","Adaptive Biotechnologies Corporation Common Stock","Health Care","Diagnostics & Research","25.55","67.72","Sell","Aug 17, 2026","Uptrend","May 28, 2026","2543191.27","-230.77","0.26","-1.69","Moving Up","","",,="5/9","<1","false","Swing"
"AI","C3.ai, Inc. Class A Common Stock","Technology","Software - Infrastructure","10.11","59.53","Sell","Aug 17, 2026","Uptrend","Aug 03, 2026","4721988.5","-167.8","1.2","-1.84","Moving Down","","",,="3/9","<1","false","Swing"
"ALLE","Allegion plc Ordinary Shares","Industrials","Security & Protection Services","162.63","80.68","Sell","Aug 17, 2026","Uptrend","Jul 16, 2026","1267187.77","27.36","2.79","0.2","Moving Down","","",,="3/9","<1","false","Swing"
"BILL","BILL Holdings, Inc. Common Stock","Technology","Software - Application","48.16","63.23","Sell","Aug 17, 2026","Uptrend","Jul 01, 2026","2563463.53","-11.91","11.1","0.71","Moving Up","","",,="4/9","<1","false","Swing"
"BLZE","Backblaze, Inc. Class A Common Stock","Technology","Software - Infrastructure","15.55","62.1","Sell","Aug 17, 2026","Uptrend","Aug 03, 2026","3146329.77","17.28","1.88","-1.58","Moving Down","","",,="3/9","<1","false","Swing"
"BRK/B","Berkshire Hathaway Inc.","Financials","Insurance - Diversified","504.32","56.63","Sell","Aug 17, 2026","Neutral","Aug 24, 2026","4208224.1","43.62","0.98","1.71","Moving Down","","",,="2/9","<1","false","Swing"
"CCL","Carnival Corporation Ltd. Common Shares","Discretionary","Travel Services","25.71","50.37","Sell","Aug 17, 2026","Downtrend","Aug 19, 2026","17648957","60.39","6.25","-0.08","Moving Down","","",,="2/9","<1","false","Swing"
"CRWD","CrowdStrike Holdings, Inc. Class A Common Stock","Technology","Software - Infrastructure","190.68","51.58","Sell","Aug 17, 2026","Downtrend","Aug 24, 2026","7825157.5","50.74","0.7","-0.66","Moving Down","","Positive",,="2/9","<1","false","Swing"
"CSCO","Cisco Systems, Inc. Common Stock (DE)","Technology","Communication Equipment","110.23","60.08","Sell","Aug 17, 2026","Downtrend","Aug 17, 2026","21371856.23","78.48","1.61","-0.73","Moving Down","","",,="2/9","<1","false","Swing"
"CSIQ","Canadian Solar Inc. Common Shares (ON)","Technology","Solar","14.32","35.47","Sell","Aug 17, 2026","Downtrend","Aug 20, 2026","1810478.1","-77.15","3.41","-1.58","Moving Down","","",,="2/9","<1","false","Swing"
"DBX","Dropbox, Inc. Class A Common Stock","Technology","Software - Infrastructure","34.88","82.21","Sell","Aug 17, 2026","Uptrend","Jul 01, 2026","4029666.83","-100.6","0.06","1.19","Moving Down","","",,="3/9","<1","false","Swing"
"DHT","DHT Holdings, Inc.","Energy","Oil & Gas Midstream","19.72","65.29","Buy","Aug 17, 2026","Uptrend","Aug 06, 2026","2931298.23","197.36","2.12","-0.5","Moving Up","","",,="7/9","<1","false","Swing"
"EWTX","Edgewise Therapeutics, Inc. Common Stock","Health Care","Biotechnology","44.72","50.13","Sell","Aug 17, 2026","Uptrend","Aug 04, 2026","1124080.1","-149.97","0.22","1.22","Moving Down","","",,="4/9","<1","false","Swing"
"FRSH","Freshworks Inc. Class A Common Stock","Technology","Software - Application","13.19","92.76","Buy","Aug 17, 2026","Uptrend","Jul 24, 2026","10333396.73","2.69","4.52","1.62","Moving Up","","",,="5/9","<1","false","Swing"
"FTI","TechnipFMC plc Ordinary Share","Energy","Oil & Gas Equipment & Services","75.85","67.64","Buy","Aug 17, 2026","Uptrend","Aug 11, 2026","3152126.23","188.66","1.24","-2.07","Moving Down","","",,="6/9","<1","false","Swing"
"GM","General Motors Company Common Stock","Discretionary","Auto Manufacturers","86.98","71.75","Sell","Aug 17, 2026","Uptrend","Jul 22, 2026","6223549.2","74.51","1.66","-1.08","Moving Down","","Negative",,="2/9","<1","false","Swing"
"HLIT","Harmonic Inc. Common Stock","Technology","Communication Equipment","12.01","54.32","Buy","Aug 17, 2026","Neutral","Aug 19, 2026","1576316.97","-139.76","0.1","-3.69","Moving Up","","",,="4/9","<1","false","Swing"
"HUM","Humana Inc. Common Stock","Health Care","Healthcare Plans","386.61","71.08","Buy","Aug 17, 2026","Uptrend","Aug 24, 2026","1364625.3","-76.25","0.03","2.04","Moving Down","","Positive",,="5/9","<1","false","Swing"
"INFY","Infosys Limited American Depositary Shares","Technology","Information Technology Services","11.82","55.75","Sell","Aug 17, 2026","Neutral","Aug 24, 2026","22523744.67","-2.3","0.3","-1.01","Moving Down","","",,="2/9","<1","false","Swing"
"IP","International Paper Company Common Stock","Discretionary","Packaging & Containers","41.04","77.03","Sell","Aug 17, 2026","Uptrend","Jun 11, 2026","4839363.63","-67.54","0.01","-1.08","Moving Down","","",,="3/9","<1","false","Swing"
"IQV","IQVIA Holdings, Inc. Common Stock","Health Care","Diagnostics & Research","260.24","91.38","Sell","Aug 17, 2026","Uptrend","Jun 25, 2026","1398082","4.74","0.2","0.16","Moving Up","","",,="5/9","<1","false","Swing"
"LOGI","Logitech International S.A. Ordinary Shares","Technology","Computer Hardware","97.21","47.31","Sell","Aug 17, 2026","Downtrend","Aug 17, 2026","1088622.17","188.59","4.96","1.23","Moving Down","","",,="2/9","<1","false","Swing"
"LPX","Louisiana-Pacific Corporation Common Stock","Industrials","Building Products & Equipment","72.62","59.56","Sell","Aug 17, 2026","Downtrend","Aug 20, 2026","1163702.13","84.58","1.61","-0.77","Moving Down","","",,="2/9","<1","false","Swing"
"LRCX","Lam Research Corporation Common Stock","Technology","Semiconductor Equipment & Materials","310.17","61.81","Buy","Aug 17, 2026","Downtrend","Aug 24, 2026","10017064.57","137.74","0.37","-1.22","Moving Up","","",,="4/9","<1","false","Swing"
"LULU","lululemon athletica inc. Common Stock","Discretionary","Apparel Retail","122.78","48.49","Sell","Aug 17, 2026","Uptrend","Aug 24, 2026","2517057.13","170.61","15.99","1.41","Moving Up","","",,="4/9","<1","false","Swing"
"MOS","Mosaic Company (The) Common Stock","Materials","Agricultural Inputs","24","61.08","Sell","Aug 17, 2026","Uptrend","Aug 21, 2026","7808226.47","28.55","6.84","-1.68","Moving Up","","",,="4/9","<1","false","Swing"
"MPLX","MPLX LP Common Units Representing Limited Partner Interests","Energy","Oil & Gas Midstream","58.46","68.72","Sell","Aug 17, 2026","Uptrend","Jul 02, 2026","1502152.43","3.57","0.01","0.09","Moving Down","","",,="5/9","<1","false","Swing"
"MRAM","Everspin Technologies, Inc. Common Stock","Technology","Semiconductors","16.14","57.21","Buy","Aug 17, 2026","Neutral","Aug 19, 2026","1277450.63","490.6","9.78","-5.67","Moving Down","","",,="3/9","<1","false","Swing"
"MRK","Merck & Company, Inc. Common Stock (new)","Health Care","Drug Manufacturers - General","150.66","87.9","Buy","Aug 17, 2026","Uptrend","Jun 23, 2026","9901280.97","-45.65","0.22","-1.24","Moving Up","","",,="6/9","<1","false","Swing"
"MU","Micron Technology, Inc. Common Stock","Technology","Semiconductors","910.43","45.92","Buy","Aug 17, 2026","Uptrend","Aug 14, 2026","39546502.07","1286.2","2.14","-5.83","Moving Up","","Negative","true",="5/9","<1","false","Swing"
"NET","Cloudflare, Inc. Class A Common Stock","Technology","Software - Infrastructure","280.35","45.62","Sell","Aug 17, 2026","Uptrend","Jun 29, 2026","3636651.47","245.93","2.92","-4.36","Moving Down","","",,="3/9","<1","false","Swing"
"NLY","Annaly Capital Management Inc. Common Stock","Real Estate","REIT - Mortgage","23.25","71.72","Buy","Aug 17, 2026","Uptrend","Jul 24, 2026","6891155.67","-4.73","9.27","0.39","Moving Down","","",,="6/9","<1","false","Swing"
"NU","Nu Holdings Ltd. Class A Ordinary Shares","Financials","Banks - Regional","14.76","73.18","Buy","Aug 17, 2026","Uptrend","Aug 14, 2026","88194709.63","25.94","2.49","1.23","Moving Down","","",,="4/9","<1","false","Swing"
"OII","Oceaneering International, Inc. Common Stock","Energy","Oil & Gas Equipment & Services","50.46","86.06","Buy","Aug 17, 2026","Uptrend","Jun 29, 2026","1077366.47","211.16","2.21","-4.79","Moving Down","","",,="6/9","<1","false","Swing"
"OTIS","Otis Worldwide Corporation Common Stock ","Industrials","Specialty Industrial Machinery","72.19","45.21","Sell","Aug 17, 2026","Downtrend","Aug 17, 2026","3650888.3","-17.4","0.36","0.98","Moving Up","","",,="2/9","<1","false","Swing"
"OWL","Blue Owl Capital Inc. Class A Common Stock","Financials","Asset Management","11.68","74.16","Sell","Aug 17, 2026","Uptrend","Jul 27, 2026","18740107.87","-7.15","0.08","0.09","Moving Down","","",,="3/9","<1","false","Swing"
"PATH","UiPath, Inc. Class A Common Stock","Technology","Software - Infrastructure","16.57","74.27","Sell","Aug 17, 2026","Uptrend","Jul 28, 2026","76813853.77","-38.52","3.03","1.1","Moving Up","","Positive",,="4/9","<1","false","Swing"
"PEP","PepsiCo, Inc. Common Stock","Staples","Beverages - Non-Alcoholic","144.67","46.71","Buy","Aug 17, 2026","Uptrend","Aug 19, 2026","7082678.47","19.11","4.34","0.83","Moving Up","","Positive",,="6/9","<1","false","Swing"
"PFG","Principal Financial Group Inc Common Stock","Financials","Asset Management","111.89","71.74","Sell","Aug 17, 2026","Neutral","Aug 21, 2026","1366492.73","7.42","0.17","1.03","Moving Down","","",,="1/9","<1","false","Swing"
"PNFP","Pinnacle Financial Partners, Inc. Common stock","Financials","Banks - Regional","101.34","67.99","Sell","Aug 17, 2026","Downtrend","Aug 24, 2026","1169015.5","54.22","2.65","-0.9","Moving Down","","",,="2/9","<1","false","Swing"
"PPTA","Perpetua Resources Corp. Common Shares","Materials","Other Precious Metals & Mining","25.93","52.45","Sell","Aug 17, 2026","Uptrend","Aug 05, 2026","1221746.03","-33.19","0.31","0.89","Moving Up","","",,="4/9","<1","false","Swing"
"PSX","Phillips 66 Common Stock","Energy","Oil & Gas Refining & Marketing","241.96","96.91","Buy","Aug 17, 2026","Uptrend","Jul 07, 2026","2550146.47","61.74","1.4","-0.37","Moving Up","","",,="7/9","<1","false","Swing"
"PTY","Pimco Corporate & Income Opportunity Fund","Financials","Closed-End Fund - Debt","11.76","45.96","Sell","Aug 17, 2026","Downtrend","Aug 13, 2026","1256459.6","16.14","3.83","0.09","Moving Down","","",,="2/9","<1","false","Swing"
"PWP","Perella Weinberg Partners Class A Common Stock","Financials","Capital Markets","16.46","51.04","Sell","Aug 17, 2026","Neutral","Aug 18, 2026","1150462.43","32.44","1.92","-0.9","Moving Down","","",,="2/9","<1","false","Swing"
"RCL","Royal Caribbean Cruises Ltd. Common Stock","Discretionary","Travel Services","293","51.48","Sell","Aug 17, 2026","Downtrend","Aug 19, 2026","2027160.17","214.2","5.19","0.34","Moving Down","","",,="2/9","<1","false","Swing"
"SDGR","Schrodinger, Inc. Common Stock","Health Care","Health Information Services","18.77","79.33","Sell","Aug 17, 2026","Uptrend","Aug 05, 2026","1066323.07","-101.75","2.45","-4.77","Moving Up","","",,="5/9","<1","false","Swing"
"SHC","Sotera Health Company Common Stock","Health Care","Diagnostics & Research","19.17","43.81","Sell","Aug 17, 2026","Uptrend","Jun 18, 2026","3046588.3","69.66","19.23","-2.04","Moving Down","","",,="4/9","<1","false","Swing"
"SJM","The J.M. Smucker Company Common Stock","Staples","Packaged Foods","125.87","76.42","Buy","Aug 17, 2026","Uptrend","Jul 16, 2026","1269156.33","-89.14","0.08","1.25","Moving Up","","",,="7/9","<1","false","Swing"
"SONO","Sonos, Inc. Common Stock","Technology","Consumer Electronics","15.41","66.14","Buy","Aug 17, 2026","Uptrend","Aug 03, 2026","1908782.77","-84.25","2.12","-2.65","Moving Down","","",,="4/9","<1","false","Swing"
"SYY","Sysco Corporation Common Stock","Staples","Food Distribution","83.86","77.59","Sell","Aug 17, 2026","Uptrend","Aug 24, 2026","3151574.77","-29.95","0.03","-0.29","Moving Down","","",,="4/9","<1","false","Swing"
"TMO","Thermo Fisher Scientific Inc Common Stock","Health Care","Diagnostics & Research","628.74","80.99","Sell","Aug 17, 2026","Uptrend","Jun 24, 2026","2080984.13","19.74","0.64","-0.08","Moving Up","","",,="4/9","<1","false","Swing"
"VLO","Valero Energy Corporation Common Stock","Energy","Oil & Gas Refining & Marketing","346","87.06","Buy","Aug 17, 2026","Uptrend","Jun 26, 2026","2595035.63","160.88","1.31","-0.82","Moving Up","","",,="7/9","<1","false","Swing"
"ZETA","Zeta Global Holdings Corp. Class A Common Stock","Technology","Software - Infrastructure","28.47","71.13","Sell","Aug 17, 2026","Uptrend","Jul 28, 2026","8427666.3","-24.21","0.32","-2.06","Moving Up","","",,="4/9","<1","false","Swing"
"AGNC","AGNC Investment Corp. Common Stock","Real Estate","REIT - Mortgage","10.98","67.8","Buy","Aug 14, 2026","Uptrend","Aug 13, 2026","18436545.1","34.03","6.19","0.83","Moving Up","","",,="7/9","<1","false","Swing"
"ALK","Alaska Air Group, Inc. Common Stock","Industrials","Airlines","41.56","46.68","Sell","Aug 14, 2026","Downtrend","Aug 14, 2026","2782401.93","-18.81","6.59","2.85","Moving Down","","",,="2/9","<1","false","Swing"
"CBZ","CBIZ, Inc. Common Stock","Industrials","Specialty Business Services","54.6","92.46","Sell","Aug 14, 2026","Uptrend","Jul 01, 2026","1686038","-68.24","0.24","-0.11","Moving Down","","",,="2/9","<1","false","Swing"
"COHU","Cohu, Inc. Common Stock","Technology","Semiconductor Equipment & Materials","51.3","59.4","Buy","Aug 14, 2026","Neutral","Aug 24, 2026","1003018.33","13.51","0.26","-5.65","Moving Down","","",,="3/9","<1","false","Swing"
"CP","Canadian Pacific Kansas City Limited Common Shares","Industrials","Railroads","94.68","76.84","Buy","Aug 14, 2026","Uptrend","Jul 31, 2026","2511686.97","113.13","3.36","-2.08","Moving Up","","",,="5/9","<1","false","Swing"
"CVE","Cenovus Energy Inc Common Stock","Energy","Oil & Gas Integrated","32.17","87.88","Buy","Aug 14, 2026","Uptrend","Jul 14, 2026","6471738.57","108.43","1.32","-2.31","Moving Up","","",,="7/9","<1","false","Swing"
"DAR","Darling Ingredients Inc. Common Stock","Staples","Packaged Foods","62.32","74.98","Buy","Aug 14, 2026","Uptrend","Aug 10, 2026","2310023.17","-19.08","0.32","-5.2","Moving Up","","",,="7/9","<1","false","Swing"
"DKNG","DraftKings Inc. Class A Common Stock","Discretionary","Gambling","25.97","61.63","Buy","Aug 14, 2026","Uptrend","Aug 19, 2026","12247853.03","40.87","17.09","-0.76","Moving Up","","",,="4/9","<1","false","Swing"
"DT","Dynatrace, Inc. Common Stock","Technology","Software - Application","49.05","77.6","Sell","Aug 14, 2026","Uptrend","Jul 30, 2026","5826102.47","21.29","27.41","-0.51","Moving Up","","",,="3/9","<1","false","Swing"
"DUOT","Duos Technologies Group, Inc. Common Stock","Technology","Software - Application","10.27","61.17","Buy","Aug 14, 2026","Uptrend","Aug 17, 2026","1107848.2","-63.6","0.22","-0.48","Moving Down","","",,="4/9","<1","false","Swing"
"EOG","EOG Resources, Inc. Common Stock","Energy","Oil & Gas E&P","150.21","68.66","Buy","Aug 14, 2026","Uptrend","Aug 10, 2026","2809210.93","46.7","1.4","-1.86","Moving Up","","",,="7/9","<1","false","Swing"
"GOOG","Alphabet Inc. Class C Capital Stock","Communication","Internet Content & Information","344.59","39.04","Sell","Aug 14, 2026","Downtrend","Aug 13, 2026","19069362.57","259.73","1.69","0.83","Moving Down","","Negative",,="3/9","<1","false","Swing"
"GOOGL","Alphabet Inc. Class A Common Stock","Communication","Internet Content & Information","348.06","59.96","Sell","Aug 14, 2026","Downtrend","Aug 13, 2026","28378173.87","166.86","1.05","0.94","Moving Down","","Negative","true",="3/9","<1","false","Swing"
"GTES","Gates Industrial Corporation plc Ordinary Shares","Industrials","Specialty Industrial Machinery","26.03","32.94","Sell","Aug 14, 2026","Downtrend","Aug 19, 2026","1889128.53","-41.45","0.17","0.5","Moving Down","","",,="2/9","<1","false","Swing"
"HOG","Harley-Davidson, Inc. Common Stock","Discretionary","Recreational Vehicles","28.29","81.93","Buy","Aug 14, 2026","Uptrend","Aug 05, 2026","2427429.17","47.26","10.43","0.32","Moving Up","","",,="5/9","<1","false","Swing"
"KEP","Korea Electric Power Corporation Common Stock","Utilities","Utilities - Regulated Electric","11.31","38.99","Sell","Aug 14, 2026","Downtrend","Aug 13, 2026","1111660.07","32.39","35.25","0.44","Moving Down","","",,="2/9","<1","false","Swing"
"LADR","Ladder Capital Corp Class A Common Stock","Real Estate","REIT - Mortgage","10.02","75.14","Buy","Aug 14, 2026","Uptrend","Aug 18, 2026","1174942.83","41.46","8.97","1.01","Moving Up","","",,="6/9","<1","false","Swing"
"MGY","Magnolia Oil & Gas Corporation Class A Common Stock","Energy","Oil & Gas E&P","27.22","71.49","Buy","Aug 14, 2026","Uptrend","Aug 14, 2026","5885947.57","-48.14","0.02","-3.27","Moving Up","","",,="6/9","<1","false","Swing"
"MKC","McCormick & Company, Incorporated Common Stock","Staples","Packaged Foods","56.2","72.09","Buy","Aug 14, 2026","Uptrend","Jul 28, 2026","2896570.6","15.91","4.55","1.43","Moving Up","","",,="7/9","<1","false","Swing"
"MPC","Marathon Petroleum Corporation Common Stock","Energy","Oil & Gas Refining & Marketing","362.52","93.73","Buy","Aug 14, 2026","Uptrend","Jul 01, 2026","2250832.13","1025.89","1.18","0.5","Moving Up","","",,="7/9","<1","false","Swing"
"MRNA","Moderna, Inc. Common Stock","Health Care","Biotechnology","138.89","93.79","Buy","Aug 14, 2026","Uptrend","Aug 13, 2026","17972728.7","202.56","22.57","-4.3","Moving Up","","Negative",,="6/9","<1","false","Swing"
"MRVL","Marvell Technology, Inc. Common Stock","Technology","Semiconductors","229.29","73.98","Buy","Aug 14, 2026","Uptrend","Aug 13, 2026","23186420.83","337.54","1.25","-3.27","Moving Up","","Positive","true",="5/9","<1","false","Swing"
"NVCR","NovoCure Limited Ordinary Shares","Health Care","Medical Devices","16.76","58.8","Buy","Aug 14, 2026","Uptrend","Aug 10, 2026","1586578.87","49.88","6.67","-1.99","Moving Down","","",,="5/9","<1","false","Swing"
"NVST","Envista Holdings Corporation Common Stock","Health Care","Medical Instruments & Supplies","27.34","40.19","Sell","Aug 14, 2026","Uptrend","Jun 15, 2026","2870742.33","-31.51","3.56","0.51","Moving Down","","Positive",,="3/9","<1","false","Swing"
"OKE","ONEOK, Inc. Common Stock","Energy","Oil & Gas Midstream","93.02","64.74","Buy","Aug 14, 2026","Uptrend","Aug 12, 2026","3643437.67","-29.82","0.24","-0.33","Moving Up","","",,="7/9","<1","false","Swing"
"PAYX","Paychex, Inc. Common Stock","Technology","Software - Application","126.01","93.84","Sell","Aug 14, 2026","Uptrend","Jun 25, 2026","2884335.8","-36.29","0.25","1.23","Moving Down","","",,="2/9","<1","false","Swing"
"PCAR","PACCAR Inc. Common Stock","Industrials","Farm & Heavy Construction Machinery","129.94","75.89","Sell","Aug 14, 2026","Neutral","Aug 24, 2026","3315949.67","99.71","1.43","-0.83","Moving Down","","",,="2/9","<1","false","Swing"
"PDD","PDD Holdings Inc. American Depositary Shares","Discretionary","Internet Retail","87.07","58.83","Sell","Aug 14, 2026","Neutral","Aug 24, 2026","6303626.97","-16.63","0.06","-1.48","Moving Up","","Positive","true",="3/9","<1","false","Swing"
"PRCH","Porch Group, Inc. Common Stock","Financials","Insurance - Property & Casualty","17.06","55.93","Sell","Aug 14, 2026","Uptrend","Jul 31, 2026","1639274.73","219.67","5.94","-0.18","Moving Down","","",,="3/9","<1","false","Swing"
"QSR","Restaurant Brands International Inc. Common Shares","Discretionary","Restaurants","81.57","79.51","Buy","Aug 14, 2026","Uptrend","Aug 13, 2026","2298678.8","-31.46","0.17","0.88","Moving Up","","",,="4/9","<1","false","Swing"
"RELX","RELX PLC PLC American Depositary Shares (Each representing One Ordinary Share)","Industrials","Specialty Business Services","36.39","73.25","Sell","Aug 14, 2026","Uptrend","Aug 19, 2026","2545712.93","-8.64","0.33","1.34","Moving Up","","",,="3/9","<1","false","Swing"
"RKLB","Rocket Lab Corporation Common Stock","Industrials","Aerospace & Defense","68.28","15.87","Sell","Aug 14, 2026","Downtrend","Aug 21, 2026","18415117.83","2249.27","5.31","-5.91","Moving Down","","Negative",,="2/9","<1","false","Swing"
"RLAY","Relay Therapeutics, Inc. Common Stock","Health Care","Biotechnology","19.76","43.97","Sell","Aug 14, 2026","Uptrend","May 26, 2026","2112530.63","6.22","4.97","1.65","Moving Down","","",,="4/9","<1","false","Swing"
"RNG","RingCentral, Inc. Class A Common Stock","Technology","Software - Application","67.08","85.82","Sell","Aug 14, 2026","Uptrend","Jul 24, 2026","2205570.77","-46.89","5.75","0.1","Moving Down","","",,="2/9","<1","false","Swing"
"ROST","Ross Stores, Inc. Common Stock","Discretionary","Apparel Retail","241.52","73.09","Sell","Aug 14, 2026","Neutral","Aug 21, 2026","2421207.47","35.99","0.88","1.04","Moving Down","","",,="2/9","<1","false","Swing"
"STZ","Constellation Brands, Inc. Common Stock","Staples","Beverages - Brewers","137.6","58.98","Buy","Aug 14, 2026","Uptrend","Aug 24, 2026","1737254.53","-55.98","1.25","1.43","Moving Up","","",,="7/9","<1","false","Swing"
"TAL","TAL Education Group American Depositary Shares","Staples","Education & Training Services","11.48","61.23","Sell","Aug 14, 2026","Uptrend","Jul 08, 2026","4517524.93","3.52","3.56","1.41","Moving Down","","",,="5/9","<1","false","Swing"
"TPR","Tapestry, Inc. Common Stock","Discretionary","Luxury Goods","132.16","43.92","Sell","Aug 14, 2026","Downtrend","Aug 14, 2026","2759377.87","375.34","2.38","1.53","Moving Down","","",,="2/9","<1","false","Swing"
"VERX","Vertex, Inc. Class A Common Stock","Technology","Software - Application","13.68","84.12","Buy","Aug 14, 2026","Uptrend","Aug 18, 2026","2319204.73","-80.53","0.49","1.56","Moving Up","","",,="4/9","<1","false","Swing"
"VSXY","Victorias Secret & Co. Common Stock ","Discretionary","Apparel Retail","87.12","50.83","Sell","Aug 14, 2026","Neutral","Aug 21, 2026","1589891.03","245.41","1.62","2.03","Moving Down","","",,="2/9","<1","false","Swing"
"YUMC","Yum China Holdings, Inc. Common Stock","Discretionary","Restaurants","48.92","63.12","Sell","Aug 14, 2026","Uptrend","Jul 27, 2026","1533902.93","0.86","3.81","-1.21","Moving Up","","",,="4/9","<1","false","Swing"
"ACM","AECOM Common Stock","Industrials","Engineering & Construction","64.99","31.85","Sell","Aug 13, 2026","Downtrend","Aug 12, 2026","1949038.93","-25.67","0.21","0.31","Moving Down","","",,="2/9","<1","false","Swing"
"ADP","Automatic Data Processing, Inc. Common Stock","Technology","Software - Application","283.01","92.72","Sell","Aug 13, 2026","Uptrend","Jun 30, 2026","2381554.47","141.99","6.07","0.78","Moving Down","","",,="2/9","<1","false","Swing"
"AEO","American Eagle Outfitters, Inc. Common Stock","Discretionary","Apparel Retail","16.87","42.5","Sell","Aug 13, 2026","Downtrend","Aug 13, 2026","4196011.67","184.16","31.38","4.33","Moving Down","","",,="2/9","<1","false","Swing"
"AER","AerCap Holdings N.V. Ordinary Shares","Industrials","Rental & Leasing Services","147.56","50.28","Sell","Aug 13, 2026","Downtrend","Aug 19, 2026","1001505.4","-26.07","0.31","0.87","Moving Down","","",,="2/9","<1","false","Swing"
"ARMK","Aramark Common Stock","Industrials","Specialty Business Services","59.28","86.12","Buy","Aug 13, 2026","Uptrend","Aug 11, 2026","2698750.6","19.98","1.54","-0.82","Moving Down","","",,="4/9","<1","false","Swing"
"ASML","ASML Holding N.V. New York Registry Shares","Technology","Semiconductor Equipment & Materials","1740.13","70.62","Buy","Aug 13, 2026","Uptrend","Aug 12, 2026","1657945.2","125.03","0.73","-1.34","Moving Down","","",,="4/9","<1","false","Swing"
"AVPT","AvePoint, Inc. Class A Common Stock","Technology","Software - Infrastructure","13.24","60.73","Sell","Aug 13, 2026","Uptrend","Jun 29, 2026","1978863.23","184","4.49","-0.97","Moving Down","","",,="3/9","<1","false","Swing"
"BABA","Alibaba Group Holding Limited American Depositary Shares each representing eight Ordinary share","Discretionary","Internet Retail","118.47","48.21","Sell","Aug 13, 2026","Neutral","Aug 21, 2026","11662987.27","9.53","4.92","-0.73","Moving Down","","Negative","true",="2/9","<1","false","Swing"
"BILI","Bilibili Inc. American Depositary Shares","Communication","Internet Content & Information","16.5","21.79","Sell","Aug 13, 2026","Downtrend","Aug 13, 2026","2288601.8","-42.92","5.08","-3.28","Moving Down","","",,="3/9","<1","false","Swing"
"BTU","Peabody Energy Corporation Common Stock ","Energy","Thermal Coal","27.9","53.12","Buy","Aug 13, 2026","Uptrend","Aug 14, 2026","2369365.1","-119.48","0.17","1.05","Moving Up","","",,="7/9","<1","false","Swing"
"BUD","Anheuser-Busch Inbev SA Sponsored ADR (Belgium)","Staples","Beverages - Brewers","79.3","55.77","Sell","Aug 13, 2026","Downtrend","Aug 12, 2026","1731584.63","48.4","41.43","0.48","Moving Down","","",,="4/9","<1","false","Swing"
"BZ","KANZHUN LIMITED American Depository Shares","Communication","Internet Content & Information","15.44","59.95","Sell","Aug 13, 2026","Uptrend","Jul 13, 2026","3611179.37","49.62","9.41","-3.2","Moving Down","","",,="4/9","<1","false","Swing"
"CBRE","CBRE Group Inc Common Stock Class A","Real Estate","Real Estate Services","151.93","64.97","Sell","Aug 13, 2026","Uptrend","Jul 24, 2026","1597747.57","53.65","1.11","-0.11","Moving Down","","",,="5/9","<1","false","Swing"
"CNM","Core & Main, Inc. Class A Common Stock","Industrials","Industrial Distribution","44.39","45.51","Sell","Aug 13, 2026","Downtrend","Aug 20, 2026","1821204.83","-55.96","0.13","-1.09","Moving Down","","",,="2/9","<1","false","Swing"
"CRNX","Crinetics Pharmaceuticals, Inc. Common Stock","Health Care","Biotechnology","84.78","60.2","Sell","Aug 13, 2026","Uptrend","Jun 26, 2026","2952067.13","313.13","2.91","0.11","Moving Down","","",,="4/9","<1","false","Swing"
"CZR","Caesars Entertainment, Inc. Common Stock","Discretionary","Resorts & Casinos","29.66","70.62","Sell","Aug 13, 2026","Neutral","Aug 13, 2026","3680913.23","-41.62","4.43","-0.34","Moving Down","","",,="1/9","<1","false","Swing"
"DXC","DXC Technology Company Common Stock ","Technology","Information Technology Services","10.63","68.25","Sell","Aug 13, 2026","Uptrend","Jul 24, 2026","3522965.27","-111.51","2.25","-1.57","Moving Down","","",,="2/9","<1","false","Swing"
"EFC","Ellington Financial Inc. Common Stock ","Real Estate","REIT - Mortgage","13.62","68.22","Buy","Aug 13, 2026","Uptrend","Aug 12, 2026","1130699.47","5.18","0.46","-0.07","Moving Up","","",,="6/9","<1","false","Swing"
"ELV","Elevance Health, Inc. Common Stock","Health Care","Healthcare Plans","402.63","69.98","Buy","Aug 13, 2026","Uptrend","Aug 12, 2026","1251516.17","5.84","0.45","0.52","Moving Up","","",,="6/9","<1","false","Swing"
"EQNR","Equinor ASA","Energy","Oil & Gas Integrated","42.37","74.93","Buy","Aug 13, 2026","Uptrend","Jul 14, 2026","3305806.17","27.11","0.75","-1.14","Moving Up","","Positive",,="6/9","<1","false","Swing"
"EXPD","Expeditors International of Washington, Inc. Common Stock","Industrials","Integrated Freight & Logistics","187.83","86.9","Buy","Aug 13, 2026","Uptrend","May 05, 2026","1140992.03","-21.46","0.32","0.01","Moving Up","","",,="5/9","<1","false","Swing"
"FA","First Advantage Corporation Common Stock","Industrials","Specialty Business Services","20.69","67.13","Sell","Aug 13, 2026","Uptrend","Apr 13, 2026","2433130.77","-13.55","0.26","-1","Moving Down","","",,="3/9","<1","false","Swing"
"GILD","Gilead Sciences, Inc. Common Stock","Health Care","Drug Manufacturers - General","146.74","62.74","Buy","Aug 13, 2026","Uptrend","Aug 07, 2026","6355405.27","75.32","1.45","0.42","Moving Up","","",,="6/9","<1","false","Swing"
"GMAB","Genmab A/S ADS","Health Care","Biotechnology","33.02","87.13","Buy","Aug 13, 2026","Uptrend","Jun 30, 2026","2421034.6","76.13","4.83","-1.29","Moving Up","","",,="6/9","<1","false","Swing"
"GPGI","GPGI, Inc. Class A Common Stock","Industrials","Metal Fabrication","13.06","31.25","Sell","Aug 13, 2026","Downtrend","Aug 12, 2026","1309998.3","-60.62","0.22","2.11","Moving Up","","","true",="3/9","<1","false","Swing"
"GPN","Global Payments Inc. Common Stock","Technology","Software - Infrastructure","94.3","92.69","Sell","Aug 13, 2026","Uptrend","Jun 29, 2026","3123399.8","-49.13","3.17","0.87","Moving Up","","",,="4/9","<1","false","Swing"
"HON","Honeywell International Inc. Common Stock","Industrials","Conglomerates","214.77","65.13","Sell","Aug 13, 2026","Downtrend","Aug 17, 2026","3147834.9","-46.43","0.12","-0.52","Moving Down","","",,="2/9","<1","false","Swing"
"HWM","Howmet Aerospace Inc. Common Stock","Industrials","Aerospace & Defense","263.29","57.28","Sell","Aug 13, 2026","Downtrend","Aug 21, 2026","2056033.57","358.36","1.05","-3.09","Moving Down","","",,="2/9","<1","false","Swing"
"IMVT","Immunovant, Inc. Common Stock","Health Care","Biotechnology","43.32","66.81","Buy","Aug 13, 2026","Uptrend","May 20, 2026","1010373.83","-153.89","0.14","-2.37","Moving Down","","",,="5/9","<1","false","Swing"
"IR","Ingersoll Rand Inc. Common Stock","Industrials","Specialty Industrial Machinery","79.99","47.13","Sell","Aug 13, 2026","Downtrend","Aug 18, 2026","4272699.6","37.3","1.85","-0.65","Moving Down","","",,="2/9","<1","false","Swing"
"LNC","Lincoln National Corporation Common Stock","Financials","Insurance - Life","42.38","69.95","Sell","Aug 13, 2026","Neutral","Aug 24, 2026","2037688.63","-28.34","2.56","0.55","Moving Down","","",,="2/9","<1","false","Swing"
"LNG","Cheniere Energy, Inc. Common Stock","Energy","Oil & Gas Midstream","280.79","71.07","Buy","Aug 13, 2026","Uptrend","Jul 01, 2026","1600894.67","-75.85","0.35","1.18","Moving Up","","",,="7/9","<1","false","Swing"
"MTDR","Matador Resources Company Common Stock","Energy","Oil & Gas E&P","57.5","79.42","Buy","Aug 13, 2026","Uptrend","Aug 14, 2026","2101281.07","295.71","2.23","-1.51","Moving Up","","",,="7/9","<1","false","Swing"
"OTEX","Open Text Corporation Common Shares","Technology","Software - Application","24.58","77.87","Sell","Aug 13, 2026","Uptrend","Jul 27, 2026","1620337.5","0.14","3.06","-0.34","Moving Down","","",,="3/9","<1","false","Swing"
"PPG","PPG Industries, Inc. Common Stock","Materials","Specialty Chemicals","113.23","66.33","Sell","Aug 13, 2026","Downtrend","Aug 12, 2026","1641640.57","-41.06","0.8","-0.35","Moving Down","","",,="3/9","<1","false","Swing"
"SNOW","Snowflake Inc. Common Stock","Technology","Software - Application","322.78","66.57","Sell","Aug 13, 2026","Uptrend","May 15, 2026","4531602.77","116.96","6.02","-3","Moving Up","","",,="4/9","<1","false","Swing"
"ST","Sensata Technologies Holding plc Ordinary Shares","Technology","Scientific & Technical Instruments","41.96","65.36","Sell","Aug 13, 2026","Downtrend","Aug 13, 2026","1633916.9","-41.3","1.84","-2.03","Moving Down","","",,="2/9","<1","false","Swing"
"TJX","TJX Companies, Inc. (The) Common Stock","Discretionary","Apparel Retail","140.71","32.59","Sell","Aug 13, 2026","Downtrend","Aug 13, 2026","5624519.4","30.89","0.57","0.13","Moving Down","","",,="2/9","<1","false","Swing"
"VIPS","Vipshop Holdings Limited American Depositary Shares, each representing two ordinary shares","Discretionary","Internet Retail","14.32","38.72","Sell","Aug 13, 2026","Downtrend","Aug 24, 2026","1868306.43","43.34","45.32","-1.45","Moving Down","","",,="2/9","<1","false","Swing"
"VNT","Vontier Corporation Common Stock ","Technology","Scientific & Technical Instruments","33.24","54.96","Sell","Aug 13, 2026","Uptrend","Jul 24, 2026","1548176.57","34.85","1.32","0.79","Moving Up","","",,="4/9","<1","false","Swing"
"ZG","Zillow Group, Inc. Class A Common Stock","Communication","Internet Content & Information","37.95","59.6","Sell","Aug 13, 2026","Uptrend","Aug 18, 2026","1318326.2","-48.47","1.19","3.18","Moving Up","","",,="5/9","<1","false","Swing"
"AAL","American Airlines Group Inc. Common Stock","Industrials","Airlines","13.63","44.56","Sell","Aug 12, 2026","Downtrend","Aug 11, 2026","81377565.7","-26.31","6.91","-1.37","Moving Down","","",,="2/9","<1","false","Swing"
"AAP","Advance Auto Parts Inc.","Discretionary","Auto Parts","43.63","46.03","Sell","Aug 12, 2026","Downtrend","Aug 19, 2026","2178591.7","-6.08","37.82","2.47","Moving Down","","",,="2/9","<1","false","Swing"
"ALB","Albemarle Corporation Common Stock","Materials","Specialty Chemicals","141.51","65.61","Buy","Aug 12, 2026","Uptrend","Aug 21, 2026","2237943.3","161.71","4.93","-1.21","Moving Up","","",,="6/9","<1","false","Swing"
"ALKT","Alkami Technology, Inc. Common Stock","Technology","Software - Application","20.31","81.33","Sell","Aug 12, 2026","Uptrend","Jul 27, 2026","1281056.33","-3.44","0.23","-0.34","Moving Up","","",,="4/9","<1","false","Swing"
"ALL","Allstate Corporation (The) Common Stock","Financials","Insurance - Property & Casualty","260.19","69.27","Sell","Aug 12, 2026","Neutral","Aug 21, 2026","1694333.7","21.01","0.39","2.51","Moving Down","","",,="2/9","<1","false","Swing"
"ARLO","Arlo Technologies, Inc. Common Stock","Industrials","Building Products & Equipment","13.09","35.78","Sell","Aug 12, 2026","Downtrend","Aug 19, 2026","1234216.5","-73.23","0.1","-0.08","Moving Down","","",,="2/9","<1","false","Swing"
"CDW","CDW Corporation Common Stock","Technology","Information Technology Services","132.51","63.71","Sell","Aug 12, 2026","Downtrend","Aug 24, 2026","1889839.1","-87.59","0.24","-3.45","Moving Down","","",,="2/9","<1","false","Swing"
"CLBT","Cellebrite DI Ltd. Ordinary Shares","Technology","Software - Infrastructure","11.49","19.26","Sell","Aug 12, 2026","Downtrend","Aug 13, 2026","3412513.7","-87.37","0.11","3.98","Moving Up","","",,="3/9","<1","false","Swing"
"COGT","Cogent Biosciences, Inc. Common Stock","Health Care","Biotechnology","36.23","27.97","Sell","Aug 12, 2026","Downtrend","Aug 14, 2026","1846537.87","202.51","2.22","-1.36","Moving Down","","",,="3/9","<1","false","Swing"
"CTAS","Cintas Corporation Common Stock","Industrials","Specialty Business Services","207.4","76.62","Sell","Aug 12, 2026","Uptrend","Jul 02, 2026","2304795.07","35.53","0.37","1.77","Moving Down","","",,="3/9","<1","false","Swing"
"DG","Dollar General Corporation Common Stock","Staples","Discount Stores","125.33","59.04","Sell","Aug 12, 2026","Uptrend","Aug 24, 2026","2103327.07","28.4","8.18","1.56","Moving Down","","",,="5/9","<1","false","Swing"
"DOW","Dow Inc. Common Stock ","Materials","Chemicals","31.44","70.05","Buy","Aug 12, 2026","Uptrend","Aug 17, 2026","9249842.83","-10.7","11.53","-2.81","Moving Up","","",,="6/9","<1","false","Swing"
"EPAM","EPAM Systems, Inc. Common Stock","Technology","Information Technology Services","111.26","74.55","Sell","Aug 12, 2026","Uptrend","Aug 07, 2026","1529469.4","99.66","9.59","0.83","Moving Up","","",,="4/9","<1","false","Swing"
"EXR","Extra Space Storage Inc Common Stock","Real Estate","REIT - Industrial","146.25","63.9","Sell","Aug 12, 2026","Downtrend","Aug 21, 2026","1111845.53","21.85","1.39","-0.38","Moving Down","","",,="4/9","<1","false","Swing"
"EYE","National Vision Holdings, Inc. Common Stock","Discretionary","Specialty Retail","18.23","30.64","Sell","Aug 12, 2026","Downtrend","Aug 14, 2026","2063274.37","14.65","4.18","1.96","Moving Down","","",,="2/9","<1","false","Swing"
"GDS","GDS Holdings Limited ADS","Technology","Information Technology Services","31.75","47.93","Buy","Aug 12, 2026","Neutral","Aug 19, 2026","1807284.67","-81.18","1.81","-3.35","Moving Down","","",,="3/9","<1","false","Swing"
"GFL","GFL Environmental Inc. Subordinate voting shares, no par value","Industrials","Waste Management","41.5","67.04","Sell","Aug 12, 2026","Uptrend","Jul 01, 2026","2055859.5","-87.05","0.12","1.1","Moving Down","","",,="2/9","<1","false","Swing"
"GIS","General Mills, Inc. Common Stock","Staples","Packaged Foods","40.92","85.05","Buy","Aug 12, 2026","Uptrend","Aug 07, 2026","8662127.57","-45.8","1.12","2.38","Moving Up","","",,="7/9","<1","false","Swing"
"GLBE","Global-E Online Ltd. Ordinary Shares","Discretionary","Internet Retail","39.86","75.35","Sell","Aug 12, 2026","Uptrend","Jul 24, 2026","1479657.1","-95.15","0.03","-1.7","Moving Up","","",,="4/9","<1","false","Swing"
"HOPE","Hope Bancorp, Inc. Common Stock","Financials","Banks - Regional","13.95","67.05","Sell","Aug 12, 2026","Uptrend","Jun 04, 2026","1031608.03","46.31","7.94","-0.14","Moving Down","","",,="3/9","<1","false","Swing"
"KC","Kingsoft Cloud Holdings Limited American Depositary Shares","Technology","Software - Application","10.42","31.12","Sell","Aug 12, 2026","Neutral","Aug 21, 2026","1578210.4","-4.8","0.21","-6.46","Moving Down","","",,="2/9","<1","false","Swing"
"KNTK","Kinetik Holdings Inc. Class A Common Stock","Energy","Oil & Gas Midstream","54.7","84.96","Buy","Aug 12, 2026","Uptrend","Aug 06, 2026","1015611.33","34.27","0.77","0.37","Moving Up","","",,="7/9","<1","false","Swing"
"KSS","Kohl's Corporation Common Stock","Discretionary","Department Stores","18.3","68.84","Sell","Aug 12, 2026","Neutral","Aug 24, 2026","3334057.9","-95.66","2.19","3.98","Moving Down","","",,="1/9","<1","false","Swing"
"M","Macy's Inc Common Stock","Discretionary","Department Stores","23.18","59.06","Sell","Aug 12, 2026","Downtrend","Aug 14, 2026","4765102.83","-150.74","0.08","1.58","Moving Down","","",,="2/9","<1","false","Swing"
"MA","Mastercard Incorporated Common Stock","Financials","Credit Services","599.86","83.3","Sell","Aug 12, 2026","Uptrend","Jun 26, 2026","2909564.7","3.55","0.1","3.31","Moving Up","","Positive",,="4/9","<1","false","Swing"
"OCUL","Ocular Therapeutix, Inc. Common Stock","Health Care","Biotechnology","10.78","76.81","Buy","Aug 12, 2026","Uptrend","Aug 11, 2026","2563691.23","-240.88","0.1","-2.71","Moving Up","","",,="5/9","<1","false","Swing"
"OMC","Omnicom Group Inc. Common Stock","Communication","Advertising Agencies","88.94","77.91","Buy","Aug 12, 2026","Uptrend","Jul 02, 2026","2790963.97","-78.37","0.06","1.6","Moving Up","","",,="6/9","<1","false","Swing"
"ONON","On Holding AG Class A Ordinary Shares","Discretionary","Footwear & Accessories","29.51","21.03","Sell","Aug 12, 2026","Downtrend","Aug 11, 2026","7146011.43","-27.55","0","-1.7","Moving Down","","",,="2/9","<1","false","Swing"
"ONTO","Onto Innovation Inc. Common Stock","Technology","Semiconductor Equipment & Materials","282.91","71.52","Buy","Aug 12, 2026","Neutral","Aug 21, 2026","1138885.9","-235.33","0.26","-3.55","Moving Down","","",,="3/9","<1","false","Swing"
"PHG","Koninklijke Philips N.V. NY Registry Shares","Health Care","Medical Devices","27.52","56.81","Buy","Aug 12, 2026","Uptrend","Aug 11, 2026","1181731.77","-20.92","6.05","0.36","Moving Up","","",,="6/9","<1","false","Swing"
"RYN","Rayonier Inc. REIT Common Stock","Real Estate","REIT - Specialty","21.22","65.73","Sell","Aug 12, 2026","Downtrend","Aug 20, 2026","2772980.63","-62.67","1.29","0.09","Moving Down","","",,="3/9","<1","false","Swing"
"SFL","SFL Corporation Ltd","Industrials","Marine Shipping","12.26","82.35","Sell","Aug 12, 2026","Uptrend","Jul 15, 2026","1262693.37","84.59","10.78","-1.05","Moving Down","","",,="3/9","<1","false","Swing"
"SFNC","Simmons First National Corporation Class A Common Stock","Financials","Banks - Regional","22.97","61.96","Sell","Aug 12, 2026","Downtrend","Aug 24, 2026","1476299.4","-14.93","1.83","-0.17","Moving Down","","",,="2/9","<1","false","Swing"
"SM","SM Energy Company Common Stock","Energy","Oil & Gas E&P","36.46","62.93","Buy","Aug 12, 2026","Uptrend","Aug 10, 2026","3594481.57","245.52","2.88","-1.99","Moving Up","","",,="7/9","<1","false","Swing"
"SRPT","Sarepta Therapeutics, Inc. Common Stock (DE)","Health Care","Biotechnology","18.13","72.69","Buy","Aug 12, 2026","Uptrend","Aug 11, 2026","2930922.63","-79.12","4.02","-3.51","Moving Up","","",,="6/9","<1","false","Swing"
"SRRK","Scholar Rock Holding Corporation Common Stock","Health Care","Biotechnology","58.2","51.67","Buy","Aug 12, 2026","Uptrend","Aug 11, 2026","1028355.13","-277.18","0.14","3.01","Moving Up","","",,="6/9","<1","false","Swing"
"VALE","VALE S.A.  American Depositary Shares Each Representing one common share","Materials","Other Industrial Metals & Mining","15.04","48.54","Sell","Aug 12, 2026","Neutral","Aug 24, 2026","23230990.7","-44.82","0.1","3.08","Moving Up","","",,="3/9","<1","false","Swing"
"YETI","YETI Holdings, Inc. Common Stock","Discretionary","Leisure","43.08","19.36","Sell","Aug 12, 2026","Downtrend","Aug 13, 2026","1659622.53","5.8","4","-1.55","Moving Down","","",,="2/9","<1","false","Swing"
"BBWI","Bath & Body Works, Inc.","Discretionary","Specialty Retail","19.17","58.8","Sell","Aug 11, 2026","Downtrend","Aug 19, 2026","5201279.4","198.37","16.47","-1.44","Moving Down","","",,="2/9","<1","false","Swing"
"BMRN","BioMarin Pharmaceutical Inc. Common Stock","Health Care","Biotechnology","65.07","86.09","Buy","Aug 11, 2026","Uptrend","Jun 22, 2026","2065462.3","-26.38","2.73","-2.44","Moving Down","","",,="5/9","<1","false","Swing"
"CCEP","Coca-Cola Europacific Partners plc Ordinary Shares","Staples","Beverages - Non-Alcoholic","110.12","77.99","Sell","Aug 11, 2026","Uptrend","Jun 09, 2026","1919015.5","44.29","0.84","1.96","Moving Down","","",,="5/9","<1","false","Swing"
"CCJ","Cameco Corporation Common Stock","Energy","Uranium","102.27","55.76","Buy","Aug 11, 2026","Uptrend","Aug 21, 2026","3243018.87","503.26","1.36","-0.23","Moving Up","","Positive",,="6/9","<1","false","Swing"
"COMP","Compass, Inc. Class A Common Stock","Real Estate","Real Estate Services","11.55","54.19","Sell","Aug 11, 2026","Uptrend","Jun 12, 2026","11128934.23","338.53","4.15","-1.7","Moving Down","","",,="5/9","<1","false","Swing"
"CRK","Comstock Resources, Inc. Common Stock","Energy","Oil & Gas E&P","14.28","45.31","Buy","Aug 11, 2026","Uptrend","Aug 21, 2026","2214593.77","-28.79","0.25","0.42","Moving Up","","",,="6/9","<1","false","Swing"
"DHR","Danaher Corporation Common Stock","Health Care","Diagnostics & Research","215.11","70.45","Buy","Aug 11, 2026","Uptrend","Jul 23, 2026","5588481.37","-2.14","0.33","-1.71","Moving Up","","",,="6/9","<1","false","Swing"
"DVN","Devon Energy Corporation Common Stock","Energy","Oil & Gas E&P","48.23","67.96","Buy","Aug 11, 2026","Uptrend","Aug 10, 2026","10107172.47","-40.28","0.26","-1.77","Moving Up","","",,="6/9","<1","false","Swing"
"FDX","FedEx Corporation Common Stock","Industrials","Integrated Freight & Logistics","334.05","49.94","Buy","Aug 11, 2026","Uptrend","Aug 24, 2026","1502782.97","46.92","1.01","2.76","Moving Up","","",,="4/9","<1","false","Swing"
"FWONK","Liberty Media Corporation Series C Liberty Formula One Common Stock","Communication","Entertainment","106.66","79.03","Buy","Aug 11, 2026","Uptrend","Jun 17, 2026","1971548.27","102.67","1.39","1.64","Moving Up","","",,="5/9","<1","false","Swing"
"GRND","Grindr Inc. Common Stock","Technology","Software - Application","15.58","60.26","Sell","Aug 11, 2026","Neutral","Aug 19, 2026","1661007.07","224.79","4.92","0.32","Moving Up","","",,="3/9","<1","false","Swing"
"HAYW","Hayward Holdings, Inc. Common Stock","Industrials","Electrical Equipment & Parts","14.5","36.84","Sell","Aug 11, 2026","Downtrend","Aug 17, 2026","2737654.8","-60.04","0.12","-0.55","Moving Down","","",,="2/9","<1","false","Swing"
"KMB","Kimberly-Clark Corporation Common Stock","Staples","Household & Personal Products","111.37","81.45","Sell","Aug 11, 2026","Uptrend","Aug 24, 2026","3288962.43","-27.89","0.03","1.88","Moving Up","","Positive",,="6/9","<1","false","Swing"
"LPTH","LightPath Technologies, Inc. Class A Common Stock","Technology","Electronic Components","13.23","59.08","Buy","Aug 11, 2026","Uptrend","Aug 10, 2026","2697944.6","609.81","1.15","-8.25","Moving Up","","",,="5/9","<1","false","Swing"
"LW","Lamb Weston Holdings, Inc. Common Stock ","Staples","Packaged Foods","54.8","81.5","Sell","Aug 11, 2026","Uptrend","Jul 01, 2026","1714620.7","-14.05","3.91","2.09","Moving Down","","",,="5/9","<1","false","Swing"
"NOG","Northern Oil and Gas, Inc. Common Stock","Energy","Oil & Gas E&P","26.84","87.14","Buy","Aug 11, 2026","Uptrend","Aug 07, 2026","2543323.03","92.74","9.2","-1.83","Moving Up","","",,="6/9","<1","false","Swing"
"OXY","Occidental Petroleum Corporation Common Stock","Energy","Oil & Gas E&P","60.11","80.2","Buy","Aug 11, 2026","Uptrend","Aug 06, 2026","8053457.37","-17.34","0.23","-1.94","Moving Up","","",,="7/9","<1","false","Swing"
"PAY","Paymentus Holdings, Inc. Class A Common Stock","Technology","Software - Infrastructure","39.94","69.96","Sell","Aug 11, 2026","Uptrend","Jun 30, 2026","1162650.23","243.58","4.7","-0.15","Moving Up","","",,="4/9","<1","false","Swing"
"RPD","Rapid7, Inc. Common Stock","Technology","Software - Infrastructure","12.19","81.01","Buy","Aug 11, 2026","Uptrend","Aug 04, 2026","2380102.13","-39.19","8.57","2.87","Moving Down","","",,="4/9","<1","false","Swing"
"TRVI","Trevi Therapeutics, Inc. Common Stock","Health Care","Biotechnology","18.08","27.47","Sell","Aug 11, 2026","Uptrend","Jun 16, 2026","1961323.9","765.94","0.96","0.67","Moving Down","","",,="4/9","<1","false","Swing"
"UUUU","Energy Fuels Inc Ordinary Shares (Canada)","Energy","Uranium","14.88","57.87","Buy","Aug 11, 2026","Uptrend","Aug 21, 2026","7093461.87","809.89","3.63","-1.72","Moving Up","","",,="7/9","<1","false","Swing"
"VOD","Vodafone Group Plc American Depositary Shares","Communication","Telecom Services","15.98","84.06","Sell","Aug 11, 2026","Uptrend","Jul 14, 2026","4026101.63","-3.99","7.74","0.13","Moving Down","","",,="4/9","<1","false","Swing"
"WBD","Warner Bros. Discovery, Inc. Series A Common Stock ","Communication","Entertainment","28.7","59.87","Buy","Aug 11, 2026","Uptrend","Aug 10, 2026","22181394.87","148.01","56","0.53","Moving Up","","Negative","true",="6/9","<1","false","Swing"
"AG","First Majestic Silver Corp. Ordinary Shares (Canada)","Materials","Silver","20.83","69.45","Buy","Aug 10, 2026","Uptrend","Aug 07, 2026","10265837.53","47.01","2.09","-1.23","Moving Up","","",,="6/9","<1","false","Swing"
"AGI","Alamos Gold Inc. Class A Common Shares","Materials","Gold","38.32","72.19","Buy","Aug 10, 2026","Uptrend","Aug 07, 2026","4415991","388.08","1.92","1.22","Moving Up","","",,="5/9","<1","false","Swing"
"BIIB","Biogen Inc. Common Stock","Health Care","Drug Manufacturers - General","218.12","59.97","Buy","Aug 10, 2026","Uptrend","Jul 29, 2026","1094625.47","-156.57","0.57","0.62","Moving Up","","",,="5/9","<1","false","Swing"
"CALX","Calix, Inc Common Stock","Technology","Software - Infrastructure","39.8","49.61","Buy","Aug 10, 2026","Uptrend","Aug 11, 2026","1135534.77","-532.72","0.14","-0.8","Moving Up","","",,="4/9","<1","false","Swing"
"CLS","Celestica, Inc. Common Stock","Technology","Electronic Components","294.57","39.41","Sell","Aug 10, 2026","Downtrend","Aug 14, 2026","2831423.57","-1372.56","0.29","-0.67","Moving Down","","",,="2/9","<1","false","Swing"
"CRSP","CRISPR Therapeutics AG Common Shares","Health Care","Biotechnology","57.075","80.3","Buy","Aug 10, 2026","Uptrend","Aug 07, 2026","1587459.43","-28.87","7.95","-4.08","Moving Up","","",,="6/9","<1","false","Swing"
"DAN","Dana Incorporated Common Stock ","Discretionary","Auto Parts","30.15","73.71","Buy","Aug 10, 2026","Uptrend","Aug 10, 2026","1356820.3","132.73","6.56","-4.95","Moving Down","","",,="4/9","<1","false","Swing"
"DDOG","Datadog, Inc. Class A Common Stock","Technology","Software - Application","225.77","44.65","Sell","Aug 10, 2026","Downtrend","Aug 19, 2026","4584453.77","97.92","3.62","-4.18","Moving Down","","",,="2/9","<1","false","Swing"
"DOCU","DocuSign, Inc. Common Stock","Technology","Software - Application","62.56","89.13","Buy","Aug 10, 2026","Uptrend","Jul 24, 2026","2902618.1","-108.79","0.13","0.9","Moving Up","","",,="5/9","<1","false","Swing"
"DRH","Diamondrock Hospitality Company Common Stock","Real Estate","REIT - Hotel & Motel","12.74","71.6","Sell","Aug 10, 2026","Uptrend","Aug 21, 2026","2608110.7","-102.39","0.05","-0.62","Moving Up","","",,="6/9","<1","false","Swing"
"ENTG","Entegris, Inc. Common Stock","Technology","Semiconductor Equipment & Materials","138.25","79.78","Buy","Aug 10, 2026","Neutral","Aug 21, 2026","2627767.8","19.3","0.34","-3.77","Moving Down","","",,="3/9","<1","false","Swing"
"FBP","First BanCorp. New Common Stock","Financials","Banks - Regional","28.23","79.3","Sell","Aug 10, 2026","Uptrend","Apr 01, 2026","1426230.1","112.06","1.48","-1.02","Moving Down","","",,="3/9","<1","false","Swing"
"FIS","Fidelity National Information Services, Inc. Common Stock","Technology","Information Technology Services","41.4","60.84","Sell","Aug 10, 2026","Downtrend","Aug 18, 2026","5913583.43","-83.1","2.72","0.15","Moving Down","","",,="2/9","<1","false","Swing"
"FLR","Fluor Corporation Common Stock","Industrials","Engineering & Construction","51.28","63.36","Buy","Aug 10, 2026","Uptrend","Aug 07, 2026","2593439.6","-5.14","0.36","-2.17","Moving Up","","",,="5/9","<1","false","Swing"
"FNF","Fidelity National Financial, Inc. Common Stock","Financials","Insurance - Specialty","47.43","53.31","Sell","Aug 10, 2026","Downtrend","Aug 11, 2026","1556705.3","-60.07","0.1","0.27","Moving Down","","",,="2/9","<1","false","Swing"
"GLNG","Golar Lng Ltd","Energy","Oil & Gas Midstream","51.41","60","Buy","Aug 10, 2026","Uptrend","Aug 07, 2026","1317952.1","-26.63","0.34","-1.13","Moving Up","","",,="7/9","<1","false","Swing"
"HSBC","HSBC Holdings, plc. Common Stock","Financials","Banks - Diversified","104.09","68.73","Sell","Aug 10, 2026","Uptrend","Jun 15, 2026","1269270.2","97.97","1.44","-0.06","Moving Down","","",,="2/9","<1","false","Swing"
"HST","Host Hotels & Resorts, Inc. Common Stock","Real Estate","REIT - Hotel & Motel","23.19","46.41","Sell","Aug 10, 2026","Downtrend","Aug 10, 2026","9550631.93","-111.99","0.08","-0.09","Moving Down","","",,="4/9","<1","false","Swing"
"INSM","Insmed Incorporated Common Stock","Health Care","Biotechnology","123.98","49.34","Buy","Aug 10, 2026","Uptrend","Aug 06, 2026","2726028.93","209.95","1.59","-1.42","Moving Up","","Positive",,="6/9","<1","false","Swing"
"JD","JD.com, Inc. American Depositary Shares","Discretionary","Internet Retail","29.2","37.21","Sell","Aug 10, 2026","Downtrend","Aug 17, 2026","8655653.53","-102.17","0.99","-0.58","Moving Down","","",,="2/9","<1","false","Swing"
"KD","Kyndryl Holdings, Inc. Common Stock","Technology","Information Technology Services","12.75","68.87","Sell","Aug 10, 2026","Neutral","Aug 24, 2026","4433010","52.89","9.16","1.59","Moving Up","","",,="3/9","<1","false","Swing"
"LASR","nLIGHT, Inc. Common Stock","Technology","Semiconductors","44.11","7.81","Sell","Aug 10, 2026","Downtrend","Aug 10, 2026","1252913.6","-551.5","0.08","-6.92","Moving Down","","",,="2/9","<1","false","Swing"
"LEN","Lennar Corporation Class A Common Stock","Discretionary","Residential Construction","88.16","61.97","Buy","Aug 10, 2026","Uptrend","Aug 21, 2026","2392636.6","-146.42","0.09","1.31","Moving Up","","",,="5/9","<1","false","Swing"
"MTG","MGIC Investment Corporation Common Stock","Financials","Insurance - Specialty","31.1","72.4","Sell","Aug 10, 2026","Uptrend","Jun 22, 2026","1679079.77","36.52","0.75","0.65","Moving Down","","",,="3/9","<1","false","Swing"
"NCLH","Norwegian Cruise Line Holdings Ltd. Ordinary Shares","Discretionary","Travel Services","17.22","52","Sell","Aug 10, 2026","Downtrend","Aug 14, 2026","14292655.2","-11.28","11.74","-0.12","Moving Down","","",,="2/9","<1","false","Swing"
"NFLX","Netflix, Inc. Common Stock","Communication","Entertainment","80.01","58.76","Buy","Aug 10, 2026","Uptrend","Aug 18, 2026","40147532.07","45.54","2.58","0.53","Moving Up","","Positive",,="6/9","<1","false","Swing"
"ORCL","Oracle Corporation Common Stock","Technology","Software - Infrastructure","142.45","45.17","Buy","Aug 10, 2026","Neutral","Aug 17, 2026","31069536.1","166.89","2.58","-2.74","Moving Up","","",,="4/9","<1","false","Swing"
"ORI","Old Republic International Corporation Common Stock","Financials","Insurance - Property & Casualty","41.97","51.13","Sell","Aug 10, 2026","Neutral","Aug 24, 2026","1156484.77","-54.39","0.25","0.94","Moving Down","","",,="1/9","<1","false","Swing"
"PBR","Petroleo Brasileiro S.A. Petrobras ADS","Energy","Oil & Gas Integrated","18.6","70.47","Sell","Aug 10, 2026","Uptrend","Aug 19, 2026","15433673.63","-22.67","0.13","-2.87","Moving Down","","",,="4/9","<1","false","Swing"
"PLAY","Dave & Buster's Entertainment, Inc. Common Stock","Communication","Entertainment","10.42","60.63","Sell","Aug 10, 2026","Downtrend","Aug 06, 2026","1403371.67","65.65","6.79","1.66","Moving Up","","",,="4/9","<1","false","Swing"
"RCUS","Arcus Biosciences, Inc. Common Stock","Health Care","Biotechnology","30.12","69.68","Buy","Aug 10, 2026","Uptrend","Aug 07, 2026","1166526.03","22.89","319.37","-0.73","Moving Down","","",,="5/9","<1","false","Swing"
"RVMD","Revolution Medicines, Inc. Common Stock","Health Care","Biotechnology","211.58","54.54","Buy","Aug 10, 2026","Uptrend","Apr 13, 2026","1760392.83","262.76","1.24","1.01","Moving Down","","",,="5/9","<1","false","Swing"
"SSRM","SSR Mining Inc. Common Stock","Materials","Gold","38.61","84.46","Buy","Aug 10, 2026","Uptrend","Aug 07, 2026","3080746.53","-87.6","0.17","2.22","Moving Up","","",,="6/9","<1","false","Swing"
"SYM","Symbotic Inc. Class A Common Stock","Industrials","Specialty Industrial Machinery","40.03","32.72","Sell","Aug 10, 2026","Downtrend","Aug 10, 2026","1629041.53","-285.72","0.01","-4.3","Moving Down","","",,="2/9","<1","false","Swing"
"TXG","10x Genomics, Inc. Class A Common Stock","Health Care","Health Information Services","63.8","88.01","Buy","Aug 10, 2026","Uptrend","May 20, 2026","3166245.4","7.96","4.58","-2.03","Moving Up","","",,="6/9","<1","false","Swing"
"V","Visa Inc.","Financials","Credit Services","382.41","76.42","Sell","Aug 10, 2026","Uptrend","Jun 16, 2026","6931635.4","32.8","0.89","3.06","Moving Up","","Positive",,="4/9","<1","false","Swing"
"VNO","Vornado Realty Trust Common Stock","Real Estate","REIT - Office","38.87","63.22","Sell","Aug 10, 2026","Neutral","Aug 24, 2026","1561820.23","-41.53","2.86","2.61","Moving Down","","",,="4/9","<1","false","Swing"
"VRTX","Vertex Pharmaceuticals Incorporated Common Stock","Health Care","Biotechnology","547.59","89.02","Buy","Aug 10, 2026","Uptrend","Aug 07, 2026","1292904.3","-133.97","0.18","-0.08","Moving Up","","",,="6/9","<1","false","Swing"
"WLK","Westlake Corporation Common Stock","Materials","Specialty Chemicals","76.49","65.15","Buy","Aug 10, 2026","Neutral","Aug 14, 2026","1043102.9","12.59","2.69","-3.09","Moving Down","","",,="4/9","<1","false","Swing"
"XYZ","Block, Inc. Class A Common Stock,","Technology","Software - Infrastructure","81.38","66.52","Sell","Aug 10, 2026","Uptrend","Jun 16, 2026","4936594.07","101.18","11.39","-0.95","Moving Up","","",,="4/9","<1","false","Swing"
"YOU","Clear Secure, Inc. Class A Common Stock","Technology","Software - Application","44.7","10.4","Sell","Aug 10, 2026","Downtrend","Aug 07, 2026","1529983.07","-99.39","0.19","3.26","Moving Up","","",,="3/9","<1","false","Swing"
"ZLAB","Zai Lab Limited American Depositary Shares","Health Care","Biotechnology","25.64","98.76","Buy","Aug 10, 2026","Uptrend","Aug 07, 2026","1038844.43","-27.64","4.25","-1.42","Moving Down","","",,="5/9","<1","false","Swing"
"ACAD","ACADIA Pharmaceuticals Inc. Common Stock","Health Care","Biotechnology","29.65","74.07","Buy","Aug 07, 2026","Uptrend","Jun 22, 2026","1643551.67","87.04","13.25","0.51","Moving Down","","",,="5/9","<1","false","Swing"
"BCE","BCE, Inc. Common Stock","Communication","Telecom Services","23.85","77.11","Buy","Aug 07, 2026","Uptrend","Aug 06, 2026","3273209.2","-32.05","3.61","0.59","Moving Up","","",,="6/9","<1","false","Swing"
"BRBR","BellRing Brands, Inc. Common Stock ","Staples","Packaged Foods","10.85","48","Sell","Aug 07, 2026","Downtrend","Aug 07, 2026","3790149.67","-32.11","6.19","6.48","Moving Up","","",,="5/9","<1","false","Swing"
"CBSH","Commerce Bancshares, Inc. Common Stock","Financials","Banks - Regional","58.63","77.61","Sell","Aug 07, 2026","Neutral","Aug 24, 2026","1063534.37","39.3","3.51","0.43","Moving Down","","",,="2/9","<1","false","Swing"
"CUBE","CubeSmart Common Shares","Real Estate","REIT - Industrial","40.91","64.69","Sell","Aug 07, 2026","Downtrend","Aug 21, 2026","2178875.4","-54.98","0.13","0.05","Moving Down","","",,="4/9","<1","false","Swing"
"EQX","Equinox Gold Corp. Common Shares","Materials","Gold","13.76","69.91","Buy","Aug 07, 2026","Uptrend","Aug 06, 2026","14678440.17","2.25","0.61","1.7","Moving Up","","",,="6/9","<1","false","Swing"
"ET","Energy Transfer LP Common Units ","Energy","Oil & Gas Midstream","21.08","82.5","Buy","Aug 07, 2026","Uptrend","Jul 07, 2026","9362480.3","35.5","0.45","-0.52","Moving Down","","",,="6/9","<1","false","Swing"
"EW","Edwards Lifesciences Corporation Common Stock","Health Care","Medical Devices","90.5","58.15","Buy","Aug 07, 2026","Uptrend","Aug 06, 2026","4309745","-11.65","0.21","0.79","Moving Down","","",,="5/9","<1","false","Swing"
"FHN","First Horizon Corporation Common Stock","Financials","Banks - Regional","24.53","55.1","Sell","Aug 07, 2026","Downtrend","Aug 20, 2026","5851932.1","18.75","0.79","-0.41","Moving Down","","",,="2/9","<1","false","Swing"
"FOUR","Shift4 Payments, Inc. Class A Common Stock","Technology","Software - Infrastructure","48","80.7","Sell","Aug 07, 2026","Neutral","Aug 20, 2026","1570547.37","-33.75","3.08","0.15","Moving Up","","",,="3/9","<1","false","Swing"
"HL","Hecla Mining Company Common Stock","Materials","Other Precious Metals & Mining","20.4","68.72","Buy","Aug 07, 2026","Uptrend","Aug 06, 2026","42163776.1","-14.66","0.32","-1.54","Moving Up","","",,="5/9","<1","false","Swing"
"HOMB","Home BancShares, Inc. Common Stock","Financials","Banks - Regional","30.06","65.06","Sell","Aug 07, 2026","Neutral","Aug 24, 2026","1646587.97","63.79","3.06","-0.69","Moving Down","","",,="2/9","<1","false","Swing"
"HP","Helmerich & Payne, Inc. Common Stock","Energy","Oil & Gas Drilling","42.49","76.24","Buy","Aug 07, 2026","Uptrend","Aug 06, 2026","1164489.37","-20.27","0.12","-2.43","Moving Up","","",,="7/9","<1","false","Swing"
"IAG","Iamgold Corporation Ordinary Shares","Materials","Gold","21.8","71.47","Buy","Aug 07, 2026","Uptrend","Aug 06, 2026","5863345.93","56.83","0.32","3.12","Moving Up","","",,="6/9","<1","false","Swing"
"KGC","Kinross Gold Corporation Common Stock","Materials","Gold","32.98","47.61","Buy","Aug 07, 2026","Uptrend","Aug 06, 2026","7813875.27","489.4","1.89","0.67","Moving Up","","",,="6/9","<1","false","Swing"
"KMT","Kennametal Inc. Common Stock","Industrials","Tools & Accessories","29.3","42.57","Sell","Aug 07, 2026","Downtrend","Aug 06, 2026","1453862.73","-16.91","0.97","-2.2","Moving Down","","",,="2/9","<1","false","Swing"
"LI","Li Auto Inc. American Depositary Shares","Discretionary","Auto Manufacturers","12.48","55.89","Sell","Aug 07, 2026","Downtrend","Aug 12, 2026","3263698.7","6.53","5.63","-4.37","Moving Up","","",,="3/9","<1","false","Swing"
"LVS","Las Vegas Sands Corp. Common Stock","Discretionary","Resorts & Casinos","46.97","51.49","Sell","Aug 07, 2026","Downtrend","Aug 06, 2026","4939613.13","-1.21","91.94","-0.13","Moving Up","","",,="3/9","<1","false","Swing"
"MFC","Manulife Financial Corporation Common Stock","Financials","Insurance - Life","42.82","63.4","Sell","Aug 07, 2026","Neutral","Aug 21, 2026","2008259.37","137","3.12","0.73","Moving Down","","",,="2/9","<1","false","Swing"
"ORIC","Oric Pharmaceuticals, Inc. Common Stock","Health Care","Biotechnology","13.46","74.07","Buy","Aug 07, 2026","Uptrend","Jun 24, 2026","1542837.5","36.03","6.05","-5.21","Moving Down","","",,="5/9","<1","false","Swing"
"PGNY","Progyny, Inc. Common Stock","Health Care","Healthcare Plans","25.45","39.51","Sell","Aug 07, 2026","Downtrend","Aug 07, 2026","1107951.73","-50.93","3.17","-0.78","Moving Up","","",,="4/9","<1","false","Swing"
"PINS","Pinterest, Inc. Class A Common Stock","Communication","Internet Content & Information","23.47","62.78","Sell","Aug 07, 2026","Uptrend","Jun 29, 2026","10738926.33","-102.33","1.75","0.3","Moving Up","","Positive",,="5/9","<1","false","Swing"
"PM","Philip Morris International Inc Common Stock","Staples","Tobacco","191.46","62.85","Sell","Aug 07, 2026","Uptrend","Aug 20, 2026","4930723.1","38.5","0.78","1.72","Moving Up","","",,="6/9","<1","false","Swing"
"PUK","Prudential Public Limited Company Common Stock","Financials","Insurance - Life","28.5","62.7","Sell","Aug 07, 2026","Neutral","Aug 24, 2026","1092457.2","-22.42","2.52","1.21","Moving Down","","",,="2/9","<1","false","Swing"
"RCI","Rogers Communication, Inc. Common Stock","Communication","Telecom Services","36.39","73.23","Buy","Aug 07, 2026","Uptrend","Aug 11, 2026","1161068.97","31.97","7.43","0.33","Moving Up","","",,="6/9","<1","false","Swing"
"RDN","Radian Group Inc. Common Stock","Financials","Insurance - Specialty","36.71","56.86","Sell","Aug 07, 2026","Downtrend","Aug 10, 2026","1225742.6","-37.11","0.25","0.33","Moving Down","","",,="2/9","<1","false","Swing"
"REAL","The RealReal, Inc. Common Stock","Discretionary","Luxury Goods","11.27","35.69","Sell","Aug 07, 2026","Downtrend","Aug 21, 2026","3387206.03","91.51","11.4","1.35","Moving Up","","",,="3/9","<1","false","Swing"
"RLJ","RLJ Lodging Trust Common Shares of Beneficial Interest $0.01 par value","Real Estate","REIT - Hotel & Motel","11.53","63.02","Sell","Aug 07, 2026","Neutral","Aug 19, 2026","1769425.1","-74.11","1.45","0.26","Moving Up","","",,="5/9","<1","false","Swing"
"RVTY","Revvity, Inc. Common Stock","Health Care","Diagnostics & Research","123","86.05","Buy","Aug 07, 2026","Uptrend","May 06, 2026","1488823.47","-62.81","0.09","-1.4","Moving Up","","",,="5/9","<1","false","Swing"
"SHO","Sunstone Hotel Investors, Inc. Sunstone Hotel Investors, Inc. Common Shares","Real Estate","REIT - Hotel & Motel","11.31","55.19","Sell","Aug 07, 2026","Neutral","Aug 20, 2026","2369786.07","-66.85","0.79","0.18","Moving Up","","",,="4/9","<1","false","Swing"
"SNN","Smith & Nephew SNATS, Inc. Common Stock","Health Care","Medical Devices","29.62","56.83","Sell","Aug 07, 2026","Downtrend","Aug 07, 2026","1572981.9","-74.58","1.47","1.23","Moving Down","","",,="2/9","<1","false","Swing"
"TRV","The Travelers Companies, Inc. Common Stock","Financials","Insurance - Property & Casualty","370.55","83.59","Sell","Aug 07, 2026","Neutral","Aug 21, 2026","1993563.13","78.06","1.01","1.92","Moving Down","","",,="2/9","<1","false","Swing"
"TS","Tenaris S.A. American Depositary Shares","Energy","Oil & Gas Equipment & Services","53.42","42.1","Sell","Aug 07, 2026","Downtrend","Aug 06, 2026","1439959.53","62.36","1.05","1.44","Moving Down","","",,="4/9","<1","false","Swing"
"TSN","Tyson Foods, Inc. Common Stock","Staples","Farm Products","57.87","56.77","Sell","Aug 07, 2026","Downtrend","Aug 10, 2026","3022130.3","-49.9","2.24","-1.04","Moving Down","","",,="4/9","<1","false","Swing"
"UEC","Uranium Energy Corp. Common Stock","Energy","Uranium","12.51","59.37","Buy","Aug 07, 2026","Uptrend","Aug 19, 2026","7981252.23","293.38","0.68","-1.96","Moving Up","","",,="7/9","<1","false","Swing"
"ZGN","Ermenegildo Zegna N.V. Ordinary Shares","Discretionary","Apparel Manufacturing","13.86","36.28","Sell","Aug 07, 2026","Downtrend","Aug 14, 2026","1037642.53","-34.19","0.39","-0.29","Moving Up","","",,="3/9","<1","false","Swing"
"AEM","Agnico Eagle Mines Limited Common Stock","Materials","Gold","217.89","71.72","Buy","Aug 06, 2026","Uptrend","Aug 05, 2026","2968802.77","222.55","2.11","0.85","Moving Up","","",,="6/9","<1","false","Swing"
"AFL","AFLAC Incorporated Common Stock","Financials","Insurance - Life","118.2","44.23","Sell","Aug 06, 2026","Downtrend","Aug 19, 2026","1969357.17","27.34","0.52","1.84","Moving Down","","",,="2/9","<1","false","Swing"
"AKR","Acadia Realty Trust Common Stock","Real Estate","REIT - Retail","21.34","49.73","Sell","Aug 06, 2026","Downtrend","Aug 06, 2026","1323788.63","-2.6","0.36","1.38","Moving Down","","",,="4/9","<1","false","Swing"
"AU","AngloGold Ashanti PLC Ordinary Shares","Materials","Gold","120.47","63.35","Buy","Aug 06, 2026","Uptrend","Aug 05, 2026","2781875.37","-80.92","0.29","-0.62","Moving Up","","",,="6/9","<1","false","Swing"
"BALL","Ball Corporation Common Stock","Discretionary","Packaging & Containers","64.42","44.95","Sell","Aug 06, 2026","Uptrend","Aug 24, 2026","1835731.1","-56.41","0","1.31","Moving Down","","",,="2/9","<1","false","Swing"
"CDE","Coeur Mining, Inc. Common Stock","Materials","Gold","20.88","58.63","Buy","Aug 06, 2026","Uptrend","Aug 07, 2026","36310900.13","-64.27","0.28","-0.43","Moving Up","","",,="6/9","<1","false","Swing"
"CSGP","CoStar Group, Inc. Common Stock","Real Estate","Real Estate Services","32.84","72.43","Buy","Aug 06, 2026","Uptrend","Aug 13, 2026","7184486.5","-169.14","0.9","1.8","Moving Up","","",,="6/9","<1","false","Swing"
"DIS","Walt Disney Company (The) Common Stock","Communication","Entertainment","110.61","65.89","Buy","Aug 06, 2026","Uptrend","Aug 05, 2026","10288469.63","32.86","7.89","2.63","Moving Up","","",,="5/9","<1","false","Swing"
"DOLE","Dole plc Ordinary Shares","Staples","Farm Products","13.46","33.21","Sell","Aug 06, 2026","Downtrend","Aug 05, 2026","1001660.2","-27.66","0.13","1.13","Moving Up","","",,="5/9","<1","false","Swing"
"ELS","Equity Lifestyle Properties, Inc. Common Stock","Real Estate","REIT - Residential","65.74","78.13","Sell","Aug 06, 2026","Uptrend","Aug 19, 2026","1541734.63","-76.75","0.06","0.43","Moving Up","","",,="5/9","<1","false","Swing"
"ENOV","Enovis Corporation Common Stock","Health Care","Medical Devices","25.21","65.31","Sell","Aug 06, 2026","Downtrend","Aug 24, 2026","1087895.3","-45.88","4.25","-3.26","Moving Down","","",,="3/9","<1","false","Swing"
"F","Ford Motor Company Common Stock","Discretionary","Auto Manufacturers","13.93","57.84","Sell","Aug 06, 2026","Downtrend","Aug 24, 2026","49130845.3","58.99","2.67","-3.33","Moving Down","","",,="2/9","<1","false","Swing"
"FUBO","FuboTV Inc. Class A Common Stock","Communication","Broadcasting","10.47","49.95","Buy","Aug 06, 2026","Uptrend","Aug 13, 2026","1570995.67","-52.09","7.81","2.35","Moving Down","","",,="5/9","<1","false","Swing"
"GFI","Gold Fields Limited American Depositary Shares","Materials","Gold","47.33","69.55","Buy","Aug 06, 2026","Uptrend","Aug 05, 2026","3586039.37","363.41","1.34","-1","Moving Up","","",,="6/9","<1","false","Swing"
"GLPI","Gaming and Leisure Properties, Inc. Common Stock","Real Estate","REIT - Specialty","43.93","43.21","Sell","Aug 06, 2026","Downtrend","Aug 05, 2026","2456746.6","-7.55","0.19","0.87","Moving Up","","",,="5/9","<1","false","Swing"
"GO","Grocery Outlet Holding Corp. Common Stock","Staples","Grocery Stores","12.04","76.44","Buy","Aug 06, 2026","Uptrend","Aug 05, 2026","2618542.8","1.24","4.09","3.79","Moving Up","","",,="7/9","<1","false","Swing"
"LOW","Lowe's Companies, Inc. Common Stock","Discretionary","Home Improvement Retail","216.98","59.92","Buy","Aug 06, 2026","Neutral","Aug 21, 2026","2940738.57","16.23","0.51","0.41","Moving Up","","",,="3/9","<1","false","Swing"
"NDAQ","Nasdaq, Inc. Common Stock","Financials","Financial Data & Stock Exchanges","98.79","66.11","Sell","Aug 06, 2026","Uptrend","Jul 10, 2026","3314388.37","142.18","2.07","0.58","Moving Down","","",,="2/9","<1","false","Swing"
"NEM","Newmont Corporation","Materials","Gold","131.84","71.01","Buy","Aug 06, 2026","Uptrend","Aug 05, 2026","7678474.97","155.61","1.87","0.2","Moving Up","","",,="6/9","<1","false","Swing"
"NTRA","Natera, Inc. Common Stock","Health Care","Diagnostics & Research","327.72","94.59","Buy","Aug 06, 2026","Uptrend","Jul 30, 2026","1241616.1","750.5","2.5","-1.3","Moving Up","","",,="6/9","<1","false","Swing"
"NYT","New York Times Company (The) Common Stock","Communication","Publishing","67.49","20.33","Sell","Aug 06, 2026","Downtrend","Aug 05, 2026","2049483.43","-19.98","0.32","2.74","Moving Up","","",,="4/9","<1","false","Swing"
"PAAS","Pan American Silver Corp. Common Stock","Materials","Gold","53.63","67.87","Buy","Aug 06, 2026","Uptrend","Aug 19, 2026","4469719.7","-129.4","0.18","1.06","Moving Up","","",,="5/9","<1","false","Swing"
"PEGA","Pegasystems Inc. Common Stock","Technology","Software - Application","34.28","62.98","Buy","Aug 06, 2026","Uptrend","Aug 18, 2026","3078116.9","-102.66","0.5","2.15","Moving Up","","",,="5/9","<1","false","Swing"
"PRU","Prudential Financial, Inc. Common Stock","Financials","Insurance - Life","122.67","86.59","Sell","Aug 06, 2026","Uptrend","May 05, 2026","1746753.3","16.62","1.08","1.25","Moving Down","","",,="3/9","<1","false","Swing"
"QMCO","Quantum Corporation Common Stock","Technology","Computer Hardware","21.56","66.68","Buy","Aug 06, 2026","Uptrend","Aug 05, 2026","1927829.8","-56.71","5.34","-3.1","Moving Up","","",,="5/9","<1","false","Swing"
"RGEN","Repligen Corporation Common Stock","Health Care","Medical Instruments & Supplies","181.62","89.91","Buy","Aug 06, 2026","Uptrend","Jul 28, 2026","1236500.93","-191.2","0.11","0.27","Moving Up","","",,="5/9","<1","false","Swing"
"SKM","SK Telecom Co., Ltd. Common Stock","Communication","Telecom Services","40","75.16","Buy","Aug 06, 2026","Uptrend","Aug 12, 2026","2415518.77","164.91","6.23","-0.72","Moving Up","","",,="6/9","<1","false","Swing"
"SWKS","Skyworks Solutions, Inc. Common Stock","Technology","Semiconductors","66.86","80.26","Buy","Aug 06, 2026","Uptrend","Aug 05, 2026","5415025","54.13","7.61","-0.42","Moving Up","","",,="5/9","<1","false","Swing"
"TREX","Trex Company, Inc. Common Stock","Industrials","Building Products & Equipment","47.27","78.35","Buy","Aug 06, 2026","Uptrend","Aug 05, 2026","2149253.13","164.46","110.7","0.94","Moving Down","","",,="4/9","<1","false","Swing"
"TVTX","Travere Therapeutics, Inc. Common Stock","Health Care","Biotechnology","65.22","62.56","Buy","Aug 06, 2026","Uptrend","Apr 13, 2026","1498522.8","398.66","3.51","-0.75","Moving Up","","",,="6/9","<1","false","Swing"
"TWST","Twist Bioscience Corporation Common Stock","Health Care","Diagnostics & Research","140.8","90.16","Buy","Aug 06, 2026","Uptrend","Jul 31, 2026","1592798.47","-17.48","5.5","-3.29","Moving Down","","",,="5/9","<1","false","Swing"
"YELP","Yelp Inc. Common Stock","Communication","Internet Content & Information","23.83","40.85","Sell","Aug 06, 2026","Downtrend","Aug 10, 2026","1039711.4","-68.39","0.47","1.58","Moving Up","","",,="4/9","<1","false","Swing"
"AEHR","Aehr Test Systems Common Stock","Technology","Semiconductor Equipment & Materials","96.43","71.04","Buy","Aug 05, 2026","Neutral","Aug 24, 2026","3134566.37","2677.33","1.74","-5.21","Moving Down","","",,="3/9","<1","false","Swing"
"B","Barrick Mining Corporation Common Shares","Materials","Gold","48.16","65.01","Buy","Aug 05, 2026","Uptrend","Aug 04, 2026","10227106.8","94.12","1.44","1.18","Moving Up","","",,="6/9","<1","false","Swing"
"COO","The Cooper Companies, Inc. Common Stock","Health Care","Medical Instruments & Supplies","75.8","75.48","Buy","Aug 05, 2026","Uptrend","Jun 23, 2026","1818357.53","11.49","8.63","-0.55","Moving Up","","",,="6/9","<1","false","Swing"
"CPB","The Campbell's Company Common Stock","Staples","Packaged Foods","24.16","69.32","Buy","Aug 05, 2026","Uptrend","Aug 03, 2026","5602055.2","-116.61","1.36","0.88","Moving Up","","",,="7/9","<1","false","Swing"
"FSM","Fortuna Mining Corp. Common Shares","Materials","Gold","12.19","74.24","Buy","Aug 05, 2026","Uptrend","Aug 04, 2026","5685285.67","-110.12","0.22","0.99","Moving Up","","",,="6/9","<1","false","Swing"
"HBM","Hudbay Minerals Inc. Ordinary Shares (Canada)","Materials","Copper","29.6","77.5","Buy","Aug 05, 2026","Uptrend","Aug 04, 2026","4243805.6","-546.72","0.17","-1.53","Moving Up","","",,="6/9","<1","false","Swing"
"MET","MetLife, Inc. Common Stock","Financials","Insurance - Life","96.21","77.3","Sell","Aug 05, 2026","Uptrend","Apr 08, 2026","3697022.53","36.59","1.06","1.98","Moving Down","","",,="2/9","<1","false","Swing"
"MGNI","Magnite, Inc. Common Stock","Communication","Advertising Agencies","23.56","79.67","Buy","Aug 05, 2026","Uptrend","May 21, 2026","2566882.37","226.1","4.7","0.26","Moving Down","","",,="4/9","<1","false","Swing"
"PFGC","Performance Food Group Company Common Stock","Staples","Food Distribution","105.78","28.44","Sell","Aug 05, 2026","Downtrend","Aug 13, 2026","1793409.67","36.39","0.35","0.76","Moving Down","","",,="4/9","<1","false","Swing"
"PLD","Prologis, Inc. Common Stock","Real Estate","REIT - Industrial","143.36","51","Sell","Aug 05, 2026","Neutral","Aug 24, 2026","4722880.07","76.88","3.23","1.1","Moving Up","","",,="4/9","<1","false","Swing"
"PRGO","Perrigo Company plc Ordinary Shares","Health Care","Drug Manufacturers - Specialty & Generic","14.27","89.48","Buy","Aug 05, 2026","Uptrend","Aug 04, 2026","2824129.87","-75.76","2.74","0.14","Moving Up","","",,="6/9","<1","false","Swing"
"REXR","Rexford Industrial Realty, Inc. Common Stock","Real Estate","REIT - Industrial","37.67","60.24","Sell","Aug 05, 2026","Uptrend","Aug 19, 2026","2817185.67","69.07","19.48","1.18","Moving Down","","",,="5/9","<1","false","Swing"
"SBRA","Sabra Health Care REIT, Inc. Common Stock","Real Estate","REIT - Healthcare Facilities","20.47","52.56","Sell","Aug 05, 2026","Neutral","Aug 24, 2026","2717405.17","-33.15","0.07","0.39","Moving Down","","",,="4/9","<1","false","Swing"
"SBSW","D/B/A Sibanye-Stillwater Limited ADS","Materials","Other Precious Metals & Mining","12.47","74.35","Buy","Aug 05, 2026","Uptrend","Aug 04, 2026","4915061.17","-108.63","0.09","-0.87","Moving Up","","",,="6/9","<1","false","Swing"
"SGRY","Surgery Partners, Inc. Common Stock","Health Care","Medical Care Facilities","13.95","56.39","Sell","Aug 05, 2026","Downtrend","Aug 11, 2026","2082156.4","-88.73","3.04","-3.93","Moving Down","","",,="3/9","<1","false","Swing"
"SMCI","Super Micro Computer, Inc. Common Stock","Technology","Computer Hardware","35.17","68.34","Buy","Aug 05, 2026","Uptrend","Aug 07, 2026","52692933.03","73.58","0.15","-5.56","Moving Down","","Negative",,="4/9","<1","false","Swing"
"SMG","Scotts Miracle-Gro Company (The) Common Stock","Materials","Agricultural Inputs","60.69","50.39","Sell","Aug 05, 2026","Downtrend","Aug 06, 2026","1062569.5","182.78","15.92","-0.52","Moving Down","","",,="3/9","<1","false","Swing"
"SPG","Simon Property Group, Inc. Common Stock","Real Estate","REIT - Retail","220.73","55.57","Sell","Aug 05, 2026","Neutral","Aug 24, 2026","1270022.87","73.26","3.05","1.12","Moving Down","","",,="4/9","<1","false","Swing"
"W","Wayfair Inc. Class A Common Stock","Discretionary","Internet Retail","103.19","74.41","Buy","Aug 05, 2026","Uptrend","Jul 27, 2026","3450707.63","15.98","5.2","1.64","Moving Down","","",,="4/9","<1","false","Swing"
"WKC","World Kinect Corporation Common Stock","Energy","Oil & Gas Refining & Marketing","35.62","76.24","Sell","Aug 05, 2026","Neutral","Aug 17, 2026","1286888.97","-0.36","115.24","-0.92","Moving Down","","",,="4/9","<1","false","Swing"
"WPC","W. P. Carey Inc. REIT","Real Estate","REIT - Diversified","71.58","53.44","Sell","Aug 05, 2026","Downtrend","Aug 05, 2026","1219485.93","7.7","14.85","0.53","Moving Down","","",,="4/9","<1","false","Swing"
"WPM","Wheaton Precious Metals Corp Common Shares (Canada)","Materials","Gold","160.19","91.29","Buy","Aug 05, 2026","Uptrend","Aug 05, 2026","2083195.5","110.3","1.46","1.53","Moving Up","","",,="5/9","<1","false","Swing"
"ZIM","ZIM Integrated Shipping Services Ltd. Ordinary Shares","Industrials","Marine Shipping","28.38","53.35","Buy","Aug 05, 2026","Uptrend","Aug 12, 2026","1721710.37","-45.13","0.2","0.46","Moving Up","","",,="5/9","<1","false","Swing"
"AAPL","Apple Inc. Common Stock","Technology","Consumer Electronics","310.34","43.97","Sell","Aug 04, 2026","Neutral","Aug 24, 2026","50008394.7","97.87","0.79","0.32","Moving Down","","Negative","true",="2/9","<1","false","Swing"
"AWK","American Water Works Company, Inc. Common Stock","Utilities","Utilities - Regulated Water","139.91","59.08","Sell","Aug 04, 2026","Uptrend","Aug 04, 2026","2258903.7","-1.17","0.29","3.34","Moving Up","","",,="4/9","<1","false","Swing"
"AXGN","Axogen, Inc. Common Stock","Health Care","Medical Devices","49.23","59.54","Buy","Aug 04, 2026","Uptrend","Aug 03, 2026","1051564.7","140.71","2.11","-2.32","Moving Up","","",,="6/9","<1","false","Swing"
"BTI","British American Tobacco  Industries, p.l.c. Common Stock ADR","Staples","Tobacco","56.71","26.35","Sell","Aug 04, 2026","Downtrend","Aug 03, 2026","4276313.07","7.41","0.4","0.89","Moving Down","","",,="4/9","<1","false","Swing"
"CRGY","Crescent Energy Company Class A Common Stock","Energy","Oil & Gas E&P","13.85","91.43","Buy","Aug 04, 2026","Uptrend","Jul 29, 2026","5787047.83","-7.14","0.28","-1.49","Moving Up","","",,="7/9","<1","false","Swing"
"DUK","Duke Energy Corporation (Holding Company) Common Stock","Utilities","Utilities - Regulated Electric","121.97","40.04","Sell","Aug 04, 2026","Downtrend","Aug 04, 2026","4256958","1.32","0.05","1.77","Moving Down","","",,="1/9","<1","false","Swing"
"EIX","Edison International Common Stock","Utilities","Utilities - Regulated Electric","73.97","55.78","Sell","Aug 04, 2026","Neutral","Aug 24, 2026","3100658.6","31.4","13.99","3.32","Moving Up","","",,="3/9","<1","false","Swing"
"HIG","The Hartford Insurance Group, Inc. Common Stock","Financials","Insurance - Diversified","138.98","43.05","Sell","Aug 04, 2026","Neutral","Aug 24, 2026","1570589.77","66.7","1.38","2.12","Moving Down","","",,="2/9","<1","false","Swing"
"HR","Healthcare Realty Trust Incorporated Common Stock","Real Estate","REIT - Healthcare Facilities","19.32","40.56","Sell","Aug 04, 2026","Downtrend","Aug 05, 2026","3580846.83","-74.5","1.34","-0.36","Moving Down","","",,="4/9","<1","false","Swing"
"LQDA","Liquidia Corporation Common Stock","Health Care","Drug Manufacturers - Specialty & Generic","70.27","17.93","Sell","Aug 04, 2026","Downtrend","Aug 18, 2026","1560185.3","1513.09","3.71","2.4","Moving Down","","",,="3/9","<1","false","Swing"
"MAR","Marriott International Class A Common Stock","Discretionary","Lodging","360.2","46.94","Sell","Aug 04, 2026","Downtrend","Aug 03, 2026","1576500.87","-2","0.35","1.07","Moving Up","","",,="3/9","<1","false","Swing"
"NBIX","Neurocrine Biosciences, Inc. Common Stock","Health Care","Drug Manufacturers - Specialty & Generic","153.04","20.35","Sell","Aug 04, 2026","Downtrend","Aug 04, 2026","1328867.93","-65.96","0.13","0.31","Moving Down","","",,="3/9","<1","false","Swing"
"NEO","NeoGenomics, Inc. Common Stock","Health Care","Diagnostics & Research","16.41","82.59","Buy","Aug 04, 2026","Uptrend","May 20, 2026","2581852.23","-43.31","3.53","-3.36","Moving Up","","",,="6/9","<1","false","Swing"
"O","Realty Income Corporation Common Stock","Real Estate","REIT - Retail","63.17","65.91","Sell","Aug 04, 2026","Neutral","Aug 24, 2026","4945945.03","-2.82","1.98","0.91","Moving Down","","",,="4/9","<1","false","Swing"
"OHI","Omega Healthcare Investors, Inc. Common Stock","Real Estate","REIT - Healthcare Facilities","46.59","37.65","Sell","Aug 04, 2026","Downtrend","Aug 07, 2026","1900006.47","-27.2","0.16","-0.04","Moving Down","","",,="4/9","<1","false","Swing"
"PCG","Pacific Gas & Electric Co. Common Stock","Utilities","Utilities - Regulated Electric","18.11","63.44","Sell","Aug 04, 2026","Uptrend","Aug 14, 2026","24088437.77","86.54","3.65","2.9","Moving Down","","",,="2/9","<1","false","Swing"
"PTEN","Patterson-UTI Energy, Inc. Common Stock","Energy","Oil & Gas Drilling","11.86","80.04","Buy","Aug 04, 2026","Uptrend","Aug 10, 2026","8180839.23","76.87","9.94","-3.89","Moving Up","","",,="6/9","<1","false","Swing"
"TSCO","Tractor Supply Company Common Stock","Discretionary","Specialty Retail","35.92","70.81","Buy","Aug 04, 2026","Uptrend","Aug 03, 2026","11585655.93","-189.1","0.13","2.69","Moving Up","","",,="5/9","<1","false","Swing"
"VITL","Vital Farms, Inc. Common Stock","Staples","Farm Products","11.08","36.93","Sell","Aug 04, 2026","Downtrend","Aug 07, 2026","1511922.3","350.1","166.6","4.82","Moving Up","","",,="5/9","<1","false","Swing"
"VRSK","Verisk Analytics, Inc. Common Stock","Industrials","Consulting Services","189.55","37.41","Sell","Aug 04, 2026","Neutral","Aug 24, 2026","1549020.2","19.39","2.22","1.09","Moving Up","","",,="3/9","<1","false","Swing"
"VTRS","Viatris Inc. Common Stock","Health Care","Drug Manufacturers - Specialty & Generic","16.54","53.24","Sell","Aug 04, 2026","Neutral","Aug 24, 2026","9927456.5","67.01","2.26","1.35","Moving Up","","",,="4/9","<1","false","Swing"
"WRB","W.R. Berkley Corporation Common Stock","Financials","Insurance - Property & Casualty","69.7","42.8","Sell","Aug 04, 2026","Downtrend","Aug 10, 2026","1813561.37","-45.98","0.3","1.6","Moving Down","","",,="1/9","<1","false","Swing"
"WT","WisdomTree, Inc. Common Stock","Financials","Asset Management","23.84","92.64","Buy","Aug 04, 2026","Uptrend","Jul 30, 2026","2324465.83","407.71","2.29","1.4","Moving Up","","",,="5/9","<1","false","Swing"
"WTRG","Essential Utilities, Inc. Common Stock","Utilities","Utilities - Regulated Water","41.34","67.95","Sell","Aug 04, 2026","Uptrend","Jul 16, 2026","2003855.67","8.07","5.96","2.89","Moving Up","","",,="4/9","<1","false","Swing"
"Z","Zillow Group, Inc. Class C Capital Stock","Communication","Internet Content & Information","37.05","55.59","Buy","Aug 04, 2026","Uptrend","Aug 18, 2026","3639244.07","8.07","4.23","3.26","Moving Up","","",,="6/9","<1","false","Swing"
"AON","Aon plc Class A Ordinary Shares (Ireland)","Financials","Insurance Brokers","359.1","57.98","Sell","Aug 03, 2026","Neutral","Aug 20, 2026","1095337.13","-22.52","0.28","1.12","Moving Down","","",,="1/9","<1","false","Swing"
"BEN","Franklin Resources, Inc. Common Stock","Financials","Asset Management","34.62","76.89","Buy","Aug 03, 2026","Uptrend","Jul 31, 2026","3958387.03","79.05","5.67","0.9","Moving Up","","",,="4/9","<1","false","Swing"
"CI","The Cigna Group Common Stock","Health Care","Healthcare Plans","280.45","43.25","Sell","Aug 03, 2026","Downtrend","Aug 03, 2026","1798898","-120.16","0.08","1.06","Moving Up","","Positive",,="4/9","<1","false","Swing"
"CNI","Canadian National Railway Company Common Stock","Industrials","Railroads","127.4","78.57","Sell","Aug 03, 2026","Uptrend","Jun 25, 2026","1369744.43","23.17","1.5","-1.88","Moving Down","","",,="3/9","<1","false","Swing"
"CSX","CSX Corporation Common Stock","Industrials","Railroads","51.44","68.45","Sell","Aug 03, 2026","Uptrend","Apr 01, 2026","12439973.5","115.44","2.33","-0.29","Moving Down","","",,="3/9","<1","false","Swing"
"CTVA","Corteva, Inc. Common Stock ","Materials","Agricultural Inputs","82.81","44.3","Sell","Aug 03, 2026","Neutral","Aug 21, 2026","4486195","6.48","0.18","1.25","Moving Up","","",,="4/9","<1","false","Swing"
"ES","Eversource Energy (D/B/A) Common Stock","Utilities","Utilities - Regulated Electric","71.25","64.56","Sell","Aug 03, 2026","Downtrend","Aug 17, 2026","2118431.1","-13.16","2.02","1.48","Moving Down","","",,="1/9","<1","false","Swing"
"FCX","Freeport-McMoRan, Inc. Common Stock","Materials","Copper","77.8","81.22","Buy","Aug 03, 2026","Uptrend","Jul 31, 2026","13846443.57","220.68","1.29","1.49","Moving Up","","",,="6/9","<1","false","Swing"
"HXL","Hexcel Corporation Common Stock","Industrials","Aerospace & Defense","92.57","52.89","Sell","Aug 03, 2026","Downtrend","Aug 19, 2026","1010740.27","18.41","2.28","-1.37","Moving Down","","",,="2/9","<1","false","Swing"
"JEF","Jefferies Financial Group Inc. Common Stock","Financials","Capital Markets","51.91","45.58","Sell","Aug 03, 2026","Downtrend","Aug 17, 2026","1907055.6","315","4.24","-0.8","Moving Down","","",,="2/9","<1","false","Swing"
"KIM","Kimco Realty Corporation (HC) Common Stock","Real Estate","REIT - Retail","24.22","37.49","Sell","Aug 03, 2026","Downtrend","Aug 05, 2026","4123264.1","50.19","2.35","0.83","Moving Down","","",,="4/9","<1","false","Swing"
"KRG","Kite Realty Group Trust Common Stock","Real Estate","REIT - Retail","26.26","26.63","Sell","Aug 03, 2026","Downtrend","Aug 03, 2026","2651451.4","40.52","1.62","0.42","Moving Down","","",,="4/9","<1","false","Swing"
"LEVI","Levi Strauss & Co Class A Common Stock","Discretionary","Apparel Manufacturing","21.72","20.61","Sell","Aug 03, 2026","Downtrend","Aug 10, 2026","2083780.47","-42.21","1.18","1.07","Moving Down","","",,="2/9","<1","false","Swing"
"LRN","Stride, Inc. Common Stock","Staples","Education & Training Services","85.07","36.38","Sell","Aug 03, 2026","Downtrend","Jul 31, 2026","1022612.13","-244.36","0.19","0.84","Moving Up","","",,="5/9","<1","false","Swing"
"MTB","M&T Bank Corporation Common Stock","Financials","Banks - Regional","241.79","72.64","Sell","Aug 03, 2026","Downtrend","Aug 20, 2026","1062689.3","25.44","1.29","0.6","Moving Down","","",,="2/9","<1","false","Swing"
"NEE","NextEra Energy, Inc. Common Stock","Utilities","Utilities - Regulated Electric","84.1","45.72","Sell","Aug 03, 2026","Downtrend","Aug 03, 2026","9704500.13","118.22","6.08","0.54","Moving Down","","",,="2/9","<1","false","Swing"
"NTST","NetSTREIT Corp. Common Stock","Real Estate","REIT - Retail","20.8","35.58","Sell","Aug 03, 2026","Downtrend","Aug 06, 2026","1176693.97","0.24","0.03","2.21","Moving Up","","",,="5/9","<1","false","Swing"
"OLN","Olin Corporation Common Stock","Materials","Chemicals","17.57","21.31","Sell","Aug 03, 2026","Downtrend","Jul 31, 2026","3046777.03","177.2","47.82","-4.51","Moving Down","","",,="3/9","<1","false","Swing"
"PYPL","PayPal Holdings, Inc. Common Stock","Financials","Credit Services","61.68","70.45","Sell","Aug 03, 2026","Uptrend","Jul 02, 2026","15041092.63","-64.53","3.01","0.21","Moving Up","","",,="4/9","<1","false","Swing"
"REG","Regency Centers Corporation Common Stock","Real Estate","REIT - Retail","76.69","45.11","Sell","Aug 03, 2026","Downtrend","Aug 04, 2026","1318384.23","-17.61","0.26","0.83","Moving Down","","",,="4/9","<1","false","Swing"
"RIO","Rio Tinto Plc Common Stock","Materials","Other Industrial Metals & Mining","104.8","56.85","Buy","Aug 03, 2026","Uptrend","Aug 19, 2026","2648732.43","44.36","1.02","-0.47","Moving Up","","",,="5/9","<1","false","Swing"
"SO","Southern Company (The) Common Stock","Utilities","Utilities - Regulated Electric","90.1","27.63","Sell","Aug 03, 2026","Downtrend","Aug 03, 2026","5156644.27","75.94","3.37","1.3","Moving Down","","",,="2/9","<1","false","Swing"
"VICI","VICI Properties Inc. Common Stock","Real Estate","REIT - Diversified","26.78","43.63","Sell","Aug 03, 2026","Neutral","Aug 24, 2026","8970543.07","-21.96","0.1","1.02","Moving Up","","Positive",,="4/9","<1","false","Swing"
"VVV","Valvoline Inc. Common Stock","Discretionary","Auto & Truck Dealerships","33.37","12.92","Sell","Aug 03, 2026","Downtrend","Aug 05, 2026","2124601.27","-75.65","0.02","-1.74","Moving Up","","",,="3/9","<1","false","Swing"
"ADC","Agree Realty Corporation Common Stock","Real Estate","REIT - Retail","74.58","32.58","Sell","Jul 31, 2026","Downtrend","Aug 04, 2026","1126201.67","-42.42","0.08","0.95","Moving Down","","",,="4/9","<1","false","Swing"
"AMT","American Tower Corporation (REIT) Common Stock","Real Estate","REIT - Specialty","178.39","64.92","Buy","Jul 31, 2026","Uptrend","Aug 19, 2026","2644119.07","-27.52","2.34","1.47","Moving Up","","",,="7/9","<1","false","Swing"
"AR","Antero Resources Corporation Common Stock","Energy","Oil & Gas E&P","37.9","64.87","Buy","Jul 31, 2026","Uptrend","Aug 10, 2026","4244941.23","-75.26","0.29","-0.11","Moving Up","","",,="6/9","<1","false","Swing"
"ATO","Atmos Energy Corporation Common Stock","Utilities","Utilities - Regulated Gas","167.82","30.21","Sell","Jul 31, 2026","Downtrend","Aug 03, 2026","1002011.7","-20.51","0.28","0.58","Moving Down","","",,="1/9","<1","false","Swing"
"BRX","Brixmor Property Group Inc. Common Stock","Real Estate","REIT - Retail","29.58","34.96","Sell","Jul 31, 2026","Downtrend","Aug 04, 2026","2223569.4","-39.99","0.19","0.92","Moving Down","","",,="4/9","<1","false","Swing"
"CNP","CenterPoint Energy, Inc (Holding Co) Common Stock","Utilities","Utilities - Regulated Electric","39.1","33.93","Sell","Jul 31, 2026","Downtrend","Jul 30, 2026","5969629.27","5.24","0.21","0.85","Moving Down","","",,="2/9","<1","false","Swing"
"CWK","Cushman & Wakefield Ltd. Common Shares","Real Estate","Real Estate Services","14.64","70.07","Buy","Jul 31, 2026","Uptrend","Aug 11, 2026","1986823.37","38.43","8.68","-1.21","Moving Up","","",,="7/9","<1","false","Swing"
"EC","Ecopetrol S.A. American Depositary Shares","Energy","Oil & Gas Integrated","17.33","83.61","Buy","Jul 31, 2026","Uptrend","Jul 13, 2026","2037611.4","-18.29","0.98","-1.14","Moving Down","","",,="6/9","<1","false","Swing"
"ED","Consolidated Edison, Inc. Common Stock","Utilities","Utilities - Regulated Electric","107.71","43.96","Sell","Jul 31, 2026","Downtrend","Jul 31, 2026","2106396.93","6.9","0.54","1.28","Moving Down","","",,="2/9","<1","false","Swing"
"ENB","Enbridge Inc Common Stock","Energy","Oil & Gas Midstream","50.08","29.41","Sell","Jul 31, 2026","Downtrend","Jul 31, 2026","4386211.43","15.86","1.01","-0.75","Moving Down","","",,="4/9","<1","false","Swing"
"EXC","Exelon Corporation Common Stock","Utilities","Utilities - Regulated Electric","44.34","45.56","Sell","Jul 31, 2026","Downtrend","Jul 31, 2026","7179397.93","-20.11","0.32","1.28","Moving Down","","",,="2/9","<1","false","Swing"
"FLS","Flowserve Corporation Common Stock","Industrials","Specialty Industrial Machinery","80.46","72.94","Buy","Jul 31, 2026","Uptrend","Jul 30, 2026","1750300.8","-4.4","0.39","1.35","Moving Up","","",,="4/9","<1","false","Swing"
"FLUT","Flutter Entertainment plc Ordinary Shares","Discretionary","Gambling","102.58","60.07","Sell","Jul 31, 2026","Neutral","Aug 21, 2026","2937448.93","32.96","6.26","-0.03","Moving Up","","",,="3/9","<1","false","Swing"
"GMED","Globus Medical, Inc. Class A Common Stock","Health Care","Medical Devices","84.08","65.07","Buy","Jul 31, 2026","Uptrend","Aug 03, 2026","1487387.13","6.59","0.49","-3.26","Moving Down","","",,="5/9","<1","false","Swing"
"IFF","International Flavors & Fragrances, Inc. Common Stock","Materials","Specialty Chemicals","85.81","77.44","Buy","Jul 31, 2026","Uptrend","Jul 29, 2026","1623521.83","-34.47","2.8","1.82","Moving Up","","",,="6/9","<1","false","Swing"
"LHX","L3Harris Technologies, Inc. Common Stock","Industrials","Aerospace & Defense","262.83","30.52","Sell","Jul 31, 2026","Downtrend","Jul 30, 2026","1575503.97","42.97","3.73","-1.46","Moving Down","","",,="2/9","<1","false","Swing"
"MAC","Macerich Company (The) Common Stock","Real Estate","REIT - Retail","24.36","48.67","Sell","Jul 31, 2026","Downtrend","Aug 21, 2026","3347733.3","80.05","41.72","-0.08","Moving Down","","",,="4/9","<1","false","Swing"
"NNN","NNN REIT, Inc. Common Stock","Real Estate","REIT - Retail","46.34","47.3","Sell","Jul 31, 2026","Downtrend","Aug 07, 2026","1372896.8","5.53","6.2","1.11","Moving Down","","",,="4/9","<1","false","Swing"
"OGE","OGE Energy Corp Common Stock","Utilities","Utilities - Regulated Electric","45.96","45.06","Sell","Jul 31, 2026","Downtrend","Jul 30, 2026","1361433.77","-14.18","0.18","0.75","Moving Down","","",,="1/9","<1","false","Swing"
"PARR","Par Pacific Holdings, Inc.  Common Stock","Energy","Oil & Gas Refining & Marketing","74.33","61.27","Sell","Jul 31, 2026","Uptrend","Aug 10, 2026","1037090.8","398.81","5.91","-5.95","Moving Down","","",,="5/9","<1","false","Swing"
"RHI","Robert Half Inc. Common Stock","Industrials","Staffing & Employment Services","45.12","92.46","Sell","Jul 31, 2026","Uptrend","May 22, 2026","2298174.53","48.58","8.58","0.83","Moving Down","","",,="2/9","<1","false","Swing"
"TEVA","Teva Pharmaceutical Industries Limited American Depositary Shares","Health Care","Drug Manufacturers - Specialty & Generic","36.93","58.62","Buy","Jul 31, 2026","Uptrend","Jul 30, 2026","5413311.17","244.24","2.31","-1.1","Moving Up","","",,="6/9","<1","false","Swing"
"VTR","Ventas, Inc. Common Stock","Real Estate","REIT - Healthcare Facilities","93.47","52.94","Sell","Jul 31, 2026","Neutral","Aug 14, 2026","3121232.63","111.07","3.93","0.44","Moving Down","","",,="4/9","<1","false","Swing"
"WM","Waste Management, Inc. Common Stock","Industrials","Waste Management","226.46","49.44","Sell","Jul 31, 2026","Downtrend","Aug 07, 2026","1886216.53","15.41","0.38","1.07","Moving Down","","",,="2/9","<1","false","Swing"
"CLSK","CleanSpark, Inc. Common Stock","Financials","Capital Markets","11.93","24.32","Sell","Jul 30, 2026","Downtrend","Aug 04, 2026","24532402.07","114.61","12.1","-0.42","Moving Down","","",,="2/9","<1","false","Swing"
"CMCSA","Comcast Corporation Class A Common Stock","Communication","Telecom Services","27.02","82.77","Buy","Jul 30, 2026","Uptrend","Aug 03, 2026","28256639.53","-51.75","2.25","0.63","Moving Up","","",,="6/9","<1","false","Swing"
"CPRT","Copart, Inc. (DE) Common Stock","Industrials","Specialty Business Services","33.26","77.68","Buy","Jul 30, 2026","Uptrend","Aug 14, 2026","11706254.83","189.22","13.06","-1.6","Moving Up","","",,="4/9","<1","false","Swing"
"CTRE","CareTrust REIT, Inc. Common Stock","Real Estate","REIT - Healthcare Facilities","39.65","38.2","Sell","Jul 30, 2026","Downtrend","Aug 10, 2026","2077440.33","61.29","1.47","0.18","Moving Up","","",,="5/9","<1","false","Swing"
"DOX","Amdocs Limited Ordinary Shares","Technology","Software - Infrastructure","62.1","78.76","Buy","Jul 30, 2026","Uptrend","Aug 06, 2026","1238871.47","-19.82","1.74","1.14","Moving Up","","",,="4/9","<1","false","Swing"
"DRI","Darden Restaurants, Inc. Common Stock","Discretionary","Restaurants","225.56","84.31","Buy","Jul 30, 2026","Uptrend","Jul 29, 2026","1172308.6","-107.13","0.17","1.79","Moving Up","","",,="5/9","<1","false","Swing"
"DXCM","DexCom, Inc. Common Stock","Health Care","Medical Devices","91.06","87.7","Buy","Jul 30, 2026","Uptrend","Jul 24, 2026","5168714.2","125.96","5.94","-1.39","Moving Down","","",,="5/9","<1","false","Swing"
"EVRG","Evergy, Inc. Common Stock","Utilities","Utilities - Regulated Electric","81.39","29.67","Sell","Jul 30, 2026","Downtrend","Jul 30, 2026","1909710.93","26.76","2.16","0.58","Moving Down","","",,="2/9","<1","false","Swing"
"GXO","GXO Logistics, Inc. Common Stock ","Industrials","Integrated Freight & Logistics","46.98","25.48","Sell","Jul 30, 2026","Downtrend","Aug 05, 2026","1550789.43","-35.6","1.62","2.76","Moving Down","","",,="1/9","<1","false","Swing"
"HUBG","Hub Group, Inc. Class A Common Stock","Industrials","Integrated Freight & Logistics","40.21","33.34","Sell","Jul 30, 2026","Downtrend","Aug 11, 2026","1150556.93","25.53","1.37","-1.28","Moving Down","","","true",="2/9","<1","false","Swing"
"JPM","JP Morgan Chase & Co. Common Stock","Financials","Banks - Diversified","356.39","58.86","Sell","Jul 30, 2026","Uptrend","Jun 05, 2026","7145079.97","120.5","2.07","1.37","Moving Down","","",,="3/9","<1","false","Swing"
"KO","Coca-Cola Company (The) Common Stock","Staples","Beverages - Non-Alcoholic","91.99","88.11","Buy","Jul 30, 2026","Uptrend","Jun 09, 2026","15817252.57","25.91","0.71","0.98","Moving Up","","",,="7/9","<1","false","Swing"
"MAN","ManpowerGroup Common Stock","Industrials","Staffing & Employment Services","61.39","91.22","Sell","Jul 30, 2026","Uptrend","May 28, 2026","1335962.2","47.25","7.15","-0.1","Moving Down","","",,="3/9","<1","false","Swing"
"ODFL","Old Dominion Freight Line, Inc. Common Stock","Industrials","Trucking","201.48","33.73","Sell","Jul 30, 2026","Downtrend","Jul 30, 2026","1570031.77","-232.53","0.18","-2.42","Moving Down","","",,="2/9","<1","false","Swing"
"PTC","PTC Inc. Common Stock","Technology","Software - Application","154.31","75.39","Buy","Jul 30, 2026","Uptrend","Jul 29, 2026","1394718.57","-6.74","0.36","-0.24","Moving Up","","",,="5/9","<1","false","Swing"
"RMD","ResMed Inc. Common Stock","Health Care","Medical Instruments & Supplies","232.45","78.49","Buy","Jul 30, 2026","Uptrend","Jul 28, 2026","1367040.33","3.63","0.2","0.4","Moving Up","","",,="6/9","<1","false","Swing"
"STAG","Stag Industrial, Inc. Common Stock","Real Estate","REIT - Industrial","37.05","26.73","Sell","Jul 30, 2026","Downtrend","Jul 31, 2026","1688354.93","46.01","5.01","1.04","Moving Down","","",,="3/9","<1","false","Swing"
"TXT","Textron Inc. Common Stock","Industrials","Aerospace & Defense","82.13","42.98","Sell","Jul 30, 2026","Downtrend","Jul 29, 2026","1628775.63","-10.07","0.35","-0.99","Moving Down","","",,="2/9","<1","false","Swing"
"VFC","V.F. Corporation Common Stock","Discretionary","Apparel Manufacturing","14.31","42.2","Sell","Jul 30, 2026","Downtrend","Jul 29, 2026","7723670.1","-43.98","6.82","-0.42","Moving Down","","",,="2/9","<1","false","Swing"
"DEI","Douglas Emmett, Inc. Common Stock","Real Estate","REIT - Office","11.95","62.02","Sell","Jul 29, 2026","Neutral","Aug 24, 2026","1733010.57","-23.32","11.73","1.36","Moving Up","","",,="5/9","<1","false","Swing"
"DK","Delek US Holdings, Inc. Common Stock","Energy","Oil & Gas Refining & Marketing","68.08","73.26","Sell","Jul 29, 2026","Uptrend","Jun 26, 2026","1357592.33","-27.8","0.26","-4.74","Moving Down","","",,="5/9","<1","false","Swing"
"DUOL","Duolingo, Inc. Class A Common Stock","Technology","Software - Application","146.84","71.27","Buy","Jul 29, 2026","Uptrend","Aug 07, 2026","1247240.7","201.54","45.97","0.49","Moving Up","","",,="5/9","<1","false","Swing"
"ELF","e.l.f. Beauty, Inc. Common Stock","Staples","Household & Personal Products","105.95","82.81","Buy","Jul 29, 2026","Uptrend","Jun 12, 2026","2365929.57","54.29","0.55","3.93","Moving Up","","",,="7/9","<1","false","Swing"
"FAST","Fastenal Company Common Stock","Industrials","Industrial Distribution","51.28","81.46","Buy","Jul 29, 2026","Uptrend","Jul 27, 2026","8042640.63","94.27","1.09","0.04","Moving Down","","",,="4/9","<1","false","Swing"
"FRPT","Freshpet, Inc. Common Stock","Staples","Packaged Foods","76.55","89.37","Buy","Jul 29, 2026","Uptrend","Jul 15, 2026","1306822.73","27.92","6.17","3.49","Moving Up","","",,="7/9","<1","false","Swing"
"GPRE","Green Plains Inc. Common Stock","Materials","Chemicals","14.97","56.82","Sell","Jul 29, 2026","Downtrend","Aug 24, 2026","1403121.33","-66.01","0.09","-7.88","Moving Down","","",,="3/9","<1","false","Swing"
"HALO","Halozyme Therapeutics, Inc. Common Stock","Health Care","Biotechnology","108.64","91.15","Buy","Jul 29, 2026","Uptrend","Jun 03, 2026","2135317.13","424.65","2.41","0.43","Moving Up","","Positive",,="6/9","<1","false","Swing"
"HMY","Harmony Gold Mining Company Limited","Materials","Gold","22.81","74.01","Buy","Jul 29, 2026","Uptrend","Aug 03, 2026","2898054.8","190.06","0.96","-3.1","Moving Up","","",,="6/9","<1","false","Swing"
"HRB","H&R Block, Inc. Common Stock","Discretionary","Personal Services","53.68","96.03","Buy","Jul 29, 2026","Uptrend","Jun 30, 2026","2304452.57","-30.23","0.31","0","Moving Up","","",,="4/9","<1","false","Swing"
"HSY","The Hershey Company Common Stock","Staples","Confectioners","189.94","59.07","Buy","Jul 29, 2026","Uptrend","Aug 06, 2026","1437287.5","-12.59","0.29","1.87","Moving Up","","",,="7/9","<1","false","Swing"
"IMNM","Immunome, Inc. Common Stock","Health Care","Biotechnology","28.01","61.32","Buy","Jul 29, 2026","Uptrend","Jun 30, 2026","1090694.37","192.25","2.62","-1.79","Moving Down","","",,="5/9","<1","false","Swing"
"PBF","PBF Energy Inc. Class A Common Stock","Energy","Oil & Gas Refining & Marketing","69.51","82.89","Sell","Jul 29, 2026","Uptrend","Jun 26, 2026","3179869.43","202.02","5","-5.47","Moving Down","","",,="5/9","<1","false","Swing"
"SAP","SAP  SE ADS","Technology","Software - Application","218.66","88.9","Buy","Jul 29, 2026","Uptrend","Jul 28, 2026","3173039.7","65.58","2.89","-0.01","Moving Up","","",,="5/9","<1","false","Swing"
"TRP","TC Energy Corporation Common Stock","Energy","Oil & Gas Midstream","62.06","34.24","Sell","Jul 29, 2026","Downtrend","Jul 31, 2026","1874169.23","-10.03","0.31","0.06","Moving Down","","",,="3/9","<1","false","Swing"
"TW","Tradeweb Markets Inc. Class A Common Stock","Financials","Capital Markets","108.38","79.51","Buy","Jul 29, 2026","Uptrend","Aug 05, 2026","1534095.77","1.19","0.13","1.25","Moving Up","","",,="5/9","<1","false","Swing"
"UNH","UnitedHealth Group Incorporated Common Stock (DE)","Health Care","Healthcare Plans","398.76","62.1","Sell","Jul 29, 2026","Downtrend","Aug 11, 2026","4969230.47","-92.47","0.1","2.22","Moving Down","","",,="2/9","<1","false","Swing"
"VIV","Telefonica Brasil S.A. American Depositary Shares (Each representing One Common Share)","Communication","Telecom Services","11.45","4.37","Sell","Jul 29, 2026","Downtrend","Jul 29, 2026","1603967.67","38.97","16.44","0.17","Moving Down","","",,="3/9","<1","false","Swing"
"VST","Vistra Corp. Common Stock","Utilities","Utilities - Independent Power Producers","135.66","20.41","Sell","Jul 29, 2026","Downtrend","Jul 29, 2026","4620099.63","-259.13","0.25","-0.4","Moving Down","","",,="2/9","<1","false","Swing"
"XRAY","DENTSPLY SIRONA Inc. Common Stock","Health Care","Medical Instruments & Supplies","10.89","54.39","Sell","Jul 29, 2026","Downtrend","Aug 11, 2026","4860157.2","-80.14","3.34","-0.27","Moving Down","","",,="3/9","<1","false","Swing"
"ACHC","Acadia Healthcare Company, Inc. Common Stock","Health Care","Medical Care Facilities","28.72","51.55","Sell","Jul 28, 2026","Downtrend","Aug 18, 2026","2474376.8","-58.64","0.69","3.24","Moving Down","","",,="3/9","<1","false","Swing"
"AMGN","Amgen Inc. Common Stock","Health Care","Drug Manufacturers - General","443.84","91.1","Buy","Jul 28, 2026","Uptrend","Jun 22, 2026","2511667.07","126.06","3.65","1.03","Moving Up","","",,="6/9","<1","false","Swing"
"BANC","Banc of California, Inc. Common Stock","Financials","Banks - Regional","18.65","39.77","Sell","Jul 28, 2026","Downtrend","Jul 29, 2026","3299564.4","-156.53","0.04","0.05","Moving Down","","",,="2/9","<1","false","Swing"
"BHP","BHP Group Limited American Depositary Shares (Each representing two Ordinary Shares)","Materials","Other Industrial Metals & Mining","97.13","70.92","Buy","Jul 28, 2026","Uptrend","Jul 27, 2026","2686489.53","95.09","2.38","0.1","Moving Up","","",,="6/9","<1","false","Swing"
"CHRW","C.H. Robinson Worldwide, Inc. Common Stock","Industrials","Integrated Freight & Logistics","142.86","16.35","Sell","Jul 28, 2026","Downtrend","Jul 28, 2026","2116962.77","-78.46","0.2","0.87","Moving Down","","",,="1/9","<1","false","Swing"
"CRM","Salesforce, Inc. Common Stock","Technology","Software - Application","209.06","74.52","Buy","Jul 28, 2026","Uptrend","Jul 27, 2026","11546466.67","-32.01","0.15","-0.05","Moving Up","","Positive",,="4/9","<1","false","Swing"
"D","Dominion Energy, Inc. Common Stock","Utilities","Utilities - Regulated Electric","66.61","56.91","Sell","Jul 28, 2026","Downtrend","Aug 19, 2026","3520574.97","-37.18","0.89","0.02","Moving Down","","",,="2/9","<1","false","Swing"
"DOC","Healthpeak Properties, Inc. Common Stock","Real Estate","REIT - Healthcare Facilities","21.63","48.26","Sell","Jul 28, 2026","Neutral","Aug 20, 2026","5380954.23","-20.9","0.17","1.07","Moving Up","","",,="5/9","<1","false","Swing"
"EGO","Eldorado Gold Corporation Ordinary Shares","Materials","Gold","46.37","75.73","Buy","Jul 28, 2026","Uptrend","Aug 03, 2026","2529326.87","198.94","1.18","1.42","Moving Up","","",,="5/9","<1","false","Swing"
"EXLS","ExlService Holdings, Inc. Common Stock","Technology","Information Technology Services","37.66","96.41","Buy","Jul 28, 2026","Uptrend","Jul 27, 2026","2445012.8","108.62","1.81","0.35","Moving Down","","",,="4/9","<1","false","Swing"
"GLUE","Monte Rosa Therapeutics, Inc. Common Stock","Health Care","Biotechnology","13.775","14.05","Sell","Jul 28, 2026","Downtrend","Jul 31, 2026","1360900.57","-71.79","0.17","-3.67","Moving Down","","",,="3/9","<1","false","Swing"
"GS","Goldman Sachs Group, Inc. (The) Common Stock","Financials","Capital Markets","1036.28","47.49","Sell","Jul 28, 2026","Neutral","Aug 21, 2026","2000172.33","198.51","1.57","-0.29","Moving Down","","",,="2/9","<1","false","Swing"
"HE","Hawaiian Electric Industries, Inc. Common Stock","Utilities","Utilities - Regulated Electric","11.41","35.02","Sell","Jul 28, 2026","Downtrend","Jul 27, 2026","1882332.13","-34.69","6.65","-0.78","Moving Down","","",,="2/9","<1","false","Swing"
"HESM","Hess Midstream LP Class A Representing Limited Partner Interests","Energy","Oil & Gas Midstream","39.02","43.73","Sell","Jul 28, 2026","Downtrend","Aug 20, 2026","1095979.57","32.86","1.42","-0.31","Moving Down","","",,="3/9","<1","false","Swing"
"IT","Gartner, Inc. Common Stock","Technology","Information Technology Services","202.78","93","Buy","Jul 28, 2026","Uptrend","Jul 27, 2026","1458445.53","155.06","15.88","3.51","Moving Down","","",,="4/9","<1","false","Swing"
"JNJ","Johnson & Johnson Common Stock","Health Care","Drug Manufacturers - General","273.04","82.59","Buy","Jul 28, 2026","Uptrend","Jun 23, 2026","7454368.07","82.7","2.05","1.04","Moving Up","","Positive",,="6/9","<1","false","Swing"
"LDOS","Leidos Holdings, Inc. Common Stock","Technology","Information Technology Services","138.43","84.76","Buy","Jul 28, 2026","Uptrend","Aug 03, 2026","1482431","17.26","1.16","-2.09","Moving Up","","",,="5/9","<1","false","Swing"
"OMER","Omeros Corporation Common Stock","Health Care","Biotechnology","19.32","79.11","Buy","Jul 28, 2026","Uptrend","Jul 27, 2026","2106892.03","3.8","0.34","0.26","Moving Up","","",,="6/9","<1","false","Swing"
"RF","Regions Financial Corporation Common Stock","Financials","Banks - Regional","30.63","68.49","Sell","Jul 28, 2026","Neutral","Aug 24, 2026","8900874.97","56.12","1.5","0.72","Moving Down","","",,="2/9","<1","false","Swing"
"SLB","SLB Limited Common Shares","Energy","Oil & Gas Equipment & Services","54","65.74","Buy","Jul 28, 2026","Uptrend","Aug 04, 2026","10836391.3","14.99","1","0.24","Moving Up","","",,="7/9","<1","false","Swing"
"UPS","United Parcel Service, Inc. Common Stock","Industrials","Integrated Freight & Logistics","102.72","36.92","Sell","Jul 28, 2026","Downtrend","Aug 05, 2026","5122239.3","-131.4","0.18","0.7","Moving Down","","Positive",,="1/9","<1","false","Swing"
"WIX","Wix.com Ltd. Ordinary Shares","Technology","Software - Infrastructure","84.42","81.78","Buy","Jul 28, 2026","Uptrend","Jul 27, 2026","1670239.27","73.27","10.42","2.86","Moving Up","","","true",="5/9","<1","false","Swing"
"A","Agilent Technologies, Inc. Common Stock","Health Care","Diagnostics & Research","153.43","92.68","Buy","Jul 27, 2026","Uptrend","May 28, 2026","1971271.37","68.12","2.53","-3.5","Moving Up","","",,="5/9","<1","false","Swing"
"ARQT","Arcutis Biotherapeutics, Inc. Common Stock","Health Care","Biotechnology","24.78","47.37","Sell","Jul 27, 2026","Downtrend","Aug 20, 2026","1538988.63","-24.68","0.12","-1.2","Moving Down","","",,="3/9","<1","false","Swing"
"CX","Cemex, S.A.B. de C.V. Sponsored ADR","Materials","Building Materials","11.03","27.62","Sell","Jul 27, 2026","Downtrend","Jul 24, 2026","7342006.97","86.71","1.41","-0.72","Moving Down","","",,="3/9","<1","false","Swing"
"ECVT","Ecovyst Inc. Common Stock","Materials","Specialty Chemicals","10.07","29.87","Sell","Jul 27, 2026","Downtrend","Jul 29, 2026","1299698.03","38.41","10.89","-3.54","Moving Down","","",,="3/9","<1","false","Swing"
"EMR","Emerson Electric Company Common Stock","Industrials","Specialty Industrial Machinery","157.57","78.55","Buy","Jul 27, 2026","Uptrend","Jul 24, 2026","2746855.73","109.12","2.29","0.2","Moving Down","","",,="4/9","<1","false","Swing"
"EPRT","Essential Properties Realty Trust, Inc. Common Stock","Real Estate","REIT - Retail","30.98","68.39","Sell","Jul 27, 2026","Downtrend","Aug 21, 2026","1447627.07","41.61","4.5","0.45","Moving Up","","",,="5/9","<1","false","Swing"
"EQT","EQT Corporation Common Stock","Energy","Oil & Gas E&P","53.79","46.22","Buy","Jul 27, 2026","Uptrend","Aug 10, 2026","6696302","193.57","1.03","0.13","Moving Up","","",,="7/9","<1","false","Swing"
"IBN","ICICI Bank Limited Common Stock","Financials","Banks - Regional","29.64","59.77","Sell","Jul 27, 2026","Neutral","Aug 19, 2026","5187473.57","-83.14","0.19","-0.9","Moving Down","","",,="2/9","<1","false","Swing"
"KT","KT Corporation Common Stock","Communication","Telecom Services","18.95","62.38","Buy","Jul 27, 2026","Uptrend","Aug 11, 2026","1489175.07","94.89","3.63","0.26","Moving Up","","",,="6/9","<1","false","Swing"
"MDLZ","Mondelez International, Inc. Class A Common Stock","Staples","Confectioners","64.7","77.11","Buy","Jul 27, 2026","Uptrend","Jul 24, 2026","7973140.2","36.11","4.73","0.39","Moving Up","","",,="7/9","<1","false","Swing"
"RTO","Rentokil Initial plc American Depositary Shares (each representing five (5) Ordinary Shares)","Industrials","Specialty Business Services","23.8","25.12","Sell","Jul 27, 2026","Downtrend","Jul 24, 2026","1501531.9","7.68","4.28","0.63","Moving Up","","",,="3/9","<1","false","Swing"
"SLG","SL Green Realty Corp Common Stock","Real Estate","REIT - Office","58.57","75.58","Buy","Jul 27, 2026","Uptrend","May 21, 2026","1005619.27","-2.85","32.69","1.95","Moving Up","","",,="6/9","<1","false","Swing"
"UPBD","Upbound Group, Inc. Common Stock","Technology","Software - Application","19.17","39.44","Sell","Jul 27, 2026","Downtrend","Aug 05, 2026","1018148.23","38.67","7.28","1.97","Moving Down","","",,="1/9","<1","false","Swing"
"VRDN","Viridian Therapeutics, Inc. Common Stock","Health Care","Biotechnology","24.02","76.16","Buy","Jul 27, 2026","Uptrend","Jul 20, 2026","1786356","-27.52","0.26","-1.11","Moving Up","","",,="6/9","<1","false","Swing"
"VZ","Verizon Communications Inc. Common Stock","Communication","Telecom Services","50.15","60.09","Buy","Jul 27, 2026","Uptrend","Jul 24, 2026","22480000.57","-27.15","1.37","1.42","Moving Up","","",,="5/9","<1","false","Swing"
"AIG","American International Group, Inc. New Common Stock","Financials","Insurance - Diversified","77.38","45.99","Sell","Jul 24, 2026","Downtrend","Aug 11, 2026","3160760.97","-4.8","0.34","1.66","Moving Down","","",,="2/9","<1","false","Swing"
"BNL","Broadstone Net Lease, Inc. Common Stock","Real Estate","REIT - Diversified","21.2","48","Sell","Jul 24, 2026","Downtrend","Aug 17, 2026","2085058.17","17.55","1.33","0.38","Moving Down","","",,="4/9","<1","false","Swing"
"CUZ","Cousins Properties Incorporated Common Stock","Real Estate","REIT - Office","30.01","62.04","Sell","Jul 24, 2026","Neutral","Aug 24, 2026","1531790.87","0.36","2.86","1.11","Moving Down","","",,="4/9","<1","false","Swing"
"DBRG","DigitalBridge Group, Inc.","Financials","Asset Management","15.98","57.31","Buy","Jul 24, 2026","Uptrend","Mar 25, 2026","3179769.97","26.35","12.14","0.31","Moving Up","","",,="5/9","<1","false","Swing"
"FRO","Frontline Plc Ordinary Shares","Energy","Oil & Gas Midstream","44.05","71.42","Buy","Jul 24, 2026","Uptrend","Jul 21, 2026","1888743.67","190.32","1.16","0.87","Moving Up","","",,="7/9","<1","false","Swing"
"GBCI","Glacier Bancorp, Inc. Common Stock","Financials","Banks - Regional","46.77","49.41","Sell","Jul 24, 2026","Downtrend","Aug 17, 2026","1123374.93","68.86","30.05","-1.02","Moving Down","","",,="2/9","<1","false","Swing"
"HIW","Highwoods Properties, Inc. Common Stock","Real Estate","REIT - Office","31.77","60.33","Sell","Jul 24, 2026","Neutral","Aug 19, 2026","1297053.13","-0.66","133.58","1.18","Moving Down","","",,="4/9","<1","false","Swing"
"KHC","The Kraft Heinz Company Common Stock","Staples","Packaged Foods","25.67","43.82","Sell","Jul 24, 2026","Neutral","Aug 19, 2026","13386538.43","-15.99","0.16","0.35","Moving Up","","",,="5/9","<1","false","Swing"
"KNX","Knight-Swift Transportation Holdings Inc.","Industrials","Trucking","69.12","58.37","Sell","Jul 24, 2026","Downtrend","Aug 18, 2026","3657947.8","32.99","0.87","-3.46","Moving Up","","",,="3/9","<1","false","Swing"
"META","Meta Platforms, Inc. Class A Common Stock","Communication","Internet Content & Information","559.02","27.1","Sell","Jul 24, 2026","Downtrend","Jul 28, 2026","15946481.13","-105.39","0.21","1.66","Moving Down","","Positive",,="3/9","<1","false","Swing"
"MNRO","Monro, Inc. Common Stock","Discretionary","Auto Parts","12.86","25.88","Sell","Jul 24, 2026","Downtrend","Jul 29, 2026","1068310.87","-53.04","4.72","2.47","Moving Down","","",,="1/9","<1","false","Swing"
"ONB","Old National Bancorp Common Stock","Financials","Banks - Regional","25.77","66.01","Sell","Jul 24, 2026","Downtrend","Aug 20, 2026","4277776.93","71.1","3.83","-0.15","Moving Down","","",,="2/9","<1","false","Swing"
"RRC","Range Resources Corporation Common Stock","Energy","Oil & Gas E&P","41.25","59.93","Buy","Jul 24, 2026","Uptrend","Aug 10, 2026","2884211.43","-60.31","0.31","0.46","Moving Up","","",,="6/9","<1","false","Swing"
"ACGL","Arch Capital Group Ltd. Common Stock","Financials","Insurance - Diversified","101.14","48.17","Sell","Jul 23, 2026","Neutral","Aug 18, 2026","1704408.03","46.6","0.87","1.76","Moving Down","","",,="2/9","<1","false","Swing"
"ACIW","ACI Worldwide, Inc. Common Stock","Technology","Software - Infrastructure","52.41","43.2","Sell","Jul 23, 2026","Downtrend","Aug 17, 2026","1075403.83","-1.17","0.32","1.06","Moving Down","","",,="1/9","<1","false","Swing"
"AXP","American Express Company Common Stock","Financials","Credit Services","337.33","49.08","Sell","Jul 23, 2026","Downtrend","Aug 20, 2026","2653070.07","90.88","1.43","0.4","Moving Down","","",,="2/9","<1","false","Swing"
"BOX","Box, Inc. Class A Common Stock","Technology","Software - Infrastructure","33.47","77.11","Sell","Jul 23, 2026","Uptrend","Jun 29, 2026","2801429.83","-87.02","0.11","1.7","Moving Down","","",,="2/9","<1","false","Swing"
"EBAY","eBay Inc. Common Stock","Discretionary","Internet Retail","107.08","32.22","Sell","Jul 23, 2026","Downtrend","Aug 10, 2026","4365973.37","167.6","2.23","2.83","Moving Down","","",,="2/9","<1","false","Swing"
"FBRX","Forte Biosciences, Inc. Common Stock","Health Care","Biotechnology","76.95","69.53","Sell","Jul 23, 2026","Uptrend","Jul 09, 2026","2072712.03","660.27","5.39","0.04","Moving Down","","",,="4/9","<1","false","Swing"
"GRPN","Groupon, Inc. Common Stock","Communication","Internet Content & Information","19.63","37.53","Sell","Jul 23, 2026","Downtrend","Aug 10, 2026","1480671.17","-21.27","10.82","0.2","Moving Down","","",,="3/9","<1","false","Swing"
"MLTX","MoonLake Immunotherapeutics Class A Ordinary Shares","Health Care","Biotechnology","15.37","32.25","Sell","Jul 23, 2026","Downtrend","Jul 31, 2026","1212275.83","-713.28","0.01","-2.47","Moving Down","","",,="3/9","<1","false","Swing"
"NKE","Nike, Inc. Common Stock","Discretionary","Footwear & Accessories","40.75","41.37","Sell","Jul 23, 2026","Downtrend","Jul 22, 2026","20772632.93","-90.04","2.01","-0.02","Moving Down","","Positive",,="2/9","<1","false","Swing"
"PBI","Pitney Bowes Inc. Common Stock","Industrials","Integrated Freight & Logistics","16.53","36.55","Sell","Jul 23, 2026","Downtrend","Aug 10, 2026","1584024.87","267.39","1.77","0.3","Moving Down","","",,="2/9","<1","false","Swing"
"PFE","Pfizer, Inc. Common Stock","Health Care","Drug Manufacturers - General","27.97","86.62","Buy","Jul 23, 2026","Uptrend","Aug 04, 2026","38623906.07","12.18","5.36","-0.36","Moving Up","","",,="6/9","<1","false","Swing"
"QGEN","Qiagen N.V. Common Shares","Health Care","Diagnostics & Research","41.78","57.38","Sell","Jul 23, 2026","Uptrend","Jun 24, 2026","2906563.33","-59.53","0.09","-5.2","Moving Down","","",,="4/9","<1","false","Swing"
"REZI","Resideo Technologies, Inc. Common Stock ","Industrials","Industrial Distribution","19.28","9.33","Sell","Jul 23, 2026","Downtrend","Aug 04, 2026","2387642.8","37.91","9.92","-4.88","Moving Up","","",,="3/9","<1","false","Swing"
"RSI","Rush Street Interactive, Inc. Class A Common Stock","Discretionary","Gambling","26.42","38.64","Sell","Jul 23, 2026","Downtrend","Jul 30, 2026","2669521.4","148.9","0.96","2.4","Moving Up","","",,="3/9","<1","false","Swing"
"RY","Royal Bank Of Canada Common Stock","Financials","Banks - Diversified","204.02","61.89","Sell","Jul 23, 2026","Downtrend","Aug 21, 2026","1259851.07","225.22","3.26","-0.59","Moving Down","","",,="2/9","<1","false","Swing"
"SIRI","SiriusXM Holdings Inc. Common Stock","Communication","Entertainment","28.45","42.86","Sell","Jul 23, 2026","Downtrend","Aug 10, 2026","3899442.2","-47.53","3.72","-0.84","Moving Down","","",,="3/9","<1","false","Swing"
"STWD","STARWOOD PROPERTY TRUST, INC. Starwood Property Trust Inc.","Real Estate","REIT - Mortgage","16.29","60.09","Sell","Jul 23, 2026","Downtrend","Jul 20, 2026","4322902.13","5.24","3.86","-0.55","Moving Down","","",,="4/9","<1","false","Swing"
"T","AT&T Inc.","Communication","Telecom Services","25.69","74.02","Buy","Jul 23, 2026","Uptrend","Aug 06, 2026","60320920.8","20.64","3.3","1.58","Moving Up","","",,="5/9","<1","false","Swing"
"ZTO","ZTO Express (Cayman) Inc. American Depositary Shares, each representing one Class A ordinary share.","Industrials","Integrated Freight & Logistics","21.28","34.1","Sell","Jul 23, 2026","Downtrend","Aug 12, 2026","1846014.57","-89.11","0.34","-0.42","Moving Down","","",,="2/9","<1","false","Swing"
"ACI","Albertsons Companies, Inc. Class A Common Stock","Staples","Grocery Stores","12.61","28.89","Sell","Jul 22, 2026","Downtrend","Jul 23, 2026","9009102.27","-66.21","2.38","1.86","Moving Down","","",,="4/9","<1","false","Swing"
"APA","APA Corporation Common Stock","Energy","Oil & Gas E&P","42.96","70.91","Buy","Jul 22, 2026","Uptrend","Aug 06, 2026","5651453.83","189.53","6.81","-0.99","Moving Up","","",,="7/9","<1","false","Swing"
"BAC","Bank of America Corporation Common Stock","Financials","Banks - Diversified","62.33","68.21","Sell","Jul 22, 2026","Uptrend","Jun 02, 2026","30810200.2","101.87","3.52","1.04","Moving Down","","",,="3/9","<1","false","Swing"
"CLBK","Columbia Financial, Inc. Common Stock","Financials","Banks - Regional","11.79","45.1","Sell","Jul 22, 2026","Downtrend","Jul 21, 2026","7612263.13","-157.18","0.94","0","Moving Down","","",,="2/9","<1","false","Swing"
"COR","Cencora, Inc. Common Stock","Health Care","Medical Distribution","323.77","48.88","Sell","Jul 22, 2026","Uptrend","Jul 01, 2026","1375243.1","136.56","1.23","1.8","Moving Down","","",,="4/9","<1","false","Swing"
"DECK","Deckers Outdoor Corporation Common Stock","Discretionary","Footwear & Accessories","92.08","33.59","Sell","Jul 22, 2026","Downtrend","Jul 21, 2026","2311382.33","226.41","2.75","0.44","Moving Up","","",,="3/9","<1","false","Swing"
"ELAN","Elanco Animal Health Incorporated Common Stock","Health Care","Drug Manufacturers - Specialty & Generic","24.42","40.89","Sell","Jul 22, 2026","Neutral","Aug 24, 2026","7188050.9","-56.38","1.92","1.88","Moving Up","","",,="4/9","<1","false","Swing"
"FE","FirstEnergy Corp. Common Stock","Utilities","Utilities - Regulated Electric","46.57","37.97","Sell","Jul 22, 2026","Downtrend","Aug 06, 2026","4352495.27","-33.88","0.03","1.33","Moving Down","","",,="1/9","<1","false","Swing"
"LYB","LyondellBasell Industries NV Ordinary Shares Class A (Netherlands)","Materials","Specialty Chemicals","65.2","78.38","Buy","Jul 22, 2026","Uptrend","Aug 10, 2026","4206065.57","-82.7","0.97","-3.45","Moving Up","","",,="6/9","<1","false","Swing"
"NVO","Novo Nordisk A/S Common Stock","Health Care","Drug Manufacturers - General","46.92","48.37","Sell","Jul 22, 2026","Neutral","Aug 24, 2026","12070766.3","77.76","2.52","0.39","Moving Down","","Positive",,="3/9","<1","false","Swing"
"PODD","Insulet Corporation Common Stock","Health Care","Medical Devices","145.42","32.13","Sell","Jul 22, 2026","Downtrend","Aug 05, 2026","1627311.4","88.14","23.61","-1.85","Moving Up","","","true",="4/9","<1","false","Swing"
"QDEL","QuidelOrtho Corporation Common Stock","Health Care","Medical Devices","14.49","33.21","Sell","Jul 22, 2026","Downtrend","Aug 07, 2026","1458505.27","-82.61","3.73","-1.7","Moving Down","","",,="3/9","<1","false","Swing"
"TROW","T. Rowe Price Group, Inc. Common Stock","Financials","Asset Management","112.3","62.31","Sell","Jul 22, 2026","Neutral","Aug 24, 2026","1796817.73","22.55","10.9","0.71","Moving Down","","",,="2/9","<1","false","Swing"
"VEEE","Twin Vee PowerCats Co. Common Stock","Discretionary","Recreational Vehicles","10.53","54.64","Sell","Jul 22, 2026","Downtrend","Aug 12, 2026","1879504.07","-135.63","5.52","1.79","Moving Up","","",,="3/9","<1","false","Swing"
"WCN","Waste Connections, Inc. Common Shares","Industrials","Waste Management","168.97","49.72","Sell","Jul 22, 2026","Uptrend","Aug 21, 2026","1188759.53","-33.39","0.26","-0.25","Moving Up","","",,="3/9","<1","false","Swing"
"XYL","Xylem Inc. Common Stock New","Industrials","Specialty Industrial Machinery","114.18","40.93","Sell","Jul 22, 2026","Downtrend","Aug 18, 2026","1860607.83","63.37","3.5","0.67","Moving Down","","",,="2/9","<1","false","Swing"
"ZION","Zions Bancorporation N.A. Common Stock","Financials","Banks - Regional","67.87","59.17","Sell","Jul 22, 2026","Downtrend","Aug 20, 2026","1580912.87","102.46","5","-0.4","Moving Down","","",,="2/9","<1","false","Swing"
"BAND","Bandwidth Inc. Class A Common Stock","Technology","Software - Infrastructure","46.35","56.02","Sell","Jul 21, 2026","Downtrend","Jul 27, 2026","1093543.4","208.25","3.26","-2.46","Moving Down","","",,="2/9","<1","false","Swing"
"BRO","Brown & Brown, Inc. Common Stock","Financials","Insurance Brokers","74.62","50.68","Sell","Jul 21, 2026","Uptrend","Jun 24, 2026","2503082.23","170.34","5.44","2.33","Moving Up","","",,="4/9","<1","false","Swing"
"EQR","Equity Residential Common Shares of Beneficial Interest","Real Estate","REIT - Residential","63.66","61.64","Sell","Jul 21, 2026","Downtrend","Aug 06, 2026","3498307.93","-60.58","0.65","0","","","",,="4/9","<1","false","Swing"
"GME","GameStop Corporation Common Stock","Discretionary","Specialty Retail","18.04","28.07","Sell","Jul 21, 2026","Downtrend","Jul 29, 2026","5803464.4","3246.19","8.96","-0.93","Moving Down","","",,="2/9","<1","false","Swing"
"OUT","OUTFRONT Media Inc. Common Stock","Real Estate","REIT - Specialty","30.42","44.36","Sell","Jul 21, 2026","Downtrend","Aug 06, 2026","1684222.97","12.48","0.87","1.98","Moving Up","","",,="5/9","<1","false","Swing"
"PSN","Parsons Corporation Common Stock","Technology","Information Technology Services","48.81","59.51","Sell","Jul 21, 2026","Downtrend","Jul 29, 2026","1664985.9","42.37","3.75","-0.49","Moving Up","","",,="3/9","<1","false","Swing"
"CNQ","Canadian Natural Resources Limited Common Stock","Energy","Oil & Gas E&P","50.68","84.77","Buy","Jul 20, 2026","Uptrend","Jul 17, 2026","6006756.1","127.89","1.09","-1.4","Moving Up","","",,="7/9","<1","false","Swing"
"EXEL","Exelixis, Inc. Common Stock","Health Care","Biotechnology","54.55","33.27","Sell","Jul 20, 2026","Neutral","Aug 19, 2026","2472751.7","-4.54","0.34","0.87","Moving Up","","",,="4/9","<1","false","Swing"
"INTU","Intuit Inc. Common Stock","Technology","Software - Application","369.92","80.31","Buy","Jul 20, 2026","Uptrend","Jul 28, 2026","3689467.93","3.11","0.19","0.8","Moving Up","","Positive","true",="5/9","<1","false","Swing"
"POR","Portland General Electric Co Common Stock","Utilities","Utilities - Regulated Electric","49.7","39.86","Sell","Jul 20, 2026","Downtrend","Aug 18, 2026","1050887.4","8.19","8.07","0.22","Moving Up","","",,="3/9","<1","false","Swing"
"RBLX","Roblox Corporation Class A Common Stock","Communication","Electronic Gaming & Multimedia","38.76","41.89","Sell","Jul 20, 2026","Downtrend","Jul 23, 2026","12987404.6","24.32","13.88","1.02","Moving Up","","",,="4/9","<1","false","Swing"
"ABT","Abbott Laboratories Common Stock","Health Care","Medical Devices","116.67","93.5","Buy","Jul 17, 2026","Uptrend","Jul 16, 2026","10102114","35.14","2.43","0.03","Moving Up","","Positive",,="6/9","<1","false","Swing"
"ADSK","Autodesk, Inc. Common Stock","Technology","Software - Application","254.42","92.72","Buy","Jul 17, 2026","Uptrend","Jul 27, 2026","1971480.53","-27.79","0.2","0.23","Moving Up","","",,="5/9","<1","false","Swing"
"CB","Chubb Limited  Common Stock","Financials","Insurance - Property & Casualty","345.83","45.59","Sell","Jul 17, 2026","Neutral","Aug 24, 2026","1887339.17","71.62","1.47","1.42","Moving Down","","",,="1/9","<1","false","Swing"
"COP","ConocoPhillips Common Stock","Energy","Oil & Gas E&P","133.35","74.41","Buy","Jul 17, 2026","Uptrend","Jul 17, 2026","6318777.2","41.65","0.87","-1.13","Moving Up","","",,="7/9","<1","false","Swing"
"MOH","Molina Healthcare Inc Common Stock","Health Care","Healthcare Plans","198.5","51.17","Sell","Jul 17, 2026","Downtrend","Aug 17, 2026","1212371","-115.64","0.1","-0.89","Moving Up","","",,="4/9","<1","false","Swing"
"PRVA","Privia Health Group, Inc. Common Stock","Health Care","Health Information Services","21.02","2.33","Sell","Jul 17, 2026","Downtrend","Jul 27, 2026","1230370.2","-13.85","6.26","-0.47","Moving Down","","",,="3/9","<1","false","Swing"
"SNDX","Syndax Pharmaceuticals, Inc. Common Stock","Health Care","Biotechnology","19.57","53.98","Sell","Jul 17, 2026","Downtrend","Aug 20, 2026","1399452.9","76.7","13.5","-0.41","Moving Up","","",,="4/9","<1","false","Swing"
"SRE","DBA Sempra Common Stock","Utilities","Utilities - Diversified","84.57","30.18","Sell","Jul 17, 2026","Downtrend","Jul 27, 2026","3505315.43","-25.76","0.16","2.03","Moving Down","","",,="1/9","<1","false","Swing"
"TAC","TransAlta Corporation Ordinary Shares","Utilities","Utilities - Independent Power Producers","12.1","40.9","Sell","Jul 17, 2026","Downtrend","Jul 28, 2026","1192256","244.91","7.1","-0.9","Moving Down","","",,="2/9","<1","false","Swing"
"TNGX","Tango Therapeutics, Inc.","Health Care","Biotechnology","24.51","16.91","Sell","Jul 17, 2026","Downtrend","Aug 11, 2026","2223011.6","23.93","0.47","2.64","Moving Down","","",,="3/9","<1","false","Swing"
"TXN","Texas Instruments Incorporated Common Stock","Technology","Semiconductors","258.94","50.05","Sell","Jul 17, 2026","Downtrend","Jul 23, 2026","7197070.83","119.05","3.16","-2.05","Moving Down","","",,="2/9","<1","false","Swing"
"UDR","UDR, Inc. Common Stock","Real Estate","REIT - Residential","38.39","56.05","Sell","Jul 17, 2026","Neutral","Aug 24, 2026","3171163.5","-19.68","1.73","1.64","Moving Down","","",,="3/9","<1","false","Swing"
"USB","U.S. Bancorp Common Stock","Financials","Banks - Regional","62.42","68.77","Sell","Jul 17, 2026","Neutral","Aug 20, 2026","7230082.33","33.33","9.67","0.6","Moving Down","","",,="2/9","<1","false","Swing"
"UTI","Universal Technical Institute Inc Common Stock","Staples","Education & Training Services","22.02","3.86","Sell","Jul 17, 2026","Downtrend","Aug 06, 2026","1592331.43","93.92","1.28","-1.48","Moving Down","","",,="4/9","<1","false","Swing"
"WNC","Wabash National Corporation Common Stock","Industrials","Farm & Heavy Construction Machinery","12.05","54.35","Sell","Jul 17, 2026","Neutral","Aug 21, 2026","1354757.3","181.86","55.9","0.25","Moving Down","","",,="1/9","<1","false","Swing"
"XOM","Exxon Mobil Corporation Common Stock","Energy","Oil & Gas Integrated","164.05","74.83","Buy","Jul 17, 2026","Uptrend","Jul 16, 2026","14033670.73","93.17","1.44","-0.64","Moving Up","","Positive",,="6/9","<1","false","Swing"
"BP","BP p.l.c. Common Stock","Energy","Oil & Gas Integrated","43.74","64.43","Buy","Jul 16, 2026","Uptrend","Aug 10, 2026","7796469.77","106.44","6.66","-2.28","Moving Up","","",,="6/9","<1","false","Swing"
"CPNG","Coupang, Inc. Class A Common Stock","Discretionary","Internet Retail","16.44","47.86","Sell","Jul 16, 2026","Downtrend","Jul 17, 2026","18290906.8","-28.59","0.05","-0.06","Moving Up","","",,="3/9","<1","false","Swing"
"CVX","Chevron Corporation Common Stock","Energy","Oil & Gas Integrated","203.09","74.86","Buy","Jul 16, 2026","Uptrend","Jul 15, 2026","7408851.43","47.44","1.49","-1.06","Moving Up","","Positive",,="7/9","<1","false","Swing"
"CYTK","Cytokinetics, Incorporated Common Stock","Health Care","Biotechnology","77.09","34.26","Sell","Jul 16, 2026","Downtrend","Aug 20, 2026","1752525","-668.83","0.17","0.33","Moving Up","","",,="4/9","<1","false","Swing"
"FBIN","Fortune Brands Innovations, Inc. Common Stock","Industrials","Building Products & Equipment","44.96","50.36","Sell","Jul 16, 2026","Downtrend","Aug 14, 2026","2471572.77","21.9","7.9","0.97","Moving Down","","",,="2/9","<1","false","Swing"
"HDB","HDFC Bank Limited Common Stock","Financials","Banks - Regional","23.54","37.74","Sell","Jul 16, 2026","Downtrend","Jul 21, 2026","7865280.03","15.94","6.01","-0.25","Moving Up","","",,="3/9","<1","false","Swing"
"LMND","Lemonade, Inc. Common Stock","Financials","Insurance - Property & Casualty","53.85","18.26","Sell","Jul 16, 2026","Downtrend","Jul 24, 2026","1399535.47","-200.4","0.17","0.9","Moving Up","","",,="3/9","<1","false","Swing"
"PNR","Pentair plc. Ordinary Share","Industrials","Specialty Industrial Machinery","63.31","34.29","Sell","Jul 16, 2026","Downtrend","Jul 15, 2026","3319647.07","66.03","4.59","-1.69","Moving Down","","","true",="2/9","<1","false","Swing"
"PNW","Pinnacle West Capital Corporation Common Stock","Utilities","Utilities - Regulated Electric","97.71","30.38","Sell","Jul 16, 2026","Downtrend","Jul 29, 2026","1176508.93","9.03","1.69","0.36","Moving Down","","",,="2/9","<1","false","Swing"
"WFC","Wells Fargo & Company Common Stock","Financials","Banks - Diversified","84.72","51.16","Sell","Jul 16, 2026","Downtrend","Aug 20, 2026","13910137.53","72.53","3.21","1.05","Moving Down","","",,="2/9","<1","false","Swing"
"AGIO","Agios Pharmaceuticals, Inc. Common Stock","Health Care","Biotechnology","32.64","54.78","Sell","Jul 15, 2026","Downtrend","Aug 20, 2026","1119846.27","-63.58","0.35","-1.36","Moving Up","","",,="4/9","<1","false","Swing"
"ALNY","Alnylam Pharmaceuticals, Inc. Common Stock","Health Care","Biotechnology","236.01","28.46","Sell","Jul 15, 2026","Downtrend","Jul 15, 2026","1997199.9","20.73","1.53","-0.09","Moving Up","","",,="4/9","<1","false","Swing"
"IBM","International Business Machines Corporation Common Stock","Technology","Information Technology Services","231.04","41.64","Sell","Jul 15, 2026","Downtrend","Jul 14, 2026","10656503.03","-26.26","0.28","-1.97","Moving Up","","",,="3/9","<1","false","Swing"
"LIN","Linde plc Ordinary Shares","Materials","Specialty Chemicals","490.03","37.51","Sell","Jul 15, 2026","Downtrend","Jul 20, 2026","2108740.1","15.55","0.68","0.5","Moving Up","","",,="4/9","<1","false","Swing"
"LNT","Alliant Energy Corporation Common Stock","Utilities","Utilities - Regulated Electric","68.42","27.68","Sell","Jul 15, 2026","Downtrend","Jul 27, 2026","2509025","-8.44","0.28","0.83","Moving Down","","",,="2/9","<1","false","Swing"
"PDI","PIMCO Dynamic Income Fund Common Stock","Financials","Closed-End Fund - Debt","15.33","30.49","Sell","Jul 15, 2026","Downtrend","Jul 14, 2026","3385306.7","32.24","135.36","1.39","Moving Down","","",,="2/9","<1","false","Swing"
"PNC","PNC Financial Services Group, Inc. (The) Common Stock","Financials","Banks - Regional","243.68","56.02","Sell","Jul 15, 2026","Downtrend","Aug 20, 2026","1596920.97","40.72","1.79","0.23","Moving Down","","",,="2/9","<1","false","Swing"
"SGHC","Super Group (SGHC) Limited Ordinary Shares","Discretionary","Gambling","13.99","32.43","Sell","Jul 15, 2026","Neutral","Aug 24, 2026","2365172.13","333.88","2.25","5.11","Moving Up","","",,="3/9","<1","false","Swing"
"SHEL","Shell PLC American Depositary Shares (each representing two (2) Ordinary Shares) ","Energy","Oil & Gas Integrated","93","87.85","Buy","Jul 15, 2026","Uptrend","Jul 14, 2026","6199488.7","53.22","1.51","-0.35","Moving Up","","Positive",,="7/9","<1","false","Swing"
"SIMO","Silicon Motion Technology Corporation American Depositary Shares","Technology","Semiconductors","243.18","57.28","Sell","Jul 15, 2026","Downtrend","Aug 18, 2026","1172992.93","389.59","3.01","-5.88","Moving Up","","",,="3/9","<1","false","Swing"
"TDC","Teradata Corporation Common Stock","Technology","Software - Infrastructure","27.52","31.85","Sell","Jul 15, 2026","Downtrend","Aug 05, 2026","3085214.63","-5.97","0.1","-0.61","Moving Up","","",,="3/9","<1","false","Swing"
"TECH","Bio-Techne Corp Common Stock","Health Care","Biotechnology","72.39","56.26","Sell","Jul 15, 2026","Uptrend","Jun 04, 2026","3337535.6","-61.87","0.11","0.1","Moving Down","","",,="4/9","<1","false","Swing"
"TTWO","Take-Two Interactive Software, Inc. Common Stock","Communication","Electronic Gaming & Multimedia","233.5","48.05","Sell","Jul 15, 2026","Downtrend","Aug 24, 2026","2042495.67","71.62","2.21","-2.55","Moving Down","","",,="3/9","<1","false","Swing"
"VKTX","Viking Therapeutics, Inc. Common Stock","Health Care","Biotechnology","33.23","26.91","Sell","Jul 15, 2026","Downtrend","Aug 21, 2026","1844260.9","-221.44","0.19","-1.95","Moving Up","","",,="4/9","<1","false","Swing"
"WEC","WEC Energy Group, Inc. Common Stock","Utilities","Utilities - Regulated Electric","107.58","33.44","Sell","Jul 15, 2026","Downtrend","Jul 27, 2026","2328141.53","-8.12","0.32","1.48","Moving Down","","",,="2/9","<1","false","Swing"
"AEE","Ameren Corporation Common Stock","Utilities","Utilities - Regulated Electric","107.16","35.16","Sell","Jul 14, 2026","Downtrend","Jul 29, 2026","1502046.97","54.41","3.44","0.97","Moving Down","","",,="1/9","<1","false","Swing"
"AEP","American Electric Power Company, Inc. Common Stock","Utilities","Utilities - Regulated Electric","121.98","27.34","Sell","Jul 14, 2026","Downtrend","Jul 29, 2026","3709060.33","58.42","5.09","0.86","Moving Down","","",,="2/9","<1","false","Swing"
"ARCC","Ares Capital Corporation Common Stock","Financials","Asset Management","20.05","87.91","Buy","Jul 14, 2026","Uptrend","Jul 30, 2026","4268491.23","-7.87","0.27","0.65","Moving Up","","",,="5/9","<1","false","Swing"
"BCS","Barclays PLC Common Stock","Financials","Banks - Diversified","26.97","54.13","Sell","Jul 14, 2026","Downtrend","Aug 19, 2026","4463391.63","180.98","2.65","0.52","Moving Down","","",,="2/9","<1","false","Swing"
"BKD","Brookdale Senior Living Inc. Common Stock","Health Care","Medical Care Facilities","12.12","33.39","Sell","Jul 14, 2026","Downtrend","Aug 03, 2026","5138571.33","8.2","0.35","2.71","Moving Down","","",,="3/9","<1","false","Swing"
"CVBF","CVB Financial Corporation Common Stock","Financials","Banks - Regional","22.44","64.77","Sell","Jul 14, 2026","Uptrend","Jun 04, 2026","1313549.9","11.59","3.08","-0.58","Moving Down","","",,="3/9","<1","false","Swing"
"FITB","Fifth Third Bancorp Common Stock","Financials","Banks - Regional","54.9","56.54","Sell","Jul 14, 2026","Downtrend","Aug 19, 2026","5610729.77","101.34","3.27","0.15","Moving Down","","",,="2/9","<1","false","Swing"
"NRG","NRG Energy, Inc. Common Stock","Utilities","Utilities - Independent Power Producers","111.78","17.27","Sell","Jul 14, 2026","Downtrend","Aug 04, 2026","2922467.2","195.98","2.79","-1.18","Moving Down","","",,="2/9","<1","false","Swing"
"OPLN","OPENLANE, Inc. Common Stock","Discretionary","Auto & Truck Dealerships","34.05","37.14","Sell","Jul 14, 2026","Downtrend","Aug 05, 2026","1311058.97","-22.63","0.2","1.95","Moving Down","","",,="2/9","<1","false","Swing"
"OVV","Ovintiv Inc. (DE)","Energy","Oil & Gas E&P","65.92","83.27","Buy","Jul 14, 2026","Uptrend","Jul 13, 2026","3550353.3","3.63","0.04","-1.35","Moving Up","","",,="7/9","<1","false","Swing"
"PTCT","PTC Therapeutics, Inc. Common Stock","Health Care","Biotechnology","71.06","48.79","Sell","Jul 14, 2026","Downtrend","Jul 24, 2026","1172394.1","-64.96","0.05","1.78","Moving Up","","",,="4/9","<1","false","Swing"
"RYAAY","Ryanair Holdings plc American Depositary Shares","Industrials","Airlines","56.59","27.39","Sell","Jul 14, 2026","Downtrend","Aug 06, 2026","1371401.07","-35.08","0.21","1.42","Moving Down","","",,="2/9","<1","false","Swing"
"SRAD","Sportradar Group AG Class A Ordinary Shares","Technology","Software - Application","13.1","37.28","Sell","Jul 14, 2026","Downtrend","Jul 30, 2026","2674161.9","49.65","5.32","0.77","Moving Up","","",,="3/9","<1","false","Swing"
"ZBH","Zimmer Biomet Holdings, Inc. Common Stock","Health Care","Medical Devices","100.98","94.77","Buy","Jul 14, 2026","Uptrend","Jul 23, 2026","2350980.6","-70.15","1.02","0","Moving Up","","",,="5/9","<1","false","Swing"
"ALKS","Alkermes plc Ordinary Shares","Health Care","Drug Manufacturers - Specialty & Generic","48.87","49.08","Sell","Jul 13, 2026","Neutral","Aug 24, 2026","1582252.83","-63.98","0.26","1.12","Moving Down","","",,="2/9","<1","false","Swing"
"AZN","AstraZeneca PLC Ordinary Shares","Health Care","Drug Manufacturers - General","166.71","28.96","Sell","Jul 13, 2026","Downtrend","Jul 10, 2026","3774259","50.96","1.36","0.44","Moving Up","","",,="4/9","<1","false","Swing"
"BXP","BXP, Inc. Common Stock","Real Estate","REIT - Office","69.99","57.35","Sell","Jul 13, 2026","Neutral","Aug 19, 2026","1397996.23","23.79","5.31","3.43","Moving Down","","",,="3/9","<1","false","Swing"
"CMS","CMS Energy Corporation Common Stock","Utilities","Utilities - Regulated Electric","68.42","23.01","Sell","Jul 13, 2026","Downtrend","Jul 27, 2026","3693059.3","10.87","2.3","0.22","Moving Down","","",,="2/9","<1","false","Swing"
"DTE","DTE Energy Company Common Stock","Utilities","Utilities - Regulated Electric","135.66","38.66","Sell","Jul 13, 2026","Downtrend","Jul 27, 2026","1284806.73","27.31","1.94","0.33","Moving Down","","",,="2/9","<1","false","Swing"
"MAS","Masco Corporation Common Stock","Industrials","Building Products & Equipment","73.21","53.6","Sell","Jul 13, 2026","Downtrend","Aug 20, 2026","2498971.6","84.26","4.66","-0.11","Moving Down","","",,="2/9","<1","false","Swing"
"RARE","Ultragenyx Pharmaceutical Inc. Common Stock","Health Care","Biotechnology","25.72","50.14","Sell","Jul 13, 2026","Downtrend","Jul 22, 2026","1924773.6","323.9","40.82","-0.43","Moving Up","","",,="4/9","<1","false","Swing"
"RDY","Dr. Reddy's Laboratories Ltd Common Stock","Health Care","Drug Manufacturers - Specialty & Generic","12.22","25.75","Sell","Jul 13, 2026","Downtrend","Jul 13, 2026","2713573.5","79.26","4.06","0.33","Moving Up","","",,="4/9","<1","false","Swing"
"SLGN","Silgan Holdings Inc. Common Stock","Discretionary","Packaging & Containers","42.5","28.43","Sell","Jul 13, 2026","Downtrend","Jul 30, 2026","1405174.73","-76.13","0.11","0.26","Moving Up","","",,="3/9","<1","false","Swing"
"ATEN","A10 Networks, Inc. Common Stock","Technology","Software - Infrastructure","25.23","27.87","Sell","Jul 10, 2026","Downtrend","Jul 28, 2026","1353175.8","288.32","2.73","-3.41","Moving Down","","",,="2/9","<1","false","Swing"
"AUB","Atlantic Union Bankshares Corporation Common Stock","Financials","Banks - Regional","40.92","54.57","Sell","Jul 10, 2026","Downtrend","Aug 19, 2026","1001554.67","-17.17","0.17","-0.56","Moving Down","","",,="2/9","<1","false","Swing"
"BR","Broadridge Financial Solutions, Inc. Common Stock","Technology","Information Technology Services","185.45","90.96","Buy","Jul 10, 2026","Uptrend","Jul 24, 2026","1203682.87","110.55","5.74","1.79","Moving Up","","",,="4/9","<1","false","Swing"
"CALY","Callaway Golf Company Common Stock","Discretionary","Leisure","15.79","55.39","Sell","Jul 10, 2026","Downtrend","Aug 07, 2026","1878241.7","-43.44","1.77","-0.63","Moving Down","","",,="2/9","<1","false","Swing"
"ETR","Entergy Corporation Common Stock","Utilities","Utilities - Regulated Electric","105.79","32.36","Sell","Jul 10, 2026","Downtrend","Jul 29, 2026","2352046.1","63.42","1.3","1.12","Moving Down","","",,="2/9","<1","false","Swing"
"FNB","F.N.B. Corporation Common Stock","Financials","Banks - Regional","18.48","62.44","Sell","Jul 10, 2026","Downtrend","Aug 20, 2026","5037534.97","65","3.06","-0.27","Moving Down","","",,="2/9","<1","false","Swing"
"FULT","Fulton Financial Corporation Common Stock","Financials","Banks - Regional","23.59","54.64","Sell","Jul 10, 2026","Downtrend","Aug 19, 2026","1697857.67","89.41","5.6","-0.21","Moving Down","","",,="2/9","<1","false","Swing"
"MO","Altria Group, Inc.","Staples","Tobacco","68.47","37.05","Sell","Jul 10, 2026","Downtrend","Jul 31, 2026","9207997.27","20.83","0.91","3.6","Moving Up","","Positive",,="5/9","<1","false","Swing"
"PG","Procter & Gamble Company (The) Common Stock","Staples","Household & Personal Products","146.6","40.55","Sell","Jul 10, 2026","Neutral","Aug 24, 2026","8471152","51.87","6.06","1.33","Moving Down","","",,="3/9","<1","false","Swing"
"PPL","PPL Corporation Common Stock","Utilities","Utilities - Regulated Electric","35.04","40.79","Sell","Jul 10, 2026","Downtrend","Aug 18, 2026","7639534.43","11.46","5.22","1.92","Moving Down","","",,="1/9","<1","false","Swing"
"PZZA","Papa John's International, Inc. Common Stock","Discretionary","Restaurants","24.08","10.55","Sell","Jul 10, 2026","Downtrend","Jul 10, 2026","1526720.77","-68.08","2.85","0.58","Moving Down","","",,="2/9","<1","false","Swing"
"RBA","RB Global, Inc. Common Stock","Industrials","Specialty Business Services","84.07","10.03","Sell","Jul 10, 2026","Downtrend","Aug 05, 2026","1744148.73","124.58","3.14","-3.39","Moving Down","","",,="2/9","<1","false","Swing"
"SMPL","The Simply Good Foods Company Common Stock","Staples","Packaged Foods","10.97","68.77","Sell","Jul 10, 2026","Downtrend","Jul 16, 2026","2142209","-34.21","9.06","0.83","Moving Down","","","true",="4/9","<1","false","Swing"
"SONY","Sony Group Corporation American Depositary Shares ","Technology","Consumer Electronics","24.26","82.19","Buy","Jul 10, 2026","Uptrend","Jul 27, 2026","4941571.43","25.94","0.88","1.42","Moving Up","","",,="5/9","<1","false","Swing"
"TRIP","TripAdvisor, Inc. Common Stock","Discretionary","Travel Services","10.19","21.03","Sell","Jul 10, 2026","Downtrend","Aug 06, 2026","3320356.9","56.78","7.51","1.9","Moving Down","","",,="2/9","<1","false","Swing"
"UMC","United Microelectronics Corporation (NEW) Common Stock","Technology","Semiconductors","19.05","58.12","Sell","Jul 10, 2026","Downtrend","Jul 17, 2026","13988984.27","588.28","2.83","3.87","Moving Up","","",,="2/9","<1","false","Swing"
"VCYT","Veracyte, Inc. Common Stock","Health Care","Diagnostics & Research","41.47","25.05","Sell","Jul 10, 2026","Downtrend","Jul 31, 2026","1300636.5","184.93","18.39","-1.99","Moving Up","","",,="4/9","<1","false","Swing"
"XEL","Xcel Energy Inc. Common Stock","Utilities","Utilities - Regulated Electric","77.33","38.93","Sell","Jul 10, 2026","Downtrend","Aug 20, 2026","4876504.67","6.5","0.68","1.35","Moving Down","","",,="2/9","<1","false","Swing"
"BLDR","Builders FirstSource, Inc. Common Stock","Industrials","Building Products & Equipment","70.22","47.99","Sell","Jul 09, 2026","Downtrend","Jul 09, 2026","2132908.63","-134.56","0.2","0.01","Moving Up","","",,="3/9","<1","false","Swing"
"CXW","CoreCivic, Inc. Common Stock","Industrials","Security & Protection Services","33.84","62.9","Sell","Jul 09, 2026","Uptrend","May 13, 2026","1300918.8","46.64","1.17","-0.5","Moving Down","","",,="3/9","<1","false","Swing"
"FHB","First Hawaiian, Inc. Common Stock","Financials","Banks - Regional","26.04","46.36","Sell","Jul 09, 2026","Downtrend","Jul 24, 2026","2222104.2","1.71","3.97","-1.06","Moving Down","","",,="2/9","<1","false","Swing"
"PEG","Public Service Enterprise Group Incorporated Common Stock","Utilities","Utilities - Regulated Electric","73.53","29.81","Sell","Jul 09, 2026","Downtrend","Jul 16, 2026","2708311.47","8.83","0.81","1.27","Moving Down","","",,="2/9","<1","false","Swing"
"QFIN","Qfin Holdings, Inc. American Depositary Shares","Financials","Credit Services","10.99","33.18","Sell","Jul 09, 2026","Downtrend","Jul 10, 2026","1294813.57","47.27","9.92","-5.05","Moving Down","","",,="2/9","<1","false","Swing"
"SGI","Somnigroup International Inc. Common Stock","Discretionary","Furnishings Fixtures & Appliances","64.31","31.63","Sell","Jul 09, 2026","Downtrend","Jul 17, 2026","2675964.3","-8.98","0.36","-0.62","Moving Up","","",,="3/9","<1","false","Swing"
"AMRX","Amneal Pharmaceuticals, Inc. Class A Common Stock","Health Care","Drug Manufacturers - Specialty & Generic","17.78","54.72","Sell","Jul 08, 2026","Uptrend","Jun 03, 2026","1809008.43","60.53","0.64","-0.73","Moving Down","","",,="4/9","<1","false","Swing"
"AROC","Archrock, Inc. Common Stock","Energy","Oil & Gas Equipment & Services","30.7","13.5","Sell","Jul 08, 2026","Downtrend","Jul 24, 2026","1666327.47","251.74","1.55","-3.46","Moving Down","","",,="4/9","<1","false","Swing"
"BV","BrightView Holdings, Inc. Common Stock","Industrials","Specialty Business Services","10.94","41.49","Sell","Jul 08, 2026","Downtrend","Jul 29, 2026","1211342.27","-52.41","1.75","-3.19","Moving Down","","",,="2/9","<1","false","Swing"
"CAT","Caterpillar, Inc. Common Stock","Industrials","Farm & Heavy Construction Machinery","811.02","32.33","Sell","Jul 08, 2026","Downtrend","Aug 18, 2026","2893509.7","239.89","1.34","-2.04","Moving Down","","Positive",,="2/9","<1","false","Swing"
"CVS","CVS Health Corporation Common Stock","Health Care","Healthcare Plans","94.11","43.8","Sell","Jul 08, 2026","Downtrend","Aug 05, 2026","7871507.3","35.22","2.86","1.17","Moving Down","","Positive",,="3/9","<1","false","Swing"
"DHI","D.R. Horton, Inc. Common Stock","Discretionary","Residential Construction","148.97","50.03","Sell","Jul 08, 2026","Downtrend","Aug 20, 2026","2305804.37","201.97","2.78","0.42","Moving Up","","Negative",,="3/9","<1","false","Swing"
"DKS","Dick's Sporting Goods Inc Common Stock","Discretionary","Specialty Retail","179.33","28.38","Sell","Jul 08, 2026","Downtrend","Aug 11, 2026","1503839.5","-233.86","0.2","-2.13","Moving Down","","",,="2/9","<1","false","Swing"
"LNTH","Lantheus Holdings, Inc. Common Stock","Health Care","Drug Manufacturers - Specialty & Generic","100.8","41.26","Sell","Jul 08, 2026","Downtrend","Aug 06, 2026","1651744.87","227.59","0.83","0.83","Moving Up","","",,="4/9","<1","false","Swing"
"LUV","Southwest Airlines Company Common Stock","Industrials","Airlines","40.71","36.63","Sell","Jul 08, 2026","Downtrend","Aug 10, 2026","4855084.03","18.29","5.65","0.82","Moving Down","","",,="2/9","<1","false","Swing"
"MKSI","MKS Inc. Common Stock","Technology","Scientific & Technical Instruments","269.06","31.31","Sell","Jul 08, 2026","Downtrend","Jul 24, 2026","1437039.47","88.35","1.87","-3.6","Moving Down","","",,="2/9","<1","false","Swing"
"MTZ","MasTec, Inc. Common Stock","Industrials","Engineering & Construction","255.36","31.55","Sell","Jul 08, 2026","Downtrend","Jul 10, 2026","1535529","235.52","2.19","-4.09","Moving Down","","",,="2/9","<1","false","Swing"
"NI","NiSource Inc Common Stock","Utilities","Utilities - Regulated Gas","40.83","16.96","Sell","Jul 08, 2026","Downtrend","Jul 09, 2026","5702650.17","4.11","0.18","0.52","Moving Down","","",,="2/9","<1","false","Swing"
"RRX","Regal Rexnord Corporation Common Stock","Industrials","Specialty Industrial Machinery","162.72","28.51","Sell","Jul 08, 2026","Downtrend","Aug 05, 2026","1216692","187.85","5.58","-2.06","Moving Down","","",,="2/9","<1","false","Swing"
"UCTT","Ultra Clean Holdings, Inc. Common Stock","Technology","Semiconductor Equipment & Materials","72.78","31.8","Sell","Jul 08, 2026","Downtrend","Aug 14, 2026","1330385.57","-57.74","0.27","-4.78","Moving Down","","",,="2/9","<1","false","Swing"
"WING","Wingstop Inc. Common Stock","Discretionary","Restaurants","116.84","34.99","Sell","Jul 08, 2026","Downtrend","Jul 14, 2026","1261225.8","276.91","17.08","1.22","Moving Up","","",,="3/9","<1","false","Swing"
"ACMR","ACM Research, Inc. Class A Common Stock","Technology","Semiconductor Equipment & Materials","77.345","44.03","Sell","Jul 07, 2026","Downtrend","Aug 19, 2026","1000443.27","64.43","1.64","-2.6","Moving Down","","",,="2/9","<1","false","Swing"
"ALGM","Allegro MicroSystems, Inc. Common Stock","Technology","Semiconductors","35.63","26.15","Sell","Jul 07, 2026","Downtrend","Jul 15, 2026","2174400.83","-0.31","0.31","-4.12","Moving Down","","",,="2/9","<1","false","Swing"
"ALLY","Ally Financial Inc. Common Stock","Financials","Credit Services","42.45","58.22","Sell","Jul 07, 2026","Downtrend","Aug 17, 2026","2929051.97","78.84","4.39","-1.12","Moving Down","","",,="2/9","<1","false","Swing"
"BROS","Dutch Bros Inc. Class A Common Stock","Discretionary","Restaurants","51.95","27.53","Sell","Jul 07, 2026","Downtrend","Aug 06, 2026","3740290.17","-118.05","0.13","4.17","Moving Up","","",,="3/9","<1","false","Swing"
"EFX","Equifax, Inc. Common Stock","Industrials","Consulting Services","194.63","76.36","Buy","Jul 07, 2026","Uptrend","Jul 24, 2026","1523957.9","89.03","6.3","1.04","Moving Up","","",,="4/9","<1","false","Swing"
"ESI","Element Solutions Inc. Common Stock","Materials","Specialty Chemicals","34.98","54.9","Sell","Jul 07, 2026","Downtrend","Jul 07, 2026","4320218.17","-49.36","0.22","-0.93","Moving Down","","",,="3/9","<1","false","Swing"
"HRL","Hormel Foods Corporation Common Stock","Staples","Packaged Foods","24.09","56.44","Sell","Jul 07, 2026","Downtrend","Aug 17, 2026","3406184","-49.25","2.68","0.88","Moving Down","","",,="3/9","<1","false","Swing"
"AMKR","Amkor Technology, Inc. Common Stock","Technology","Semiconductor Equipment & Materials","47.9","38.36","Sell","Jul 06, 2026","Downtrend","Jul 06, 2026","5438680.57","41.46","0.47","-4.7","Moving Down","","",,="2/9","<1","false","Swing"
"CRH","CRH PLC Ordinary Shares","Materials","Building Materials","95.79","33.63","Sell","Jul 06, 2026","Downtrend","Jul 07, 2026","4217352.13","167.99","3.02","0.76","Moving Down","","",,="3/9","<1","false","Swing"
"DOV","Dover Corporation Common Stock","Industrials","Specialty Industrial Machinery","203.62","43.3","Sell","Jul 06, 2026","Downtrend","Jul 17, 2026","1097577.57","85.49","2.51","0.84","Moving Down","","",,="2/9","<1","false","Swing"
"FLG","Flagstar Bank, N.A. Common Stock","Financials","Banks - Regional","13.42","23.12","Sell","Jul 06, 2026","Downtrend","Jul 24, 2026","4363450.77","8.78","3.82","-0.37","Moving Down","","",,="2/9","<1","false","Swing"
"GNRC","Generac Holdlings Inc. Common Stock","Industrials","Specialty Industrial Machinery","203.56","50.24","Sell","Jul 06, 2026","Downtrend","Jul 06, 2026","1093636.1","195.41","6.98","-1.17","Moving Down","","",,="2/9","<1","false","Swing"
"TWO","Two Harbors Investment Corp","Real Estate","REIT - Mortgage","12.18","69.76","Sell","Jul 06, 2026","Neutral","Aug 24, 2026","3584639.17","1.34","3.26","1.08","Moving Up","","",,="4/9","<1","false","Swing"
"VERA","Vera Therapeutics, Inc. Class A Common Stock","Health Care","Biotechnology","33.72","31.13","Sell","Jul 06, 2026","Downtrend","Jul 21, 2026","1927099.03","3.48","0.16","4.48","Moving Up","","",,="4/9","<1","false","Swing"
"WDC","Western Digital Corporation Common Stock","Technology","Computer Hardware","435.38","48.84","Sell","Jul 06, 2026","Downtrend","Aug 18, 2026","8037946.33","-0.91","0.34","-5.24","Moving Down","","Negative",,="2/9","<1","false","Swing"
"WH","Wyndham Hotels & Resorts, Inc. Common Stock ","Discretionary","Lodging","74.35","42.56","Sell","Jul 06, 2026","Downtrend","Jul 08, 2026","1325625.37","-45.34","0.61","-0.36","Moving Up","","",,="2/9","<1","false","Swing"
"AMX","America Movil, S.A.B. de C.V. American Depositary Shares (each representing the right to receive twenty (20) Series B Shares","Communication","Telecom Services","23.8","25.45","Sell","Jul 02, 2026","Downtrend","Jul 23, 2026","2430125.8","-0.03","0.33","0.04","Moving Up","","",,="4/9","<1","false","Swing"
"HGV","Hilton Grand Vacations Inc. Common Stock ","Discretionary","Resorts & Casinos","45.36","35.48","Sell","Jul 02, 2026","Downtrend","Jul 30, 2026","1124461.5","-35.28","0.78","0.55","Moving Up","","",,="2/9","<1","false","Swing"
"KLAC","KLA Corporation Common Stock","Technology","Semiconductor Equipment & Materials","181.57","24.3","Sell","Jul 02, 2026","Downtrend","Aug 14, 2026","10887575.5","873.95","2.37","-1.32","Moving Down","","",,="2/9","<1","false","Swing"
"MARA","MARA Holdings, Inc. Common Stock","Financials","Capital Markets","11.18","28.46","Sell","Jul 02, 2026","Downtrend","Jul 24, 2026","50412547.73","-7311.24","0.03","-0.71","Moving Up","","",,="2/9","<1","false","Swing"
"MDU","MDU Resources Group, Inc. Common Stock (Holding Company)","Utilities","Utilities - Regulated Gas","19.96","49.18","Sell","Jul 02, 2026","Downtrend","Jul 27, 2026","1415267.6","41.3","11.09","0.05","Moving Down","","",,="2/9","<1","false","Swing"
"MIR","Mirion Technologies, Inc. Class A Common Stock","Industrials","Specialty Industrial Machinery","14.68","34.09","Sell","Jul 02, 2026","Downtrend","Jul 06, 2026","3947222","-177.44","0.13","-0.94","Moving Down","","",,="2/9","<1","false","Swing"
"SNEX","StoneX Group Inc. Common Stock","Financials","Capital Markets","67.75","31.8","Sell","Jul 01, 2026","Downtrend","Jul 31, 2026","1059788.37","504.08","1.97","-1.05","Moving Up","","",,="3/9","<1","false","Swing"
"STAA","STAAR Surgical Company Common Stock","Health Care","Medical Instruments & Supplies","23.26","55.45","Sell","Jul 01, 2026","Downtrend","Aug 17, 2026","1032382.43","262.89","31.45","0.52","Moving Down","","",,="3/9","<1","false","Swing"
"GEO","Geo Group Inc (The) REIT","Industrials","Security & Protection Services","32.18","48.45","Sell","Jun 30, 2026","Uptrend","Mar 17, 2026","1711045.07","-56.89","0.25","-1.62","Moving Down","","",,="3/9","<1","false","Swing"
"HMC","Honda Motor Company, Ltd. Common Stock","Discretionary","Auto Manufacturers","32.59","87.8","Buy","Jun 30, 2026","Uptrend","Jun 26, 2026","1105428.37","67.58","10.81","-2.34","Moving Up","","Negative",,="5/9","<1","false","Swing"
"AMAT","Applied Materials, Inc. Common Stock","Technology","Semiconductor Equipment & Materials","484.19","35.04","Sell","Jun 29, 2026","Downtrend","Aug 18, 2026","7543826.97","725.47","2.82","-1.65","Moving Down","","",,="2/9","<1","false","Swing"
"BDX","Becton, Dickinson and Company Common Stock","Health Care","Medical Instruments & Supplies","190.74","96.44","Buy","Jun 29, 2026","Uptrend","Jul 15, 2026","1811585.13","-6.06","13.49","-0.66","Moving Up","","",,="6/9","<1","false","Swing"
"FUN","Six Flags Entertainment Corporation Common Stock New","Discretionary","Leisure","16.91","35.94","Sell","Jun 29, 2026","Downtrend","Jul 01, 2026","2216543.1","-28.9","6.19","1.08","Moving Down","","",,="2/9","<1","false","Swing"
"GFS","GlobalFoundries Inc. Ordinary Shares","Technology","Semiconductors","45.95","22.53","Sell","Jun 29, 2026","Downtrend","Jul 02, 2026","4272987.47","-30.09","2.35","-4.37","Moving Down","","",,="2/9","<1","false","Swing"
"GNTX","Gentex Corporation Common Stock","Discretionary","Auto Parts","23.59","49.19","Sell","Jun 29, 2026","Downtrend","Aug 10, 2026","2384171.23","13.28","5.02","-0.21","Moving Down","","",,="2/9","<1","false","Swing"
"PEB","Pebblebrook Hotel Trust Common Shares of Beneficial Interest","Real Estate","REIT - Hotel & Motel","18.32","62.38","Sell","Jun 29, 2026","Neutral","Aug 12, 2026","2072808.67","-51.89","1.84","-0.87","Moving Up","","",,="4/9","<1","false","Swing"
"TTMI","TTM Technologies, Inc. Common Stock","Technology","Electronic Components","107.12","25.64","Sell","Jun 29, 2026","Downtrend","Jul 02, 2026","2928502.23","139.44","0.64","-3.09","Moving Down","","",,="2/9","<1","false","Swing"
"AESI","Atlas Energy Solutions Inc. Common Stock","Energy","Oil & Gas Equipment & Services","11.9","0",,"","Downtrend","Aug 24, 2026","3551949.3","",,,"","","",,="4/9","<1","true","Swing"
"AHR","American Healthcare REIT, Inc. Common Stock","Real Estate","REIT - Healthcare Facilities","56.19","0",,"","Uptrend","Aug 21, 2026","2666243.23","",,,"","","",,="5/9","<1","true","Swing"
"ALAB","Astera Labs, Inc. Common Stock","Technology","Semiconductors","277.53","0",,"","Downtrend","Aug 10, 2026","4393009.43","",,,"","","",,="2/9","<1","true","Swing"
"ALH","Alliance Laundry Holdings Inc. Common Stock","Discretionary","Furnishings Fixtures & Appliances","23.84","0",,"","Downtrend","Aug 17, 2026","1319452.43","",,,"","","",,="2/9","<1","true","Swing"
"ALHC","Alignment Healthcare, Inc. Common Stock","Health Care","Healthcare Plans","13.43","0",,"","Downtrend","Jul 23, 2026","5054508.93","",,,"","","",,="3/9","<1","true","Swing"
"AMTM","Amentum Holdings, Inc. Common Stock","Industrials","Specialty Business Services","20.06","0",,"","Downtrend","Aug 17, 2026","2266336.6","",,,"","","",,="2/9","<1","true","Swing"
"APGE","Apogee Therapeutics, Inc. Common Stock","Health Care","Biotechnology","134.79","0",,"","Uptrend","Jun 04, 2026","1179480.43","",,,"","","",,="4/9","<1","true","Swing"
"APP","Applovin Corporation Class A Common Stock","Communication","Advertising Agencies","298.59","0",,"","Downtrend","Jul 13, 2026","6616653.6","",,,"","","",,="3/9","<1","true","Swing"
"ASST","Strive, Inc. Class A Common Stock","Financials","Asset Management","19.73","0",,"","Uptrend","Aug 19, 2026","3897129.13","",,,"","","",,="2/9","<1","true","Swing"
"ASTS","AST SpaceMobile, Inc. Class A Common Stock","Technology","Communication Equipment","62.35","0",,"","Downtrend","Aug 24, 2026","13619042.77","",,,"","","Negative",,="2/9","<1","true","Swing"
"AVAH","Aveanna Healthcare Holdings Inc. Common Stock","Health Care","Medical Care Facilities","13.7","0",,"","Uptrend","Aug 13, 2026","2949747.03","",,,"","","",,="4/9","<1","true","Swing"
"BAM","Brookfield Asset Management Inc Class A Limited Voting Shares","Financials","Asset Management","52.31","0",,"","Uptrend","Jul 27, 2026","2408850.33","",,,"","","",,="3/9","<1","true","Swing"
"BBNX","Beta Bionics, Inc. Common Stock","Health Care","Medical Devices","19.73","0",,"","Uptrend","Aug 11, 2026","1366144.5","",,,"","","",,="4/9","<1","true","Swing"
"BEPC","Brookfield Renewable Corporation Brookfield Renewable Corporation Class A Subordinate Voting Shares","Utilities","Utilities - Renewable","32.88","0",,"","Downtrend","Aug 20, 2026","1844981.63","",,,"","","",,="2/9","<1","true","Swing"
"BIPC","Brookfield Infrastructure Corporation Brookfield Infrastructure Corporation","Utilities","Utilities - Regulated Gas","39.22","0",,"","Downtrend","Aug 14, 2026","1002910.33","",,,"","","",,="2/9","<1","true","Swing"
"BKSY","BlackSky Technology Inc. Class A Common Stock","Industrials","Specialty Business Services","25.59","0",,"","Neutral","Aug 19, 2026","1055875.6","",,,"","","",,="2/9","<1","true","Swing"
"BMNR","BitMine Immersion Technologies, Inc. Common Stock","Financials","Capital Markets","24.14","0",,"","Uptrend","Jul 30, 2026","36401586.93","",,,"","","Positive",,="3/9","<1","true","Swing"
"BTSG","BrightSpring Health Services, Inc. Common Stock","Health Care","Health Information Services","59.49","0",,"","Downtrend","Jul 31, 2026","3948173.4","",,,"","","Positive",,="3/9","<1","true","Swing"
"BYND","Beyond Meat, Inc. Common Stock","Staples","Packaged Foods","14.15","0",,"","Downtrend","May 29, 2026","1608763.87","",,,"","","",,="4/9","<1","true","Swing"
"CADL","Candel Therapeutics, Inc. Common Stock","Health Care","Biotechnology","12.86","0",,"","Uptrend","Apr 15, 2026","1275739.5","",,,"","","",,="4/9","<1","true","Swing"
"CAI","Caris Life Sciences, Inc. Common Stock","Health Care","Biotechnology","26.13","0",,"","Uptrend","Aug 06, 2026","4787269.43","",,,"","","",,="3/9","<1","true","Swing"
"CART","Maplebear Inc. Common Stock","Discretionary","Internet Retail","51.78","0",,"","Uptrend","Aug 07, 2026","4229991.87","",,,"","","",,="2/9","<1","true","Swing"
"CAVA","CAVA Group, Inc. Common Stock","Discretionary","Restaurants","71.93","0",,"","Uptrend","Aug 19, 2026","3535987.33","",,,"","","",,="3/9","<1","true","Swing"
"CHYM","Chime Financial, Inc. Class A Common Stock","Technology","Software - Application","32.7","0",,"","Uptrend","Jun 26, 2026","8408235.4","",,,"","","",,="3/9","<1","true","Swing"
"CIFR","Cipher Digital Inc. Common Stock","Technology","Information Technology Services","15.36","0",,"","Downtrend","Aug 04, 2026","34089101.77","",,,"","","",,="2/9","<1","true","Swing"
"CLMT","Calumet, Inc. Common Stock","Materials","Specialty Chemicals","47.32","0",,"","Uptrend","Jun 29, 2026","1262580.97","",,,"","","",,="4/9","<1","true","Swing"
"CORZ","Core Scientific, Inc. Common Stock","Technology","Software - Infrastructure","17.27","0",,"","Downtrend","Jul 24, 2026","12595282.37","",,,"","","",,="2/9","<1","true","Swing"
"CRBG","Corebridge Financial Inc. Common Stock","Financials","Asset Management","31.96","0",,"","Uptrend","Jun 09, 2026","4573026.33","",,,"","","",,="3/9","<1","true","Swing"
"CRCL","Circle Internet Group, Inc. Class A Common Stock","Financials","Capital Markets","87.72","0",,"","Uptrend","Aug 19, 2026","12706407.87","",,,"","","",,="3/9","<1","true","Swing"
"CRWV","CoreWeave, Inc. Class A Common Stock","Technology","Software - Infrastructure","86.25","0",,"","Neutral","Aug 19, 2026","29584135.03","",,,"","","",,="2/9","<1","true","Swing"
"CTRI","Centuri Holdings, Inc. Common Stock","Utilities","Utilities - Regulated Gas","20.79","0",,"","Downtrend","Jun 26, 2026","1974290.47","",,,"","","",,="2/9","<1","true","Swing"
"CURB","Curbline Properties Corp. Common Stock","Real Estate","REIT - Retail","29.78","0",,"","Downtrend","Aug 17, 2026","1189456.2","",,,"","","",,="4/9","<1","true","Swing"
"DFNS","T3 Defense Inc. Common Stock","Industrials","Aerospace & Defense","11.01","0",,"","Downtrend","Aug 20, 2026","6147165.83","",,,"","","",,="2/9","<1","true","Swing"
"DFTX","Definium Therapeutics, Inc. Common Shares","Health Care","Biotechnology","43.27","0",,"","Uptrend","May 22, 2026","2021124.57","",,,"","","",,="4/9","<1","true","Swing"
"DLO","DLocal Limited Class A Common Shares","Technology","Software - Infrastructure","15.12","0",,"","Uptrend","Aug 24, 2026","2225541.97","",,,"","","Positive",,="2/9","<1","true","Swing"
"DX","Dynex Capital, Inc. Common Stock","Real Estate","REIT - Mortgage","13.05","0",,"","Uptrend","Aug 14, 2026","5899200.57","",,,"","","",,="5/9","<1","true","Swing"
"DXYZ","Destiny Tech100 Inc. Common Stock","Financials","Asset Management","32.4","0",,"","Uptrend","Aug 11, 2026","1223673.53","",,,"","","",,="3/9","<1","true","Swing"
"ERAS","Erasca, Inc. Common Stock","Health Care","Biotechnology","17.6","0",,"","Neutral","Aug 21, 2026","3837396.93","",,,"","","",,="3/9","<1","true","Swing"
"FIG","Figma, Inc. Class A Common Stock","Technology","Software - Application","27.44","0",,"","Uptrend","Jul 27, 2026","20407533.97","",,,"","","",,="3/9","<1","true","Swing"
"FIGR","Figure Technology Solutions, Inc. Class A Common Stock","Financials","Capital Markets","38.64","0",,"","Uptrend","Aug 13, 2026","3803433.83","",,,"","","",,="3/9","<1","true","Swing"
"FLY","Firefly Aerospace Inc. Common Stock","Industrials","Aerospace & Defense","23.1","0",,"","Neutral","Aug 18, 2026","3296616.03","",,,"","","",,="2/9","<1","true","Swing"
"FTRE","Fortrea Holdings Inc. Common Stock","Health Care","Biotechnology","18.31","0",,"","Neutral","Aug 17, 2026","1516735.07","",,,"","","",,="3/9","<1","true","Swing"
"FWRG","First Watch Restaurant Group, Inc. Common Stock","Discretionary","Restaurants","13.17","0",,"","Uptrend","Aug 21, 2026","1100749.73","",,,"","","",,="2/9","<1","true","Swing"
"GEHC","GE HealthCare Technologies Inc. Common Stock ","Health Care","Medical Devices","74.19","0",,"","Uptrend","Jul 29, 2026","4771991.43","",,,"","","",,="3/9","<1","true","Swing"
"GEV","GE Vernova Inc. Common Stock","Industrials","Specialty Industrial Machinery","942.1","0",,"","Downtrend","Aug 20, 2026","2473238.57","",,,"","","Positive",,="2/9","<1","true","Swing"
"GLXY","Galaxy Digital Inc. Class A Common Stock","Financials","Capital Markets","22.84","0",,"","Neutral","Aug 21, 2026","6492797.4","",,,"","","",,="2/9","<1","true","Swing"
"HNGE","Hinge Health, Inc. Class A Common Stock","Health Care","Health Information Services","89.98","0",,"","Uptrend","Aug 07, 2026","1634235.8","",,,"","","",,="4/9","<1","true","Swing"
"HTFL","Heartflow, Inc. Common Stock","Health Care","Health Information Services","50.2","0",,"","Uptrend","Aug 07, 2026","1711885.3","",,,"","","",,="4/9","<1","true","Swing"
"IE","Ivanhoe Electric Inc. Common Stock","Materials","Copper","11.26","0",,"","Uptrend","Aug 21, 2026","2048220.67","",,,"","","",,="3/9","<1","true","Swing"
"IMMX","Immix Biopharma, Inc. Common Stock","Health Care","Biotechnology","13.61","0",,"","Uptrend","Aug 10, 2026","1611486.7","",,,"","","",,="4/9","<1","true","Swing"
"KGS","Kodiak Gas Services, Inc. Common Stock","Energy","Oil & Gas Equipment & Services","59.18","0",,"","Downtrend","Aug 19, 2026","1676407.87","",,,"","","",,="4/9","<1","true","Swing"
"KRMN","Karman Holdings Inc. Common Stock","Industrials","Aerospace & Defense","51.37","0",,"","Neutral","Aug 20, 2026","3435833.7","",,,"","","",,="2/9","<1","true","Swing"
"KVUE","Kenvue Inc. Common Stock","Staples","Household & Personal Products","19.43","0",,"","Neutral","Aug 19, 2026","18722077.9","",,,"","","",,="4/9","<1","true","Swing"
"KVYO","Klaviyo, Inc. Series A Common Stock","Technology","Software - Application","18.2","0",,"","Uptrend","Aug 10, 2026","5701417.4","",,,"","","",,="3/9","<1","true","Swing"
"LGN","Legence Corp. Class A Common stock","Industrials","Engineering & Construction","56.38","0",,"","Downtrend","Jul 01, 2026","1365680.77","",,,"","","",,="2/9","<1","true","Swing"
"MIAX","Miami International Holdings, Inc. Common Stock","Financials","Capital Markets","44.03","0",,"","Neutral","Aug 24, 2026","1175464.57","",,,"","","",,="2/9","<1","true","Swing"
"MNTN","MNTN, Inc. Class A Common Stock","Technology","Software - Application","12.93","0",,"","Uptrend","Aug 05, 2026","1096104.23","",,,"","","",,="3/9","<1","true","Swing"
"MQ","Marqeta, Inc. Class A Common Stock","Technology","Software - Infrastructure","16.31","0",,"","Downtrend","Aug 10, 2026","1066815.57","",,,"","","",,="1/9","<1","true","Swing"
"MRP","Millrose Properties, Inc. Class A Common Stock","Real Estate","REIT - Residential","30.51","0",,"","Uptrend","Aug 05, 2026","1097542.5","",,,"","","",,="5/9","<1","true","Swing"
"NIQ","NIQ Global Intelligence plc Ordinary Shares","Technology","Software - Application","19.18","0",,"","Uptrend","Jul 01, 2026","1790872.37","",,,"","","",,="3/9","<1","true","Swing"
"NMAX","Newsmax, Inc. Class B Common Stock","Communication","Broadcasting","10.58","0",,"","Uptrend","Aug 06, 2026","1027058.07","",,,"","","",,="4/9","<1","true","Swing"
"NN","NextNav Inc. Common Stock","Technology","Software - Infrastructure","15.79","0",,"","Neutral","Aug 24, 2026","2979439.67","",,,"","","",,="2/9","<1","true","Swing"
"NNE","Nano Nuclear Energy Inc. Common Stock","Industrials","Specialty Industrial Machinery","18.27","0",,"","Neutral","Aug 14, 2026","1985550.87","",,,"","","",,="2/9","<1","true","Swing"
"NTSK","Netskope, Inc. Class A Common Stock","Technology","Software - Infrastructure","14.04","0",,"","Uptrend","Jul 24, 2026","4486766.7","",,,"","","",,="3/9","<1","true","Swing"
"NXT","Nextpower Inc. Class A Common Stock","Technology","Solar","84.72","0",,"","Downtrend","Jun 23, 2026","2841977.8","",,,"","","",,="2/9","<1","true","Swing"
"OMDA","Omada Health, Inc. Common Stock","Health Care","Health Information Services","24.08","0",,"","Uptrend","Aug 10, 2026","1436285.97","",,,"","","",,="4/9","<1","true","Swing"
"OSCR","Oscar Health, Inc. Class A Common Stock","Health Care","Healthcare Plans","31.81","0",,"","Uptrend","Aug 14, 2026","5303218","",,,"","","Positive",,="4/9","<1","true","Swing"
"OTF","Blue Owl Technology Finance Corp. Common Stock","Financials","Asset Management","11.1","0",,"","Uptrend","Aug 06, 2026","2661774.37","",,,"","","",,="3/9","<1","true","Swing"
"OUST","Ouster, Inc. Common Stock","Technology","Electronic Components","35.75","0",,"","Downtrend","Aug 21, 2026","3221829.73","",,,"","","",,="2/9","<1","true","Swing"
"PRMB","Primo Brands Corporation Class A Common Stock","Staples","Beverages - Non-Alcoholic","23.02","0",,"","Downtrend","Aug 20, 2026","3768632.83","",,,"","","",,="4/9","<1","true","Swing"
"PSKY","Paramount Skydance Corporation Class B Common Stock","Communication","Entertainment","10.35","0",,"","Uptrend","Aug 11, 2026","11414031.17","",,,"","","Negative","true",="3/9","<1","true","Swing"
"PSNL","Personalis, Inc. Common Stock","Health Care","Diagnostics & Research","17.06","0",,"","Uptrend","Aug 05, 2026","4421507.97","",,,"","","",,="4/9","<1","true","Swing"
"PTRN","Pattern Group Inc. Series A Common Stock","Technology","Software - Application","21.48","0",,"","Downtrend","Aug 14, 2026","1824840.17","",,,"","","",,="2/9","<1","true","Swing"
"PUMP","ProPetro Holding Corp. Common Stock","Energy","Oil & Gas Equipment & Services","10.82","0",,"","Downtrend","Aug 18, 2026","3708884.4","",,,"","","",,="4/9","<1","true","Swing"
"QBTS","D-Wave Quantum Inc. Common Shares","Technology","Computer Hardware","18.68","0",,"","Downtrend","Aug 24, 2026","17262627.27","",,,"","","",,="2/9","<1","true","Swing"
"RAL","Ralliant Corporation Common Stock","Technology","Electronic Components","62.95","0",,"","Downtrend","Aug 20, 2026","1595931.3","",,,"","","",,="2/9","<1","true","Swing"
"RBRK","Rubrik, Inc. Class A Common Stock","Technology","Software - Infrastructure","98.04","0",,"","Uptrend","Aug 05, 2026","2806509.6","",,,"","","",,="3/9","<1","true","Swing"
"RDDT","Reddit, Inc. Class A Common Stock","Communication","Internet Content & Information","152.7","0",,"","Downtrend","Aug 17, 2026","7226182.7","",,,"","","",,="3/9","<1","true","Swing"
"RGTI","Rigetti Computing, Inc. Common Stock","Technology","Computer Hardware","16.37","0",,"","Neutral","Aug 24, 2026","20443950.67","",,,"","","",,="2/9","<1","true","Swing"
"RIVN","Rivian Automotive, Inc. Class A Common Stock","Discretionary","Auto Manufacturers","16.6","0",,"","Neutral","Aug 21, 2026","24416054.7","",,,"","","",,="2/9","<1","true","Swing"
"RXO","RXO, Inc. Common Stock","Industrials","Trucking","21.28","0",,"","Downtrend","Jul 27, 2026","1971003.03","",,,"","","",,="2/9","<1","true","Swing"
"S","SentinelOne, Inc. Class A Common Stock","Technology","Software - Infrastructure","20.82","0",,"","Uptrend","Jun 30, 2026","6802804.77","",,,"","","",,="3/9","<1","true","Swing"
"SAIL","SailPoint, Inc. Common Stock","Technology","Software - Infrastructure","18.13","0",,"","Uptrend","Jul 24, 2026","3268826.53","",,,"","","",,="3/9","<1","true","Swing"
"SARO","StandardAero, Inc. Common Stock","Industrials","Aerospace & Defense","24.57","0",,"","Downtrend","Aug 13, 2026","3347690.47","",,,"","","",,="2/9","<1","true","Swing"
"SDOT","Sadot Group Inc. Common Stock","Staples","Farm Products","23.16","0",,"","Neutral","Aug 24, 2026","2873663.43","",,,"","","",,="3/9","<1","true","Swing"
"SFD","Smithfield Foods, Inc. Common Stock","Staples","Packaged Foods","22.31","0",,"","Downtrend","Aug 06, 2026","1397541.57","",,,"","","",,="4/9","<1","true","Swing"
"SGMT","Sagimet Biosciences Inc. Series A Common Stock","Health Care","Biotechnology","10.21","0",,"","Uptrend","Aug 04, 2026","1214598.2","",,,"","","",,="4/9","<1","true","Swing"
"SN","SharkNinja, Inc. Ordinary Shares","Discretionary","Furnishings Fixtures & Appliances","182.99","0",,"","Uptrend","May 27, 2026","1673123.9","",,,"","","",,="3/9","<1","true","Swing"
"SNDK","Sandisk Corporation Common Stock","Technology","Computer Hardware","1493.12","0",,"","Neutral","Aug 24, 2026","15944271.7","",,,"","","Negative","true",="2/9","<1","true","Swing"
"SOLV","Solventum Corporation Common Stock","Health Care","Medical Instruments & Supplies","91.25","0",,"","Uptrend","Jul 15, 2026","1185555.37","",,,"","","",,="4/9","<1","true","Swing"
"SPCX","Space Exploration Technologies Corp","Industrials","Aerospace & Defense","135","0",,"","Uptrend","Aug 13, 2026","101138023.7","",,,"","","","true",="3/9","<1","true","Swing"
"STRC","Strategy Inc Variable Rate Series A Perpetual Stretch Preferred Stock","Technology","Software - Application","97.21","0",,"","Uptrend","Aug 03, 2026","1281347.07","",,,"","","",,="2/9","<1","true","Swing"
"SVV","Savers Value Village, Inc. Common Stock","Discretionary","Specialty Retail","10.92","0",,"","Uptrend","Jul 28, 2026","1727181.6","",,,"","","",,="3/9","<1","true","Swing"
"TALO","Talos Energy, Inc. Common Stock","Energy","Oil & Gas E&P","16.93","0",,"","Uptrend","Aug 10, 2026","1930504.67","",,,"","","",,="5/9","<1","true","Swing"
"TEM","Tempus AI, Inc. Class A Common Stock","Health Care","Health Information Services","66.17","0",,"","Uptrend","Aug 19, 2026","6344411.4","",,,"","","",,="4/9","<1","true","Swing"
"TKO","TKO Group Holdings, Inc. Class A Common Stock","Communication","Entertainment","193.42","0",,"","Uptrend","Aug 11, 2026","1052895.87","",,,"","","",,="4/9","<1","true","Swing"
"TTAN","ServiceTitan, Inc. Class A Common Stock","Technology","Software - Application","95.635","0",,"","Uptrend","Jul 27, 2026","1289992.2","",,,"","","",,="3/9","<1","true","Swing"
"UMAC","Unusual Machines, Inc. Common Stock","Technology","Computer Hardware","24.57","0",,"","Uptrend","Aug 03, 2026","4457737.17","",,,"","","",,="3/9","<1","true","Swing"
"UPST","Upstart Holdings, Inc. Common stock","Financials","Credit Services","29.89","0",,"","Neutral","Aug 24, 2026","4306894.43","",,,"","","",,="2/9","<1","true","Swing"
"USAR","USA Rare Earth, Inc. Class A Common Stock","Materials","Other Industrial Metals & Mining","18.29","0",,"","Neutral","Aug 24, 2026","11960180.7","",,,"","","Negative",,="3/9","<1","true","Swing"
"VG","Venture Global, Inc. Class A common stock","Energy","Oil & Gas Midstream","14.39","0",,"","Uptrend","Aug 06, 2026","15137265.6","",,,"","","",,="5/9","<1","true","Swing"
"VLTO","Veralto Corp Common Stock ","Industrials","Pollution & Treatment Controls","99.37","0",,"","Uptrend","Jun 25, 2026","1595712.77","",,,"","","",,="3/9","<1","true","Swing"
"VOYG","Voyager Technologies, Inc. Class A Common Stock","Industrials","Aerospace & Defense","35.5","0",,"","Uptrend","Aug 06, 2026","1711044.63","",,,"","","",,="3/9","<1","true","Swing"
"VSTS","Vestis Corporation Common Stock","Industrials","Rental & Leasing Services","12.75","0",,"","Downtrend","Aug 13, 2026","1374954","",,,"","","",,="2/9","<1","true","Swing"
"WAY","Waystar Holding Corp. Common Stock","Health Care","Health Information Services","25.35","0",,"","Uptrend","Aug 03, 2026","2720728.43","",,,"","","",,="3/9","<1","true","Swing"
"WOLF","Wolfspeed, Inc. Common Stock New","Technology","Semiconductors","24.76","0",,"","Downtrend","Aug 20, 2026","4499476.8","",,,"","","",,="2/9","<1","true","Swing"
"WRBY","Warby Parker Inc. Class A Common Stock","Health Care","Medical Instruments & Supplies","26.21","0",,"","Neutral","Aug 24, 2026","2701724.23","",,,"","","",,="3/9","<1","true","Swing"
"WYFI","WhiteFiber, Inc. Ordinary Shares","Technology","Information Technology Services","20.78","0",,"","Downtrend","Aug 19, 2026","2756220.73","",,,"","","",,="2/9","<1","true","Swing"
