symbol,status,display_label,signal,previous_signal,signal_date,sector,industry,trend,momentum,optionable,reason
A,LEADER,🚀 LEADER,BUY,BUY,"Jul 27, 2026",Health Care,Diagnostics & Research,UPTREND,MOVING UP,,Sustained BUY with confirmed trend and momentum
AA,ACTIVE_BUY,ACTIVE BUY,BUY,BUY,"Aug 12, 2026",Materials,Aluminum,NEUTRAL,MOVING UP,,BUY remains active without a higher-priority setup
AACB,UNCHANGED,UNCHANGED,,,,Financials,Shell Companies,,,,Previously inactive symbol is absent
AAL,UNCHANGED,UNCHANGED,,SELL,"Aug 12, 2026",Industrials,Airlines,,,,Previously inactive symbol is absent
AAMI,LEADER,🚀 LEADER,BUY,BUY,"Aug 05, 2026",Financials,Asset Management,UPTREND,MOVING UP,,Sustained BUY with confirmed trend and momentum
AAOI,LEADER,🚀 LEADER,BUY,BUY,"Aug 10, 2026",Technology,Communication Equipment,UPTREND,MOVING UP,,Sustained BUY with confirmed trend and momentum
AAP,UNCHANGED,UNCHANGED,SELL,SELL,"Aug 12, 2026",Discretionary,Auto Parts,NEUTRAL,MOVING UP,,No active BUY transition
AAPL,UNCHANGED,UNCHANGED,SELL,SELL,"Aug 04, 2026",Technology,Consumer Electronics,DOWNTREND,MOVING DOWN,,No active BUY transition
AB,UNCHANGED,UNCHANGED,SELL,SELL,"Jul 31, 2026",Financials,Asset Management,DOWNTREND,MOVING DOWN,,No active BUY transition
ABBV,UNCHANGED,UNCHANGED,SELL,SELL,"Jul 15, 2026",Health Care,Drug Manufacturers - General,NEUTRAL,MOVING DOWN,,No active BUY transition
ABCB,UNCHANGED,UNCHANGED,SELL,SELL,"Jul 09, 2026",Financials,Banks - Regional,NEUTRAL,MOVING UP,,No active BUY transition
ABG,UNCHANGED,UNCHANGED,SELL,SELL,"Aug 07, 2026",Discretionary,Auto & Truck Dealerships,DOWNTREND,MOVING DOWN,,No active BUY transition
ABM,UNCHANGED,UNCHANGED,SELL,SELL,"Aug 10, 2026",Industrials,Specialty Business Services,UPTREND,MOVING DOWN,,No active BUY transition
ABNB,DETERIORATING,⚠️ DETERIORATING,BUY,BUY,"Jul 30, 2026",Discretionary,Travel Services,UPTREND,MOVING DOWN,,Existing BUY momentum is weakening
ABT,LEADER,🚀 LEADER,BUY,BUY,"Jul 17, 2026",Health Care,Medical Devices,UPTREND,MOVING UP,,Sustained BUY with confirmed trend and momentum
ACA,UNCHANGED,UNCHANGED,SELL,SELL,"Aug 06, 2026",Industrials,Engineering & Construction,UPTREND,MOVING DOWN,,No active BUY transition
ACAD,LEADER,🚀 LEADER,BUY,BUY,"Aug 07, 2026",Health Care,Biotechnology,UPTREND,MOVING UP,,Sustained BUY with confirmed trend and momentum
ACFN,UNCHANGED,UNCHANGED,,,,Technology,Scientific & Technical Instruments,,,,Previously inactive symbol is absent
ACGL,UNCHANGED,UNCHANGED,SELL,SELL,"Jul 23, 2026",Financials,Insurance - Diversified,NEUTRAL,MOVING DOWN,,No active BUY transition
ACHC,UNCHANGED,UNCHANGED,SELL,SELL,"Jul 28, 2026",Health Care,Medical Care Facilities,NEUTRAL,MOVING DOWN,,No active BUY transition
ACI,UNCHANGED,UNCHANGED,,SELL,"Jul 22, 2026",Staples,Grocery Stores,,,,Previously inactive symbol is absent
ACIW,UNCHANGED,UNCHANGED,SELL,SELL,"Jul 23, 2026",Technology,Software - Infrastructure,NEUTRAL,MOVING DOWN,,No active BUY transition
ACLS,UNCHANGED,UNCHANGED,SELL,SELL,"Jun 30, 2026",Technology,Semiconductor Equipment & Materials,DOWNTREND,MOVING UP,,No active BUY transition
ACM,UNCHANGED,UNCHANGED,SELL,SELL,"Aug 13, 2026",Industrials,Engineering & Construction,DOWNTREND,MOVING DOWN,,No active BUY transition
ACMR,UNCHANGED,UNCHANGED,SELL,SELL,"Jul 07, 2026",Technology,Semiconductor Equipment & Materials,DOWNTREND,MOVING DOWN,,No active BUY transition
ACN,LEADER,🚀 LEADER,BUY,BUY,"Jul 28, 2026",Technology,Information Technology Services,UPTREND,MOVING UP,,Sustained BUY with confirmed trend and momentum
ACNB,UNCHANGED,UNCHANGED,SELL,SELL,"Aug 12, 2026",Financials,Banks - Regional,UPTREND,MOVING DOWN,,No active BUY transition
ACNT,UNCHANGED,UNCHANGED,,SELL,"Aug 12, 2026",Materials,Chemicals,,,,Previously inactive symbol is absent
ACT,LEADER,🚀 LEADER,BUY,BUY,"Aug 12, 2026",Financials,Insurance - Specialty,UPTREND,MOVING UP,,Sustained BUY with confirmed trend and momentum
ACU,UNCHANGED,UNCHANGED,,,,Staples,Household & Personal Products,UPTREND,,,No active BUY transition
ACV,LEADER,🚀 LEADER,BUY,BUY,"Aug 13, 2026",Financials,Closed-End Fund - Equity,UPTREND,MOVING UP,,Sustained BUY with confirmed trend and momentum
ADAM,REMOVED,❌ REMOVED,,BUY,"Aug 05, 2026",Real Estate,REIT - Mortgage,,,,Prior BUY is missing or no longer rated BUY
ADBE,DETERIORATING,⚠️ DETERIORATING,BUY,BUY,"Jul 14, 2026",Technology,Software - Application,UPTREND,MOVING DOWN,,Existing BUY momentum is weakening
ADC,UNCHANGED,UNCHANGED,SELL,SELL,"Jul 31, 2026",Real Estate,REIT - Retail,DOWNTREND,MOVING DOWN,,No active BUY transition
ADEA,LEADER,🚀 LEADER,BUY,BUY,"Aug 06, 2026",Technology,Software - Application,UPTREND,MOVING UP,,Sustained BUY with confirmed trend and momentum
ADI,LEADER,🚀 LEADER,BUY,BUY,"Aug 14, 2026",Technology,Semiconductors,UPTREND,MOVING UP,,Sustained BUY with confirmed trend and momentum
ADM,UNCHANGED,UNCHANGED,SELL,SELL,"Jul 31, 2026",Staples,Farm Products,NEUTRAL,MOVING DOWN,,No active BUY transition
ADNT,UNCHANGED,UNCHANGED,,SELL,"Aug 07, 2026",Discretionary,Auto Parts,,,,Previously inactive symbol is absent
ADP,UNCHANGED,UNCHANGED,SELL,SELL,"Aug 13, 2026",Technology,Software - Application,UPTREND,MOVING DOWN,,No active BUY transition
ADPT,REMOVED,❌ REMOVED,,BUY,"Aug 11, 2026",Health Care,Diagnostics & Research,,,,Prior BUY is missing or no longer rated BUY
ADSK,LEADER,🚀 LEADER,BUY,BUY,"Jul 17, 2026",Technology,Software - Application,UPTREND,MOVING UP,,Sustained BUY with confirmed trend and momentum
ADUS,UNCHANGED,UNCHANGED,SELL,SELL,"Aug 05, 2026",Health Care,Medical Care Facilities,UPTREND,MOVING DOWN,,No active BUY transition
ADX,UNCHANGED,UNCHANGED,SELL,SELL,"Jul 24, 2026",Financials,Closed-End Fund - Equity,UPTREND,MOVING DOWN,,No active BUY transition
AEE,UNCHANGED,UNCHANGED,SELL,SELL,"Jul 14, 2026",Utilities,Utilities - Regulated Electric,DOWNTREND,MOVING DOWN,,No active BUY transition
AEHR,LEADER,🚀 LEADER,BUY,BUY,"Aug 05, 2026",Technology,Semiconductor Equipment & Materials,UPTREND,MOVING UP,,Sustained BUY with confirmed trend and momentum
AEIS,LEADER,🚀 LEADER,BUY,BUY,"Aug 07, 2026",Industrials,Electrical Equipment & Parts,UPTREND,MOVING UP,,Sustained BUY with confirmed trend and momentum
AEM,LEADER,🚀 LEADER,BUY,BUY,"Aug 06, 2026",Materials,Gold,UPTREND,MOVING UP,,Sustained BUY with confirmed trend and momentum
AEO,UNCHANGED,UNCHANGED,,SELL,"Aug 13, 2026",Discretionary,Apparel Retail,,,,Previously inactive symbol is absent
AEP,UNCHANGED,UNCHANGED,SELL,SELL,"Jul 14, 2026",Utilities,Utilities - Regulated Electric,DOWNTREND,MOVING DOWN,,No active BUY transition
AER,UNCHANGED,UNCHANGED,SELL,SELL,"Aug 13, 2026",Industrials,Rental & Leasing Services,UPTREND,MOVING DOWN,,No active BUY transition
AES,UNCHANGED,UNCHANGED,,SELL,"Aug 04, 2026",Utilities,Utilities - Diversified,,,,Previously inactive symbol is absent
AESI,UNCHANGED,UNCHANGED,,,,Energy,Oil & Gas Equipment & Services,,,,Previously inactive symbol is absent
AEVA,REMOVED,❌ REMOVED,,BUY,"Aug 07, 2026",Technology,Software - Infrastructure,,,,Prior BUY is missing or no longer rated BUY
AEXA,UNCHANGED,UNCHANGED,,,,Financials,Shell Companies,,,,Previously inactive symbol is absent
AFB,UNCHANGED,UNCHANGED,,SELL,"Jul 08, 2026",Financials,Closed-End Fund - Debt,,,,Previously inactive symbol is absent
AFBI,UNCHANGED,UNCHANGED,,SELL,"Aug 03, 2026",Financials,Banks - Regional,,,,Previously inactive symbol is absent
AFG,UNCHANGED,UNCHANGED,SELL,SELL,"Jul 20, 2026",Financials,Insurance - Property & Casualty,UPTREND,MOVING DOWN,,No active BUY transition
AFJK,UNCHANGED,UNCHANGED,,,,Financials,Shell Companies,,,,Previously inactive symbol is absent
AFL,UNCHANGED,UNCHANGED,SELL,SELL,"Aug 06, 2026",Financials,Insurance - Life,DOWNTREND,MOVING DOWN,,No active BUY transition
AFRM,UNCHANGED,UNCHANGED,SELL,SELL,"Jul 08, 2026",Financials,Credit Services,UPTREND,MOVING UP,,No active BUY transition
AFYA,UNCHANGED,UNCHANGED,,SELL,"Jul 09, 2026",Staples,Education & Training Services,,,,Previously inactive symbol is absent
AG,REMOVED,❌ REMOVED,,BUY,"Aug 10, 2026",Materials,Silver,,,,Prior BUY is missing or no longer rated BUY
AGCO,UNCHANGED,UNCHANGED,SELL,SELL,"Jul 31, 2026",Industrials,Farm & Heavy Construction Machinery,DOWNTREND,MOVING DOWN,,No active BUY transition
AGD,UNCHANGED,UNCHANGED,,,,Financials,Closed-End Fund - Foreign,,,,Previously inactive symbol is absent
AGI,LEADER,🚀 LEADER,BUY,BUY,"Aug 10, 2026",Materials,Gold,UPTREND,MOVING UP,,Sustained BUY with confirmed trend and momentum
AGIO,UNCHANGED,UNCHANGED,SELL,SELL,"Jul 15, 2026",Health Care,Biotechnology,DOWNTREND,MOVING UP,,No active BUY transition
AGL,UNCHANGED,UNCHANGED,SELL,SELL,"Jul 27, 2026",Health Care,Medical Care Facilities,NEUTRAL,MOVING UP,,No active BUY transition
AGM,LEADER,🚀 LEADER,BUY,BUY,"Jul 30, 2026",Financials,Credit Services,UPTREND,MOVING UP,,Sustained BUY with confirmed trend and momentum
AGNC,REMOVED,❌ REMOVED,,BUY,"Aug 14, 2026",Real Estate,REIT - Mortgage,,,,Prior BUY is missing or no longer rated BUY
AGO,UNCHANGED,UNCHANGED,SELL,SELL,"Jul 24, 2026",Financials,Insurance - Specialty,DOWNTREND,MOVING DOWN,,No active BUY transition
AGX,UNCHANGED,UNCHANGED,SELL,SELL,"Jul 09, 2026",Industrials,Engineering & Construction,DOWNTREND,MOVING UP,,No active BUY transition
AGYS,UNCHANGED,UNCHANGED,SELL,SELL,"Jul 22, 2026",Technology,Software - Application,UPTREND,MOVING DOWN,,No active BUY transition
AHR,UNCHANGED,UNCHANGED,,,,Real Estate,REIT - Healthcare Facilities,NEUTRAL,,,No active BUY transition
AI,REMOVED,❌ REMOVED,,BUY,"Aug 04, 2026",Technology,Software - Infrastructure,,,,Prior BUY is missing or no longer rated BUY
AIG,UNCHANGED,UNCHANGED,SELL,SELL,"Jul 24, 2026",Financials,Insurance - Diversified,DOWNTREND,MOVING DOWN,,No active BUY transition
AII,UNCHANGED,UNCHANGED,,,,Financials,Insurance - Property & Casualty,,,,Previously inactive symbol is absent
AIN,UNCHANGED,UNCHANGED,SELL,SELL,"Jul 06, 2026",Discretionary,Textile Manufacturing,DOWNTREND,MOVING DOWN,,No active BUY transition
AIO,LEADER,🚀 LEADER,BUY,BUY,"Aug 13, 2026",Financials,Closed-End Fund - Equity,UPTREND,MOVING UP,,Sustained BUY with confirmed trend and momentum
AIP,UNCHANGED,UNCHANGED,SELL,SELL,"Jul 06, 2026",Technology,Semiconductors,DOWNTREND,MOVING UP,,No active BUY transition
AIR,LEADER,🚀 LEADER,BUY,BUY,"Aug 03, 2026",Industrials,Aerospace & Defense,UPTREND,MOVING UP,,Sustained BUY with confirmed trend and momentum
AIRO,UNCHANGED,UNCHANGED,,,,Industrials,Aerospace & Defense,,,,Previously inactive symbol is absent
AIRT,DETERIORATING,⚠️ DETERIORATING,BUY,BUY,"Aug 06, 2026",Industrials,Conglomerates,UPTREND,MOVING DOWN,,Existing BUY momentum is weakening
AIT,LEADER,🚀 LEADER,BUY,BUY,"Jul 24, 2026",Industrials,Industrial Distribution,UPTREND,MOVING UP,,Sustained BUY with confirmed trend and momentum
AIZ,UNCHANGED,UNCHANGED,SELL,SELL,"Aug 14, 2026",Financials,Insurance - Property & Casualty,UPTREND,MOVING DOWN,,No active BUY transition
AJG,UNCHANGED,UNCHANGED,SELL,SELL,"Aug 10, 2026",Financials,Insurance Brokers,UPTREND,MOVING DOWN,,No active BUY transition
AKA,UNCHANGED,UNCHANGED,,,,Discretionary,Apparel Retail,,,,Previously inactive symbol is absent
AKAM,LEADER,🚀 LEADER,BUY,BUY,"Aug 14, 2026",Technology,Software - Infrastructure,UPTREND,MOVING UP,,Sustained BUY with confirmed trend and momentum
AKO/B,LEADER,🚀 LEADER,BUY,BUY,"Aug 06, 2026",Staples,Beverages - Non-Alcoholic,UPTREND,MOVING UP,,Sustained BUY with confirmed trend and momentum
AKR,UNCHANGED,UNCHANGED,,SELL,"Aug 06, 2026",Real Estate,REIT - Retail,,,,Previously inactive symbol is absent
ALAB,UNCHANGED,UNCHANGED,,,,Technology,Semiconductors,DOWNTREND,,,No active BUY transition
ALB,LEADER,🚀 LEADER,BUY,BUY,"Aug 12, 2026",Materials,Specialty Chemicals,UPTREND,MOVING UP,,Sustained BUY with confirmed trend and momentum
ALC,LEADER,🚀 LEADER,BUY,BUY,"Aug 05, 2026",Health Care,Medical Instruments & Supplies,UPTREND,MOVING UP,,Sustained BUY with confirmed trend and momentum
ALCO,LEADER,🚀 LEADER,BUY,BUY,"Aug 13, 2026",Staples,Farm Products,UPTREND,MOVING UP,,Sustained BUY with confirmed trend and momentum
ALDF,UNCHANGED,UNCHANGED,,,,Financials,Shell Companies,,,,Previously inactive symbol is absent
ALF,UNCHANGED,UNCHANGED,,,,Financials,Shell Companies,,,,Previously inactive symbol is absent
ALG,DETERIORATING,⚠️ DETERIORATING,BUY,BUY,"Aug 07, 2026",Industrials,Farm & Heavy Construction Machinery,UPTREND,MOVING DOWN,,Existing BUY momentum is weakening
ALGM,UNCHANGED,UNCHANGED,SELL,SELL,"Jul 07, 2026",Technology,Semiconductors,DOWNTREND,MOVING UP,,No active BUY transition
ALGN,EMERGING,🔥 EMERGING,BUY,SELL,"Aug 17, 2026",Health Care,Medical Instruments & Supplies,UPTREND,MOVING UP,,New BUY with rising trend and accelerating momentum
ALGT,UNCHANGED,UNCHANGED,SELL,SELL,"Jul 13, 2026",Industrials,Airlines,DOWNTREND,MOVING DOWN,,No active BUY transition
ALH,UNCHANGED,UNCHANGED,,,,Discretionary,Furnishings Fixtures & Appliances,NEUTRAL,,,No active BUY transition
ALHC,UNCHANGED,UNCHANGED,,,,Health Care,Healthcare Plans,,,,Previously inactive symbol is absent
ALIT,UNCHANGED,UNCHANGED,,SELL,"Jul 20, 2026",Technology,Software - Application,,,,Previously inactive symbol is absent
ALK,UNCHANGED,UNCHANGED,SELL,SELL,"Aug 14, 2026",Industrials,Airlines,DOWNTREND,MOVING DOWN,,No active BUY transition
ALKS,UNCHANGED,UNCHANGED,SELL,SELL,"Jul 13, 2026",Health Care,Drug Manufacturers - Specialty & Generic,NEUTRAL,MOVING DOWN,,No active BUY transition
ALKT,UNCHANGED,UNCHANGED,,SELL,"Aug 12, 2026",Technology,Software - Application,,,,Previously inactive symbol is absent
ALL,UNCHANGED,UNCHANGED,SELL,SELL,"Aug 12, 2026",Financials,Insurance - Property & Casualty,UPTREND,MOVING DOWN,,No active BUY transition
ALLE,REMOVED,❌ REMOVED,SELL,BUY,"Aug 17, 2026",Industrials,Security & Protection Services,UPTREND,MOVING DOWN,,Prior BUY is missing or no longer rated BUY
ALLY,UNCHANGED,UNCHANGED,SELL,SELL,"Jul 07, 2026",Financials,Credit Services,NEUTRAL,MOVING UP,,No active BUY transition
ALMS,UNCHANGED,UNCHANGED,,,,Health Care,Biotechnology,DOWNTREND,,,No active BUY transition
ALMU,UNCHANGED,UNCHANGED,,,,Technology,Semiconductors,,,,Previously inactive symbol is absent
ALNT,LEADER,🚀 LEADER,BUY,BUY,"Aug 06, 2026",Technology,Electronic Components,UPTREND,MOVING UP,,Sustained BUY with confirmed trend and momentum
ALNY,UNCHANGED,UNCHANGED,SELL,SELL,"Jul 15, 2026",Health Care,Biotechnology,DOWNTREND,MOVING UP,,No active BUY transition
ALOT,UNCHANGED,UNCHANGED,SELL,SELL,"Jul 06, 2026",Technology,Computer Hardware,UPTREND,MOVING DOWN,,No active BUY transition
ALRM,UNCHANGED,UNCHANGED,SELL,SELL,"Aug 12, 2026",Technology,Software - Application,UPTREND,MOVING DOWN,,No active BUY transition
ALSN,LEADER,🚀 LEADER,BUY,BUY,"Aug 05, 2026",Discretionary,Auto Parts,UPTREND,MOVING UP,,Sustained BUY with confirmed trend and momentum
ALV,UNCHANGED,UNCHANGED,SELL,SELL,"Aug 14, 2026",Discretionary,Auto Parts,UPTREND,MOVING DOWN,,No active BUY transition
ALX,UNCHANGED,UNCHANGED,SELL,SELL,"Jul 28, 2026",Real Estate,REIT - Retail,UPTREND,MOVING DOWN,,No active BUY transition
AM,UNCHANGED,UNCHANGED,,SELL,"Jul 21, 2026",Energy,Oil & Gas Midstream,,,,Previously inactive symbol is absent
AMAL,UNCHANGED,UNCHANGED,SELL,SELL,"Aug 07, 2026",Financials,Banks - Regional,UPTREND,MOVING UP,,No active BUY transition
AMAT,UNCHANGED,UNCHANGED,SELL,SELL,"Jun 29, 2026",Technology,Semiconductor Equipment & Materials,DOWNTREND,MOVING UP,,No active BUY transition
AMBA,DETERIORATING,⚠️ DETERIORATING,BUY,BUY,"Aug 03, 2026",Technology,Semiconductor Equipment & Materials,UPTREND,MOVING DOWN,,Existing BUY momentum is weakening
AMBQ,UNCHANGED,UNCHANGED,,,,Technology,Semiconductors,DOWNTREND,,,No active BUY transition
AMCR,UNCHANGED,UNCHANGED,SELL,SELL,"Aug 12, 2026",Discretionary,Packaging & Containers,UPTREND,MOVING DOWN,,No active BUY transition
AMCX,REMOVED,❌ REMOVED,,BUY,"Aug 05, 2026",Communication,Entertainment,,,,Prior BUY is missing or no longer rated BUY
AME,LEADER,🚀 LEADER,BUY,BUY,"Jul 24, 2026",Industrials,Specialty Industrial Machinery,UPTREND,MOVING UP,,Sustained BUY with confirmed trend and momentum
AMG,UNCHANGED,UNCHANGED,SELL,SELL,"Aug 14, 2026",Financials,Asset Management,UPTREND,MOVING DOWN,,No active BUY transition
AMGN,LEADER,🚀 LEADER,BUY,BUY,"Jul 28, 2026",Health Care,Drug Manufacturers - General,UPTREND,MOVING UP,,Sustained BUY with confirmed trend and momentum
AMH,DETERIORATING,⚠️ DETERIORATING,BUY,BUY,"Aug 05, 2026",Real Estate,REIT - Residential,UPTREND,MOVING DOWN,,Existing BUY momentum is weakening
AMKR,UNCHANGED,UNCHANGED,SELL,SELL,"Jul 06, 2026",Technology,Semiconductor Equipment & Materials,DOWNTREND,MOVING UP,,No active BUY transition
AMLX,UNCHANGED,UNCHANGED,,SELL,"Aug 14, 2026",Health Care,Drug Manufacturers - Specialty & Generic,,,,Previously inactive symbol is absent
AMP,UNCHANGED,UNCHANGED,SELL,SELL,"Aug 10, 2026",Financials,Asset Management,UPTREND,MOVING DOWN,,No active BUY transition
AMPH,REMOVED,❌ REMOVED,,BUY,"Jul 30, 2026",Health Care,Drug Manufacturers - Specialty & Generic,,,,Prior BUY is missing or no longer rated BUY
AMPL,REMOVED,❌ REMOVED,,BUY,"Aug 04, 2026",Technology,Software - Application,,,,Prior BUY is missing or no longer rated BUY
AMPX,UNCHANGED,UNCHANGED,,,,Industrials,Electrical Equipment & Parts,,,,Previously inactive symbol is absent
AMR,LEADER,🚀 LEADER,BUY,BUY,"Aug 13, 2026",Materials,Coking Coal,UPTREND,MOVING UP,,Sustained BUY with confirmed trend and momentum
AMRC,LEADER,🚀 LEADER,BUY,BUY,"Aug 10, 2026",Industrials,Engineering & Construction,UPTREND,MOVING UP,,Sustained BUY with confirmed trend and momentum
AMRN,UNCHANGED,UNCHANGED,,SELL,"Jul 08, 2026",Health Care,Drug Manufacturers - General,,,,Previously inactive symbol is absent
AMRX,UNCHANGED,UNCHANGED,,SELL,"Jul 08, 2026",Health Care,Drug Manufacturers - Specialty & Generic,,,,Previously inactive symbol is absent
AMSF,UNCHANGED,UNCHANGED,SELL,SELL,"Jul 16, 2026",Financials,Insurance - Specialty,DOWNTREND,MOVING DOWN,,No active BUY transition
AMT,LEADER,🚀 LEADER,BUY,BUY,"Jul 31, 2026",Real Estate,REIT - Specialty,UPTREND,MOVING UP,,Sustained BUY with confirmed trend and momentum
AMTB,UNCHANGED,UNCHANGED,SELL,SELL,"Aug 11, 2026",Financials,Banks - Regional,UPTREND,MOVING DOWN,,No active BUY transition
AMTM,UNCHANGED,UNCHANGED,,,,Industrials,Specialty Business Services,,,,Previously inactive symbol is absent
AMWL,REMOVED,❌ REMOVED,,BUY,"Aug 07, 2026",Health Care,Health Information Services,,,,Prior BUY is missing or no longer rated BUY
AMX,UNCHANGED,UNCHANGED,,SELL,"Jul 02, 2026",Communication,Telecom Services,,,,Previously inactive symbol is absent
AMZN,LEADER,🚀 LEADER,BUY,BUY,"Aug 03, 2026",Discretionary,Internet Retail,UPTREND,MOVING UP,,Sustained BUY with confirmed trend and momentum
AN,UNCHANGED,UNCHANGED,SELL,SELL,"Aug 11, 2026",Discretionary,Auto & Truck Dealerships,UPTREND,MOVING DOWN,,No active BUY transition
ANAB,NEW_BUY,NEW BUY,BUY,SELL,"Aug 17, 2026",Health Care,Biotechnology,UPTREND,MOVING DOWN,,BUY triggered since the previous file
ANDE,UNCHANGED,UNCHANGED,SELL,SELL,"Jul 30, 2026",Staples,Food Distribution,DOWNTREND,MOVING DOWN,,No active BUY transition
ANET,LEADER,🚀 LEADER,BUY,BUY,"Aug 05, 2026",Technology,Computer Hardware,UPTREND,MOVING UP,,Sustained BUY with confirmed trend and momentum
ANF,LEADER,🚀 LEADER,BUY,BUY,"Jul 30, 2026",Discretionary,Apparel Retail,UPTREND,MOVING UP,,Sustained BUY with confirmed trend and momentum
ANGO,REMOVED,❌ REMOVED,,BUY,"Aug 03, 2026",Health Care,Medical Instruments & Supplies,,,,Prior BUY is missing or no longer rated BUY
ANIK,REMOVED,❌ REMOVED,,BUY,"Aug 03, 2026",Health Care,Drug Manufacturers - Specialty & Generic,,,,Prior BUY is missing or no longer rated BUY
ANIP,UNCHANGED,UNCHANGED,SELL,SELL,"Jul 13, 2026",Health Care,Drug Manufacturers - Specialty & Generic,DOWNTREND,MOVING DOWN,,No active BUY transition
ANRO,UNCHANGED,UNCHANGED,,,,Health Care,Biotechnology,UPTREND,,,No active BUY transition
ANSC,UNCHANGED,UNCHANGED,,,,Financials,Shell Companies,,,,Previously inactive symbol is absent
AOD,REMOVED,❌ REMOVED,,BUY,"Aug 04, 2026",Financials,Closed-End Fund - Foreign,,,,Prior BUY is missing or no longer rated BUY
AON,UNCHANGED,UNCHANGED,SELL,SELL,"Aug 03, 2026",Financials,Insurance Brokers,NEUTRAL,MOVING DOWN,,No active BUY transition
AORT,LEADER,🚀 LEADER,BUY,BUY,"Jul 02, 2026",Health Care,Medical Devices,UPTREND,MOVING UP,,Sustained BUY with confirmed trend and momentum
AOS,LEADER,🚀 LEADER,BUY,BUY,"Jul 29, 2026",Industrials,Specialty Industrial Machinery,UPTREND,MOVING UP,,Sustained BUY with confirmed trend and momentum
AOSL,UNCHANGED,UNCHANGED,SELL,SELL,"Jul 02, 2026",Technology,Semiconductors,DOWNTREND,MOVING UP,,No active BUY transition
AOUT,UNCHANGED,UNCHANGED,,SELL,"Jul 14, 2026",Discretionary,Leisure,,,,Previously inactive symbol is absent
APA,LEADER,🚀 LEADER,BUY,BUY,"Jul 22, 2026",Energy,Oil & Gas E&P,UPTREND,MOVING UP,,Sustained BUY with confirmed trend and momentum
APAM,UNCHANGED,UNCHANGED,SELL,SELL,"Aug 14, 2026",Financials,Asset Management,UPTREND,MOVING DOWN,,No active BUY transition
APD,LEADER,🚀 LEADER,BUY,BUY,"Aug 11, 2026",Materials,Specialty Chemicals,UPTREND,MOVING UP,,Sustained BUY with confirmed trend and momentum
APEI,UNCHANGED,UNCHANGED,SELL,SELL,"Jul 17, 2026",Staples,Education & Training Services,DOWNTREND,MOVING DOWN,,No active BUY transition
APG,LEADER,🚀 LEADER,BUY,BUY,"Aug 07, 2026",Industrials,Engineering & Construction,UPTREND,MOVING UP,,Sustained BUY with confirmed trend and momentum
APGE,UNCHANGED,UNCHANGED,,,,Health Care,Biotechnology,UPTREND,,,No active BUY transition
APH,LEADER,🚀 LEADER,BUY,BUY,"Aug 05, 2026",Technology,Electronic Components,UPTREND,MOVING UP,,Sustained BUY with confirmed trend and momentum
APLE,UNCHANGED,UNCHANGED,,SELL,"Jul 24, 2026",Real Estate,REIT - Hotel & Motel,,,,Previously inactive symbol is absent
APLM,UNCHANGED,UNCHANGED,,SELL,"Jul 27, 2026",Health Care,Biotechnology,,,,Previously inactive symbol is absent
APO,LEADER,🚀 LEADER,BUY,BUY,"Aug 04, 2026",Financials,Asset Management,UPTREND,MOVING UP,,Sustained BUY with confirmed trend and momentum
APOG,DETERIORATING,⚠️ DETERIORATING,BUY,BUY,"Aug 07, 2026",Industrials,Building Products & Equipment,UPTREND,MOVING DOWN,,Existing BUY momentum is weakening
APP,UNCHANGED,UNCHANGED,,,,Communication,Advertising Agencies,DOWNTREND,,,No active BUY transition
APPF,LEADER,🚀 LEADER,BUY,BUY,"Aug 05, 2026",Technology,Software - Application,UPTREND,MOVING UP,,Sustained BUY with confirmed trend and momentum
APPN,DETERIORATING,⚠️ DETERIORATING,BUY,BUY,"Jul 30, 2026",Technology,Software - Infrastructure,UPTREND,MOVING DOWN,,Existing BUY momentum is weakening
APPS,REMOVED,❌ REMOVED,,BUY,"Aug 06, 2026",Technology,Software - Application,,,,Prior BUY is missing or no longer rated BUY
AR,LEADER,🚀 LEADER,BUY,BUY,"Jul 31, 2026",Energy,Oil & Gas E&P,UPTREND,MOVING UP,,Sustained BUY with confirmed trend and momentum
ARCB,UNCHANGED,UNCHANGED,SELL,SELL,"Jul 30, 2026",Industrials,Trucking,DOWNTREND,MOVING DOWN,,No active BUY transition
ARCC,REMOVED,❌ REMOVED,,BUY,"Jul 14, 2026",Financials,Asset Management,,,,Prior BUY is missing or no longer rated BUY
ARDC,UNCHANGED,UNCHANGED,,SELL,"Jul 20, 2026",Financials,Closed-End Fund - Debt,,,,Previously inactive symbol is absent
ARDT,UNCHANGED,UNCHANGED,,,,Health Care,Medical Care Facilities,,,,Previously inactive symbol is absent
ARE,UNCHANGED,UNCHANGED,SELL,SELL,"Aug 07, 2026",Real Estate,REIT - Office,DOWNTREND,MOVING DOWN,,No active BUY transition
ARES,LEADER,🚀 LEADER,BUY,BUY,"Jul 17, 2026",Financials,Asset Management,UPTREND,MOVING UP,,Sustained BUY with confirmed trend and momentum
ARGX,UNCHANGED,UNCHANGED,SELL,SELL,"Jul 31, 2026",Health Care,Biotechnology,DOWNTREND,MOVING DOWN,,No active BUY transition
ARL,UNCHANGED,UNCHANGED,,SELL,"Jul 16, 2026",Real Estate,Real Estate Services,,,,Previously inactive symbol is absent
ARLO,UNCHANGED,UNCHANGED,,SELL,"Aug 12, 2026",Industrials,Building Products & Equipment,,,,Previously inactive symbol is absent
ARLP,UNCHANGED,UNCHANGED,SELL,SELL,"Aug 11, 2026",Energy,Thermal Coal,UPTREND,MOVING DOWN,,No active BUY transition
ARMK,LEADER,🚀 LEADER,BUY,BUY,"Aug 13, 2026",Industrials,Specialty Business Services,UPTREND,MOVING UP,,Sustained BUY with confirmed trend and momentum
AROC,UNCHANGED,UNCHANGED,SELL,SELL,"Jul 08, 2026",Energy,Oil & Gas Equipment & Services,DOWNTREND,MOVING UP,,No active BUY transition
AROW,UNCHANGED,UNCHANGED,SELL,SELL,"Jul 13, 2026",Financials,Banks - Regional,DOWNTREND,MOVING DOWN,,No active BUY transition
ARQT,UNCHANGED,UNCHANGED,SELL,SELL,"Jul 27, 2026",Health Care,Biotechnology,NEUTRAL,MOVING UP,,No active BUY transition
ARR,UNCHANGED,UNCHANGED,,SELL,"Jul 20, 2026",Real Estate,REIT - Mortgage,,,,Previously inactive symbol is absent
ARTNA,EMERGING,🔥 EMERGING,BUY,SELL,"Aug 17, 2026",Utilities,Utilities - Regulated Water,UPTREND,MOVING UP,,New BUY with rising trend and accelerating momentum
ARTV,UNCHANGED,UNCHANGED,,,,Health Care,Biotechnology,,,,Previously inactive symbol is absent
ARW,UNCHANGED,UNCHANGED,SELL,SELL,"Aug 11, 2026",Technology,Electronics & Computer Distribution,NEUTRAL,MOVING UP,,No active BUY transition
ARWR,LEADER,🚀 LEADER,BUY,BUY,"Jul 27, 2026",Health Care,Biotechnology,UPTREND,MOVING UP,,Sustained BUY with confirmed trend and momentum
ASA,LEADER,🚀 LEADER,BUY,BUY,"Aug 07, 2026",Financials,Closed-End Fund - Equity,UPTREND,MOVING UP,,Sustained BUY with confirmed trend and momentum
ASB,EMERGING,🔥 EMERGING,BUY,SELL,"Aug 17, 2026",Financials,Banks - Regional,UPTREND,MOVING UP,,New BUY with rising trend and accelerating momentum
ASGI,REMOVED,❌ REMOVED,,BUY,"Aug 11, 2026",Financials,Closed-End Fund - Equity,,,,Prior BUY is missing or no longer rated BUY
ASH,LEADER,🚀 LEADER,BUY,BUY,"Jul 31, 2026",Materials,Specialty Chemicals,UPTREND,MOVING UP,,Sustained BUY with confirmed trend and momentum
ASIC,UNCHANGED,UNCHANGED,,,,Financials,Insurance - Property & Casualty,,,,Previously inactive symbol is absent
ASIX,UNCHANGED,UNCHANGED,,SELL,"Jul 28, 2026",Materials,Chemicals,,,,Previously inactive symbol is absent
ASMB,LEADER,🚀 LEADER,BUY,BUY,"Aug 11, 2026",Health Care,Biotechnology,UPTREND,MOVING UP,,Sustained BUY with confirmed trend and momentum
ASML,LEADER,🚀 LEADER,BUY,BUY,"Aug 13, 2026",Technology,Semiconductor Equipment & Materials,UPTREND,MOVING UP,,Sustained BUY with confirmed trend and momentum
ASND,UNCHANGED,UNCHANGED,SELL,SELL,"Jul 16, 2026",Health Care,Biotechnology,DOWNTREND,MOVING UP,,No active BUY transition
ASO,ACTIVE_BUY,ACTIVE BUY,BUY,BUY,"Aug 12, 2026",Discretionary,Specialty Retail,NEUTRAL,MOVING UP,,BUY remains active without a higher-priority setup
ASR,UNCHANGED,UNCHANGED,SELL,SELL,"Jul 09, 2026",Industrials,Airports & Air Services,DOWNTREND,MOVING DOWN,,No active BUY transition
ASST,UNCHANGED,UNCHANGED,,,,Financials,Asset Management,,,,Previously inactive symbol is absent
ASTE,UNCHANGED,UNCHANGED,SELL,SELL,"Jul 10, 2026",Industrials,Farm & Heavy Construction Machinery,DOWNTREND,MOVING DOWN,,No active BUY transition
ASTH,UNCHANGED,UNCHANGED,SELL,SELL,"Jul 10, 2026",Health Care,Medical Care Facilities,NEUTRAL,MOVING UP,,No active BUY transition
ASTS,UNCHANGED,UNCHANGED,,,,Technology,Communication Equipment,NEUTRAL,,,No active BUY transition
ASX,LEADER,🚀 LEADER,BUY,BUY,"Aug 14, 2026",Technology,Semiconductors,UPTREND,MOVING UP,,Sustained BUY with confirmed trend and momentum
ATEN,UNCHANGED,UNCHANGED,SELL,SELL,"Jul 10, 2026",Technology,Software - Infrastructure,DOWNTREND,MOVING DOWN,,No active BUY transition
ATEX,UNCHANGED,UNCHANGED,SELL,SELL,"Jul 09, 2026",Communication,Telecom Services,NEUTRAL,MOVING DOWN,,No active BUY transition
ATHM,UNCHANGED,UNCHANGED,,SELL,"Aug 06, 2026",Communication,Internet Content & Information,,,,Previously inactive symbol is absent
ATI,LEADER,🚀 LEADER,BUY,BUY,"Aug 06, 2026",Industrials,Metal Fabrication,UPTREND,MOVING UP,,Sustained BUY with confirmed trend and momentum
ATII,UNCHANGED,UNCHANGED,,,,Financials,Shell Companies,,,,Previously inactive symbol is absent
ATKR,DETERIORATING,⚠️ DETERIORATING,BUY,BUY,"Aug 04, 2026",Industrials,Electrical Equipment & Parts,UPTREND,MOVING DOWN,,Existing BUY momentum is weakening
ATLC,UNCHANGED,UNCHANGED,SELL,SELL,"Aug 12, 2026",Financials,Credit Services,NEUTRAL,MOVING DOWN,,No active BUY transition
ATLO,LEADER,🚀 LEADER,BUY,BUY,"Jul 28, 2026",Financials,Banks - Regional,UPTREND,MOVING UP,,Sustained BUY with confirmed trend and momentum
ATMU,UNCHANGED,UNCHANGED,,,,Discretionary,Auto Parts,DOWNTREND,,,No active BUY transition
ATNI,LEADER,🚀 LEADER,BUY,BUY,"Aug 07, 2026",Communication,Telecom Services,UPTREND,MOVING UP,,Sustained BUY with confirmed trend and momentum
ATO,UNCHANGED,UNCHANGED,SELL,SELL,"Jul 31, 2026",Utilities,Utilities - Regulated Gas,DOWNTREND,MOVING DOWN,,No active BUY transition
ATR,UNCHANGED,UNCHANGED,SELL,SELL,"Aug 10, 2026",Health Care,Medical Instruments & Supplies,UPTREND,MOVING DOWN,,No active BUY transition
ATRC,LEADER,🚀 LEADER,BUY,BUY,"Aug 11, 2026",Health Care,Medical Instruments & Supplies,UPTREND,MOVING UP,,Sustained BUY with confirmed trend and momentum
ATRO,LEADER,🚀 LEADER,BUY,BUY,"Aug 06, 2026",Industrials,Aerospace & Defense,UPTREND,MOVING UP,,Sustained BUY with confirmed trend and momentum
ATS,UNCHANGED,UNCHANGED,,SELL,"Aug 07, 2026",Industrials,Specialty Industrial Machinery,,,,Previously inactive symbol is absent
AU,LEADER,🚀 LEADER,BUY,BUY,"Aug 06, 2026",Materials,Gold,UPTREND,MOVING UP,,Sustained BUY with confirmed trend and momentum
AUB,UNCHANGED,UNCHANGED,SELL,SELL,"Jul 10, 2026",Financials,Banks - Regional,UPTREND,MOVING DOWN,,No active BUY transition
AUBN,UNCHANGED,UNCHANGED,SELL,SELL,"Jul 15, 2026",Financials,Banks - Regional,UPTREND,MOVING UP,,No active BUY transition
AUGO,UNCHANGED,UNCHANGED,,,,Materials,Gold,UPTREND,,,No active BUY transition
AUPH,UNCHANGED,UNCHANGED,,SELL,"Jul 02, 2026",Health Care,Biotechnology,,,,Previously inactive symbol is absent
AVA,UNCHANGED,UNCHANGED,SELL,SELL,"Jul 31, 2026",Utilities,Utilities - Diversified,DOWNTREND,MOVING DOWN,,No active BUY transition
AVAH,UNCHANGED,UNCHANGED,,,,Health Care,Medical Care Facilities,,,,Previously inactive symbol is absent
AVAV,LEADER,🚀 LEADER,BUY,BUY,"Aug 05, 2026",Industrials,Aerospace & Defense,UPTREND,MOVING UP,,Sustained BUY with confirmed trend and momentum
AVB,UNCHANGED,UNCHANGED,SELL,SELL,"Jul 24, 2026",Real Estate,REIT - Residential,DOWNTREND,MOVING DOWN,,No active BUY transition
AVBC,UNCHANGED,UNCHANGED,,,,Financials,Banks - Regional,,,,Previously inactive symbol is absent
AVBP,UNCHANGED,UNCHANGED,,,,Health Care,Biotechnology,DOWNTREND,,,No active BUY transition
AVGO,DETERIORATING,⚠️ DETERIORATING,BUY,BUY,"Aug 04, 2026",Technology,Semiconductors,NEUTRAL,MOVING DOWN,,Existing BUY momentum is weakening
AVK,REMOVED,❌ REMOVED,,BUY,"Aug 11, 2026",Financials,Closed-End Fund - Debt,,,,Prior BUY is missing or no longer rated BUY
AVNT,LEADER,🚀 LEADER,BUY,BUY,"Aug 06, 2026",Materials,Specialty Chemicals,UPTREND,MOVING UP,,Sustained BUY with confirmed trend and momentum
AVNW,UNCHANGED,UNCHANGED,,,,Technology,Communication Equipment,,,,Previously inactive symbol is absent
AVO,REMOVED,❌ REMOVED,,BUY,"Aug 10, 2026",Staples,Food Distribution,,,,Prior BUY is missing or no longer rated BUY
AVPT,UNCHANGED,UNCHANGED,,SELL,"Aug 13, 2026",Technology,Software - Infrastructure,,,,Previously inactive symbol is absent
AVT,LEADER,🚀 LEADER,BUY,BUY,"Aug 03, 2026",Technology,Electronics & Computer Distribution,UPTREND,MOVING UP,,Sustained BUY with confirmed trend and momentum
AVTR,UNCHANGED,UNCHANGED,,SELL,"Aug 10, 2026",Health Care,Medical Instruments & Supplies,,,,Previously inactive symbol is absent
AVY,LEADER,🚀 LEADER,BUY,BUY,"Jul 29, 2026",Discretionary,Packaging & Containers,UPTREND,MOVING UP,,Sustained BUY with confirmed trend and momentum
AWF,REMOVED,❌ REMOVED,,BUY,"Aug 14, 2026",Financials,Closed-End Fund - Debt,,,,Prior BUY is missing or no longer rated BUY
AWI,LEADER,🚀 LEADER,BUY,BUY,"Jul 27, 2026",Industrials,Building Products & Equipment,UPTREND,MOVING UP,,Sustained BUY with confirmed trend and momentum
AWK,UNCHANGED,UNCHANGED,SELL,SELL,"Aug 04, 2026",Utilities,Utilities - Regulated Water,UPTREND,MOVING DOWN,,No active BUY transition
AWP,UNCHANGED,UNCHANGED,,SELL,"Aug 03, 2026",Financials,Closed-End Fund - Foreign,,,,Previously inactive symbol is absent
AWR,EMERGING,🔥 EMERGING,BUY,SELL,"Aug 17, 2026",Utilities,Utilities - Regulated Water,UPTREND,MOVING UP,,New BUY with rising trend and accelerating momentum
AX,UNCHANGED,UNCHANGED,SELL,SELL,"Aug 14, 2026",Financials,Banks - Regional,UPTREND,MOVING DOWN,,No active BUY transition
AXGN,LEADER,🚀 LEADER,BUY,BUY,"Aug 04, 2026",Health Care,Medical Devices,UPTREND,MOVING UP,,Sustained BUY with confirmed trend and momentum
AXON,LEADER,🚀 LEADER,BUY,BUY,"Aug 06, 2026",Industrials,Aerospace & Defense,UPTREND,MOVING UP,,Sustained BUY with confirmed trend and momentum
AXP,UNCHANGED,UNCHANGED,SELL,SELL,"Jul 23, 2026",Financials,Credit Services,NEUTRAL,MOVING DOWN,,No active BUY transition
AXR,UNCHANGED,UNCHANGED,,SELL,"Jul 28, 2026",Real Estate,Real Estate - Development,,,,Previously inactive symbol is absent
AXS,UNCHANGED,UNCHANGED,SELL,SELL,"Jul 30, 2026",Financials,Insurance - Specialty,DOWNTREND,MOVING DOWN,,No active BUY transition
AXTA,LEADER,🚀 LEADER,BUY,BUY,"Jul 29, 2026",Materials,Specialty Chemicals,UPTREND,MOVING UP,,Sustained BUY with confirmed trend and momentum
AXTI,LEADER,🚀 LEADER,BUY,BUY,"Aug 07, 2026",Technology,Semiconductor Equipment & Materials,UPTREND,MOVING UP,,Sustained BUY with confirmed trend and momentum
AYI,LEADER,🚀 LEADER,BUY,BUY,"Aug 07, 2026",Industrials,Electrical Equipment & Parts,UPTREND,MOVING UP,,Sustained BUY with confirmed trend and momentum
AZN,UNCHANGED,UNCHANGED,SELL,SELL,"Jul 13, 2026",Health Care,Drug Manufacturers - General,DOWNTREND,MOVING DOWN,,No active BUY transition
AZO,REMOVED,❌ REMOVED,SELL,BUY,"Aug 17, 2026",Discretionary,Auto Parts,DOWNTREND,MOVING DOWN,,Prior BUY is missing or no longer rated BUY
AZTA,LEADER,🚀 LEADER,BUY,BUY,"Jul 24, 2026",Health Care,Medical Instruments & Supplies,UPTREND,MOVING UP,,Sustained BUY with confirmed trend and momentum
AZZ,UNCHANGED,UNCHANGED,SELL,SELL,"Jul 07, 2026",Industrials,Specialty Business Services,UPTREND,MOVING DOWN,,No active BUY transition
B,LEADER,🚀 LEADER,BUY,BUY,"Aug 05, 2026",Materials,Gold,UPTREND,MOVING UP,,Sustained BUY with confirmed trend and momentum
BA,LEADER,🚀 LEADER,BUY,BUY,"Aug 04, 2026",Industrials,Aerospace & Defense,UPTREND,MOVING UP,,Sustained BUY with confirmed trend and momentum
BABA,UNCHANGED,UNCHANGED,SELL,SELL,"Aug 13, 2026",Discretionary,Internet Retail,UPTREND,MOVING DOWN,,No active BUY transition
BAC,UNCHANGED,UNCHANGED,SELL,SELL,"Jul 22, 2026",Financials,Banks - Diversified,UPTREND,MOVING DOWN,,No active BUY transition
BACC,UNCHANGED,UNCHANGED,,,,Financials,Shell Companies,,,,Previously inactive symbol is absent
BAH,LEADER,🚀 LEADER,BUY,BUY,"Jul 27, 2026",Industrials,Consulting Services,UPTREND,MOVING UP,,Sustained BUY with confirmed trend and momentum
BALL,UNCHANGED,UNCHANGED,SELL,SELL,"Aug 06, 2026",Discretionary,Packaging & Containers,NEUTRAL,MOVING DOWN,,No active BUY transition
BAM,UNCHANGED,UNCHANGED,,,,Financials,Asset Management,UPTREND,,,No active BUY transition
BANC,UNCHANGED,UNCHANGED,,SELL,"Jul 28, 2026",Financials,Banks - Regional,,,,Previously inactive symbol is absent
BAND,UNCHANGED,UNCHANGED,SELL,SELL,"Jul 21, 2026",Technology,Software - Infrastructure,DOWNTREND,MOVING UP,,No active BUY transition
BANF,UNCHANGED,UNCHANGED,SELL,SELL,"Jul 30, 2026",Financials,Banks - Regional,UPTREND,MOVING DOWN,,No active BUY transition
BANR,LEADER,🚀 LEADER,BUY,BUY,"Aug 13, 2026",Financials,Banks - Regional,UPTREND,MOVING UP,,Sustained BUY with confirmed trend and momentum
BANX,REMOVED,❌ REMOVED,,BUY,"Aug 04, 2026",Financials,Closed-End Fund - Debt,,,,Prior BUY is missing or no longer rated BUY
BAP,UNCHANGED,UNCHANGED,SELL,SELL,"Jul 09, 2026",Financials,Banks - Regional,NEUTRAL,MOVING DOWN,,No active BUY transition
BARK,REMOVED,❌ REMOVED,,BUY,"Aug 10, 2026",Discretionary,Specialty Retail,,,,Prior BUY is missing or no longer rated BUY
BATRA,EMERGING,🔥 EMERGING,BUY,SELL,"Aug 17, 2026",Communication,Entertainment,UPTREND,MOVING UP,,New BUY with rising trend and accelerating momentum
BATRK,LEADER,🚀 LEADER,BUY,BUY,"Aug 13, 2026",Communication,Entertainment,UPTREND,MOVING UP,,Sustained BUY with confirmed trend and momentum
BAX,DETERIORATING,⚠️ DETERIORATING,BUY,BUY,"Jul 31, 2026",Health Care,Medical Instruments & Supplies,UPTREND,MOVING DOWN,,Existing BUY momentum is weakening
BBGI,REMOVED,❌ REMOVED,,BUY,"Aug 06, 2026",Communication,Broadcasting,,,,Prior BUY is missing or no longer rated BUY
BBIO,REMOVED,❌ REMOVED,SELL,BUY,"Aug 17, 2026",Health Care,Biotechnology,UPTREND,MOVING DOWN,,Prior BUY is missing or no longer rated BUY
BBN,REMOVED,❌ REMOVED,,BUY,"Aug 12, 2026",Financials,Closed-End Fund - Debt,,,,Prior BUY is missing or no longer rated BUY
BBNX,UNCHANGED,UNCHANGED,,,,Health Care,Medical Devices,,,,Previously inactive symbol is absent
BBSI,UNCHANGED,UNCHANGED,SELL,SELL,"Jul 27, 2026",Industrials,Staffing & Employment Services,DOWNTREND,MOVING DOWN,,No active BUY transition
BBT,LEADER,🚀 LEADER,BUY,BUY,"Aug 05, 2026",Financials,Banks - Regional,UPTREND,MOVING UP,,Sustained BUY with confirmed trend and momentum
BBUC,UNCHANGED,UNCHANGED,SELL,SELL,"Aug 03, 2026",Industrials,Conglomerates,DOWNTREND,MOVING UP,,No active BUY transition
BBW,LEADER,🚀 LEADER,BUY,BUY,"Aug 10, 2026",Discretionary,Specialty Retail,UPTREND,MOVING UP,,Sustained BUY with confirmed trend and momentum
BBWI,UNCHANGED,UNCHANGED,,SELL,"Aug 11, 2026",Discretionary,Specialty Retail,,,,Previously inactive symbol is absent
BBY,UNCHANGED,UNCHANGED,SELL,SELL,"Aug 06, 2026",Discretionary,Specialty Retail,UPTREND,MOVING UP,,No active BUY transition
BC,LEADER,🚀 LEADER,BUY,BUY,"Aug 05, 2026",Discretionary,Recreational Vehicles,UPTREND,MOVING UP,,Sustained BUY with confirmed trend and momentum
BCAL,UNCHANGED,UNCHANGED,,SELL,"Aug 07, 2026",Financials,Banks - Regional,,,,Previously inactive symbol is absent
BCAT,REMOVED,❌ REMOVED,,BUY,"Aug 05, 2026",Financials,Closed-End Fund - Equity,,,,Prior BUY is missing or no longer rated BUY
BCAX,UNCHANGED,UNCHANGED,,,,Health Care,Biotechnology,,,,Previously inactive symbol is absent
BCC,DETERIORATING,⚠️ DETERIORATING,BUY,BUY,"Aug 05, 2026",Materials,Lumber & Wood Production,UPTREND,MOVING DOWN,,Existing BUY momentum is weakening
BCE,REMOVED,❌ REMOVED,,BUY,"Aug 07, 2026",Communication,Telecom Services,,,,Prior BUY is missing or no longer rated BUY
BCH,UNCHANGED,UNCHANGED,SELL,SELL,"Jul 29, 2026",Financials,Banks - Regional,UPTREND,MOVING DOWN,,No active BUY transition
BCO,UNCHANGED,UNCHANGED,SELL,SELL,"Aug 05, 2026",Industrials,Security & Protection Services,UPTREND,MOVING DOWN,,No active BUY transition
BCPC,LEADER,🚀 LEADER,BUY,BUY,"Aug 04, 2026",Materials,Specialty Chemicals,UPTREND,MOVING UP,,Sustained BUY with confirmed trend and momentum
BCS,UNCHANGED,UNCHANGED,SELL,SELL,"Jul 14, 2026",Financials,Banks - Diversified,UPTREND,MOVING DOWN,,No active BUY transition
BCSF,REMOVED,❌ REMOVED,,BUY,"Aug 05, 2026",Financials,Asset Management,,,,Prior BUY is missing or no longer rated BUY
BCV,UNCHANGED,UNCHANGED,,,,Financials,Closed-End Fund - Debt,UPTREND,,,No active BUY transition
BCX,REMOVED,❌ REMOVED,,BUY,"Jul 23, 2026",Financials,Closed-End Fund - Equity,,,,Prior BUY is missing or no longer rated BUY
BDC,LEADER,🚀 LEADER,BUY,BUY,"Aug 03, 2026",Technology,Communication Equipment,UPTREND,MOVING UP,,Sustained BUY with confirmed trend and momentum
BDCI,UNCHANGED,UNCHANGED,,,,Financials,Shell Companies,,,,Previously inactive symbol is absent
BDL,UNCHANGED,UNCHANGED,,,,Discretionary,Restaurants,UPTREND,,,No active BUY transition
BDSX,REMOVED,❌ REMOVED,,BUY,"Aug 10, 2026",Health Care,Diagnostics & Research,,,,Prior BUY is missing or no longer rated BUY
BDX,LEADER,🚀 LEADER,BUY,BUY,"Jun 29, 2026",Health Care,Medical Instruments & Supplies,UPTREND,MOVING UP,,Sustained BUY with confirmed trend and momentum
BE,NEW_BUY,NEW BUY,BUY,SELL,"Aug 17, 2026",Industrials,Electrical Equipment & Parts,NEUTRAL,MOVING DOWN,,BUY triggered since the previous file
BEAG,UNCHANGED,UNCHANGED,,,,Financials,Shell Companies,,,,Previously inactive symbol is absent
BEAM,UNCHANGED,UNCHANGED,SELL,SELL,"Jul 13, 2026",Health Care,Biotechnology,DOWNTREND,MOVING UP,,No active BUY transition
BEKE,UNCHANGED,UNCHANGED,,SELL,"Aug 13, 2026",Real Estate,Real Estate Services,,,,Previously inactive symbol is absent
BELFA,LEADER,🚀 LEADER,BUY,BUY,"Aug 13, 2026",Technology,Electronic Components,UPTREND,MOVING UP,,Sustained BUY with confirmed trend and momentum
BELFB,DETERIORATING,⚠️ DETERIORATING,BUY,BUY,"Aug 07, 2026",Technology,Electronic Components,UPTREND,MOVING DOWN,,Existing BUY momentum is weakening
BEN,LEADER,🚀 LEADER,BUY,BUY,"Aug 03, 2026",Financials,Asset Management,UPTREND,MOVING UP,,Sustained BUY with confirmed trend and momentum
BEP,LEADER,🚀 LEADER,BUY,BUY,"Aug 12, 2026",Utilities,Utilities - Renewable,UPTREND,MOVING UP,,Sustained BUY with confirmed trend and momentum
BEPC,UNCHANGED,UNCHANGED,,,,Utilities,Utilities - Renewable,UPTREND,,,No active BUY transition
BETR,UNCHANGED,UNCHANGED,,,,Financials,Mortgage Finance,,,,Previously inactive symbol is absent
BF/A,LEADER,🚀 LEADER,BUY,BUY,"Jul 28, 2026",Staples,Beverages - Wineries & Distilleries,UPTREND,MOVING UP,,Sustained BUY with confirmed trend and momentum
BF/B,LEADER,🚀 LEADER,BUY,BUY,"Jul 28, 2026",Staples,Beverages - Wineries & Distilleries,UPTREND,MOVING UP,,Sustained BUY with confirmed trend and momentum
BFAM,UNCHANGED,UNCHANGED,SELL,SELL,"Jul 17, 2026",Discretionary,Personal Services,DOWNTREND,MOVING DOWN,,No active BUY transition
BFC,LEADER,🚀 LEADER,BUY,BUY,"Jul 30, 2026",Financials,Banks - Regional,UPTREND,MOVING UP,,Sustained BUY with confirmed trend and momentum
BFH,EMERGING,🔥 EMERGING,BUY,SELL,"Aug 17, 2026",Financials,Credit Services,UPTREND,MOVING UP,,New BUY with rising trend and accelerating momentum
BFS,UNCHANGED,UNCHANGED,SELL,SELL,"Jul 09, 2026",Real Estate,REIT - Retail,DOWNTREND,MOVING DOWN,,No active BUY transition
BFST,UNCHANGED,UNCHANGED,SELL,SELL,"Aug 10, 2026",Financials,Banks - Regional,UPTREND,MOVING DOWN,,No active BUY transition
BG,UNCHANGED,UNCHANGED,SELL,SELL,"Jul 30, 2026",Staples,Farm Products,DOWNTREND,MOVING UP,,No active BUY transition
BGB,REMOVED,❌ REMOVED,,BUY,"Aug 12, 2026",Financials,Closed-End Fund - Debt,,,,Prior BUY is missing or no longer rated BUY
BGC,UNCHANGED,UNCHANGED,,SELL,"Aug 06, 2026",Financials,Capital Markets,,,,Previously inactive symbol is absent
BGH,UNCHANGED,UNCHANGED,,SELL,"Jul 24, 2026",Financials,Closed-End Fund - Debt,,,,Previously inactive symbol is absent
BGR,UNCHANGED,UNCHANGED,,SELL,"Aug 06, 2026",Financials,Closed-End Fund - Equity,,,,Previously inactive symbol is absent
BGT,REMOVED,❌ REMOVED,,BUY,"Jul 15, 2026",Financials,Closed-End Fund - Debt,,,,Prior BUY is missing or no longer rated BUY
BGX,REMOVED,❌ REMOVED,,BUY,"Aug 10, 2026",Financials,Closed-End Fund - Debt,,,,Prior BUY is missing or no longer rated BUY
BH,UNCHANGED,UNCHANGED,SELL,SELL,"Jul 20, 2026",Discretionary,Restaurants,UPTREND,MOVING DOWN,,No active BUY transition
BHB,UNCHANGED,UNCHANGED,,,,Financials,Banks - Regional,UPTREND,,,No active BUY transition
BHE,UNCHANGED,UNCHANGED,SELL,SELL,"Jul 07, 2026",Technology,Electronic Components,DOWNTREND,MOVING DOWN,,No active BUY transition
BHF,UNCHANGED,UNCHANGED,SELL,SELL,"Jul 21, 2026",Financials,Insurance - Life,DOWNTREND,MOVING DOWN,,No active BUY transition
BHP,LEADER,🚀 LEADER,BUY,BUY,"Jul 28, 2026",Materials,Other Industrial Metals & Mining,UPTREND,MOVING UP,,Sustained BUY with confirmed trend and momentum
BHRB,UNCHANGED,UNCHANGED,SELL,SELL,"Aug 10, 2026",Financials,Banks - Regional,UPTREND,MOVING DOWN,,No active BUY transition
BIIB,LEADER,🚀 LEADER,BUY,BUY,"Aug 10, 2026",Health Care,Drug Manufacturers - General,UPTREND,MOVING UP,,Sustained BUY with confirmed trend and momentum
BILI,UNCHANGED,UNCHANGED,,SELL,"Aug 13, 2026",Communication,Internet Content & Information,,,,Previously inactive symbol is absent
BILL,REMOVED,❌ REMOVED,SELL,BUY,"Aug 17, 2026",Technology,Software - Application,UPTREND,MOVING DOWN,,Prior BUY is missing or no longer rated BUY
BIO,LEADER,🚀 LEADER,BUY,BUY,"Jul 22, 2026",Health Care,Medical Devices,UPTREND,MOVING UP,,Sustained BUY with confirmed trend and momentum
BIO/B,LEADER,🚀 LEADER,BUY,BUY,"Aug 04, 2026",Health Care,Medical Devices,UPTREND,MOVING UP,,Sustained BUY with confirmed trend and momentum
BIOA,UNCHANGED,UNCHANGED,,,,Health Care,Drug Manufacturers - Specialty & Generic,,,,Previously inactive symbol is absent
BIP,UNCHANGED,UNCHANGED,SELL,SELL,"Aug 07, 2026",Utilities,Utilities - Diversified,UPTREND,MOVING DOWN,,No active BUY transition
BIPC,UNCHANGED,UNCHANGED,,,,Utilities,Utilities - Regulated Gas,DOWNTREND,,,No active BUY transition
BIT,UNCHANGED,UNCHANGED,,SELL,"Jul 16, 2026",Financials,Closed-End Fund - Debt,,,,Previously inactive symbol is absent
BJ,UNCHANGED,UNCHANGED,SELL,SELL,"Aug 06, 2026",Staples,Discount Stores,UPTREND,MOVING DOWN,,No active BUY transition
BJRI,UNCHANGED,UNCHANGED,SELL,SELL,"Jul 13, 2026",Discretionary,Restaurants,UPTREND,MOVING DOWN,,No active BUY transition
BKD,UNCHANGED,UNCHANGED,,SELL,"Jul 14, 2026",Health Care,Medical Care Facilities,,,,Previously inactive symbol is absent
BKE,ACTIVE_BUY,ACTIVE BUY,BUY,BUY,"Jul 29, 2026",Discretionary,Apparel Retail,NEUTRAL,MOVING UP,,BUY remains active without a higher-priority setup
BKH,UNCHANGED,UNCHANGED,SELL,SELL,"Jul 30, 2026",Utilities,Utilities - Regulated Gas,NEUTRAL,MOVING UP,,No active BUY transition
BKHA,UNCHANGED,UNCHANGED,,,,Financials,Shell Companies,,,,Previously inactive symbol is absent
BKNG,LEADER,🚀 LEADER,BUY,BUY,"Jul 30, 2026",Discretionary,Travel Services,UPTREND,MOVING UP,,Sustained BUY with confirmed trend and momentum
BKR,LEADER,🚀 LEADER,BUY,BUY,"Jul 29, 2026",Energy,Oil & Gas Equipment & Services,UPTREND,MOVING UP,,Sustained BUY with confirmed trend and momentum
BKSY,UNCHANGED,UNCHANGED,,,,Industrials,Specialty Business Services,UPTREND,,,No active BUY transition
BKT,REMOVED,❌ REMOVED,,BUY,"Aug 11, 2026",Financials,Closed-End Fund - Debt,,,,Prior BUY is missing or no longer rated BUY
BKU,EMERGING,🔥 EMERGING,BUY,SELL,"Aug 17, 2026",Financials,Banks - Regional,UPTREND,MOVING UP,,New BUY with rising trend and accelerating momentum
BKV,UNCHANGED,UNCHANGED,,,,Energy,Oil & Gas E&P,UPTREND,,,No active BUY transition
BL,UNCHANGED,UNCHANGED,SELL,SELL,"Aug 11, 2026",Technology,Software - Application,UPTREND,MOVING DOWN,,No active BUY transition
BLDR,UNCHANGED,UNCHANGED,SELL,SELL,"Jul 09, 2026",Industrials,Building Products & Equipment,DOWNTREND,MOVING UP,,No active BUY transition
BLFS,DETERIORATING,⚠️ DETERIORATING,BUY,BUY,"Jul 01, 2026",Health Care,Medical Instruments & Supplies,UPTREND,MOVING DOWN,,Existing BUY momentum is weakening
BLK,LEADER,🚀 LEADER,BUY,BUY,"Jul 14, 2026",Financials,Asset Management,UPTREND,MOVING UP,,Sustained BUY with confirmed trend and momentum
BLKB,UNCHANGED,UNCHANGED,SELL,SELL,"Aug 14, 2026",Technology,Software - Application,UPTREND,MOVING DOWN,,No active BUY transition
BLMN,REMOVED,❌ REMOVED,,BUY,"Jul 31, 2026",Discretionary,Restaurants,,,,Prior BUY is missing or no longer rated BUY
BLTE,UNCHANGED,UNCHANGED,,,,Health Care,Biotechnology,UPTREND,,,No active BUY transition
BLW,REMOVED,❌ REMOVED,,BUY,"Aug 13, 2026",Financials,Closed-End Fund - Debt,,,,Prior BUY is missing or no longer rated BUY
BLX,UNCHANGED,UNCHANGED,SELL,SELL,"Jul 07, 2026",Financials,Banks - Regional,DOWNTREND,MOVING DOWN,,No active BUY transition
BLZE,REMOVED,❌ REMOVED,,BUY,"Aug 04, 2026",Technology,Software - Infrastructure,,,,Prior BUY is missing or no longer rated BUY
BME,LEADER,🚀 LEADER,BUY,BUY,"Aug 12, 2026",Financials,Closed-End Fund - Equity,UPTREND,MOVING UP,,Sustained BUY with confirmed trend and momentum
BMEZ,REMOVED,❌ REMOVED,,BUY,"Jul 28, 2026",Financials,Closed-End Fund - Equity,,,,Prior BUY is missing or no longer rated BUY
BMI,UNCHANGED,UNCHANGED,SELL,SELL,"Jul 23, 2026",Technology,Scientific & Technical Instruments,DOWNTREND,MOVING DOWN,,No active BUY transition
BMN,UNCHANGED,UNCHANGED,,,,Financials,Closed-End Fund - Debt,DOWNTREND,,,No active BUY transition
BMNR,UNCHANGED,UNCHANGED,,,,Financials,Capital Markets,,,,Previously inactive symbol is absent
BMO,UNCHANGED,UNCHANGED,SELL,SELL,"Jul 09, 2026",Financials,Banks - Diversified,UPTREND,MOVING DOWN,,No active BUY transition
BMRC,UNCHANGED,UNCHANGED,SELL,SELL,"Jul 24, 2026",Financials,Banks - Regional,NEUTRAL,MOVING DOWN,,No active BUY transition
BMRN,LEADER,🚀 LEADER,BUY,BUY,"Aug 11, 2026",Health Care,Biotechnology,UPTREND,MOVING UP,,Sustained BUY with confirmed trend and momentum
BMY,REMOVED,❌ REMOVED,SELL,BUY,"Aug 17, 2026",Health Care,Drug Manufacturers - General,UPTREND,MOVING DOWN,,Prior BUY is missing or no longer rated BUY
BN,LEADER,🚀 LEADER,BUY,BUY,"Aug 06, 2026",Financials,Asset Management,UPTREND,MOVING UP,,Sustained BUY with confirmed trend and momentum
BNAI,UNCHANGED,UNCHANGED,,,,Technology,Software - Infrastructure,,,,Previously inactive symbol is absent
BNED,UNCHANGED,UNCHANGED,,SELL,"Aug 13, 2026",Discretionary,Specialty Retail,,,,Previously inactive symbol is absent
BNL,UNCHANGED,UNCHANGED,,SELL,"Jul 24, 2026",Real Estate,REIT - Diversified,,,,Previously inactive symbol is absent
BNS,EMERGING,🔥 EMERGING,BUY,SELL,"Aug 17, 2026",Financials,Banks - Diversified,UPTREND,MOVING UP,,New BUY with rising trend and accelerating momentum
BNT,UNCHANGED,UNCHANGED,SELL,SELL,"Aug 14, 2026",Financials,Insurance - Diversified,NEUTRAL,MOVING DOWN,,No active BUY transition
BNTC,REMOVED,❌ REMOVED,,BUY,"Aug 07, 2026",Health Care,Biotechnology,,,,Prior BUY is missing or no longer rated BUY
BNTX,UNCHANGED,UNCHANGED,SELL,SELL,"Aug 03, 2026",Health Care,Biotechnology,UPTREND,MOVING UP,,No active BUY transition
BNY,EMERGING,🔥 EMERGING,BUY,SELL,"Aug 17, 2026",Financials,Banks - Diversified,UPTREND,MOVING UP,,New BUY with rising trend and accelerating momentum
BOC,UNCHANGED,UNCHANGED,,SELL,"Aug 12, 2026",Industrials,Conglomerates,,,,Previously inactive symbol is absent
BOE,REMOVED,❌ REMOVED,,BUY,"Aug 05, 2026",Financials,Closed-End Fund - Foreign,,,,Prior BUY is missing or no longer rated BUY
BOH,UNCHANGED,UNCHANGED,SELL,SELL,"Jul 29, 2026",Financials,Banks - Regional,DOWNTREND,MOVING DOWN,,No active BUY transition
BOOT,LEADER,🚀 LEADER,BUY,BUY,"Aug 07, 2026",Discretionary,Apparel Retail,UPTREND,MOVING UP,,Sustained BUY with confirmed trend and momentum
BOTJ,UNCHANGED,UNCHANGED,SELL,SELL,"Aug 05, 2026",Financials,Banks - Regional,UPTREND,MOVING DOWN,,No active BUY transition
BOW,UNCHANGED,UNCHANGED,,,,Financials,Insurance - Property & Casualty,UPTREND,,,No active BUY transition
BOX,UNCHANGED,UNCHANGED,SELL,SELL,"Jul 23, 2026",Technology,Software - Infrastructure,UPTREND,MOVING DOWN,,No active BUY transition
BP,LEADER,🚀 LEADER,BUY,BUY,"Jul 16, 2026",Energy,Oil & Gas Integrated,UPTREND,MOVING UP,,Sustained BUY with confirmed trend and momentum
BPOP,UNCHANGED,UNCHANGED,SELL,SELL,"Jul 14, 2026",Financials,Banks - Regional,UPTREND,MOVING DOWN,,No active BUY transition
BPRN,LEADER,🚀 LEADER,BUY,BUY,"Jul 27, 2026",Financials,Banks - Regional,UPTREND,MOVING UP,,Sustained BUY with confirmed trend and momentum
BR,LEADER,🚀 LEADER,BUY,BUY,"Jul 10, 2026",Technology,Information Technology Services,UPTREND,MOVING UP,,Sustained BUY with confirmed trend and momentum
BRBR,UNCHANGED,UNCHANGED,,SELL,"Aug 07, 2026",Staples,Packaged Foods,,,,Previously inactive symbol is absent
BRC,UNCHANGED,UNCHANGED,SELL,SELL,"Aug 12, 2026",Industrials,Security & Protection Services,UPTREND,MOVING DOWN,,No active BUY transition
BRK/A,DETERIORATING,⚠️ DETERIORATING,BUY,BUY,"Jul 30, 2026",Financials,Insurance - Diversified,UPTREND,MOVING DOWN,,Existing BUY momentum is weakening
BRK/B,REMOVED,❌ REMOVED,SELL,BUY,"Aug 17, 2026",Financials,Insurance - Diversified,UPTREND,MOVING DOWN,,Prior BUY is missing or no longer rated BUY
BRKR,UNCHANGED,UNCHANGED,SELL,SELL,"Aug 05, 2026",Health Care,Medical Devices,NEUTRAL,MOVING UP,,No active BUY transition
BRO,UNCHANGED,UNCHANGED,SELL,SELL,"Jul 21, 2026",Financials,Insurance Brokers,UPTREND,MOVING DOWN,,No active BUY transition
BROS,UNCHANGED,UNCHANGED,SELL,SELL,"Jul 07, 2026",Discretionary,Restaurants,DOWNTREND,MOVING UP,,No active BUY transition
BRT,UNCHANGED,UNCHANGED,,SELL,"Jul 10, 2026",Real Estate,REIT - Residential,,,,Previously inactive symbol is absent
BRX,UNCHANGED,UNCHANGED,SELL,SELL,"Jul 31, 2026",Real Estate,REIT - Retail,DOWNTREND,MOVING DOWN,,No active BUY transition
BRZE,DETERIORATING,⚠️ DETERIORATING,BUY,BUY,"Jul 30, 2026",Technology,Software - Application,UPTREND,MOVING DOWN,,Existing BUY momentum is weakening
BSAC,UNCHANGED,UNCHANGED,SELL,SELL,"Aug 14, 2026",Financials,Banks - Regional,UPTREND,MOVING DOWN,,No active BUY transition
BSET,UNCHANGED,UNCHANGED,,SELL,"Jul 28, 2026",Discretionary,Furnishings Fixtures & Appliances,,,,Previously inactive symbol is absent
BSL,UNCHANGED,UNCHANGED,,SELL,"Jul 27, 2026",Financials,Closed-End Fund - Debt,,,,Previously inactive symbol is absent
BSM,UNCHANGED,UNCHANGED,,SELL,"Aug 07, 2026",Energy,Oil & Gas E&P,,,,Previously inactive symbol is absent
BSRR,UNCHANGED,UNCHANGED,SELL,SELL,"Jul 09, 2026",Financials,Banks - Regional,NEUTRAL,MOVING DOWN,,No active BUY transition
BST,LEADER,🚀 LEADER,BUY,BUY,"Aug 06, 2026",Financials,Closed-End Fund - Equity,UPTREND,MOVING UP,,Sustained BUY with confirmed trend and momentum
BSTZ,LEADER,🚀 LEADER,BUY,BUY,"Aug 06, 2026",Financials,Closed-End Fund - Equity,UPTREND,MOVING UP,,Sustained BUY with confirmed trend and momentum
BSVN,LEADER,🚀 LEADER,BUY,BUY,"Jul 30, 2026",Financials,Banks - Regional,UPTREND,MOVING UP,,Sustained BUY with confirmed trend and momentum
BSX,LEADER,🚀 LEADER,BUY,BUY,"Jul 31, 2026",Health Care,Medical Devices,UPTREND,MOVING UP,,Sustained BUY with confirmed trend and momentum
BSY,UNCHANGED,UNCHANGED,SELL,SELL,"Aug 12, 2026",Technology,Software - Application,UPTREND,MOVING DOWN,,No active BUY transition
BTI,UNCHANGED,UNCHANGED,SELL,SELL,"Aug 04, 2026",Staples,Tobacco,DOWNTREND,MOVING DOWN,,No active BUY transition
BTO,UNCHANGED,UNCHANGED,SELL,SELL,"Aug 07, 2026",Financials,Closed-End Fund - Equity,UPTREND,MOVING DOWN,,No active BUY transition
BTSG,UNCHANGED,UNCHANGED,,,,Health Care,Health Information Services,DOWNTREND,,,No active BUY transition
BTT,REMOVED,❌ REMOVED,,BUY,"Aug 14, 2026",Financials,Closed-End Fund - Debt,,,,Prior BUY is missing or no longer rated BUY
BTU,LEADER,🚀 LEADER,BUY,BUY,"Aug 13, 2026",Energy,Thermal Coal,UPTREND,MOVING UP,,Sustained BUY with confirmed trend and momentum
BTZ,REMOVED,❌ REMOVED,,BUY,"Aug 11, 2026",Financials,Closed-End Fund - Debt,,,,Prior BUY is missing or no longer rated BUY
BUD,UNCHANGED,UNCHANGED,SELL,SELL,"Aug 13, 2026",Staples,Beverages - Brewers,DOWNTREND,MOVING DOWN,,No active BUY transition
BUI,UNCHANGED,UNCHANGED,SELL,SELL,"Jul 13, 2026",Financials,Closed-End Fund - Equity,DOWNTREND,MOVING UP,,No active BUY transition
BURL,UNCHANGED,UNCHANGED,SELL,SELL,"Aug 12, 2026",Discretionary,Apparel Retail,UPTREND,MOVING DOWN,,No active BUY transition
BUSE,REMOVED,❌ REMOVED,SELL,BUY,"Aug 17, 2026",Financials,Banks - Regional,UPTREND,MOVING DOWN,,Prior BUY is missing or no longer rated BUY
BV,UNCHANGED,UNCHANGED,,SELL,"Jul 08, 2026",Industrials,Specialty Business Services,,,,Previously inactive symbol is absent
BVN,LEADER,🚀 LEADER,BUY,BUY,"Jul 24, 2026",Materials,Other Precious Metals & Mining,UPTREND,MOVING UP,,Sustained BUY with confirmed trend and momentum
BVS,UNCHANGED,UNCHANGED,,,,Health Care,Medical Devices,,,,Previously inactive symbol is absent
BWA,LEADER,🚀 LEADER,BUY,BUY,"Aug 10, 2026",Discretionary,Auto Parts,UPTREND,MOVING UP,,Sustained BUY with confirmed trend and momentum
BWB,REMOVED,❌ REMOVED,,BUY,"Aug 10, 2026",Financials,Banks - Regional,,,,Prior BUY is missing or no longer rated BUY
BWFG,UNCHANGED,UNCHANGED,SELL,SELL,"Aug 14, 2026",Financials,Banks - Regional,UPTREND,MOVING DOWN,,No active BUY transition
BWIN,LEADER,🚀 LEADER,BUY,BUY,"Jul 28, 2026",Financials,Insurance Brokers,UPTREND,MOVING UP,,Sustained BUY with confirmed trend and momentum
BWLP,REMOVED,❌ REMOVED,,BUY,"Aug 14, 2026",Energy,Oil & Gas Midstream,,,,Prior BUY is missing or no longer rated BUY
BWMN,LEADER,🚀 LEADER,BUY,BUY,"Aug 11, 2026",Industrials,Engineering & Construction,UPTREND,MOVING UP,,Sustained BUY with confirmed trend and momentum
BWXT,UNCHANGED,UNCHANGED,SELL,SELL,"Jul 01, 2026",Industrials,Aerospace & Defense,DOWNTREND,MOVING UP,,No active BUY transition
BX,LEADER,🚀 LEADER,BUY,BUY,"Jul 07, 2026",Financials,Asset Management,UPTREND,MOVING UP,,Sustained BUY with confirmed trend and momentum
BXC,LEADER,🚀 LEADER,BUY,BUY,"Aug 05, 2026",Industrials,Industrial Distribution,UPTREND,MOVING UP,,Sustained BUY with confirmed trend and momentum
BXP,UNCHANGED,UNCHANGED,SELL,SELL,"Jul 13, 2026",Real Estate,REIT - Office,NEUTRAL,MOVING DOWN,,No active BUY transition
BXSL,REMOVED,❌ REMOVED,,BUY,"Aug 07, 2026",Financials,Asset Management,,,,Prior BUY is missing or no longer rated BUY
BY,UNCHANGED,UNCHANGED,SELL,SELL,"Aug 11, 2026",Financials,Banks - Regional,UPTREND,MOVING DOWN,,No active BUY transition
BYD,UNCHANGED,UNCHANGED,SELL,SELL,"Aug 03, 2026",Discretionary,Resorts & Casinos,DOWNTREND,MOVING DOWN,,No active BUY transition
BYFC,REMOVED,❌ REMOVED,,BUY,"Jul 28, 2026",Financials,Banks - Regional,,,,Prior BUY is missing or no longer rated BUY
BZ,UNCHANGED,UNCHANGED,,SELL,"Aug 13, 2026",Communication,Internet Content & Information,,,,Previously inactive symbol is absent
BZH,UNCHANGED,UNCHANGED,SELL,SELL,"Jul 30, 2026",Discretionary,Residential Construction,UPTREND,MOVING DOWN,,No active BUY transition
C,LEADER,🚀 LEADER,BUY,BUY,"Aug 12, 2026",Financials,Banks - Diversified,UPTREND,MOVING UP,,Sustained BUY with confirmed trend and momentum
CAAP,UNCHANGED,UNCHANGED,,SELL,"Aug 06, 2026",Industrials,Airports & Air Services,,,,Previously inactive symbol is absent
CABO,UNCHANGED,UNCHANGED,SELL,SELL,"Aug 11, 2026",Communication,Telecom Services,DOWNTREND,MOVING DOWN,,No active BUY transition
CAC,DETERIORATING,⚠️ DETERIORATING,BUY,BUY,"Jul 30, 2026",Financials,Banks - Regional,UPTREND,MOVING DOWN,,Existing BUY momentum is weakening
CACC,UNCHANGED,UNCHANGED,SELL,SELL,"Jul 14, 2026",Financials,Credit Services,NEUTRAL,MOVING UP,,No active BUY transition
CACI,LEADER,🚀 LEADER,BUY,BUY,"Jul 29, 2026",Technology,Information Technology Services,UPTREND,MOVING UP,,Sustained BUY with confirmed trend and momentum
CADL,UNCHANGED,UNCHANGED,,,,Health Care,Biotechnology,,,,Previously inactive symbol is absent
CAE,DETERIORATING,⚠️ DETERIORATING,BUY,BUY,"Jul 29, 2026",Industrials,Aerospace & Defense,UPTREND,MOVING DOWN,,Existing BUY momentum is weakening
CAF,UNCHANGED,UNCHANGED,,SELL,"Jul 20, 2026",Financials,Closed-End Fund - Foreign,,,,Previously inactive symbol is absent
CAG,UNCHANGED,UNCHANGED,,SELL,"Aug 11, 2026",Staples,Packaged Foods,,,,Previously inactive symbol is absent
CAH,DETERIORATING,⚠️ DETERIORATING,BUY,BUY,"Aug 06, 2026",Health Care,Medical Distribution,UPTREND,MOVING DOWN,,Existing BUY momentum is weakening
CAI,UNCHANGED,UNCHANGED,,,,Health Care,Biotechnology,,,,Previously inactive symbol is absent
CAKE,DETERIORATING,⚠️ DETERIORATING,BUY,BUY,"Jul 30, 2026",Discretionary,Restaurants,UPTREND,MOVING DOWN,,Existing BUY momentum is weakening
CAL,REMOVED,❌ REMOVED,,BUY,"Jul 29, 2026",Discretionary,Apparel Retail,,,,Prior BUY is missing or no longer rated BUY
CALM,UNCHANGED,UNCHANGED,SELL,SELL,"Aug 03, 2026",Staples,Farm Products,DOWNTREND,MOVING DOWN,,No active BUY transition
CALX,LEADER,🚀 LEADER,BUY,BUY,"Aug 10, 2026",Technology,Software - Infrastructure,UPTREND,MOVING UP,,Sustained BUY with confirmed trend and momentum
CALY,UNCHANGED,UNCHANGED,,SELL,"Jul 10, 2026",Discretionary,Leisure,,,,Previously inactive symbol is absent
CAMT,LEADER,🚀 LEADER,BUY,BUY,"Aug 11, 2026",Technology,Semiconductor Equipment & Materials,UPTREND,MOVING UP,,Sustained BUY with confirmed trend and momentum
CAPL,REMOVED,❌ REMOVED,,BUY,"Aug 13, 2026",Energy,Oil & Gas Refining & Marketing,,,,Prior BUY is missing or no longer rated BUY
CAPN,UNCHANGED,UNCHANGED,,,,Financials,Shell Companies,,,,Previously inactive symbol is absent
CARG,UNCHANGED,UNCHANGED,,,,Discretionary,Auto & Truck Dealerships,UPTREND,,,No active BUY transition
CARL,UNCHANGED,UNCHANGED,,,,Health Care,Health Information Services,,,,Previously inactive symbol is absent
CARS,UNCHANGED,UNCHANGED,,SELL,"Aug 05, 2026",Communication,Internet Content & Information,,,,Previously inactive symbol is absent
CART,UNCHANGED,UNCHANGED,,,,Discretionary,Internet Retail,UPTREND,,,No active BUY transition
CASH,UNCHANGED,UNCHANGED,SELL,SELL,"Aug 10, 2026",Financials,Banks - Regional,DOWNTREND,MOVING DOWN,,No active BUY transition
CASS,LEADER,🚀 LEADER,BUY,BUY,"Jul 17, 2026",Industrials,Specialty Business Services,UPTREND,MOVING UP,,Sustained BUY with confirmed trend and momentum
CASY,UNCHANGED,UNCHANGED,SELL,SELL,"Aug 07, 2026",Discretionary,Specialty Retail,UPTREND,MOVING DOWN,,No active BUY transition
CAT,UNCHANGED,UNCHANGED,SELL,SELL,"Jul 08, 2026",Industrials,Farm & Heavy Construction Machinery,DOWNTREND,MOVING UP,,No active BUY transition
CATY,UNCHANGED,UNCHANGED,SELL,SELL,"Jul 09, 2026",Financials,Banks - Regional,UPTREND,MOVING DOWN,,No active BUY transition
CAVA,UNCHANGED,UNCHANGED,,,,Discretionary,Restaurants,UPTREND,,,No active BUY transition
CB,UNCHANGED,UNCHANGED,SELL,SELL,"Jul 17, 2026",Financials,Insurance - Property & Casualty,DOWNTREND,MOVING DOWN,,No active BUY transition
CBAN,UNCHANGED,UNCHANGED,,SELL,"Aug 13, 2026",Financials,Banks - Regional,,,,Previously inactive symbol is absent
CBFV,DETERIORATING,⚠️ DETERIORATING,BUY,BUY,"Aug 10, 2026",Financials,Banks - Regional,UPTREND,MOVING DOWN,,Existing BUY momentum is weakening
CBIO,UNCHANGED,UNCHANGED,,,,Health Care,Biotechnology,,,,Previously inactive symbol is absent
CBK,UNCHANGED,UNCHANGED,,,,Financials,Banks - Regional,UPTREND,,,No active BUY transition
CBL,UNCHANGED,UNCHANGED,,,,Real Estate,REIT - Retail,UPTREND,,,No active BUY transition
CBLL,UNCHANGED,UNCHANGED,,,,Health Care,Medical Devices,,,,Previously inactive symbol is absent
CBNA,UNCHANGED,UNCHANGED,,,,Financials,Banks - Regional,UPTREND,,,No active BUY transition
CBNK,UNCHANGED,UNCHANGED,SELL,SELL,"Aug 11, 2026",Financials,Banks - Regional,UPTREND,MOVING DOWN,,No active BUY transition
CBOE,UNCHANGED,UNCHANGED,SELL,SELL,"Aug 11, 2026",Financials,Financial Data & Stock Exchanges,UPTREND,MOVING DOWN,,No active BUY transition
CBRE,UNCHANGED,UNCHANGED,SELL,SELL,"Aug 13, 2026",Real Estate,Real Estate Services,UPTREND,MOVING DOWN,,No active BUY transition
CBRL,UNCHANGED,UNCHANGED,SELL,SELL,"Jul 24, 2026",Discretionary,Restaurants,UPTREND,MOVING DOWN,,No active BUY transition
CBSH,UNCHANGED,UNCHANGED,SELL,SELL,"Aug 07, 2026",Financials,Banks - Regional,UPTREND,MOVING DOWN,,No active BUY transition
CBT,UNCHANGED,UNCHANGED,SELL,SELL,"Jul 07, 2026",Materials,Specialty Chemicals,NEUTRAL,MOVING DOWN,,No active BUY transition
CBU,UNCHANGED,UNCHANGED,SELL,SELL,"Jul 24, 2026",Financials,Banks - Regional,NEUTRAL,MOVING DOWN,,No active BUY transition
CBZ,UNCHANGED,UNCHANGED,SELL,SELL,"Aug 14, 2026",Industrials,Specialty Business Services,UPTREND,MOVING DOWN,,No active BUY transition
CCAP,REMOVED,❌ REMOVED,,BUY,"Aug 05, 2026",Financials,Asset Management,,,,Prior BUY is missing or no longer rated BUY
CCAQ,UNCHANGED,UNCHANGED,,,,Financials,Shell Companies,,,,Previously inactive symbol is absent
CCB,UNCHANGED,UNCHANGED,SELL,SELL,"Jul 08, 2026",Financials,Banks - Regional,DOWNTREND,MOVING UP,,No active BUY transition
CCBG,UNCHANGED,UNCHANGED,SELL,SELL,"Aug 11, 2026",Financials,Banks - Regional,UPTREND,MOVING DOWN,,No active BUY transition
CCD,LEADER,🚀 LEADER,BUY,BUY,"Aug 07, 2026",Financials,Closed-End Fund - Equity,UPTREND,MOVING UP,,Sustained BUY with confirmed trend and momentum
CCEP,UNCHANGED,UNCHANGED,SELL,SELL,"Aug 11, 2026",Staples,Beverages - Non-Alcoholic,UPTREND,MOVING DOWN,,No active BUY transition
CCII,UNCHANGED,UNCHANGED,,,,Financials,Shell Companies,,,,Previously inactive symbol is absent
CCIX,UNCHANGED,UNCHANGED,,,,Financials,Shell Companies,,,,Previously inactive symbol is absent
CCJ,LEADER,🚀 LEADER,BUY,BUY,"Aug 11, 2026",Energy,Uranium,UPTREND,MOVING UP,,Sustained BUY with confirmed trend and momentum
CCK,UNCHANGED,UNCHANGED,SELL,SELL,"Aug 10, 2026",Discretionary,Packaging & Containers,UPTREND,MOVING DOWN,,No active BUY transition
CCL,REMOVED,❌ REMOVED,SELL,BUY,"Aug 17, 2026",Discretionary,Travel Services,UPTREND,MOVING DOWN,,Prior BUY is missing or no longer rated BUY
CCNE,UNCHANGED,UNCHANGED,SELL,SELL,"Aug 11, 2026",Financials,Banks - Regional,UPTREND,MOVING DOWN,,No active BUY transition
CCS,LEADER,🚀 LEADER,BUY,BUY,"Jul 29, 2026",Real Estate,Real Estate - Development,UPTREND,MOVING UP,,Sustained BUY with confirmed trend and momentum
CCSI,UNCHANGED,UNCHANGED,,,,Technology,Software - Infrastructure,UPTREND,,,No active BUY transition
CDE,REMOVED,❌ REMOVED,,BUY,"Aug 06, 2026",Materials,Gold,,,,Prior BUY is missing or no longer rated BUY
CDNA,DETERIORATING,⚠️ DETERIORATING,BUY,BUY,"Jul 20, 2026",Health Care,Diagnostics & Research,UPTREND,MOVING DOWN,,Existing BUY momentum is weakening
CDP,UNCHANGED,UNCHANGED,SELL,SELL,"Jul 17, 2026",Real Estate,REIT - Office,NEUTRAL,MOVING DOWN,,No active BUY transition
CDRE,LEADER,🚀 LEADER,BUY,BUY,"Aug 10, 2026",Industrials,Aerospace & Defense,UPTREND,MOVING UP,,Sustained BUY with confirmed trend and momentum
CDW,UNCHANGED,UNCHANGED,SELL,SELL,"Aug 12, 2026",Technology,Information Technology Services,UPTREND,MOVING DOWN,,No active BUY transition
CECO,UNCHANGED,UNCHANGED,SELL,SELL,"Jun 30, 2026",Industrials,Pollution & Treatment Controls,NEUTRAL,MOVING UP,,No active BUY transition
CEE,REMOVED,❌ REMOVED,,BUY,"Aug 14, 2026",Financials,Closed-End Fund - Foreign,,,,Prior BUY is missing or no longer rated BUY
CEG,LEADER,🚀 LEADER,BUY,BUY,"Aug 05, 2026",Utilities,Utilities - Independent Power Producers,UPTREND,MOVING UP,,Sustained BUY with confirmed trend and momentum
CELC,UNCHANGED,UNCHANGED,SELL,SELL,"Jul 16, 2026",Health Care,Biotechnology,DOWNTREND,MOVING UP,,No active BUY transition
CELH,UNCHANGED,UNCHANGED,SELL,SELL,"Jul 14, 2026",Staples,Beverages - Non-Alcoholic,DOWNTREND,MOVING UP,,No active BUY transition
CENT,LEADER,🚀 LEADER,BUY,BUY,"Aug 06, 2026",Staples,Packaged Foods,UPTREND,MOVING UP,,Sustained BUY with confirmed trend and momentum
CENTA,REMOVED,❌ REMOVED,SELL,BUY,"Aug 17, 2026",Staples,Packaged Foods,UPTREND,MOVING DOWN,,Prior BUY is missing or no longer rated BUY
CENX,ACTIVE_BUY,ACTIVE BUY,BUY,BUY,"Aug 10, 2026",Materials,Aluminum,NEUTRAL,MOVING UP,,BUY remains active without a higher-priority setup
CEPF,UNCHANGED,UNCHANGED,,,,Financials,Shell Companies,,,,Previously inactive symbol is absent
CEPO,UNCHANGED,UNCHANGED,,,,Financials,Shell Companies,,,,Previously inactive symbol is absent
CEPU,UNCHANGED,UNCHANGED,,SELL,"Jul 29, 2026",Utilities,Utilities - Regulated Electric,,,,Previously inactive symbol is absent
CET,UNCHANGED,UNCHANGED,,,,Financials,Closed-End Fund - Equity,UPTREND,,,No active BUY transition
CEV,UNCHANGED,UNCHANGED,,,,Financials,Closed-End Fund - Debt,,,,Previously inactive symbol is absent
CF,UNCHANGED,UNCHANGED,SELL,SELL,"Aug 04, 2026",Materials,Agricultural Inputs,NEUTRAL,MOVING DOWN,,No active BUY transition
CFBK,UNCHANGED,UNCHANGED,SELL,SELL,"Aug 12, 2026",Financials,Banks - Regional,UPTREND,MOVING DOWN,,No active BUY transition
CFFI,LEADER,🚀 LEADER,BUY,BUY,"Jul 30, 2026",Financials,Banks - Regional,UPTREND,MOVING UP,,Sustained BUY with confirmed trend and momentum
CFG,LEADER,🚀 LEADER,BUY,BUY,"Aug 13, 2026",Financials,Banks - Regional,UPTREND,MOVING UP,,Sustained BUY with confirmed trend and momentum
CFR,UNCHANGED,UNCHANGED,SELL,SELL,"Aug 07, 2026",Financials,Banks - Regional,UPTREND,MOVING DOWN,,No active BUY transition
CG,DETERIORATING,⚠️ DETERIORATING,BUY,BUY,"Aug 14, 2026",Financials,Asset Management,UPTREND,MOVING DOWN,,Existing BUY momentum is weakening
CGBD,REMOVED,❌ REMOVED,,BUY,"Aug 10, 2026",Financials,Asset Management,,,,Prior BUY is missing or no longer rated BUY
CGEM,REMOVED,❌ REMOVED,,BUY,"Aug 12, 2026",Health Care,Biotechnology,,,,Prior BUY is missing or no longer rated BUY
CGNX,UNCHANGED,UNCHANGED,SELL,SELL,"Aug 13, 2026",Technology,Scientific & Technical Instruments,NEUTRAL,MOVING UP,,No active BUY transition
CGO,REMOVED,❌ REMOVED,,BUY,"Aug 12, 2026",Financials,Closed-End Fund - Equity,,,,Prior BUY is missing or no longer rated BUY
CGON,UNCHANGED,UNCHANGED,,,,Health Care,Biotechnology,UPTREND,,,No active BUY transition
CHAR,UNCHANGED,UNCHANGED,,,,Financials,Shell Companies,,,,Previously inactive symbol is absent
CHCI,REMOVED,❌ REMOVED,,BUY,"Aug 14, 2026",Real Estate,Real Estate Services,,,,Prior BUY is missing or no longer rated BUY
CHCO,UNCHANGED,UNCHANGED,SELL,SELL,"Aug 14, 2026",Financials,Banks - Regional,UPTREND,MOVING DOWN,,No active BUY transition
CHCT,UNCHANGED,UNCHANGED,,SELL,"Aug 03, 2026",Real Estate,REIT - Healthcare Facilities,,,,Previously inactive symbol is absent
CHD,DETERIORATING,⚠️ DETERIORATING,BUY,BUY,"Jul 30, 2026",Staples,Household & Personal Products,UPTREND,MOVING DOWN,,Existing BUY momentum is weakening
CHDN,LEADER,🚀 LEADER,BUY,BUY,"Aug 10, 2026",Discretionary,Gambling,UPTREND,MOVING UP,,Sustained BUY with confirmed trend and momentum
CHE,UNCHANGED,UNCHANGED,SELL,SELL,"Aug 13, 2026",Health Care,Medical Care Facilities,UPTREND,MOVING DOWN,,No active BUY transition
CHEF,DETERIORATING,⚠️ DETERIORATING,BUY,BUY,"Jul 31, 2026",Staples,Food Distribution,UPTREND,MOVING DOWN,,Existing BUY momentum is weakening
CHH,UNCHANGED,UNCHANGED,SELL,SELL,"Aug 05, 2026",Discretionary,Lodging,DOWNTREND,MOVING DOWN,,No active BUY transition
CHI,REMOVED,❌ REMOVED,,BUY,"Aug 11, 2026",Financials,Closed-End Fund - Debt,,,,Prior BUY is missing or no longer rated BUY
CHKP,UNCHANGED,UNCHANGED,SELL,SELL,"Jul 23, 2026",Technology,Software - Infrastructure,NEUTRAL,MOVING UP,,No active BUY transition
CHMG,UNCHANGED,UNCHANGED,SELL,SELL,"Aug 13, 2026",Financials,Banks - Regional,UPTREND,MOVING DOWN,,No active BUY transition
CHPG,UNCHANGED,UNCHANGED,,,,Financials,Shell Companies,,,,Previously inactive symbol is absent
CHRD,LEADER,🚀 LEADER,BUY,BUY,"Aug 12, 2026",Energy,Oil & Gas E&P,UPTREND,MOVING UP,,Sustained BUY with confirmed trend and momentum
CHRN,UNCHANGED,UNCHANGED,,SELL,"Jul 28, 2026",Technology,Information Technology Services,,,,Previously inactive symbol is absent
CHRW,UNCHANGED,UNCHANGED,SELL,SELL,"Jul 28, 2026",Industrials,Integrated Freight & Logistics,DOWNTREND,MOVING DOWN,,No active BUY transition
CHTR,LEADER,🚀 LEADER,BUY,BUY,"Jul 30, 2026",Communication,Telecom Services,UPTREND,MOVING UP,,Sustained BUY with confirmed trend and momentum
CHWY,UNCHANGED,UNCHANGED,,SELL,"Aug 13, 2026",Discretionary,Internet Retail,,,,Previously inactive symbol is absent
CHY,REMOVED,❌ REMOVED,,BUY,"Aug 12, 2026",Financials,Closed-End Fund - Debt,,,,Prior BUY is missing or no longer rated BUY
CHYM,UNCHANGED,UNCHANGED,,,,Technology,Software - Application,UPTREND,,,No active BUY transition
CI,UNCHANGED,UNCHANGED,SELL,SELL,"Aug 03, 2026",Health Care,Healthcare Plans,DOWNTREND,MOVING DOWN,,No active BUY transition
CIB,LEADER,🚀 LEADER,BUY,BUY,"Aug 12, 2026",Financials,Banks - Regional,UPTREND,MOVING UP,,Sustained BUY with confirmed trend and momentum
CIEN,LEADER,🚀 LEADER,BUY,BUY,"Aug 14, 2026",Technology,Communication Equipment,UPTREND,MOVING UP,,Sustained BUY with confirmed trend and momentum
CIFR,UNCHANGED,UNCHANGED,,,,Technology,Information Technology Services,,,,Previously inactive symbol is absent
CIGI,UNCHANGED,UNCHANGED,SELL,SELL,"Aug 04, 2026",Real Estate,Real Estate Services,UPTREND,MOVING UP,,No active BUY transition
CII,REMOVED,❌ REMOVED,,BUY,"Aug 14, 2026",Financials,Closed-End Fund - Equity,,,,Prior BUY is missing or no longer rated BUY
CIM,UNCHANGED,UNCHANGED,,SELL,"Jul 06, 2026",Real Estate,REIT - Mortgage,,,,Previously inactive symbol is absent
CINF,UNCHANGED,UNCHANGED,SELL,SELL,"Jul 16, 2026",Financials,Insurance - Property & Casualty,DOWNTREND,MOVING DOWN,,No active BUY transition
CIVB,UNCHANGED,UNCHANGED,SELL,SELL,"Aug 07, 2026",Financials,Banks - Regional,UPTREND,MOVING DOWN,,No active BUY transition
CIX,UNCHANGED,UNCHANGED,,,,Industrials,Security & Protection Services,UPTREND,,,No active BUY transition
CKX,UNCHANGED,UNCHANGED,,,,Energy,Oil & Gas E&P,,,,Previously inactive symbol is absent
CL,LEADER,🚀 LEADER,BUY,BUY,"Aug 10, 2026",Staples,Household & Personal Products,UPTREND,MOVING UP,,Sustained BUY with confirmed trend and momentum
CLB,REMOVED,❌ REMOVED,,BUY,"Aug 11, 2026",Energy,Oil & Gas Equipment & Services,,,,Prior BUY is missing or no longer rated BUY
CLBK,UNCHANGED,UNCHANGED,,SELL,"Jul 22, 2026",Financials,Banks - Regional,,,,Previously inactive symbol is absent
CLBT,UNCHANGED,UNCHANGED,,SELL,"Aug 12, 2026",Technology,Software - Infrastructure,,,,Previously inactive symbol is absent
CLDT,UNCHANGED,UNCHANGED,,SELL,"Aug 07, 2026",Real Estate,REIT - Hotel & Motel,,,,Previously inactive symbol is absent
CLDX,LEADER,🚀 LEADER,BUY,BUY,"Aug 04, 2026",Health Care,Biotechnology,UPTREND,MOVING UP,,Sustained BUY with confirmed trend and momentum
CLF,REMOVED,❌ REMOVED,,BUY,"Jul 28, 2026",Materials,Steel,,,,Prior BUY is missing or no longer rated BUY
CLH,UNCHANGED,UNCHANGED,SELL,SELL,"Jul 27, 2026",Industrials,Waste Management,UPTREND,MOVING UP,,No active BUY transition
CLMB,LEADER,🚀 LEADER,BUY,BUY,"Jul 07, 2026",Technology,Electronics & Computer Distribution,UPTREND,MOVING UP,,Sustained BUY with confirmed trend and momentum
CLMT,UNCHANGED,UNCHANGED,,,,Materials,Specialty Chemicals,UPTREND,,,No active BUY transition
CLPT,UNCHANGED,UNCHANGED,,SELL,"Jul 06, 2026",Health Care,Medical Devices,,,,Previously inactive symbol is absent
CLS,UNCHANGED,UNCHANGED,SELL,SELL,"Aug 10, 2026",Technology,Electronic Components,DOWNTREND,MOVING UP,,No active BUY transition
CLSK,UNCHANGED,UNCHANGED,,SELL,"Jul 30, 2026",Financials,Capital Markets,,,,Previously inactive symbol is absent
CLST,UNCHANGED,UNCHANGED,,,,Financials,Banks - Regional,,,,Previously inactive symbol is absent
CLW,REMOVED,❌ REMOVED,,BUY,"Jul 22, 2026",Materials,Paper & Paper Products,,,,Prior BUY is missing or no longer rated BUY
CLX,LEADER,🚀 LEADER,BUY,BUY,"Aug 05, 2026",Staples,Household & Personal Products,UPTREND,MOVING UP,,Sustained BUY with confirmed trend and momentum
CLYM,REMOVED,❌ REMOVED,,BUY,"Aug 07, 2026",Health Care,Biotechnology,,,,Prior BUY is missing or no longer rated BUY
CM,EMERGING,🔥 EMERGING,BUY,SELL,"Aug 17, 2026",Financials,Banks - Diversified,UPTREND,MOVING UP,,New BUY with rising trend and accelerating momentum
CMBT,UNCHANGED,UNCHANGED,,SELL,"Aug 06, 2026",Energy,Oil & Gas Midstream,,,,Previously inactive symbol is absent
CMC,LEADER,🚀 LEADER,BUY,BUY,"Jul 28, 2026",Industrials,Metal Fabrication,UPTREND,MOVING UP,,Sustained BUY with confirmed trend and momentum
CMCO,REMOVED,❌ REMOVED,,BUY,"Jul 22, 2026",Industrials,Farm & Heavy Construction Machinery,,,,Prior BUY is missing or no longer rated BUY
CMCSA,LEADER,🚀 LEADER,BUY,BUY,"Jul 30, 2026",Communication,Telecom Services,UPTREND,MOVING UP,,Sustained BUY with confirmed trend and momentum
CME,LEADER,🚀 LEADER,BUY,BUY,"Jul 24, 2026",Financials,Financial Data & Stock Exchanges,UPTREND,MOVING UP,,Sustained BUY with confirmed trend and momentum
CMG,UNCHANGED,UNCHANGED,SELL,SELL,"Aug 07, 2026",Discretionary,Restaurants,DOWNTREND,MOVING DOWN,,No active BUY transition
CMI,UNCHANGED,UNCHANGED,SELL,SELL,"Jul 06, 2026",Industrials,Specialty Industrial Machinery,DOWNTREND,MOVING UP,,No active BUY transition
CMPR,UNCHANGED,UNCHANGED,SELL,SELL,"Jul 27, 2026",Industrials,Specialty Business Services,DOWNTREND,MOVING DOWN,,No active BUY transition
CMRE,UNCHANGED,UNCHANGED,,SELL,"Aug 06, 2026",Industrials,Marine Shipping,,,,Previously inactive symbol is absent
CMS,UNCHANGED,UNCHANGED,SELL,SELL,"Jul 13, 2026",Utilities,Utilities - Regulated Electric,DOWNTREND,MOVING DOWN,,No active BUY transition
CMT,UNCHANGED,UNCHANGED,,,,Materials,Specialty Chemicals,UPTREND,,,No active BUY transition
CNA,UNCHANGED,UNCHANGED,SELL,SELL,"Aug 07, 2026",Financials,Insurance - Property & Casualty,NEUTRAL,MOVING DOWN,,No active BUY transition
CNC,LEADER,🚀 LEADER,BUY,BUY,"Aug 11, 2026",Health Care,Healthcare Plans,UPTREND,MOVING UP,,Sustained BUY with confirmed trend and momentum
CNH,UNCHANGED,UNCHANGED,,SELL,"Aug 12, 2026",Industrials,Farm & Heavy Construction Machinery,,,,Previously inactive symbol is absent
CNI,UNCHANGED,UNCHANGED,SELL,SELL,"Aug 03, 2026",Industrials,Railroads,UPTREND,MOVING DOWN,,No active BUY transition
CNK,LEADER,🚀 LEADER,BUY,BUY,"Jul 24, 2026",Communication,Entertainment,UPTREND,MOVING UP,,Sustained BUY with confirmed trend and momentum
CNM,UNCHANGED,UNCHANGED,SELL,SELL,"Aug 13, 2026",Industrials,Industrial Distribution,NEUTRAL,MOVING DOWN,,No active BUY transition
CNMD,DETERIORATING,⚠️ DETERIORATING,BUY,BUY,"Jul 10, 2026",Health Care,Medical Devices,UPTREND,MOVING DOWN,,Existing BUY momentum is weakening
CNNE,REMOVED,❌ REMOVED,,BUY,"Aug 06, 2026",Discretionary,Restaurants,,,,Prior BUY is missing or no longer rated BUY
CNO,DETERIORATING,⚠️ DETERIORATING,BUY,BUY,"Aug 04, 2026",Financials,Insurance - Life,UPTREND,MOVING DOWN,,Existing BUY momentum is weakening
CNOB,UNCHANGED,UNCHANGED,SELL,SELL,"Jul 07, 2026",Financials,Banks - Regional,UPTREND,MOVING DOWN,,No active BUY transition
CNP,UNCHANGED,UNCHANGED,SELL,SELL,"Jul 31, 2026",Utilities,Utilities - Regulated Electric,DOWNTREND,MOVING DOWN,,No active BUY transition
CNQ,LEADER,🚀 LEADER,BUY,BUY,"Jul 20, 2026",Energy,Oil & Gas E&P,UPTREND,MOVING UP,,Sustained BUY with confirmed trend and momentum
CNR,LEADER,🚀 LEADER,BUY,BUY,"Aug 07, 2026",Energy,Thermal Coal,UPTREND,MOVING UP,,Sustained BUY with confirmed trend and momentum
CNS,UNCHANGED,UNCHANGED,SELL,SELL,"Aug 12, 2026",Financials,Asset Management,UPTREND,MOVING DOWN,,No active BUY transition
CNX,DETERIORATING,⚠️ DETERIORATING,BUY,BUY,"Jul 23, 2026",Energy,Oil & Gas E&P,UPTREND,MOVING DOWN,,Existing BUY momentum is weakening
CNXC,UNCHANGED,UNCHANGED,,SELL,"Aug 13, 2026",Technology,Information Technology Services,,,,Previously inactive symbol is absent
CNXN,UNCHANGED,UNCHANGED,SELL,SELL,"Aug 12, 2026",Technology,Electronics & Computer Distribution,UPTREND,MOVING DOWN,,No active BUY transition
CODA,UNCHANGED,UNCHANGED,,SELL,"Aug 12, 2026",Industrials,Aerospace & Defense,,,,Previously inactive symbol is absent
CODI,REMOVED,❌ REMOVED,,BUY,"Aug 05, 2026",Industrials,Conglomerates,,,,Prior BUY is missing or no longer rated BUY
COF,LEADER,🚀 LEADER,BUY,BUY,"Aug 05, 2026",Financials,Credit Services,UPTREND,MOVING UP,,Sustained BUY with confirmed trend and momentum
COGT,UNCHANGED,UNCHANGED,SELL,SELL,"Aug 12, 2026",Health Care,Biotechnology,DOWNTREND,MOVING DOWN,,No active BUY transition
COHN,UNCHANGED,UNCHANGED,,,,Financials,Capital Markets,,,,Previously inactive symbol is absent
COHR,LEADER,🚀 LEADER,BUY,BUY,"Aug 10, 2026",Technology,Scientific & Technical Instruments,UPTREND,MOVING UP,,Sustained BUY with confirmed trend and momentum
COHU,LEADER,🚀 LEADER,BUY,BUY,"Aug 14, 2026",Technology,Semiconductor Equipment & Materials,UPTREND,MOVING UP,,Sustained BUY with confirmed trend and momentum
COIN,UNCHANGED,UNCHANGED,SELL,SELL,"Aug 03, 2026",Financials,Financial Data & Stock Exchanges,DOWNTREND,MOVING UP,,No active BUY transition
COKE,LEADER,🚀 LEADER,BUY,BUY,"Jul 28, 2026",Staples,Beverages - Non-Alcoholic,UPTREND,MOVING UP,,Sustained BUY with confirmed trend and momentum
COLB,LEADER,🚀 LEADER,BUY,BUY,"Aug 14, 2026",Financials,Banks - Regional,UPTREND,MOVING UP,,Sustained BUY with confirmed trend and momentum
COLD,UNCHANGED,UNCHANGED,,SELL,"Jul 15, 2026",Real Estate,REIT - Industrial,,,,Previously inactive symbol is absent
COLL,UNCHANGED,UNCHANGED,SELL,SELL,"Aug 07, 2026",Health Care,Drug Manufacturers - Specialty & Generic,DOWNTREND,MOVING DOWN,,No active BUY transition
COMP,UNCHANGED,UNCHANGED,,SELL,"Aug 11, 2026",Real Estate,Real Estate Services,,,,Previously inactive symbol is absent
CON,UNCHANGED,UNCHANGED,,,,Health Care,Medical Care Facilities,UPTREND,,,No active BUY transition
COO,LEADER,🚀 LEADER,BUY,BUY,"Aug 05, 2026",Health Care,Medical Instruments & Supplies,UPTREND,MOVING UP,,Sustained BUY with confirmed trend and momentum
COOK,UNCHANGED,UNCHANGED,,,,Discretionary,Furnishings Fixtures & Appliances,DOWNTREND,,,No active BUY transition
COP,LEADER,🚀 LEADER,BUY,BUY,"Jul 17, 2026",Energy,Oil & Gas E&P,UPTREND,MOVING UP,,Sustained BUY with confirmed trend and momentum
COR,UNCHANGED,UNCHANGED,SELL,SELL,"Jul 22, 2026",Health Care,Medical Distribution,UPTREND,MOVING DOWN,,No active BUY transition
CORT,DETERIORATING,⚠️ DETERIORATING,BUY,BUY,"Jul 31, 2026",Health Care,Biotechnology,UPTREND,MOVING DOWN,,Existing BUY momentum is weakening
CORZ,UNCHANGED,UNCHANGED,,,,Technology,Software - Infrastructure,,,,Previously inactive symbol is absent
COST,LEADER,🚀 LEADER,BUY,BUY,"Jul 30, 2026",Staples,Discount Stores,UPTREND,MOVING UP,,Sustained BUY with confirmed trend and momentum
CP,LEADER,🚀 LEADER,BUY,BUY,"Aug 14, 2026",Industrials,Railroads,UPTREND,MOVING UP,,Sustained BUY with confirmed trend and momentum
CPA,UNCHANGED,UNCHANGED,SELL,SELL,"Aug 11, 2026",Industrials,Airlines,DOWNTREND,MOVING DOWN,,No active BUY transition
CPAY,LEADER,🚀 LEADER,BUY,BUY,"Jul 08, 2026",Technology,Software - Infrastructure,UPTREND,MOVING UP,,Sustained BUY with confirmed trend and momentum
CPB,REMOVED,❌ REMOVED,,BUY,"Aug 05, 2026",Staples,Packaged Foods,,,,Prior BUY is missing or no longer rated BUY
CPBI,UNCHANGED,UNCHANGED,,,,Financials,Banks - Regional,,,,Previously inactive symbol is absent
CPF,UNCHANGED,UNCHANGED,SELL,SELL,"Jul 27, 2026",Financials,Banks - Regional,UPTREND,MOVING DOWN,,No active BUY transition
CPHC,UNCHANGED,UNCHANGED,,SELL,"Jul 10, 2026",Discretionary,Resorts & Casinos,,,,Previously inactive symbol is absent
CPK,UNCHANGED,UNCHANGED,SELL,SELL,"Aug 07, 2026",Utilities,Utilities - Regulated Gas,UPTREND,MOVING UP,,No active BUY transition
CPNG,UNCHANGED,UNCHANGED,,SELL,"Jul 16, 2026",Discretionary,Internet Retail,,,,Previously inactive symbol is absent
CPRT,LEADER,🚀 LEADER,BUY,BUY,"Jul 30, 2026",Industrials,Specialty Business Services,UPTREND,MOVING UP,,Sustained BUY with confirmed trend and momentum
CPS,UNCHANGED,UNCHANGED,SELL,SELL,"Aug 12, 2026",Discretionary,Auto Parts,DOWNTREND,MOVING DOWN,,No active BUY transition
CPT,UNCHANGED,UNCHANGED,SELL,SELL,"Aug 03, 2026",Real Estate,REIT - Residential,DOWNTREND,MOVING DOWN,,No active BUY transition
CPZ,REMOVED,❌ REMOVED,,BUY,"Jul 30, 2026",Financials,Closed-End Fund - Equity,,,,Prior BUY is missing or no longer rated BUY
CQP,LEADER,🚀 LEADER,BUY,BUY,"Aug 04, 2026",Energy,Oil & Gas Midstream,UPTREND,MOVING UP,,Sustained BUY with confirmed trend and momentum
CR,UNCHANGED,UNCHANGED,SELL,SELL,"Jul 15, 2026",Industrials,Specialty Industrial Machinery,UPTREND,MOVING DOWN,,No active BUY transition
CRAI,UNCHANGED,UNCHANGED,SELL,SELL,"Aug 11, 2026",Industrials,Consulting Services,UPTREND,MOVING DOWN,,No active BUY transition
CRAQ,UNCHANGED,UNCHANGED,,,,Financials,Shell Companies,,,,Previously inactive symbol is absent
CRBG,UNCHANGED,UNCHANGED,,,,Financials,Asset Management,UPTREND,,,No active BUY transition
CRBP,REMOVED,❌ REMOVED,,BUY,"Aug 10, 2026",Health Care,Biotechnology,,,,Prior BUY is missing or no longer rated BUY
CRC,ACTIVE_BUY,ACTIVE BUY,BUY,BUY,"Aug 12, 2026",Energy,Oil & Gas E&P,NEUTRAL,MOVING UP,,BUY remains active without a higher-priority setup
CRCL,UNCHANGED,UNCHANGED,,,,Financials,Capital Markets,NEUTRAL,,,No active BUY transition
CRD/A,UNCHANGED,UNCHANGED,,,,Financials,Insurance Brokers,,,,Previously inactive symbol is absent
CRD/B,UNCHANGED,UNCHANGED,,,,Financials,Insurance Brokers,,,,Previously inactive symbol is absent
CRGY,REMOVED,❌ REMOVED,,BUY,"Aug 04, 2026",Energy,Oil & Gas E&P,,,,Prior BUY is missing or no longer rated BUY
CRH,UNCHANGED,UNCHANGED,SELL,SELL,"Jul 06, 2026",Materials,Building Materials,DOWNTREND,MOVING DOWN,,No active BUY transition
CRI,ACTIVE_BUY,ACTIVE BUY,BUY,BUY,"Aug 06, 2026",Discretionary,Apparel Retail,NEUTRAL,MOVING UP,,BUY remains active without a higher-priority setup
CRK,REMOVED,❌ REMOVED,,BUY,"Aug 11, 2026",Energy,Oil & Gas E&P,,,,Prior BUY is missing or no longer rated BUY
CRL,LEADER,🚀 LEADER,BUY,BUY,"Aug 07, 2026",Health Care,Diagnostics & Research,UPTREND,MOVING UP,,Sustained BUY with confirmed trend and momentum
CRM,LEADER,🚀 LEADER,BUY,BUY,"Jul 28, 2026",Technology,Software - Application,UPTREND,MOVING UP,,Sustained BUY with confirmed trend and momentum
CRNX,UNCHANGED,UNCHANGED,SELL,SELL,"Aug 13, 2026",Health Care,Biotechnology,UPTREND,MOVING DOWN,,No active BUY transition
CROX,UNCHANGED,UNCHANGED,SELL,SELL,"Jul 30, 2026",Discretionary,Footwear & Accessories,UPTREND,MOVING DOWN,,No active BUY transition
CRS,UNCHANGED,UNCHANGED,SELL,SELL,"Jul 09, 2026",Industrials,Metal Fabrication,NEUTRAL,MOVING DOWN,,No active BUY transition
CRSP,LEADER,🚀 LEADER,BUY,BUY,"Aug 10, 2026",Health Care,Biotechnology,UPTREND,MOVING UP,,Sustained BUY with confirmed trend and momentum
CRSR,REMOVED,❌ REMOVED,,BUY,"Jul 23, 2026",Technology,Computer Hardware,,,,Prior BUY is missing or no longer rated BUY
CRT,REMOVED,❌ REMOVED,,BUY,"Jul 22, 2026",Energy,Oil & Gas E&P,,,,Prior BUY is missing or no longer rated BUY
CRTO,UNCHANGED,UNCHANGED,,SELL,"Jul 22, 2026",Communication,Advertising Agencies,,,,Previously inactive symbol is absent
CRVL,LEADER,🚀 LEADER,BUY,BUY,"Aug 14, 2026",Financials,Insurance Brokers,UPTREND,MOVING UP,,Sustained BUY with confirmed trend and momentum
CRVS,UNCHANGED,UNCHANGED,,,,Health Care,Biotechnology,,,,Previously inactive symbol is absent
CRWD,REMOVED,❌ REMOVED,SELL,BUY,"Aug 17, 2026",Technology,Software - Infrastructure,UPTREND,MOVING DOWN,,Prior BUY is missing or no longer rated BUY
CRWV,UNCHANGED,UNCHANGED,,,,Technology,Software - Infrastructure,UPTREND,,,No active BUY transition
CSCO,REMOVED,❌ REMOVED,SELL,BUY,"Aug 17, 2026",Technology,Communication Equipment,NEUTRAL,MOVING DOWN,,Prior BUY is missing or no longer rated BUY
CSGP,LEADER,🚀 LEADER,BUY,BUY,"Aug 06, 2026",Real Estate,Real Estate Services,UPTREND,MOVING UP,,Sustained BUY with confirmed trend and momentum
CSIQ,REMOVED,❌ REMOVED,,BUY,"Aug 06, 2026",Technology,Solar,,,,Prior BUY is missing or no longer rated BUY
CSL,LEADER,🚀 LEADER,BUY,BUY,"Aug 03, 2026",Industrials,Building Products & Equipment,UPTREND,MOVING UP,,Sustained BUY with confirmed trend and momentum
CSQ,REMOVED,❌ REMOVED,,BUY,"Aug 06, 2026",Financials,Closed-End Fund - Debt,,,,Prior BUY is missing or no longer rated BUY
CSTL,UNCHANGED,UNCHANGED,,,,Health Care,Diagnostics & Research,UPTREND,,,No active BUY transition
CSV,UNCHANGED,UNCHANGED,SELL,SELL,"Aug 10, 2026",Discretionary,Personal Services,DOWNTREND,MOVING DOWN,,No active BUY transition
CSW,LEADER,🚀 LEADER,BUY,BUY,"Jul 29, 2026",Industrials,Specialty Industrial Machinery,UPTREND,MOVING UP,,Sustained BUY with confirmed trend and momentum
CSWC,REMOVED,❌ REMOVED,,BUY,"Aug 07, 2026",Financials,Asset Management,,,,Prior BUY is missing or no longer rated BUY
CSX,UNCHANGED,UNCHANGED,SELL,SELL,"Aug 03, 2026",Industrials,Railroads,UPTREND,MOVING DOWN,,No active BUY transition
CTAS,UNCHANGED,UNCHANGED,SELL,SELL,"Aug 12, 2026",Industrials,Specialty Business Services,UPTREND,MOVING DOWN,,No active BUY transition
CTBI,UNCHANGED,UNCHANGED,SELL,SELL,"Aug 11, 2026",Financials,Banks - Regional,UPTREND,MOVING DOWN,,No active BUY transition
CTEV,UNCHANGED,UNCHANGED,,,,Health Care,Health Information Services,UPTREND,,,No active BUY transition
CTNM,UNCHANGED,UNCHANGED,,,,Health Care,Biotechnology,,,,Previously inactive symbol is absent
CTO,UNCHANGED,UNCHANGED,,SELL,"Jul 31, 2026",Real Estate,REIT - Diversified,,,,Previously inactive symbol is absent
CTOS,UNCHANGED,UNCHANGED,,,,Industrials,Rental & Leasing Services,,,,Previously inactive symbol is absent
CTRE,UNCHANGED,UNCHANGED,SELL,SELL,"Jul 30, 2026",Real Estate,REIT - Healthcare Facilities,DOWNTREND,MOVING DOWN,,No active BUY transition
CTRI,UNCHANGED,UNCHANGED,,,,Utilities,Utilities - Regulated Gas,,,,Previously inactive symbol is absent
CTRN,DETERIORATING,⚠️ DETERIORATING,BUY,BUY,"Aug 13, 2026",Discretionary,Apparel Retail,UPTREND,MOVING DOWN,,Existing BUY momentum is weakening
CTS,LEADER,🚀 LEADER,BUY,BUY,"Jul 31, 2026",Technology,Electronic Components,UPTREND,MOVING UP,,Sustained BUY with confirmed trend and momentum
CTSH,LEADER,🚀 LEADER,BUY,BUY,"Jul 28, 2026",Technology,Information Technology Services,UPTREND,MOVING UP,,Sustained BUY with confirmed trend and momentum
CTVA,UNCHANGED,UNCHANGED,SELL,SELL,"Aug 03, 2026",Materials,Agricultural Inputs,DOWNTREND,MOVING UP,,No active BUY transition
CUB,UNCHANGED,UNCHANGED,,,,Financials,Shell Companies,,,,Previously inactive symbol is absent
CUBE,UNCHANGED,UNCHANGED,SELL,SELL,"Aug 07, 2026",Real Estate,REIT - Industrial,UPTREND,MOVING DOWN,,No active BUY transition
CUBI,LEADER,🚀 LEADER,BUY,BUY,"Aug 04, 2026",Financials,Banks - Regional,UPTREND,MOVING UP,,Sustained BUY with confirmed trend and momentum
CUE,EMERGING,🔥 EMERGING,BUY,SELL,"Aug 17, 2026",Health Care,Biotechnology,UPTREND,MOVING UP,,New BUY with rising trend and accelerating momentum
CURB,UNCHANGED,UNCHANGED,,,,Real Estate,REIT - Retail,NEUTRAL,,,No active BUY transition
CUZ,UNCHANGED,UNCHANGED,SELL,SELL,"Jul 24, 2026",Real Estate,REIT - Office,DOWNTREND,MOVING DOWN,,No active BUY transition
CVBF,UNCHANGED,UNCHANGED,,SELL,"Jul 14, 2026",Financials,Banks - Regional,,,,Previously inactive symbol is absent
CVCO,LEADER,🚀 LEADER,BUY,BUY,"Aug 10, 2026",Discretionary,Residential Construction,UPTREND,MOVING UP,,Sustained BUY with confirmed trend and momentum
CVE,LEADER,🚀 LEADER,BUY,BUY,"Aug 14, 2026",Energy,Oil & Gas Integrated,UPTREND,MOVING UP,,Sustained BUY with confirmed trend and momentum
CVEO,UNCHANGED,UNCHANGED,SELL,SELL,"Jul 31, 2026",Discretionary,Lodging,NEUTRAL,MOVING UP,,No active BUY transition
CVI,UNCHANGED,UNCHANGED,SELL,SELL,"Aug 06, 2026",Energy,Oil & Gas Refining & Marketing,UPTREND,MOVING DOWN,,No active BUY transition
CVLG,UNCHANGED,UNCHANGED,SELL,SELL,"Jul 29, 2026",Industrials,Trucking,DOWNTREND,MOVING DOWN,,No active BUY transition
CVLT,LEADER,🚀 LEADER,BUY,BUY,"Aug 13, 2026",Technology,Software - Application,UPTREND,MOVING UP,,Sustained BUY with confirmed trend and momentum
CVNA,LEADER,🚀 LEADER,BUY,BUY,"Aug 06, 2026",Discretionary,Auto & Truck Dealerships,UPTREND,MOVING UP,,Sustained BUY with confirmed trend and momentum
CVR,UNCHANGED,UNCHANGED,,,,Industrials,Tools & Accessories,,,,Previously inactive symbol is absent
CVS,UNCHANGED,UNCHANGED,SELL,SELL,"Jul 08, 2026",Health Care,Healthcare Plans,DOWNTREND,MOVING DOWN,,No active BUY transition
CVSA,LEADER,🚀 LEADER,BUY,BUY,"Aug 04, 2026",Staples,Education & Training Services,UPTREND,MOVING UP,,Sustained BUY with confirmed trend and momentum
CVX,LEADER,🚀 LEADER,BUY,BUY,"Jul 16, 2026",Energy,Oil & Gas Integrated,UPTREND,MOVING UP,,Sustained BUY with confirmed trend and momentum
CW,UNCHANGED,UNCHANGED,SELL,SELL,"Jul 01, 2026",Industrials,Aerospace & Defense,DOWNTREND,MOVING DOWN,,No active BUY transition
CWBC,UNCHANGED,UNCHANGED,SELL,SELL,"Jul 21, 2026",Financials,Banks - Regional,NEUTRAL,MOVING DOWN,,No active BUY transition
CWEN,ACTIVE_BUY,ACTIVE BUY,BUY,BUY,"Aug 14, 2026",Utilities,Utilities - Renewable,NEUTRAL,MOVING UP,,BUY remains active without a higher-priority setup
CWK,REMOVED,❌ REMOVED,,BUY,"Jul 31, 2026",Real Estate,Real Estate Services,,,,Prior BUY is missing or no longer rated BUY
CWST,UNCHANGED,UNCHANGED,SELL,SELL,"Jul 21, 2026",Industrials,Waste Management,DOWNTREND,MOVING UP,,No active BUY transition
CWT,UNCHANGED,UNCHANGED,SELL,SELL,"Aug 04, 2026",Utilities,Utilities - Regulated Water,UPTREND,MOVING DOWN,,No active BUY transition
CX,UNCHANGED,UNCHANGED,,SELL,"Jul 27, 2026",Materials,Building Materials,,,,Previously inactive symbol is absent
CXT,UNCHANGED,UNCHANGED,SELL,SELL,"Aug 12, 2026",Industrials,Specialty Industrial Machinery,UPTREND,MOVING DOWN,,No active BUY transition
CXW,UNCHANGED,UNCHANGED,SELL,SELL,"Jul 09, 2026",Industrials,Security & Protection Services,UPTREND,MOVING DOWN,,No active BUY transition
CYRX,UNCHANGED,UNCHANGED,,SELL,"Jul 27, 2026",Industrials,Integrated Freight & Logistics,,,,Previously inactive symbol is absent
CYTK,UNCHANGED,UNCHANGED,SELL,SELL,"Jul 16, 2026",Health Care,Biotechnology,DOWNTREND,MOVING DOWN,,No active BUY transition
CZFS,LEADER,🚀 LEADER,BUY,BUY,"Jul 30, 2026",Financials,Banks - Regional,UPTREND,MOVING UP,,Sustained BUY with confirmed trend and momentum
CZR,UNCHANGED,UNCHANGED,SELL,SELL,"Aug 13, 2026",Discretionary,Resorts & Casinos,NEUTRAL,MOVING DOWN,,No active BUY transition
CZWI,UNCHANGED,UNCHANGED,,SELL,"Jul 20, 2026",Financials,Banks - Regional,,,,Previously inactive symbol is absent
D,UNCHANGED,UNCHANGED,SELL,SELL,"Jul 28, 2026",Utilities,Utilities - Regulated Electric,NEUTRAL,MOVING DOWN,,No active BUY transition
DAC,UNCHANGED,UNCHANGED,SELL,SELL,"Aug 13, 2026",Industrials,Marine Shipping,UPTREND,MOVING DOWN,,No active BUY transition
DAKT,REMOVED,❌ REMOVED,,BUY,"Aug 04, 2026",Technology,Electronic Components,,,,Prior BUY is missing or no longer rated BUY
DAL,LEADER,🚀 LEADER,BUY,BUY,"Aug 04, 2026",Industrials,Airlines,UPTREND,MOVING UP,,Sustained BUY with confirmed trend and momentum
DAN,LEADER,🚀 LEADER,BUY,BUY,"Aug 10, 2026",Discretionary,Auto Parts,UPTREND,MOVING UP,,Sustained BUY with confirmed trend and momentum
DAR,LEADER,🚀 LEADER,BUY,BUY,"Aug 14, 2026",Staples,Packaged Foods,UPTREND,MOVING UP,,Sustained BUY with confirmed trend and momentum
DASH,UNCHANGED,UNCHANGED,SELL,SELL,"Aug 13, 2026",Discretionary,Internet Retail,UPTREND,MOVING DOWN,,No active BUY transition
DAVE,UNCHANGED,UNCHANGED,,,,Technology,Software - Application,DOWNTREND,,,No active BUY transition
DB,LEADER,🚀 LEADER,BUY,BUY,"Aug 05, 2026",Financials,Banks - Regional,UPTREND,MOVING UP,,Sustained BUY with confirmed trend and momentum
DBD,UNCHANGED,UNCHANGED,,,,Technology,Software - Application,DOWNTREND,,,No active BUY transition
DBGI,UNCHANGED,UNCHANGED,,,,Discretionary,Apparel Retail,,,,Previously inactive symbol is absent
DBL,REMOVED,❌ REMOVED,,BUY,"Aug 12, 2026",Financials,Closed-End Fund - Debt,,,,Prior BUY is missing or no longer rated BUY
DBRG,REMOVED,❌ REMOVED,,BUY,"Jul 24, 2026",Financials,Asset Management,,,,Prior BUY is missing or no longer rated BUY
DBX,REMOVED,❌ REMOVED,SELL,BUY,"Aug 17, 2026",Technology,Software - Infrastructure,UPTREND,MOVING DOWN,,Prior BUY is missing or no longer rated BUY
DCBO,REMOVED,❌ REMOVED,,BUY,"Aug 12, 2026",Technology,Software - Application,,,,Prior BUY is missing or no longer rated BUY
DCI,REMOVED,❌ REMOVED,SELL,BUY,"Aug 17, 2026",Industrials,Specialty Industrial Machinery,UPTREND,MOVING DOWN,,Prior BUY is missing or no longer rated BUY
DCO,LEADER,🚀 LEADER,BUY,BUY,"Aug 05, 2026",Industrials,Aerospace & Defense,UPTREND,MOVING UP,,Sustained BUY with confirmed trend and momentum
DCOM,UNCHANGED,UNCHANGED,SELL,SELL,"Jul 08, 2026",Financials,Banks - Regional,UPTREND,MOVING DOWN,,No active BUY transition
DCTH,REMOVED,❌ REMOVED,,BUY,"Aug 07, 2026",Health Care,Medical Devices,,,,Prior BUY is missing or no longer rated BUY
DD,LEADER,🚀 LEADER,BUY,BUY,"Jul 29, 2026",Materials,Specialty Chemicals,UPTREND,MOVING UP,,Sustained BUY with confirmed trend and momentum
DDOG,UNCHANGED,UNCHANGED,SELL,SELL,"Aug 10, 2026",Technology,Software - Application,NEUTRAL,MOVING UP,,No active BUY transition
DDS,DETERIORATING,⚠️ DETERIORATING,BUY,BUY,"Jul 23, 2026",Discretionary,Department Stores,NEUTRAL,MOVING DOWN,,Existing BUY momentum is weakening
DE,UNCHANGED,UNCHANGED,SELL,SELL,"Aug 11, 2026",Industrials,Farm & Heavy Construction Machinery,UPTREND,MOVING DOWN,,No active BUY transition
DEA,UNCHANGED,UNCHANGED,,SELL,"Jul 15, 2026",Real Estate,REIT - Office,,,,Previously inactive symbol is absent
DEC,UNCHANGED,UNCHANGED,,,,Energy,Oil & Gas Integrated,,,,Previously inactive symbol is absent
DECK,UNCHANGED,UNCHANGED,SELL,SELL,"Jul 22, 2026",Discretionary,Footwear & Accessories,DOWNTREND,MOVING DOWN,,No active BUY transition
DEI,UNCHANGED,UNCHANGED,,SELL,"Jul 29, 2026",Real Estate,REIT - Office,,,,Previously inactive symbol is absent
DELL,LEADER,🚀 LEADER,BUY,BUY,"Aug 05, 2026",Technology,Computer Hardware,UPTREND,MOVING UP,,Sustained BUY with confirmed trend and momentum
DEO,LEADER,🚀 LEADER,BUY,BUY,"Jul 13, 2026",Staples,Beverages - Wineries & Distilleries,UPTREND,MOVING UP,,Sustained BUY with confirmed trend and momentum
DFH,UNCHANGED,UNCHANGED,,SELL,"Jul 21, 2026",Discretionary,Residential Construction,,,,Previously inactive symbol is absent
DFIN,UNCHANGED,UNCHANGED,SELL,SELL,"Jul 24, 2026",Technology,Software - Application,UPTREND,MOVING UP,,No active BUY transition
DFNS,UNCHANGED,UNCHANGED,,,,Industrials,Aerospace & Defense,NEUTRAL,,,No active BUY transition
DFP,UNCHANGED,UNCHANGED,,SELL,"Jul 27, 2026",Financials,Closed-End Fund - Debt,,,,Previously inactive symbol is absent
DFTX,UNCHANGED,UNCHANGED,,,,Health Care,Biotechnology,UPTREND,,,No active BUY transition
DG,UNCHANGED,UNCHANGED,SELL,SELL,"Aug 12, 2026",Staples,Discount Stores,UPTREND,MOVING DOWN,,No active BUY transition
DGICA,UNCHANGED,UNCHANGED,,SELL,"Aug 12, 2026",Financials,Insurance - Property & Casualty,,,,Previously inactive symbol is absent
DGII,LEADER,🚀 LEADER,BUY,BUY,"Aug 04, 2026",Technology,Communication Equipment,UPTREND,MOVING UP,,Sustained BUY with confirmed trend and momentum
DGX,DETERIORATING,⚠️ DETERIORATING,BUY,BUY,"Jul 27, 2026",Health Care,Diagnostics & Research,UPTREND,MOVING DOWN,,Existing BUY momentum is weakening
DHI,UNCHANGED,UNCHANGED,SELL,SELL,"Jul 08, 2026",Discretionary,Residential Construction,DOWNTREND,MOVING UP,,No active BUY transition
DHR,LEADER,🚀 LEADER,BUY,BUY,"Aug 11, 2026",Health Care,Diagnostics & Research,UPTREND,MOVING UP,,Sustained BUY with confirmed trend and momentum
DHT,UNCHANGED,UNCHANGED,,SELL,"Aug 06, 2026",Energy,Oil & Gas Midstream,,,,Previously inactive symbol is absent
DIN,UNCHANGED,UNCHANGED,SELL,SELL,"Jul 15, 2026",Discretionary,Restaurants,UPTREND,MOVING DOWN,,No active BUY transition
DINO,UNCHANGED,UNCHANGED,SELL,SELL,"Aug 07, 2026",Energy,Oil & Gas Refining & Marketing,UPTREND,MOVING DOWN,,No active BUY transition
DIOD,LEADER,🚀 LEADER,BUY,BUY,"Aug 11, 2026",Technology,Semiconductors,UPTREND,MOVING UP,,Sustained BUY with confirmed trend and momentum
DIS,LEADER,🚀 LEADER,BUY,BUY,"Aug 06, 2026",Communication,Entertainment,UPTREND,MOVING UP,,Sustained BUY with confirmed trend and momentum
DIT,UNCHANGED,UNCHANGED,,,,Staples,Food Distribution,NEUTRAL,,,No active BUY transition
DJCO,UNCHANGED,UNCHANGED,SELL,SELL,"Jul 28, 2026",Technology,Software - Application,UPTREND,MOVING DOWN,,No active BUY transition
DK,UNCHANGED,UNCHANGED,SELL,SELL,"Jul 29, 2026",Energy,Oil & Gas Refining & Marketing,UPTREND,MOVING DOWN,,No active BUY transition
DKL,UNCHANGED,UNCHANGED,SELL,SELL,"Aug 07, 2026",Energy,Oil & Gas Refining & Marketing,NEUTRAL,MOVING DOWN,,No active BUY transition
DKNG,LEADER,🚀 LEADER,BUY,BUY,"Aug 14, 2026",Discretionary,Gambling,UPTREND,MOVING UP,,Sustained BUY with confirmed trend and momentum
DKS,UNCHANGED,UNCHANGED,SELL,SELL,"Jul 08, 2026",Discretionary,Specialty Retail,DOWNTREND,MOVING UP,,No active BUY transition
DLB,LEADER,🚀 LEADER,BUY,BUY,"Jul 30, 2026",Industrials,Specialty Business Services,UPTREND,MOVING UP,,Sustained BUY with confirmed trend and momentum
DLO,UNCHANGED,UNCHANGED,,,,Technology,Software - Infrastructure,,,,Previously inactive symbol is absent
DLR,LEADER,🚀 LEADER,BUY,BUY,"Jul 27, 2026",Real Estate,REIT - Specialty,UPTREND,MOVING UP,,Sustained BUY with confirmed trend and momentum
DLTR,UNCHANGED,UNCHANGED,SELL,SELL,"Jul 10, 2026",Staples,Discount Stores,UPTREND,MOVING DOWN,,No active BUY transition
DLX,UNCHANGED,UNCHANGED,,SELL,"Aug 11, 2026",Industrials,Conglomerates,,,,Previously inactive symbol is absent
DLY,REMOVED,❌ REMOVED,,BUY,"Aug 05, 2026",Financials,Closed-End Fund - Debt,,,,Prior BUY is missing or no longer rated BUY
DMAA,UNCHANGED,UNCHANGED,,,,Financials,Shell Companies,,,,Previously inactive symbol is absent
DMB,UNCHANGED,UNCHANGED,,SELL,"Jul 13, 2026",Financials,Closed-End Fund - Debt,,,,Previously inactive symbol is absent
DMLP,UNCHANGED,UNCHANGED,SELL,SELL,"Aug 04, 2026",Energy,Oil & Gas E&P,UPTREND,MOVING UP,,No active BUY transition
DNLI,UNCHANGED,UNCHANGED,,SELL,"Jul 06, 2026",Health Care,Biotechnology,,,,Previously inactive symbol is absent
DNOW,REMOVED,❌ REMOVED,,BUY,"Aug 07, 2026",Industrials,Industrial Distribution,,,,Prior BUY is missing or no longer rated BUY
DNP,UNCHANGED,UNCHANGED,,SELL,"Jul 28, 2026",Financials,Closed-End Fund - Equity,,,,Previously inactive symbol is absent
DNTH,UNCHANGED,UNCHANGED,,,,Health Care,Biotechnology,UPTREND,,,No active BUY transition
DOC,UNCHANGED,UNCHANGED,,SELL,"Jul 28, 2026",Real Estate,REIT - Healthcare Facilities,,,,Previously inactive symbol is absent
DOCS,REMOVED,❌ REMOVED,,BUY,"Aug 10, 2026",Health Care,Health Information Services,,,,Prior BUY is missing or no longer rated BUY
DOCU,LEADER,🚀 LEADER,BUY,BUY,"Aug 10, 2026",Technology,Software - Application,UPTREND,MOVING UP,,Sustained BUY with confirmed trend and momentum
DOLE,UNCHANGED,UNCHANGED,,SELL,"Aug 06, 2026",Staples,Farm Products,,,,Previously inactive symbol is absent
DOO,UNCHANGED,UNCHANGED,SELL,SELL,"Aug 13, 2026",Discretionary,Recreational Vehicles,UPTREND,MOVING DOWN,,No active BUY transition
DORM,UNCHANGED,UNCHANGED,SELL,SELL,"Jul 23, 2026",Discretionary,Auto Parts,NEUTRAL,MOVING DOWN,,No active BUY transition
DOV,UNCHANGED,UNCHANGED,SELL,SELL,"Jul 06, 2026",Industrials,Specialty Industrial Machinery,DOWNTREND,MOVING UP,,No active BUY transition
DOW,ACTIVE_BUY,ACTIVE BUY,BUY,BUY,"Aug 12, 2026",Materials,Chemicals,NEUTRAL,MOVING UP,,BUY remains active without a higher-priority setup
DOX,LEADER,🚀 LEADER,BUY,BUY,"Jul 30, 2026",Technology,Software - Infrastructure,UPTREND,MOVING UP,,Sustained BUY with confirmed trend and momentum
DPG,UNCHANGED,UNCHANGED,,SELL,"Jul 29, 2026",Financials,Closed-End Fund - Equity,,,,Previously inactive symbol is absent
DPZ,UNCHANGED,UNCHANGED,SELL,SELL,"Aug 13, 2026",Discretionary,Restaurants,UPTREND,MOVING DOWN,,No active BUY transition
DQ,REMOVED,❌ REMOVED,,BUY,"Aug 05, 2026",Technology,Solar,,,,Prior BUY is missing or no longer rated BUY
DRDB,UNCHANGED,UNCHANGED,,,,Financials,Shell Companies,,,,Previously inactive symbol is absent
DRH,UNCHANGED,UNCHANGED,,SELL,"Aug 10, 2026",Real Estate,REIT - Hotel & Motel,,,,Previously inactive symbol is absent
DRI,LEADER,🚀 LEADER,BUY,BUY,"Jul 30, 2026",Discretionary,Restaurants,UPTREND,MOVING UP,,Sustained BUY with confirmed trend and momentum
DRS,UNCHANGED,UNCHANGED,,,,Industrials,Aerospace & Defense,NEUTRAL,,,No active BUY transition
DRUG,UNCHANGED,UNCHANGED,,,,Health Care,Biotechnology,UPTREND,,,No active BUY transition
DRVN,UNCHANGED,UNCHANGED,,SELL,"Aug 07, 2026",Discretionary,Auto & Truck Dealerships,,,,Previously inactive symbol is absent
DSGN,UNCHANGED,UNCHANGED,,,,Health Care,Biotechnology,,,,Previously inactive symbol is absent
DSGR,REMOVED,❌ REMOVED,SELL,BUY,"Aug 17, 2026",Industrials,Industrial Distribution,UPTREND,MOVING DOWN,,Prior BUY is missing or no longer rated BUY
DSGX,LEADER,🚀 LEADER,BUY,BUY,"Jul 30, 2026",Technology,Software - Application,UPTREND,MOVING UP,,Sustained BUY with confirmed trend and momentum
DSL,UNCHANGED,UNCHANGED,,SELL,"Jul 16, 2026",Financials,Closed-End Fund - Debt,,,,Previously inactive symbol is absent
DSP,REMOVED,❌ REMOVED,,BUY,"Aug 06, 2026",Technology,Software - Application,,,,Prior BUY is missing or no longer rated BUY
DT,UNCHANGED,UNCHANGED,SELL,SELL,"Aug 14, 2026",Technology,Software - Application,UPTREND,MOVING DOWN,,No active BUY transition
DTE,UNCHANGED,UNCHANGED,SELL,SELL,"Jul 13, 2026",Utilities,Utilities - Regulated Electric,DOWNTREND,MOVING DOWN,,No active BUY transition
DTF,REMOVED,❌ REMOVED,,BUY,"Aug 10, 2026",Financials,Closed-End Fund - Debt,,,,Prior BUY is missing or no longer rated BUY
DTM,UNCHANGED,UNCHANGED,SELL,SELL,"Jul 21, 2026",Energy,Oil & Gas Midstream,DOWNTREND,MOVING UP,,No active BUY transition
DTSQ,UNCHANGED,UNCHANGED,,,,Financials,Shell Companies,,,,Previously inactive symbol is absent
DUK,UNCHANGED,UNCHANGED,SELL,SELL,"Aug 04, 2026",Utilities,Utilities - Regulated Electric,DOWNTREND,MOVING DOWN,,No active BUY transition
DUOL,LEADER,🚀 LEADER,BUY,BUY,"Jul 29, 2026",Technology,Software - Application,UPTREND,MOVING UP,,Sustained BUY with confirmed trend and momentum
DV,REMOVED,❌ REMOVED,,BUY,"Aug 03, 2026",Communication,Advertising Agencies,,,,Prior BUY is missing or no longer rated BUY
DVA,UNCHANGED,UNCHANGED,SELL,SELL,"Jul 17, 2026",Health Care,Medical Care Facilities,DOWNTREND,MOVING DOWN,,No active BUY transition
DVN,LEADER,🚀 LEADER,BUY,BUY,"Aug 11, 2026",Energy,Oil & Gas E&P,UPTREND,MOVING UP,,Sustained BUY with confirmed trend and momentum
DX,UNCHANGED,UNCHANGED,,,,Real Estate,REIT - Mortgage,,,,Previously inactive symbol is absent
DXC,UNCHANGED,UNCHANGED,,SELL,"Aug 13, 2026",Technology,Information Technology Services,,,,Previously inactive symbol is absent
DXCM,LEADER,🚀 LEADER,BUY,BUY,"Jul 30, 2026",Health Care,Medical Devices,UPTREND,MOVING UP,,Sustained BUY with confirmed trend and momentum
DXPE,LEADER,🚀 LEADER,BUY,BUY,"Aug 10, 2026",Industrials,Industrial Distribution,UPTREND,MOVING UP,,Sustained BUY with confirmed trend and momentum
DXR,UNCHANGED,UNCHANGED,,SELL,"Jul 28, 2026",Health Care,Medical Instruments & Supplies,,,,Previously inactive symbol is absent
DXYZ,UNCHANGED,UNCHANGED,,,,Financials,Asset Management,UPTREND,,,No active BUY transition
DY,UNCHANGED,UNCHANGED,SELL,SELL,"Jul 06, 2026",Industrials,Engineering & Construction,DOWNTREND,MOVING UP,,No active BUY transition
DYN,UNCHANGED,UNCHANGED,SELL,SELL,"Aug 06, 2026",Health Care,Biotechnology,UPTREND,MOVING DOWN,,No active BUY transition
E,LEADER,🚀 LEADER,BUY,BUY,"Jul 23, 2026",Energy,Oil & Gas Integrated,UPTREND,MOVING UP,,Sustained BUY with confirmed trend and momentum
EBAY,UNCHANGED,UNCHANGED,SELL,SELL,"Jul 23, 2026",Discretionary,Internet Retail,DOWNTREND,MOVING DOWN,,No active BUY transition
EBC,UNCHANGED,UNCHANGED,,SELL,"Aug 03, 2026",Financials,Banks - Regional,,,,Previously inactive symbol is absent
EBF,UNCHANGED,UNCHANGED,,,,Industrials,Business Equipment & Supplies,,,,Previously inactive symbol is absent
EBMT,UNCHANGED,UNCHANGED,,,,Financials,Banks - Regional,,,,Previously inactive symbol is absent
EC,REMOVED,❌ REMOVED,,BUY,"Jul 31, 2026",Energy,Oil & Gas Integrated,,,,Prior BUY is missing or no longer rated BUY
ECAT,UNCHANGED,UNCHANGED,,,,Financials,Closed-End Fund - Equity,,,,Previously inactive symbol is absent
ECBK,UNCHANGED,UNCHANGED,,,,Financials,Banks - Regional,,,,Previously inactive symbol is absent
ECF,UNCHANGED,UNCHANGED,,,,Financials,Closed-End Fund - Equity,,,,Previously inactive symbol is absent
ECG,UNCHANGED,UNCHANGED,,,,Industrials,Engineering & Construction,UPTREND,,,No active BUY transition
ECL,DETERIORATING,⚠️ DETERIORATING,BUY,BUY,"Jul 30, 2026",Materials,Specialty Chemicals,UPTREND,MOVING DOWN,,Existing BUY momentum is weakening
ECPG,EMERGING,🔥 EMERGING,BUY,SELL,"Aug 17, 2026",Financials,Credit Services,UPTREND,MOVING UP,,New BUY with rising trend and accelerating momentum
ECVT,UNCHANGED,UNCHANGED,,SELL,"Jul 27, 2026",Materials,Specialty Chemicals,,,,Previously inactive symbol is absent
ED,UNCHANGED,UNCHANGED,SELL,SELL,"Jul 31, 2026",Utilities,Utilities - Regulated Electric,DOWNTREND,MOVING DOWN,,No active BUY transition
EDN,UNCHANGED,UNCHANGED,,SELL,"Aug 07, 2026",Utilities,Utilities - Regulated Electric,,,,Previously inactive symbol is absent
EDU,UNCHANGED,UNCHANGED,SELL,SELL,"Aug 14, 2026",Staples,Education & Training Services,UPTREND,MOVING DOWN,,No active BUY transition
EE,UNCHANGED,UNCHANGED,,,,Energy,Oil & Gas Midstream,DOWNTREND,,,No active BUY transition
EEA,REMOVED,❌ REMOVED,,BUY,"Aug 05, 2026",Financials,Closed-End Fund - Foreign,,,,Prior BUY is missing or no longer rated BUY
EEFT,UNCHANGED,UNCHANGED,SELL,SELL,"Jul 29, 2026",Technology,Software - Infrastructure,DOWNTREND,MOVING DOWN,,No active BUY transition
EFC,REMOVED,❌ REMOVED,,BUY,"Aug 13, 2026",Real Estate,REIT - Mortgage,,,,Prior BUY is missing or no longer rated BUY
EFOR,LEADER,🚀 LEADER,BUY,BUY,"Jul 24, 2026",Technology,Information Technology Services,UPTREND,MOVING UP,,Sustained BUY with confirmed trend and momentum
EFR,UNCHANGED,UNCHANGED,,,,Financials,Closed-End Fund - Debt,,,,Previously inactive symbol is absent
EFSC,UNCHANGED,UNCHANGED,SELL,SELL,"Jul 10, 2026",Financials,Banks - Regional,UPTREND,MOVING DOWN,,No active BUY transition
EFT,REMOVED,❌ REMOVED,,BUY,"Aug 07, 2026",Financials,Closed-End Fund - Debt,,,,Prior BUY is missing or no longer rated BUY
EFX,LEADER,🚀 LEADER,BUY,BUY,"Jul 07, 2026",Industrials,Consulting Services,UPTREND,MOVING UP,,Sustained BUY with confirmed trend and momentum
EG,UNCHANGED,UNCHANGED,SELL,SELL,"Aug 03, 2026",Financials,Insurance - Reinsurance,NEUTRAL,MOVING DOWN,,No active BUY transition
EGBN,LEADER,🚀 LEADER,BUY,BUY,"Jul 27, 2026",Financials,Banks - Regional,UPTREND,MOVING UP,,Sustained BUY with confirmed trend and momentum
EGHA,UNCHANGED,UNCHANGED,,,,Financials,Shell Companies,,,,Previously inactive symbol is absent
EGO,LEADER,🚀 LEADER,BUY,BUY,"Jul 28, 2026",Materials,Gold,UPTREND,MOVING UP,,Sustained BUY with confirmed trend and momentum
EGP,UNCHANGED,UNCHANGED,SELL,SELL,"Jul 28, 2026",Real Estate,REIT - Industrial,DOWNTREND,MOVING DOWN,,No active BUY transition
EHC,LEADER,🚀 LEADER,BUY,BUY,"Aug 07, 2026",Health Care,Medical Care Facilities,UPTREND,MOVING UP,,Sustained BUY with confirmed trend and momentum
EIC,UNCHANGED,UNCHANGED,,SELL,"Jul 14, 2026",Financials,Closed-End Fund - Debt,,,,Previously inactive symbol is absent
EIG,UNCHANGED,UNCHANGED,SELL,SELL,"Jul 13, 2026",Financials,Insurance - Specialty,NEUTRAL,MOVING DOWN,,No active BUY transition
EIX,UNCHANGED,UNCHANGED,SELL,SELL,"Aug 04, 2026",Utilities,Utilities - Regulated Electric,DOWNTREND,MOVING DOWN,,No active BUY transition
EL,DETERIORATING,⚠️ DETERIORATING,BUY,BUY,"Aug 04, 2026",Staples,Household & Personal Products,UPTREND,MOVING DOWN,,Existing BUY momentum is weakening
ELA,UNCHANGED,UNCHANGED,,,,Discretionary,Luxury Goods,,,,Previously inactive symbol is absent
ELAN,UNCHANGED,UNCHANGED,,SELL,"Jul 22, 2026",Health Care,Drug Manufacturers - Specialty & Generic,,,,Previously inactive symbol is absent
ELF,LEADER,🚀 LEADER,BUY,BUY,"Jul 29, 2026",Staples,Household & Personal Products,UPTREND,MOVING UP,,Sustained BUY with confirmed trend and momentum
ELMD,UNCHANGED,UNCHANGED,,,,Health Care,Medical Devices,UPTREND,,,No active BUY transition
ELS,UNCHANGED,UNCHANGED,SELL,SELL,"Aug 06, 2026",Real Estate,REIT - Residential,NEUTRAL,MOVING DOWN,,No active BUY transition
ELV,LEADER,🚀 LEADER,BUY,BUY,"Aug 13, 2026",Health Care,Healthcare Plans,UPTREND,MOVING UP,,Sustained BUY with confirmed trend and momentum
ELVN,UNCHANGED,UNCHANGED,SELL,SELL,"Aug 14, 2026",Health Care,Biotechnology,UPTREND,MOVING DOWN,,No active BUY transition
EMBJ,LEADER,🚀 LEADER,BUY,BUY,"Aug 04, 2026",Industrials,Aerospace & Defense,UPTREND,MOVING UP,,Sustained BUY with confirmed trend and momentum
EMD,UNCHANGED,UNCHANGED,,SELL,"Jul 13, 2026",Financials,Closed-End Fund - Debt,,,,Previously inactive symbol is absent
EME,LEADER,🚀 LEADER,BUY,BUY,"Aug 05, 2026",Industrials,Engineering & Construction,UPTREND,MOVING UP,,Sustained BUY with confirmed trend and momentum
EMF,REMOVED,❌ REMOVED,,BUY,"Aug 13, 2026",Financials,Closed-End Fund - Foreign,,,,Prior BUY is missing or no longer rated BUY
EML,LEADER,🚀 LEADER,BUY,BUY,"Aug 14, 2026",Industrials,Tools & Accessories,UPTREND,MOVING UP,,Sustained BUY with confirmed trend and momentum
EMN,LEADER,🚀 LEADER,BUY,BUY,"Aug 04, 2026",Materials,Specialty Chemicals,UPTREND,MOVING UP,,Sustained BUY with confirmed trend and momentum
EMO,LEADER,🚀 LEADER,BUY,BUY,"Aug 14, 2026",Financials,Closed-End Fund - Equity,UPTREND,MOVING UP,,Sustained BUY with confirmed trend and momentum
EMR,LEADER,🚀 LEADER,BUY,BUY,"Jul 27, 2026",Industrials,Specialty Industrial Machinery,UPTREND,MOVING UP,,Sustained BUY with confirmed trend and momentum
ENB,UNCHANGED,UNCHANGED,SELL,SELL,"Jul 31, 2026",Energy,Oil & Gas Midstream,DOWNTREND,MOVING DOWN,,No active BUY transition
ENOV,UNCHANGED,UNCHANGED,SELL,SELL,"Aug 06, 2026",Health Care,Medical Devices,NEUTRAL,MOVING DOWN,,No active BUY transition
ENSG,UNCHANGED,UNCHANGED,SELL,SELL,"Aug 13, 2026",Health Care,Medical Care Facilities,UPTREND,MOVING DOWN,,No active BUY transition
ENTA,REMOVED,❌ REMOVED,,BUY,"Aug 11, 2026",Health Care,Biotechnology,,,,Prior BUY is missing or no longer rated BUY
ENTG,LEADER,🚀 LEADER,BUY,BUY,"Aug 10, 2026",Technology,Semiconductor Equipment & Materials,UPTREND,MOVING UP,,Sustained BUY with confirmed trend and momentum
ENVA,LEADER,🚀 LEADER,BUY,BUY,"Aug 03, 2026",Financials,Credit Services,UPTREND,MOVING UP,,Sustained BUY with confirmed trend and momentum
EOG,LEADER,🚀 LEADER,BUY,BUY,"Aug 14, 2026",Energy,Oil & Gas E&P,UPTREND,MOVING UP,,Sustained BUY with confirmed trend and momentum
EOI,REMOVED,❌ REMOVED,,BUY,"Aug 10, 2026",Financials,Closed-End Fund - Equity,,,,Prior BUY is missing or no longer rated BUY
EOS,UNCHANGED,UNCHANGED,,,,Financials,Closed-End Fund - Equity,,,,Previously inactive symbol is absent
EOT,REMOVED,❌ REMOVED,,BUY,"Aug 06, 2026",Financials,Closed-End Fund - Debt,,,,Prior BUY is missing or no longer rated BUY
EPAC,LEADER,🚀 LEADER,BUY,BUY,"Jul 29, 2026",Industrials,Specialty Industrial Machinery,UPTREND,MOVING UP,,Sustained BUY with confirmed trend and momentum
EPAM,UNCHANGED,UNCHANGED,SELL,SELL,"Aug 12, 2026",Technology,Information Technology Services,UPTREND,MOVING DOWN,,No active BUY transition
EPC,UNCHANGED,UNCHANGED,SELL,SELL,"Jul 27, 2026",Staples,Household & Personal Products,UPTREND,MOVING DOWN,,No active BUY transition
EPD,UNCHANGED,UNCHANGED,SELL,SELL,"Aug 06, 2026",Energy,Oil & Gas Midstream,UPTREND,MOVING UP,,No active BUY transition
EPR,UNCHANGED,UNCHANGED,SELL,SELL,"Aug 05, 2026",Real Estate,REIT - Specialty,NEUTRAL,MOVING DOWN,,No active BUY transition
EPRT,UNCHANGED,UNCHANGED,SELL,SELL,"Jul 27, 2026",Real Estate,REIT - Retail,DOWNTREND,MOVING UP,,No active BUY transition
EQBK,UNCHANGED,UNCHANGED,SELL,SELL,"Aug 11, 2026",Financials,Banks - Regional,UPTREND,MOVING UP,,No active BUY transition
EQH,LEADER,🚀 LEADER,BUY,BUY,"Aug 07, 2026",Financials,Asset Management,UPTREND,MOVING UP,,Sustained BUY with confirmed trend and momentum
EQIX,LEADER,🚀 LEADER,BUY,BUY,"Aug 06, 2026",Real Estate,REIT - Specialty,UPTREND,MOVING UP,,Sustained BUY with confirmed trend and momentum
EQNR,LEADER,🚀 LEADER,BUY,BUY,"Aug 13, 2026",Energy,Oil & Gas Integrated,UPTREND,MOVING UP,,Sustained BUY with confirmed trend and momentum
EQR,UNCHANGED,UNCHANGED,SELL,SELL,"Jul 21, 2026",Real Estate,REIT - Residential,DOWNTREND,MOVING DOWN,,No active BUY transition
EQT,LEADER,🚀 LEADER,BUY,BUY,"Jul 27, 2026",Energy,Oil & Gas E&P,UPTREND,MOVING UP,,Sustained BUY with confirmed trend and momentum
EQX,REMOVED,❌ REMOVED,,BUY,"Aug 07, 2026",Materials,Gold,,,,Prior BUY is missing or no longer rated BUY
ERAS,UNCHANGED,UNCHANGED,,,,Health Care,Biotechnology,,,,Previously inactive symbol is absent
ERH,UNCHANGED,UNCHANGED,,,,Financials,Closed-End Fund - Equity,,,,Previously inactive symbol is absent
ERIE,LEADER,🚀 LEADER,BUY,BUY,"Aug 03, 2026",Financials,Insurance Brokers,UPTREND,MOVING UP,,Sustained BUY with confirmed trend and momentum
ERO,LEADER,🚀 LEADER,BUY,BUY,"Aug 03, 2026",Materials,Copper,UPTREND,MOVING UP,,Sustained BUY with confirmed trend and momentum
ES,UNCHANGED,UNCHANGED,SELL,SELL,"Aug 03, 2026",Utilities,Utilities - Regulated Electric,NEUTRAL,MOVING DOWN,,No active BUY transition
ESAB,UNCHANGED,UNCHANGED,SELL,SELL,"Aug 12, 2026",Industrials,Metal Fabrication,DOWNTREND,MOVING DOWN,,No active BUY transition
ESCA,REMOVED,❌ REMOVED,,BUY,"Jul 21, 2026",Discretionary,Leisure,,,,Prior BUY is missing or no longer rated BUY
ESE,UNCHANGED,UNCHANGED,SELL,SELL,"Jul 13, 2026",Technology,Scientific & Technical Instruments,DOWNTREND,MOVING DOWN,,No active BUY transition
ESI,UNCHANGED,UNCHANGED,SELL,SELL,"Jul 07, 2026",Materials,Specialty Chemicals,DOWNTREND,MOVING UP,,No active BUY transition
ESLT,UNCHANGED,UNCHANGED,SELL,SELL,"Aug 14, 2026",Industrials,Aerospace & Defense,NEUTRAL,MOVING DOWN,,No active BUY transition
ESNT,EMERGING,🔥 EMERGING,BUY,SELL,"Aug 17, 2026",Financials,Insurance - Specialty,UPTREND,MOVING UP,,New BUY with rising trend and accelerating momentum
ESP,UNCHANGED,UNCHANGED,,,,Industrials,Electrical Equipment & Parts,UPTREND,,,No active BUY transition
ESQ,REMOVED,❌ REMOVED,SELL,BUY,"Aug 17, 2026",Financials,Banks - Regional,UPTREND,MOVING DOWN,,Prior BUY is missing or no longer rated BUY
ESS,UNCHANGED,UNCHANGED,SELL,SELL,"Jul 17, 2026",Real Estate,REIT - Residential,NEUTRAL,MOVING DOWN,,No active BUY transition
ESTA,UNCHANGED,UNCHANGED,SELL,SELL,"Jul 31, 2026",Health Care,Medical Devices,DOWNTREND,MOVING DOWN,,No active BUY transition
ESTC,LEADER,🚀 LEADER,BUY,BUY,"Aug 04, 2026",Technology,Software - Application,UPTREND,MOVING UP,,Sustained BUY with confirmed trend and momentum
ET,REMOVED,❌ REMOVED,,BUY,"Aug 07, 2026",Energy,Oil & Gas Midstream,,,,Prior BUY is missing or no longer rated BUY
ETB,REMOVED,❌ REMOVED,,BUY,"Aug 06, 2026",Financials,Closed-End Fund - Equity,,,,Prior BUY is missing or no longer rated BUY
ETD,UNCHANGED,UNCHANGED,,SELL,"Aug 13, 2026",Discretionary,Furnishings Fixtures & Appliances,,,,Previously inactive symbol is absent
ETG,REMOVED,❌ REMOVED,,BUY,"Aug 04, 2026",Financials,Closed-End Fund - Equity,,,,Prior BUY is missing or no longer rated BUY
ETN,LEADER,🚀 LEADER,BUY,BUY,"Aug 05, 2026",Industrials,Specialty Industrial Machinery,UPTREND,MOVING UP,,Sustained BUY with confirmed trend and momentum
ETO,LEADER,🚀 LEADER,BUY,BUY,"Aug 04, 2026",Financials,Closed-End Fund - Equity,UPTREND,MOVING UP,,Sustained BUY with confirmed trend and momentum
ETON,UNCHANGED,UNCHANGED,SELL,SELL,"Aug 07, 2026",Health Care,Drug Manufacturers - Specialty & Generic,UPTREND,MOVING UP,,No active BUY transition
ETR,UNCHANGED,UNCHANGED,SELL,SELL,"Jul 10, 2026",Utilities,Utilities - Regulated Electric,DOWNTREND,MOVING DOWN,,No active BUY transition
ETSY,UNCHANGED,UNCHANGED,SELL,SELL,"Jul 22, 2026",Discretionary,Internet Retail,NEUTRAL,MOVING DOWN,,No active BUY transition
ETV,REMOVED,❌ REMOVED,,BUY,"Aug 07, 2026",Financials,Closed-End Fund - Equity,,,,Prior BUY is missing or no longer rated BUY
ETY,REMOVED,❌ REMOVED,,BUY,"Aug 05, 2026",Financials,Closed-End Fund - Equity,,,,Prior BUY is missing or no longer rated BUY
EVAC,UNCHANGED,UNCHANGED,,,,Financials,Shell Companies,,,,Previously inactive symbol is absent
EVCM,UNCHANGED,UNCHANGED,,SELL,"Aug 07, 2026",Technology,Software - Application,,,,Previously inactive symbol is absent
EVER,UNCHANGED,UNCHANGED,,,,Communication,Internet Content & Information,,,,Previously inactive symbol is absent
EVG,REMOVED,❌ REMOVED,,BUY,"Aug 14, 2026",Financials,Closed-End Fund - Debt,,,,Prior BUY is missing or no longer rated BUY
EVI,UNCHANGED,UNCHANGED,,,,Industrials,Industrial Distribution,,,,Previously inactive symbol is absent
EVN,UNCHANGED,UNCHANGED,,SELL,"Jul 13, 2026",Financials,Closed-End Fund - Debt,,,,Previously inactive symbol is absent
EVR,UNCHANGED,UNCHANGED,SELL,SELL,"Jun 29, 2026",Financials,Capital Markets,DOWNTREND,MOVING UP,,No active BUY transition
EVRG,UNCHANGED,UNCHANGED,SELL,SELL,"Jul 30, 2026",Utilities,Utilities - Regulated Electric,DOWNTREND,MOVING UP,,No active BUY transition
EVT,LEADER,🚀 LEADER,BUY,BUY,"Jul 31, 2026",Financials,Closed-End Fund - Equity,UPTREND,MOVING UP,,Sustained BUY with confirmed trend and momentum
EVTC,UNCHANGED,UNCHANGED,SELL,SELL,"Aug 11, 2026",Technology,Software - Infrastructure,UPTREND,MOVING UP,,No active BUY transition
EW,LEADER,🚀 LEADER,BUY,BUY,"Aug 07, 2026",Health Care,Medical Devices,UPTREND,MOVING UP,,Sustained BUY with confirmed trend and momentum
EWBC,UNCHANGED,UNCHANGED,SELL,SELL,"Jun 29, 2026",Financials,Banks - Regional,UPTREND,MOVING UP,,No active BUY transition
EWTX,REMOVED,❌ REMOVED,SELL,BUY,"Aug 17, 2026",Health Care,Biotechnology,UPTREND,MOVING DOWN,,Prior BUY is missing or no longer rated BUY
EXC,UNCHANGED,UNCHANGED,SELL,SELL,"Jul 31, 2026",Utilities,Utilities - Regulated Electric,DOWNTREND,MOVING DOWN,,No active BUY transition
EXE,DETERIORATING,⚠️ DETERIORATING,BUY,BUY,"Aug 12, 2026",Energy,Oil & Gas E&P,UPTREND,MOVING DOWN,,Existing BUY momentum is weakening
EXEL,UNCHANGED,UNCHANGED,SELL,SELL,"Jul 20, 2026",Health Care,Biotechnology,DOWNTREND,MOVING DOWN,,No active BUY transition
EXG,REMOVED,❌ REMOVED,,BUY,"Aug 05, 2026",Financials,Closed-End Fund - Foreign,,,,Prior BUY is missing or no longer rated BUY
EXLS,LEADER,🚀 LEADER,BUY,BUY,"Jul 28, 2026",Technology,Information Technology Services,UPTREND,MOVING UP,,Sustained BUY with confirmed trend and momentum
EXP,UNCHANGED,UNCHANGED,SELL,SELL,"Aug 14, 2026",Materials,Building Materials,DOWNTREND,MOVING DOWN,,No active BUY transition
EXPD,LEADER,🚀 LEADER,BUY,BUY,"Aug 13, 2026",Industrials,Integrated Freight & Logistics,UPTREND,MOVING UP,,Sustained BUY with confirmed trend and momentum
EXPE,LEADER,🚀 LEADER,BUY,BUY,"Jul 31, 2026",Discretionary,Travel Services,UPTREND,MOVING UP,,Sustained BUY with confirmed trend and momentum
EXPO,DETERIORATING,⚠️ DETERIORATING,BUY,BUY,"Jul 31, 2026",Industrials,Engineering & Construction,UPTREND,MOVING DOWN,,Existing BUY momentum is weakening
EXR,UNCHANGED,UNCHANGED,SELL,SELL,"Aug 12, 2026",Real Estate,REIT - Industrial,UPTREND,MOVING UP,,No active BUY transition
EYE,UNCHANGED,UNCHANGED,,SELL,"Aug 12, 2026",Discretionary,Specialty Retail,,,,Previously inactive symbol is absent
EYPT,REMOVED,❌ REMOVED,,BUY,"Aug 13, 2026",Health Care,Biotechnology,,,,Prior BUY is missing or no longer rated BUY
EZPW,UNCHANGED,UNCHANGED,SELL,SELL,"Jul 15, 2026",Financials,Credit Services,DOWNTREND,MOVING DOWN,,No active BUY transition
F,UNCHANGED,UNCHANGED,,SELL,"Aug 06, 2026",Discretionary,Auto Manufacturers,,,,Previously inactive symbol is absent
FA,UNCHANGED,UNCHANGED,,SELL,"Aug 13, 2026",Industrials,Specialty Business Services,,,,Previously inactive symbol is absent
FACT,UNCHANGED,UNCHANGED,,,,Financials,Shell Companies,,,,Previously inactive symbol is absent
FAF,UNCHANGED,UNCHANGED,SELL,SELL,"Aug 10, 2026",Financials,Insurance - Specialty,UPTREND,MOVING DOWN,,No active BUY transition
FANG,UNCHANGED,UNCHANGED,SELL,SELL,"Aug 06, 2026",Energy,Oil & Gas E&P,UPTREND,MOVING UP,,No active BUY transition
FAST,LEADER,🚀 LEADER,BUY,BUY,"Jul 29, 2026",Industrials,Industrial Distribution,UPTREND,MOVING UP,,Sustained BUY with confirmed trend and momentum
FAX,UNCHANGED,UNCHANGED,,,,Financials,Closed-End Fund - Debt,,,,Previously inactive symbol is absent
FBIN,UNCHANGED,UNCHANGED,SELL,SELL,"Jul 16, 2026",Industrials,Building Products & Equipment,DOWNTREND,MOVING DOWN,,No active BUY transition
FBIZ,DETERIORATING,⚠️ DETERIORATING,BUY,BUY,"Jul 21, 2026",Financials,Banks - Regional,UPTREND,MOVING DOWN,,Existing BUY momentum is weakening
FBK,LEADER,🚀 LEADER,BUY,BUY,"Jul 16, 2026",Financials,Banks - Regional,UPTREND,MOVING UP,,Sustained BUY with confirmed trend and momentum
FBLA,UNCHANGED,UNCHANGED,,,,Financials,Banks - Regional,,,,Previously inactive symbol is absent
FBNC,LEADER,🚀 LEADER,BUY,BUY,"Aug 14, 2026",Financials,Banks - Regional,UPTREND,MOVING UP,,Sustained BUY with confirmed trend and momentum
FBP,UNCHANGED,UNCHANGED,SELL,SELL,"Aug 10, 2026",Financials,Banks - Regional,UPTREND,MOVING DOWN,,No active BUY transition
FBRX,UNCHANGED,UNCHANGED,SELL,SELL,"Jul 23, 2026",Health Care,Biotechnology,UPTREND,MOVING DOWN,,No active BUY transition
FBYD,UNCHANGED,UNCHANGED,,,,Industrials,Conglomerates,,,,Previously inactive symbol is absent
FCAP,LEADER,🚀 LEADER,BUY,BUY,"Aug 03, 2026",Financials,Banks - Regional,UPTREND,MOVING UP,,Sustained BUY with confirmed trend and momentum
FCBC,LEADER,🚀 LEADER,BUY,BUY,"Jul 23, 2026",Financials,Banks - Regional,UPTREND,MOVING UP,,Sustained BUY with confirmed trend and momentum
FCCO,UNCHANGED,UNCHANGED,SELL,SELL,"Aug 12, 2026",Financials,Banks - Regional,UPTREND,MOVING DOWN,,No active BUY transition
FCEL,UNCHANGED,UNCHANGED,,SELL,"Jul 13, 2026",Industrials,Electrical Equipment & Parts,,,,Previously inactive symbol is absent
FCF,UNCHANGED,UNCHANGED,,SELL,"Aug 12, 2026",Financials,Banks - Regional,,,,Previously inactive symbol is absent
FCFS,EMERGING,🔥 EMERGING,BUY,,"Aug 17, 2026",Financials,Credit Services,UPTREND,MOVING UP,,New BUY with rising trend and accelerating momentum
FCN,UNCHANGED,UNCHANGED,SELL,SELL,"Jul 24, 2026",Industrials,Consulting Services,DOWNTREND,MOVING DOWN,,No active BUY transition
FCNCA,LEADER,🚀 LEADER,BUY,BUY,"Jul 27, 2026",Financials,Banks - Regional,UPTREND,MOVING UP,,Sustained BUY with confirmed trend and momentum
FCPT,UNCHANGED,UNCHANGED,SELL,SELL,"Jul 31, 2026",Real Estate,REIT - Retail,DOWNTREND,MOVING DOWN,,No active BUY transition
FCX,LEADER,🚀 LEADER,BUY,BUY,"Aug 03, 2026",Materials,Copper,UPTREND,MOVING UP,,Sustained BUY with confirmed trend and momentum
FDBC,LEADER,🚀 LEADER,BUY,BUY,"Aug 05, 2026",Financials,Banks - Regional,UPTREND,MOVING UP,,Sustained BUY with confirmed trend and momentum
FDMT,UNCHANGED,UNCHANGED,,,,Health Care,Biotechnology,,,,Previously inactive symbol is absent
FDS,DETERIORATING,⚠️ DETERIORATING,BUY,BUY,"Jul 06, 2026",Financials,Financial Data & Stock Exchanges,UPTREND,MOVING DOWN,,Existing BUY momentum is weakening
FDSB,UNCHANGED,UNCHANGED,,,,Financials,Banks - Regional,,,,Previously inactive symbol is absent
FDUS,UNCHANGED,UNCHANGED,,SELL,"Jul 24, 2026",Financials,Asset Management,,,,Previously inactive symbol is absent
FDX,LEADER,🚀 LEADER,BUY,BUY,"Aug 11, 2026",Industrials,Integrated Freight & Logistics,UPTREND,MOVING UP,,Sustained BUY with confirmed trend and momentum
FE,UNCHANGED,UNCHANGED,SELL,SELL,"Jul 22, 2026",Utilities,Utilities - Regulated Electric,DOWNTREND,MOVING DOWN,,No active BUY transition
FEIM,LEADER,🚀 LEADER,BUY,BUY,"Aug 07, 2026",Technology,Communication Equipment,UPTREND,MOVING UP,,Sustained BUY with confirmed trend and momentum
FELE,DETERIORATING,⚠️ DETERIORATING,BUY,BUY,"Aug 05, 2026",Industrials,Specialty Industrial Machinery,UPTREND,MOVING DOWN,,Existing BUY momentum is weakening
FENC,REMOVED,❌ REMOVED,,BUY,"Aug 10, 2026",Health Care,Biotechnology,,,,Prior BUY is missing or no longer rated BUY
FET,LEADER,🚀 LEADER,BUY,BUY,"Jul 17, 2026",Energy,Oil & Gas Equipment & Services,UPTREND,MOVING UP,,Sustained BUY with confirmed trend and momentum
FFA,REMOVED,❌ REMOVED,,BUY,"Aug 05, 2026",Financials,Closed-End Fund - Equity,,,,Prior BUY is missing or no longer rated BUY
FFBC,UNCHANGED,UNCHANGED,SELL,SELL,"Jul 24, 2026",Financials,Banks - Regional,UPTREND,MOVING DOWN,,No active BUY transition
FFC,REMOVED,❌ REMOVED,,BUY,"Aug 12, 2026",Financials,Closed-End Fund - Debt,,,,Prior BUY is missing or no longer rated BUY
FFIN,UNCHANGED,UNCHANGED,SELL,SELL,"Jul 23, 2026",Financials,Banks - Regional,UPTREND,MOVING DOWN,,No active BUY transition
FFIV,LEADER,🚀 LEADER,BUY,BUY,"Aug 07, 2026",Technology,Software - Infrastructure,UPTREND,MOVING UP,,Sustained BUY with confirmed trend and momentum
FG,UNCHANGED,UNCHANGED,,,,Financials,Insurance - Life,DOWNTREND,,,No active BUY transition
FGI,REMOVED,❌ REMOVED,,BUY,"Aug 14, 2026",Discretionary,Furnishings Fixtures & Appliances,,,,Prior BUY is missing or no longer rated BUY
FHB,UNCHANGED,UNCHANGED,SELL,SELL,"Jul 09, 2026",Financials,Banks - Regional,DOWNTREND,MOVING UP,,No active BUY transition
FHI,LEADER,🚀 LEADER,BUY,BUY,"Jul 29, 2026",Financials,Asset Management,UPTREND,MOVING UP,,Sustained BUY with confirmed trend and momentum
FHN,UNCHANGED,UNCHANGED,SELL,SELL,"Aug 07, 2026",Financials,Banks - Regional,UPTREND,MOVING UP,,No active BUY transition
FIBK,EMERGING,🔥 EMERGING,BUY,SELL,"Aug 17, 2026",Financials,Banks - Regional,UPTREND,MOVING UP,,New BUY with rising trend and accelerating momentum
FICO,UNCHANGED,UNCHANGED,SELL,SELL,"Aug 03, 2026",Technology,Software - Application,DOWNTREND,MOVING DOWN,,No active BUY transition
FIG,UNCHANGED,UNCHANGED,,,,Technology,Software - Application,UPTREND,,,No active BUY transition
FIGR,UNCHANGED,UNCHANGED,,,,Financials,Capital Markets,UPTREND,,,No active BUY transition
FIGS,REMOVED,❌ REMOVED,,BUY,"Aug 04, 2026",Discretionary,Apparel Manufacturing,,,,Prior BUY is missing or no longer rated BUY
FIGX,UNCHANGED,UNCHANGED,,,,Financials,Shell Companies,,,,Previously inactive symbol is absent
FINS,UNCHANGED,UNCHANGED,,SELL,"Jul 16, 2026",Financials,Asset Management,,,,Previously inactive symbol is absent
FINW,UNCHANGED,UNCHANGED,,,,Financials,Banks - Regional,,,,Previously inactive symbol is absent
FIS,UNCHANGED,UNCHANGED,SELL,SELL,"Aug 10, 2026",Technology,Information Technology Services,UPTREND,MOVING DOWN,,No active BUY transition
FISI,UNCHANGED,UNCHANGED,SELL,SELL,"Aug 13, 2026",Financials,Banks - Regional,UPTREND,MOVING DOWN,,No active BUY transition
FISV,LEADER,🚀 LEADER,BUY,BUY,"Aug 14, 2026",Technology,Information Technology Services,UPTREND,MOVING UP,,Sustained BUY with confirmed trend and momentum
FITB,UNCHANGED,UNCHANGED,SELL,SELL,"Jul 14, 2026",Financials,Banks - Regional,UPTREND,MOVING DOWN,,No active BUY transition
FIVE,LEADER,🚀 LEADER,BUY,BUY,"Jul 20, 2026",Discretionary,Specialty Retail,UPTREND,MOVING UP,,Sustained BUY with confirmed trend and momentum
FIVN,LEADER,🚀 LEADER,BUY,BUY,"Aug 10, 2026",Technology,Software - Infrastructure,UPTREND,MOVING UP,,Sustained BUY with confirmed trend and momentum
FIX,UNCHANGED,UNCHANGED,SELL,SELL,"Jul 06, 2026",Industrials,Engineering & Construction,NEUTRAL,MOVING UP,,No active BUY transition
FLC,UNCHANGED,UNCHANGED,,SELL,"Jul 21, 2026",Financials,Closed-End Fund - Debt,,,,Previously inactive symbol is absent
FLG,UNCHANGED,UNCHANGED,,SELL,"Jul 06, 2026",Financials,Banks - Regional,,,,Previously inactive symbol is absent
FLGT,UNCHANGED,UNCHANGED,,SELL,"Jul 20, 2026",Health Care,Diagnostics & Research,,,,Previously inactive symbol is absent
FLNG,UNCHANGED,UNCHANGED,SELL,SELL,"Jul 28, 2026",Energy,Oil & Gas Midstream,NEUTRAL,MOVING UP,,No active BUY transition
FLOC,UNCHANGED,UNCHANGED,,,,Energy,Oil & Gas Equipment & Services,,,,Previously inactive symbol is absent
FLR,LEADER,🚀 LEADER,BUY,BUY,"Aug 10, 2026",Industrials,Engineering & Construction,UPTREND,MOVING UP,,Sustained BUY with confirmed trend and momentum
FLS,LEADER,🚀 LEADER,BUY,BUY,"Jul 31, 2026",Industrials,Specialty Industrial Machinery,UPTREND,MOVING UP,,Sustained BUY with confirmed trend and momentum
FLUT,UNCHANGED,UNCHANGED,SELL,SELL,"Jul 31, 2026",Discretionary,Gambling,DOWNTREND,MOVING UP,,No active BUY transition
FLXS,UNCHANGED,UNCHANGED,SELL,SELL,"Jul 14, 2026",Discretionary,Furnishings Fixtures & Appliances,UPTREND,MOVING DOWN,,No active BUY transition
FLY,UNCHANGED,UNCHANGED,,,,Industrials,Aerospace & Defense,UPTREND,,,No active BUY transition
FLYW,REMOVED,❌ REMOVED,,BUY,"Aug 06, 2026",Technology,Software - Infrastructure,,,,Prior BUY is missing or no longer rated BUY
FMBH,UNCHANGED,UNCHANGED,SELL,SELL,"Aug 11, 2026",Financials,Banks - Regional,UPTREND,MOVING DOWN,,No active BUY transition
FMN,UNCHANGED,UNCHANGED,,SELL,"Jul 09, 2026",Financials,Closed-End Fund - Debt,,,,Previously inactive symbol is absent
FMNB,REMOVED,❌ REMOVED,,BUY,"Jul 23, 2026",Financials,Banks - Regional,,,,Prior BUY is missing or no longer rated BUY
FMS,UNCHANGED,UNCHANGED,,SELL,"Aug 06, 2026",Health Care,Medical Care Facilities,,,,Previously inactive symbol is absent
FMX,UNCHANGED,UNCHANGED,SELL,SELL,"Jul 13, 2026",Staples,Beverages - Brewers,DOWNTREND,MOVING DOWN,,No active BUY transition
FMY,REMOVED,❌ REMOVED,,BUY,"Aug 14, 2026",Financials,Closed-End Fund - Debt,,,,Prior BUY is missing or no longer rated BUY
FN,LEADER,🚀 LEADER,BUY,BUY,"Aug 10, 2026",Technology,Electronic Components,UPTREND,MOVING UP,,Sustained BUY with confirmed trend and momentum
FNB,UNCHANGED,UNCHANGED,,SELL,"Jul 10, 2026",Financials,Banks - Regional,,,,Previously inactive symbol is absent
FND,DETERIORATING,⚠️ DETERIORATING,BUY,BUY,"Aug 03, 2026",Discretionary,Home Improvement Retail,UPTREND,MOVING DOWN,,Existing BUY momentum is weakening
FNF,UNCHANGED,UNCHANGED,SELL,SELL,"Aug 10, 2026",Financials,Insurance - Specialty,DOWNTREND,MOVING DOWN,,No active BUY transition
FNLC,UNCHANGED,UNCHANGED,SELL,SELL,"Jul 14, 2026",Financials,Banks - Regional,UPTREND,MOVING DOWN,,No active BUY transition
FNV,LEADER,🚀 LEADER,BUY,BUY,"Jul 28, 2026",Materials,Gold,UPTREND,MOVING UP,,Sustained BUY with confirmed trend and momentum
FNWB,UNCHANGED,UNCHANGED,,SELL,"Jul 28, 2026",Financials,Banks - Regional,,,,Previously inactive symbol is absent
FOA,UNCHANGED,UNCHANGED,,SELL,"Jul 31, 2026",Financials,Credit Services,,,,Previously inactive symbol is absent
FOF,REMOVED,❌ REMOVED,,BUY,"Aug 11, 2026",Financials,Closed-End Fund - Equity,,,,Prior BUY is missing or no longer rated BUY
FOR,EMERGING,🔥 EMERGING,BUY,SELL,"Aug 17, 2026",Real Estate,Real Estate - Development,UPTREND,MOVING UP,,New BUY with rising trend and accelerating momentum
FORM,LEADER,🚀 LEADER,BUY,BUY,"Aug 12, 2026",Technology,Semiconductor Equipment & Materials,UPTREND,MOVING UP,,Sustained BUY with confirmed trend and momentum
FORR,REMOVED,❌ REMOVED,,BUY,"Aug 06, 2026",Industrials,Consulting Services,,,,Prior BUY is missing or no longer rated BUY
FOUR,UNCHANGED,UNCHANGED,SELL,SELL,"Aug 07, 2026",Technology,Software - Infrastructure,DOWNTREND,MOVING UP,,No active BUY transition
FOX,LEADER,🚀 LEADER,BUY,BUY,"Jul 30, 2026",Communication,Entertainment,UPTREND,MOVING UP,,Sustained BUY with confirmed trend and momentum
FOXA,LEADER,🚀 LEADER,BUY,BUY,"Jul 30, 2026",Communication,Entertainment,UPTREND,MOVING UP,,Sustained BUY with confirmed trend and momentum
FOXF,REMOVED,❌ REMOVED,,BUY,"Jul 17, 2026",Discretionary,Auto Parts,,,,Prior BUY is missing or no longer rated BUY
FPF,UNCHANGED,UNCHANGED,,SELL,"Jul 23, 2026",Financials,Closed-End Fund - Debt,,,,Previously inactive symbol is absent
FR,UNCHANGED,UNCHANGED,SELL,SELL,"Jul 30, 2026",Real Estate,REIT - Industrial,DOWNTREND,MOVING DOWN,,No active BUY transition
FRA,REMOVED,❌ REMOVED,,BUY,"Aug 11, 2026",Financials,Closed-End Fund - Debt,,,,Prior BUY is missing or no longer rated BUY
FRBA,UNCHANGED,UNCHANGED,,SELL,"Aug 10, 2026",Financials,Banks - Regional,,,,Previously inactive symbol is absent
FRD,LEADER,🚀 LEADER,BUY,BUY,"Aug 11, 2026",Materials,Steel,UPTREND,MOVING UP,,Sustained BUY with confirmed trend and momentum
FRHC,UNCHANGED,UNCHANGED,SELL,SELL,"Jul 23, 2026",Financials,Financial Conglomerates,DOWNTREND,MOVING DOWN,,No active BUY transition
FRME,UNCHANGED,UNCHANGED,SELL,SELL,"Jul 27, 2026",Financials,Banks - Regional,UPTREND,MOVING DOWN,,No active BUY transition
FRO,LEADER,🚀 LEADER,BUY,BUY,"Jul 24, 2026",Energy,Oil & Gas Midstream,UPTREND,MOVING UP,,Sustained BUY with confirmed trend and momentum
FROG,LEADER,🚀 LEADER,BUY,BUY,"Aug 11, 2026",Technology,Software - Application,UPTREND,MOVING UP,,Sustained BUY with confirmed trend and momentum
FRPH,UNCHANGED,UNCHANGED,,SELL,"Jul 13, 2026",Real Estate,Real Estate Services,,,,Previously inactive symbol is absent
FRPT,LEADER,🚀 LEADER,BUY,BUY,"Jul 29, 2026",Staples,Packaged Foods,UPTREND,MOVING UP,,Sustained BUY with confirmed trend and momentum
FRSH,UNCHANGED,UNCHANGED,,SELL,"Aug 13, 2026",Technology,Software - Application,,,,Previously inactive symbol is absent
FRST,REMOVED,❌ REMOVED,,BUY,"Aug 05, 2026",Financials,Banks - Regional,,,,Prior BUY is missing or no longer rated BUY
FRT,UNCHANGED,UNCHANGED,SELL,SELL,"Aug 03, 2026",Real Estate,REIT - Retail,DOWNTREND,MOVING DOWN,,No active BUY transition
FSBC,UNCHANGED,UNCHANGED,,,,Financials,Banks - Regional,NEUTRAL,,,No active BUY transition
FSBW,UNCHANGED,UNCHANGED,SELL,SELL,"Jul 10, 2026",Financials,Banks - Regional,UPTREND,MOVING UP,,No active BUY transition
FSEA,UNCHANGED,UNCHANGED,,SELL,"Jul 31, 2026",Financials,Banks - Regional,,,,Previously inactive symbol is absent
FSHP,UNCHANGED,UNCHANGED,,,,Financials,Shell Companies,,,,Previously inactive symbol is absent
FSK,REMOVED,❌ REMOVED,,BUY,"Aug 07, 2026",Financials,Asset Management,,,,Prior BUY is missing or no longer rated BUY
FSLR,ACTIVE_BUY,ACTIVE BUY,BUY,BUY,"Aug 06, 2026",Technology,Solar,NEUTRAL,MOVING UP,,BUY remains active without a higher-priority setup
FSLY,LEADER,🚀 LEADER,BUY,BUY,"Jul 29, 2026",Technology,Software - Application,UPTREND,MOVING UP,,Sustained BUY with confirmed trend and momentum
FSM,REMOVED,❌ REMOVED,,BUY,"Aug 05, 2026",Materials,Gold,,,,Prior BUY is missing or no longer rated BUY
FSS,LEADER,🚀 LEADER,BUY,BUY,"Aug 03, 2026",Industrials,Farm & Heavy Construction Machinery,UPTREND,MOVING UP,,Sustained BUY with confirmed trend and momentum
FSTR,UNCHANGED,UNCHANGED,SELL,SELL,"Jul 07, 2026",Industrials,Railroads,DOWNTREND,MOVING DOWN,,No active BUY transition
FSUN,LEADER,🚀 LEADER,BUY,BUY,"Jul 30, 2026",Financials,Banks - Regional,UPTREND,MOVING UP,,Sustained BUY with confirmed trend and momentum
FSV,UNCHANGED,UNCHANGED,SELL,SELL,"Aug 14, 2026",Real Estate,Real Estate Services,DOWNTREND,MOVING UP,,No active BUY transition
FTAI,UNCHANGED,UNCHANGED,SELL,SELL,"Jul 06, 2026",Industrials,Aerospace & Defense,DOWNTREND,MOVING UP,,No active BUY transition
FTDR,LEADER,🚀 LEADER,BUY,BUY,"Aug 04, 2026",Discretionary,Personal Services,UPTREND,MOVING UP,,Sustained BUY with confirmed trend and momentum
FTH,EMERGING,🔥 EMERGING,BUY,SELL,"Aug 17, 2026",Health Care,Biotechnology,UPTREND,MOVING UP,,New BUY with rising trend and accelerating momentum
FTHY,UNCHANGED,UNCHANGED,,SELL,"Aug 05, 2026",Financials,Closed-End Fund - Debt,,,,Previously inactive symbol is absent
FTI,EMERGING,🔥 EMERGING,BUY,SELL,"Aug 17, 2026",Energy,Oil & Gas Equipment & Services,UPTREND,MOVING UP,,New BUY with rising trend and accelerating momentum
FTK,LEADER,🚀 LEADER,BUY,BUY,"Aug 06, 2026",Energy,Oil & Gas Equipment & Services,UPTREND,MOVING UP,,Sustained BUY with confirmed trend and momentum
FTNT,LEADER,🚀 LEADER,BUY,BUY,"Aug 06, 2026",Technology,Software - Infrastructure,UPTREND,MOVING UP,,Sustained BUY with confirmed trend and momentum
FTRE,UNCHANGED,UNCHANGED,,,,Health Care,Biotechnology,,,,Previously inactive symbol is absent
FTS,UNCHANGED,UNCHANGED,SELL,SELL,"Jul 09, 2026",Utilities,Utilities - Regulated Electric,DOWNTREND,MOVING DOWN,,No active BUY transition
FTV,LEADER,🚀 LEADER,BUY,BUY,"Aug 12, 2026",Technology,Scientific & Technical Instruments,UPTREND,MOVING UP,,Sustained BUY with confirmed trend and momentum
FTW,UNCHANGED,UNCHANGED,,,,Energy,Oil & Gas E&P,,,,Previously inactive symbol is absent
FUL,LEADER,🚀 LEADER,BUY,BUY,"Aug 07, 2026",Materials,Specialty Chemicals,UPTREND,MOVING UP,,Sustained BUY with confirmed trend and momentum
FULT,UNCHANGED,UNCHANGED,,SELL,"Jul 10, 2026",Financials,Banks - Regional,,,,Previously inactive symbol is absent
FUN,UNCHANGED,UNCHANGED,,SELL,"Jun 29, 2026",Discretionary,Leisure,,,,Previously inactive symbol is absent
FUNC,UNCHANGED,UNCHANGED,SELL,SELL,"Jul 22, 2026",Financials,Banks - Regional,UPTREND,MOVING DOWN,,No active BUY transition
FUND,REMOVED,❌ REMOVED,,BUY,"Jul 20, 2026",Financials,Closed-End Fund - Equity,,,,Prior BUY is missing or no longer rated BUY
FUSB,UNCHANGED,UNCHANGED,,SELL,"Jul 16, 2026",Financials,Banks - Regional,,,,Previously inactive symbol is absent
FUTU,UNCHANGED,UNCHANGED,SELL,SELL,"Aug 13, 2026",Financials,Capital Markets,NEUTRAL,MOVING DOWN,,No active BUY transition
FVCB,UNCHANGED,UNCHANGED,,SELL,"Aug 13, 2026",Financials,Banks - Regional,,,,Previously inactive symbol is absent
FVR,UNCHANGED,UNCHANGED,,,,Real Estate,REIT - Diversified,,,,Previously inactive symbol is absent
FWONA,LEADER,🚀 LEADER,BUY,BUY,"Aug 13, 2026",Communication,Entertainment,UPTREND,MOVING UP,,Sustained BUY with confirmed trend and momentum
FWONK,LEADER,🚀 LEADER,BUY,BUY,"Aug 11, 2026",Communication,Entertainment,UPTREND,MOVING UP,,Sustained BUY with confirmed trend and momentum
FWRD,REMOVED,❌ REMOVED,,BUY,"Aug 10, 2026",Industrials,Integrated Freight & Logistics,,,,Prior BUY is missing or no longer rated BUY
FWRG,UNCHANGED,UNCHANGED,,,,Discretionary,Restaurants,,,,Previously inactive symbol is absent
G,DETERIORATING,⚠️ DETERIORATING,BUY,BUY,"Jul 17, 2026",Technology,Information Technology Services,UPTREND,MOVING DOWN,,Existing BUY momentum is weakening
GABC,UNCHANGED,UNCHANGED,SELL,SELL,"Aug 13, 2026",Financials,Banks - Regional,UPTREND,MOVING DOWN,,No active BUY transition
GAIN,UNCHANGED,UNCHANGED,,SELL,"Jul 30, 2026",Financials,Asset Management,,,,Previously inactive symbol is absent
GAM,LEADER,🚀 LEADER,BUY,BUY,"Aug 04, 2026",Financials,Closed-End Fund - Equity,UPTREND,MOVING UP,,Sustained BUY with confirmed trend and momentum
GAP,REMOVED,❌ REMOVED,,BUY,"Aug 03, 2026",Discretionary,Apparel Retail,,,,Prior BUY is missing or no longer rated BUY
GATX,UNCHANGED,UNCHANGED,SELL,SELL,"Aug 07, 2026",Industrials,Rental & Leasing Services,NEUTRAL,MOVING UP,,No active BUY transition
GBAB,REMOVED,❌ REMOVED,,BUY,"Aug 13, 2026",Financials,Closed-End Fund - Debt,,,,Prior BUY is missing or no longer rated BUY
GBCI,UNCHANGED,UNCHANGED,SELL,SELL,"Jul 24, 2026",Financials,Banks - Regional,NEUTRAL,MOVING DOWN,,No active BUY transition
GBDC,REMOVED,❌ REMOVED,,BUY,"Aug 10, 2026",Financials,Asset Management,,,,Prior BUY is missing or no longer rated BUY
GBFH,UNCHANGED,UNCHANGED,,SELL,"Jul 13, 2026",Financials,Banks - Regional,,,,Previously inactive symbol is absent
GBLI,ACTIVE_BUY,ACTIVE BUY,BUY,BUY,"Jul 14, 2026",Financials,Insurance - Property & Casualty,NEUTRAL,MOVING UP,,BUY remains active without a higher-priority setup
GBX,UNCHANGED,UNCHANGED,SELL,SELL,"Aug 07, 2026",Industrials,Railroads,DOWNTREND,MOVING DOWN,,No active BUY transition
GCBC,UNCHANGED,UNCHANGED,SELL,SELL,"Jul 13, 2026",Financials,Banks - Regional,UPTREND,MOVING DOWN,,No active BUY transition
GCMG,UNCHANGED,UNCHANGED,,SELL,"Aug 14, 2026",Financials,Asset Management,,,,Previously inactive symbol is absent
GCO,UNCHANGED,UNCHANGED,SELL,SELL,"Aug 12, 2026",Discretionary,Apparel Retail,DOWNTREND,MOVING DOWN,,No active BUY transition
GCT,UNCHANGED,UNCHANGED,,,,Technology,Software - Infrastructure,UPTREND,,,No active BUY transition
GD,LEADER,🚀 LEADER,BUY,BUY,"Jul 01, 2026",Industrials,Aerospace & Defense,UPTREND,MOVING UP,,Sustained BUY with confirmed trend and momentum
GDDY,UNCHANGED,UNCHANGED,SELL,SELL,"Aug 03, 2026",Technology,Software - Infrastructure,UPTREND,MOVING UP,,No active BUY transition
GDOT,REMOVED,❌ REMOVED,,BUY,"Aug 13, 2026",Financials,Credit Services,,,,Prior BUY is missing or no longer rated BUY
GDS,LEADER,🚀 LEADER,BUY,BUY,"Aug 12, 2026",Technology,Information Technology Services,UPTREND,MOVING UP,,Sustained BUY with confirmed trend and momentum
GDV,LEADER,🚀 LEADER,BUY,BUY,"Aug 05, 2026",Financials,Closed-End Fund - Equity,UPTREND,MOVING UP,,Sustained BUY with confirmed trend and momentum
GE,DETERIORATING,⚠️ DETERIORATING,BUY,BUY,"Aug 05, 2026",Industrials,Aerospace & Defense,UPTREND,MOVING DOWN,,Existing BUY momentum is weakening
GEF,REMOVED,❌ REMOVED,SELL,BUY,"Aug 17, 2026",Discretionary,Packaging & Containers,UPTREND,MOVING DOWN,,Prior BUY is missing or no longer rated BUY
GEF/B,DETERIORATING,⚠️ DETERIORATING,BUY,BUY,"Jul 28, 2026",Discretionary,Packaging & Containers,UPTREND,MOVING DOWN,,Existing BUY momentum is weakening
GEHC,UNCHANGED,UNCHANGED,,,,Health Care,Medical Devices,UPTREND,,,No active BUY transition
GEL,REMOVED,❌ REMOVED,,BUY,"Jul 23, 2026",Energy,Oil & Gas Midstream,,,,Prior BUY is missing or no longer rated BUY
GEN,LEADER,🚀 LEADER,BUY,BUY,"Aug 10, 2026",Technology,Software - Infrastructure,UPTREND,MOVING UP,,Sustained BUY with confirmed trend and momentum
GENC,UNCHANGED,UNCHANGED,,,,Industrials,Farm & Heavy Construction Machinery,,,,Previously inactive symbol is absent
GEO,UNCHANGED,UNCHANGED,SELL,SELL,"Jun 30, 2026",Industrials,Security & Protection Services,UPTREND,MOVING DOWN,,No active BUY transition
GEV,UNCHANGED,UNCHANGED,,,,Industrials,Specialty Industrial Machinery,UPTREND,,,No active BUY transition
GF,REMOVED,❌ REMOVED,,BUY,"Aug 10, 2026",Financials,Closed-End Fund - Foreign,,,,Prior BUY is missing or no longer rated BUY
GFF,LEADER,🚀 LEADER,BUY,BUY,"Aug 06, 2026",Industrials,Building Products & Equipment,UPTREND,MOVING UP,,Sustained BUY with confirmed trend and momentum
GFI,LEADER,🚀 LEADER,BUY,BUY,"Aug 06, 2026",Materials,Gold,UPTREND,MOVING UP,,Sustained BUY with confirmed trend and momentum
GFL,UNCHANGED,UNCHANGED,SELL,SELL,"Aug 12, 2026",Industrials,Waste Management,UPTREND,MOVING DOWN,,No active BUY transition
GFS,UNCHANGED,UNCHANGED,SELL,SELL,"Jun 29, 2026",Technology,Semiconductors,DOWNTREND,MOVING UP,,No active BUY transition
GGAL,UNCHANGED,UNCHANGED,SELL,SELL,"Jul 20, 2026",Financials,Banks - Regional,DOWNTREND,MOVING DOWN,,No active BUY transition
GGG,LEADER,🚀 LEADER,BUY,BUY,"Jul 24, 2026",Industrials,Specialty Industrial Machinery,UPTREND,MOVING UP,,Sustained BUY with confirmed trend and momentum
GGZ,REMOVED,❌ REMOVED,,BUY,"Aug 05, 2026",Financials,Closed-End Fund - Equity,,,,Prior BUY is missing or no longer rated BUY
GH,DETERIORATING,⚠️ DETERIORATING,BUY,BUY,"Aug 04, 2026",Health Care,Diagnostics & Research,UPTREND,MOVING DOWN,,Existing BUY momentum is weakening
GHC,UNCHANGED,UNCHANGED,SELL,SELL,"Aug 12, 2026",Industrials,Conglomerates,UPTREND,MOVING DOWN,,No active BUY transition
GHM,LEADER,🚀 LEADER,BUY,BUY,"Aug 11, 2026",Industrials,Specialty Industrial Machinery,UPTREND,MOVING UP,,Sustained BUY with confirmed trend and momentum
GHY,UNCHANGED,UNCHANGED,,SELL,"Jul 14, 2026",Financials,Closed-End Fund - Debt,,,,Previously inactive symbol is absent
GIB,LEADER,🚀 LEADER,BUY,BUY,"Jul 28, 2026",Technology,Information Technology Services,UPTREND,MOVING UP,,Sustained BUY with confirmed trend and momentum
GIC,LEADER,🚀 LEADER,BUY,BUY,"Jul 24, 2026",Industrials,Industrial Distribution,UPTREND,MOVING UP,,Sustained BUY with confirmed trend and momentum
GIII,UNCHANGED,UNCHANGED,SELL,SELL,"Aug 10, 2026",Discretionary,Apparel Manufacturing,DOWNTREND,MOVING DOWN,,No active BUY transition
GIL,LEADER,🚀 LEADER,BUY,BUY,"Aug 04, 2026",Discretionary,Apparel Manufacturing,UPTREND,MOVING UP,,Sustained BUY with confirmed trend and momentum
GILD,LEADER,🚀 LEADER,BUY,BUY,"Aug 13, 2026",Health Care,Drug Manufacturers - General,UPTREND,MOVING UP,,Sustained BUY with confirmed trend and momentum
GIS,LEADER,🚀 LEADER,BUY,BUY,"Aug 12, 2026",Staples,Packaged Foods,UPTREND,MOVING UP,,Sustained BUY with confirmed trend and momentum
GKOS,LEADER,🚀 LEADER,BUY,BUY,"Aug 05, 2026",Health Care,Medical Devices,UPTREND,MOVING UP,,Sustained BUY with confirmed trend and momentum
GL,UNCHANGED,UNCHANGED,SELL,SELL,"Jul 10, 2026",Financials,Insurance - Life,UPTREND,MOVING DOWN,,No active BUY transition
GLAD,REMOVED,❌ REMOVED,,BUY,"Aug 11, 2026",Financials,Asset Management,,,,Prior BUY is missing or no longer rated BUY
GLBE,UNCHANGED,UNCHANGED,SELL,SELL,"Aug 12, 2026",Discretionary,Internet Retail,UPTREND,MOVING DOWN,,No active BUY transition
GLIBK,UNCHANGED,UNCHANGED,,,,Communication,Telecom Services,UPTREND,,,No active BUY transition
GLNG,LEADER,🚀 LEADER,BUY,BUY,"Aug 10, 2026",Energy,Oil & Gas Midstream,UPTREND,MOVING UP,,Sustained BUY with confirmed trend and momentum
GLOB,DETERIORATING,⚠️ DETERIORATING,BUY,BUY,"Jul 29, 2026",Technology,Information Technology Services,UPTREND,MOVING DOWN,,Existing BUY momentum is weakening
GLP,LEADER,🚀 LEADER,BUY,BUY,"Jul 08, 2026",Energy,Oil & Gas Midstream,UPTREND,MOVING UP,,Sustained BUY with confirmed trend and momentum
GLPI,UNCHANGED,UNCHANGED,SELL,SELL,"Aug 06, 2026",Real Estate,REIT - Specialty,DOWNTREND,MOVING DOWN,,No active BUY transition
GLSI,UNCHANGED,UNCHANGED,,,,Health Care,Biotechnology,,,,Previously inactive symbol is absent
GLU,UNCHANGED,UNCHANGED,,,,Financials,Closed-End Fund - Equity,,,,Previously inactive symbol is absent
GLUE,UNCHANGED,UNCHANGED,,SELL,"Jul 28, 2026",Health Care,Biotechnology,,,,Previously inactive symbol is absent
GLW,UNCHANGED,UNCHANGED,SELL,SELL,"Jul 09, 2026",Technology,Electronic Components,DOWNTREND,MOVING UP,,No active BUY transition
GLXY,UNCHANGED,UNCHANGED,,,,Financials,Capital Markets,,,,Previously inactive symbol is absent
GM,REMOVED,❌ REMOVED,SELL,BUY,"Aug 17, 2026",Discretionary,Auto Manufacturers,UPTREND,MOVING DOWN,,Prior BUY is missing or no longer rated BUY
GMAB,LEADER,🚀 LEADER,BUY,BUY,"Aug 13, 2026",Health Care,Biotechnology,UPTREND,MOVING UP,,Sustained BUY with confirmed trend and momentum
GME,UNCHANGED,UNCHANGED,,SELL,"Jul 21, 2026",Discretionary,Specialty Retail,,,,Previously inactive symbol is absent
GMED,LEADER,🚀 LEADER,BUY,BUY,"Jul 31, 2026",Health Care,Medical Devices,UPTREND,MOVING UP,,Sustained BUY with confirmed trend and momentum
GNE,REMOVED,❌ REMOVED,,BUY,"Aug 10, 2026",Utilities,Utilities - Regulated Electric,,,,Prior BUY is missing or no longer rated BUY
GNK,UNCHANGED,UNCHANGED,SELL,SELL,"Aug 07, 2026",Industrials,Marine Shipping,UPTREND,MOVING UP,,No active BUY transition
GNRC,UNCHANGED,UNCHANGED,SELL,SELL,"Jul 06, 2026",Industrials,Specialty Industrial Machinery,DOWNTREND,MOVING UP,,No active BUY transition
GNTX,UNCHANGED,UNCHANGED,,SELL,"Jun 29, 2026",Discretionary,Auto Parts,,,,Previously inactive symbol is absent
GO,REMOVED,❌ REMOVED,,BUY,"Aug 06, 2026",Staples,Grocery Stores,,,,Prior BUY is missing or no longer rated BUY
GOF,REMOVED,❌ REMOVED,,BUY,"Aug 14, 2026",Financials,Closed-End Fund - Debt,,,,Prior BUY is missing or no longer rated BUY
GOLF,UNCHANGED,UNCHANGED,SELL,SELL,"Jul 07, 2026",Discretionary,Leisure,DOWNTREND,MOVING DOWN,,No active BUY transition
GOOD,REMOVED,❌ REMOVED,,BUY,"Aug 14, 2026",Real Estate,REIT - Diversified,,,,Prior BUY is missing or no longer rated BUY
GOOG,UNCHANGED,UNCHANGED,SELL,SELL,"Aug 14, 2026",Communication,Internet Content & Information,DOWNTREND,MOVING DOWN,,No active BUY transition
GOOGL,UNCHANGED,UNCHANGED,SELL,SELL,"Aug 14, 2026",Communication,Internet Content & Information,DOWNTREND,MOVING UP,,No active BUY transition
GPAT,UNCHANGED,UNCHANGED,,,,Financials,Shell Companies,,,,Previously inactive symbol is absent
GPC,LEADER,🚀 LEADER,BUY,BUY,"Jul 28, 2026",Discretionary,Auto Parts,UPTREND,MOVING UP,,Sustained BUY with confirmed trend and momentum
GPCR,UNCHANGED,UNCHANGED,,,,Health Care,Biotechnology,UPTREND,,,No active BUY transition
GPGI,UNCHANGED,UNCHANGED,,SELL,"Aug 13, 2026",Industrials,Metal Fabrication,,,,Previously inactive symbol is absent
GPI,UNCHANGED,UNCHANGED,SELL,SELL,"Aug 03, 2026",Discretionary,Auto & Truck Dealerships,DOWNTREND,MOVING DOWN,,No active BUY transition
GPK,REMOVED,❌ REMOVED,,BUY,"Jul 17, 2026",Discretionary,Packaging & Containers,,,,Prior BUY is missing or no longer rated BUY
GPN,UNCHANGED,UNCHANGED,SELL,SELL,"Aug 13, 2026",Technology,Software - Infrastructure,UPTREND,MOVING UP,,No active BUY transition
GPOR,LEADER,🚀 LEADER,BUY,BUY,"Aug 11, 2026",Energy,Oil & Gas E&P,UPTREND,MOVING UP,,Sustained BUY with confirmed trend and momentum
GPRE,UNCHANGED,UNCHANGED,,SELL,"Jul 29, 2026",Materials,Chemicals,,,,Previously inactive symbol is absent
GRAL,UNCHANGED,UNCHANGED,,,,Health Care,Diagnostics & Research,NEUTRAL,,,No active BUY transition
GRBK,UNCHANGED,UNCHANGED,SELL,SELL,"Jul 07, 2026",Discretionary,Residential Construction,DOWNTREND,MOVING UP,,No active BUY transition
GRC,UNCHANGED,UNCHANGED,SELL,SELL,"Aug 14, 2026",Industrials,Specialty Industrial Machinery,NEUTRAL,MOVING DOWN,,No active BUY transition
GRDN,UNCHANGED,UNCHANGED,,,,Health Care,Medical Care Facilities,DOWNTREND,,,No active BUY transition
GRF,UNCHANGED,UNCHANGED,,,,Financials,Closed-End Fund - Equity,,,,Previously inactive symbol is absent
GRMN,LEADER,🚀 LEADER,BUY,BUY,"Jul 30, 2026",Technology,Scientific & Technical Instruments,UPTREND,MOVING UP,,Sustained BUY with confirmed trend and momentum
GRND,UNCHANGED,UNCHANGED,,SELL,"Aug 11, 2026",Technology,Software - Application,,,,Previously inactive symbol is absent
GRPN,UNCHANGED,UNCHANGED,,SELL,"Jul 23, 2026",Communication,Internet Content & Information,,,,Previously inactive symbol is absent
GS,UNCHANGED,UNCHANGED,SELL,SELL,"Jul 28, 2026",Financials,Capital Markets,NEUTRAL,MOVING DOWN,,No active BUY transition
GSAT,DETERIORATING,⚠️ DETERIORATING,BUY,BUY,"Aug 03, 2026",Communication,Telecom Services,UPTREND,MOVING DOWN,,Existing BUY momentum is weakening
GSBC,UNCHANGED,UNCHANGED,SELL,SELL,"Aug 12, 2026",Financials,Banks - Regional,UPTREND,MOVING DOWN,,No active BUY transition
GSHD,UNCHANGED,UNCHANGED,SELL,SELL,"Aug 13, 2026",Financials,Insurance Brokers,UPTREND,MOVING DOWN,,No active BUY transition
GSHR,UNCHANGED,UNCHANGED,,,,Financials,Shell Companies,,,,Previously inactive symbol is absent
GSK,UNCHANGED,UNCHANGED,SELL,SELL,"Aug 12, 2026",Health Care,Drug Manufacturers - General,DOWNTREND,MOVING DOWN,,No active BUY transition
GSRF,UNCHANGED,UNCHANGED,,,,Financials,Shell Companies,,,,Previously inactive symbol is absent
GTEN,UNCHANGED,UNCHANGED,,,,Financials,Shell Companies,,,,Previously inactive symbol is absent
GTES,UNCHANGED,UNCHANGED,SELL,SELL,"Aug 14, 2026",Industrials,Specialty Industrial Machinery,UPTREND,MOVING DOWN,,No active BUY transition
GTLB,LEADER,🚀 LEADER,BUY,BUY,"Jul 29, 2026",Technology,Software - Infrastructure,UPTREND,MOVING UP,,Sustained BUY with confirmed trend and momentum
GTY,UNCHANGED,UNCHANGED,SELL,SELL,"Jul 30, 2026",Real Estate,REIT - Retail,DOWNTREND,MOVING DOWN,,No active BUY transition
GUG,UNCHANGED,UNCHANGED,,SELL,"Jul 23, 2026",Financials,Asset Management,,,,Previously inactive symbol is absent
GVA,UNCHANGED,UNCHANGED,SELL,SELL,"Jul 09, 2026",Industrials,Engineering & Construction,DOWNTREND,MOVING UP,,No active BUY transition
GWRE,LEADER,🚀 LEADER,BUY,BUY,"Jul 29, 2026",Technology,Software - Application,UPTREND,MOVING UP,,Sustained BUY with confirmed trend and momentum
GWW,UNCHANGED,UNCHANGED,SELL,SELL,"Jul 01, 2026",Industrials,Industrial Distribution,NEUTRAL,MOVING DOWN,,No active BUY transition
GXO,UNCHANGED,UNCHANGED,SELL,SELL,"Jul 30, 2026",Industrials,Integrated Freight & Logistics,DOWNTREND,MOVING UP,,No active BUY transition
HAE,LEADER,🚀 LEADER,BUY,BUY,"Jul 30, 2026",Health Care,Medical Devices,UPTREND,MOVING UP,,Sustained BUY with confirmed trend and momentum
HAFC,UNCHANGED,UNCHANGED,SELL,SELL,"Jul 09, 2026",Financials,Banks - Regional,UPTREND,MOVING DOWN,,No active BUY transition
HALO,LEADER,🚀 LEADER,BUY,BUY,"Jul 29, 2026",Health Care,Biotechnology,UPTREND,MOVING UP,,Sustained BUY with confirmed trend and momentum
HAPN,REMOVED,❌ REMOVED,,BUY,"Aug 03, 2026",Financials,Banks - Regional,,,,Prior BUY is missing or no longer rated BUY
HAS,LEADER,🚀 LEADER,BUY,BUY,"Jul 22, 2026",Discretionary,Leisure,UPTREND,MOVING UP,,Sustained BUY with confirmed trend and momentum
HASI,LEADER,🚀 LEADER,BUY,BUY,"Aug 11, 2026",Financials,Asset Management,UPTREND,MOVING UP,,Sustained BUY with confirmed trend and momentum
HAYW,UNCHANGED,UNCHANGED,,SELL,"Aug 11, 2026",Industrials,Electrical Equipment & Parts,,,,Previously inactive symbol is absent
HBAN,REMOVED,❌ REMOVED,,BUY,"Aug 14, 2026",Financials,Banks - Regional,,,,Prior BUY is missing or no longer rated BUY
HBB,LEADER,🚀 LEADER,BUY,BUY,"Aug 04, 2026",Discretionary,Furnishings Fixtures & Appliances,UPTREND,MOVING UP,,Sustained BUY with confirmed trend and momentum
HBCP,UNCHANGED,UNCHANGED,SELL,SELL,"Aug 13, 2026",Financials,Banks - Regional,UPTREND,MOVING DOWN,,No active BUY transition
HBM,LEADER,🚀 LEADER,BUY,BUY,"Aug 05, 2026",Materials,Copper,UPTREND,MOVING UP,,Sustained BUY with confirmed trend and momentum
HBNC,UNCHANGED,UNCHANGED,,SELL,"Jul 07, 2026",Financials,Banks - Regional,,,,Previously inactive symbol is absent
HBT,UNCHANGED,UNCHANGED,SELL,SELL,"Aug 10, 2026",Financials,Banks - Regional,UPTREND,MOVING DOWN,,No active BUY transition
HCA,LEADER,🚀 LEADER,BUY,BUY,"Jul 30, 2026",Health Care,Medical Care Facilities,UPTREND,MOVING UP,,Sustained BUY with confirmed trend and momentum
HCC,LEADER,🚀 LEADER,BUY,BUY,"Aug 07, 2026",Materials,Coking Coal,UPTREND,MOVING UP,,Sustained BUY with confirmed trend and momentum
HCI,LEADER,🚀 LEADER,BUY,BUY,"Aug 12, 2026",Financials,Insurance - Property & Casualty,UPTREND,MOVING UP,,Sustained BUY with confirmed trend and momentum
HCKT,REMOVED,❌ REMOVED,,BUY,"Jul 31, 2026",Technology,Information Technology Services,,,,Prior BUY is missing or no longer rated BUY
HCM,REMOVED,❌ REMOVED,,BUY,"Aug 06, 2026",Health Care,Drug Manufacturers - Specialty & Generic,,,,Prior BUY is missing or no longer rated BUY
HCMA,UNCHANGED,UNCHANGED,,,,Financials,Shell Companies,,,,Previously inactive symbol is absent
HCSG,UNCHANGED,UNCHANGED,,SELL,"Jul 14, 2026",Health Care,Medical Care Facilities,,,,Previously inactive symbol is absent
HD,DETERIORATING,⚠️ DETERIORATING,BUY,BUY,"Aug 05, 2026",Discretionary,Home Improvement Retail,UPTREND,MOVING DOWN,,Existing BUY momentum is weakening
HDB,UNCHANGED,UNCHANGED,,SELL,"Jul 16, 2026",Financials,Banks - Regional,,,,Previously inactive symbol is absent
HE,UNCHANGED,UNCHANGED,,SELL,"Jul 28, 2026",Utilities,Utilities - Regulated Electric,,,,Previously inactive symbol is absent
HEI,LEADER,🚀 LEADER,BUY,BUY,"Aug 03, 2026",Industrials,Aerospace & Defense,UPTREND,MOVING UP,,Sustained BUY with confirmed trend and momentum
HEI/A,LEADER,🚀 LEADER,BUY,BUY,"Jul 28, 2026",Industrials,Aerospace & Defense,UPTREND,MOVING UP,,Sustained BUY with confirmed trend and momentum
HELE,LEADER,🚀 LEADER,BUY,BUY,"Jul 27, 2026",Staples,Household & Personal Products,UPTREND,MOVING UP,,Sustained BUY with confirmed trend and momentum
HEQ,REMOVED,❌ REMOVED,,BUY,"Aug 06, 2026",Financials,Closed-End Fund - Equity,,,,Prior BUY is missing or no longer rated BUY
HERZ,UNCHANGED,UNCHANGED,,,,Financials,Asset Management,,,,Previously inactive symbol is absent
HESM,UNCHANGED,UNCHANGED,SELL,SELL,"Jul 28, 2026",Energy,Oil & Gas Midstream,UPTREND,MOVING DOWN,,No active BUY transition
HFBL,REMOVED,❌ REMOVED,,BUY,"Jul 31, 2026",Financials,Banks - Regional,,,,Prior BUY is missing or no longer rated BUY
HFWA,UNCHANGED,UNCHANGED,SELL,SELL,"Jul 28, 2026",Financials,Banks - Regional,NEUTRAL,MOVING DOWN,,No active BUY transition
HGTY,REMOVED,❌ REMOVED,,BUY,"Aug 06, 2026",Financials,Insurance - Property & Casualty,,,,Prior BUY is missing or no longer rated BUY
HGV,UNCHANGED,UNCHANGED,SELL,SELL,"Jul 02, 2026",Discretionary,Resorts & Casinos,DOWNTREND,MOVING UP,,No active BUY transition
HHH,UNCHANGED,UNCHANGED,SELL,SELL,"Jul 16, 2026",Real Estate,Real Estate - Diversified,DOWNTREND,MOVING UP,,No active BUY transition
HIFS,LEADER,🚀 LEADER,BUY,BUY,"Aug 06, 2026",Financials,Banks - Regional,UPTREND,MOVING UP,,Sustained BUY with confirmed trend and momentum
HIG,UNCHANGED,UNCHANGED,SELL,SELL,"Aug 04, 2026",Financials,Insurance - Diversified,DOWNTREND,MOVING DOWN,,No active BUY transition
HII,LEADER,🚀 LEADER,BUY,BUY,"Jul 29, 2026",Industrials,Aerospace & Defense,UPTREND,MOVING UP,,Sustained BUY with confirmed trend and momentum
HIMS,UNCHANGED,UNCHANGED,SELL,SELL,"Jul 17, 2026",Health Care,Drug Manufacturers - Specialty & Generic,DOWNTREND,MOVING DOWN,,No active BUY transition
HIPO,UNCHANGED,UNCHANGED,,,,Financials,Insurance - Property & Casualty,UPTREND,,,No active BUY transition
HIW,UNCHANGED,UNCHANGED,SELL,SELL,"Jul 24, 2026",Real Estate,REIT - Office,NEUTRAL,MOVING DOWN,,No active BUY transition
HL,REMOVED,❌ REMOVED,,BUY,"Aug 07, 2026",Materials,Other Precious Metals & Mining,,,,Prior BUY is missing or no longer rated BUY
HLF,UNCHANGED,UNCHANGED,,SELL,"Aug 07, 2026",Staples,Packaged Foods,,,,Previously inactive symbol is absent
HLIO,LEADER,🚀 LEADER,BUY,BUY,"Aug 10, 2026",Industrials,Specialty Industrial Machinery,UPTREND,MOVING UP,,Sustained BUY with confirmed trend and momentum
HLNE,LEADER,🚀 LEADER,BUY,BUY,"Jul 28, 2026",Financials,Asset Management,UPTREND,MOVING UP,,Sustained BUY with confirmed trend and momentum
HLX,REMOVED,❌ REMOVED,,BUY,"Aug 05, 2026",Energy,Oil & Gas Equipment & Services,,,,Prior BUY is missing or no longer rated BUY
HMC,LEADER,🚀 LEADER,BUY,BUY,"Jun 30, 2026",Discretionary,Auto Manufacturers,UPTREND,MOVING UP,,Sustained BUY with confirmed trend and momentum
HMN,UNCHANGED,UNCHANGED,SELL,SELL,"Jul 16, 2026",Financials,Insurance - Property & Casualty,UPTREND,MOVING DOWN,,No active BUY transition
HMY,REMOVED,❌ REMOVED,,BUY,"Jul 29, 2026",Materials,Gold,,,,Prior BUY is missing or no longer rated BUY
HNGE,UNCHANGED,UNCHANGED,,,,Health Care,Health Information Services,UPTREND,,,No active BUY transition
HNI,DETERIORATING,⚠️ DETERIORATING,BUY,BUY,"Jul 28, 2026",Discretionary,Furnishings Fixtures & Appliances,UPTREND,MOVING DOWN,,Existing BUY momentum is weakening
HNRG,UNCHANGED,UNCHANGED,,SELL,"Jun 30, 2026",Utilities,Utilities - Independent Power Producers,,,,Previously inactive symbol is absent
HNVR,LEADER,🚀 LEADER,BUY,BUY,"Jul 15, 2026",Financials,Banks - Regional,UPTREND,MOVING UP,,Sustained BUY with confirmed trend and momentum
HOFT,UNCHANGED,UNCHANGED,,SELL,"Aug 14, 2026",Discretionary,Furnishings Fixtures & Appliances,,,,Previously inactive symbol is absent
HOG,LEADER,🚀 LEADER,BUY,BUY,"Aug 14, 2026",Discretionary,Recreational Vehicles,UPTREND,MOVING UP,,Sustained BUY with confirmed trend and momentum
HOMB,UNCHANGED,UNCHANGED,SELL,SELL,"Aug 07, 2026",Financials,Banks - Regional,UPTREND,MOVING DOWN,,No active BUY transition
HON,UNCHANGED,UNCHANGED,SELL,SELL,"Aug 13, 2026",Industrials,Conglomerates,UPTREND,MOVING DOWN,,No active BUY transition
HOOD,UNCHANGED,UNCHANGED,SELL,SELL,"Jul 17, 2026",Financials,Capital Markets,DOWNTREND,MOVING DOWN,,No active BUY transition
HOPE,UNCHANGED,UNCHANGED,,SELL,"Aug 12, 2026",Financials,Banks - Regional,,,,Previously inactive symbol is absent
HOV,REMOVED,❌ REMOVED,SELL,BUY,"Aug 17, 2026",Discretionary,Residential Construction,UPTREND,MOVING DOWN,,Prior BUY is missing or no longer rated BUY
HP,LEADER,🚀 LEADER,BUY,BUY,"Aug 07, 2026",Energy,Oil & Gas Drilling,UPTREND,MOVING UP,,Sustained BUY with confirmed trend and momentum
HPE,LEADER,🚀 LEADER,BUY,BUY,"Aug 03, 2026",Technology,Communication Equipment,UPTREND,MOVING UP,,Sustained BUY with confirmed trend and momentum
HPF,REMOVED,❌ REMOVED,,BUY,"Aug 10, 2026",Financials,Closed-End Fund - Debt,,,,Prior BUY is missing or no longer rated BUY
HPI,REMOVED,❌ REMOVED,,BUY,"Aug 12, 2026",Financials,Closed-End Fund - Debt,,,,Prior BUY is missing or no longer rated BUY
HPP,UNCHANGED,UNCHANGED,,SELL,"Jul 10, 2026",Real Estate,REIT - Office,,,,Previously inactive symbol is absent
HPQ,LEADER,🚀 LEADER,BUY,BUY,"Jul 28, 2026",Technology,Computer Hardware,UPTREND,MOVING UP,,Sustained BUY with confirmed trend and momentum
HPS,UNCHANGED,UNCHANGED,,SELL,"Jul 16, 2026",Financials,Closed-End Fund - Debt,,,,Previously inactive symbol is absent
HQH,REMOVED,❌ REMOVED,,BUY,"Jul 27, 2026",Financials,Closed-End Fund - Equity,,,,Prior BUY is missing or no longer rated BUY
HQI,REMOVED,❌ REMOVED,,BUY,"Aug 12, 2026",Industrials,Staffing & Employment Services,,,,Prior BUY is missing or no longer rated BUY
HQL,REMOVED,❌ REMOVED,,BUY,"Aug 12, 2026",Financials,Closed-End Fund - Equity,,,,Prior BUY is missing or no longer rated BUY
HQY,REMOVED,❌ REMOVED,SELL,BUY,"Aug 17, 2026",Health Care,Health Information Services,UPTREND,MOVING DOWN,,Prior BUY is missing or no longer rated BUY
HR,UNCHANGED,UNCHANGED,,SELL,"Aug 04, 2026",Real Estate,REIT - Healthcare Facilities,,,,Previously inactive symbol is absent
HRB,LEADER,🚀 LEADER,BUY,BUY,"Jul 29, 2026",Discretionary,Personal Services,UPTREND,MOVING UP,,Sustained BUY with confirmed trend and momentum
HRI,LEADER,🚀 LEADER,BUY,BUY,"Jul 15, 2026",Industrials,Rental & Leasing Services,UPTREND,MOVING UP,,Sustained BUY with confirmed trend and momentum
HRL,UNCHANGED,UNCHANGED,,SELL,"Jul 07, 2026",Staples,Packaged Foods,,,,Previously inactive symbol is absent
HRMY,REMOVED,❌ REMOVED,SELL,BUY,"Aug 17, 2026",Health Care,Biotechnology,UPTREND,MOVING DOWN,,Prior BUY is missing or no longer rated BUY
HROW,UNCHANGED,UNCHANGED,SELL,SELL,"Jul 27, 2026",Health Care,Drug Manufacturers - Specialty & Generic,DOWNTREND,MOVING UP,,No active BUY transition
HRTG,LEADER,🚀 LEADER,BUY,BUY,"Jul 31, 2026",Financials,Insurance - Property & Casualty,UPTREND,MOVING UP,,Sustained BUY with confirmed trend and momentum
HSBC,UNCHANGED,UNCHANGED,SELL,SELL,"Aug 10, 2026",Financials,Banks - Diversified,UPTREND,MOVING DOWN,,No active BUY transition
HSIC,LEADER,🚀 LEADER,BUY,BUY,"Aug 13, 2026",Health Care,Medical Distribution,UPTREND,MOVING UP,,Sustained BUY with confirmed trend and momentum
HST,UNCHANGED,UNCHANGED,,SELL,"Aug 10, 2026",Real Estate,REIT - Hotel & Motel,,,,Previously inactive symbol is absent
HSTM,UNCHANGED,UNCHANGED,SELL,SELL,"Aug 06, 2026",Health Care,Health Information Services,UPTREND,MOVING UP,,No active BUY transition
HSY,LEADER,🚀 LEADER,BUY,BUY,"Jul 29, 2026",Staples,Confectioners,UPTREND,MOVING UP,,Sustained BUY with confirmed trend and momentum
HTB,UNCHANGED,UNCHANGED,SELL,SELL,"Aug 13, 2026",Financials,Banks - Regional,UPTREND,MOVING DOWN,,No active BUY transition
HTD,UNCHANGED,UNCHANGED,SELL,SELL,"Jul 31, 2026",Financials,Closed-End Fund - Debt,DOWNTREND,MOVING DOWN,,No active BUY transition
HTFL,UNCHANGED,UNCHANGED,,,,Health Care,Health Information Services,UPTREND,,,No active BUY transition
HTGC,REMOVED,❌ REMOVED,,BUY,"Jul 29, 2026",Financials,Asset Management,,,,Prior BUY is missing or no longer rated BUY
HTH,LEADER,🚀 LEADER,BUY,BUY,"Jul 30, 2026",Financials,Financial Conglomerates,UPTREND,MOVING UP,,Sustained BUY with confirmed trend and momentum
HTHT,UNCHANGED,UNCHANGED,SELL,SELL,"Aug 13, 2026",Discretionary,Lodging,DOWNTREND,MOVING DOWN,,No active BUY transition
HTLD,UNCHANGED,UNCHANGED,,SELL,"Jul 27, 2026",Industrials,Trucking,,,,Previously inactive symbol is absent
HTO,UNCHANGED,UNCHANGED,SELL,SELL,"Jul 31, 2026",Utilities,Utilities - Regulated Water,UPTREND,MOVING DOWN,,No active BUY transition
HUBB,LEADER,🚀 LEADER,BUY,BUY,"Aug 06, 2026",Industrials,Electrical Equipment & Parts,UPTREND,MOVING UP,,Sustained BUY with confirmed trend and momentum
HUBG,UNCHANGED,UNCHANGED,SELL,SELL,"Jul 30, 2026",Industrials,Integrated Freight & Logistics,DOWNTREND,MOVING DOWN,,No active BUY transition
HUBS,UNCHANGED,UNCHANGED,SELL,SELL,"Aug 10, 2026",Technology,Software - Application,UPTREND,MOVING DOWN,,No active BUY transition
HUM,EMERGING,🔥 EMERGING,BUY,,"Aug 17, 2026",Health Care,Healthcare Plans,UPTREND,MOVING UP,,New BUY with rising trend and accelerating momentum
HUN,UNCHANGED,UNCHANGED,,SELL,"Aug 03, 2026",Materials,Chemicals,,,,Previously inactive symbol is absent
HURC,REMOVED,❌ REMOVED,,BUY,"Aug 10, 2026",Industrials,Specialty Industrial Machinery,,,,Prior BUY is missing or no longer rated BUY
HURN,LEADER,🚀 LEADER,BUY,BUY,"Jul 14, 2026",Industrials,Consulting Services,UPTREND,MOVING UP,,Sustained BUY with confirmed trend and momentum
HVII,UNCHANGED,UNCHANGED,,,,Financials,Shell Companies,,,,Previously inactive symbol is absent
HVMC,UNCHANGED,UNCHANGED,,,,Financials,Shell Companies,,,,Previously inactive symbol is absent
HVT,DETERIORATING,⚠️ DETERIORATING,BUY,BUY,"Aug 05, 2026",Discretionary,Home Improvement Retail,UPTREND,MOVING DOWN,,Existing BUY momentum is weakening
HWBK,UNCHANGED,UNCHANGED,,,,Financials,Banks - Regional,UPTREND,,,No active BUY transition
HWC,UNCHANGED,UNCHANGED,SELL,SELL,"Jul 24, 2026",Financials,Banks - Regional,UPTREND,MOVING UP,,No active BUY transition
HWKN,UNCHANGED,UNCHANGED,SELL,SELL,"Jun 30, 2026",Materials,Specialty Chemicals,DOWNTREND,MOVING UP,,No active BUY transition
HWM,UNCHANGED,UNCHANGED,SELL,SELL,"Aug 13, 2026",Industrials,Aerospace & Defense,UPTREND,MOVING DOWN,,No active BUY transition
HXL,UNCHANGED,UNCHANGED,SELL,SELL,"Aug 03, 2026",Industrials,Aerospace & Defense,NEUTRAL,MOVING DOWN,,No active BUY transition
HY,DETERIORATING,⚠️ DETERIORATING,BUY,BUY,"Aug 04, 2026",Industrials,Farm & Heavy Construction Machinery,NEUTRAL,MOVING DOWN,,Existing BUY momentum is weakening
HYI,UNCHANGED,UNCHANGED,,SELL,"Jul 15, 2026",Financials,Closed-End Fund - Debt,,,,Previously inactive symbol is absent
HYMC,LEADER,🚀 LEADER,BUY,BUY,"Aug 07, 2026",Materials,Gold,UPTREND,MOVING UP,,Sustained BUY with confirmed trend and momentum
HZO,LEADER,🚀 LEADER,BUY,BUY,"Aug 11, 2026",Discretionary,Specialty Retail,UPTREND,MOVING UP,,Sustained BUY with confirmed trend and momentum
IAF,UNCHANGED,UNCHANGED,,,,Financials,Closed-End Fund - Equity,,,,Previously inactive symbol is absent
IAG,REMOVED,❌ REMOVED,,BUY,"Aug 07, 2026",Materials,Gold,,,,Prior BUY is missing or no longer rated BUY
IBAC,UNCHANGED,UNCHANGED,,,,Financials,Shell Companies,,,,Previously inactive symbol is absent
IBCP,UNCHANGED,UNCHANGED,,,,Financials,Banks - Regional,UPTREND,,,No active BUY transition
IBEX,UNCHANGED,UNCHANGED,SELL,SELL,"Aug 13, 2026",Technology,Information Technology Services,UPTREND,MOVING DOWN,,No active BUY transition
IBKR,UNCHANGED,UNCHANGED,SELL,SELL,"Jul 21, 2026",Financials,Capital Markets,NEUTRAL,MOVING UP,,No active BUY transition
IBM,UNCHANGED,UNCHANGED,SELL,SELL,"Jul 15, 2026",Technology,Information Technology Services,DOWNTREND,MOVING UP,,No active BUY transition
IBN,UNCHANGED,UNCHANGED,SELL,SELL,"Jul 27, 2026",Financials,Banks - Regional,UPTREND,MOVING DOWN,,No active BUY transition
IBOC,UNCHANGED,UNCHANGED,SELL,SELL,"Jul 09, 2026",Financials,Banks - Regional,DOWNTREND,MOVING DOWN,,No active BUY transition
IBP,LEADER,🚀 LEADER,BUY,BUY,"Aug 07, 2026",Discretionary,Residential Construction,UPTREND,MOVING UP,,Sustained BUY with confirmed trend and momentum
IBTA,UNCHANGED,UNCHANGED,,,,Technology,Software - Application,UPTREND,,,No active BUY transition
ICCC,UNCHANGED,UNCHANGED,,SELL,"Jul 30, 2026",Health Care,Biotechnology,,,,Previously inactive symbol is absent
ICE,REMOVED,❌ REMOVED,SELL,BUY,"Aug 17, 2026",Financials,Financial Data & Stock Exchanges,UPTREND,MOVING DOWN,,Prior BUY is missing or no longer rated BUY
ICFI,LEADER,🚀 LEADER,BUY,BUY,"Jul 07, 2026",Industrials,Consulting Services,UPTREND,MOVING UP,,Sustained BUY with confirmed trend and momentum
ICHR,UNCHANGED,UNCHANGED,SELL,SELL,"Jul 08, 2026",Technology,Semiconductor Equipment & Materials,DOWNTREND,MOVING UP,,No active BUY transition
ICLR,UNCHANGED,UNCHANGED,SELL,SELL,"Jul 15, 2026",Health Care,Diagnostics & Research,NEUTRAL,MOVING DOWN,,No active BUY transition
ICUI,LEADER,🚀 LEADER,BUY,BUY,"Aug 03, 2026",Health Care,Medical Instruments & Supplies,UPTREND,MOVING UP,,Sustained BUY with confirmed trend and momentum
IDA,UNCHANGED,UNCHANGED,SELL,SELL,"Jul 20, 2026",Utilities,Utilities - Regulated Electric,DOWNTREND,MOVING DOWN,,No active BUY transition
IDCC,LEADER,🚀 LEADER,BUY,BUY,"Jul 31, 2026",Technology,Software - Application,UPTREND,MOVING UP,,Sustained BUY with confirmed trend and momentum
IDE,UNCHANGED,UNCHANGED,,SELL,"Jul 08, 2026",Financials,Closed-End Fund - Equity,,,,Previously inactive symbol is absent
IDT,UNCHANGED,UNCHANGED,SELL,SELL,"Aug 07, 2026",Communication,Telecom Services,UPTREND,MOVING DOWN,,No active BUY transition
IDXX,REMOVED,❌ REMOVED,SELL,BUY,"Aug 17, 2026",Health Care,Diagnostics & Research,NEUTRAL,MOVING DOWN,,Prior BUY is missing or no longer rated BUY
IDYA,UNCHANGED,UNCHANGED,SELL,SELL,"Aug 14, 2026",Health Care,Biotechnology,UPTREND,MOVING DOWN,,No active BUY transition
IE,UNCHANGED,UNCHANGED,,,,Materials,Copper,,,,Previously inactive symbol is absent
IESC,LEADER,🚀 LEADER,BUY,BUY,"Aug 05, 2026",Industrials,Engineering & Construction,UPTREND,MOVING UP,,Sustained BUY with confirmed trend and momentum
IEX,LEADER,🚀 LEADER,BUY,BUY,"Aug 03, 2026",Industrials,Specialty Industrial Machinery,UPTREND,MOVING UP,,Sustained BUY with confirmed trend and momentum
IFF,LEADER,🚀 LEADER,BUY,BUY,"Jul 31, 2026",Materials,Specialty Chemicals,UPTREND,MOVING UP,,Sustained BUY with confirmed trend and momentum
IFN,UNCHANGED,UNCHANGED,,,,Financials,Closed-End Fund - Equity,,,,Previously inactive symbol is absent
IFS,UNCHANGED,UNCHANGED,SELL,SELL,"Aug 11, 2026",Financials,Banks - Regional,DOWNTREND,MOVING DOWN,,No active BUY transition
IGA,UNCHANGED,UNCHANGED,,,,Financials,Closed-End Fund - Foreign,,,,Previously inactive symbol is absent
IGI,UNCHANGED,UNCHANGED,,,,Financials,Closed-End Fund - Debt,,,,Previously inactive symbol is absent
IGIC,UNCHANGED,UNCHANGED,SELL,SELL,"Aug 06, 2026",Financials,Insurance - Diversified,NEUTRAL,MOVING UP,,No active BUY transition
IHG,UNCHANGED,UNCHANGED,SELL,SELL,"Jul 02, 2026",Discretionary,Lodging,NEUTRAL,MOVING UP,,No active BUY transition
IIF,REMOVED,❌ REMOVED,,BUY,"Aug 05, 2026",Financials,Closed-End Fund - Foreign,,,,Prior BUY is missing or no longer rated BUY
IIIN,LEADER,🚀 LEADER,BUY,BUY,"Jul 17, 2026",Industrials,Metal Fabrication,UPTREND,MOVING UP,,Sustained BUY with confirmed trend and momentum
IIIV,UNCHANGED,UNCHANGED,,SELL,"Aug 10, 2026",Technology,Software - Infrastructure,,,,Previously inactive symbol is absent
IIM,REMOVED,❌ REMOVED,,BUY,"Aug 14, 2026",Financials,Closed-End Fund - Debt,,,,Prior BUY is missing or no longer rated BUY
IIPR,UNCHANGED,UNCHANGED,SELL,SELL,"Jul 14, 2026",Real Estate,REIT - Industrial,DOWNTREND,MOVING DOWN,,No active BUY transition
ILMN,UNCHANGED,UNCHANGED,SELL,SELL,"Jul 17, 2026",Health Care,Diagnostics & Research,UPTREND,MOVING DOWN,,No active BUY transition
IMAX,LEADER,🚀 LEADER,BUY,BUY,"Jul 24, 2026",Communication,Entertainment,UPTREND,MOVING UP,,Sustained BUY with confirmed trend and momentum
IMCR,DETERIORATING,⚠️ DETERIORATING,BUY,BUY,"Aug 10, 2026",Health Care,Biotechnology,UPTREND,MOVING DOWN,,Existing BUY momentum is weakening
IMKTA,UNCHANGED,UNCHANGED,SELL,SELL,"Jul 23, 2026",Staples,Grocery Stores,DOWNTREND,MOVING DOWN,,No active BUY transition
IMMX,UNCHANGED,UNCHANGED,,,,Health Care,Biotechnology,,,,Previously inactive symbol is absent
IMNM,DETERIORATING,⚠️ DETERIORATING,BUY,BUY,"Jul 29, 2026",Health Care,Biotechnology,UPTREND,MOVING DOWN,,Existing BUY momentum is weakening
IMO,LEADER,🚀 LEADER,BUY,BUY,"Jul 14, 2026",Energy,Oil & Gas Integrated,UPTREND,MOVING UP,,Sustained BUY with confirmed trend and momentum
IMOS,UNCHANGED,UNCHANGED,SELL,SELL,"Jul 22, 2026",Technology,Semiconductors,NEUTRAL,MOVING UP,,No active BUY transition
IMUX,REMOVED,❌ REMOVED,,BUY,"Aug 12, 2026",Health Care,Biotechnology,,,,Prior BUY is missing or no longer rated BUY
IMVT,LEADER,🚀 LEADER,BUY,BUY,"Aug 13, 2026",Health Care,Biotechnology,UPTREND,MOVING UP,,Sustained BUY with confirmed trend and momentum
INAC,UNCHANGED,UNCHANGED,,,,Financials,Shell Companies,,,,Previously inactive symbol is absent
INBK,LEADER,🚀 LEADER,BUY,BUY,"Aug 04, 2026",Financials,Banks - Regional,UPTREND,MOVING UP,,Sustained BUY with confirmed trend and momentum
INBX,UNCHANGED,UNCHANGED,,,,Health Care,Biotechnology,NEUTRAL,,,No active BUY transition
INCY,UNCHANGED,UNCHANGED,SELL,SELL,"Aug 04, 2026",Health Care,Biotechnology,UPTREND,MOVING DOWN,,No active BUY transition
INDB,UNCHANGED,UNCHANGED,SELL,SELL,"Jul 10, 2026",Financials,Banks - Regional,UPTREND,MOVING DOWN,,No active BUY transition
INFU,UNCHANGED,UNCHANGED,,,,Health Care,Medical Devices,,,,Previously inactive symbol is absent
INFY,REMOVED,❌ REMOVED,,BUY,"Jul 29, 2026",Technology,Information Technology Services,,,,Prior BUY is missing or no longer rated BUY
ING,LEADER,🚀 LEADER,BUY,BUY,"Aug 03, 2026",Financials,Banks - Diversified,UPTREND,MOVING UP,,Sustained BUY with confirmed trend and momentum
INGM,UNCHANGED,UNCHANGED,,,,Technology,Information Technology Services,NEUTRAL,,,No active BUY transition
INGR,LEADER,🚀 LEADER,BUY,BUY,"Aug 05, 2026",Staples,Packaged Foods,UPTREND,MOVING UP,,Sustained BUY with confirmed trend and momentum
INKT,REMOVED,❌ REMOVED,,BUY,"Aug 12, 2026",Health Care,Biotechnology,,,,Prior BUY is missing or no longer rated BUY
INMD,REMOVED,❌ REMOVED,,BUY,"Aug 05, 2026",Health Care,Medical Devices,,,,Prior BUY is missing or no longer rated BUY
INNV,UNCHANGED,UNCHANGED,,SELL,"Jul 13, 2026",Health Care,Medical Care Facilities,,,,Previously inactive symbol is absent
INR,UNCHANGED,UNCHANGED,,,,Energy,Oil & Gas E&P,,,,Previously inactive symbol is absent
INSM,LEADER,🚀 LEADER,BUY,BUY,"Aug 10, 2026",Health Care,Biotechnology,UPTREND,MOVING UP,,Sustained BUY with confirmed trend and momentum
INSP,DETERIORATING,⚠️ DETERIORATING,BUY,BUY,"Aug 04, 2026",Health Care,Medical Devices,UPTREND,MOVING DOWN,,Existing BUY momentum is weakening
INSW,UNCHANGED,UNCHANGED,SELL,SELL,"Aug 06, 2026",Energy,Oil & Gas Midstream,UPTREND,MOVING UP,,No active BUY transition
INTA,UNCHANGED,UNCHANGED,SELL,SELL,"Aug 14, 2026",Technology,Software - Application,UPTREND,MOVING DOWN,,No active BUY transition
INTC,UNCHANGED,UNCHANGED,SELL,SELL,"Jul 06, 2026",Technology,Semiconductors,DOWNTREND,MOVING UP,,No active BUY transition
INTG,UNCHANGED,UNCHANGED,SELL,SELL,"Jul 15, 2026",Discretionary,Lodging,DOWNTREND,MOVING UP,,No active BUY transition
INTT,UNCHANGED,UNCHANGED,,,,Technology,Semiconductor Equipment & Materials,,,,Previously inactive symbol is absent
INTU,LEADER,🚀 LEADER,BUY,BUY,"Jul 20, 2026",Technology,Software - Application,UPTREND,MOVING UP,,Sustained BUY with confirmed trend and momentum
INVA,UNCHANGED,UNCHANGED,,SELL,"Jul 02, 2026",Health Care,Biotechnology,,,,Previously inactive symbol is absent
INVH,EMERGING,🔥 EMERGING,BUY,SELL,"Aug 17, 2026",Real Estate,REIT - Residential,UPTREND,MOVING UP,,New BUY with rising trend and accelerating momentum
INVX,LEADER,🚀 LEADER,BUY,BUY,"Jul 23, 2026",Energy,Oil & Gas Equipment & Services,UPTREND,MOVING UP,,Sustained BUY with confirmed trend and momentum
IONQ,LEADER,🚀 LEADER,BUY,BUY,"Aug 12, 2026",Technology,Computer Hardware,UPTREND,MOVING UP,,Sustained BUY with confirmed trend and momentum
IONS,UNCHANGED,UNCHANGED,SELL,SELL,"Jul 10, 2026",Health Care,Biotechnology,DOWNTREND,MOVING UP,,No active BUY transition
IOSP,LEADER,🚀 LEADER,BUY,BUY,"Jul 17, 2026",Materials,Specialty Chemicals,UPTREND,MOVING UP,,Sustained BUY with confirmed trend and momentum
IOT,UNCHANGED,UNCHANGED,SELL,SELL,"Aug 13, 2026",Technology,Software - Infrastructure,UPTREND,MOVING DOWN,,No active BUY transition
IP,REMOVED,❌ REMOVED,SELL,BUY,"Aug 17, 2026",Discretionary,Packaging & Containers,UPTREND,MOVING DOWN,,Prior BUY is missing or no longer rated BUY
IPAR,UNCHANGED,UNCHANGED,SELL,SELL,"Jul 22, 2026",Staples,Household & Personal Products,NEUTRAL,MOVING DOWN,,No active BUY transition
IPEX,UNCHANGED,UNCHANGED,,,,Financials,Shell Companies,,,,Previously inactive symbol is absent
IPI,LEADER,🚀 LEADER,BUY,BUY,"Aug 11, 2026",Materials,Agricultural Inputs,UPTREND,MOVING UP,,Sustained BUY with confirmed trend and momentum
IQI,REMOVED,❌ REMOVED,,BUY,"Aug 14, 2026",Financials,Closed-End Fund - Debt,,,,Prior BUY is missing or no longer rated BUY
IQV,REMOVED,❌ REMOVED,SELL,BUY,"Aug 17, 2026",Health Care,Diagnostics & Research,UPTREND,MOVING DOWN,,Prior BUY is missing or no longer rated BUY
IR,UNCHANGED,UNCHANGED,SELL,SELL,"Aug 13, 2026",Industrials,Specialty Industrial Machinery,UPTREND,MOVING DOWN,,No active BUY transition
IRDM,LEADER,🚀 LEADER,BUY,BUY,"Aug 06, 2026",Communication,Telecom Services,UPTREND,MOVING UP,,Sustained BUY with confirmed trend and momentum
IRM,EMERGING,🔥 EMERGING,BUY,SELL,"Aug 17, 2026",Real Estate,REIT - Specialty,UPTREND,MOVING UP,,New BUY with rising trend and accelerating momentum
IRMD,UNCHANGED,UNCHANGED,SELL,SELL,"Jul 15, 2026",Health Care,Medical Devices,DOWNTREND,MOVING DOWN,,No active BUY transition
IRON,UNCHANGED,UNCHANGED,SELL,SELL,"Aug 10, 2026",Health Care,Biotechnology,UPTREND,MOVING DOWN,,No active BUY transition
IRS,UNCHANGED,UNCHANGED,,SELL,"Jun 29, 2026",Real Estate,Real Estate Services,,,,Previously inactive symbol is absent
IRT,REMOVED,❌ REMOVED,,BUY,"Aug 05, 2026",Real Estate,REIT - Residential,,,,Prior BUY is missing or no longer rated BUY
IRTC,LEADER,🚀 LEADER,BUY,BUY,"Jul 31, 2026",Health Care,Medical Devices,UPTREND,MOVING UP,,Sustained BUY with confirmed trend and momentum
ISBA,LEADER,🚀 LEADER,BUY,BUY,"Aug 05, 2026",Financials,Banks - Regional,UPTREND,MOVING UP,,Sustained BUY with confirmed trend and momentum
ISD,UNCHANGED,UNCHANGED,,SELL,"Jul 14, 2026",Financials,Closed-End Fund - Debt,,,,Previously inactive symbol is absent
ISRG,LEADER,🚀 LEADER,BUY,BUY,"Aug 12, 2026",Health Care,Medical Instruments & Supplies,UPTREND,MOVING UP,,Sustained BUY with confirmed trend and momentum
ISSC,REMOVED,❌ REMOVED,,BUY,"Aug 07, 2026",Industrials,Aerospace & Defense,,,,Prior BUY is missing or no longer rated BUY
ISTR,LEADER,🚀 LEADER,BUY,BUY,"Jul 29, 2026",Financials,Banks - Regional,UPTREND,MOVING UP,,Sustained BUY with confirmed trend and momentum
IT,LEADER,🚀 LEADER,BUY,BUY,"Jul 28, 2026",Technology,Information Technology Services,UPTREND,MOVING UP,,Sustained BUY with confirmed trend and momentum
ITGR,DETERIORATING,⚠️ DETERIORATING,BUY,BUY,"Jul 01, 2026",Health Care,Medical Devices,UPTREND,MOVING DOWN,,Existing BUY momentum is weakening
ITIC,UNCHANGED,UNCHANGED,SELL,SELL,"Aug 05, 2026",Financials,Insurance - Specialty,UPTREND,MOVING DOWN,,No active BUY transition
ITRI,DETERIORATING,⚠️ DETERIORATING,BUY,BUY,"Jul 29, 2026",Technology,Scientific & Technical Instruments,UPTREND,MOVING DOWN,,Existing BUY momentum is weakening
ITT,LEADER,🚀 LEADER,BUY,BUY,"Aug 05, 2026",Industrials,Specialty Industrial Machinery,UPTREND,MOVING UP,,Sustained BUY with confirmed trend and momentum
IVT,UNCHANGED,UNCHANGED,SELL,SELL,"Jul 30, 2026",Real Estate,REIT - Retail,DOWNTREND,MOVING UP,,No active BUY transition
IVZ,LEADER,🚀 LEADER,BUY,BUY,"Aug 05, 2026",Financials,Asset Management,UPTREND,MOVING UP,,Sustained BUY with confirmed trend and momentum
IX,LEADER,🚀 LEADER,BUY,BUY,"Jul 24, 2026",Financials,Financial Conglomerates,UPTREND,MOVING UP,,Sustained BUY with confirmed trend and momentum
JACK,REMOVED,❌ REMOVED,,BUY,"Aug 03, 2026",Discretionary,Restaurants,,,,Prior BUY is missing or no longer rated BUY
JACS,UNCHANGED,UNCHANGED,,,,Financials,Shell Companies,,,,Previously inactive symbol is absent
JAKK,UNCHANGED,UNCHANGED,SELL,SELL,"Aug 14, 2026",Discretionary,Leisure,UPTREND,MOVING DOWN,,No active BUY transition
JANX,REMOVED,❌ REMOVED,,BUY,"Aug 05, 2026",Health Care,Biotechnology,,,,Prior BUY is missing or no longer rated BUY
JAZZ,UNCHANGED,UNCHANGED,SELL,SELL,"Aug 11, 2026",Health Care,Biotechnology,UPTREND,MOVING DOWN,,No active BUY transition
JBGS,UNCHANGED,UNCHANGED,,SELL,"Jul 14, 2026",Real Estate,REIT - Diversified,,,,Previously inactive symbol is absent
JBIO,REMOVED,❌ REMOVED,,BUY,"Aug 10, 2026",Health Care,Biotechnology,,,,Prior BUY is missing or no longer rated BUY
JBL,LEADER,🚀 LEADER,BUY,BUY,"Aug 07, 2026",Technology,Electronic Components,UPTREND,MOVING UP,,Sustained BUY with confirmed trend and momentum
JBSS,LEADER,🚀 LEADER,BUY,BUY,"Aug 04, 2026",Staples,Packaged Foods,UPTREND,MOVING UP,,Sustained BUY with confirmed trend and momentum
JBTM,UNCHANGED,UNCHANGED,SELL,SELL,"Aug 06, 2026",Industrials,Specialty Industrial Machinery,DOWNTREND,MOVING DOWN,,No active BUY transition
JCE,REMOVED,❌ REMOVED,,BUY,"Aug 04, 2026",Financials,Closed-End Fund - Equity,,,,Prior BUY is missing or no longer rated BUY
JCI,LEADER,🚀 LEADER,BUY,BUY,"Aug 03, 2026",Industrials,Building Products & Equipment,UPTREND,MOVING UP,,Sustained BUY with confirmed trend and momentum
JD,UNCHANGED,UNCHANGED,SELL,SELL,"Aug 10, 2026",Discretionary,Internet Retail,NEUTRAL,MOVING DOWN,,No active BUY transition
JEF,UNCHANGED,UNCHANGED,SELL,SELL,"Aug 03, 2026",Financials,Capital Markets,UPTREND,MOVING DOWN,,No active BUY transition
JGH,REMOVED,❌ REMOVED,,BUY,"Aug 07, 2026",Financials,Closed-End Fund - Debt,,,,Prior BUY is missing or no longer rated BUY
JHI,REMOVED,❌ REMOVED,,BUY,"Aug 07, 2026",Financials,Closed-End Fund - Debt,,,,Prior BUY is missing or no longer rated BUY
JHX,LEADER,🚀 LEADER,BUY,BUY,"Aug 07, 2026",Materials,Building Materials,UPTREND,MOVING UP,,Sustained BUY with confirmed trend and momentum
JILL,UNCHANGED,UNCHANGED,,SELL,"Aug 11, 2026",Discretionary,Apparel Retail,,,,Previously inactive symbol is absent
JJSF,LEADER,🚀 LEADER,BUY,BUY,"Jul 09, 2026",Staples,Packaged Foods,UPTREND,MOVING UP,,Sustained BUY with confirmed trend and momentum
JKHY,UNCHANGED,UNCHANGED,SELL,SELL,"Aug 03, 2026",Technology,Information Technology Services,UPTREND,MOVING DOWN,,No active BUY transition
JKS,REMOVED,❌ REMOVED,,BUY,"Aug 11, 2026",Technology,Solar,,,,Prior BUY is missing or no longer rated BUY
JMSB,UNCHANGED,UNCHANGED,,SELL,"Aug 13, 2026",Financials,Banks - Regional,,,,Previously inactive symbol is absent
JNJ,LEADER,🚀 LEADER,BUY,BUY,"Jul 28, 2026",Health Care,Drug Manufacturers - General,UPTREND,MOVING UP,,Sustained BUY with confirmed trend and momentum
JOE,LEADER,🚀 LEADER,BUY,BUY,"Aug 04, 2026",Real Estate,Real Estate - Diversified,UPTREND,MOVING UP,,Sustained BUY with confirmed trend and momentum
JOF,REMOVED,❌ REMOVED,,BUY,"Aug 06, 2026",Financials,Closed-End Fund - Foreign,,,,Prior BUY is missing or no longer rated BUY
JOUT,DETERIORATING,⚠️ DETERIORATING,BUY,BUY,"Jul 17, 2026",Discretionary,Leisure,UPTREND,MOVING DOWN,,Existing BUY momentum is weakening
JOYY,UNCHANGED,UNCHANGED,SELL,SELL,"Aug 07, 2026",Communication,Internet Content & Information,UPTREND,MOVING DOWN,,No active BUY transition
JPM,UNCHANGED,UNCHANGED,SELL,SELL,"Jul 30, 2026",Financials,Banks - Diversified,UPTREND,MOVING DOWN,,No active BUY transition
JRI,UNCHANGED,UNCHANGED,,SELL,"Jul 22, 2026",Financials,Closed-End Fund - Equity,,,,Previously inactive symbol is absent
JXN,REMOVED,❌ REMOVED,SELL,BUY,"Aug 17, 2026",Financials,Insurance - Life,UPTREND,MOVING DOWN,,Prior BUY is missing or no longer rated BUY
KAI,LEADER,🚀 LEADER,BUY,BUY,"Jul 20, 2026",Industrials,Specialty Industrial Machinery,UPTREND,MOVING UP,,Sustained BUY with confirmed trend and momentum
KALU,LEADER,🚀 LEADER,BUY,BUY,"Aug 07, 2026",Materials,Aluminum,UPTREND,MOVING UP,,Sustained BUY with confirmed trend and momentum
KARO,UNCHANGED,UNCHANGED,SELL,SELL,"Jul 29, 2026",Technology,Software - Application,UPTREND,MOVING DOWN,,No active BUY transition
KB,UNCHANGED,UNCHANGED,SELL,SELL,"Jul 29, 2026",Financials,Banks - Regional,UPTREND,MOVING DOWN,,No active BUY transition
KBDC,UNCHANGED,UNCHANGED,,,,Financials,Asset Management,,,,Previously inactive symbol is absent
KBH,UNCHANGED,UNCHANGED,SELL,SELL,"Aug 14, 2026",Discretionary,Residential Construction,NEUTRAL,MOVING DOWN,,No active BUY transition
KBR,LEADER,🚀 LEADER,BUY,BUY,"Aug 05, 2026",Industrials,Engineering & Construction,UPTREND,MOVING UP,,Sustained BUY with confirmed trend and momentum
KC,UNCHANGED,UNCHANGED,,SELL,"Aug 12, 2026",Technology,Software - Application,,,,Previously inactive symbol is absent
KCHV,UNCHANGED,UNCHANGED,,,,Financials,Shell Companies,,,,Previously inactive symbol is absent
KD,UNCHANGED,UNCHANGED,,SELL,"Aug 10, 2026",Technology,Information Technology Services,,,,Previously inactive symbol is absent
KDP,UNCHANGED,UNCHANGED,SELL,SELL,"Jul 09, 2026",Staples,Beverages - Non-Alcoholic,NEUTRAL,MOVING UP,,No active BUY transition
KE,UNCHANGED,UNCHANGED,,,,Industrials,Electrical Equipment & Parts,UPTREND,,,No active BUY transition
KELYA,UNCHANGED,UNCHANGED,,,,Industrials,Staffing & Employment Services,,,,Previously inactive symbol is absent
KEP,UNCHANGED,UNCHANGED,,SELL,"Aug 14, 2026",Utilities,Utilities - Regulated Electric,,,,Previously inactive symbol is absent
KEQU,UNCHANGED,UNCHANGED,,,,Discretionary,Furnishings Fixtures & Appliances,DOWNTREND,,,No active BUY transition
KEX,UNCHANGED,UNCHANGED,SELL,SELL,"Jul 30, 2026",Industrials,Marine Shipping,NEUTRAL,MOVING UP,,No active BUY transition
KEY,UNCHANGED,UNCHANGED,,SELL,"Jul 23, 2026",Financials,Banks - Regional,,,,Previously inactive symbol is absent
KEYS,LEADER,🚀 LEADER,BUY,BUY,"Aug 06, 2026",Technology,Scientific & Technical Instruments,UPTREND,MOVING UP,,Sustained BUY with confirmed trend and momentum
KF,UNCHANGED,UNCHANGED,,,,Financials,Closed-End Fund - Foreign,NEUTRAL,,,No active BUY transition
KFII,UNCHANGED,UNCHANGED,,,,Financials,Shell Companies,,,,Previously inactive symbol is absent
KFRC,UNCHANGED,UNCHANGED,SELL,SELL,"Jul 30, 2026",Industrials,Staffing & Employment Services,UPTREND,MOVING DOWN,,No active BUY transition
KFY,UNCHANGED,UNCHANGED,SELL,SELL,"Aug 12, 2026",Industrials,Staffing & Employment Services,UPTREND,MOVING DOWN,,No active BUY transition
KGC,LEADER,🚀 LEADER,BUY,BUY,"Aug 07, 2026",Materials,Gold,UPTREND,MOVING UP,,Sustained BUY with confirmed trend and momentum
KGS,UNCHANGED,UNCHANGED,,,,Energy,Oil & Gas Equipment & Services,NEUTRAL,,,No active BUY transition
KHC,UNCHANGED,UNCHANGED,SELL,SELL,"Jul 24, 2026",Staples,Packaged Foods,NEUTRAL,MOVING DOWN,,No active BUY transition
KIDS,UNCHANGED,UNCHANGED,,,,Health Care,Medical Devices,,,,Previously inactive symbol is absent
KIM,UNCHANGED,UNCHANGED,,SELL,"Aug 03, 2026",Real Estate,REIT - Retail,,,,Previously inactive symbol is absent
KINS,UNCHANGED,UNCHANGED,,,,Financials,Insurance - Property & Casualty,,,,Previously inactive symbol is absent
KIO,UNCHANGED,UNCHANGED,,,,Financials,Closed-End Fund - Debt,,,,Previously inactive symbol is absent
KKR,LEADER,🚀 LEADER,BUY,BUY,"Jul 29, 2026",Financials,Asset Management,UPTREND,MOVING UP,,Sustained BUY with confirmed trend and momentum
KLAC,UNCHANGED,UNCHANGED,SELL,SELL,"Jul 02, 2026",Technology,Semiconductor Equipment & Materials,DOWNTREND,MOVING UP,,No active BUY transition
KLIC,UNCHANGED,UNCHANGED,SELL,SELL,"Jul 08, 2026",Technology,Semiconductor Equipment & Materials,DOWNTREND,MOVING UP,,No active BUY transition
KMB,UNCHANGED,UNCHANGED,SELL,SELL,"Aug 11, 2026",Staples,Household & Personal Products,UPTREND,MOVING DOWN,,No active BUY transition
KMI,UNCHANGED,UNCHANGED,SELL,SELL,"Jul 28, 2026",Energy,Oil & Gas Midstream,NEUTRAL,MOVING UP,,No active BUY transition
KMPR,UNCHANGED,UNCHANGED,SELL,SELL,"Aug 11, 2026",Financials,Insurance - Property & Casualty,DOWNTREND,MOVING DOWN,,No active BUY transition
KMT,UNCHANGED,UNCHANGED,SELL,SELL,"Aug 07, 2026",Industrials,Tools & Accessories,DOWNTREND,MOVING DOWN,,No active BUY transition
KMTS,UNCHANGED,UNCHANGED,,,,Health Care,Medical Instruments & Supplies,UPTREND,,,No active BUY transition
KMX,UNCHANGED,UNCHANGED,SELL,SELL,"Jul 27, 2026",Discretionary,Auto & Truck Dealerships,UPTREND,MOVING DOWN,,No active BUY transition
KN,LEADER,🚀 LEADER,BUY,BUY,"Aug 05, 2026",Technology,Electronic Components,UPTREND,MOVING UP,,Sustained BUY with confirmed trend and momentum
KNF,UNCHANGED,UNCHANGED,,,,Materials,Building Materials,DOWNTREND,,,No active BUY transition
KNSA,UNCHANGED,UNCHANGED,SELL,SELL,"Aug 06, 2026",Health Care,Drug Manufacturers - Specialty & Generic,UPTREND,MOVING DOWN,,No active BUY transition
KNSL,LEADER,🚀 LEADER,BUY,BUY,"Jul 29, 2026",Financials,Insurance - Property & Casualty,UPTREND,MOVING UP,,Sustained BUY with confirmed trend and momentum
KNTK,LEADER,🚀 LEADER,BUY,BUY,"Aug 12, 2026",Energy,Oil & Gas Midstream,UPTREND,MOVING UP,,Sustained BUY with confirmed trend and momentum
KNX,UNCHANGED,UNCHANGED,SELL,SELL,"Jul 24, 2026",Industrials,Trucking,NEUTRAL,MOVING UP,,No active BUY transition
KO,LEADER,🚀 LEADER,BUY,BUY,"Jul 30, 2026",Staples,Beverages - Non-Alcoholic,UPTREND,MOVING UP,,Sustained BUY with confirmed trend and momentum
KOD,DETERIORATING,⚠️ DETERIORATING,BUY,BUY,"Aug 06, 2026",Health Care,Biotechnology,UPTREND,MOVING DOWN,,Existing BUY momentum is weakening
KOF,LEADER,🚀 LEADER,BUY,BUY,"Jul 29, 2026",Staples,Beverages - Non-Alcoholic,UPTREND,MOVING UP,,Sustained BUY with confirmed trend and momentum
KOP,UNCHANGED,UNCHANGED,,,,Materials,Specialty Chemicals,NEUTRAL,,,No active BUY transition
KOYN,UNCHANGED,UNCHANGED,,,,Financials,Shell Companies,,,,Previously inactive symbol is absent
KRG,UNCHANGED,UNCHANGED,SELL,SELL,"Aug 03, 2026",Real Estate,REIT - Retail,DOWNTREND,MOVING DOWN,,No active BUY transition
KRMN,UNCHANGED,UNCHANGED,,,,Industrials,Aerospace & Defense,UPTREND,,,No active BUY transition
KRNT,REMOVED,❌ REMOVED,,BUY,"Aug 05, 2026",Industrials,Specialty Industrial Machinery,,,,Prior BUY is missing or no longer rated BUY
KROS,REMOVED,❌ REMOVED,,BUY,"Aug 13, 2026",Health Care,Biotechnology,,,,Prior BUY is missing or no longer rated BUY
KRP,REMOVED,❌ REMOVED,,BUY,"Aug 12, 2026",Energy,Oil & Gas E&P,,,,Prior BUY is missing or no longer rated BUY
KRRO,UNCHANGED,UNCHANGED,,,,Health Care,Biotechnology,,,,Previously inactive symbol is absent
KRT,DETERIORATING,⚠️ DETERIORATING,BUY,BUY,"Aug 11, 2026",Discretionary,Packaging & Containers,UPTREND,MOVING DOWN,,Existing BUY momentum is weakening
KRUS,LEADER,🚀 LEADER,BUY,BUY,"Aug 13, 2026",Discretionary,Restaurants,UPTREND,MOVING UP,,Sustained BUY with confirmed trend and momentum
KRYS,UNCHANGED,UNCHANGED,SELL,SELL,"Aug 04, 2026",Health Care,Biotechnology,DOWNTREND,MOVING UP,,No active BUY transition
KSS,UNCHANGED,UNCHANGED,,SELL,"Aug 12, 2026",Discretionary,Department Stores,,,,Previously inactive symbol is absent
KT,REMOVED,❌ REMOVED,,BUY,"Jul 27, 2026",Communication,Telecom Services,,,,Prior BUY is missing or no longer rated BUY
KTB,UNCHANGED,UNCHANGED,SELL,SELL,"Aug 03, 2026",Discretionary,Apparel Manufacturing,NEUTRAL,MOVING UP,,No active BUY transition
KTOS,LEADER,🚀 LEADER,BUY,BUY,"Aug 06, 2026",Industrials,Aerospace & Defense,UPTREND,MOVING UP,,Sustained BUY with confirmed trend and momentum
KURA,UNCHANGED,UNCHANGED,,SELL,"Jul 15, 2026",Health Care,Biotechnology,,,,Previously inactive symbol is absent
KVAC,UNCHANGED,UNCHANGED,,,,Financials,Shell Companies,,,,Previously inactive symbol is absent
KVUE,UNCHANGED,UNCHANGED,,,,Staples,Household & Personal Products,,,,Previously inactive symbol is absent
KVYO,UNCHANGED,UNCHANGED,,,,Technology,Software - Application,,,,Previously inactive symbol is absent
KWR,LEADER,🚀 LEADER,BUY,BUY,"Jul 31, 2026",Materials,Specialty Chemicals,UPTREND,MOVING UP,,Sustained BUY with confirmed trend and momentum
KYMR,LEADER,🚀 LEADER,BUY,BUY,"Aug 13, 2026",Health Care,Biotechnology,UPTREND,MOVING UP,,Sustained BUY with confirmed trend and momentum
KYN,UNCHANGED,UNCHANGED,,SELL,"Jul 31, 2026",Financials,Closed-End Fund - Equity,,,,Previously inactive symbol is absent
L,UNCHANGED,UNCHANGED,SELL,SELL,"Aug 07, 2026",Financials,Insurance - Property & Casualty,DOWNTREND,MOVING DOWN,,No active BUY transition
LAD,UNCHANGED,UNCHANGED,SELL,SELL,"Aug 14, 2026",Discretionary,Auto & Truck Dealerships,UPTREND,MOVING DOWN,,No active BUY transition
LADR,REMOVED,❌ REMOVED,,BUY,"Aug 14, 2026",Real Estate,REIT - Mortgage,,,,Prior BUY is missing or no longer rated BUY
LAKE,REMOVED,❌ REMOVED,,BUY,"Aug 05, 2026",Discretionary,Apparel Manufacturing,,,,Prior BUY is missing or no longer rated BUY
LAMR,UNCHANGED,UNCHANGED,SELL,SELL,"Jul 27, 2026",Real Estate,REIT - Specialty,DOWNTREND,MOVING DOWN,,No active BUY transition
LARK,UNCHANGED,UNCHANGED,SELL,SELL,"Aug 04, 2026",Financials,Banks - Regional,UPTREND,MOVING DOWN,,No active BUY transition
LASR,UNCHANGED,UNCHANGED,SELL,SELL,"Aug 10, 2026",Technology,Semiconductors,DOWNTREND,MOVING DOWN,,No active BUY transition
LAUR,UNCHANGED,UNCHANGED,SELL,SELL,"Aug 12, 2026",Staples,Education & Training Services,NEUTRAL,MOVING DOWN,,No active BUY transition
LAZ,LEADER,🚀 LEADER,BUY,BUY,"Aug 05, 2026",Financials,Capital Markets,UPTREND,MOVING UP,,Sustained BUY with confirmed trend and momentum
LB,UNCHANGED,UNCHANGED,,,,Energy,Oil & Gas Equipment & Services,UPTREND,,,No active BUY transition
LBRDA,LEADER,🚀 LEADER,BUY,BUY,"Jul 30, 2026",Communication,Telecom Services,UPTREND,MOVING UP,,Sustained BUY with confirmed trend and momentum
LBRDK,LEADER,🚀 LEADER,BUY,BUY,"Jul 30, 2026",Communication,Telecom Services,UPTREND,MOVING UP,,Sustained BUY with confirmed trend and momentum
LBRX,UNCHANGED,UNCHANGED,,,,Health Care,Biotechnology,UPTREND,,,No active BUY transition
LBTYB,REMOVED,❌ REMOVED,,BUY,"Aug 11, 2026",Communication,Cable & Other Pay Television Services,,,,Prior BUY is missing or no longer rated BUY
LCCC,UNCHANGED,UNCHANGED,,,,Financials,Shell Companies,,,,Previously inactive symbol is absent
LCII,UNCHANGED,UNCHANGED,SELL,SELL,"Aug 03, 2026",Discretionary,Recreational Vehicles,UPTREND,MOVING DOWN,,No active BUY transition
LCNB,UNCHANGED,UNCHANGED,,SELL,"Aug 07, 2026",Financials,Banks - Regional,,,,Previously inactive symbol is absent
LDOS,LEADER,🚀 LEADER,BUY,BUY,"Jul 28, 2026",Technology,Information Technology Services,UPTREND,MOVING UP,,Sustained BUY with confirmed trend and momentum
LDP,UNCHANGED,UNCHANGED,,SELL,"Jul 20, 2026",Financials,Closed-End Fund - Debt,,,,Previously inactive symbol is absent
LE,UNCHANGED,UNCHANGED,,SELL,"Aug 14, 2026",Discretionary,Apparel Retail,,,,Previously inactive symbol is absent
LEA,UNCHANGED,UNCHANGED,SELL,SELL,"Aug 04, 2026",Discretionary,Auto Parts,DOWNTREND,MOVING DOWN,,No active BUY transition
LECO,LEADER,🚀 LEADER,BUY,BUY,"Aug 04, 2026",Industrials,Tools & Accessories,UPTREND,MOVING UP,,Sustained BUY with confirmed trend and momentum
LEGH,LEADER,🚀 LEADER,BUY,BUY,"Aug 06, 2026",Discretionary,Residential Construction,UPTREND,MOVING UP,,Sustained BUY with confirmed trend and momentum
LEN,ACTIVE_BUY,ACTIVE BUY,BUY,BUY,"Aug 10, 2026",Discretionary,Residential Construction,NEUTRAL,MOVING UP,,BUY remains active without a higher-priority setup
LEN/B,LEADER,🚀 LEADER,BUY,BUY,"Aug 06, 2026",Discretionary,Homebuilding,UPTREND,MOVING UP,,Sustained BUY with confirmed trend and momentum
LEU,LEADER,🚀 LEADER,BUY,BUY,"Jul 28, 2026",Energy,Uranium,UPTREND,MOVING UP,,Sustained BUY with confirmed trend and momentum
LEVI,UNCHANGED,UNCHANGED,,SELL,"Aug 03, 2026",Discretionary,Apparel Manufacturing,,,,Previously inactive symbol is absent
LFST,REMOVED,❌ REMOVED,,BUY,"Aug 11, 2026",Health Care,Medical Care Facilities,,,,Prior BUY is missing or no longer rated BUY
LFUS,LEADER,🚀 LEADER,BUY,BUY,"Aug 04, 2026",Technology,Electronic Components,UPTREND,MOVING UP,,Sustained BUY with confirmed trend and momentum
LGCY,UNCHANGED,UNCHANGED,,,,Staples,Education & Training Services,,,,Previously inactive symbol is absent
LGI,REMOVED,❌ REMOVED,,BUY,"Aug 10, 2026",Financials,Closed-End Fund - Foreign,,,,Prior BUY is missing or no longer rated BUY
LGIH,UNCHANGED,UNCHANGED,SELL,SELL,"Aug 11, 2026",Discretionary,Residential Construction,UPTREND,MOVING UP,,No active BUY transition
LGN,UNCHANGED,UNCHANGED,,,,Industrials,Engineering & Construction,DOWNTREND,,,No active BUY transition
LGND,UNCHANGED,UNCHANGED,SELL,SELL,"Jul 10, 2026",Health Care,Biotechnology,NEUTRAL,MOVING UP,,No active BUY transition
LH,LEADER,🚀 LEADER,BUY,BUY,"Jul 28, 2026",Health Care,Diagnostics & Research,UPTREND,MOVING UP,,Sustained BUY with confirmed trend and momentum
LHX,UNCHANGED,UNCHANGED,SELL,SELL,"Jul 31, 2026",Industrials,Aerospace & Defense,DOWNTREND,MOVING UP,,No active BUY transition
LI,UNCHANGED,UNCHANGED,,SELL,"Aug 07, 2026",Discretionary,Auto Manufacturers,,,,Previously inactive symbol is absent
LIF,UNCHANGED,UNCHANGED,,,,Technology,Software - Application,DOWNTREND,,,No active BUY transition
LII,UNCHANGED,UNCHANGED,SELL,SELL,"Jul 13, 2026",Industrials,Building Products & Equipment,DOWNTREND,MOVING DOWN,,No active BUY transition
LIN,UNCHANGED,UNCHANGED,SELL,SELL,"Jul 15, 2026",Materials,Specialty Chemicals,DOWNTREND,MOVING DOWN,,No active BUY transition
LINC,UNCHANGED,UNCHANGED,SELL,SELL,"Jul 16, 2026",Staples,Education & Training Services,DOWNTREND,MOVING DOWN,,No active BUY transition
LIND,LEADER,🚀 LEADER,BUY,BUY,"Jul 29, 2026",Discretionary,Travel Services,UPTREND,MOVING UP,,Sustained BUY with confirmed trend and momentum
LINE,UNCHANGED,UNCHANGED,,,,Real Estate,REIT - Industrial,DOWNTREND,,,No active BUY transition
LITE,LEADER,🚀 LEADER,BUY,BUY,"Aug 07, 2026",Technology,Communication Equipment,UPTREND,MOVING UP,,Sustained BUY with confirmed trend and momentum
LIVN,UNCHANGED,UNCHANGED,SELL,SELL,"Aug 07, 2026",Health Care,Medical Devices,UPTREND,MOVING UP,,No active BUY transition
LKFN,UNCHANGED,UNCHANGED,SELL,SELL,"Aug 11, 2026",Financials,Banks - Regional,UPTREND,MOVING DOWN,,No active BUY transition
LKFT,UNCHANGED,UNCHANGED,SELL,SELL,"Jul 15, 2026",Health Care,Biotechnology,DOWNTREND,MOVING UP,,No active BUY transition
LKQ,UNCHANGED,UNCHANGED,SELL,SELL,"Jul 31, 2026",Discretionary,Auto Parts,DOWNTREND,MOVING UP,,No active BUY transition
LLY,UNCHANGED,UNCHANGED,SELL,SELL,"Jul 16, 2026",Health Care,Drug Manufacturers - General,UPTREND,MOVING DOWN,,No active BUY transition
LMAT,UNCHANGED,UNCHANGED,SELL,SELL,"Jul 24, 2026",Health Care,Medical Instruments & Supplies,DOWNTREND,MOVING DOWN,,No active BUY transition
LMND,UNCHANGED,UNCHANGED,SELL,SELL,"Jul 16, 2026",Financials,Insurance - Property & Casualty,DOWNTREND,MOVING DOWN,,No active BUY transition
LMNR,REMOVED,❌ REMOVED,,BUY,"Aug 10, 2026",Staples,Farm Products,,,,Prior BUY is missing or no longer rated BUY
LMT,LEADER,🚀 LEADER,BUY,BUY,"Jul 27, 2026",Industrials,Aerospace & Defense,UPTREND,MOVING UP,,Sustained BUY with confirmed trend and momentum
LNC,UNCHANGED,UNCHANGED,SELL,SELL,"Aug 13, 2026",Financials,Insurance - Life,UPTREND,MOVING DOWN,,No active BUY transition
LNG,LEADER,🚀 LEADER,BUY,BUY,"Aug 13, 2026",Energy,Oil & Gas Midstream,UPTREND,MOVING UP,,Sustained BUY with confirmed trend and momentum
LNN,LEADER,🚀 LEADER,BUY,BUY,"Aug 12, 2026",Industrials,Farm & Heavy Construction Machinery,UPTREND,MOVING UP,,Sustained BUY with confirmed trend and momentum
LNT,UNCHANGED,UNCHANGED,SELL,SELL,"Jul 15, 2026",Utilities,Utilities - Regulated Electric,DOWNTREND,MOVING DOWN,,No active BUY transition
LNTH,UNCHANGED,UNCHANGED,SELL,SELL,"Jul 08, 2026",Health Care,Drug Manufacturers - Specialty & Generic,DOWNTREND,MOVING UP,,No active BUY transition
LOAR,UNCHANGED,UNCHANGED,,,,Industrials,Aerospace & Defense,UPTREND,,,No active BUY transition
LOB,LEADER,🚀 LEADER,BUY,BUY,"Aug 04, 2026",Financials,Banks - Regional,UPTREND,MOVING UP,,Sustained BUY with confirmed trend and momentum
LOCO,UNCHANGED,UNCHANGED,,SELL,"Aug 10, 2026",Discretionary,Restaurants,,,,Previously inactive symbol is absent
LOGI,REMOVED,❌ REMOVED,SELL,BUY,"Aug 17, 2026",Technology,Computer Hardware,NEUTRAL,MOVING UP,,Prior BUY is missing or no longer rated BUY
LOPE,UNCHANGED,UNCHANGED,SELL,SELL,"Aug 13, 2026",Staples,Education & Training Services,DOWNTREND,MOVING DOWN,,No active BUY transition
LOVE,UNCHANGED,UNCHANGED,,SELL,"Aug 14, 2026",Discretionary,Furnishings Fixtures & Appliances,,,,Previously inactive symbol is absent
LOW,LEADER,🚀 LEADER,BUY,BUY,"Aug 06, 2026",Discretionary,Home Improvement Retail,UPTREND,MOVING UP,,Sustained BUY with confirmed trend and momentum
LPAA,UNCHANGED,UNCHANGED,,,,Financials,Shell Companies,,,,Previously inactive symbol is absent
LPBB,UNCHANGED,UNCHANGED,,,,Financials,Shell Companies,,,,Previously inactive symbol is absent
LPG,UNCHANGED,UNCHANGED,SELL,SELL,"Aug 06, 2026",Energy,Oil & Gas Midstream,UPTREND,MOVING DOWN,,No active BUY transition
LPLA,LEADER,🚀 LEADER,BUY,BUY,"Jul 07, 2026",Financials,Capital Markets,UPTREND,MOVING UP,,Sustained BUY with confirmed trend and momentum
LPTH,REMOVED,❌ REMOVED,,BUY,"Aug 11, 2026",Technology,Electronic Components,,,,Prior BUY is missing or no longer rated BUY
LPX,REMOVED,❌ REMOVED,SELL,BUY,"Aug 17, 2026",Industrials,Building Products & Equipment,NEUTRAL,MOVING DOWN,,Prior BUY is missing or no longer rated BUY
LQDA,UNCHANGED,UNCHANGED,SELL,SELL,"Aug 04, 2026",Health Care,Drug Manufacturers - Specialty & Generic,DOWNTREND,MOVING DOWN,,No active BUY transition
LQDT,LEADER,🚀 LEADER,BUY,BUY,"Aug 07, 2026",Discretionary,Internet Retail,UPTREND,MOVING UP,,Sustained BUY with confirmed trend and momentum
LRCX,EMERGING,🔥 EMERGING,BUY,SELL,"Aug 17, 2026",Technology,Semiconductor Equipment & Materials,UPTREND,MOVING UP,,New BUY with rising trend and accelerating momentum
LRN,UNCHANGED,UNCHANGED,SELL,SELL,"Aug 03, 2026",Staples,Education & Training Services,DOWNTREND,MOVING UP,,No active BUY transition
LSBK,UNCHANGED,UNCHANGED,,,,Financials,Banks - Regional,,,,Previously inactive symbol is absent
LSPD,REMOVED,❌ REMOVED,,BUY,"Aug 14, 2026",Technology,Software - Application,,,,Prior BUY is missing or no longer rated BUY
LTC,UNCHANGED,UNCHANGED,SELL,SELL,"Aug 03, 2026",Real Estate,REIT - Healthcare Facilities,NEUTRAL,MOVING DOWN,,No active BUY transition
LTH,UNCHANGED,UNCHANGED,SELL,SELL,"Aug 05, 2026",Discretionary,Leisure,UPTREND,MOVING UP,,No active BUY transition
LULU,REMOVED,❌ REMOVED,SELL,BUY,"Aug 17, 2026",Discretionary,Apparel Retail,NEUTRAL,MOVING DOWN,,Prior BUY is missing or no longer rated BUY
LUNR,REMOVED,❌ REMOVED,,BUY,"Aug 14, 2026",Industrials,Aerospace & Defense,,,,Prior BUY is missing or no longer rated BUY
LUV,UNCHANGED,UNCHANGED,SELL,SELL,"Jul 08, 2026",Industrials,Airlines,DOWNTREND,MOVING DOWN,,No active BUY transition
LVLU,REMOVED,❌ REMOVED,,BUY,"Aug 12, 2026",Discretionary,Apparel Retail,,,,Prior BUY is missing or no longer rated BUY
LVS,UNCHANGED,UNCHANGED,SELL,SELL,"Aug 07, 2026",Discretionary,Resorts & Casinos,DOWNTREND,MOVING DOWN,,No active BUY transition
LW,UNCHANGED,UNCHANGED,SELL,SELL,"Aug 11, 2026",Staples,Packaged Foods,UPTREND,MOVING DOWN,,No active BUY transition
LWAC,UNCHANGED,UNCHANGED,,,,Financials,Shell Companies,,,,Previously inactive symbol is absent
LWAY,UNCHANGED,UNCHANGED,SELL,SELL,"Jul 23, 2026",Staples,Packaged Foods,DOWNTREND,MOVING DOWN,,No active BUY transition
LXFR,UNCHANGED,UNCHANGED,,SELL,"Jul 01, 2026",Industrials,Specialty Industrial Machinery,,,,Previously inactive symbol is absent
LXP,UNCHANGED,UNCHANGED,SELL,SELL,"Aug 07, 2026",Real Estate,REIT - Industrial,UPTREND,MOVING DOWN,,No active BUY transition
LYB,LEADER,🚀 LEADER,BUY,BUY,"Jul 22, 2026",Materials,Specialty Chemicals,UPTREND,MOVING UP,,Sustained BUY with confirmed trend and momentum
LYEL,UNCHANGED,UNCHANGED,,SELL,"Aug 13, 2026",Health Care,Biotechnology,,,,Previously inactive symbol is absent
LYFT,REMOVED,❌ REMOVED,,BUY,"Aug 03, 2026",Technology,Software - Application,,,,Prior BUY is missing or no longer rated BUY
LYTS,UNCHANGED,UNCHANGED,,SELL,"Jul 07, 2026",Technology,Electronic Components,,,,Previously inactive symbol is absent
LYV,LEADER,🚀 LEADER,BUY,BUY,"Aug 11, 2026",Communication,Entertainment,UPTREND,MOVING UP,,Sustained BUY with confirmed trend and momentum
LZB,DETERIORATING,⚠️ DETERIORATING,BUY,BUY,"Aug 05, 2026",Discretionary,Furnishings Fixtures & Appliances,UPTREND,MOVING DOWN,,Existing BUY momentum is weakening
M,UNCHANGED,UNCHANGED,,SELL,"Aug 12, 2026",Discretionary,Department Stores,,,,Previously inactive symbol is absent
MA,UNCHANGED,UNCHANGED,SELL,SELL,"Aug 12, 2026",Financials,Credit Services,UPTREND,MOVING DOWN,,No active BUY transition
MAA,UNCHANGED,UNCHANGED,SELL,SELL,"Jul 14, 2026",Real Estate,REIT - Residential,DOWNTREND,MOVING DOWN,,No active BUY transition
MAC,UNCHANGED,UNCHANGED,,SELL,"Jul 31, 2026",Real Estate,REIT - Retail,,,,Previously inactive symbol is absent
MACI,UNCHANGED,UNCHANGED,,,,Financials,Shell Companies,,,,Previously inactive symbol is absent
MAGN,UNCHANGED,UNCHANGED,,SELL,"Aug 04, 2026",Staples,Household & Personal Products,,,,Previously inactive symbol is absent
MAIN,LEADER,🚀 LEADER,BUY,BUY,"Jul 06, 2026",Financials,Asset Management,UPTREND,MOVING UP,,Sustained BUY with confirmed trend and momentum
MAMA,UNCHANGED,UNCHANGED,,SELL,"Aug 12, 2026",Staples,Packaged Foods,,,,Previously inactive symbol is absent
MAN,UNCHANGED,UNCHANGED,SELL,SELL,"Jul 30, 2026",Industrials,Staffing & Employment Services,UPTREND,MOVING DOWN,,No active BUY transition
MANH,LEADER,🚀 LEADER,BUY,BUY,"Jul 29, 2026",Technology,Software - Application,UPTREND,MOVING UP,,Sustained BUY with confirmed trend and momentum
MANU,UNCHANGED,UNCHANGED,,SELL,"Aug 07, 2026",Communication,Entertainment,,,,Previously inactive symbol is absent
MAR,UNCHANGED,UNCHANGED,SELL,SELL,"Aug 04, 2026",Discretionary,Lodging,DOWNTREND,MOVING DOWN,,No active BUY transition
MAS,UNCHANGED,UNCHANGED,SELL,SELL,"Jul 13, 2026",Industrials,Building Products & Equipment,DOWNTREND,MOVING DOWN,,No active BUY transition
MASS,UNCHANGED,UNCHANGED,,,,Health Care,Medical Devices,,,,Previously inactive symbol is absent
MAT,REMOVED,❌ REMOVED,,BUY,"Jul 20, 2026",Discretionary,Leisure,,,,Prior BUY is missing or no longer rated BUY
MATV,REMOVED,❌ REMOVED,,BUY,"Jul 20, 2026",Materials,Specialty Chemicals,,,,Prior BUY is missing or no longer rated BUY
MATW,UNCHANGED,UNCHANGED,,SELL,"Aug 10, 2026",Industrials,Conglomerates,,,,Previously inactive symbol is absent
MATX,UNCHANGED,UNCHANGED,SELL,SELL,"Jul 29, 2026",Industrials,Marine Shipping,UPTREND,MOVING DOWN,,No active BUY transition
MAX,UNCHANGED,UNCHANGED,,,,Communication,Internet Content & Information,,,,Previously inactive symbol is absent
MAYS,LEADER,🚀 LEADER,BUY,BUY,"Aug 11, 2026",Real Estate,Real Estate Services,UPTREND,MOVING UP,,Sustained BUY with confirmed trend and momentum
MAZE,UNCHANGED,UNCHANGED,,,,Health Care,Biotechnology,DOWNTREND,,,No active BUY transition
MBBC,UNCHANGED,UNCHANGED,,SELL,"Aug 12, 2026",Financials,Banks - Regional,,,,Previously inactive symbol is absent
MBIN,UNCHANGED,UNCHANGED,SELL,SELL,"Aug 13, 2026",Financials,Banks - Regional,UPTREND,MOVING DOWN,,No active BUY transition
MBUU,DETERIORATING,⚠️ DETERIORATING,BUY,BUY,"Jul 17, 2026",Discretionary,Recreational Vehicles,UPTREND,MOVING DOWN,,Existing BUY momentum is weakening
MBVI,UNCHANGED,UNCHANGED,,,,Financials,Shell Companies,,,,Previously inactive symbol is absent
MBWM,UNCHANGED,UNCHANGED,SELL,SELL,"Aug 14, 2026",Financials,Banks - Regional,UPTREND,MOVING DOWN,,No active BUY transition
MBX,UNCHANGED,UNCHANGED,,,,Health Care,Biotechnology,UPTREND,,,No active BUY transition
MC,UNCHANGED,UNCHANGED,SELL,SELL,"Aug 11, 2026",Financials,Capital Markets,UPTREND,MOVING UP,,No active BUY transition
MCB,UNCHANGED,UNCHANGED,SELL,SELL,"Jul 23, 2026",Financials,Banks - Regional,NEUTRAL,MOVING DOWN,,No active BUY transition
MCBS,LEADER,🚀 LEADER,BUY,BUY,"Aug 12, 2026",Financials,Banks - Regional,UPTREND,MOVING UP,,Sustained BUY with confirmed trend and momentum
MCD,ACTIVE_BUY,ACTIVE BUY,BUY,BUY,"Aug 07, 2026",Discretionary,Restaurants,NEUTRAL,MOVING UP,,BUY remains active without a higher-priority setup
MCFT,REMOVED,❌ REMOVED,,BUY,"Aug 14, 2026",Discretionary,Recreational Vehicles,,,,Prior BUY is missing or no longer rated BUY
MCGA,UNCHANGED,UNCHANGED,,,,Financials,Shell Companies,,,,Previously inactive symbol is absent
MCI,UNCHANGED,UNCHANGED,,,,Financials,Closed-End Fund - Debt,,,,Previously inactive symbol is absent
MCK,UNCHANGED,UNCHANGED,SELL,SELL,"Aug 05, 2026",Health Care,Medical Distribution,UPTREND,MOVING DOWN,,No active BUY transition
MCO,UNCHANGED,UNCHANGED,SELL,SELL,"Jul 27, 2026",Financials,Financial Data & Stock Exchanges,NEUTRAL,MOVING DOWN,,No active BUY transition
MCRI,UNCHANGED,UNCHANGED,SELL,SELL,"Jul 01, 2026",Discretionary,Resorts & Casinos,NEUTRAL,MOVING UP,,No active BUY transition
MCS,LEADER,🚀 LEADER,BUY,BUY,"Jul 24, 2026",Communication,Entertainment,UPTREND,MOVING UP,,Sustained BUY with confirmed trend and momentum
MCY,UNCHANGED,UNCHANGED,SELL,SELL,"Jul 16, 2026",Financials,Insurance - Property & Casualty,NEUTRAL,MOVING DOWN,,No active BUY transition
MD,UNCHANGED,UNCHANGED,SELL,SELL,"Jul 20, 2026",Health Care,Medical Care Facilities,UPTREND,MOVING DOWN,,No active BUY transition
MDB,LEADER,🚀 LEADER,BUY,BUY,"Aug 04, 2026",Technology,Software - Infrastructure,UPTREND,MOVING UP,,Sustained BUY with confirmed trend and momentum
MDGL,UNCHANGED,UNCHANGED,SELL,SELL,"Jul 24, 2026",Health Care,Biotechnology,DOWNTREND,MOVING DOWN,,No active BUY transition
MDLZ,LEADER,🚀 LEADER,BUY,BUY,"Jul 27, 2026",Staples,Confectioners,UPTREND,MOVING UP,,Sustained BUY with confirmed trend and momentum
MDRR,REMOVED,❌ REMOVED,,BUY,"Aug 06, 2026",Real Estate,Real Estate Services,,,,Prior BUY is missing or no longer rated BUY
MDU,UNCHANGED,UNCHANGED,,SELL,"Jul 02, 2026",Utilities,Utilities - Regulated Gas,,,,Previously inactive symbol is absent
MDV,REMOVED,❌ REMOVED,,BUY,"Aug 11, 2026",Real Estate,REIT - Industrial,,,,Prior BUY is missing or no longer rated BUY
MEC,UNCHANGED,UNCHANGED,,,,Industrials,Metal Fabrication,,,,Previously inactive symbol is absent
MED,REMOVED,❌ REMOVED,,BUY,"Aug 05, 2026",Discretionary,Personal Services,,,,Prior BUY is missing or no longer rated BUY
MEDP,REMOVED,❌ REMOVED,SELL,BUY,"Aug 17, 2026",Health Care,Diagnostics & Research,UPTREND,MOVING DOWN,,Prior BUY is missing or no longer rated BUY
MEGI,UNCHANGED,UNCHANGED,,SELL,"Jul 24, 2026",Financials,Closed-End Fund - Equity,,,,Previously inactive symbol is absent
MEI,UNCHANGED,UNCHANGED,,SELL,"Jul 10, 2026",Technology,Electronic Components,,,,Previously inactive symbol is absent
MELI,UNCHANGED,UNCHANGED,SELL,SELL,"Aug 10, 2026",Discretionary,Internet Retail,UPTREND,MOVING DOWN,,No active BUY transition
MEOH,UNCHANGED,UNCHANGED,SELL,SELL,"Aug 10, 2026",Materials,Chemicals,UPTREND,MOVING DOWN,,No active BUY transition
MESO,REMOVED,❌ REMOVED,,BUY,"Aug 12, 2026",Health Care,Biotechnology,,,,Prior BUY is missing or no longer rated BUY
MET,UNCHANGED,UNCHANGED,SELL,SELL,"Aug 05, 2026",Financials,Insurance - Life,UPTREND,MOVING DOWN,,No active BUY transition
META,UNCHANGED,UNCHANGED,SELL,SELL,"Jul 24, 2026",Communication,Internet Content & Information,DOWNTREND,MOVING DOWN,,No active BUY transition
MFC,UNCHANGED,UNCHANGED,SELL,SELL,"Aug 07, 2026",Financials,Insurance - Life,UPTREND,MOVING DOWN,,No active BUY transition
MFG,REMOVED,❌ REMOVED,,BUY,"Aug 10, 2026",Financials,Banks - Regional,,,,Prior BUY is missing or no longer rated BUY
MFIN,REMOVED,❌ REMOVED,,BUY,"Aug 04, 2026",Financials,Credit Services,,,,Prior BUY is missing or no longer rated BUY
MG,REMOVED,❌ REMOVED,,BUY,"Aug 12, 2026",Industrials,Security & Protection Services,,,,Prior BUY is missing or no longer rated BUY
MGA,LEADER,🚀 LEADER,BUY,BUY,"Jul 17, 2026",Discretionary,Auto Parts,UPTREND,MOVING UP,,Sustained BUY with confirmed trend and momentum
MGEE,UNCHANGED,UNCHANGED,SELL,SELL,"Jul 30, 2026",Utilities,Utilities - Regulated Electric,UPTREND,MOVING DOWN,,No active BUY transition
MGNI,REMOVED,❌ REMOVED,,BUY,"Aug 05, 2026",Communication,Advertising Agencies,,,,Prior BUY is missing or no longer rated BUY
MGPI,UNCHANGED,UNCHANGED,,SELL,"Aug 04, 2026",Staples,Beverages - Wineries & Distilleries,,,,Previously inactive symbol is absent
MGRC,LEADER,🚀 LEADER,BUY,BUY,"Aug 07, 2026",Industrials,Rental & Leasing Services,UPTREND,MOVING UP,,Sustained BUY with confirmed trend and momentum
MGTX,REMOVED,❌ REMOVED,,BUY,"Aug 07, 2026",Health Care,Biotechnology,,,,Prior BUY is missing or no longer rated BUY
MGY,LEADER,🚀 LEADER,BUY,BUY,"Aug 14, 2026",Energy,Oil & Gas E&P,UPTREND,MOVING UP,,Sustained BUY with confirmed trend and momentum
MGYR,REMOVED,❌ REMOVED,,BUY,"Jul 27, 2026",Financials,Banks - Regional,,,,Prior BUY is missing or no longer rated BUY
MH,UNCHANGED,UNCHANGED,,,,Staples,Education & Training Services,,,,Previously inactive symbol is absent
MHD,UNCHANGED,UNCHANGED,,SELL,"Jul 21, 2026",Financials,Closed-End Fund - Debt,,,,Previously inactive symbol is absent
MHK,LEADER,🚀 LEADER,BUY,BUY,"Jul 29, 2026",Discretionary,Furnishings Fixtures & Appliances,UPTREND,MOVING UP,,Sustained BUY with confirmed trend and momentum
MHO,LEADER,🚀 LEADER,BUY,BUY,"Aug 12, 2026",Discretionary,Residential Construction,UPTREND,MOVING UP,,Sustained BUY with confirmed trend and momentum
MIAX,UNCHANGED,UNCHANGED,,,,Financials,Capital Markets,UPTREND,,,No active BUY transition
MIDD,UNCHANGED,UNCHANGED,SELL,SELL,"Jul 08, 2026",Industrials,Specialty Industrial Machinery,DOWNTREND,MOVING DOWN,,No active BUY transition
MIR,UNCHANGED,UNCHANGED,,SELL,"Jul 02, 2026",Industrials,Specialty Industrial Machinery,,,,Previously inactive symbol is absent
MIRM,UNCHANGED,UNCHANGED,SELL,SELL,"Jul 07, 2026",Health Care,Biotechnology,DOWNTREND,MOVING UP,,No active BUY transition
MITK,REMOVED,❌ REMOVED,,BUY,"Aug 12, 2026",Technology,Software - Application,,,,Prior BUY is missing or no longer rated BUY
MIY,REMOVED,❌ REMOVED,,BUY,"Aug 12, 2026",Financials,Closed-End Fund - Debt,,,,Prior BUY is missing or no longer rated BUY
MKC,LEADER,🚀 LEADER,BUY,BUY,"Aug 14, 2026",Staples,Packaged Foods,UPTREND,MOVING UP,,Sustained BUY with confirmed trend and momentum
MKL,UNCHANGED,UNCHANGED,SELL,SELL,"Jul 31, 2026",Financials,Insurance - Property & Casualty,DOWNTREND,MOVING DOWN,,No active BUY transition
MKLY,UNCHANGED,UNCHANGED,,,,Financials,Shell Companies,,,,Previously inactive symbol is absent
MKSI,UNCHANGED,UNCHANGED,SELL,SELL,"Jul 08, 2026",Technology,Scientific & Technical Instruments,DOWNTREND,MOVING UP,,No active BUY transition
MKTW,UNCHANGED,UNCHANGED,,SELL,"Aug 12, 2026",Financials,Financial Data & Stock Exchanges,,,,Previously inactive symbol is absent
MKTX,LEADER,🚀 LEADER,BUY,BUY,"Jul 29, 2026",Financials,Capital Markets,UPTREND,MOVING UP,,Sustained BUY with confirmed trend and momentum
MLAB,LEADER,🚀 LEADER,BUY,BUY,"Jul 29, 2026",Technology,Scientific & Technical Instruments,UPTREND,MOVING UP,,Sustained BUY with confirmed trend and momentum
MLI,LEADER,🚀 LEADER,BUY,BUY,"Jul 27, 2026",Industrials,Metal Fabrication,UPTREND,MOVING UP,,Sustained BUY with confirmed trend and momentum
MLM,UNCHANGED,UNCHANGED,SELL,SELL,"Jul 09, 2026",Materials,Building Materials,DOWNTREND,MOVING DOWN,,No active BUY transition
MLP,UNCHANGED,UNCHANGED,,SELL,"Aug 07, 2026",Real Estate,Real Estate Services,,,,Previously inactive symbol is absent
MLR,LEADER,🚀 LEADER,BUY,BUY,"Aug 07, 2026",Discretionary,Auto Parts,UPTREND,MOVING UP,,Sustained BUY with confirmed trend and momentum
MLTX,UNCHANGED,UNCHANGED,,SELL,"Jul 23, 2026",Health Care,Biotechnology,,,,Previously inactive symbol is absent
MLYS,UNCHANGED,UNCHANGED,,,,Health Care,Biotechnology,DOWNTREND,,,No active BUY transition
MMD,UNCHANGED,UNCHANGED,,SELL,"Jul 08, 2026",Financials,Closed-End Fund - Debt,,,,Previously inactive symbol is absent
MMI,LEADER,🚀 LEADER,BUY,BUY,"Aug 07, 2026",Real Estate,Real Estate Services,UPTREND,MOVING UP,,Sustained BUY with confirmed trend and momentum
MMM,LEADER,🚀 LEADER,BUY,BUY,"Jul 22, 2026",Industrials,Conglomerates,UPTREND,MOVING UP,,Sustained BUY with confirmed trend and momentum
MMS,UNCHANGED,UNCHANGED,SELL,SELL,"Aug 11, 2026",Industrials,Specialty Business Services,DOWNTREND,MOVING DOWN,,No active BUY transition
MMSI,LEADER,🚀 LEADER,BUY,BUY,"Jul 30, 2026",Health Care,Medical Instruments & Supplies,UPTREND,MOVING UP,,Sustained BUY with confirmed trend and momentum
MMU,UNCHANGED,UNCHANGED,,SELL,"Jul 22, 2026",Financials,Closed-End Fund - Debt,,,,Previously inactive symbol is absent
MMYT,LEADER,🚀 LEADER,BUY,BUY,"Aug 04, 2026",Discretionary,Travel Services,UPTREND,MOVING UP,,Sustained BUY with confirmed trend and momentum
MNDY,UNCHANGED,UNCHANGED,SELL,SELL,"Aug 11, 2026",Technology,Software - Application,UPTREND,MOVING DOWN,,No active BUY transition
MNPR,UNCHANGED,UNCHANGED,SELL,SELL,"Aug 12, 2026",Health Care,Biotechnology,UPTREND,MOVING DOWN,,No active BUY transition
MNR,UNCHANGED,UNCHANGED,,,,Energy,Oil & Gas E&P,,,,Previously inactive symbol is absent
MNRO,UNCHANGED,UNCHANGED,,SELL,"Jul 24, 2026",Discretionary,Auto Parts,,,,Previously inactive symbol is absent
MNSO,UNCHANGED,UNCHANGED,,SELL,"Aug 10, 2026",Discretionary,Specialty Retail,,,,Previously inactive symbol is absent
MNTN,UNCHANGED,UNCHANGED,,,,Technology,Software - Application,,,,Previously inactive symbol is absent
MO,UNCHANGED,UNCHANGED,SELL,SELL,"Jul 10, 2026",Staples,Tobacco,DOWNTREND,MOVING DOWN,,No active BUY transition
MOG/A,UNCHANGED,UNCHANGED,SELL,SELL,"Jul 06, 2026",Industrials,Aerospace & Defense,UPTREND,MOVING UP,,No active BUY transition
MOH,UNCHANGED,UNCHANGED,SELL,SELL,"Jul 17, 2026",Health Care,Healthcare Plans,NEUTRAL,MOVING UP,,No active BUY transition
MORN,LEADER,🚀 LEADER,BUY,BUY,"Jul 15, 2026",Financials,Financial Data & Stock Exchanges,UPTREND,MOVING UP,,Sustained BUY with confirmed trend and momentum
MOS,REMOVED,❌ REMOVED,,BUY,"Jul 16, 2026",Materials,Agricultural Inputs,,,,Prior BUY is missing or no longer rated BUY
MOVE,UNCHANGED,UNCHANGED,,SELL,"Jun 30, 2026",Technology,Software - Infrastructure,,,,Previously inactive symbol is absent
MP,LEADER,🚀 LEADER,BUY,BUY,"Aug 11, 2026",Materials,Other Industrial Metals & Mining,UPTREND,MOVING UP,,Sustained BUY with confirmed trend and momentum
MPA,UNCHANGED,UNCHANGED,,SELL,"Jul 20, 2026",Financials,Closed-End Fund - Debt,,,,Previously inactive symbol is absent
MPAA,UNCHANGED,UNCHANGED,,SELL,"Jul 09, 2026",Discretionary,Auto Parts,,,,Previously inactive symbol is absent
MPB,REMOVED,❌ REMOVED,SELL,BUY,"Aug 17, 2026",Financials,Banks - Regional,UPTREND,MOVING DOWN,,Prior BUY is missing or no longer rated BUY
MPC,LEADER,🚀 LEADER,BUY,BUY,"Aug 14, 2026",Energy,Oil & Gas Refining & Marketing,UPTREND,MOVING UP,,Sustained BUY with confirmed trend and momentum
MPLX,REMOVED,❌ REMOVED,SELL,BUY,"Aug 17, 2026",Energy,Oil & Gas Midstream,UPTREND,MOVING DOWN,,Prior BUY is missing or no longer rated BUY
MPTI,UNCHANGED,UNCHANGED,,,,Technology,Electronic Components,UPTREND,,,No active BUY transition
MPV,REMOVED,❌ REMOVED,,BUY,"Aug 06, 2026",Financials,Closed-End Fund - Debt,,,,Prior BUY is missing or no longer rated BUY
MPWR,LEADER,🚀 LEADER,BUY,BUY,"Aug 11, 2026",Technology,Semiconductors,UPTREND,MOVING UP,,Sustained BUY with confirmed trend and momentum
MQ,UNCHANGED,UNCHANGED,,,,Technology,Software - Infrastructure,,,,Previously inactive symbol is absent
MQY,UNCHANGED,UNCHANGED,,SELL,"Jul 14, 2026",Financials,Closed-End Fund - Debt,,,,Previously inactive symbol is absent
MRBK,UNCHANGED,UNCHANGED,,SELL,"Aug 03, 2026",Financials,Banks - Regional,,,,Previously inactive symbol is absent
MRCY,LEADER,🚀 LEADER,BUY,BUY,"Aug 07, 2026",Industrials,Aerospace & Defense,UPTREND,MOVING UP,,Sustained BUY with confirmed trend and momentum
MRDN,REMOVED,❌ REMOVED,,BUY,"Aug 07, 2026",Discretionary,Gambling,,,,Prior BUY is missing or no longer rated BUY
MRK,EMERGING,🔥 EMERGING,BUY,SELL,"Aug 17, 2026",Health Care,Drug Manufacturers - General,UPTREND,MOVING UP,,New BUY with rising trend and accelerating momentum
MRNA,LEADER,🚀 LEADER,BUY,BUY,"Aug 14, 2026",Health Care,Biotechnology,UPTREND,MOVING UP,,Sustained BUY with confirmed trend and momentum
MRP,UNCHANGED,UNCHANGED,,,,Real Estate,REIT - Residential,UPTREND,,,No active BUY transition
MRSH,DETERIORATING,⚠️ DETERIORATING,BUY,BUY,"Jun 29, 2026",Financials,Insurance Brokers,UPTREND,MOVING DOWN,,Existing BUY momentum is weakening
MRTN,UNCHANGED,UNCHANGED,,SELL,"Jul 24, 2026",Industrials,Trucking,,,,Previously inactive symbol is absent
MRVL,LEADER,🚀 LEADER,BUY,BUY,"Aug 14, 2026",Technology,Semiconductors,UPTREND,MOVING UP,,Sustained BUY with confirmed trend and momentum
MS,LEADER,🚀 LEADER,BUY,BUY,"Aug 13, 2026",Financials,Capital Markets,UPTREND,MOVING UP,,Sustained BUY with confirmed trend and momentum
MSA,LEADER,🚀 LEADER,BUY,BUY,"Jun 29, 2026",Industrials,Security & Protection Services,UPTREND,MOVING UP,,Sustained BUY with confirmed trend and momentum
MSBI,UNCHANGED,UNCHANGED,,,,Financials,Banks - Regional,UPTREND,,,No active BUY transition
MSCI,UNCHANGED,UNCHANGED,SELL,SELL,"Jul 23, 2026",Financials,Financial Data & Stock Exchanges,DOWNTREND,MOVING DOWN,,No active BUY transition
MSDL,UNCHANGED,UNCHANGED,,,,Financials,Asset Management,,,,Previously inactive symbol is absent
MSFT,LEADER,🚀 LEADER,BUY,BUY,"Jul 30, 2026",Technology,Software - Infrastructure,UPTREND,MOVING UP,,Sustained BUY with confirmed trend and momentum
MSGE,UNCHANGED,UNCHANGED,,,,Communication,Entertainment,UPTREND,,,No active BUY transition
MSGS,LEADER,🚀 LEADER,BUY,BUY,"Aug 14, 2026",Communication,Entertainment,UPTREND,MOVING UP,,Sustained BUY with confirmed trend and momentum
MSI,LEADER,🚀 LEADER,BUY,BUY,"Jul 28, 2026",Technology,Communication Equipment,UPTREND,MOVING UP,,Sustained BUY with confirmed trend and momentum
MSIF,UNCHANGED,UNCHANGED,,,,Financials,Asset Management,,,,Previously inactive symbol is absent
MT,LEADER,🚀 LEADER,BUY,BUY,"Jul 15, 2026",Materials,Steel,UPTREND,MOVING UP,,Sustained BUY with confirmed trend and momentum
MTB,UNCHANGED,UNCHANGED,SELL,SELL,"Aug 03, 2026",Financials,Banks - Regional,UPTREND,MOVING DOWN,,No active BUY transition
MTCH,UNCHANGED,UNCHANGED,SELL,SELL,"Aug 07, 2026",Communication,Internet Content & Information,NEUTRAL,MOVING DOWN,,No active BUY transition
MTD,UNCHANGED,UNCHANGED,SELL,SELL,"Aug 14, 2026",Health Care,Diagnostics & Research,UPTREND,MOVING DOWN,,No active BUY transition
MTDR,LEADER,🚀 LEADER,BUY,BUY,"Aug 13, 2026",Energy,Oil & Gas E&P,UPTREND,MOVING UP,,Sustained BUY with confirmed trend and momentum
MTG,UNCHANGED,UNCHANGED,SELL,SELL,"Aug 10, 2026",Financials,Insurance - Specialty,UPTREND,MOVING DOWN,,No active BUY transition
MTH,UNCHANGED,UNCHANGED,SELL,SELL,"Jul 09, 2026",Discretionary,Residential Construction,NEUTRAL,MOVING UP,,No active BUY transition
MTN,UNCHANGED,UNCHANGED,SELL,SELL,"Jul 23, 2026",Discretionary,Resorts & Casinos,UPTREND,MOVING DOWN,,No active BUY transition
MTRN,LEADER,🚀 LEADER,BUY,BUY,"Aug 10, 2026",Materials,Other Industrial Metals & Mining,UPTREND,MOVING UP,,Sustained BUY with confirmed trend and momentum
MTSI,LEADER,🚀 LEADER,BUY,BUY,"Aug 13, 2026",Technology,Semiconductors,UPTREND,MOVING UP,,Sustained BUY with confirmed trend and momentum
MTUS,REMOVED,❌ REMOVED,,BUY,"Jul 17, 2026",Materials,Steel,,,,Prior BUY is missing or no longer rated BUY
MTW,REMOVED,❌ REMOVED,,BUY,"Jul 22, 2026",Industrials,Farm & Heavy Construction Machinery,,,,Prior BUY is missing or no longer rated BUY
MTX,UNCHANGED,UNCHANGED,SELL,SELL,"Aug 13, 2026",Materials,Specialty Chemicals,DOWNTREND,MOVING DOWN,,No active BUY transition
MTZ,UNCHANGED,UNCHANGED,SELL,SELL,"Jul 08, 2026",Industrials,Engineering & Construction,DOWNTREND,MOVING UP,,No active BUY transition
MU,EMERGING,🔥 EMERGING,BUY,,"Aug 17, 2026",Technology,Semiconductors,UPTREND,MOVING UP,,New BUY with rising trend and accelerating momentum
MUA,UNCHANGED,UNCHANGED,,SELL,"Jul 20, 2026",Financials,Closed-End Fund - Debt,,,,Previously inactive symbol is absent
MUC,UNCHANGED,UNCHANGED,,SELL,"Jul 20, 2026",Financials,Closed-End Fund - Debt,,,,Previously inactive symbol is absent
MUFG,UNCHANGED,UNCHANGED,,SELL,"Aug 05, 2026",Financials,Banks - Diversified,,,,Previously inactive symbol is absent
MUJ,REMOVED,❌ REMOVED,,BUY,"Aug 12, 2026",Financials,Closed-End Fund - Debt,,,,Prior BUY is missing or no longer rated BUY
MUR,UNCHANGED,UNCHANGED,SELL,SELL,"Aug 07, 2026",Energy,Oil & Gas E&P,DOWNTREND,MOVING DOWN,,No active BUY transition
MUSA,UNCHANGED,UNCHANGED,SELL,SELL,"Jul 29, 2026",Discretionary,Specialty Retail,DOWNTREND,MOVING DOWN,,No active BUY transition
MWA,DETERIORATING,⚠️ DETERIORATING,BUY,BUY,"Aug 04, 2026",Industrials,Specialty Industrial Machinery,NEUTRAL,MOVING DOWN,,Existing BUY momentum is weakening
MXE,REMOVED,❌ REMOVED,,BUY,"Jul 28, 2026",Financials,Closed-End Fund - Foreign,,,,Prior BUY is missing or no longer rated BUY
MXF,REMOVED,❌ REMOVED,,BUY,"Aug 06, 2026",Financials,Closed-End Fund - Foreign,,,,Prior BUY is missing or no longer rated BUY
MXL,UNCHANGED,UNCHANGED,SELL,SELL,"Jul 10, 2026",Technology,Semiconductors,NEUTRAL,MOVING UP,,No active BUY transition
MYE,UNCHANGED,UNCHANGED,SELL,SELL,"Aug 14, 2026",Discretionary,Packaging & Containers,UPTREND,MOVING DOWN,,No active BUY transition
MYFW,UNCHANGED,UNCHANGED,SELL,SELL,"Jul 13, 2026",Financials,Banks - Regional,NEUTRAL,MOVING DOWN,,No active BUY transition
MYI,UNCHANGED,UNCHANGED,,SELL,"Jul 13, 2026",Financials,Closed-End Fund - Debt,,,,Previously inactive symbol is absent
MYRG,UNCHANGED,UNCHANGED,SELL,SELL,"Jul 07, 2026",Industrials,Engineering & Construction,DOWNTREND,MOVING UP,,No active BUY transition
MZTI,LEADER,🚀 LEADER,BUY,BUY,"Aug 10, 2026",Staples,Packaged Foods,UPTREND,MOVING UP,,Sustained BUY with confirmed trend and momentum
NAC,UNCHANGED,UNCHANGED,,SELL,"Jul 16, 2026",Financials,Closed-End Fund - Debt,,,,Previously inactive symbol is absent
NAD,UNCHANGED,UNCHANGED,,SELL,"Jul 13, 2026",Financials,Closed-End Fund - Debt,,,,Previously inactive symbol is absent
NAN,UNCHANGED,UNCHANGED,,SELL,"Jul 17, 2026",Financials,Closed-End Fund - Debt,,,,Previously inactive symbol is absent
NATH,UNCHANGED,UNCHANGED,SELL,SELL,"Jul 07, 2026",Discretionary,Restaurants,DOWNTREND,MOVING UP,,No active BUY transition
NATL,UNCHANGED,UNCHANGED,,,,Technology,Software - Application,UPTREND,,,No active BUY transition
NATR,UNCHANGED,UNCHANGED,,SELL,"Jul 16, 2026",Staples,Packaged Foods,,,,Previously inactive symbol is absent
NBB,REMOVED,❌ REMOVED,,BUY,"Aug 14, 2026",Financials,Closed-End Fund - Debt,,,,Prior BUY is missing or no longer rated BUY
NBBK,UNCHANGED,UNCHANGED,,,,Financials,Banks - Regional,,,,Previously inactive symbol is absent
NBH,UNCHANGED,UNCHANGED,,,,Financials,Closed-End Fund - Debt,,,,Previously inactive symbol is absent
NBHC,UNCHANGED,UNCHANGED,SELL,SELL,"Jul 24, 2026",Financials,Banks - Regional,NEUTRAL,MOVING UP,,No active BUY transition
NBIX,UNCHANGED,UNCHANGED,SELL,SELL,"Aug 04, 2026",Health Care,Drug Manufacturers - Specialty & Generic,DOWNTREND,MOVING DOWN,,No active BUY transition
NBN,LEADER,🚀 LEADER,BUY,BUY,"Aug 12, 2026",Financials,Banks - Regional,UPTREND,MOVING UP,,Sustained BUY with confirmed trend and momentum
NBTB,UNCHANGED,UNCHANGED,SELL,SELL,"Aug 06, 2026",Financials,Banks - Regional,UPTREND,MOVING DOWN,,No active BUY transition
NBXG,REMOVED,❌ REMOVED,,BUY,"Aug 14, 2026",Financials,Closed-End Fund - Equity,,,,Prior BUY is missing or no longer rated BUY
NCDL,UNCHANGED,UNCHANGED,,,,Financials,Asset Management,,,,Previously inactive symbol is absent
NCLH,UNCHANGED,UNCHANGED,,SELL,"Aug 10, 2026",Discretionary,Travel Services,,,,Previously inactive symbol is absent
NCNO,UNCHANGED,UNCHANGED,,SELL,"Aug 12, 2026",Technology,Software - Application,,,,Previously inactive symbol is absent
NCSM,LEADER,🚀 LEADER,BUY,BUY,"Aug 04, 2026",Energy,Oil & Gas Equipment & Services,UPTREND,MOVING UP,,Sustained BUY with confirmed trend and momentum
NCV,REMOVED,❌ REMOVED,,BUY,"Aug 07, 2026",Financials,Closed-End Fund - Debt,,,,Prior BUY is missing or no longer rated BUY
NCZ,REMOVED,❌ REMOVED,,BUY,"Aug 06, 2026",Financials,Closed-End Fund - Debt,,,,Prior BUY is missing or no longer rated BUY
NDAQ,UNCHANGED,UNCHANGED,SELL,SELL,"Aug 06, 2026",Financials,Financial Data & Stock Exchanges,UPTREND,MOVING DOWN,,No active BUY transition
NDLS,UNCHANGED,UNCHANGED,,,,Discretionary,Restaurants,,,,Previously inactive symbol is absent
NDMO,UNCHANGED,UNCHANGED,,SELL,"Jul 09, 2026",Financials,Asset Management,,,,Previously inactive symbol is absent
NDSN,LEADER,🚀 LEADER,BUY,BUY,"Jul 27, 2026",Industrials,Specialty Industrial Machinery,UPTREND,MOVING UP,,Sustained BUY with confirmed trend and momentum
NE,LEADER,🚀 LEADER,BUY,BUY,"Aug 11, 2026",Energy,Oil & Gas Drilling,UPTREND,MOVING UP,,Sustained BUY with confirmed trend and momentum
NEA,UNCHANGED,UNCHANGED,,SELL,"Jul 13, 2026",Financials,Closed-End Fund - Debt,,,,Previously inactive symbol is absent
NECB,UNCHANGED,UNCHANGED,SELL,SELL,"Jul 10, 2026",Financials,Banks - Regional,UPTREND,MOVING DOWN,,No active BUY transition
NEE,UNCHANGED,UNCHANGED,SELL,SELL,"Aug 03, 2026",Utilities,Utilities - Regulated Electric,DOWNTREND,MOVING DOWN,,No active BUY transition
NEGG,REMOVED,❌ REMOVED,,BUY,"Aug 07, 2026",Discretionary,Internet Retail,,,,Prior BUY is missing or no longer rated BUY
NEM,LEADER,🚀 LEADER,BUY,BUY,"Aug 06, 2026",Materials,Gold,UPTREND,MOVING UP,,Sustained BUY with confirmed trend and momentum
NEN,UNCHANGED,UNCHANGED,,,,Real Estate,Real Estate Services,DOWNTREND,,,No active BUY transition
NEO,REMOVED,❌ REMOVED,,BUY,"Aug 04, 2026",Health Care,Diagnostics & Research,,,,Prior BUY is missing or no longer rated BUY
NEOG,REMOVED,❌ REMOVED,,BUY,"Aug 04, 2026",Health Care,Medical Devices,,,,Prior BUY is missing or no longer rated BUY
NESR,LEADER,🚀 LEADER,BUY,BUY,"Aug 06, 2026",Energy,Oil & Gas Equipment & Services,UPTREND,MOVING UP,,Sustained BUY with confirmed trend and momentum
NET,REMOVED,❌ REMOVED,SELL,BUY,"Aug 17, 2026",Technology,Software - Infrastructure,UPTREND,MOVING DOWN,,Prior BUY is missing or no longer rated BUY
NEU,LEADER,🚀 LEADER,BUY,BUY,"Jul 30, 2026",Materials,Specialty Chemicals,UPTREND,MOVING UP,,Sustained BUY with confirmed trend and momentum
NEWT,UNCHANGED,UNCHANGED,,SELL,"Jul 22, 2026",Financials,Banks - Regional,,,,Previously inactive symbol is absent
NEXA,REMOVED,❌ REMOVED,,BUY,"Aug 06, 2026",Materials,Other Industrial Metals & Mining,,,,Prior BUY is missing or no longer rated BUY
NFG,LEADER,🚀 LEADER,BUY,BUY,"Aug 12, 2026",Energy,Oil & Gas Integrated,UPTREND,MOVING UP,,Sustained BUY with confirmed trend and momentum
NFJ,REMOVED,❌ REMOVED,,BUY,"Jul 24, 2026",Financials,Closed-End Fund - Equity,,,,Prior BUY is missing or no longer rated BUY
NFLX,LEADER,🚀 LEADER,BUY,BUY,"Aug 10, 2026",Communication,Entertainment,UPTREND,MOVING UP,,Sustained BUY with confirmed trend and momentum
NGG,UNCHANGED,UNCHANGED,SELL,SELL,"Jul 27, 2026",Utilities,Utilities - Regulated Electric,DOWNTREND,MOVING UP,,No active BUY transition
NGL,REMOVED,❌ REMOVED,,BUY,"Aug 03, 2026",Energy,Oil & Gas Midstream,,,,Prior BUY is missing or no longer rated BUY
NGNE,UNCHANGED,UNCHANGED,,,,Health Care,Biotechnology,UPTREND,,,No active BUY transition
NGS,UNCHANGED,UNCHANGED,SELL,SELL,"Jul 06, 2026",Energy,Oil & Gas Equipment & Services,DOWNTREND,MOVING UP,,No active BUY transition
NGVC,UNCHANGED,UNCHANGED,SELL,SELL,"Aug 10, 2026",Staples,Grocery Stores,DOWNTREND,MOVING DOWN,,No active BUY transition
NGVT,LEADER,🚀 LEADER,BUY,BUY,"Aug 05, 2026",Materials,Specialty Chemicals,UPTREND,MOVING UP,,Sustained BUY with confirmed trend and momentum
NHC,UNCHANGED,UNCHANGED,SELL,SELL,"Aug 04, 2026",Health Care,Medical Care Facilities,UPTREND,MOVING DOWN,,No active BUY transition
NHI,UNCHANGED,UNCHANGED,SELL,SELL,"Aug 03, 2026",Real Estate,REIT - Healthcare Facilities,DOWNTREND,MOVING DOWN,,No active BUY transition
NHIC,UNCHANGED,UNCHANGED,,,,Financials,Shell Companies,,,,Previously inactive symbol is absent
NI,UNCHANGED,UNCHANGED,SELL,SELL,"Jul 08, 2026",Utilities,Utilities - Regulated Gas,DOWNTREND,MOVING DOWN,,No active BUY transition
NIC,LEADER,🚀 LEADER,BUY,BUY,"Aug 05, 2026",Financials,Banks - Regional,UPTREND,MOVING UP,,Sustained BUY with confirmed trend and momentum
NICE,LEADER,🚀 LEADER,BUY,BUY,"Aug 10, 2026",Technology,Software - Application,UPTREND,MOVING UP,,Sustained BUY with confirmed trend and momentum
NIE,LEADER,🚀 LEADER,BUY,BUY,"Aug 11, 2026",Financials,Closed-End Fund - Equity,UPTREND,MOVING UP,,Sustained BUY with confirmed trend and momentum
NINE,UNCHANGED,UNCHANGED,,,,Energy,Oil & Gas Equipment & Services,,,,Previously inactive symbol is absent
NIQ,UNCHANGED,UNCHANGED,,,,Technology,Software - Application,,,,Previously inactive symbol is absent
NJR,UNCHANGED,UNCHANGED,SELL,SELL,"Aug 04, 2026",Utilities,Utilities - Regulated Gas,DOWNTREND,MOVING DOWN,,No active BUY transition
NKE,UNCHANGED,UNCHANGED,SELL,SELL,"Jul 23, 2026",Discretionary,Footwear & Accessories,DOWNTREND,MOVING DOWN,,No active BUY transition
NKSH,LEADER,🚀 LEADER,BUY,BUY,"Jul 28, 2026",Financials,Banks - Regional,UPTREND,MOVING UP,,Sustained BUY with confirmed trend and momentum
NKTR,LEADER,🚀 LEADER,BUY,BUY,"Jul 24, 2026",Health Care,Biotechnology,UPTREND,MOVING UP,,Sustained BUY with confirmed trend and momentum
NKX,REMOVED,❌ REMOVED,,BUY,"Aug 14, 2026",Financials,Closed-End Fund - Debt,,,,Prior BUY is missing or no longer rated BUY
NLOP,UNCHANGED,UNCHANGED,,,,Real Estate,REIT - Office,,,,Previously inactive symbol is absent
NLY,UNCHANGED,UNCHANGED,,SELL,"Jul 23, 2026",Real Estate,REIT - Mortgage,,,,Previously inactive symbol is absent
NMAI,REMOVED,❌ REMOVED,,BUY,"Aug 04, 2026",Financials,Asset Management,,,,Prior BUY is missing or no longer rated BUY
NMCO,UNCHANGED,UNCHANGED,,SELL,"Jul 10, 2026",Financials,Closed-End Fund - Debt,,,,Previously inactive symbol is absent
NMIH,LEADER,🚀 LEADER,BUY,BUY,"Aug 04, 2026",Financials,Insurance - Specialty,UPTREND,MOVING UP,,Sustained BUY with confirmed trend and momentum
NML,UNCHANGED,UNCHANGED,,,,Financials,Closed-End Fund - Equity,,,,Previously inactive symbol is absent
NMM,EMERGING,🔥 EMERGING,BUY,SELL,"Aug 17, 2026",Industrials,Marine Shipping,UPTREND,MOVING UP,,New BUY with rising trend and accelerating momentum
NMP,UNCHANGED,UNCHANGED,,,,Financials,Shell Companies,,,,Previously inactive symbol is absent
NMR,UNCHANGED,UNCHANGED,,SELL,"Jul 28, 2026",Financials,Capital Markets,,,,Previously inactive symbol is absent
NMRK,UNCHANGED,UNCHANGED,,SELL,"Jul 31, 2026",Real Estate,Real Estate Services,,,,Previously inactive symbol is absent
NMS,UNCHANGED,UNCHANGED,,SELL,"Jul 27, 2026",Financials,Closed-End Fund - Debt,,,,Previously inactive symbol is absent
NMZ,UNCHANGED,UNCHANGED,,SELL,"Jul 15, 2026",Financials,Closed-End Fund - Debt,,,,Previously inactive symbol is absent
NN,UNCHANGED,UNCHANGED,,,,Technology,Software - Infrastructure,,,,Previously inactive symbol is absent
NNE,UNCHANGED,UNCHANGED,,,,Industrials,Specialty Industrial Machinery,,,,Previously inactive symbol is absent
NNI,UNCHANGED,UNCHANGED,SELL,SELL,"Aug 11, 2026",Financials,Credit Services,DOWNTREND,MOVING DOWN,,No active BUY transition
NNN,UNCHANGED,UNCHANGED,SELL,SELL,"Jul 31, 2026",Real Estate,REIT - Retail,DOWNTREND,MOVING DOWN,,No active BUY transition
NOC,LEADER,🚀 LEADER,BUY,BUY,"Jul 28, 2026",Industrials,Aerospace & Defense,UPTREND,MOVING UP,,Sustained BUY with confirmed trend and momentum
NODK,UNCHANGED,UNCHANGED,,SELL,"Jul 29, 2026",Financials,Insurance - Property & Casualty,,,,Previously inactive symbol is absent
NOEM,UNCHANGED,UNCHANGED,,,,Financials,Shell Companies,,,,Previously inactive symbol is absent
NOG,REMOVED,❌ REMOVED,,BUY,"Aug 11, 2026",Energy,Oil & Gas E&P,,,,Prior BUY is missing or no longer rated BUY
NOMD,UNCHANGED,UNCHANGED,,SELL,"Aug 04, 2026",Staples,Packaged Foods,,,,Previously inactive symbol is absent
NOV,REMOVED,❌ REMOVED,,BUY,"Jul 21, 2026",Energy,Oil & Gas Equipment & Services,,,,Prior BUY is missing or no longer rated BUY
NOVT,LEADER,🚀 LEADER,BUY,BUY,"Aug 07, 2026",Technology,Scientific & Technical Instruments,UPTREND,MOVING UP,,Sustained BUY with confirmed trend and momentum
NOW,LEADER,🚀 LEADER,BUY,BUY,"Aug 03, 2026",Technology,Software - Application,UPTREND,MOVING UP,,Sustained BUY with confirmed trend and momentum
NP,UNCHANGED,UNCHANGED,,,,Financials,Insurance Brokers,UPTREND,,,No active BUY transition
NPAC,UNCHANGED,UNCHANGED,,,,Financials,Shell Companies,,,,Previously inactive symbol is absent
NPB,UNCHANGED,UNCHANGED,,,,Financials,Banks - Regional,,,,Previously inactive symbol is absent
NPCE,UNCHANGED,UNCHANGED,,,,Health Care,Medical Devices,,,,Previously inactive symbol is absent
NPFD,UNCHANGED,UNCHANGED,,,,Financials,Closed-End Fund - Equity,,,,Previously inactive symbol is absent
NPK,LEADER,🚀 LEADER,BUY,BUY,"Aug 04, 2026",Industrials,Aerospace & Defense,UPTREND,MOVING UP,,Sustained BUY with confirmed trend and momentum
NPKI,UNCHANGED,UNCHANGED,,SELL,"Jul 06, 2026",Industrials,Building Products & Equipment,,,,Previously inactive symbol is absent
NPO,LEADER,🚀 LEADER,BUY,BUY,"Aug 12, 2026",Industrials,Specialty Industrial Machinery,UPTREND,MOVING UP,,Sustained BUY with confirmed trend and momentum
NPV,UNCHANGED,UNCHANGED,,SELL,"Jul 10, 2026",Financials,Closed-End Fund - Debt,,,,Previously inactive symbol is absent
NRC,UNCHANGED,UNCHANGED,,SELL,"Jul 15, 2026",Health Care,Health Information Services,,,,Previously inactive symbol is absent
NRDS,REMOVED,❌ REMOVED,,BUY,"Aug 11, 2026",Communication,Internet Content & Information,,,,Prior BUY is missing or no longer rated BUY
NREF,UNCHANGED,UNCHANGED,,SELL,"Aug 13, 2026",Real Estate,REIT - Mortgage,,,,Previously inactive symbol is absent
NRG,UNCHANGED,UNCHANGED,SELL,SELL,"Jul 14, 2026",Utilities,Utilities - Independent Power Producers,DOWNTREND,MOVING DOWN,,No active BUY transition
NRIM,UNCHANGED,UNCHANGED,SELL,SELL,"Jul 28, 2026",Financials,Banks - Regional,NEUTRAL,MOVING DOWN,,No active BUY transition
NRIX,DETERIORATING,⚠️ DETERIORATING,BUY,BUY,"Jul 24, 2026",Health Care,Biotechnology,UPTREND,MOVING DOWN,,Existing BUY momentum is weakening
NRK,REMOVED,❌ REMOVED,,BUY,"Aug 14, 2026",Financials,Closed-End Fund - Debt,,,,Prior BUY is missing or no longer rated BUY
NRP,LEADER,🚀 LEADER,BUY,BUY,"Aug 06, 2026",Energy,Thermal Coal,UPTREND,MOVING UP,,Sustained BUY with confirmed trend and momentum
NSC,UNCHANGED,UNCHANGED,SELL,SELL,"Aug 04, 2026",Industrials,Railroads,UPTREND,MOVING DOWN,,No active BUY transition
NSIT,LEADER,🚀 LEADER,BUY,BUY,"Jul 15, 2026",Technology,Electronics & Computer Distribution,UPTREND,MOVING UP,,Sustained BUY with confirmed trend and momentum
NSP,UNCHANGED,UNCHANGED,SELL,SELL,"Jul 29, 2026",Industrials,Staffing & Employment Services,UPTREND,MOVING DOWN,,No active BUY transition
NSSC,LEADER,🚀 LEADER,BUY,BUY,"Aug 04, 2026",Industrials,Security & Protection Services,UPTREND,MOVING UP,,Sustained BUY with confirmed trend and momentum
NSTS,UNCHANGED,UNCHANGED,,,,Financials,Banks - Regional,,,,Previously inactive symbol is absent
NSYS,UNCHANGED,UNCHANGED,,SELL,"Aug 14, 2026",Health Care,Medical Devices,,,,Previously inactive symbol is absent
NTAP,LEADER,🚀 LEADER,BUY,BUY,"Aug 05, 2026",Technology,Software - Infrastructure,UPTREND,MOVING UP,,Sustained BUY with confirmed trend and momentum
NTB,LEADER,🚀 LEADER,BUY,BUY,"Aug 04, 2026",Financials,Banks - Diversified,UPTREND,MOVING UP,,Sustained BUY with confirmed trend and momentum
NTCT,UNCHANGED,UNCHANGED,SELL,SELL,"Jul 20, 2026",Technology,Software - Infrastructure,DOWNTREND,MOVING UP,,No active BUY transition
NTES,UNCHANGED,UNCHANGED,SELL,SELL,"Aug 13, 2026",Communication,Electronic Gaming & Multimedia,DOWNTREND,MOVING DOWN,,No active BUY transition
NTGR,UNCHANGED,UNCHANGED,,SELL,"Aug 11, 2026",Technology,Communication Equipment,,,,Previously inactive symbol is absent
NTLA,UNCHANGED,UNCHANGED,,SELL,"Jul 10, 2026",Health Care,Biotechnology,,,,Previously inactive symbol is absent
NTNX,LEADER,🚀 LEADER,BUY,BUY,"Aug 11, 2026",Technology,Software - Infrastructure,UPTREND,MOVING UP,,Sustained BUY with confirmed trend and momentum
NTR,UNCHANGED,UNCHANGED,SELL,SELL,"Jul 24, 2026",Materials,Agricultural Inputs,UPTREND,MOVING UP,,No active BUY transition
NTRA,LEADER,🚀 LEADER,BUY,BUY,"Aug 06, 2026",Health Care,Diagnostics & Research,UPTREND,MOVING UP,,Sustained BUY with confirmed trend and momentum
NTRS,LEADER,🚀 LEADER,BUY,BUY,"Aug 13, 2026",Financials,Asset Management,UPTREND,MOVING UP,,Sustained BUY with confirmed trend and momentum
NTSK,UNCHANGED,UNCHANGED,,,,Technology,Software - Infrastructure,,,,Previously inactive symbol is absent
NTST,UNCHANGED,UNCHANGED,,SELL,"Aug 03, 2026",Real Estate,REIT - Retail,,,,Previously inactive symbol is absent
NTWO,UNCHANGED,UNCHANGED,,,,Financials,Shell Companies,,,,Previously inactive symbol is absent
NU,UNCHANGED,UNCHANGED,,SELL,"Jul 31, 2026",Financials,Banks - Regional,,,,Previously inactive symbol is absent
NUE,LEADER,🚀 LEADER,BUY,BUY,"Jul 27, 2026",Materials,Steel,UPTREND,MOVING UP,,Sustained BUY with confirmed trend and momentum
NUW,UNCHANGED,UNCHANGED,,SELL,"Jul 17, 2026",Financials,Closed-End Fund - Debt,,,,Previously inactive symbol is absent
NVCR,REMOVED,❌ REMOVED,,BUY,"Aug 14, 2026",Health Care,Medical Devices,,,,Prior BUY is missing or no longer rated BUY
NVCT,UNCHANGED,UNCHANGED,,,,Health Care,Biotechnology,,,,Previously inactive symbol is absent
NVDA,LEADER,🚀 LEADER,BUY,BUY,"Aug 06, 2026",Technology,Semiconductors,UPTREND,MOVING UP,,Sustained BUY with confirmed trend and momentum
NVEC,DETERIORATING,⚠️ DETERIORATING,BUY,BUY,"Jul 24, 2026",Technology,Semiconductors,UPTREND,MOVING DOWN,,Existing BUY momentum is weakening
NVG,UNCHANGED,UNCHANGED,,SELL,"Jul 16, 2026",Financials,Closed-End Fund - Debt,,,,Previously inactive symbol is absent
NVGS,UNCHANGED,UNCHANGED,,SELL,"Aug 07, 2026",Energy,Oil & Gas Midstream,,,,Previously inactive symbol is absent
NVMI,UNCHANGED,UNCHANGED,SELL,SELL,"Jun 29, 2026",Technology,Semiconductor Equipment & Materials,DOWNTREND,MOVING UP,,No active BUY transition
NVNO,REMOVED,❌ REMOVED,,BUY,"Aug 12, 2026",Health Care,Medical Devices,,,,Prior BUY is missing or no longer rated BUY
NVO,UNCHANGED,UNCHANGED,SELL,SELL,"Jul 22, 2026",Health Care,Drug Manufacturers - General,DOWNTREND,MOVING DOWN,,No active BUY transition
NVR,UNCHANGED,UNCHANGED,SELL,SELL,"Jul 09, 2026",Discretionary,Residential Construction,DOWNTREND,MOVING UP,,No active BUY transition
NVS,UNCHANGED,UNCHANGED,SELL,SELL,"Aug 13, 2026",Health Care,Drug Manufacturers - General,DOWNTREND,MOVING DOWN,,No active BUY transition
NVST,UNCHANGED,UNCHANGED,SELL,SELL,"Aug 14, 2026",Health Care,Medical Instruments & Supplies,UPTREND,MOVING DOWN,,No active BUY transition
NVT,LEADER,🚀 LEADER,BUY,BUY,"Aug 07, 2026",Industrials,Electrical Equipment & Parts,UPTREND,MOVING UP,,Sustained BUY with confirmed trend and momentum
NWBI,UNCHANGED,UNCHANGED,,SELL,"Aug 11, 2026",Financials,Banks - Regional,,,,Previously inactive symbol is absent
NWE,UNCHANGED,UNCHANGED,SELL,SELL,"Jul 30, 2026",Utilities,Utilities - Regulated Electric,NEUTRAL,MOVING UP,,No active BUY transition
NWFL,LEADER,🚀 LEADER,BUY,BUY,"Jul 28, 2026",Financials,Banks - Regional,UPTREND,MOVING UP,,Sustained BUY with confirmed trend and momentum
NWG,REMOVED,❌ REMOVED,,BUY,"Aug 04, 2026",Financials,Banks - Regional,,,,Prior BUY is missing or no longer rated BUY
NWN,UNCHANGED,UNCHANGED,SELL,SELL,"Aug 03, 2026",Utilities,Utilities - Regulated Gas,UPTREND,MOVING UP,,No active BUY transition
NWPX,UNCHANGED,UNCHANGED,SELL,SELL,"Jul 07, 2026",Materials,Steel,DOWNTREND,MOVING DOWN,,No active BUY transition
NWS,UNCHANGED,UNCHANGED,SELL,SELL,"Aug 12, 2026",Communication,Entertainment,UPTREND,MOVING DOWN,,No active BUY transition
NWSA,UNCHANGED,UNCHANGED,SELL,SELL,"Aug 11, 2026",Communication,Entertainment,UPTREND,MOVING DOWN,,No active BUY transition
NX,REMOVED,❌ REMOVED,,BUY,"Jul 17, 2026",Industrials,Building Products & Equipment,,,,Prior BUY is missing or no longer rated BUY
NXE,REMOVED,❌ REMOVED,,BUY,"Aug 06, 2026",Energy,Uranium,,,,Prior BUY is missing or no longer rated BUY
NXG,UNCHANGED,UNCHANGED,,,,Financials,Closed-End Fund - Equity,UPTREND,,,No active BUY transition
NXP,UNCHANGED,UNCHANGED,,SELL,"Jul 24, 2026",Financials,Closed-End Fund - Debt,,,,Previously inactive symbol is absent
NXRT,UNCHANGED,UNCHANGED,,SELL,"Jul 10, 2026",Real Estate,REIT - Residential,,,,Previously inactive symbol is absent
NXST,UNCHANGED,UNCHANGED,SELL,SELL,"Aug 13, 2026",Communication,Broadcasting,UPTREND,MOVING DOWN,,No active BUY transition
NXT,UNCHANGED,UNCHANGED,,,,Technology,Solar,DOWNTREND,,,No active BUY transition
NYT,UNCHANGED,UNCHANGED,SELL,SELL,"Aug 06, 2026",Communication,Publishing,DOWNTREND,MOVING DOWN,,No active BUY transition
NZF,UNCHANGED,UNCHANGED,,SELL,"Jul 08, 2026",Financials,Closed-End Fund - Debt,,,,Previously inactive symbol is absent
O,UNCHANGED,UNCHANGED,SELL,SELL,"Aug 04, 2026",Real Estate,REIT - Retail,DOWNTREND,MOVING DOWN,,No active BUY transition
OACC,UNCHANGED,UNCHANGED,,,,Financials,Shell Companies,,,,Previously inactive symbol is absent
OBDC,REMOVED,❌ REMOVED,,BUY,"Aug 05, 2026",Financials,Asset Management,,,,Prior BUY is missing or no longer rated BUY
OBK,UNCHANGED,UNCHANGED,SELL,SELL,"Aug 07, 2026",Financials,Banks - Regional,UPTREND,MOVING DOWN,,No active BUY transition
OC,LEADER,🚀 LEADER,BUY,BUY,"Aug 10, 2026",Industrials,Building Products & Equipment,UPTREND,MOVING UP,,Sustained BUY with confirmed trend and momentum
OCC,REMOVED,❌ REMOVED,,BUY,"Aug 13, 2026",Technology,Communication Equipment,,,,Prior BUY is missing or no longer rated BUY
OCFC,UNCHANGED,UNCHANGED,,SELL,"Aug 03, 2026",Financials,Banks - Regional,,,,Previously inactive symbol is absent
OCSL,REMOVED,❌ REMOVED,,BUY,"Aug 07, 2026",Financials,Asset Management,,,,Prior BUY is missing or no longer rated BUY
OCUL,REMOVED,❌ REMOVED,,BUY,"Aug 12, 2026",Health Care,Biotechnology,,,,Prior BUY is missing or no longer rated BUY
ODC,UNCHANGED,UNCHANGED,SELL,SELL,"Jul 10, 2026",Materials,Specialty Chemicals,DOWNTREND,MOVING DOWN,,No active BUY transition
ODFL,UNCHANGED,UNCHANGED,SELL,SELL,"Jul 30, 2026",Industrials,Trucking,DOWNTREND,MOVING DOWN,,No active BUY transition
OESX,REMOVED,❌ REMOVED,,BUY,"Aug 06, 2026",Industrials,Electrical Equipment & Parts,,,,Prior BUY is missing or no longer rated BUY
OFG,UNCHANGED,UNCHANGED,SELL,SELL,"Aug 10, 2026",Financials,Banks - Regional,UPTREND,MOVING DOWN,,No active BUY transition
OFIX,UNCHANGED,UNCHANGED,,SELL,"Aug 07, 2026",Health Care,Medical Devices,,,,Previously inactive symbol is absent
OFLX,UNCHANGED,UNCHANGED,SELL,SELL,"Aug 14, 2026",Industrials,Specialty Industrial Machinery,DOWNTREND,MOVING DOWN,,No active BUY transition
OGE,UNCHANGED,UNCHANGED,SELL,SELL,"Jul 31, 2026",Utilities,Utilities - Regulated Electric,DOWNTREND,MOVING DOWN,,No active BUY transition
OGS,EMERGING,🔥 EMERGING,BUY,SELL,"Aug 17, 2026",Utilities,Utilities - Regulated Gas,UPTREND,MOVING UP,,New BUY with rising trend and accelerating momentum
OHI,UNCHANGED,UNCHANGED,SELL,SELL,"Aug 04, 2026",Real Estate,REIT - Healthcare Facilities,DOWNTREND,MOVING DOWN,,No active BUY transition
OII,EMERGING,🔥 EMERGING,BUY,SELL,"Aug 17, 2026",Energy,Oil & Gas Equipment & Services,UPTREND,MOVING UP,,New BUY with rising trend and accelerating momentum
OKE,LEADER,🚀 LEADER,BUY,BUY,"Aug 14, 2026",Energy,Oil & Gas Midstream,UPTREND,MOVING UP,,Sustained BUY with confirmed trend and momentum
OKLO,DETERIORATING,⚠️ DETERIORATING,BUY,BUY,"Aug 14, 2026",Utilities,Utilities - Independent Power Producers,DOWNTREND,MOVING DOWN,,Existing BUY momentum is weakening
OKTA,LEADER,🚀 LEADER,BUY,BUY,"Aug 11, 2026",Technology,Software - Infrastructure,UPTREND,MOVING UP,,Sustained BUY with confirmed trend and momentum
OLED,LEADER,🚀 LEADER,BUY,BUY,"Aug 06, 2026",Technology,Electronic Components,UPTREND,MOVING UP,,Sustained BUY with confirmed trend and momentum
OLLI,DETERIORATING,⚠️ DETERIORATING,BUY,BUY,"Aug 03, 2026",Staples,Discount Stores,UPTREND,MOVING DOWN,,Existing BUY momentum is weakening
OLMA,UNCHANGED,UNCHANGED,,SELL,"Jul 30, 2026",Health Care,Biotechnology,,,,Previously inactive symbol is absent
OLN,UNCHANGED,UNCHANGED,,SELL,"Aug 03, 2026",Materials,Chemicals,,,,Previously inactive symbol is absent
OLP,UNCHANGED,UNCHANGED,,SELL,"Jul 31, 2026",Real Estate,REIT - Diversified,,,,Previously inactive symbol is absent
OMAB,REMOVED,❌ REMOVED,SELL,BUY,"Aug 17, 2026",Industrials,Airports & Air Services,DOWNTREND,MOVING DOWN,,Prior BUY is missing or no longer rated BUY
OMC,LEADER,🚀 LEADER,BUY,BUY,"Aug 12, 2026",Communication,Advertising Agencies,UPTREND,MOVING UP,,Sustained BUY with confirmed trend and momentum
OMCL,UNCHANGED,UNCHANGED,SELL,SELL,"Jul 23, 2026",Health Care,Health Information Services,DOWNTREND,MOVING DOWN,,No active BUY transition
OMDA,UNCHANGED,UNCHANGED,,,,Health Care,Health Information Services,,,,Previously inactive symbol is absent
OMER,REMOVED,❌ REMOVED,,BUY,"Jul 28, 2026",Health Care,Biotechnology,,,,Prior BUY is missing or no longer rated BUY
OMF,LEADER,🚀 LEADER,BUY,BUY,"Jul 29, 2026",Financials,Credit Services,UPTREND,MOVING UP,,Sustained BUY with confirmed trend and momentum
ONB,UNCHANGED,UNCHANGED,SELL,SELL,"Jul 24, 2026",Financials,Banks - Regional,UPTREND,MOVING DOWN,,No active BUY transition
ONC,LEADER,🚀 LEADER,BUY,BUY,"Aug 11, 2026",Health Care,Biotechnology,UPTREND,MOVING UP,,Sustained BUY with confirmed trend and momentum
ONCH,UNCHANGED,UNCHANGED,,,,Financials,Shell Companies,,,,Previously inactive symbol is absent
ONEW,UNCHANGED,UNCHANGED,,SELL,"Jul 27, 2026",Discretionary,Specialty Retail,,,,Previously inactive symbol is absent
ONIT,UNCHANGED,UNCHANGED,SELL,SELL,"Aug 03, 2026",Financials,Mortgage Finance,UPTREND,MOVING UP,,No active BUY transition
ONON,UNCHANGED,UNCHANGED,SELL,SELL,"Aug 12, 2026",Discretionary,Footwear & Accessories,DOWNTREND,MOVING DOWN,,No active BUY transition
ONT,UNCHANGED,UNCHANGED,,,,Industrials,Waste Management,,,,Previously inactive symbol is absent
ONTO,LEADER,🚀 LEADER,BUY,BUY,"Aug 12, 2026",Technology,Semiconductor Equipment & Materials,UPTREND,MOVING UP,,Sustained BUY with confirmed trend and momentum
OOMA,UNCHANGED,UNCHANGED,,SELL,"Jul 20, 2026",Technology,Software - Application,,,,Previously inactive symbol is absent
OPBK,UNCHANGED,UNCHANGED,,SELL,"Aug 12, 2026",Financials,Banks - Regional,,,,Previously inactive symbol is absent
OPCH,REMOVED,❌ REMOVED,,BUY,"Jul 31, 2026",Health Care,Medical Care Facilities,,,,Prior BUY is missing or no longer rated BUY
OPLN,UNCHANGED,UNCHANGED,SELL,SELL,"Jul 14, 2026",Discretionary,Auto & Truck Dealerships,DOWNTREND,MOVING DOWN,,No active BUY transition
OPRA,REMOVED,❌ REMOVED,,BUY,"Aug 05, 2026",Communication,Internet Content & Information,,,,Prior BUY is missing or no longer rated BUY
OPXS,UNCHANGED,UNCHANGED,,SELL,"Jul 14, 2026",Industrials,Aerospace & Defense,,,,Previously inactive symbol is absent
OPY,LEADER,🚀 LEADER,BUY,BUY,"Aug 07, 2026",Financials,Capital Markets,UPTREND,MOVING UP,,Sustained BUY with confirmed trend and momentum
OR,LEADER,🚀 LEADER,BUY,BUY,"Aug 06, 2026",Materials,Gold,UPTREND,MOVING UP,,Sustained BUY with confirmed trend and momentum
ORA,LEADER,🚀 LEADER,BUY,BUY,"Aug 12, 2026",Utilities,Utilities - Renewable,UPTREND,MOVING UP,,Sustained BUY with confirmed trend and momentum
ORCL,LEADER,🚀 LEADER,BUY,BUY,"Aug 10, 2026",Technology,Software - Infrastructure,UPTREND,MOVING UP,,Sustained BUY with confirmed trend and momentum
ORI,UNCHANGED,UNCHANGED,SELL,SELL,"Aug 10, 2026",Financials,Insurance - Property & Casualty,UPTREND,MOVING DOWN,,No active BUY transition
ORIC,REMOVED,❌ REMOVED,,BUY,"Aug 07, 2026",Health Care,Biotechnology,,,,Prior BUY is missing or no longer rated BUY
ORKA,LEADER,🚀 LEADER,BUY,BUY,"Jul 22, 2026",Health Care,Biotechnology,UPTREND,MOVING UP,,Sustained BUY with confirmed trend and momentum
ORLY,LEADER,🚀 LEADER,BUY,BUY,"Jul 29, 2026",Discretionary,Auto Parts,UPTREND,MOVING UP,,Sustained BUY with confirmed trend and momentum
ORRF,UNCHANGED,UNCHANGED,SELL,SELL,"Aug 11, 2026",Financials,Banks - Regional,UPTREND,MOVING DOWN,,No active BUY transition
OSBC,DETERIORATING,⚠️ DETERIORATING,BUY,BUY,"Jul 20, 2026",Financials,Banks - Regional,UPTREND,MOVING DOWN,,Existing BUY momentum is weakening
OSCR,UNCHANGED,UNCHANGED,,,,Health Care,Healthcare Plans,UPTREND,,,No active BUY transition
OSIS,LEADER,🚀 LEADER,BUY,BUY,"Jul 31, 2026",Technology,Electronic Components,UPTREND,MOVING UP,,Sustained BUY with confirmed trend and momentum
OSK,DETERIORATING,⚠️ DETERIORATING,BUY,BUY,"Aug 13, 2026",Industrials,Farm & Heavy Construction Machinery,UPTREND,MOVING DOWN,,Existing BUY momentum is weakening
OSPN,REMOVED,❌ REMOVED,,BUY,"Aug 06, 2026",Technology,Software - Infrastructure,,,,Prior BUY is missing or no longer rated BUY
OSW,UNCHANGED,UNCHANGED,SELL,SELL,"Jul 30, 2026",Discretionary,Leisure,UPTREND,MOVING DOWN,,No active BUY transition
OTEX,UNCHANGED,UNCHANGED,,SELL,"Aug 13, 2026",Technology,Software - Application,,,,Previously inactive symbol is absent
OTF,UNCHANGED,UNCHANGED,,,,Financials,Asset Management,,,,Previously inactive symbol is absent
OTIS,REMOVED,❌ REMOVED,SELL,BUY,"Aug 17, 2026",Industrials,Specialty Industrial Machinery,NEUTRAL,MOVING DOWN,,Prior BUY is missing or no longer rated BUY
OTTR,LEADER,🚀 LEADER,BUY,BUY,"Aug 07, 2026",Industrials,Conglomerates,UPTREND,MOVING UP,,Sustained BUY with confirmed trend and momentum
OUST,UNCHANGED,UNCHANGED,,,,Technology,Electronic Components,UPTREND,,,No active BUY transition
OUT,UNCHANGED,UNCHANGED,SELL,SELL,"Jul 21, 2026",Real Estate,REIT - Specialty,DOWNTREND,MOVING DOWN,,No active BUY transition
OVBC,LEADER,🚀 LEADER,BUY,BUY,"Aug 12, 2026",Financials,Banks - Regional,UPTREND,MOVING UP,,Sustained BUY with confirmed trend and momentum
OVLY,LEADER,🚀 LEADER,BUY,BUY,"Aug 14, 2026",Financials,Banks - Regional,UPTREND,MOVING UP,,Sustained BUY with confirmed trend and momentum
OVV,LEADER,🚀 LEADER,BUY,BUY,"Jul 14, 2026",Energy,Oil & Gas E&P,UPTREND,MOVING UP,,Sustained BUY with confirmed trend and momentum
OWL,REMOVED,❌ REMOVED,,BUY,"Jul 31, 2026",Financials,Asset Management,,,,Prior BUY is missing or no longer rated BUY
OXM,UNCHANGED,UNCHANGED,SELL,SELL,"Aug 04, 2026",Discretionary,Apparel Manufacturing,DOWNTREND,MOVING DOWN,,No active BUY transition
OXY,LEADER,🚀 LEADER,BUY,BUY,"Aug 11, 2026",Energy,Oil & Gas E&P,UPTREND,MOVING UP,,Sustained BUY with confirmed trend and momentum
OYSE,UNCHANGED,UNCHANGED,,,,Financials,Shell Companies,,,,Previously inactive symbol is absent
P,LEADER,🚀 LEADER,BUY,BUY,"Aug 04, 2026",Technology,Computer Hardware,UPTREND,MOVING UP,,Sustained BUY with confirmed trend and momentum
PAA,UNCHANGED,UNCHANGED,,SELL,"Aug 06, 2026",Energy,Oil & Gas Midstream,,,,Previously inactive symbol is absent
PAAS,ACTIVE_BUY,ACTIVE BUY,BUY,BUY,"Aug 06, 2026",Materials,Gold,NEUTRAL,MOVING UP,,BUY remains active without a higher-priority setup
PAC,UNCHANGED,UNCHANGED,SELL,SELL,"Jul 09, 2026",Industrials,Airports & Air Services,DOWNTREND,MOVING DOWN,,No active BUY transition
PACH,UNCHANGED,UNCHANGED,,,,Financials,Shell Companies,,,,Previously inactive symbol is absent
PACS,UNCHANGED,UNCHANGED,,,,Health Care,Medical Care Facilities,UPTREND,,,No active BUY transition
PAG,UNCHANGED,UNCHANGED,SELL,SELL,"Aug 06, 2026",Discretionary,Auto & Truck Dealerships,UPTREND,MOVING DOWN,,No active BUY transition
PAGP,UNCHANGED,UNCHANGED,SELL,SELL,"Aug 04, 2026",Energy,Oil & Gas Midstream,NEUTRAL,MOVING DOWN,,No active BUY transition
PAHC,UNCHANGED,UNCHANGED,SELL,SELL,"Aug 11, 2026",Health Care,Drug Manufacturers - Specialty & Generic,DOWNTREND,MOVING DOWN,,No active BUY transition
PAI,UNCHANGED,UNCHANGED,,SELL,"Jul 14, 2026",Financials,Closed-End Fund - Debt,,,,Previously inactive symbol is absent
PAII,UNCHANGED,UNCHANGED,,,,Financials,Shell Companies,,,,Previously inactive symbol is absent
PAM,UNCHANGED,UNCHANGED,SELL,SELL,"Aug 07, 2026",Industrials,Conglomerates,DOWNTREND,MOVING DOWN,,No active BUY transition
PAMT,UNCHANGED,UNCHANGED,,SELL,"Aug 07, 2026",Industrials,Trucking,,,,Previously inactive symbol is absent
PANW,LEADER,🚀 LEADER,BUY,BUY,"Aug 06, 2026",Technology,Software - Infrastructure,UPTREND,MOVING UP,,Sustained BUY with confirmed trend and momentum
PAR,REMOVED,❌ REMOVED,,BUY,"Aug 03, 2026",Technology,Software - Application,,,,Prior BUY is missing or no longer rated BUY
PARR,UNCHANGED,UNCHANGED,SELL,SELL,"Jul 31, 2026",Energy,Oil & Gas Refining & Marketing,UPTREND,MOVING DOWN,,No active BUY transition
PATH,REMOVED,❌ REMOVED,,BUY,"Jul 30, 2026",Technology,Software - Infrastructure,,,,Prior BUY is missing or no longer rated BUY
PATK,UNCHANGED,UNCHANGED,SELL,SELL,"Jul 06, 2026",Discretionary,Recreational Vehicles,NEUTRAL,MOVING DOWN,,No active BUY transition
PAX,REMOVED,❌ REMOVED,,BUY,"Aug 05, 2026",Financials,Asset Management,,,,Prior BUY is missing or no longer rated BUY
PAXS,REMOVED,❌ REMOVED,,BUY,"Aug 13, 2026",Financials,Closed-End Fund - Debt,,,,Prior BUY is missing or no longer rated BUY
PAY,UNCHANGED,UNCHANGED,SELL,SELL,"Aug 11, 2026",Technology,Software - Infrastructure,UPTREND,MOVING DOWN,,No active BUY transition
PAYC,LEADER,🚀 LEADER,BUY,BUY,"Jul 29, 2026",Technology,Software - Application,UPTREND,MOVING UP,,Sustained BUY with confirmed trend and momentum
PAYS,REMOVED,❌ REMOVED,,BUY,"Aug 07, 2026",Technology,Software - Infrastructure,,,,Prior BUY is missing or no longer rated BUY
PAYX,UNCHANGED,UNCHANGED,SELL,SELL,"Aug 14, 2026",Technology,Software - Application,UPTREND,MOVING DOWN,,No active BUY transition
PB,UNCHANGED,UNCHANGED,SELL,SELL,"Aug 10, 2026",Financials,Banks - Regional,UPTREND,MOVING DOWN,,No active BUY transition
PBA,UNCHANGED,UNCHANGED,SELL,SELL,"Aug 04, 2026",Energy,Oil & Gas Midstream,NEUTRAL,MOVING UP,,No active BUY transition
PBF,UNCHANGED,UNCHANGED,SELL,SELL,"Jul 29, 2026",Energy,Oil & Gas Refining & Marketing,UPTREND,MOVING DOWN,,No active BUY transition
PBFS,UNCHANGED,UNCHANGED,,SELL,"Aug 03, 2026",Financials,Banks - Regional,,,,Previously inactive symbol is absent
PBH,REMOVED,❌ REMOVED,SELL,BUY,"Aug 17, 2026",Health Care,Drug Manufacturers - Specialty & Generic,UPTREND,MOVING DOWN,,Prior BUY is missing or no longer rated BUY
PBHC,UNCHANGED,UNCHANGED,,SELL,"Jul 08, 2026",Financials,Banks - Regional,,,,Previously inactive symbol is absent
PBI,UNCHANGED,UNCHANGED,,SELL,"Jul 23, 2026",Industrials,Integrated Freight & Logistics,,,,Previously inactive symbol is absent
PBR,UNCHANGED,UNCHANGED,,SELL,"Aug 10, 2026",Energy,Oil & Gas Integrated,,,,Previously inactive symbol is absent
PBT,LEADER,🚀 LEADER,BUY,BUY,"Jul 14, 2026",Energy,Oil & Gas Midstream,UPTREND,MOVING UP,,Sustained BUY with confirmed trend and momentum
PCAR,UNCHANGED,UNCHANGED,SELL,SELL,"Aug 14, 2026",Industrials,Farm & Heavy Construction Machinery,UPTREND,MOVING DOWN,,No active BUY transition
PCB,UNCHANGED,UNCHANGED,SELL,SELL,"Jul 08, 2026",Financials,Banks - Regional,NEUTRAL,MOVING UP,,No active BUY transition
PCG,UNCHANGED,UNCHANGED,,SELL,"Aug 04, 2026",Utilities,Utilities - Regulated Electric,,,,Previously inactive symbol is absent
PCN,REMOVED,❌ REMOVED,,BUY,"Aug 10, 2026",Financials,Closed-End Fund - Debt,,,,Prior BUY is missing or no longer rated BUY
PCOR,UNCHANGED,UNCHANGED,SELL,SELL,"Aug 12, 2026",Technology,Software - Application,UPTREND,MOVING DOWN,,No active BUY transition
PCRX,UNCHANGED,UNCHANGED,,SELL,"Aug 06, 2026",Health Care,Drug Manufacturers - Specialty & Generic,,,,Previously inactive symbol is absent
PCTY,UNCHANGED,UNCHANGED,SELL,SELL,"Aug 13, 2026",Technology,Software - Application,UPTREND,MOVING DOWN,,No active BUY transition
PCVX,DETERIORATING,⚠️ DETERIORATING,BUY,BUY,"Aug 07, 2026",Health Care,Biotechnology,UPTREND,MOVING DOWN,,Existing BUY momentum is weakening
PCYO,REMOVED,❌ REMOVED,,BUY,"Aug 11, 2026",Utilities,Utilities - Regulated Water,,,,Prior BUY is missing or no longer rated BUY
PD,REMOVED,❌ REMOVED,,BUY,"Jul 31, 2026",Technology,Software - Application,,,,Prior BUY is missing or no longer rated BUY
PDD,UNCHANGED,UNCHANGED,SELL,SELL,"Aug 14, 2026",Discretionary,Internet Retail,NEUTRAL,MOVING DOWN,,No active BUY transition
PDEX,LEADER,🚀 LEADER,BUY,BUY,"Aug 05, 2026",Health Care,Medical Instruments & Supplies,UPTREND,MOVING UP,,Sustained BUY with confirmed trend and momentum
PDI,UNCHANGED,UNCHANGED,,SELL,"Jul 15, 2026",Financials,Closed-End Fund - Debt,,,,Previously inactive symbol is absent
PDLB,UNCHANGED,UNCHANGED,,SELL,"Aug 10, 2026",Financials,Banks - Regional,,,,Previously inactive symbol is absent
PDO,UNCHANGED,UNCHANGED,,,,Financials,Closed-End Fund - Debt,,,,Previously inactive symbol is absent
PDS,LEADER,🚀 LEADER,BUY,BUY,"Aug 14, 2026",Energy,Oil & Gas Drilling,UPTREND,MOVING UP,,Sustained BUY with confirmed trend and momentum
PDT,UNCHANGED,UNCHANGED,,SELL,"Aug 03, 2026",Financials,Closed-End Fund - Debt,,,,Previously inactive symbol is absent
PDX,REMOVED,❌ REMOVED,,BUY,"Aug 04, 2026",Financials,Asset Management,,,,Prior BUY is missing or no longer rated BUY
PEB,UNCHANGED,UNCHANGED,,SELL,"Jun 29, 2026",Real Estate,REIT - Hotel & Motel,,,,Previously inactive symbol is absent
PEBK,LEADER,🚀 LEADER,BUY,BUY,"Aug 14, 2026",Financials,Banks - Regional,UPTREND,MOVING UP,,Sustained BUY with confirmed trend and momentum
PEBO,UNCHANGED,UNCHANGED,SELL,SELL,"Aug 11, 2026",Financials,Banks - Regional,UPTREND,MOVING DOWN,,No active BUY transition
PECO,UNCHANGED,UNCHANGED,SELL,SELL,"Jul 27, 2026",Real Estate,REIT - Retail,DOWNTREND,MOVING UP,,No active BUY transition
PED,UNCHANGED,UNCHANGED,,,,Energy,Oil & Gas E&P,,,,Previously inactive symbol is absent
PEG,UNCHANGED,UNCHANGED,SELL,SELL,"Jul 09, 2026",Utilities,Utilities - Regulated Electric,DOWNTREND,MOVING UP,,No active BUY transition
PEGA,LEADER,🚀 LEADER,BUY,BUY,"Aug 06, 2026",Technology,Software - Application,UPTREND,MOVING UP,,Sustained BUY with confirmed trend and momentum
PEN,LEADER,🚀 LEADER,BUY,BUY,"Jul 28, 2026",Health Care,Medical Devices,UPTREND,MOVING UP,,Sustained BUY with confirmed trend and momentum
PENG,EMERGING,🔥 EMERGING,BUY,SELL,"Aug 17, 2026",Technology,Information Technology Services,UPTREND,MOVING UP,,New BUY with rising trend and accelerating momentum
PEO,UNCHANGED,UNCHANGED,SELL,SELL,"Aug 06, 2026",Financials,Closed-End Fund - Equity,UPTREND,MOVING UP,,No active BUY transition
PEP,NEW_BUY,NEW BUY,BUY,SELL,"Aug 17, 2026",Staples,Beverages - Non-Alcoholic,NEUTRAL,MOVING UP,,BUY triggered since the previous file
PFBC,UNCHANGED,UNCHANGED,SELL,SELL,"Jul 22, 2026",Financials,Banks - Regional,UPTREND,MOVING DOWN,,No active BUY transition
PFD,UNCHANGED,UNCHANGED,,SELL,"Jul 21, 2026",Financials,Closed-End Fund - Debt,,,,Previously inactive symbol is absent
PFE,LEADER,🚀 LEADER,BUY,BUY,"Jul 23, 2026",Health Care,Drug Manufacturers - General,UPTREND,MOVING UP,,Sustained BUY with confirmed trend and momentum
PFG,REMOVED,❌ REMOVED,SELL,BUY,"Aug 17, 2026",Financials,Asset Management,UPTREND,MOVING DOWN,,Prior BUY is missing or no longer rated BUY
PFGC,UNCHANGED,UNCHANGED,SELL,SELL,"Aug 05, 2026",Staples,Food Distribution,DOWNTREND,MOVING DOWN,,No active BUY transition
PFIS,UNCHANGED,UNCHANGED,SELL,SELL,"Aug 04, 2026",Financials,Banks - Regional,UPTREND,MOVING DOWN,,No active BUY transition
PFS,REMOVED,❌ REMOVED,,BUY,"Aug 04, 2026",Financials,Banks - Regional,,,,Prior BUY is missing or no longer rated BUY
PFSI,UNCHANGED,UNCHANGED,SELL,SELL,"Jul 08, 2026",Financials,Mortgage Finance,DOWNTREND,MOVING UP,,No active BUY transition
PFX,LEADER,🚀 LEADER,BUY,BUY,"Aug 06, 2026",Financials,Asset Management,UPTREND,MOVING UP,,Sustained BUY with confirmed trend and momentum
PG,UNCHANGED,UNCHANGED,SELL,SELL,"Jul 10, 2026",Staples,Household & Personal Products,DOWNTREND,MOVING DOWN,,No active BUY transition
PGAC,UNCHANGED,UNCHANGED,,,,Financials,Shell Companies,,,,Previously inactive symbol is absent
PGC,UNCHANGED,UNCHANGED,SELL,SELL,"Jul 10, 2026",Financials,Banks - Regional,NEUTRAL,MOVING DOWN,,No active BUY transition
PGNY,UNCHANGED,UNCHANGED,SELL,SELL,"Aug 07, 2026",Health Care,Healthcare Plans,DOWNTREND,MOVING DOWN,,No active BUY transition
PGR,UNCHANGED,UNCHANGED,SELL,SELL,"Jul 16, 2026",Financials,Insurance - Property & Casualty,DOWNTREND,MOVING DOWN,,No active BUY transition
PGY,UNCHANGED,UNCHANGED,,SELL,"Aug 13, 2026",Technology,Software - Infrastructure,,,,Previously inactive symbol is absent
PGZ,UNCHANGED,UNCHANGED,,SELL,"Jul 21, 2026",Financials,Closed-End Fund - Debt,,,,Previously inactive symbol is absent
PHG,LEADER,🚀 LEADER,BUY,BUY,"Aug 12, 2026",Health Care,Medical Devices,UPTREND,MOVING UP,,Sustained BUY with confirmed trend and momentum
PHI,UNCHANGED,UNCHANGED,,SELL,"Aug 06, 2026",Communication,Telecom Services,,,,Previously inactive symbol is absent
PHIN,UNCHANGED,UNCHANGED,,,,Discretionary,Auto Parts,DOWNTREND,,,No active BUY transition
PHM,DETERIORATING,⚠️ DETERIORATING,BUY,BUY,"Jul 29, 2026",Discretionary,Residential Construction,UPTREND,MOVING DOWN,,Existing BUY momentum is weakening
PHR,REMOVED,❌ REMOVED,,BUY,"Jul 30, 2026",Health Care,Health Information Services,,,,Prior BUY is missing or no longer rated BUY
PI,LEADER,🚀 LEADER,BUY,BUY,"Aug 03, 2026",Technology,Semiconductors,UPTREND,MOVING UP,,Sustained BUY with confirmed trend and momentum
PII,UNCHANGED,UNCHANGED,SELL,SELL,"Jul 31, 2026",Discretionary,Recreational Vehicles,NEUTRAL,MOVING DOWN,,No active BUY transition
PIII,REMOVED,❌ REMOVED,,BUY,"Aug 11, 2026",Health Care,Medical Care Facilities,,,,Prior BUY is missing or no longer rated BUY
PINE,UNCHANGED,UNCHANGED,,SELL,"Jul 27, 2026",Real Estate,REIT - Retail,,,,Previously inactive symbol is absent
PINS,UNCHANGED,UNCHANGED,,SELL,"Aug 07, 2026",Communication,Internet Content & Information,,,,Previously inactive symbol is absent
PIPR,UNCHANGED,UNCHANGED,SELL,SELL,"Aug 03, 2026",Financials,Capital Markets,NEUTRAL,MOVING DOWN,,No active BUY transition
PJT,LEADER,🚀 LEADER,BUY,BUY,"Aug 14, 2026",Financials,Capital Markets,UPTREND,MOVING UP,,Sustained BUY with confirmed trend and momentum
PK,UNCHANGED,UNCHANGED,,SELL,"Aug 07, 2026",Real Estate,REIT - Hotel & Motel,,,,Previously inactive symbol is absent
PKBK,LEADER,🚀 LEADER,BUY,BUY,"Jul 31, 2026",Financials,Banks - Regional,UPTREND,MOVING UP,,Sustained BUY with confirmed trend and momentum
PKE,LEADER,🚀 LEADER,BUY,BUY,"Aug 05, 2026",Industrials,Aerospace & Defense,UPTREND,MOVING UP,,Sustained BUY with confirmed trend and momentum
PKG,LEADER,🚀 LEADER,BUY,BUY,"Jul 28, 2026",Discretionary,Packaging & Containers,UPTREND,MOVING UP,,Sustained BUY with confirmed trend and momentum
PKOH,LEADER,🚀 LEADER,BUY,BUY,"Jul 23, 2026",Industrials,Specialty Industrial Machinery,UPTREND,MOVING UP,,Sustained BUY with confirmed trend and momentum
PKX,LEADER,🚀 LEADER,BUY,BUY,"Aug 07, 2026",Materials,Steel,UPTREND,MOVING UP,,Sustained BUY with confirmed trend and momentum
PLAB,LEADER,🚀 LEADER,BUY,BUY,"Aug 05, 2026",Technology,Semiconductor Equipment & Materials,UPTREND,MOVING UP,,Sustained BUY with confirmed trend and momentum
PLAY,UNCHANGED,UNCHANGED,,SELL,"Aug 10, 2026",Communication,Entertainment,,,,Previously inactive symbol is absent
PLBC,UNCHANGED,UNCHANGED,SELL,SELL,"Jul 31, 2026",Financials,Banks - Regional,UPTREND,MOVING UP,,No active BUY transition
PLD,UNCHANGED,UNCHANGED,SELL,SELL,"Aug 05, 2026",Real Estate,REIT - Industrial,DOWNTREND,MOVING DOWN,,No active BUY transition
PLMK,UNCHANGED,UNCHANGED,,,,Financials,Shell Companies,,,,Previously inactive symbol is absent
PLMR,UNCHANGED,UNCHANGED,SELL,SELL,"Aug 10, 2026",Financials,Insurance - Property & Casualty,DOWNTREND,MOVING DOWN,,No active BUY transition
PLNT,UNCHANGED,UNCHANGED,SELL,SELL,"Aug 10, 2026",Discretionary,Leisure,DOWNTREND,MOVING DOWN,,No active BUY transition
PLOW,UNCHANGED,UNCHANGED,SELL,SELL,"Jul 08, 2026",Discretionary,Auto Parts,DOWNTREND,MOVING DOWN,,No active BUY transition
PLPC,LEADER,🚀 LEADER,BUY,BUY,"Aug 05, 2026",Industrials,Electrical Equipment & Parts,UPTREND,MOVING UP,,Sustained BUY with confirmed trend and momentum
PLSE,LEADER,🚀 LEADER,BUY,BUY,"Jul 23, 2026",Health Care,Medical Instruments & Supplies,UPTREND,MOVING UP,,Sustained BUY with confirmed trend and momentum
PLTR,DETERIORATING,⚠️ DETERIORATING,BUY,BUY,"Aug 05, 2026",Technology,Software - Infrastructure,UPTREND,MOVING DOWN,,Existing BUY momentum is weakening
PLUS,UNCHANGED,UNCHANGED,SELL,SELL,"Aug 12, 2026",Technology,Software - Application,UPTREND,MOVING DOWN,,No active BUY transition
PLXS,LEADER,🚀 LEADER,BUY,BUY,"Aug 07, 2026",Technology,Electronic Components,UPTREND,MOVING UP,,Sustained BUY with confirmed trend and momentum
PM,UNCHANGED,UNCHANGED,SELL,SELL,"Aug 07, 2026",Staples,Tobacco,UPTREND,MOVING DOWN,,No active BUY transition
PMO,UNCHANGED,UNCHANGED,,SELL,"Jul 13, 2026",Financials,Closed-End Fund - Debt,,,,Previously inactive symbol is absent
PMTR,UNCHANGED,UNCHANGED,,,,Financials,Shell Companies,,,,Previously inactive symbol is absent
PMTS,LEADER,🚀 LEADER,BUY,BUY,"Jul 23, 2026",Financials,Credit Services,UPTREND,MOVING UP,,Sustained BUY with confirmed trend and momentum
PNC,UNCHANGED,UNCHANGED,SELL,SELL,"Jul 15, 2026",Financials,Banks - Regional,UPTREND,MOVING DOWN,,No active BUY transition
PNFP,REMOVED,❌ REMOVED,SELL,BUY,"Aug 17, 2026",Financials,Banks - Regional,UPTREND,MOVING DOWN,,Prior BUY is missing or no longer rated BUY
PNR,UNCHANGED,UNCHANGED,SELL,SELL,"Jul 16, 2026",Industrials,Specialty Industrial Machinery,DOWNTREND,MOVING UP,,No active BUY transition
PNTG,UNCHANGED,UNCHANGED,SELL,SELL,"Aug 05, 2026",Health Care,Medical Care Facilities,NEUTRAL,MOVING DOWN,,No active BUY transition
PNW,UNCHANGED,UNCHANGED,SELL,SELL,"Jul 16, 2026",Utilities,Utilities - Regulated Electric,DOWNTREND,MOVING DOWN,,No active BUY transition
PODD,UNCHANGED,UNCHANGED,SELL,SELL,"Jul 22, 2026",Health Care,Medical Devices,DOWNTREND,MOVING DOWN,,No active BUY transition
POLE,UNCHANGED,UNCHANGED,,,,Financials,Shell Companies,,,,Previously inactive symbol is absent
POOL,DETERIORATING,⚠️ DETERIORATING,BUY,BUY,"Aug 10, 2026",Industrials,Industrial Distribution,NEUTRAL,MOVING DOWN,,Existing BUY momentum is weakening
POR,UNCHANGED,UNCHANGED,SELL,SELL,"Jul 20, 2026",Utilities,Utilities - Regulated Electric,NEUTRAL,MOVING UP,,No active BUY transition
POST,UNCHANGED,UNCHANGED,SELL,SELL,"Aug 06, 2026",Staples,Packaged Foods,DOWNTREND,MOVING DOWN,,No active BUY transition
PPC,UNCHANGED,UNCHANGED,SELL,SELL,"Aug 04, 2026",Staples,Packaged Foods,DOWNTREND,MOVING UP,,No active BUY transition
PPG,UNCHANGED,UNCHANGED,SELL,SELL,"Aug 13, 2026",Materials,Specialty Chemicals,DOWNTREND,MOVING DOWN,,No active BUY transition
PPIH,LEADER,🚀 LEADER,BUY,BUY,"Aug 11, 2026",Industrials,Building Products & Equipment,UPTREND,MOVING UP,,Sustained BUY with confirmed trend and momentum
PPL,UNCHANGED,UNCHANGED,SELL,SELL,"Jul 10, 2026",Utilities,Utilities - Regulated Electric,NEUTRAL,MOVING UP,,No active BUY transition
PPLI,UNCHANGED,UNCHANGED,SELL,SELL,"Jul 20, 2026",Communication,Internet Content & Information,DOWNTREND,MOVING DOWN,,No active BUY transition
PPTA,REMOVED,❌ REMOVED,SELL,BUY,"Aug 17, 2026",Materials,Other Precious Metals & Mining,UPTREND,MOVING DOWN,,Prior BUY is missing or no longer rated BUY
PR,UNCHANGED,UNCHANGED,,SELL,"Jul 30, 2026",Energy,Oil & Gas E&P,,,,Previously inactive symbol is absent
PRAA,REMOVED,❌ REMOVED,,BUY,"Aug 10, 2026",Financials,Credit Services,,,,Prior BUY is missing or no longer rated BUY
PRAX,DETERIORATING,⚠️ DETERIORATING,BUY,BUY,"Aug 07, 2026",Health Care,Biotechnology,UPTREND,MOVING DOWN,,Existing BUY momentum is weakening
PRCH,UNCHANGED,UNCHANGED,,SELL,"Aug 14, 2026",Financials,Insurance - Property & Casualty,,,,Previously inactive symbol is absent
PRCT,REMOVED,❌ REMOVED,,BUY,"Aug 11, 2026",Health Care,Medical Devices,,,,Prior BUY is missing or no longer rated BUY
PRDO,UNCHANGED,UNCHANGED,SELL,SELL,"Aug 12, 2026",Staples,Education & Training Services,DOWNTREND,MOVING UP,,No active BUY transition
PRG,UNCHANGED,UNCHANGED,SELL,SELL,"Jul 13, 2026",Industrials,Rental & Leasing Services,NEUTRAL,MOVING DOWN,,No active BUY transition
PRGO,REMOVED,❌ REMOVED,,BUY,"Aug 05, 2026",Health Care,Drug Manufacturers - Specialty & Generic,,,,Prior BUY is missing or no longer rated BUY
PRGS,UNCHANGED,UNCHANGED,SELL,SELL,"Jul 27, 2026",Technology,Software - Infrastructure,UPTREND,MOVING DOWN,,No active BUY transition
PRI,UNCHANGED,UNCHANGED,SELL,SELL,"Aug 05, 2026",Financials,Insurance - Life,UPTREND,MOVING DOWN,,No active BUY transition
PRK,LEADER,🚀 LEADER,BUY,BUY,"Jul 29, 2026",Financials,Banks - Regional,UPTREND,MOVING UP,,Sustained BUY with confirmed trend and momentum
PRKS,UNCHANGED,UNCHANGED,SELL,SELL,"Aug 07, 2026",Discretionary,Leisure,NEUTRAL,MOVING UP,,No active BUY transition
PRLB,LEADER,🚀 LEADER,BUY,BUY,"Aug 05, 2026",Industrials,Metal Fabrication,UPTREND,MOVING UP,,Sustained BUY with confirmed trend and momentum
PRM,DETERIORATING,⚠️ DETERIORATING,BUY,BUY,"Aug 07, 2026",Materials,Specialty Chemicals,UPTREND,MOVING DOWN,,Existing BUY momentum is weakening
PRMB,UNCHANGED,UNCHANGED,,,,Staples,Beverages - Non-Alcoholic,,,,Previously inactive symbol is absent
PROV,REMOVED,❌ REMOVED,,BUY,"Jul 29, 2026",Financials,Banks - Regional,,,,Prior BUY is missing or no longer rated BUY
PRPO,UNCHANGED,UNCHANGED,,SELL,"Jul 21, 2026",Health Care,Diagnostics & Research,,,,Previously inactive symbol is absent
PRSU,UNCHANGED,UNCHANGED,SELL,SELL,"Jul 10, 2026",Discretionary,Travel Services,DOWNTREND,MOVING DOWN,,No active BUY transition
PRU,UNCHANGED,UNCHANGED,SELL,SELL,"Aug 06, 2026",Financials,Insurance - Life,UPTREND,MOVING DOWN,,No active BUY transition
PRVA,UNCHANGED,UNCHANGED,,SELL,"Jul 17, 2026",Health Care,Health Information Services,,,,Previously inactive symbol is absent
PSA,DETERIORATING,⚠️ DETERIORATING,BUY,BUY,"Jul 30, 2026",Real Estate,REIT - Industrial,UPTREND,MOVING DOWN,,Existing BUY momentum is weakening
PSBD,UNCHANGED,UNCHANGED,,,,Financials,Asset Management,,,,Previously inactive symbol is absent
PSF,UNCHANGED,UNCHANGED,,SELL,"Jul 20, 2026",Financials,Closed-End Fund - Debt,,,,Previously inactive symbol is absent
PSIX,LEADER,🚀 LEADER,BUY,BUY,"Aug 10, 2026",Industrials,Specialty Industrial Machinery,UPTREND,MOVING UP,,Sustained BUY with confirmed trend and momentum
PSMT,UNCHANGED,UNCHANGED,SELL,SELL,"Aug 06, 2026",Staples,Discount Stores,DOWNTREND,MOVING DOWN,,No active BUY transition
PSN,UNCHANGED,UNCHANGED,SELL,SELL,"Jul 21, 2026",Technology,Information Technology Services,DOWNTREND,MOVING UP,,No active BUY transition
PSNL,UNCHANGED,UNCHANGED,,,,Health Care,Diagnostics & Research,,,,Previously inactive symbol is absent
PSO,UNCHANGED,UNCHANGED,,SELL,"Jul 23, 2026",Communication,Publishing,,,,Previously inactive symbol is absent
PSTL,UNCHANGED,UNCHANGED,,SELL,"Jul 10, 2026",Real Estate,REIT - Office,,,,Previously inactive symbol is absent
PSX,EMERGING,🔥 EMERGING,BUY,SELL,"Aug 17, 2026",Energy,Oil & Gas Refining & Marketing,UPTREND,MOVING UP,,New BUY with rising trend and accelerating momentum
PTA,UNCHANGED,UNCHANGED,,SELL,"Jul 15, 2026",Financials,Closed-End Fund - Debt,,,,Previously inactive symbol is absent
PTC,LEADER,🚀 LEADER,BUY,BUY,"Jul 30, 2026",Technology,Software - Application,UPTREND,MOVING UP,,Sustained BUY with confirmed trend and momentum
PTCT,UNCHANGED,UNCHANGED,SELL,SELL,"Jul 14, 2026",Health Care,Biotechnology,DOWNTREND,MOVING UP,,No active BUY transition
PTEN,REMOVED,❌ REMOVED,,BUY,"Aug 04, 2026",Energy,Oil & Gas Drilling,,,,Prior BUY is missing or no longer rated BUY
PTGX,LEADER,🚀 LEADER,BUY,BUY,"Aug 07, 2026",Health Care,Biotechnology,UPTREND,MOVING UP,,Sustained BUY with confirmed trend and momentum
PTHS,UNCHANGED,UNCHANGED,,,,Health Care,Biotechnology,UPTREND,,,No active BUY transition
PTRN,UNCHANGED,UNCHANGED,,,,Technology,Software - Application,,,,Previously inactive symbol is absent
PTY,REMOVED,❌ REMOVED,,BUY,"Aug 13, 2026",Financials,Closed-End Fund - Debt,,,,Prior BUY is missing or no longer rated BUY
PUBM,REMOVED,❌ REMOVED,,BUY,"Aug 05, 2026",Technology,Software - Application,,,,Prior BUY is missing or no longer rated BUY
PUK,UNCHANGED,UNCHANGED,SELL,SELL,"Aug 07, 2026",Financials,Insurance - Life,DOWNTREND,MOVING DOWN,,No active BUY transition
PUMP,UNCHANGED,UNCHANGED,,,,Energy,Oil & Gas Equipment & Services,,,,Previously inactive symbol is absent
PVH,UNCHANGED,UNCHANGED,SELL,SELL,"Aug 13, 2026",Discretionary,Apparel Manufacturing,UPTREND,MOVING DOWN,,No active BUY transition
PVLA,UNCHANGED,UNCHANGED,,,,Health Care,Biotechnology,UPTREND,,,No active BUY transition
PWP,REMOVED,❌ REMOVED,,BUY,"Aug 03, 2026",Financials,Capital Markets,,,,Prior BUY is missing or no longer rated BUY
PWR,LEADER,🚀 LEADER,BUY,BUY,"Aug 06, 2026",Industrials,Engineering & Construction,UPTREND,MOVING UP,,Sustained BUY with confirmed trend and momentum
PXED,UNCHANGED,UNCHANGED,,,,Staples,Education & Training Services,DOWNTREND,,,No active BUY transition
PYPL,UNCHANGED,UNCHANGED,SELL,SELL,"Aug 03, 2026",Financials,Credit Services,UPTREND,MOVING DOWN,,No active BUY transition
PZZA,UNCHANGED,UNCHANGED,,SELL,"Jul 10, 2026",Discretionary,Restaurants,,,,Previously inactive symbol is absent
QBTS,UNCHANGED,UNCHANGED,,,,Technology,Computer Hardware,,,,Previously inactive symbol is absent
QCRH,LEADER,🚀 LEADER,BUY,BUY,"Jul 29, 2026",Financials,Banks - Regional,UPTREND,MOVING UP,,Sustained BUY with confirmed trend and momentum
QDEL,UNCHANGED,UNCHANGED,,SELL,"Jul 22, 2026",Health Care,Medical Devices,,,,Previously inactive symbol is absent
QETA,UNCHANGED,UNCHANGED,,,,Financials,Shell Companies,,,,Previously inactive symbol is absent
QFIN,UNCHANGED,UNCHANGED,,SELL,"Jul 09, 2026",Financials,Credit Services,,,,Previously inactive symbol is absent
QGEN,UNCHANGED,UNCHANGED,SELL,SELL,"Jul 23, 2026",Health Care,Diagnostics & Research,UPTREND,MOVING DOWN,,No active BUY transition
QLYS,LEADER,🚀 LEADER,BUY,BUY,"Aug 06, 2026",Technology,Software - Infrastructure,UPTREND,MOVING UP,,Sustained BUY with confirmed trend and momentum
QMCO,LEADER,🚀 LEADER,BUY,BUY,"Aug 06, 2026",Technology,Computer Hardware,UPTREND,MOVING UP,,Sustained BUY with confirmed trend and momentum
QNCX,LEADER,🚀 LEADER,BUY,BUY,"Jul 31, 2026",Health Care,Biotechnology,UPTREND,MOVING UP,,Sustained BUY with confirmed trend and momentum
QNST,REMOVED,❌ REMOVED,,BUY,"Aug 11, 2026",Communication,Advertising Agencies,,,,Prior BUY is missing or no longer rated BUY
QQQX,LEADER,🚀 LEADER,BUY,BUY,"Aug 06, 2026",Financials,Closed-End Fund - Equity,UPTREND,MOVING UP,,Sustained BUY with confirmed trend and momentum
QRVO,LEADER,🚀 LEADER,BUY,BUY,"Aug 03, 2026",Technology,Semiconductors,UPTREND,MOVING UP,,Sustained BUY with confirmed trend and momentum
QSEA,UNCHANGED,UNCHANGED,,,,Financials,Shell Companies,,,,Previously inactive symbol is absent
QSR,LEADER,🚀 LEADER,BUY,BUY,"Aug 14, 2026",Discretionary,Restaurants,UPTREND,MOVING UP,,Sustained BUY with confirmed trend and momentum
QTTB,UNCHANGED,UNCHANGED,,SELL,"Jul 27, 2026",Health Care,Biotechnology,,,,Previously inactive symbol is absent
QTWO,UNCHANGED,UNCHANGED,SELL,SELL,"Aug 13, 2026",Technology,Software - Application,UPTREND,MOVING DOWN,,No active BUY transition
QUMS,UNCHANGED,UNCHANGED,,,,Financials,Shell Companies,,,,Previously inactive symbol is absent
QXO,REMOVED,❌ REMOVED,,BUY,"Aug 10, 2026",Industrials,Industrial Distribution,,,,Prior BUY is missing or no longer rated BUY
RA,UNCHANGED,UNCHANGED,,SELL,"Aug 07, 2026",Financials,Closed-End Fund - Debt,,,,Previously inactive symbol is absent
RAC,UNCHANGED,UNCHANGED,,,,Financials,Shell Companies,,,,Previously inactive symbol is absent
RACE,LEADER,🚀 LEADER,BUY,BUY,"Jul 30, 2026",Discretionary,Auto Manufacturers,UPTREND,MOVING UP,,Sustained BUY with confirmed trend and momentum
RAL,UNCHANGED,UNCHANGED,,,,Technology,Electronic Components,UPTREND,,,No active BUY transition
RAMP,UNCHANGED,UNCHANGED,SELL,SELL,"Jul 17, 2026",Technology,Software - Infrastructure,UPTREND,MOVING DOWN,,No active BUY transition
RAND,UNCHANGED,UNCHANGED,,SELL,"Aug 13, 2026",Financials,Asset Management,,,,Previously inactive symbol is absent
RANG,UNCHANGED,UNCHANGED,,,,Financials,Shell Companies,,,,Previously inactive symbol is absent
RAPP,UNCHANGED,UNCHANGED,,,,Health Care,Biotechnology,UPTREND,,,No active BUY transition
RARE,UNCHANGED,UNCHANGED,SELL,SELL,"Jul 13, 2026",Health Care,Biotechnology,DOWNTREND,MOVING UP,,No active BUY transition
RBA,UNCHANGED,UNCHANGED,SELL,SELL,"Jul 10, 2026",Industrials,Specialty Business Services,DOWNTREND,MOVING DOWN,,No active BUY transition
RBB,LEADER,🚀 LEADER,BUY,BUY,"Aug 07, 2026",Financials,Banks - Regional,UPTREND,MOVING UP,,Sustained BUY with confirmed trend and momentum
RBC,UNCHANGED,UNCHANGED,SELL,SELL,"Jul 07, 2026",Industrials,Tools & Accessories,DOWNTREND,MOVING DOWN,,No active BUY transition
RBCAA,UNCHANGED,UNCHANGED,SELL,SELL,"Aug 13, 2026",Financials,Banks - Regional,UPTREND,MOVING DOWN,,No active BUY transition
RBLX,UNCHANGED,UNCHANGED,SELL,SELL,"Jul 20, 2026",Communication,Electronic Gaming & Multimedia,DOWNTREND,MOVING UP,,No active BUY transition
RBRK,UNCHANGED,UNCHANGED,,,,Technology,Software - Infrastructure,UPTREND,,,No active BUY transition
RCAT,REMOVED,❌ REMOVED,,BUY,"Aug 11, 2026",Industrials,Aerospace & Defense,,,,Prior BUY is missing or no longer rated BUY
RCI,LEADER,🚀 LEADER,BUY,BUY,"Aug 07, 2026",Communication,Telecom Services,UPTREND,MOVING UP,,Sustained BUY with confirmed trend and momentum
RCKY,LEADER,🚀 LEADER,BUY,BUY,"Jul 23, 2026",Discretionary,Footwear & Accessories,UPTREND,MOVING UP,,Sustained BUY with confirmed trend and momentum
RCL,REMOVED,❌ REMOVED,SELL,BUY,"Aug 17, 2026",Discretionary,Travel Services,UPTREND,MOVING DOWN,,Prior BUY is missing or no longer rated BUY
RCMT,EMERGING,🔥 EMERGING,BUY,SELL,"Aug 17, 2026",Industrials,Conglomerates,UPTREND,MOVING UP,,New BUY with rising trend and accelerating momentum
RCUS,LEADER,🚀 LEADER,BUY,BUY,"Aug 10, 2026",Health Care,Biotechnology,UPTREND,MOVING UP,,Sustained BUY with confirmed trend and momentum
RDAG,UNCHANGED,UNCHANGED,,,,Financials,Shell Companies,,,,Previously inactive symbol is absent
RDDT,UNCHANGED,UNCHANGED,,,,Communication,Internet Content & Information,NEUTRAL,,,No active BUY transition
RDN,UNCHANGED,UNCHANGED,SELL,SELL,"Aug 07, 2026",Financials,Insurance - Specialty,DOWNTREND,MOVING DOWN,,No active BUY transition
RDNT,LEADER,🚀 LEADER,BUY,BUY,"Aug 05, 2026",Health Care,Diagnostics & Research,UPTREND,MOVING UP,,Sustained BUY with confirmed trend and momentum
RDVT,LEADER,🚀 LEADER,BUY,BUY,"Jul 31, 2026",Technology,Software - Application,UPTREND,MOVING UP,,Sustained BUY with confirmed trend and momentum
RDW,REMOVED,❌ REMOVED,,BUY,"Aug 10, 2026",Industrials,Aerospace & Defense,,,,Prior BUY is missing or no longer rated BUY
RDY,UNCHANGED,UNCHANGED,,SELL,"Jul 13, 2026",Health Care,Drug Manufacturers - Specialty & Generic,,,,Previously inactive symbol is absent
REAL,UNCHANGED,UNCHANGED,,SELL,"Aug 07, 2026",Discretionary,Luxury Goods,,,,Previously inactive symbol is absent
REG,UNCHANGED,UNCHANGED,SELL,SELL,"Aug 03, 2026",Real Estate,REIT - Retail,DOWNTREND,MOVING DOWN,,No active BUY transition
REGN,LEADER,🚀 LEADER,BUY,BUY,"Jul 06, 2026",Health Care,Biotechnology,UPTREND,MOVING UP,,Sustained BUY with confirmed trend and momentum
RELL,REMOVED,❌ REMOVED,,BUY,"Jul 24, 2026",Technology,Electronic Components,,,,Prior BUY is missing or no longer rated BUY
RELX,UNCHANGED,UNCHANGED,SELL,SELL,"Aug 14, 2026",Industrials,Specialty Business Services,UPTREND,MOVING DOWN,,No active BUY transition
RELY,EMERGING,🔥 EMERGING,BUY,SELL,"Aug 17, 2026",Technology,Software - Infrastructure,UPTREND,MOVING UP,,New BUY with rising trend and accelerating momentum
REPL,REMOVED,❌ REMOVED,,BUY,"Aug 05, 2026",Health Care,Biotechnology,,,,Prior BUY is missing or no longer rated BUY
REPX,UNCHANGED,UNCHANGED,,,,Energy,Oil & Gas E&P,UPTREND,,,No active BUY transition
REX,UNCHANGED,UNCHANGED,SELL,SELL,"Jul 27, 2026",Materials,Chemicals,DOWNTREND,MOVING UP,,No active BUY transition
REXR,UNCHANGED,UNCHANGED,SELL,SELL,"Aug 05, 2026",Real Estate,REIT - Industrial,NEUTRAL,MOVING DOWN,,No active BUY transition
REYN,DETERIORATING,⚠️ DETERIORATING,BUY,BUY,"Aug 06, 2026",Discretionary,Packaging & Containers,UPTREND,MOVING DOWN,,Existing BUY momentum is weakening
REZI,UNCHANGED,UNCHANGED,,SELL,"Jul 23, 2026",Industrials,Industrial Distribution,,,,Previously inactive symbol is absent
RF,UNCHANGED,UNCHANGED,SELL,SELL,"Jul 28, 2026",Financials,Banks - Regional,UPTREND,MOVING DOWN,,No active BUY transition
RFI,UNCHANGED,UNCHANGED,,SELL,"Aug 12, 2026",Financials,Closed-End Fund - Equity,,,,Previously inactive symbol is absent
RFIL,UNCHANGED,UNCHANGED,,SELL,"Jul 08, 2026",Industrials,Electrical Equipment & Parts,,,,Previously inactive symbol is absent
RFM,REMOVED,❌ REMOVED,,BUY,"Aug 11, 2026",Financials,Asset Management,,,,Prior BUY is missing or no longer rated BUY
RFMZ,UNCHANGED,UNCHANGED,,SELL,"Jul 15, 2026",Financials,Asset Management,,,,Previously inactive symbol is absent
RGA,UNCHANGED,UNCHANGED,SELL,SELL,"Jul 29, 2026",Financials,Insurance - Reinsurance,UPTREND,MOVING DOWN,,No active BUY transition
RGCO,UNCHANGED,UNCHANGED,,SELL,"Jul 23, 2026",Utilities,Utilities - Regulated Gas,,,,Previously inactive symbol is absent
RGEN,LEADER,🚀 LEADER,BUY,BUY,"Aug 06, 2026",Health Care,Medical Instruments & Supplies,UPTREND,MOVING UP,,Sustained BUY with confirmed trend and momentum
RGLD,LEADER,🚀 LEADER,BUY,BUY,"Aug 05, 2026",Materials,Gold,UPTREND,MOVING UP,,Sustained BUY with confirmed trend and momentum
RGNX,UNCHANGED,UNCHANGED,,SELL,"Jul 13, 2026",Health Care,Biotechnology,,,,Previously inactive symbol is absent
RGR,UNCHANGED,UNCHANGED,SELL,SELL,"Jun 29, 2026",Industrials,Aerospace & Defense,DOWNTREND,MOVING DOWN,,No active BUY transition
RGS,UNCHANGED,UNCHANGED,SELL,SELL,"Jul 28, 2026",Discretionary,Personal Services,NEUTRAL,MOVING UP,,No active BUY transition
RGT,REMOVED,❌ REMOVED,,BUY,"Jul 07, 2026",Financials,Closed-End Fund - Equity,,,,Prior BUY is missing or no longer rated BUY
RGTI,UNCHANGED,UNCHANGED,,,,Technology,Computer Hardware,,,,Previously inactive symbol is absent
RH,UNCHANGED,UNCHANGED,SELL,SELL,"Aug 12, 2026",Discretionary,Specialty Retail,UPTREND,MOVING DOWN,,No active BUY transition
RHI,UNCHANGED,UNCHANGED,SELL,SELL,"Jul 31, 2026",Industrials,Staffing & Employment Services,UPTREND,MOVING DOWN,,No active BUY transition
RHLD,UNCHANGED,UNCHANGED,,,,Industrials,Specialty Business Services,NEUTRAL,,,No active BUY transition
RHP,UNCHANGED,UNCHANGED,SELL,SELL,"Aug 07, 2026",Real Estate,REIT - Hotel & Motel,NEUTRAL,MOVING DOWN,,No active BUY transition
RICK,LEADER,🚀 LEADER,BUY,BUY,"Aug 11, 2026",Discretionary,Restaurants,UPTREND,MOVING UP,,Sustained BUY with confirmed trend and momentum
RIGL,LEADER,🚀 LEADER,BUY,BUY,"Aug 11, 2026",Health Care,Biotechnology,UPTREND,MOVING UP,,Sustained BUY with confirmed trend and momentum
RIO,ACTIVE_BUY,ACTIVE BUY,BUY,BUY,"Aug 03, 2026",Materials,Other Industrial Metals & Mining,NEUTRAL,MOVING UP,,BUY remains active without a higher-priority setup
RITM,REMOVED,❌ REMOVED,,BUY,"Jul 30, 2026",Real Estate,REIT - Mortgage,,,,Prior BUY is missing or no longer rated BUY
RIV,REMOVED,❌ REMOVED,,BUY,"Aug 10, 2026",Financials,Closed-End Fund - Equity,,,,Prior BUY is missing or no longer rated BUY
RIVN,UNCHANGED,UNCHANGED,,,,Discretionary,Auto Manufacturers,,,,Previously inactive symbol is absent
RJET,UNCHANGED,UNCHANGED,,SELL,"Aug 13, 2026",Industrials,Airlines,,,,Previously inactive symbol is absent
RJF,LEADER,🚀 LEADER,BUY,BUY,"Jul 06, 2026",Financials,Asset Management,UPTREND,MOVING UP,,Sustained BUY with confirmed trend and momentum
RKLB,UNCHANGED,UNCHANGED,SELL,SELL,"Aug 14, 2026",Industrials,Aerospace & Defense,NEUTRAL,MOVING DOWN,,No active BUY transition
RKT,REMOVED,❌ REMOVED,,BUY,"Aug 14, 2026",Financials,Mortgage Finance,,,,Prior BUY is missing or no longer rated BUY
RL,DETERIORATING,⚠️ DETERIORATING,BUY,BUY,"Aug 10, 2026",Discretionary,Apparel Manufacturing,UPTREND,MOVING DOWN,,Existing BUY momentum is weakening
RLAY,UNCHANGED,UNCHANGED,,SELL,"Aug 14, 2026",Health Care,Biotechnology,,,,Previously inactive symbol is absent
RLJ,UNCHANGED,UNCHANGED,,SELL,"Aug 07, 2026",Real Estate,REIT - Hotel & Motel,,,,Previously inactive symbol is absent
RLTY,UNCHANGED,UNCHANGED,,SELL,"Aug 03, 2026",Financials,Closed-End Fund - Debt,,,,Previously inactive symbol is absent
RLYB,UNCHANGED,UNCHANGED,,,,Health Care,Biotechnology,,,,Previously inactive symbol is absent
RM,UNCHANGED,UNCHANGED,SELL,SELL,"Jul 16, 2026",Financials,Credit Services,DOWNTREND,MOVING DOWN,,No active BUY transition
RMAX,REMOVED,❌ REMOVED,,BUY,"Aug 10, 2026",Real Estate,Real Estate Services,,,,Prior BUY is missing or no longer rated BUY
RMBI,REMOVED,❌ REMOVED,,BUY,"Aug 06, 2026",Financials,Banks - Regional,,,,Prior BUY is missing or no longer rated BUY
RMD,LEADER,🚀 LEADER,BUY,BUY,"Jul 30, 2026",Health Care,Medical Instruments & Supplies,UPTREND,MOVING UP,,Sustained BUY with confirmed trend and momentum
RMI,REMOVED,❌ REMOVED,,BUY,"Aug 05, 2026",Financials,Closed-End Fund - Debt,,,,Prior BUY is missing or no longer rated BUY
RMM,UNCHANGED,UNCHANGED,,SELL,"Jul 16, 2026",Financials,Closed-End Fund - Debt,,,,Previously inactive symbol is absent
RMMZ,UNCHANGED,UNCHANGED,,SELL,"Jul 09, 2026",Financials,Asset Management,,,,Previously inactive symbol is absent
RMR,UNCHANGED,UNCHANGED,,SELL,"Jul 21, 2026",Real Estate,Real Estate Services,,,,Previously inactive symbol is absent
RMT,REMOVED,❌ REMOVED,,BUY,"Aug 10, 2026",Financials,Closed-End Fund - Equity,,,,Prior BUY is missing or no longer rated BUY
RNA,REMOVED,❌ REMOVED,,BUY,"Aug 14, 2026",Health Care,Biotechnology,,,,Prior BUY is missing or no longer rated BUY
RNG,UNCHANGED,UNCHANGED,SELL,SELL,"Aug 14, 2026",Technology,Software - Application,UPTREND,MOVING DOWN,,No active BUY transition
RNGR,REMOVED,❌ REMOVED,,BUY,"Aug 05, 2026",Energy,Oil & Gas Equipment & Services,,,,Prior BUY is missing or no longer rated BUY
RNP,UNCHANGED,UNCHANGED,,SELL,"Aug 04, 2026",Financials,Closed-End Fund - Debt,,,,Previously inactive symbol is absent
RNR,UNCHANGED,UNCHANGED,SELL,SELL,"Aug 06, 2026",Financials,Insurance - Reinsurance,UPTREND,MOVING DOWN,,No active BUY transition
RNST,UNCHANGED,UNCHANGED,SELL,SELL,"Jul 08, 2026",Financials,Banks - Regional,UPTREND,MOVING DOWN,,No active BUY transition
ROAD,LEADER,🚀 LEADER,BUY,BUY,"Aug 10, 2026",Industrials,Engineering & Construction,UPTREND,MOVING UP,,Sustained BUY with confirmed trend and momentum
ROCK,LEADER,🚀 LEADER,BUY,BUY,"Aug 04, 2026",Industrials,Building Products & Equipment,UPTREND,MOVING UP,,Sustained BUY with confirmed trend and momentum
ROG,EMERGING,🔥 EMERGING,BUY,SELL,"Aug 17, 2026",Technology,Electronic Components,UPTREND,MOVING UP,,New BUY with rising trend and accelerating momentum
ROIV,LEADER,🚀 LEADER,BUY,BUY,"Aug 10, 2026",Health Care,Biotechnology,UPTREND,MOVING UP,,Sustained BUY with confirmed trend and momentum
ROK,UNCHANGED,UNCHANGED,SELL,SELL,"Jul 09, 2026",Industrials,Specialty Industrial Machinery,DOWNTREND,MOVING DOWN,,No active BUY transition
ROKU,LEADER,🚀 LEADER,BUY,BUY,"Jul 17, 2026",Communication,Entertainment,UPTREND,MOVING UP,,Sustained BUY with confirmed trend and momentum
ROOT,UNCHANGED,UNCHANGED,SELL,SELL,"Jul 30, 2026",Financials,Insurance - Property & Casualty,DOWNTREND,MOVING UP,,No active BUY transition
ROP,LEADER,🚀 LEADER,BUY,BUY,"Jun 29, 2026",Technology,Software - Application,UPTREND,MOVING UP,,Sustained BUY with confirmed trend and momentum
ROST,UNCHANGED,UNCHANGED,SELL,SELL,"Aug 14, 2026",Discretionary,Apparel Retail,UPTREND,MOVING DOWN,,No active BUY transition
RPD,REMOVED,❌ REMOVED,,BUY,"Aug 11, 2026",Technology,Software - Infrastructure,,,,Prior BUY is missing or no longer rated BUY
RPM,LEADER,🚀 LEADER,BUY,BUY,"Jul 29, 2026",Materials,Specialty Chemicals,UPTREND,MOVING UP,,Sustained BUY with confirmed trend and momentum
RPRX,UNCHANGED,UNCHANGED,SELL,SELL,"Aug 04, 2026",Health Care,Biotechnology,UPTREND,MOVING UP,,No active BUY transition
RPT,UNCHANGED,UNCHANGED,,SELL,"Jul 10, 2026",Real Estate,REIT - Mortgage,,,,Previously inactive symbol is absent
RQI,UNCHANGED,UNCHANGED,,SELL,"Aug 12, 2026",Financials,Closed-End Fund - Equity,,,,Previously inactive symbol is absent
RRBI,UNCHANGED,UNCHANGED,SELL,SELL,"Aug 11, 2026",Financials,Banks - Regional,UPTREND,MOVING DOWN,,No active BUY transition
RRC,LEADER,🚀 LEADER,BUY,BUY,"Jul 24, 2026",Energy,Oil & Gas E&P,UPTREND,MOVING UP,,Sustained BUY with confirmed trend and momentum
RRR,UNCHANGED,UNCHANGED,SELL,SELL,"Aug 06, 2026",Discretionary,Resorts & Casinos,NEUTRAL,MOVING UP,,No active BUY transition
RRX,UNCHANGED,UNCHANGED,SELL,SELL,"Jul 08, 2026",Industrials,Specialty Industrial Machinery,DOWNTREND,MOVING DOWN,,No active BUY transition
RS,LEADER,🚀 LEADER,BUY,BUY,"Jul 29, 2026",Materials,Steel,UPTREND,MOVING UP,,Sustained BUY with confirmed trend and momentum
RSF,REMOVED,❌ REMOVED,,BUY,"Aug 13, 2026",Financials,Asset Management,,,,Prior BUY is missing or no longer rated BUY
RSG,UNCHANGED,UNCHANGED,SELL,SELL,"Jul 23, 2026",Industrials,Waste Management,NEUTRAL,MOVING DOWN,,No active BUY transition
RSI,UNCHANGED,UNCHANGED,SELL,SELL,"Jul 23, 2026",Discretionary,Gambling,DOWNTREND,MOVING UP,,No active BUY transition
RTAC,UNCHANGED,UNCHANGED,,,,Financials,Shell Companies,,,,Previously inactive symbol is absent
RTO,UNCHANGED,UNCHANGED,,SELL,"Jul 27, 2026",Industrials,Specialty Business Services,,,,Previously inactive symbol is absent
RUSHA,UNCHANGED,UNCHANGED,SELL,SELL,"Aug 11, 2026",Discretionary,Auto & Truck Dealerships,UPTREND,MOVING DOWN,,No active BUY transition
RVLV,UNCHANGED,UNCHANGED,,SELL,"Jul 27, 2026",Discretionary,Internet Retail,,,,Previously inactive symbol is absent
RVMD,DETERIORATING,⚠️ DETERIORATING,BUY,BUY,"Aug 10, 2026",Health Care,Biotechnology,UPTREND,MOVING DOWN,,Existing BUY momentum is weakening
RVT,REMOVED,❌ REMOVED,,BUY,"Aug 05, 2026",Financials,Closed-End Fund - Equity,,,,Prior BUY is missing or no longer rated BUY
RVTY,LEADER,🚀 LEADER,BUY,BUY,"Aug 07, 2026",Health Care,Diagnostics & Research,UPTREND,MOVING UP,,Sustained BUY with confirmed trend and momentum
RXO,UNCHANGED,UNCHANGED,,,,Industrials,Trucking,,,,Previously inactive symbol is absent
RY,UNCHANGED,UNCHANGED,SELL,SELL,"Jul 23, 2026",Financials,Banks - Diversified,UPTREND,MOVING DOWN,,No active BUY transition
RYAAY,UNCHANGED,UNCHANGED,SELL,SELL,"Jul 14, 2026",Industrials,Airlines,DOWNTREND,MOVING UP,,No active BUY transition
RYAN,UNCHANGED,UNCHANGED,SELL,SELL,"Aug 10, 2026",Financials,Insurance - Specialty,UPTREND,MOVING DOWN,,No active BUY transition
RYM,UNCHANGED,UNCHANGED,,,,Staples,Tobacco,,,,Previously inactive symbol is absent
RYN,UNCHANGED,UNCHANGED,,SELL,"Aug 12, 2026",Real Estate,REIT - Specialty,,,,Previously inactive symbol is absent
RYTM,LEADER,🚀 LEADER,BUY,BUY,"Aug 06, 2026",Health Care,Biotechnology,UPTREND,MOVING UP,,Sustained BUY with confirmed trend and momentum
S,UNCHANGED,UNCHANGED,,,,Technology,Software - Infrastructure,,,,Previously inactive symbol is absent
SA,LEADER,🚀 LEADER,BUY,BUY,"Aug 06, 2026",Materials,Gold,UPTREND,MOVING UP,,Sustained BUY with confirmed trend and momentum
SAFE,UNCHANGED,UNCHANGED,,SELL,"Jul 31, 2026",Real Estate,REIT - Diversified,,,,Previously inactive symbol is absent
SAFT,REMOVED,❌ REMOVED,SELL,BUY,"Aug 17, 2026",Financials,Insurance - Property & Casualty,UPTREND,MOVING DOWN,,Prior BUY is missing or no longer rated BUY
SAH,UNCHANGED,UNCHANGED,SELL,SELL,"Aug 04, 2026",Discretionary,Auto & Truck Dealerships,DOWNTREND,MOVING DOWN,,No active BUY transition
SAIC,LEADER,🚀 LEADER,BUY,BUY,"Jul 09, 2026",Technology,Information Technology Services,UPTREND,MOVING UP,,Sustained BUY with confirmed trend and momentum
SAIL,UNCHANGED,UNCHANGED,,,,Technology,Software - Infrastructure,,,,Previously inactive symbol is absent
SAM,LEADER,🚀 LEADER,BUY,BUY,"Jul 28, 2026",Staples,Beverages - Brewers,UPTREND,MOVING UP,,Sustained BUY with confirmed trend and momentum
SAN,REMOVED,❌ REMOVED,,BUY,"Aug 04, 2026",Financials,Banks - Diversified,,,,Prior BUY is missing or no longer rated BUY
SAP,LEADER,🚀 LEADER,BUY,BUY,"Jul 29, 2026",Technology,Software - Application,UPTREND,MOVING UP,,Sustained BUY with confirmed trend and momentum
SAR,UNCHANGED,UNCHANGED,,SELL,"Jul 07, 2026",Financials,Asset Management,,,,Previously inactive symbol is absent
SARO,UNCHANGED,UNCHANGED,,,,Industrials,Aerospace & Defense,DOWNTREND,,,No active BUY transition
SBAC,ACTIVE_BUY,ACTIVE BUY,BUY,BUY,"Aug 14, 2026",Real Estate,REIT - Specialty,NEUTRAL,MOVING UP,,BUY remains active without a higher-priority setup
SBCF,LEADER,🚀 LEADER,BUY,BUY,"Jul 30, 2026",Financials,Banks - Regional,UPTREND,MOVING UP,,Sustained BUY with confirmed trend and momentum
SBFG,UNCHANGED,UNCHANGED,SELL,SELL,"Jul 27, 2026",Financials,Banks - Regional,UPTREND,MOVING DOWN,,No active BUY transition
SBGI,UNCHANGED,UNCHANGED,,SELL,"Aug 12, 2026",Communication,Broadcasting,,,,Previously inactive symbol is absent
SBH,REMOVED,❌ REMOVED,,BUY,"Aug 05, 2026",Discretionary,Specialty Retail,,,,Prior BUY is missing or no longer rated BUY
SBLK,UNCHANGED,UNCHANGED,SELL,SELL,"Aug 11, 2026",Industrials,Marine Shipping,UPTREND,MOVING DOWN,,No active BUY transition
SBRA,UNCHANGED,UNCHANGED,,SELL,"Aug 05, 2026",Real Estate,REIT - Healthcare Facilities,,,,Previously inactive symbol is absent
SBSI,UNCHANGED,UNCHANGED,SELL,SELL,"Jul 09, 2026",Financials,Banks - Regional,DOWNTREND,MOVING DOWN,,No active BUY transition
SBSW,REMOVED,❌ REMOVED,,BUY,"Aug 05, 2026",Materials,Other Precious Metals & Mining,,,,Prior BUY is missing or no longer rated BUY
SBUX,LEADER,🚀 LEADER,BUY,BUY,"Aug 14, 2026",Discretionary,Restaurants,UPTREND,MOVING UP,,Sustained BUY with confirmed trend and momentum
SBXD,UNCHANGED,UNCHANGED,,,,Financials,Shell Companies,,,,Previously inactive symbol is absent
SCCO,LEADER,🚀 LEADER,BUY,BUY,"Jul 22, 2026",Materials,Copper,UPTREND,MOVING UP,,Sustained BUY with confirmed trend and momentum
SCD,REMOVED,❌ REMOVED,,BUY,"Aug 06, 2026",Financials,Closed-End Fund - Equity,,,,Prior BUY is missing or no longer rated BUY
SCHL,UNCHANGED,UNCHANGED,SELL,SELL,"Jul 22, 2026",Communication,Publishing,DOWNTREND,MOVING DOWN,,No active BUY transition
SCHW,LEADER,🚀 LEADER,BUY,BUY,"Jul 30, 2026",Financials,Capital Markets,UPTREND,MOVING UP,,Sustained BUY with confirmed trend and momentum
SCI,LEADER,🚀 LEADER,BUY,BUY,"Jul 01, 2026",Discretionary,Personal Services,UPTREND,MOVING UP,,Sustained BUY with confirmed trend and momentum
SCL,LEADER,🚀 LEADER,BUY,BUY,"Jul 30, 2026",Materials,Specialty Chemicals,UPTREND,MOVING UP,,Sustained BUY with confirmed trend and momentum
SCSC,UNCHANGED,UNCHANGED,SELL,SELL,"Aug 10, 2026",Technology,Electronics & Computer Distribution,NEUTRAL,MOVING DOWN,,No active BUY transition
SD,REMOVED,❌ REMOVED,,BUY,"Aug 11, 2026",Energy,Oil & Gas E&P,,,,Prior BUY is missing or no longer rated BUY
SDGR,REMOVED,❌ REMOVED,,BUY,"Aug 06, 2026",Health Care,Health Information Services,,,,Prior BUY is missing or no longer rated BUY
SDHC,UNCHANGED,UNCHANGED,,,,Real Estate,Real Estate - Development,,,,Previously inactive symbol is absent
SDHI,UNCHANGED,UNCHANGED,,,,Financials,Shell Companies,,,,Previously inactive symbol is absent
SDHY,UNCHANGED,UNCHANGED,,,,Financials,Asset Management,,,,Previously inactive symbol is absent
SDOT,UNCHANGED,UNCHANGED,,,,Staples,Farm Products,,,,Previously inactive symbol is absent
SE,LEADER,🚀 LEADER,BUY,BUY,"Aug 05, 2026",Discretionary,Internet Retail,UPTREND,MOVING UP,,Sustained BUY with confirmed trend and momentum
SEG,UNCHANGED,UNCHANGED,,,,Real Estate,Real Estate Services,UPTREND,,,No active BUY transition
SEI,UNCHANGED,UNCHANGED,SELL,SELL,"Jun 29, 2026",Energy,Oil & Gas Equipment & Services,NEUTRAL,MOVING UP,,No active BUY transition
SEIC,LEADER,🚀 LEADER,BUY,BUY,"Jul 08, 2026",Financials,Asset Management,UPTREND,MOVING UP,,Sustained BUY with confirmed trend and momentum
SENEA,LEADER,🚀 LEADER,BUY,BUY,"Aug 12, 2026",Staples,Packaged Foods,UPTREND,MOVING UP,,Sustained BUY with confirmed trend and momentum
SEPN,UNCHANGED,UNCHANGED,,,,Health Care,Biotechnology,UPTREND,,,No active BUY transition
SEZL,UNCHANGED,UNCHANGED,,,,Financials,Credit Services,DOWNTREND,,,No active BUY transition
SF,LEADER,🚀 LEADER,BUY,BUY,"Jul 09, 2026",Financials,Capital Markets,UPTREND,MOVING UP,,Sustained BUY with confirmed trend and momentum
SFBC,UNCHANGED,UNCHANGED,SELL,SELL,"Aug 13, 2026",Financials,Banks - Regional,UPTREND,MOVING DOWN,,No active BUY transition
SFBS,UNCHANGED,UNCHANGED,SELL,SELL,"Aug 07, 2026",Financials,Banks - Regional,UPTREND,MOVING UP,,No active BUY transition
SFD,UNCHANGED,UNCHANGED,,,,Staples,Packaged Foods,,,,Previously inactive symbol is absent
SFL,UNCHANGED,UNCHANGED,,SELL,"Aug 12, 2026",Industrials,Marine Shipping,,,,Previously inactive symbol is absent
SFM,DETERIORATING,⚠️ DETERIORATING,BUY,BUY,"Aug 03, 2026",Staples,Grocery Stores,UPTREND,MOVING DOWN,,Existing BUY momentum is weakening
SFNC,UNCHANGED,UNCHANGED,,SELL,"Aug 12, 2026",Financials,Banks - Regional,,,,Previously inactive symbol is absent
SFST,REMOVED,❌ REMOVED,SELL,BUY,"Aug 17, 2026",Financials,Banks - Regional,UPTREND,MOVING DOWN,,Prior BUY is missing or no longer rated BUY
SGC,REMOVED,❌ REMOVED,,BUY,"Aug 06, 2026",Discretionary,Apparel Manufacturing,,,,Prior BUY is missing or no longer rated BUY
SGHC,UNCHANGED,UNCHANGED,,SELL,"Jul 15, 2026",Discretionary,Gambling,,,,Previously inactive symbol is absent
SGI,UNCHANGED,UNCHANGED,SELL,SELL,"Jul 09, 2026",Discretionary,Furnishings Fixtures & Appliances,DOWNTREND,MOVING UP,,No active BUY transition
SGRY,UNCHANGED,UNCHANGED,,SELL,"Aug 05, 2026",Health Care,Medical Care Facilities,,,,Previously inactive symbol is absent
SGU,UNCHANGED,UNCHANGED,,SELL,"Jul 23, 2026",Energy,Oil & Gas Refining & Marketing,,,,Previously inactive symbol is absent
SHAK,LEADER,🚀 LEADER,BUY,BUY,"Jul 28, 2026",Discretionary,Restaurants,UPTREND,MOVING UP,,Sustained BUY with confirmed trend and momentum
SHBI,UNCHANGED,UNCHANGED,,SELL,"Aug 12, 2026",Financials,Banks - Regional,,,,Previously inactive symbol is absent
SHC,REMOVED,❌ REMOVED,,BUY,"Jul 31, 2026",Health Care,Diagnostics & Research,,,,Prior BUY is missing or no longer rated BUY
SHEL,LEADER,🚀 LEADER,BUY,BUY,"Jul 15, 2026",Energy,Oil & Gas Integrated,UPTREND,MOVING UP,,Sustained BUY with confirmed trend and momentum
SHEN,REMOVED,❌ REMOVED,,BUY,"Aug 10, 2026",Communication,Telecom Services,,,,Prior BUY is missing or no longer rated BUY
SHG,UNCHANGED,UNCHANGED,SELL,SELL,"Jul 28, 2026",Financials,Banks - Regional,UPTREND,MOVING DOWN,,No active BUY transition
SHO,UNCHANGED,UNCHANGED,,SELL,"Aug 07, 2026",Real Estate,REIT - Hotel & Motel,,,,Previously inactive symbol is absent
SHOE,REMOVED,❌ REMOVED,,BUY,"Aug 04, 2026",Discretionary,Apparel Retail,,,,Prior BUY is missing or no longer rated BUY
SHOO,LEADER,🚀 LEADER,BUY,BUY,"Jul 17, 2026",Discretionary,Footwear & Accessories,UPTREND,MOVING UP,,Sustained BUY with confirmed trend and momentum
SHOP,LEADER,🚀 LEADER,BUY,BUY,"Aug 06, 2026",Technology,Software - Application,UPTREND,MOVING UP,,Sustained BUY with confirmed trend and momentum
SHW,LEADER,🚀 LEADER,BUY,BUY,"Jul 30, 2026",Materials,Specialty Chemicals,UPTREND,MOVING UP,,Sustained BUY with confirmed trend and momentum
SI,UNCHANGED,UNCHANGED,,,,Health Care,Medical Devices,,,,Previously inactive symbol is absent
SIBN,UNCHANGED,UNCHANGED,,,,Health Care,Medical Devices,,,,Previously inactive symbol is absent
SIF,UNCHANGED,UNCHANGED,,,,Industrials,Aerospace & Defense,,,,Previously inactive symbol is absent
SIG,UNCHANGED,UNCHANGED,SELL,SELL,"Aug 13, 2026",Discretionary,Luxury Goods,UPTREND,MOVING DOWN,,No active BUY transition
SIGI,UNCHANGED,UNCHANGED,SELL,SELL,"Jul 14, 2026",Financials,Insurance - Property & Casualty,NEUTRAL,MOVING DOWN,,No active BUY transition
SII,REMOVED,❌ REMOVED,SELL,BUY,"Aug 17, 2026",Financials,Asset Management,UPTREND,MOVING DOWN,,Prior BUY is missing or no longer rated BUY
SIM,LEADER,🚀 LEADER,BUY,BUY,"Aug 10, 2026",Materials,Steel,UPTREND,MOVING UP,,Sustained BUY with confirmed trend and momentum
SIMA,UNCHANGED,UNCHANGED,,,,Financials,Shell Companies,,,,Previously inactive symbol is absent
SIMO,UNCHANGED,UNCHANGED,SELL,SELL,"Jul 15, 2026",Technology,Semiconductors,NEUTRAL,MOVING UP,,No active BUY transition
SIRI,UNCHANGED,UNCHANGED,SELL,SELL,"Jul 23, 2026",Communication,Entertainment,DOWNTREND,MOVING DOWN,,No active BUY transition
SITE,UNCHANGED,UNCHANGED,SELL,SELL,"Jul 08, 2026",Industrials,Industrial Distribution,DOWNTREND,MOVING UP,,No active BUY transition
SITM,LEADER,🚀 LEADER,BUY,BUY,"Aug 10, 2026",Technology,Semiconductors,UPTREND,MOVING UP,,Sustained BUY with confirmed trend and momentum
SJM,EMERGING,🔥 EMERGING,BUY,SELL,"Aug 17, 2026",Staples,Packaged Foods,UPTREND,MOVING UP,,New BUY with rising trend and accelerating momentum
SKM,LEADER,🚀 LEADER,BUY,BUY,"Aug 06, 2026",Communication,Telecom Services,UPTREND,MOVING UP,,Sustained BUY with confirmed trend and momentum
SKT,UNCHANGED,UNCHANGED,SELL,SELL,"Aug 04, 2026",Real Estate,REIT - Retail,DOWNTREND,MOVING DOWN,,No active BUY transition
SKWD,UNCHANGED,UNCHANGED,,,,Financials,Insurance - Property & Casualty,UPTREND,,,No active BUY transition
SKY,LEADER,🚀 LEADER,BUY,BUY,"Aug 06, 2026",Discretionary,Residential Construction,UPTREND,MOVING UP,,Sustained BUY with confirmed trend and momentum
SKYH,UNCHANGED,UNCHANGED,,SELL,"Aug 14, 2026",Real Estate,Real Estate - Development,,,,Previously inactive symbol is absent
SKYW,UNCHANGED,UNCHANGED,SELL,SELL,"Aug 13, 2026",Industrials,Airlines,UPTREND,MOVING DOWN,,No active BUY transition
SLAB,DETERIORATING,⚠️ DETERIORATING,BUY,BUY,"Aug 07, 2026",Technology,Semiconductors,UPTREND,MOVING DOWN,,Existing BUY momentum is weakening
SLB,LEADER,🚀 LEADER,BUY,BUY,"Jul 28, 2026",Energy,Oil & Gas Equipment & Services,UPTREND,MOVING UP,,Sustained BUY with confirmed trend and momentum
SLDE,UNCHANGED,UNCHANGED,,,,Financials,Insurance - Property & Casualty,,,,Previously inactive symbol is absent
SLF,UNCHANGED,UNCHANGED,SELL,SELL,"Jul 07, 2026",Financials,Insurance - Diversified,UPTREND,MOVING DOWN,,No active BUY transition
SLG,LEADER,🚀 LEADER,BUY,BUY,"Jul 27, 2026",Real Estate,REIT - Office,UPTREND,MOVING UP,,Sustained BUY with confirmed trend and momentum
SLGN,UNCHANGED,UNCHANGED,SELL,SELL,"Jul 13, 2026",Discretionary,Packaging & Containers,DOWNTREND,MOVING DOWN,,No active BUY transition
SLM,LEADER,🚀 LEADER,BUY,BUY,"Aug 04, 2026",Financials,Credit Services,UPTREND,MOVING UP,,Sustained BUY with confirmed trend and momentum
SLP,UNCHANGED,UNCHANGED,,SELL,"Jul 14, 2026",Health Care,Health Information Services,,,,Previously inactive symbol is absent
SLRC,UNCHANGED,UNCHANGED,,SELL,"Jul 30, 2026",Financials,Asset Management,,,,Previously inactive symbol is absent
SLS,UNCHANGED,UNCHANGED,,SELL,"Jul 09, 2026",Health Care,Biotechnology,,,,Previously inactive symbol is absent
SLVM,UNCHANGED,UNCHANGED,SELL,SELL,"Aug 14, 2026",Materials,Paper & Paper Products,NEUTRAL,MOVING DOWN,,No active BUY transition
SM,LEADER,🚀 LEADER,BUY,BUY,"Aug 12, 2026",Energy,Oil & Gas E&P,UPTREND,MOVING UP,,Sustained BUY with confirmed trend and momentum
SMA,UNCHANGED,UNCHANGED,,,,Real Estate,REIT - Industrial,UPTREND,,,No active BUY transition
SMBC,UNCHANGED,UNCHANGED,SELL,SELL,"Jul 10, 2026",Financials,Banks - Regional,UPTREND,MOVING DOWN,,No active BUY transition
SMBK,UNCHANGED,UNCHANGED,SELL,SELL,"Aug 12, 2026",Financials,Banks - Regional,UPTREND,MOVING DOWN,,No active BUY transition
SMC,UNCHANGED,UNCHANGED,,,,Energy,Oil & Gas Midstream,UPTREND,,,No active BUY transition
SMCI,LEADER,🚀 LEADER,BUY,BUY,"Aug 05, 2026",Technology,Computer Hardware,UPTREND,MOVING UP,,Sustained BUY with confirmed trend and momentum
SMFG,EMERGING,🔥 EMERGING,BUY,SELL,"Aug 17, 2026",Financials,Banks - Diversified,UPTREND,MOVING UP,,New BUY with rising trend and accelerating momentum
SMG,UNCHANGED,UNCHANGED,SELL,SELL,"Aug 05, 2026",Materials,Agricultural Inputs,DOWNTREND,MOVING DOWN,,No active BUY transition
SMMT,REMOVED,❌ REMOVED,,BUY,"Aug 12, 2026",Health Care,Biotechnology,,,,Prior BUY is missing or no longer rated BUY
SMP,DETERIORATING,⚠️ DETERIORATING,BUY,BUY,"Jul 28, 2026",Discretionary,Auto Parts,UPTREND,MOVING DOWN,,Existing BUY momentum is weakening
SMPL,UNCHANGED,UNCHANGED,,SELL,"Jul 10, 2026",Staples,Packaged Foods,,,,Previously inactive symbol is absent
SMTC,LEADER,🚀 LEADER,BUY,BUY,"Aug 13, 2026",Technology,Semiconductors,UPTREND,MOVING UP,,Sustained BUY with confirmed trend and momentum
SMTI,UNCHANGED,UNCHANGED,SELL,SELL,"Aug 12, 2026",Health Care,Medical Instruments & Supplies,UPTREND,MOVING DOWN,,No active BUY transition
SN,UNCHANGED,UNCHANGED,,,,Discretionary,Furnishings Fixtures & Appliances,UPTREND,,,No active BUY transition
SNA,UNCHANGED,UNCHANGED,SELL,SELL,"Aug 14, 2026",Industrials,Tools & Accessories,UPTREND,MOVING DOWN,,No active BUY transition
SNDA,UNCHANGED,UNCHANGED,SELL,SELL,"Jul 23, 2026",Health Care,Medical Care Facilities,DOWNTREND,MOVING DOWN,,No active BUY transition
SNDK,UNCHANGED,UNCHANGED,,,,Technology,Computer Hardware,NEUTRAL,,,No active BUY transition
SNDR,UNCHANGED,UNCHANGED,SELL,SELL,"Jul 29, 2026",Industrials,Trucking,NEUTRAL,MOVING UP,,No active BUY transition
SNDX,UNCHANGED,UNCHANGED,,SELL,"Jul 17, 2026",Health Care,Biotechnology,,,,Previously inactive symbol is absent
SNEX,UNCHANGED,UNCHANGED,SELL,SELL,"Jul 01, 2026",Financials,Capital Markets,DOWNTREND,MOVING DOWN,,No active BUY transition
SNN,UNCHANGED,UNCHANGED,SELL,SELL,"Aug 07, 2026",Health Care,Medical Devices,DOWNTREND,MOVING DOWN,,No active BUY transition
SNOW,UNCHANGED,UNCHANGED,SELL,SELL,"Aug 13, 2026",Technology,Software - Application,UPTREND,MOVING DOWN,,No active BUY transition
SNPS,ACTIVE_BUY,ACTIVE BUY,BUY,BUY,"Aug 14, 2026",Technology,Software - Infrastructure,NEUTRAL,MOVING UP,,BUY remains active without a higher-priority setup
SNX,LEADER,🚀 LEADER,BUY,BUY,"Aug 05, 2026",Technology,Electronics & Computer Distribution,UPTREND,MOVING UP,,Sustained BUY with confirmed trend and momentum
SNY,UNCHANGED,UNCHANGED,SELL,SELL,"Aug 04, 2026",Health Care,Drug Manufacturers - General,UPTREND,MOVING DOWN,,No active BUY transition
SO,UNCHANGED,UNCHANGED,SELL,SELL,"Aug 03, 2026",Utilities,Utilities - Regulated Electric,DOWNTREND,MOVING DOWN,,No active BUY transition
SOCA,UNCHANGED,UNCHANGED,,,,Financials,Shell Companies,,,,Previously inactive symbol is absent
SOFI,UNCHANGED,UNCHANGED,,SELL,"Aug 14, 2026",Financials,Credit Services,,,,Previously inactive symbol is absent
SOLV,UNCHANGED,UNCHANGED,,,,Health Care,Medical Instruments & Supplies,UPTREND,,,No active BUY transition
SONO,UNCHANGED,UNCHANGED,,SELL,"Aug 03, 2026",Technology,Consumer Electronics,,,,Previously inactive symbol is absent
SONY,REMOVED,❌ REMOVED,,BUY,"Jul 10, 2026",Technology,Consumer Electronics,,,,Prior BUY is missing or no longer rated BUY
SOR,LEADER,🚀 LEADER,BUY,BUY,"Aug 04, 2026",Financials,Closed-End Fund - Equity,UPTREND,MOVING UP,,Sustained BUY with confirmed trend and momentum
SPB,UNCHANGED,UNCHANGED,SELL,SELL,"Aug 04, 2026",Staples,Household & Personal Products,UPTREND,MOVING DOWN,,No active BUY transition
SPCX,UNCHANGED,UNCHANGED,,,,Industrials,Aerospace & Defense,UPTREND,,,No active BUY transition
SPE,REMOVED,❌ REMOVED,,BUY,"Aug 11, 2026",Financials,Closed-End Fund - Equity,,,,Prior BUY is missing or no longer rated BUY
SPEG,UNCHANGED,UNCHANGED,,,,Financials,Shell Companies,,,,Previously inactive symbol is absent
SPFI,EMERGING,🔥 EMERGING,BUY,SELL,"Aug 17, 2026",Financials,Banks - Regional,UPTREND,MOVING UP,,New BUY with rising trend and accelerating momentum
SPG,UNCHANGED,UNCHANGED,SELL,SELL,"Aug 05, 2026",Real Estate,REIT - Retail,DOWNTREND,MOVING DOWN,,No active BUY transition
SPGI,UNCHANGED,UNCHANGED,SELL,SELL,"Jul 23, 2026",Financials,Financial Data & Stock Exchanges,DOWNTREND,MOVING UP,,No active BUY transition
SPH,UNCHANGED,UNCHANGED,,SELL,"Aug 07, 2026",Utilities,Utilities - Regulated Gas,,,,Previously inactive symbol is absent
SPHR,DETERIORATING,⚠️ DETERIORATING,BUY,BUY,"Aug 05, 2026",Communication,Entertainment,UPTREND,MOVING DOWN,,Existing BUY momentum is weakening
SPIR,UNCHANGED,UNCHANGED,,,,Industrials,Specialty Business Services,,,,Previously inactive symbol is absent
SPKL,UNCHANGED,UNCHANGED,,,,Financials,Shell Companies,,,,Previously inactive symbol is absent
SPMC,UNCHANGED,UNCHANGED,,,,Financials,Asset Management,,,,Previously inactive symbol is absent
SPNT,UNCHANGED,UNCHANGED,,SELL,"Jul 17, 2026",Financials,Insurance - Reinsurance,,,,Previously inactive symbol is absent
SPOK,REMOVED,❌ REMOVED,,BUY,"Jul 20, 2026",Health Care,Health Information Services,,,,Prior BUY is missing or no longer rated BUY
SPOT,UNCHANGED,UNCHANGED,SELL,SELL,"Aug 04, 2026",Communication,Internet Content & Information,UPTREND,MOVING UP,,No active BUY transition
SPRB,UNCHANGED,UNCHANGED,,,,Health Care,Biotechnology,UPTREND,,,No active BUY transition
SPSC,LEADER,🚀 LEADER,BUY,BUY,"Jul 30, 2026",Technology,Software - Application,UPTREND,MOVING UP,,Sustained BUY with confirmed trend and momentum
SPXC,UNCHANGED,UNCHANGED,SELL,SELL,"Jul 07, 2026",Industrials,Building Products & Equipment,DOWNTREND,MOVING UP,,No active BUY transition
SPXX,REMOVED,❌ REMOVED,,BUY,"Aug 05, 2026",Financials,Closed-End Fund - Equity,,,,Prior BUY is missing or no longer rated BUY
SQM,LEADER,🚀 LEADER,BUY,BUY,"Aug 12, 2026",Materials,Specialty Chemicals,UPTREND,MOVING UP,,Sustained BUY with confirmed trend and momentum
SR,LEADER,🚀 LEADER,BUY,BUY,"Aug 12, 2026",Utilities,Utilities - Regulated Gas,UPTREND,MOVING UP,,Sustained BUY with confirmed trend and momentum
SRAD,UNCHANGED,UNCHANGED,,SELL,"Jul 14, 2026",Technology,Software - Application,,,,Previously inactive symbol is absent
SRBK,UNCHANGED,UNCHANGED,,,,Financials,Banks - Regional,,,,Previously inactive symbol is absent
SRCE,UNCHANGED,UNCHANGED,SELL,SELL,"Aug 12, 2026",Financials,Banks - Regional,UPTREND,MOVING DOWN,,No active BUY transition
SRE,UNCHANGED,UNCHANGED,SELL,SELL,"Jul 17, 2026",Utilities,Utilities - Diversified,DOWNTREND,MOVING DOWN,,No active BUY transition
SRPT,REMOVED,❌ REMOVED,,BUY,"Aug 12, 2026",Health Care,Biotechnology,,,,Prior BUY is missing or no longer rated BUY
SRRK,LEADER,🚀 LEADER,BUY,BUY,"Aug 12, 2026",Health Care,Biotechnology,UPTREND,MOVING UP,,Sustained BUY with confirmed trend and momentum
SRV,UNCHANGED,UNCHANGED,SELL,SELL,"Jul 20, 2026",Financials,Closed-End Fund - Equity,NEUTRAL,MOVING UP,,No active BUY transition
SSB,LEADER,🚀 LEADER,BUY,BUY,"Jul 17, 2026",Financials,Banks - Regional,UPTREND,MOVING UP,,Sustained BUY with confirmed trend and momentum
SSBI,UNCHANGED,UNCHANGED,,SELL,"Jul 06, 2026",Financials,Banks - Regional,,,,Previously inactive symbol is absent
SSD,DETERIORATING,⚠️ DETERIORATING,BUY,BUY,"Aug 10, 2026",Materials,Lumber & Wood Production,UPTREND,MOVING DOWN,,Existing BUY momentum is weakening
SSEA,UNCHANGED,UNCHANGED,,,,Financials,Shell Companies,,,,Previously inactive symbol is absent
SSL,UNCHANGED,UNCHANGED,,SELL,"Aug 07, 2026",Materials,Specialty Chemicals,,,,Previously inactive symbol is absent
SSNC,LEADER,🚀 LEADER,BUY,BUY,"Jul 14, 2026",Technology,Software - Application,UPTREND,MOVING UP,,Sustained BUY with confirmed trend and momentum
SSRM,LEADER,🚀 LEADER,BUY,BUY,"Aug 10, 2026",Materials,Gold,UPTREND,MOVING UP,,Sustained BUY with confirmed trend and momentum
ST,UNCHANGED,UNCHANGED,SELL,SELL,"Aug 13, 2026",Technology,Scientific & Technical Instruments,DOWNTREND,MOVING DOWN,,No active BUY transition
STAA,UNCHANGED,UNCHANGED,SELL,SELL,"Jul 01, 2026",Health Care,Medical Instruments & Supplies,NEUTRAL,MOVING UP,,No active BUY transition
STAG,UNCHANGED,UNCHANGED,SELL,SELL,"Jul 30, 2026",Real Estate,REIT - Industrial,DOWNTREND,MOVING DOWN,,No active BUY transition
STBA,UNCHANGED,UNCHANGED,SELL,SELL,"Aug 10, 2026",Financials,Banks - Regional,UPTREND,MOVING DOWN,,No active BUY transition
STC,UNCHANGED,UNCHANGED,SELL,SELL,"Jul 24, 2026",Financials,Insurance - Property & Casualty,NEUTRAL,MOVING DOWN,,No active BUY transition
STE,LEADER,🚀 LEADER,BUY,BUY,"Jul 28, 2026",Health Care,Medical Devices,UPTREND,MOVING UP,,Sustained BUY with confirmed trend and momentum
STEP,LEADER,🚀 LEADER,BUY,BUY,"Aug 03, 2026",Financials,Asset Management,UPTREND,MOVING UP,,Sustained BUY with confirmed trend and momentum
STEW,UNCHANGED,UNCHANGED,,,,Financials,Closed-End Fund - Equity,,,,Previously inactive symbol is absent
STK,LEADER,🚀 LEADER,BUY,BUY,"Aug 10, 2026",Financials,Closed-End Fund - Equity,UPTREND,MOVING UP,,Sustained BUY with confirmed trend and momentum
STLD,DETERIORATING,⚠️ DETERIORATING,BUY,BUY,"Jul 28, 2026",Materials,Steel,UPTREND,MOVING DOWN,,Existing BUY momentum is weakening
STN,LEADER,🚀 LEADER,BUY,BUY,"Jul 30, 2026",Industrials,Engineering & Construction,UPTREND,MOVING UP,,Sustained BUY with confirmed trend and momentum
STNE,UNCHANGED,UNCHANGED,,SELL,"Aug 10, 2026",Technology,Software - Infrastructure,,,,Previously inactive symbol is absent
STNG,UNCHANGED,UNCHANGED,SELL,SELL,"Aug 04, 2026",Energy,Oil & Gas Midstream,UPTREND,MOVING UP,,No active BUY transition
STOK,UNCHANGED,UNCHANGED,,,,Health Care,Biotechnology,UPTREND,,,No active BUY transition
STRA,DETERIORATING,⚠️ DETERIORATING,BUY,BUY,"Jul 31, 2026",Staples,Education & Training Services,UPTREND,MOVING DOWN,,Existing BUY momentum is weakening
STRC,UNCHANGED,UNCHANGED,,,,Technology,Software - Application,UPTREND,,,No active BUY transition
STRO,UNCHANGED,UNCHANGED,,SELL,"Jul 06, 2026",Health Care,Biotechnology,,,,Previously inactive symbol is absent
STRR,UNCHANGED,UNCHANGED,,SELL,"Aug 14, 2026",Industrials,Conglomerates,,,,Previously inactive symbol is absent
STRS,UNCHANGED,UNCHANGED,,SELL,"Jul 06, 2026",Real Estate,Real Estate - Diversified,,,,Previously inactive symbol is absent
STRT,UNCHANGED,UNCHANGED,SELL,SELL,"Aug 07, 2026",Discretionary,Auto Parts,NEUTRAL,MOVING DOWN,,No active BUY transition
STRW,UNCHANGED,UNCHANGED,,,,Real Estate,REIT - Healthcare Facilities,,,,Previously inactive symbol is absent
STRZ,UNCHANGED,UNCHANGED,,,,Communication,Entertainment,NEUTRAL,,,No active BUY transition
STT,UNCHANGED,UNCHANGED,SELL,SELL,"Jul 27, 2026",Financials,Asset Management,UPTREND,MOVING DOWN,,No active BUY transition
STVN,UNCHANGED,UNCHANGED,,SELL,"Aug 07, 2026",Health Care,Medical Instruments & Supplies,,,,Previously inactive symbol is absent
STWD,UNCHANGED,UNCHANGED,,SELL,"Jul 23, 2026",Real Estate,REIT - Mortgage,,,,Previously inactive symbol is absent
STX,LEADER,🚀 LEADER,BUY,BUY,"Aug 14, 2026",Technology,Computer Hardware,UPTREND,MOVING UP,,Sustained BUY with confirmed trend and momentum
STZ,LEADER,🚀 LEADER,BUY,BUY,"Aug 14, 2026",Staples,Beverages - Brewers,UPTREND,MOVING UP,,Sustained BUY with confirmed trend and momentum
SU,UNCHANGED,UNCHANGED,SELL,SELL,"Aug 10, 2026",Energy,Oil & Gas Integrated,UPTREND,MOVING DOWN,,No active BUY transition
SUI,UNCHANGED,UNCHANGED,SELL,SELL,"Aug 07, 2026",Real Estate,REIT - Residential,NEUTRAL,MOVING DOWN,,No active BUY transition
SUN,UNCHANGED,UNCHANGED,SELL,SELL,"Jul 28, 2026",Energy,Oil & Gas Refining & Marketing,UPTREND,MOVING UP,,No active BUY transition
SUPN,LEADER,🚀 LEADER,BUY,BUY,"Aug 13, 2026",Health Care,Drug Manufacturers - Specialty & Generic,UPTREND,MOVING UP,,Sustained BUY with confirmed trend and momentum
SVCC,UNCHANGED,UNCHANGED,,,,Financials,Shell Companies,,,,Previously inactive symbol is absent
SVV,UNCHANGED,UNCHANGED,,,,Discretionary,Specialty Retail,,,,Previously inactive symbol is absent
SWBI,UNCHANGED,UNCHANGED,,SELL,"Jul 16, 2026",Industrials,Aerospace & Defense,,,,Previously inactive symbol is absent
SWK,LEADER,🚀 LEADER,BUY,BUY,"Jul 29, 2026",Industrials,Tools & Accessories,UPTREND,MOVING UP,,Sustained BUY with confirmed trend and momentum
SWKS,LEADER,🚀 LEADER,BUY,BUY,"Aug 06, 2026",Technology,Semiconductors,UPTREND,MOVING UP,,Sustained BUY with confirmed trend and momentum
SWX,UNCHANGED,UNCHANGED,SELL,SELL,"Jul 31, 2026",Utilities,Utilities - Regulated Gas,UPTREND,MOVING DOWN,,No active BUY transition
SXI,LEADER,🚀 LEADER,BUY,BUY,"Aug 07, 2026",Industrials,Specialty Industrial Machinery,UPTREND,MOVING UP,,Sustained BUY with confirmed trend and momentum
SXT,LEADER,🚀 LEADER,BUY,BUY,"Jul 28, 2026",Materials,Specialty Chemicals,UPTREND,MOVING UP,,Sustained BUY with confirmed trend and momentum
SYBT,UNCHANGED,UNCHANGED,SELL,SELL,"Aug 11, 2026",Financials,Banks - Regional,UPTREND,MOVING DOWN,,No active BUY transition
SYF,LEADER,🚀 LEADER,BUY,BUY,"Jul 30, 2026",Financials,Credit Services,UPTREND,MOVING UP,,Sustained BUY with confirmed trend and momentum
SYK,DETERIORATING,⚠️ DETERIORATING,BUY,BUY,"Jul 30, 2026",Health Care,Medical Devices,UPTREND,MOVING DOWN,,Existing BUY momentum is weakening
SYM,UNCHANGED,UNCHANGED,SELL,SELL,"Aug 10, 2026",Industrials,Specialty Industrial Machinery,DOWNTREND,MOVING DOWN,,No active BUY transition
SYRE,LEADER,🚀 LEADER,BUY,BUY,"Aug 10, 2026",Health Care,Biotechnology,UPTREND,MOVING UP,,Sustained BUY with confirmed trend and momentum
SYY,REMOVED,❌ REMOVED,SELL,BUY,"Aug 17, 2026",Staples,Food Distribution,UPTREND,MOVING DOWN,,Prior BUY is missing or no longer rated BUY
SZZL,UNCHANGED,UNCHANGED,,,,Financials,Shell Companies,,,,Previously inactive symbol is absent
T,REMOVED,❌ REMOVED,,BUY,"Jul 23, 2026",Communication,Telecom Services,,,,Prior BUY is missing or no longer rated BUY
TAC,UNCHANGED,UNCHANGED,,SELL,"Jul 17, 2026",Utilities,Utilities - Independent Power Producers,,,,Previously inactive symbol is absent
TACH,UNCHANGED,UNCHANGED,,,,Financials,Shell Companies,,,,Previously inactive symbol is absent
TACO,UNCHANGED,UNCHANGED,,,,Financials,Shell Companies,,,,Previously inactive symbol is absent
TAK,UNCHANGED,UNCHANGED,,SELL,"Aug 04, 2026",Health Care,Drug Manufacturers - Specialty & Generic,,,,Previously inactive symbol is absent
TAL,UNCHANGED,UNCHANGED,,SELL,"Aug 14, 2026",Staples,Education & Training Services,,,,Previously inactive symbol is absent
TALO,UNCHANGED,UNCHANGED,,,,Energy,Oil & Gas E&P,,,,Previously inactive symbol is absent
TAP,LEADER,🚀 LEADER,BUY,BUY,"Jul 20, 2026",Staples,Beverages - Brewers,UPTREND,MOVING UP,,Sustained BUY with confirmed trend and momentum
TARS,LEADER,🚀 LEADER,BUY,BUY,"Aug 07, 2026",Health Care,Biotechnology,UPTREND,MOVING UP,,Sustained BUY with confirmed trend and momentum
TAVI,UNCHANGED,UNCHANGED,,,,Financials,Shell Companies,,,,Previously inactive symbol is absent
TAYD,UNCHANGED,UNCHANGED,SELL,SELL,"Jul 07, 2026",Industrials,Specialty Industrial Machinery,NEUTRAL,MOVING UP,,No active BUY transition
TBBK,UNCHANGED,UNCHANGED,SELL,SELL,"Jul 27, 2026",Financials,Banks - Regional,UPTREND,MOVING DOWN,,No active BUY transition
TBCH,UNCHANGED,UNCHANGED,,,,Technology,Consumer Electronics,,,,Previously inactive symbol is absent
TBI,REMOVED,❌ REMOVED,,BUY,"Aug 07, 2026",Industrials,Staffing & Employment Services,,,,Prior BUY is missing or no longer rated BUY
TBLD,REMOVED,❌ REMOVED,,BUY,"Aug 05, 2026",Financials,Closed-End Fund - Equity,,,,Prior BUY is missing or no longer rated BUY
TBPH,REMOVED,❌ REMOVED,,BUY,"Aug 06, 2026",Health Care,Biotechnology,,,,Prior BUY is missing or no longer rated BUY
TCBI,UNCHANGED,UNCHANGED,SELL,SELL,"Jul 24, 2026",Financials,Banks - Regional,NEUTRAL,MOVING UP,,No active BUY transition
TCBK,UNCHANGED,UNCHANGED,SELL,SELL,"Jul 30, 2026",Financials,Banks - Regional,UPTREND,MOVING DOWN,,No active BUY transition
TCBS,UNCHANGED,UNCHANGED,,SELL,"Jul 01, 2026",Financials,Banks - Regional,,,,Previously inactive symbol is absent
TCBX,UNCHANGED,UNCHANGED,,,,Financials,Banks - Regional,UPTREND,,,No active BUY transition
TCI,UNCHANGED,UNCHANGED,SELL,SELL,"Jul 15, 2026",Real Estate,Real Estate Services,DOWNTREND,MOVING DOWN,,No active BUY transition
TCMD,UNCHANGED,UNCHANGED,,SELL,"Aug 12, 2026",Health Care,Medical Devices,,,,Previously inactive symbol is absent
TCOM,ACTIVE_BUY,ACTIVE BUY,BUY,BUY,"Jul 28, 2026",Discretionary,Travel Services,NEUTRAL,MOVING UP,,BUY remains active without a higher-priority setup
TD,LEADER,🚀 LEADER,BUY,BUY,"Aug 12, 2026",Financials,Banks - Diversified,UPTREND,MOVING UP,,Sustained BUY with confirmed trend and momentum
TDAC,UNCHANGED,UNCHANGED,,,,Financials,Shell Companies,,,,Previously inactive symbol is absent
TDC,UNCHANGED,UNCHANGED,SELL,SELL,"Jul 15, 2026",Technology,Software - Infrastructure,DOWNTREND,MOVING UP,,No active BUY transition
TDF,REMOVED,❌ REMOVED,,BUY,"Aug 07, 2026",Financials,Closed-End Fund - Foreign,,,,Prior BUY is missing or no longer rated BUY
TDG,UNCHANGED,UNCHANGED,SELL,SELL,"Aug 10, 2026",Industrials,Aerospace & Defense,NEUTRAL,MOVING UP,,No active BUY transition
TDW,LEADER,🚀 LEADER,BUY,BUY,"Aug 05, 2026",Energy,Oil & Gas Equipment & Services,UPTREND,MOVING UP,,Sustained BUY with confirmed trend and momentum
TDY,LEADER,🚀 LEADER,BUY,BUY,"Jul 27, 2026",Technology,Scientific & Technical Instruments,UPTREND,MOVING UP,,Sustained BUY with confirmed trend and momentum
TEAM,LEADER,🚀 LEADER,BUY,BUY,"Aug 05, 2026",Technology,Software - Application,UPTREND,MOVING UP,,Sustained BUY with confirmed trend and momentum
TECH,UNCHANGED,UNCHANGED,SELL,SELL,"Jul 15, 2026",Health Care,Biotechnology,UPTREND,MOVING DOWN,,No active BUY transition
TECK,DETERIORATING,⚠️ DETERIORATING,BUY,BUY,"Jul 31, 2026",Materials,Other Industrial Metals & Mining,UPTREND,MOVING DOWN,,Existing BUY momentum is weakening
TECX,UNCHANGED,UNCHANGED,,,,Health Care,Biotechnology,UPTREND,,,No active BUY transition
TEL,LEADER,🚀 LEADER,BUY,BUY,"Jul 28, 2026",Technology,Electronic Components,UPTREND,MOVING UP,,Sustained BUY with confirmed trend and momentum
TEM,UNCHANGED,UNCHANGED,,,,Health Care,Health Information Services,UPTREND,,,No active BUY transition
TEN,UNCHANGED,UNCHANGED,SELL,SELL,"Aug 06, 2026",Energy,Oil & Gas Midstream,UPTREND,MOVING UP,,No active BUY transition
TENB,LEADER,🚀 LEADER,BUY,BUY,"Aug 07, 2026",Technology,Software - Infrastructure,UPTREND,MOVING UP,,Sustained BUY with confirmed trend and momentum
TEO,UNCHANGED,UNCHANGED,,SELL,"Aug 13, 2026",Communication,Telecom Services,,,,Previously inactive symbol is absent
TER,LEADER,🚀 LEADER,BUY,BUY,"Aug 06, 2026",Technology,Semiconductor Equipment & Materials,UPTREND,MOVING UP,,Sustained BUY with confirmed trend and momentum
TEVA,LEADER,🚀 LEADER,BUY,BUY,"Jul 31, 2026",Health Care,Drug Manufacturers - Specialty & Generic,UPTREND,MOVING UP,,Sustained BUY with confirmed trend and momentum
TEX,LEADER,🚀 LEADER,BUY,BUY,"Aug 12, 2026",Industrials,Farm & Heavy Construction Machinery,UPTREND,MOVING UP,,Sustained BUY with confirmed trend and momentum
TFC,LEADER,🚀 LEADER,BUY,BUY,"Aug 07, 2026",Financials,Banks - Regional,UPTREND,MOVING UP,,Sustained BUY with confirmed trend and momentum
TFIN,EMERGING,🔥 EMERGING,BUY,SELL,"Aug 17, 2026",Financials,Banks - Regional,UPTREND,MOVING UP,,New BUY with rising trend and accelerating momentum
TFPM,DETERIORATING,⚠️ DETERIORATING,BUY,BUY,"Jul 31, 2026",Materials,Other Precious Metals & Mining,UPTREND,MOVING DOWN,,Existing BUY momentum is weakening
TFSL,UNCHANGED,UNCHANGED,,SELL,"Jul 14, 2026",Financials,Banks - Regional,,,,Previously inactive symbol is absent
TFX,UNCHANGED,UNCHANGED,SELL,SELL,"Aug 11, 2026",Health Care,Medical Instruments & Supplies,UPTREND,MOVING DOWN,,No active BUY transition
TGLS,UNCHANGED,UNCHANGED,SELL,SELL,"Aug 11, 2026",Materials,Building Materials,DOWNTREND,MOVING DOWN,,No active BUY transition
TGS,UNCHANGED,UNCHANGED,SELL,SELL,"Aug 06, 2026",Energy,Oil & Gas Integrated,DOWNTREND,MOVING DOWN,,No active BUY transition
TGT,LEADER,🚀 LEADER,BUY,BUY,"Jul 20, 2026",Staples,Discount Stores,UPTREND,MOVING UP,,Sustained BUY with confirmed trend and momentum
TGTX,UNCHANGED,UNCHANGED,SELL,SELL,"Jul 08, 2026",Health Care,Biotechnology,DOWNTREND,MOVING DOWN,,No active BUY transition
THC,LEADER,🚀 LEADER,BUY,BUY,"Jul 28, 2026",Health Care,Medical Care Facilities,UPTREND,MOVING UP,,Sustained BUY with confirmed trend and momentum
THFF,DETERIORATING,⚠️ DETERIORATING,BUY,BUY,"Jul 30, 2026",Financials,Banks - Regional,UPTREND,MOVING DOWN,,Existing BUY momentum is weakening
THG,UNCHANGED,UNCHANGED,SELL,SELL,"Aug 13, 2026",Financials,Insurance - Property & Casualty,UPTREND,MOVING DOWN,,No active BUY transition
THO,LEADER,🚀 LEADER,BUY,BUY,"Jul 23, 2026",Discretionary,Recreational Vehicles,UPTREND,MOVING UP,,Sustained BUY with confirmed trend and momentum
THQ,REMOVED,❌ REMOVED,,BUY,"Aug 10, 2026",Financials,Closed-End Fund - Equity,,,,Prior BUY is missing or no longer rated BUY
THRM,UNCHANGED,UNCHANGED,SELL,SELL,"Aug 13, 2026",Discretionary,Auto Parts,UPTREND,MOVING DOWN,,No active BUY transition
THW,REMOVED,❌ REMOVED,,BUY,"Aug 10, 2026",Financials,Closed-End Fund - Equity,,,,Prior BUY is missing or no longer rated BUY
TIC,UNCHANGED,UNCHANGED,,,,Industrials,Specialty Business Services,,,,Previously inactive symbol is absent
TILE,LEADER,🚀 LEADER,BUY,BUY,"Aug 04, 2026",Discretionary,Furnishings Fixtures & Appliances,UPTREND,MOVING UP,,Sustained BUY with confirmed trend and momentum
TIMB,UNCHANGED,UNCHANGED,,SELL,"Jul 21, 2026",Communication,Telecom Services,,,,Previously inactive symbol is absent
TIPT,REMOVED,❌ REMOVED,,BUY,"Aug 14, 2026",Financials,Insurance - Specialty,,,,Prior BUY is missing or no longer rated BUY
TISI,REMOVED,❌ REMOVED,,BUY,"Aug 12, 2026",Industrials,Specialty Business Services,,,,Prior BUY is missing or no longer rated BUY
TITN,UNCHANGED,UNCHANGED,,SELL,"Jul 30, 2026",Industrials,Industrial Distribution,,,,Previously inactive symbol is absent
TJX,UNCHANGED,UNCHANGED,SELL,SELL,"Aug 13, 2026",Discretionary,Apparel Retail,DOWNTREND,MOVING DOWN,,No active BUY transition
TKO,UNCHANGED,UNCHANGED,,,,Communication,Entertainment,UPTREND,,,No active BUY transition
TKR,UNCHANGED,UNCHANGED,SELL,SELL,"Jul 01, 2026",Industrials,Tools & Accessories,NEUTRAL,MOVING DOWN,,No active BUY transition
TLK,UNCHANGED,UNCHANGED,,SELL,"Aug 14, 2026",Communication,Telecom Services,,,,Previously inactive symbol is absent
TLN,UNCHANGED,UNCHANGED,,,,Utilities,Utilities - Independent Power Producers,NEUTRAL,,,No active BUY transition
TLNC,UNCHANGED,UNCHANGED,,,,Financials,Shell Companies,,,,Previously inactive symbol is absent
TM,LEADER,🚀 LEADER,BUY,BUY,"Jul 17, 2026",Discretionary,Auto Manufacturers,UPTREND,MOVING UP,,Sustained BUY with confirmed trend and momentum
TMDX,LEADER,🚀 LEADER,BUY,BUY,"Aug 04, 2026",Health Care,Medical Devices,UPTREND,MOVING UP,,Sustained BUY with confirmed trend and momentum
TMO,REMOVED,❌ REMOVED,SELL,BUY,"Aug 17, 2026",Health Care,Diagnostics & Research,UPTREND,MOVING DOWN,,Prior BUY is missing or no longer rated BUY
TMP,UNCHANGED,UNCHANGED,SELL,SELL,"Aug 12, 2026",Financials,Banks - Regional,UPTREND,MOVING DOWN,,No active BUY transition
TMUS,UNCHANGED,UNCHANGED,SELL,SELL,"Jul 27, 2026",Communication,Telecom Services,DOWNTREND,MOVING UP,,No active BUY transition
TNC,UNCHANGED,UNCHANGED,SELL,SELL,"Jul 02, 2026",Industrials,Specialty Industrial Machinery,DOWNTREND,MOVING DOWN,,No active BUY transition
TNDM,REMOVED,❌ REMOVED,,BUY,"Jul 20, 2026",Health Care,Medical Devices,,,,Prior BUY is missing or no longer rated BUY
TNET,UNCHANGED,UNCHANGED,SELL,SELL,"Aug 07, 2026",Industrials,Staffing & Employment Services,UPTREND,MOVING DOWN,,No active BUY transition
TNGX,UNCHANGED,UNCHANGED,SELL,SELL,"Jul 17, 2026",Health Care,Biotechnology,DOWNTREND,MOVING DOWN,,No active BUY transition
TNK,UNCHANGED,UNCHANGED,SELL,SELL,"Aug 07, 2026",Energy,Oil & Gas Midstream,UPTREND,MOVING UP,,No active BUY transition
TNL,UNCHANGED,UNCHANGED,SELL,SELL,"Aug 12, 2026",Discretionary,Travel Services,NEUTRAL,MOVING DOWN,,No active BUY transition
TNXP,UNCHANGED,UNCHANGED,,,,Health Care,Biotechnology,,,,Previously inactive symbol is absent
TOL,UNCHANGED,UNCHANGED,SELL,SELL,"Aug 11, 2026",Discretionary,Residential Construction,DOWNTREND,MOVING DOWN,,No active BUY transition
TONT,UNCHANGED,UNCHANGED,,,,Financials,Shell Companies,,,,Previously inactive symbol is absent
TOST,UNCHANGED,UNCHANGED,SELL,SELL,"Aug 12, 2026",Technology,Software - Infrastructure,UPTREND,MOVING DOWN,,No active BUY transition
TOWN,UNCHANGED,UNCHANGED,SELL,SELL,"Aug 11, 2026",Financials,Banks - Regional,UPTREND,MOVING DOWN,,No active BUY transition
TPB,LEADER,🚀 LEADER,BUY,BUY,"Aug 07, 2026",Staples,Tobacco,UPTREND,MOVING UP,,Sustained BUY with confirmed trend and momentum
TPC,LEADER,🚀 LEADER,BUY,BUY,"Jul 22, 2026",Industrials,Engineering & Construction,UPTREND,MOVING UP,,Sustained BUY with confirmed trend and momentum
TPG,LEADER,🚀 LEADER,BUY,BUY,"Jul 29, 2026",Financials,Asset Management,UPTREND,MOVING UP,,Sustained BUY with confirmed trend and momentum
TPL,UNCHANGED,UNCHANGED,SELL,SELL,"Jul 29, 2026",Energy,Oil & Gas E&P,DOWNTREND,MOVING DOWN,,No active BUY transition
TPR,UNCHANGED,UNCHANGED,SELL,SELL,"Aug 14, 2026",Discretionary,Luxury Goods,DOWNTREND,MOVING DOWN,,No active BUY transition
TR,LEADER,🚀 LEADER,BUY,BUY,"Jul 29, 2026",Staples,Confectioners,UPTREND,MOVING UP,,Sustained BUY with confirmed trend and momentum
TREE,UNCHANGED,UNCHANGED,SELL,SELL,"Jul 23, 2026",Financials,Financial Conglomerates,DOWNTREND,MOVING DOWN,,No active BUY transition
TREX,LEADER,🚀 LEADER,BUY,BUY,"Aug 06, 2026",Industrials,Building Products & Equipment,UPTREND,MOVING UP,,Sustained BUY with confirmed trend and momentum
TRGP,UNCHANGED,UNCHANGED,SELL,SELL,"Jul 29, 2026",Energy,Oil & Gas Midstream,NEUTRAL,MOVING UP,,No active BUY transition
TRI,LEADER,🚀 LEADER,BUY,BUY,"Jul 06, 2026",Industrials,Specialty Business Services,UPTREND,MOVING UP,,Sustained BUY with confirmed trend and momentum
TRIN,REMOVED,❌ REMOVED,,BUY,"Aug 05, 2026",Financials,Asset Management,,,,Prior BUY is missing or no longer rated BUY
TRIP,UNCHANGED,UNCHANGED,,SELL,"Jul 10, 2026",Discretionary,Travel Services,,,,Previously inactive symbol is absent
TRMB,LEADER,🚀 LEADER,BUY,BUY,"Jul 28, 2026",Technology,Scientific & Technical Instruments,UPTREND,MOVING UP,,Sustained BUY with confirmed trend and momentum
TRMD,UNCHANGED,UNCHANGED,SELL,SELL,"Aug 05, 2026",Energy,Oil & Gas Midstream,UPTREND,MOVING UP,,No active BUY transition
TRMK,LEADER,🚀 LEADER,BUY,BUY,"Aug 05, 2026",Financials,Banks - Regional,UPTREND,MOVING UP,,Sustained BUY with confirmed trend and momentum
TRN,UNCHANGED,UNCHANGED,SELL,SELL,"Aug 03, 2026",Industrials,Railroads,DOWNTREND,MOVING DOWN,,No active BUY transition
TRNO,UNCHANGED,UNCHANGED,SELL,SELL,"Jul 30, 2026",Real Estate,REIT - Industrial,DOWNTREND,MOVING DOWN,,No active BUY transition
TRNS,LEADER,🚀 LEADER,BUY,BUY,"Aug 06, 2026",Industrials,Specialty Business Services,UPTREND,MOVING UP,,Sustained BUY with confirmed trend and momentum
TROW,UNCHANGED,UNCHANGED,SELL,SELL,"Jul 22, 2026",Financials,Asset Management,DOWNTREND,MOVING DOWN,,No active BUY transition
TRP,UNCHANGED,UNCHANGED,SELL,SELL,"Jul 29, 2026",Energy,Oil & Gas Midstream,DOWNTREND,MOVING DOWN,,No active BUY transition
TRS,UNCHANGED,UNCHANGED,SELL,SELL,"Jul 07, 2026",Discretionary,Packaging & Containers,DOWNTREND,MOVING DOWN,,No active BUY transition
TRST,UNCHANGED,UNCHANGED,SELL,SELL,"Aug 07, 2026",Financials,Banks - Regional,UPTREND,MOVING DOWN,,No active BUY transition
TRT,UNCHANGED,UNCHANGED,,,,Technology,Semiconductor Equipment & Materials,,,,Previously inactive symbol is absent
TRU,UNCHANGED,UNCHANGED,SELL,SELL,"Jul 23, 2026",Financials,Financial Data & Stock Exchanges,UPTREND,MOVING DOWN,,No active BUY transition
TRUP,LEADER,🚀 LEADER,BUY,BUY,"Aug 07, 2026",Financials,Insurance - Property & Casualty,UPTREND,MOVING UP,,Sustained BUY with confirmed trend and momentum
TRV,UNCHANGED,UNCHANGED,SELL,SELL,"Aug 07, 2026",Financials,Insurance - Property & Casualty,UPTREND,MOVING DOWN,,No active BUY transition
TRVI,UNCHANGED,UNCHANGED,,SELL,"Aug 11, 2026",Health Care,Biotechnology,,,,Previously inactive symbol is absent
TS,UNCHANGED,UNCHANGED,SELL,SELL,"Aug 07, 2026",Energy,Oil & Gas Equipment & Services,DOWNTREND,MOVING DOWN,,No active BUY transition
TSBK,LEADER,🚀 LEADER,BUY,BUY,"Aug 03, 2026",Financials,Banks - Regional,UPTREND,MOVING UP,,Sustained BUY with confirmed trend and momentum
TSCO,LEADER,🚀 LEADER,BUY,BUY,"Aug 04, 2026",Discretionary,Specialty Retail,UPTREND,MOVING UP,,Sustained BUY with confirmed trend and momentum
TSEM,LEADER,🚀 LEADER,BUY,BUY,"Aug 11, 2026",Technology,Semiconductors,UPTREND,MOVING UP,,Sustained BUY with confirmed trend and momentum
TSLA,UNCHANGED,UNCHANGED,SELL,SELL,"Jul 14, 2026",Discretionary,Auto Manufacturers,DOWNTREND,MOVING UP,,No active BUY transition
TSLX,REMOVED,❌ REMOVED,,BUY,"Aug 06, 2026",Financials,Asset Management,,,,Prior BUY is missing or no longer rated BUY
TSM,LEADER,🚀 LEADER,BUY,BUY,"Aug 13, 2026",Technology,Semiconductors,UPTREND,MOVING UP,,Sustained BUY with confirmed trend and momentum
TSN,UNCHANGED,UNCHANGED,SELL,SELL,"Aug 07, 2026",Staples,Farm Products,DOWNTREND,MOVING DOWN,,No active BUY transition
TSSI,REMOVED,❌ REMOVED,,BUY,"Aug 10, 2026",Technology,Information Technology Services,,,,Prior BUY is missing or no longer rated BUY
TT,LEADER,🚀 LEADER,BUY,BUY,"Aug 10, 2026",Industrials,Building Products & Equipment,UPTREND,MOVING UP,,Sustained BUY with confirmed trend and momentum
TTAN,UNCHANGED,UNCHANGED,,,,Technology,Software - Application,UPTREND,,,No active BUY transition
TTC,LEADER,🚀 LEADER,BUY,BUY,"Aug 06, 2026",Industrials,Tools & Accessories,UPTREND,MOVING UP,,Sustained BUY with confirmed trend and momentum
TTE,DETERIORATING,⚠️ DETERIORATING,BUY,BUY,"Jul 23, 2026",Energy,Oil & Gas Integrated,UPTREND,MOVING DOWN,,Existing BUY momentum is weakening
TTEK,LEADER,🚀 LEADER,BUY,BUY,"Jul 29, 2026",Industrials,Engineering & Construction,UPTREND,MOVING UP,,Sustained BUY with confirmed trend and momentum
TTMI,UNCHANGED,UNCHANGED,SELL,SELL,"Jun 29, 2026",Technology,Electronic Components,DOWNTREND,MOVING UP,,No active BUY transition
TTWO,UNCHANGED,UNCHANGED,SELL,SELL,"Jul 15, 2026",Communication,Electronic Gaming & Multimedia,UPTREND,MOVING DOWN,,No active BUY transition
TVA,UNCHANGED,UNCHANGED,,,,Financials,Shell Companies,,,,Previously inactive symbol is absent
TVAI,UNCHANGED,UNCHANGED,,,,Financials,Shell Companies,,,,Previously inactive symbol is absent
TVTX,LEADER,🚀 LEADER,BUY,BUY,"Aug 06, 2026",Health Care,Biotechnology,UPTREND,MOVING UP,,Sustained BUY with confirmed trend and momentum
TW,LEADER,🚀 LEADER,BUY,BUY,"Jul 29, 2026",Financials,Capital Markets,UPTREND,MOVING UP,,Sustained BUY with confirmed trend and momentum
TWFG,UNCHANGED,UNCHANGED,,,,Financials,Insurance Brokers,UPTREND,,,No active BUY transition
TWIN,UNCHANGED,UNCHANGED,,SELL,"Jul 13, 2026",Industrials,Specialty Industrial Machinery,,,,Previously inactive symbol is absent
TWLO,LEADER,🚀 LEADER,BUY,BUY,"Aug 10, 2026",Technology,Software - Infrastructure,UPTREND,MOVING UP,,Sustained BUY with confirmed trend and momentum
TWN,LEADER,🚀 LEADER,BUY,BUY,"Aug 11, 2026",Financials,Closed-End Fund - Foreign,UPTREND,MOVING UP,,Sustained BUY with confirmed trend and momentum
TWO,UNCHANGED,UNCHANGED,,SELL,"Jul 06, 2026",Real Estate,REIT - Mortgage,,,,Previously inactive symbol is absent
TWST,LEADER,🚀 LEADER,BUY,BUY,"Aug 06, 2026",Health Care,Diagnostics & Research,UPTREND,MOVING UP,,Sustained BUY with confirmed trend and momentum
TXG,LEADER,🚀 LEADER,BUY,BUY,"Aug 10, 2026",Health Care,Health Information Services,UPTREND,MOVING UP,,Sustained BUY with confirmed trend and momentum
TXN,UNCHANGED,UNCHANGED,SELL,SELL,"Jul 17, 2026",Technology,Semiconductors,DOWNTREND,MOVING UP,,No active BUY transition
TXNM,UNCHANGED,UNCHANGED,SELL,SELL,"Aug 06, 2026",Utilities,Utilities - Regulated Electric,DOWNTREND,MOVING DOWN,,No active BUY transition
TXO,UNCHANGED,UNCHANGED,,,,Energy,Oil & Gas E&P,,,,Previously inactive symbol is absent
TXRH,REMOVED,❌ REMOVED,SELL,BUY,"Aug 17, 2026",Discretionary,Restaurants,UPTREND,MOVING DOWN,,Prior BUY is missing or no longer rated BUY
TXT,UNCHANGED,UNCHANGED,SELL,SELL,"Jul 30, 2026",Industrials,Aerospace & Defense,DOWNTREND,MOVING DOWN,,No active BUY transition
TY,LEADER,🚀 LEADER,BUY,BUY,"Aug 07, 2026",Financials,Closed-End Fund - Equity,UPTREND,MOVING UP,,Sustained BUY with confirmed trend and momentum
TYG,UNCHANGED,UNCHANGED,SELL,SELL,"Jul 30, 2026",Financials,Closed-End Fund - Equity,NEUTRAL,MOVING UP,,No active BUY transition
TYL,LEADER,🚀 LEADER,BUY,BUY,"Jul 29, 2026",Technology,Software - Application,UPTREND,MOVING UP,,Sustained BUY with confirmed trend and momentum
TYRA,UNCHANGED,UNCHANGED,SELL,SELL,"Aug 06, 2026",Health Care,Biotechnology,DOWNTREND,MOVING UP,,No active BUY transition
U,DETERIORATING,⚠️ DETERIORATING,BUY,BUY,"Jul 29, 2026",Technology,Software - Application,UPTREND,MOVING DOWN,,Existing BUY momentum is weakening
UAL,LEADER,🚀 LEADER,BUY,BUY,"Aug 05, 2026",Industrials,Airlines,UPTREND,MOVING UP,,Sustained BUY with confirmed trend and momentum
UAN,UNCHANGED,UNCHANGED,SELL,SELL,"Aug 11, 2026",Materials,Agricultural Inputs,UPTREND,MOVING DOWN,,No active BUY transition
UBCP,REMOVED,❌ REMOVED,,BUY,"Aug 10, 2026",Financials,Banks - Regional,,,,Prior BUY is missing or no longer rated BUY
UBER,LEADER,🚀 LEADER,BUY,BUY,"Aug 11, 2026",Technology,Software - Application,UPTREND,MOVING UP,,Sustained BUY with confirmed trend and momentum
UBS,DETERIORATING,⚠️ DETERIORATING,BUY,BUY,"Aug 12, 2026",Financials,Banks - Diversified,UPTREND,MOVING DOWN,,Existing BUY momentum is weakening
UBSI,UNCHANGED,UNCHANGED,SELL,SELL,"Aug 13, 2026",Financials,Banks - Regional,UPTREND,MOVING DOWN,,No active BUY transition
UCTT,UNCHANGED,UNCHANGED,SELL,SELL,"Jul 08, 2026",Technology,Semiconductor Equipment & Materials,DOWNTREND,MOVING UP,,No active BUY transition
UDR,UNCHANGED,UNCHANGED,SELL,SELL,"Jul 17, 2026",Real Estate,REIT - Residential,DOWNTREND,MOVING DOWN,,No active BUY transition
UE,UNCHANGED,UNCHANGED,,SELL,"Jul 31, 2026",Real Estate,REIT - Retail,,,,Previously inactive symbol is absent
UEC,REMOVED,❌ REMOVED,,BUY,"Aug 07, 2026",Energy,Uranium,,,,Prior BUY is missing or no longer rated BUY
UFCS,UNCHANGED,UNCHANGED,SELL,SELL,"Aug 14, 2026",Financials,Insurance - Property & Casualty,UPTREND,MOVING DOWN,,No active BUY transition
UFPI,DETERIORATING,⚠️ DETERIORATING,BUY,BUY,"Jul 29, 2026",Materials,Lumber & Wood Production,UPTREND,MOVING DOWN,,Existing BUY momentum is weakening
UFPT,LEADER,🚀 LEADER,BUY,BUY,"Jul 31, 2026",Health Care,Medical Devices,UPTREND,MOVING UP,,Sustained BUY with confirmed trend and momentum
UGI,UNCHANGED,UNCHANGED,SELL,SELL,"Aug 06, 2026",Utilities,Utilities - Regulated Gas,DOWNTREND,MOVING DOWN,,No active BUY transition
UHAL,UNCHANGED,UNCHANGED,SELL,SELL,"Jul 08, 2026",Industrials,Rental & Leasing Services,UPTREND,MOVING DOWN,,No active BUY transition
UHAL/B,UNCHANGED,UNCHANGED,,,,Industrials,Rental & Leasing Services,UPTREND,,,No active BUY transition
UHS,DETERIORATING,⚠️ DETERIORATING,BUY,BUY,"Jul 28, 2026",Health Care,Medical Care Facilities,UPTREND,MOVING DOWN,,Existing BUY momentum is weakening
UHT,UNCHANGED,UNCHANGED,SELL,SELL,"Aug 04, 2026",Real Estate,REIT - Healthcare Facilities,DOWNTREND,MOVING DOWN,,No active BUY transition
UI,ACTIVE_BUY,ACTIVE BUY,BUY,BUY,"Aug 06, 2026",Technology,Communication Equipment,NEUTRAL,MOVING UP,,BUY remains active without a higher-priority setup
UL,UNCHANGED,UNCHANGED,SELL,SELL,"Aug 13, 2026",Staples,Household & Personal Products,UPTREND,MOVING DOWN,,No active BUY transition
ULH,REMOVED,❌ REMOVED,,BUY,"Aug 04, 2026",Industrials,Trucking,,,,Prior BUY is missing or no longer rated BUY
ULS,UNCHANGED,UNCHANGED,,,,Industrials,Specialty Business Services,DOWNTREND,,,No active BUY transition
ULTA,REMOVED,❌ REMOVED,SELL,BUY,"Aug 17, 2026",Discretionary,Specialty Retail,UPTREND,MOVING DOWN,,Prior BUY is missing or no longer rated BUY
UMAC,UNCHANGED,UNCHANGED,,,,Technology,Computer Hardware,UPTREND,,,No active BUY transition
UMBF,EMERGING,🔥 EMERGING,BUY,SELL,"Aug 17, 2026",Financials,Banks - Regional,UPTREND,MOVING UP,,New BUY with rising trend and accelerating momentum
UMC,UNCHANGED,UNCHANGED,,SELL,"Jul 10, 2026",Technology,Semiconductors,,,,Previously inactive symbol is absent
UMH,REMOVED,❌ REMOVED,,BUY,"Aug 12, 2026",Real Estate,REIT - Residential,,,,Prior BUY is missing or no longer rated BUY
UNB,UNCHANGED,UNCHANGED,,SELL,"Jul 28, 2026",Financials,Banks - Regional,,,,Previously inactive symbol is absent
UNF,UNCHANGED,UNCHANGED,SELL,SELL,"Aug 05, 2026",Industrials,Specialty Business Services,UPTREND,MOVING DOWN,,No active BUY transition
UNFI,UNCHANGED,UNCHANGED,SELL,SELL,"Aug 05, 2026",Staples,Food Distribution,DOWNTREND,MOVING DOWN,,No active BUY transition
UNH,UNCHANGED,UNCHANGED,SELL,SELL,"Jul 29, 2026",Health Care,Healthcare Plans,DOWNTREND,MOVING DOWN,,No active BUY transition
UNM,LEADER,🚀 LEADER,BUY,BUY,"Aug 06, 2026",Financials,Insurance - Life,UPTREND,MOVING UP,,Sustained BUY with confirmed trend and momentum
UNP,UNCHANGED,UNCHANGED,SELL,SELL,"Aug 03, 2026",Industrials,Railroads,UPTREND,MOVING DOWN,,No active BUY transition
UNTY,LEADER,🚀 LEADER,BUY,BUY,"Aug 04, 2026",Financials,Banks - Regional,UPTREND,MOVING UP,,Sustained BUY with confirmed trend and momentum
UPBD,UNCHANGED,UNCHANGED,,SELL,"Jul 27, 2026",Technology,Software - Application,,,,Previously inactive symbol is absent
UPS,UNCHANGED,UNCHANGED,SELL,SELL,"Jul 28, 2026",Industrials,Integrated Freight & Logistics,DOWNTREND,MOVING DOWN,,No active BUY transition
UPST,UNCHANGED,UNCHANGED,,,,Financials,Credit Services,UPTREND,,,No active BUY transition
URBN,LEADER,🚀 LEADER,BUY,BUY,"Jul 29, 2026",Discretionary,Apparel Retail,UPTREND,MOVING UP,,Sustained BUY with confirmed trend and momentum
URGN,LEADER,🚀 LEADER,BUY,BUY,"Aug 07, 2026",Health Care,Biotechnology,UPTREND,MOVING UP,,Sustained BUY with confirmed trend and momentum
URI,LEADER,🚀 LEADER,BUY,BUY,"Aug 06, 2026",Industrials,Rental & Leasing Services,UPTREND,MOVING UP,,Sustained BUY with confirmed trend and momentum
USAC,UNCHANGED,UNCHANGED,SELL,SELL,"Jul 28, 2026",Energy,Oil & Gas Equipment & Services,NEUTRAL,MOVING DOWN,,No active BUY transition
USAR,UNCHANGED,UNCHANGED,,,,Materials,Other Industrial Metals & Mining,,,,Previously inactive symbol is absent
USAU,REMOVED,❌ REMOVED,,BUY,"Aug 10, 2026",Materials,Gold,,,,Prior BUY is missing or no longer rated BUY
USB,UNCHANGED,UNCHANGED,SELL,SELL,"Jul 17, 2026",Financials,Banks - Regional,UPTREND,MOVING DOWN,,No active BUY transition
USCB,UNCHANGED,UNCHANGED,,SELL,"Aug 06, 2026",Financials,Banks - Regional,,,,Previously inactive symbol is absent
USFD,LEADER,🚀 LEADER,BUY,BUY,"Jul 30, 2026",Staples,Food Distribution,UPTREND,MOVING UP,,Sustained BUY with confirmed trend and momentum
USLM,LEADER,🚀 LEADER,BUY,BUY,"Jul 23, 2026",Materials,Building Materials,UPTREND,MOVING UP,,Sustained BUY with confirmed trend and momentum
USNA,UNCHANGED,UNCHANGED,,SELL,"Jul 22, 2026",Staples,Packaged Foods,,,,Previously inactive symbol is absent
UTF,UNCHANGED,UNCHANGED,SELL,SELL,"Jul 02, 2026",Financials,Closed-End Fund - Equity,DOWNTREND,MOVING DOWN,,No active BUY transition
UTG,UNCHANGED,UNCHANGED,,,,Financials,Closed-End Fund - Equity,UPTREND,,,No active BUY transition
UTHR,UNCHANGED,UNCHANGED,SELL,SELL,"Jul 14, 2026",Health Care,Drug Manufacturers - Specialty & Generic,DOWNTREND,MOVING DOWN,,No active BUY transition
UTI,UNCHANGED,UNCHANGED,SELL,SELL,"Jul 17, 2026",Staples,Education & Training Services,DOWNTREND,MOVING DOWN,,No active BUY transition
UTL,UNCHANGED,UNCHANGED,SELL,SELL,"Aug 04, 2026",Utilities,Utilities - Diversified,UPTREND,MOVING DOWN,,No active BUY transition
UTMD,DETERIORATING,⚠️ DETERIORATING,BUY,BUY,"Aug 04, 2026",Health Care,Medical Instruments & Supplies,UPTREND,MOVING DOWN,,Existing BUY momentum is weakening
UTZ,UNCHANGED,UNCHANGED,,SELL,"Aug 07, 2026",Staples,Packaged Foods,,,,Previously inactive symbol is absent
UUUU,REMOVED,❌ REMOVED,,BUY,"Aug 11, 2026",Energy,Uranium,,,,Prior BUY is missing or no longer rated BUY
UVE,UNCHANGED,UNCHANGED,SELL,SELL,"Aug 14, 2026",Financials,Insurance - Property & Casualty,UPTREND,MOVING DOWN,,No active BUY transition
UVSP,UNCHANGED,UNCHANGED,SELL,SELL,"Jul 10, 2026",Financials,Banks - Regional,NEUTRAL,MOVING DOWN,,No active BUY transition
UVV,UNCHANGED,UNCHANGED,SELL,SELL,"Aug 06, 2026",Staples,Tobacco,DOWNTREND,MOVING DOWN,,No active BUY transition
UYSC,UNCHANGED,UNCHANGED,,,,Financials,Shell Companies,,,,Previously inactive symbol is absent
V,UNCHANGED,UNCHANGED,SELL,SELL,"Aug 10, 2026",Financials,Credit Services,UPTREND,MOVING DOWN,,No active BUY transition
VAC,LEADER,🚀 LEADER,BUY,BUY,"Aug 07, 2026",Discretionary,Resorts & Casinos,UPTREND,MOVING UP,,Sustained BUY with confirmed trend and momentum
VALE,UNCHANGED,UNCHANGED,,SELL,"Aug 12, 2026",Materials,Other Industrial Metals & Mining,,,,Previously inactive symbol is absent
VALU,LEADER,🚀 LEADER,BUY,BUY,"Aug 13, 2026",Financials,Financial Data & Stock Exchanges,UPTREND,MOVING UP,,Sustained BUY with confirmed trend and momentum
VBF,UNCHANGED,UNCHANGED,,SELL,"Jul 13, 2026",Financials,Closed-End Fund - Debt,,,,Previously inactive symbol is absent
VC,LEADER,🚀 LEADER,BUY,BUY,"Aug 14, 2026",Discretionary,Auto Parts,UPTREND,MOVING UP,,Sustained BUY with confirmed trend and momentum
VCEL,UNCHANGED,UNCHANGED,SELL,SELL,"Jul 20, 2026",Health Care,Biotechnology,NEUTRAL,MOVING DOWN,,No active BUY transition
VCTR,LEADER,🚀 LEADER,BUY,BUY,"Aug 07, 2026",Financials,Asset Management,UPTREND,MOVING UP,,Sustained BUY with confirmed trend and momentum
VCV,REMOVED,❌ REMOVED,,BUY,"Aug 13, 2026",Financials,Closed-End Fund - Debt,,,,Prior BUY is missing or no longer rated BUY
VCYT,UNCHANGED,UNCHANGED,SELL,SELL,"Jul 10, 2026",Health Care,Diagnostics & Research,DOWNTREND,MOVING DOWN,,No active BUY transition
VECO,UNCHANGED,UNCHANGED,SELL,SELL,"Jul 01, 2026",Technology,Semiconductor Equipment & Materials,DOWNTREND,MOVING UP,,No active BUY transition
VEEE,UNCHANGED,UNCHANGED,,SELL,"Jul 22, 2026",Discretionary,Recreational Vehicles,,,,Previously inactive symbol is absent
VEEV,LEADER,🚀 LEADER,BUY,BUY,"Aug 07, 2026",Health Care,Health Information Services,UPTREND,MOVING UP,,Sustained BUY with confirmed trend and momentum
VEL,UNCHANGED,UNCHANGED,,SELL,"Aug 14, 2026",Financials,Mortgage Finance,,,,Previously inactive symbol is absent
VEON,LEADER,🚀 LEADER,BUY,BUY,"Aug 05, 2026",Communication,Telecom Services,UPTREND,MOVING UP,,Sustained BUY with confirmed trend and momentum
VERA,UNCHANGED,UNCHANGED,SELL,SELL,"Jul 06, 2026",Health Care,Biotechnology,DOWNTREND,MOVING UP,,No active BUY transition
VERX,REMOVED,❌ REMOVED,,BUY,"Aug 14, 2026",Technology,Software - Application,,,,Prior BUY is missing or no longer rated BUY
VET,REMOVED,❌ REMOVED,,BUY,"Jul 23, 2026",Energy,Oil & Gas E&P,,,,Prior BUY is missing or no longer rated BUY
VFC,UNCHANGED,UNCHANGED,,SELL,"Jul 30, 2026",Discretionary,Apparel Manufacturing,,,,Previously inactive symbol is absent
VG,UNCHANGED,UNCHANGED,,,,Energy,Oil & Gas Midstream,,,,Previously inactive symbol is absent
VGM,REMOVED,❌ REMOVED,,BUY,"Aug 13, 2026",Financials,Closed-End Fund - Debt,,,,Prior BUY is missing or no longer rated BUY
VHC,REMOVED,❌ REMOVED,,BUY,"Jul 27, 2026",Technology,Software - Infrastructure,,,,Prior BUY is missing or no longer rated BUY
VHI,REMOVED,❌ REMOVED,,BUY,"Aug 07, 2026",Materials,Chemicals,,,,Prior BUY is missing or no longer rated BUY
VIA,UNCHANGED,UNCHANGED,,,,Technology,Software - Application,UPTREND,,,No active BUY transition
VIAV,LEADER,🚀 LEADER,BUY,BUY,"Aug 14, 2026",Technology,Communication Equipment,UPTREND,MOVING UP,,Sustained BUY with confirmed trend and momentum
VICI,UNCHANGED,UNCHANGED,SELL,SELL,"Aug 03, 2026",Real Estate,REIT - Diversified,DOWNTREND,MOVING UP,,No active BUY transition
VICR,UNCHANGED,UNCHANGED,SELL,SELL,"Jul 07, 2026",Technology,Electronic Components,DOWNTREND,MOVING UP,,No active BUY transition
VIPS,UNCHANGED,UNCHANGED,,SELL,"Aug 13, 2026",Discretionary,Internet Retail,,,,Previously inactive symbol is absent
VIRT,UNCHANGED,UNCHANGED,SELL,SELL,"Jul 01, 2026",Financials,Capital Markets,NEUTRAL,MOVING UP,,No active BUY transition
VIST,EMERGING,🔥 EMERGING,BUY,SELL,"Aug 17, 2026",Energy,Oil & Gas E&P,UPTREND,MOVING UP,,New BUY with rising trend and accelerating momentum
VITL,UNCHANGED,UNCHANGED,,SELL,"Aug 04, 2026",Staples,Farm Products,,,,Previously inactive symbol is absent
VIV,UNCHANGED,UNCHANGED,,SELL,"Jul 29, 2026",Communication,Telecom Services,,,,Previously inactive symbol is absent
VKTX,UNCHANGED,UNCHANGED,SELL,SELL,"Jul 15, 2026",Health Care,Biotechnology,DOWNTREND,MOVING UP,,No active BUY transition
VLGEA,UNCHANGED,UNCHANGED,SELL,SELL,"Aug 11, 2026",Staples,Grocery Stores,NEUTRAL,MOVING DOWN,,No active BUY transition
VLO,EMERGING,🔥 EMERGING,BUY,SELL,"Aug 17, 2026",Energy,Oil & Gas Refining & Marketing,UPTREND,MOVING UP,,New BUY with rising trend and accelerating momentum
VLT,UNCHANGED,UNCHANGED,,SELL,"Jul 17, 2026",Financials,Closed-End Fund - Debt,,,,Previously inactive symbol is absent
VLTO,UNCHANGED,UNCHANGED,,,,Industrials,Pollution & Treatment Controls,UPTREND,,,No active BUY transition
VLY,REMOVED,❌ REMOVED,,BUY,"Aug 14, 2026",Financials,Banks - Regional,,,,Prior BUY is missing or no longer rated BUY
VMC,UNCHANGED,UNCHANGED,SELL,SELL,"Jul 10, 2026",Materials,Building Materials,DOWNTREND,MOVING DOWN,,No active BUY transition
VMI,UNCHANGED,UNCHANGED,SELL,SELL,"Jul 02, 2026",Industrials,Conglomerates,DOWNTREND,MOVING UP,,No active BUY transition
VNME,UNCHANGED,UNCHANGED,,,,Financials,Shell Companies,,,,Previously inactive symbol is absent
VNO,UNCHANGED,UNCHANGED,SELL,SELL,"Aug 10, 2026",Real Estate,REIT - Office,NEUTRAL,MOVING DOWN,,No active BUY transition
VNOM,UNCHANGED,UNCHANGED,SELL,SELL,"Jul 29, 2026",Energy,Oil & Gas Midstream,DOWNTREND,MOVING DOWN,,No active BUY transition
VNT,UNCHANGED,UNCHANGED,SELL,SELL,"Aug 13, 2026",Technology,Scientific & Technical Instruments,UPTREND,MOVING DOWN,,No active BUY transition
VOD,UNCHANGED,UNCHANGED,,SELL,"Aug 11, 2026",Communication,Telecom Services,,,,Previously inactive symbol is absent
VOR,UNCHANGED,UNCHANGED,,SELL,"Aug 10, 2026",Health Care,Biotechnology,,,,Previously inactive symbol is absent
VOYG,UNCHANGED,UNCHANGED,,,,Industrials,Aerospace & Defense,UPTREND,,,No active BUY transition
VPV,REMOVED,❌ REMOVED,,BUY,"Aug 12, 2026",Financials,Closed-End Fund - Debt,,,,Prior BUY is missing or no longer rated BUY
VRDN,REMOVED,❌ REMOVED,,BUY,"Jul 27, 2026",Health Care,Biotechnology,,,,Prior BUY is missing or no longer rated BUY
VREX,REMOVED,❌ REMOVED,,BUY,"Jul 13, 2026",Health Care,Medical Devices,,,,Prior BUY is missing or no longer rated BUY
VRNS,LEADER,🚀 LEADER,BUY,BUY,"Aug 14, 2026",Technology,Software - Infrastructure,UPTREND,MOVING UP,,Sustained BUY with confirmed trend and momentum
VRSK,UNCHANGED,UNCHANGED,SELL,SELL,"Aug 04, 2026",Industrials,Consulting Services,DOWNTREND,MOVING DOWN,,No active BUY transition
VRSN,UNCHANGED,UNCHANGED,SELL,SELL,"Aug 14, 2026",Technology,Software - Infrastructure,UPTREND,MOVING DOWN,,No active BUY transition
VRT,UNCHANGED,UNCHANGED,SELL,SELL,"Jun 30, 2026",Industrials,Electrical Equipment & Parts,NEUTRAL,MOVING UP,,No active BUY transition
VRTS,UNCHANGED,UNCHANGED,SELL,SELL,"Jul 31, 2026",Financials,Asset Management,UPTREND,MOVING DOWN,,No active BUY transition
VRTX,LEADER,🚀 LEADER,BUY,BUY,"Aug 10, 2026",Health Care,Biotechnology,UPTREND,MOVING UP,,Sustained BUY with confirmed trend and momentum
VSAT,LEADER,🚀 LEADER,BUY,BUY,"Aug 04, 2026",Technology,Communication Equipment,UPTREND,MOVING UP,,Sustained BUY with confirmed trend and momentum
VSEC,LEADER,🚀 LEADER,BUY,BUY,"Aug 06, 2026",Industrials,Aerospace & Defense,UPTREND,MOVING UP,,Sustained BUY with confirmed trend and momentum
VST,UNCHANGED,UNCHANGED,SELL,SELL,"Jul 29, 2026",Utilities,Utilities - Independent Power Producers,DOWNTREND,MOVING UP,,No active BUY transition
VSTS,UNCHANGED,UNCHANGED,,,,Industrials,Rental & Leasing Services,,,,Previously inactive symbol is absent
VSXY,UNCHANGED,UNCHANGED,SELL,SELL,"Aug 14, 2026",Discretionary,Apparel Retail,UPTREND,MOVING DOWN,,No active BUY transition
VTN,REMOVED,❌ REMOVED,,BUY,"Aug 11, 2026",Financials,Closed-End Fund - Debt,,,,Prior BUY is missing or no longer rated BUY
VTOL,UNCHANGED,UNCHANGED,SELL,SELL,"Jul 31, 2026",Energy,Oil & Gas Equipment & Services,UPTREND,MOVING DOWN,,No active BUY transition
VTR,UNCHANGED,UNCHANGED,SELL,SELL,"Jul 31, 2026",Real Estate,REIT - Healthcare Facilities,NEUTRAL,MOVING DOWN,,No active BUY transition
VTRS,UNCHANGED,UNCHANGED,,SELL,"Aug 04, 2026",Health Care,Drug Manufacturers - Specialty & Generic,,,,Previously inactive symbol is absent
VTS,UNCHANGED,UNCHANGED,,,,Energy,Oil & Gas E&P,,,,Previously inactive symbol is absent
VTVT,UNCHANGED,UNCHANGED,SELL,SELL,"Aug 14, 2026",Health Care,Biotechnology,DOWNTREND,MOVING DOWN,,No active BUY transition
VVV,UNCHANGED,UNCHANGED,SELL,SELL,"Aug 03, 2026",Discretionary,Auto & Truck Dealerships,DOWNTREND,MOVING DOWN,,No active BUY transition
VVX,UNCHANGED,UNCHANGED,SELL,SELL,"Aug 06, 2026",Industrials,Aerospace & Defense,UPTREND,MOVING DOWN,,No active BUY transition
VZ,LEADER,🚀 LEADER,BUY,BUY,"Jul 27, 2026",Communication,Telecom Services,UPTREND,MOVING UP,,Sustained BUY with confirmed trend and momentum
W,LEADER,🚀 LEADER,BUY,BUY,"Aug 05, 2026",Discretionary,Internet Retail,UPTREND,MOVING UP,,Sustained BUY with confirmed trend and momentum
WAB,DETERIORATING,⚠️ DETERIORATING,BUY,BUY,"Jul 23, 2026",Industrials,Railroads,UPTREND,MOVING DOWN,,Existing BUY momentum is weakening
WABC,UNCHANGED,UNCHANGED,SELL,SELL,"Jul 31, 2026",Financials,Banks - Regional,NEUTRAL,MOVING DOWN,,No active BUY transition
WAFD,LEADER,🚀 LEADER,BUY,BUY,"Aug 12, 2026",Financials,Banks - Regional,UPTREND,MOVING UP,,Sustained BUY with confirmed trend and momentum
WAL,UNCHANGED,UNCHANGED,SELL,SELL,"Aug 03, 2026",Financials,Banks - Regional,UPTREND,MOVING DOWN,,No active BUY transition
WASH,UNCHANGED,UNCHANGED,SELL,SELL,"Aug 11, 2026",Financials,Banks - Regional,UPTREND,MOVING DOWN,,No active BUY transition
WAT,LEADER,🚀 LEADER,BUY,BUY,"Jul 30, 2026",Health Care,Diagnostics & Research,UPTREND,MOVING UP,,Sustained BUY with confirmed trend and momentum
WATT,REMOVED,❌ REMOVED,,BUY,"Aug 12, 2026",Technology,Communication Equipment,,,,Prior BUY is missing or no longer rated BUY
WAY,UNCHANGED,UNCHANGED,,,,Health Care,Health Information Services,,,,Previously inactive symbol is absent
WBD,LEADER,🚀 LEADER,BUY,BUY,"Aug 11, 2026",Communication,Entertainment,UPTREND,MOVING UP,,Sustained BUY with confirmed trend and momentum
WBI,UNCHANGED,UNCHANGED,,,,Energy,Oil & Gas Equipment & Services,DOWNTREND,,,No active BUY transition
WBS,LEADER,🚀 LEADER,BUY,BUY,"Aug 05, 2026",Financials,Banks - Regional,UPTREND,MOVING UP,,Sustained BUY with confirmed trend and momentum
WCC,LEADER,🚀 LEADER,BUY,BUY,"Aug 04, 2026",Industrials,Industrial Distribution,UPTREND,MOVING UP,,Sustained BUY with confirmed trend and momentum
WCN,UNCHANGED,UNCHANGED,SELL,SELL,"Jul 22, 2026",Industrials,Waste Management,NEUTRAL,MOVING DOWN,,No active BUY transition
WD,UNCHANGED,UNCHANGED,SELL,SELL,"Aug 07, 2026",Financials,Mortgage Finance,DOWNTREND,MOVING DOWN,,No active BUY transition
WDAY,LEADER,🚀 LEADER,BUY,BUY,"Jul 29, 2026",Technology,Software - Application,UPTREND,MOVING UP,,Sustained BUY with confirmed trend and momentum
WDC,UNCHANGED,UNCHANGED,SELL,SELL,"Jul 06, 2026",Technology,Computer Hardware,DOWNTREND,MOVING UP,,No active BUY transition
WDFC,UNCHANGED,UNCHANGED,SELL,SELL,"Jul 16, 2026",Materials,Specialty Chemicals,DOWNTREND,MOVING DOWN,,No active BUY transition
WDI,UNCHANGED,UNCHANGED,,SELL,"Jul 16, 2026",Financials,Asset Management,,,,Previously inactive symbol is absent
WDS,UNCHANGED,UNCHANGED,,SELL,"Aug 12, 2026",Energy,Oil & Gas E&P,,,,Previously inactive symbol is absent
WEA,UNCHANGED,UNCHANGED,,SELL,"Jul 23, 2026",Financials,Closed-End Fund - Debt,,,,Previously inactive symbol is absent
WEC,UNCHANGED,UNCHANGED,SELL,SELL,"Jul 15, 2026",Utilities,Utilities - Regulated Electric,DOWNTREND,MOVING DOWN,,No active BUY transition
WENN,UNCHANGED,UNCHANGED,,,,Financials,Shell Companies,,,,Previously inactive symbol is absent
WES,UNCHANGED,UNCHANGED,SELL,SELL,"Jul 30, 2026",Energy,Oil & Gas Midstream,UPTREND,MOVING UP,,No active BUY transition
WEX,UNCHANGED,UNCHANGED,SELL,SELL,"Aug 11, 2026",Technology,Software - Infrastructure,UPTREND,MOVING DOWN,,No active BUY transition
WEYS,LEADER,🚀 LEADER,BUY,BUY,"Aug 05, 2026",Discretionary,Footwear & Accessories,UPTREND,MOVING UP,,Sustained BUY with confirmed trend and momentum
WF,LEADER,🚀 LEADER,BUY,BUY,"Jul 13, 2026",Financials,Banks - Regional,UPTREND,MOVING UP,,Sustained BUY with confirmed trend and momentum
WFC,UNCHANGED,UNCHANGED,SELL,SELL,"Jul 16, 2026",Financials,Banks - Diversified,UPTREND,MOVING UP,,No active BUY transition
WFRD,LEADER,🚀 LEADER,BUY,BUY,"Aug 04, 2026",Energy,Oil & Gas Equipment & Services,UPTREND,MOVING UP,,Sustained BUY with confirmed trend and momentum
WGO,LEADER,🚀 LEADER,BUY,BUY,"Jul 17, 2026",Discretionary,Recreational Vehicles,UPTREND,MOVING UP,,Sustained BUY with confirmed trend and momentum
WGS,REMOVED,❌ REMOVED,SELL,BUY,"Aug 17, 2026",Health Care,Diagnostics & Research,UPTREND,MOVING DOWN,,Prior BUY is missing or no longer rated BUY
WH,UNCHANGED,UNCHANGED,SELL,SELL,"Jul 06, 2026",Discretionary,Lodging,DOWNTREND,MOVING DOWN,,No active BUY transition
WHD,LEADER,🚀 LEADER,BUY,BUY,"Aug 03, 2026",Energy,Oil & Gas Equipment & Services,UPTREND,MOVING UP,,Sustained BUY with confirmed trend and momentum
WHG,UNCHANGED,UNCHANGED,,SELL,"Jul 14, 2026",Financials,Asset Management,,,,Previously inactive symbol is absent
WHR,ACTIVE_BUY,ACTIVE BUY,BUY,BUY,"Aug 05, 2026",Discretionary,Furnishings Fixtures & Appliances,NEUTRAL,MOVING UP,,BUY remains active without a higher-priority setup
WINA,UNCHANGED,UNCHANGED,SELL,SELL,"Jul 10, 2026",Discretionary,Specialty Retail,DOWNTREND,MOVING UP,,No active BUY transition
WING,UNCHANGED,UNCHANGED,SELL,SELL,"Jul 08, 2026",Discretionary,Restaurants,DOWNTREND,MOVING UP,,No active BUY transition
WIX,LEADER,🚀 LEADER,BUY,BUY,"Jul 28, 2026",Technology,Software - Infrastructure,UPTREND,MOVING UP,,Sustained BUY with confirmed trend and momentum
WK,LEADER,🚀 LEADER,BUY,BUY,"Jul 31, 2026",Technology,Software - Application,UPTREND,MOVING UP,,Sustained BUY with confirmed trend and momentum
WKC,UNCHANGED,UNCHANGED,SELL,SELL,"Aug 05, 2026",Energy,Oil & Gas Refining & Marketing,UPTREND,MOVING DOWN,,No active BUY transition
WLDN,LEADER,🚀 LEADER,BUY,BUY,"Aug 10, 2026",Industrials,Engineering & Construction,UPTREND,MOVING UP,,Sustained BUY with confirmed trend and momentum
WLFC,UNCHANGED,UNCHANGED,SELL,SELL,"Jul 15, 2026",Industrials,Rental & Leasing Services,DOWNTREND,MOVING DOWN,,No active BUY transition
WLK,ACTIVE_BUY,ACTIVE BUY,BUY,BUY,"Aug 10, 2026",Materials,Specialty Chemicals,NEUTRAL,MOVING UP,,BUY remains active without a higher-priority setup
WLY,UNCHANGED,UNCHANGED,SELL,SELL,"Jul 15, 2026",Communication,Publishing,UPTREND,MOVING DOWN,,No active BUY transition
WM,UNCHANGED,UNCHANGED,SELL,SELL,"Jul 31, 2026",Industrials,Waste Management,DOWNTREND,MOVING DOWN,,No active BUY transition
WMB,EMERGING,🔥 EMERGING,BUY,SELL,"Aug 17, 2026",Energy,Oil & Gas Midstream,UPTREND,MOVING UP,,New BUY with rising trend and accelerating momentum
WMS,LEADER,🚀 LEADER,BUY,BUY,"Aug 14, 2026",Industrials,Building Products & Equipment,UPTREND,MOVING UP,,Sustained BUY with confirmed trend and momentum
WMT,LEADER,🚀 LEADER,BUY,BUY,"Aug 13, 2026",Staples,Discount Stores,UPTREND,MOVING UP,,Sustained BUY with confirmed trend and momentum
WNC,UNCHANGED,UNCHANGED,,SELL,"Jul 17, 2026",Industrials,Farm & Heavy Construction Machinery,,,,Previously inactive symbol is absent
WNEB,UNCHANGED,UNCHANGED,,SELL,"Jul 24, 2026",Financials,Banks - Regional,,,,Previously inactive symbol is absent
WOLF,UNCHANGED,UNCHANGED,,,,Technology,Semiconductors,DOWNTREND,,,No active BUY transition
WOR,LEADER,🚀 LEADER,BUY,BUY,"Jul 29, 2026",Industrials,Metal Fabrication,UPTREND,MOVING UP,,Sustained BUY with confirmed trend and momentum
WPC,UNCHANGED,UNCHANGED,SELL,SELL,"Aug 05, 2026",Real Estate,REIT - Diversified,DOWNTREND,MOVING DOWN,,No active BUY transition
WPM,LEADER,🚀 LEADER,BUY,BUY,"Aug 05, 2026",Materials,Gold,UPTREND,MOVING UP,,Sustained BUY with confirmed trend and momentum
WPP,DETERIORATING,⚠️ DETERIORATING,BUY,BUY,"Jul 14, 2026",Communication,Advertising Agencies,UPTREND,MOVING DOWN,,Existing BUY momentum is weakening
WRB,UNCHANGED,UNCHANGED,SELL,SELL,"Aug 04, 2026",Financials,Insurance - Property & Casualty,DOWNTREND,MOVING DOWN,,No active BUY transition
WRBY,UNCHANGED,UNCHANGED,,,,Health Care,Medical Instruments & Supplies,DOWNTREND,,,No active BUY transition
WRLD,UNCHANGED,UNCHANGED,SELL,SELL,"Jul 13, 2026",Financials,Credit Services,NEUTRAL,MOVING DOWN,,No active BUY transition
WS,UNCHANGED,UNCHANGED,,,,Materials,Steel,UPTREND,,,No active BUY transition
WSBC,UNCHANGED,UNCHANGED,SELL,SELL,"Jul 14, 2026",Financials,Banks - Regional,UPTREND,MOVING DOWN,,No active BUY transition
WSBF,REMOVED,❌ REMOVED,,BUY,"Jul 31, 2026",Financials,Banks - Regional,,,,Prior BUY is missing or no longer rated BUY
WSBK,UNCHANGED,UNCHANGED,,,,Financials,Banks - Regional,,,,Previously inactive symbol is absent
WSFS,UNCHANGED,UNCHANGED,SELL,SELL,"Aug 10, 2026",Financials,Banks - Regional,UPTREND,MOVING DOWN,,No active BUY transition
WSM,LEADER,🚀 LEADER,BUY,BUY,"Jul 30, 2026",Discretionary,Specialty Retail,UPTREND,MOVING UP,,Sustained BUY with confirmed trend and momentum
WSO,UNCHANGED,UNCHANGED,SELL,SELL,"Jul 09, 2026",Industrials,Industrial Distribution,DOWNTREND,MOVING DOWN,,No active BUY transition
WSO/B,UNCHANGED,UNCHANGED,SELL,SELL,"Jul 30, 2026",Industrials,Industrial Distribution,DOWNTREND,MOVING DOWN,,No active BUY transition
WST,DETERIORATING,⚠️ DETERIORATING,BUY,BUY,"Aug 11, 2026",Health Care,Medical Instruments & Supplies,UPTREND,MOVING DOWN,,Existing BUY momentum is weakening
WT,REMOVED,❌ REMOVED,,BUY,"Aug 04, 2026",Financials,Asset Management,,,,Prior BUY is missing or no longer rated BUY
WTBA,LEADER,🚀 LEADER,BUY,BUY,"Jul 29, 2026",Financials,Banks - Regional,UPTREND,MOVING UP,,Sustained BUY with confirmed trend and momentum
WTFC,UNCHANGED,UNCHANGED,SELL,SELL,"Jul 10, 2026",Financials,Banks - Regional,UPTREND,MOVING DOWN,,No active BUY transition
WTM,UNCHANGED,UNCHANGED,SELL,SELL,"Jul 30, 2026",Financials,Insurance - Property & Casualty,NEUTRAL,MOVING DOWN,,No active BUY transition
WTRG,UNCHANGED,UNCHANGED,SELL,SELL,"Aug 04, 2026",Utilities,Utilities - Regulated Water,UPTREND,MOVING DOWN,,No active BUY transition
WTS,LEADER,🚀 LEADER,BUY,BUY,"Aug 10, 2026",Industrials,Specialty Industrial Machinery,UPTREND,MOVING UP,,Sustained BUY with confirmed trend and momentum
WTTR,REMOVED,❌ REMOVED,,BUY,"Aug 10, 2026",Energy,Oil & Gas Equipment & Services,,,,Prior BUY is missing or no longer rated BUY
WTW,REMOVED,❌ REMOVED,SELL,BUY,"Aug 17, 2026",Financials,Insurance Brokers,UPTREND,MOVING DOWN,,Prior BUY is missing or no longer rated BUY
WWD,UNCHANGED,UNCHANGED,SELL,SELL,"Jul 08, 2026",Industrials,Aerospace & Defense,DOWNTREND,MOVING UP,,No active BUY transition
WWW,UNCHANGED,UNCHANGED,,SELL,"Aug 10, 2026",Discretionary,Footwear & Accessories,,,,Previously inactive symbol is absent
WY,REMOVED,❌ REMOVED,,BUY,"Jul 29, 2026",Real Estate,REIT - Specialty,,,,Prior BUY is missing or no longer rated BUY
WYFI,UNCHANGED,UNCHANGED,,,,Technology,Information Technology Services,NEUTRAL,,,No active BUY transition
WYNN,LEADER,🚀 LEADER,BUY,BUY,"Jul 31, 2026",Discretionary,Resorts & Casinos,UPTREND,MOVING UP,,Sustained BUY with confirmed trend and momentum
XEL,UNCHANGED,UNCHANGED,SELL,SELL,"Jul 10, 2026",Utilities,Utilities - Regulated Electric,NEUTRAL,MOVING UP,,No active BUY transition
XENE,UNCHANGED,UNCHANGED,SELL,SELL,"Jul 22, 2026",Health Care,Biotechnology,NEUTRAL,MOVING DOWN,,No active BUY transition
XFLT,REMOVED,❌ REMOVED,,BUY,"Jul 29, 2026",Financials,Closed-End Fund - Debt,,,,Prior BUY is missing or no longer rated BUY
XHR,UNCHANGED,UNCHANGED,,SELL,"Aug 03, 2026",Real Estate,REIT - Hotel & Motel,,,,Previously inactive symbol is absent
XIFR,UNCHANGED,UNCHANGED,,SELL,"Jul 29, 2026",Utilities,Utilities - Renewable,,,,Previously inactive symbol is absent
XMTR,LEADER,🚀 LEADER,BUY,BUY,"Aug 14, 2026",Industrials,Industrial Distribution,UPTREND,MOVING UP,,Sustained BUY with confirmed trend and momentum
XNCR,UNCHANGED,UNCHANGED,,SELL,"Aug 06, 2026",Health Care,Biotechnology,,,,Previously inactive symbol is absent
XOM,LEADER,🚀 LEADER,BUY,BUY,"Jul 17, 2026",Energy,Oil & Gas Integrated,UPTREND,MOVING UP,,Sustained BUY with confirmed trend and momentum
XP,UNCHANGED,UNCHANGED,,SELL,"Jul 27, 2026",Financials,Capital Markets,,,,Previously inactive symbol is absent
XPEL,LEADER,🚀 LEADER,BUY,BUY,"Aug 06, 2026",Discretionary,Auto Parts,UPTREND,MOVING UP,,Sustained BUY with confirmed trend and momentum
XPO,EMERGING,🔥 EMERGING,BUY,SELL,"Aug 17, 2026",Industrials,Trucking,UPTREND,MOVING UP,,New BUY with rising trend and accelerating momentum
XPRO,REMOVED,❌ REMOVED,,BUY,"Aug 11, 2026",Energy,Oil & Gas Equipment & Services,,,,Prior BUY is missing or no longer rated BUY
XRAY,UNCHANGED,UNCHANGED,,SELL,"Jul 29, 2026",Health Care,Medical Instruments & Supplies,,,,Previously inactive symbol is absent
XRN,UNCHANGED,UNCHANGED,SELL,SELL,"Jul 14, 2026",Real Estate,REIT - Healthcare Facilities,NEUTRAL,MOVING UP,,No active BUY transition
XYL,UNCHANGED,UNCHANGED,SELL,SELL,"Jul 22, 2026",Industrials,Specialty Industrial Machinery,UPTREND,MOVING DOWN,,No active BUY transition
XYZ,UNCHANGED,UNCHANGED,SELL,SELL,"Aug 10, 2026",Technology,Software - Infrastructure,UPTREND,MOVING UP,,No active BUY transition
YARW,UNCHANGED,UNCHANGED,SELL,,"Aug 13, 2026",Health Care,Biotechnology,UPTREND,MOVING DOWN,,No active BUY transition
YELP,UNCHANGED,UNCHANGED,,SELL,"Aug 06, 2026",Communication,Internet Content & Information,,,,Previously inactive symbol is absent
YETI,UNCHANGED,UNCHANGED,SELL,SELL,"Aug 12, 2026",Discretionary,Leisure,DOWNTREND,MOVING DOWN,,No active BUY transition
YORW,LEADER,🚀 LEADER,BUY,BUY,"Aug 12, 2026",Utilities,Utilities - Regulated Water,UPTREND,MOVING UP,,Sustained BUY with confirmed trend and momentum
YOU,UNCHANGED,UNCHANGED,SELL,SELL,"Aug 10, 2026",Technology,Software - Application,DOWNTREND,MOVING DOWN,,No active BUY transition
YPF,UNCHANGED,UNCHANGED,SELL,SELL,"Aug 06, 2026",Energy,Oil & Gas Integrated,NEUTRAL,MOVING DOWN,,No active BUY transition
YUM,UNCHANGED,UNCHANGED,SELL,SELL,"Jul 16, 2026",Discretionary,Restaurants,DOWNTREND,MOVING DOWN,,No active BUY transition
YUMC,UNCHANGED,UNCHANGED,SELL,SELL,"Aug 14, 2026",Discretionary,Restaurants,UPTREND,MOVING DOWN,,No active BUY transition
Z,LEADER,🚀 LEADER,BUY,BUY,"Aug 04, 2026",Communication,Internet Content & Information,UPTREND,MOVING UP,,Sustained BUY with confirmed trend and momentum
ZBH,LEADER,🚀 LEADER,BUY,BUY,"Jul 14, 2026",Health Care,Medical Devices,UPTREND,MOVING UP,,Sustained BUY with confirmed trend and momentum
ZBRA,LEADER,🚀 LEADER,BUY,BUY,"Jul 31, 2026",Technology,Communication Equipment,UPTREND,MOVING UP,,Sustained BUY with confirmed trend and momentum
ZD,UNCHANGED,UNCHANGED,SELL,SELL,"Jul 16, 2026",Communication,Advertising Agencies,UPTREND,MOVING UP,,No active BUY transition
ZETA,REMOVED,❌ REMOVED,SELL,BUY,"Aug 17, 2026",Technology,Software - Infrastructure,UPTREND,MOVING DOWN,,Prior BUY is missing or no longer rated BUY
ZG,UNCHANGED,UNCHANGED,SELL,SELL,"Aug 13, 2026",Communication,Internet Content & Information,UPTREND,MOVING DOWN,,No active BUY transition
ZGN,UNCHANGED,UNCHANGED,,SELL,"Aug 07, 2026",Discretionary,Apparel Manufacturing,,,,Previously inactive symbol is absent
ZIM,LEADER,🚀 LEADER,BUY,BUY,"Aug 05, 2026",Industrials,Marine Shipping,UPTREND,MOVING UP,,Sustained BUY with confirmed trend and momentum
ZION,UNCHANGED,UNCHANGED,SELL,SELL,"Jul 22, 2026",Financials,Banks - Regional,UPTREND,MOVING UP,,No active BUY transition
ZLAB,LEADER,🚀 LEADER,BUY,BUY,"Aug 10, 2026",Health Care,Biotechnology,UPTREND,MOVING UP,,Sustained BUY with confirmed trend and momentum
ZM,LEADER,🚀 LEADER,BUY,BUY,"Aug 04, 2026",Technology,Software - Application,UPTREND,MOVING UP,,Sustained BUY with confirmed trend and momentum
ZS,LEADER,🚀 LEADER,BUY,BUY,"Aug 04, 2026",Technology,Software - Infrastructure,UPTREND,MOVING UP,,Sustained BUY with confirmed trend and momentum
ZTO,UNCHANGED,UNCHANGED,,SELL,"Jul 23, 2026",Industrials,Integrated Freight & Logistics,,,,Previously inactive symbol is absent
ZTS,UNCHANGED,UNCHANGED,SELL,SELL,"Aug 10, 2026",Health Care,Drug Manufacturers - Specialty & Generic,DOWNTREND,MOVING UP,,No active BUY transition
ZUMZ,UNCHANGED,UNCHANGED,,SELL,"Aug 13, 2026",Discretionary,Apparel Retail,,,,Previously inactive symbol is absent
ZVRA,UNCHANGED,UNCHANGED,,SELL,"Jul 10, 2026",Health Care,Biotechnology,,,,Previously inactive symbol is absent
ZWS,DETERIORATING,⚠️ DETERIORATING,BUY,BUY,"Jul 31, 2026",Industrials,Pollution & Treatment Controls,UPTREND,MOVING DOWN,,Existing BUY momentum is weakening
ZYME,LEADER,🚀 LEADER,BUY,BUY,"Aug 14, 2026",Health Care,Biotechnology,UPTREND,MOVING UP,,Sustained BUY with confirmed trend and momentum
