Symbol,Company Name,Sector/Index,Industry,Last Close Price ($),Fear & Greed Heatmap Value,Current Signal Status,Signal Start Date,Overlay,Overlay Start Date,30-Day Avg Volume,OVTLYR Signal Return (%),Capital Efficiency,Price Change,Fear & Greed Heatmap Direction,OC Channel,Unusual News Activity (UNA),Top Mentions Today (TMT),Ovtlyr Nine,Sector Relative Greed,Partial Data Stocks,Signal Type
"ADEA","Adeia Inc. Common Stock","Technology","Software - Application","26.25","49.69","Sell","Aug 24, 2026","Downtrend","Aug 21, 2026","1117285.83","51.78","0.31","-2.63","Moving Down","","",,="2/9","<1","false","Swing"
"AES","The AES Corporation Common Stock","Utilities","Utilities - Diversified","14.77","57.85","Buy","Aug 24, 2026","Uptrend","Aug 21, 2026","6521581","73.06","13.73","0","Moving Up","","",,="5/9","<1","false","Swing"
"AJG","Arthur J. Gallagher & Co. Common Stock","Financials","Insurance Brokers","263.81","80.01","Buy","Aug 24, 2026","Uptrend","Jun 23, 2026","1307338.63","194.11","2.44","1.62","Moving Up","","",,="5/9","<1","false","Swing"
"ALC","Alcon Inc. Ordinary Shares","Health Care","Medical Instruments & Supplies","73.63","84.37","Sell","Aug 24, 2026","Uptrend","Jul 28, 2026","2140774.9","-25.92","1.14","0.96","Moving Down","","",,="5/9","<1","false","Swing"
"AOS","A.O. Smith Corporation Common Stock","Industrials","Specialty Industrial Machinery","63.08","53.13","Buy","Aug 24, 2026","Uptrend","Aug 19, 2026","1552927.97","-28.92","0.19","1.04","Moving Up","","",,="5/9","<1","false","Swing"
"APO","Apollo Global Management, Inc. (New) Common Stock","Financials","Asset Management","132.69","76.1","Sell","Aug 24, 2026","Uptrend","Aug 03, 2026","3955659","126.26","1.78","2.08","Moving Down","","",,="3/9","<1","false","Swing"
"ARE","Alexandria Real Estate Equities, Inc. Common Stock","Real Estate","REIT - Office","53.49","58.03","Buy","Aug 24, 2026","Uptrend","Aug 21, 2026","1859330.53","74.62","6.72","1.04","Moving Up","","",,="6/9","<1","false","Swing"
"AVAV","AeroVironment, Inc. Common Stock","Industrials","Aerospace & Defense","160.22","71.1","Sell","Aug 24, 2026","Neutral","Aug 20, 2026","1263145.37","207.55","4.03","0.27","Moving Down","","",,="2/9","<1","false","Swing"
"BAH","Booz Allen Hamilton Holding Corporation Common Stock","Industrials","Consulting Services","77.05","84.64","Sell","Aug 24, 2026","Uptrend","Jul 31, 2026","2055376.33","-90.29","0.03","0.9","Moving Down","","",,="3/9","<1","false","Swing"
"BBIO","BridgeBio Pharma, Inc. Common Stock","Health Care","Biotechnology","81.5","49.73","Sell","Aug 24, 2026","Uptrend","Jun 23, 2026","2225181.5","19.41","0.97","-1.74","Moving Down","","",,="5/9","<1","false","Swing"
"BEAM","Beam Therapeutics Inc. Common Stock","Health Care","Biotechnology","29.76","48.31","Buy","Aug 24, 2026","Uptrend","Aug 21, 2026","1908255.87","-114.21","0.33","4.83","Moving Up","","",,="7/9","<1","false","Swing"
"BEKE","KE Holdings Inc American Depositary Shares (each representing three Class A Ordinary Shares)","Real Estate","Real Estate Services","17.75","55.33","Buy","Aug 24, 2026","Uptrend","Jul 27, 2026","3282428.33","34.61","8.49","4.47","Moving Up","","",,="7/9","<1","false","Swing"
"BEP","Brookfield Renewable Partners L.P. Limited Partnership Units","Utilities","Utilities - Renewable","32.77","67.1","Sell","Aug 24, 2026","Neutral","Aug 18, 2026","1027441.8","43.77","2.94","-0.46","Moving Down","","",,="2/9","<1","false","Swing"
"BGC","BGC Group, Inc. Class A Common Stock","Financials","Capital Markets","11.85","45.65","Buy","Aug 24, 2026","Uptrend","Aug 21, 2026","2617136.3","-170.49","0.13","8.92","Moving Up","","",,="4/9","<1","false","Swing"
"BL","BlackLine, Inc. Common Stock","Technology","Software - Application","31.83","55.43","Buy","Aug 24, 2026","Uptrend","Aug 18, 2026","1053199.83","-74.73","3.58","-0.28","Moving Up","","",,="4/9","<1","false","Swing"
"BNY","The Bank of New York Mellon Corporation Common Stock","Financials","Banks - Diversified","158.49","82.3","Sell","Aug 24, 2026","Uptrend","Apr 01, 2026","3049750.8","110.54","0.86","0.79","Moving Down","","",,="3/9","<1","false","Swing"
"BRKR","Bruker Corporation Common Stock","Health Care","Medical Devices","59.56","70.93","Buy","Aug 24, 2026","Uptrend","Aug 21, 2026","2265461.4","48.74","9.39","-0.6","Moving Up","","",,="7/9","<1","false","Swing"
"CELC","Celcuity Inc. Common Stock","Health Care","Biotechnology","93.53","28.97","Buy","Aug 24, 2026","Neutral","Aug 21, 2026","1382961.23","62.95","0.4","3.27","Moving Up","","",,="6/9","<1","false","Swing"
"CIEN","Ciena Corporation Common Stock","Technology","Communication Equipment","395.79","61.4","Sell","Aug 24, 2026","Downtrend","Aug 21, 2026","2090602.37","504.84","1.68","0.84","Moving Down","","",,="2/9","<1","false","Swing"
"CLX","Clorox Company (The) Common Stock","Staples","Household & Personal Products","106.69","79.71","Sell","Aug 24, 2026","Uptrend","Aug 03, 2026","2583799.2","-69.37","1.26","0.61","Moving Down","","",,="3/9","<1","false","Swing"
"CME","CME Group Inc. Class A Common Stock","Financials","Financial Data & Stock Exchanges","274.98","82.52","Buy","Aug 24, 2026","Uptrend","Jul 24, 2026","2201683.7","5.73","0.37","1.52","Moving Up","","",,="5/9","<1","false","Swing"
"CMG","Chipotle Mexican Grill, Inc. Common Stock","Discretionary","Restaurants","36.9","46.07","Buy","Aug 24, 2026","Uptrend","Aug 20, 2026","18884611.63","79.29","2.04","4.56","Moving Up","","",,="5/9","<1","false","Swing"
"CNH","CNH Industrial N.V. Common Shares","Industrials","Farm & Heavy Construction Machinery","11.87","56.71","Buy","Aug 24, 2026","Uptrend","Aug 21, 2026","14682983.5","-57.08","0.02","8.4","Moving Up","","",,="4/9","<1","false","Swing"
"COST","Costco Wholesale Corporation Common Stock","Staples","Discount Stores","947.74","53.68","Sell","Aug 24, 2026","Neutral","Aug 20, 2026","1894031.07","259.14","2.89","1.52","Moving Down","","",,="2/9","<1","false","Swing"
"CWEN","Clearway Energy, Inc. Class C Common Stock","Utilities","Utilities - Renewable","32.56","55.34","Sell","Aug 24, 2026","Downtrend","Aug 21, 2026","1133928.23","104.4","5.7","-0.25","Moving Down","","",,="2/9","<1","false","Swing"
"DASH","DoorDash, Inc. Class A Common Stock","Discretionary","Internet Retail","223.49","83.17","Buy","Aug 24, 2026","Uptrend","Jul 28, 2026","4091346.3","187.28","3.75","0.51","Moving Up","","",,="5/9","<1","false","Swing"
"DLR","Digital Realty Trust, Inc. Common Stock","Real Estate","REIT - Specialty","190.62","74.15","Sell","Aug 24, 2026","Uptrend","Jul 24, 2026","2557693.2","-31.89","0.26","-1.89","Moving Down","","","true",="5/9","<1","false","Swing"
"DYN","Dyne Therapeutics, Inc. Common Stock","Health Care","Biotechnology","26.1","61.8","Buy","Aug 24, 2026","Uptrend","Jun 15, 2026","2337950.03","217.45","4.69","0.46","Moving Up","","",,="7/9","<1","false","Swing"
"EPD","Enterprise Products Partners L.P. Common Stock","Energy","Oil & Gas Midstream","38.01","74.48","Sell","Aug 24, 2026","Uptrend","Aug 14, 2026","3278539.73","-16","0.31","-1.09","Moving Down","","",,="5/9","<1","false","Swing"
"ETN","Eaton Corporation, PLC Ordinary Shares","Industrials","Specialty Industrial Machinery","419.2","65.17","Sell","Aug 24, 2026","Neutral","Aug 20, 2026","2204888","137.26","0.88","0.94","Moving Down","","",,="2/9","<1","false","Swing"
"GBDC","Golub Capital BDC, Inc. Common Stock","Financials","Asset Management","13.2","80.09","Sell","Aug 24, 2026","Uptrend","Aug 06, 2026","1056560.2","-10.83","4.61","-0.08","Moving Down","","",,="3/9","<1","false","Swing"
"GLW","Corning Incorporated Common Stock","Technology","Electronic Components","149.84","41.77","Sell","Aug 24, 2026","Downtrend","Aug 19, 2026","12388026.5","242.47","1.63","-1.06","Moving Up","","",,="3/9","<1","false","Swing"
"GSK","GSK plc American Depositary Shares (Each representing two Ordinary Shares)","Health Care","Drug Manufacturers - General","52.41","39.37","Buy","Aug 24, 2026","Uptrend","Aug 21, 2026","4165928.33","31.7","7.2","0.87","Moving Up","","",,="6/9","<1","false","Swing"
"HAS","Hasbro, Inc. Common Stock","Discretionary","Leisure","93.54","77.43","Sell","Aug 24, 2026","Uptrend","Jul 21, 2026","2047401.4","-32.8","0.63","-0.02","Moving Down","","",,="2/9","<1","false","Swing"
"HCA","HCA Healthcare, Inc. Common Stock","Health Care","Medical Care Facilities","429.19","50.42","Buy","Aug 24, 2026","Uptrend","Jul 31, 2026","1572302.27","104.49","1.46","5.64","Moving Up","","",,="6/9","<1","false","Swing"
"HIMS","Hims & Hers Health, Inc. Class A Common Stock","Health Care","Drug Manufacturers - Specialty & Generic","33.78","48.07","Buy","Aug 24, 2026","Uptrend","Aug 21, 2026","14228894.77","983","7.26","6.03","Moving Up","","",,="7/9","<1","false","Swing"
"HLF","Herbalife Ltd. Common Shares","Staples","Packaged Foods","12.65","45.72","Buy","Aug 24, 2026","Uptrend","Aug 21, 2026","1515751.37","-37.7","7.36","4.12","Moving Up","","",,="5/9","<1","false","Swing"
"HOOD","Robinhood Markets, Inc. Class A Common Stock","Financials","Capital Markets","108.13","47.32","Buy","Aug 24, 2026","Uptrend","Aug 21, 2026","19577581.8","753.23","2.35","13.7","Moving Up","","",,="4/9","<1","false","Swing"
"HPQ","HP Inc. Common Stock","Technology","Computer Hardware","29.71","88.08","Sell","Aug 24, 2026","Uptrend","Jul 13, 2026","14210273.7","-85.93","0.14","0.81","Moving Down","","",,="3/9","<1","false","Swing"
"ICE","Intercontinental Exchange Inc. Common Stock","Financials","Financial Data & Stock Exchanges","161.25","84.68","Buy","Aug 24, 2026","Uptrend","Jul 22, 2026","3876605.47","98.23","3.54","1.66","Moving Up","","",,="4/9","<1","false","Swing"
"ILMN","Illumina, Inc. Common Stock","Health Care","Diagnostics & Research","219.4","71.22","Buy","Aug 24, 2026","Uptrend","May 01, 2026","1869463.53","-1.53","68.98","2.89","Moving Up","","",,="7/9","<1","false","Swing"
"IMAX","Imax Corporation Common Stock","Communication","Entertainment","52.74","94.4","Sell","Aug 24, 2026","Uptrend","Jul 23, 2026","1533891.2","205.48","3.89","0","Moving Down","","",,="3/9","<1","false","Swing"
"IOT","Samsara Inc. Class A Common Stock","Technology","Software - Infrastructure","39.94","79.51","Buy","Aug 24, 2026","Uptrend","Jul 27, 2026","5154818.73","20.83","32.38","2.46","Moving Up","","",,="5/9","<1","false","Swing"
"IRM","Iron Mountain Incorporated (Delaware)Common Stock REIT","Real Estate","REIT - Specialty","122.02","48.47","Sell","Aug 24, 2026","Downtrend","Aug 21, 2026","1813878.9","163.3","1.13","-0.75","Moving Down","","","true",="4/9","<1","false","Swing"
"JHX","James Hardie Industries plc. Ordinary Shares","Materials","Building Materials","30.43","80.02","Sell","Aug 24, 2026","Uptrend","May 27, 2026","7130031.43","-92.37","0.14","1.33","Moving Down","","",,="4/9","<1","false","Swing"
"KBR","KBR, Inc. Common Stock","Industrials","Engineering & Construction","38.58","76.93","Buy","Aug 24, 2026","Uptrend","Jul 31, 2026","1572617.7","-165.01","0.05","1.79","Moving Up","","",,="4/9","<1","false","Swing"
"KMI","Kinder Morgan, Inc. Common Stock","Energy","Oil & Gas Midstream","30.98","46.93","Sell","Aug 24, 2026","Downtrend","Aug 21, 2026","9847666.97","61.75","1.68","-1.99","Moving Down","","",,="4/9","<1","false","Swing"
"KMX","CarMax Inc","Discretionary","Auto & Truck Dealerships","62.13","78.15","Buy","Aug 24, 2026","Uptrend","May 27, 2026","2360702.6","11.73","4.24","1.77","Moving Up","","",,="4/9","<1","false","Swing"
"LBTYA","Liberty Global Ltd. Class A Common Shares","Communication","Telecom Services","10.65","47.67","Buy","Aug 24, 2026","Neutral","Aug 21, 2026","2437078.43","-53.1","3.26","0.09","Moving Up","","",,="3/9","<1","false","Swing"
"LBTYK","Liberty Global Ltd. Class C Common Shares","Communication","Telecom Services","10.41","50.64","Buy","Aug 24, 2026","Neutral","Aug 21, 2026","1383284.67","-63.32","2.87","1.07","Moving Up","","",,="4/9","<1","false","Swing"
"LYV","Live Nation Entertainment, Inc. Common Stock","Communication","Entertainment","181.82","68.1","Sell","Aug 24, 2026","Uptrend","Aug 03, 2026","1905052.57","3.95","0.06","-0.11","Moving Down","","",,="3/9","<1","false","Swing"
"MDB","MongoDB, Inc. Class A Common Stock","Technology","Software - Infrastructure","430.83","76.19","Sell","Aug 24, 2026","Uptrend","Aug 03, 2026","1437718.87","-24.49","0.31","2.49","Moving Down","","",,="3/9","<1","false","Swing"
"MUR","Murphy Oil Corporation Common Stock","Energy","Oil & Gas E&P","37.41","48.74","Buy","Aug 24, 2026","Uptrend","Aug 21, 2026","1761743.53","2.41","0.12","-2.27","Moving Up","","",,="6/9","<1","false","Swing"
"NEOG","Neogen Corporation Common Stock","Health Care","Medical Devices","11.95","78.76","Sell","Aug 24, 2026","Uptrend","Jul 30, 2026","2066661.87","-20.74","9.69","1.01","Moving Down","","",,="5/9","<1","false","Swing"
"NOMD","Nomad Foods Limited Ordinary Shares","Staples","Packaged Foods","11.81","65.12","Buy","Aug 24, 2026","Uptrend","Aug 21, 2026","1746404","-11","17.78","1.72","Moving Up","","",,="6/9","<1","false","Swing"
"NSC","Norfolk Southern Corporation Common Stock","Industrials","Railroads","350.72","71.32","Buy","Aug 24, 2026","Uptrend","Jun 29, 2026","1124974.83","127.29","3.82","1.18","Moving Up","","",,="5/9","<1","false","Swing"
"NVDA","NVIDIA Corporation Common Stock","Technology","Semiconductors","214.72","57.58","Sell","Aug 24, 2026","Uptrend","Aug 05, 2026","116338152.43","173.11","0.13","-0.98","Moving Down","","","true",="3/9","<1","false","Swing"
"PANW","Palo Alto Networks, Inc. Common Stock","Technology","Software - Infrastructure","357.87","81.77","Sell","Aug 24, 2026","Uptrend","Apr 16, 2026","5753590.7","-15.5","0.37","2.38","Moving Down","","",,="3/9","<1","false","Swing"
"PCOR","Procore Technologies, Inc. Common Stock","Technology","Software - Application","63.49","81.27","Buy","Aug 24, 2026","Uptrend","Jul 27, 2026","3516076.1","-65.61","0.2","0.33","Moving Up","","",,="5/9","<1","false","Swing"
"PGR","Progressive Corporation (The) Common Stock","Financials","Insurance - Property & Casualty","219.28","35.34","Buy","Aug 24, 2026","Uptrend","Aug 21, 2026","2870754.9","163.03","2.09","-0.48","Moving Up","","",,="5/9","<1","false","Swing"
"PGY","Pagaya Technologies Ltd. Class A Ordinary Shares","Technology","Software - Infrastructure","21.68","60.1","Buy","Aug 24, 2026","Uptrend","Jul 30, 2026","2835507.17","134.74","6.61","7.11","Moving Up","","",,="5/9","<1","false","Swing"
"RELY","Remitly Global, Inc. Common Stock","Technology","Software - Infrastructure","26.67","74.37","Buy","Aug 24, 2026","Uptrend","Jun 24, 2026","3019060.97","14.86","1.65","7.93","Moving Up","","",,="4/9","<1","false","Swing"
"RTX","RTX Corporation Common Stock","Industrials","Aerospace & Defense","209.91","83.37","Sell","Aug 24, 2026","Uptrend","Jun 23, 2026","4842228.93","118.05","1.4","-1.12","Moving Down","","",,="3/9","<1","false","Swing"
"RYAN","Ryan Specialty Holdings, Inc. Class A Common Stock","Financials","Insurance - Specialty","43.28","78.25","Buy","Aug 24, 2026","Uptrend","Aug 20, 2026","1901139.5","-25.21","1.16","0.56","Moving Up","","",,="5/9","<1","false","Swing"
"SBLK","Star Bulk Carriers Corp. Common Shares","Industrials","Marine Shipping","30.5","69.47","Buy","Aug 24, 2026","Uptrend","Jul 21, 2026","1368690.03","234.15","2.12","1.46","Moving Up","","",,="5/9","<1","false","Swing"
"SCHW","Charles Schwab Corporation (The) Common Stock","Financials","Capital Markets","112.3","80.5","Sell","Aug 24, 2026","Uptrend","Jun 30, 2026","7431990.93","123.46","2.37","2.29","Moving Down","","",,="3/9","<1","false","Swing"
"SHOP","Shopify Inc. Class A Subordinate Voting Shares","Technology","Software - Application","149.25","90.2","Sell","Aug 24, 2026","Uptrend","Aug 04, 2026","9719334.87","-50.24","0.14","1.41","Moving Down","","",,="3/9","<1","false","Swing"
"SLS","SELLAS Life Sciences Group, Inc. Common Stock","Health Care","Biotechnology","15.46","54.1","Buy","Aug 24, 2026","Uptrend","Aug 13, 2026","6605752.5","504.21","4.75","15.37","Moving Up","","",,="7/9","<1","false","Swing"
"SMTC","Semtech Corporation Common Stock","Technology","Semiconductors","124.09","61.99","Sell","Aug 24, 2026","Downtrend","Aug 21, 2026","2283422.07","181.8","4.27","-0.63","Moving Up","","",,="3/9","<1","false","Swing"
"SNPS","Synopsys, Inc. Common Stock","Technology","Software - Infrastructure","397.87","53.52","Sell","Aug 24, 2026","Downtrend","Aug 20, 2026","1755775.13","179.42","2.79","-0.01","Moving Up","","",,="3/9","<1","false","Swing"
"SPGI","S&P Global Inc. Common Stock","Financials","Financial Data & Stock Exchanges","431.29","43.58","Buy","Aug 24, 2026","Uptrend","Aug 20, 2026","1917951.73","136.76","6.1","-0.2","Moving Up","","",,="5/9","<1","false","Swing"
"SUI","Sun Communities, Inc. Common Stock","Real Estate","REIT - Residential","121.66","54.35","Buy","Aug 24, 2026","Neutral","Aug 21, 2026","2235632.93","-35.17","1.19","-0.52","Moving Up","","",,="5/9","<1","false","Swing"
"SYF","Synchrony Financial Common Stock","Financials","Credit Services","79.47","70.93","Sell","Aug 24, 2026","Uptrend","Jul 28, 2026","3447677.87","169.09","3.94","3.6","Moving Down","","",,="2/9","<1","false","Swing"
"TGT","Target Corporation Common Stock","Staples","Discount Stores","165.44","84.33","Buy","Aug 24, 2026","Uptrend","Jul 08, 2026","4046632.17","53.1","4.83","4.54","Moving Up","","","true",="5/9","<1","false","Swing"
"TNDM","Tandem Diabetes Care, Inc. Common Stock","Health Care","Medical Devices","22.32","87.2","Sell","Aug 24, 2026","Uptrend","Jul 17, 2026","2085765.53","-53.36","3.76","-1.11","Moving Down","","",,="5/9","<1","false","Swing"
"TOST","Toast, Inc. Class A Common Stock","Technology","Software - Infrastructure","36.64","86.53","Buy","Aug 24, 2026","Uptrend","Jun 25, 2026","9597599.9","156.27","3.96","3.74","Moving Up","","",,="4/9","<1","false","Swing"
"TSLA","Tesla, Inc. Common Stock","Discretionary","Auto Manufacturers","362.86","38.1","Buy","Aug 24, 2026","Uptrend","Aug 21, 2026","37033458.37","1352.54","7.32","5.14","Moving Up","","",,="5/9","<1","false","Swing"
"TTEK","Tetra Tech, Inc. Common Stock","Industrials","Engineering & Construction","37","86.1","Sell","Aug 24, 2026","Uptrend","Jul 01, 2026","2914248.8","36.89","0.89","1.18","Moving Down","","",,="3/9","<1","false","Swing"
"VREX","Varex Imaging Corporation Common Stock","Health Care","Medical Devices","18.51","96.7","Sell","Aug 24, 2026","Uptrend","Jul 23, 2026","1080027.73","7.64","5.18","0.11","Moving Down","","",,="5/9","<1","false","Swing"
"WMB","Williams Companies, Inc. (The) Common Stock","Energy","Oil & Gas Midstream","70.49","43.87","Sell","Aug 24, 2026","Downtrend","Aug 21, 2026","6423875.07","4.81","0.05","-1.66","Moving Down","","",,="4/9","<1","false","Swing"
"WYNN","Wynn Resorts, Limited Common stock","Discretionary","Resorts & Casinos","100.28","66.87","Sell","Aug 24, 2026","Neutral","Aug 19, 2026","1477895.43","-0.68","146.34","0.68","Moving Down","","",,="2/9","<1","false","Swing"
"ZTS","Zoetis Inc. Class A Common Stock","Health Care","Drug Manufacturers - Specialty & Generic","77.73","55.44","Buy","Aug 24, 2026","Downtrend","Aug 07, 2026","6442634.53","-59.16","1.99","3.61","Moving Up","","",,="5/9","<1","false","Swing"
"ADI","Analog Devices, Inc. Common Stock","Technology","Semiconductors","373.09","57.54","Sell","Aug 21, 2026","Downtrend","Aug 19, 2026","3813543.6","154.31","2.02","0.77","Moving Up","","",,="3/9","<1","false","Swing"
"AMH","American Homes 4 Rent Common Shares of Beneficial Interest","Real Estate","REIT - Residential","34.35","72.1","Buy","Aug 21, 2026","Uptrend","Jun 23, 2026","2086488.13","-76.02","0.1","-0.06","Moving Up","","",,="7/9","<1","false","Swing"
"ANET","Arista Networks, Inc. Common Stock","Technology","Computer Hardware","188.65","69.5","Sell","Aug 21, 2026","Uptrend","Jul 31, 2026","7542531.63","-448.01","0.28","2.67","Moving Down","","",,="3/9","<1","false","Swing"
"ARES","Ares Management Corporation Class A Common Stock","Financials","Asset Management","141.25","84.82","Sell","Aug 21, 2026","Uptrend","Jul 24, 2026","2215840.27","82.14","0.69","0.73","Moving Down","","",,="3/9","<1","false","Swing"
"AVT","Avnet, Inc. Common Stock","Technology","Electronics & Computer Distribution","88.64","78.54","Sell","Aug 21, 2026","Neutral","Aug 19, 2026","1183913.93","67.04","1.59","2.01","Moving Down","","",,="2/9","<1","false","Swing"
"BF/B","Brown Forman Inc Class B Common Stock","Staples","Beverages - Wineries & Distilleries","28.44","80.42","Buy","Aug 21, 2026","Uptrend","Aug 19, 2026","2191749.37","-22.01","6.14","0.11","Moving Up","","",,="5/9","<1","false","Swing"
"BKNG","Booking Holdings Inc. Common Stock","Discretionary","Travel Services","209.62","85.71","Sell","Aug 21, 2026","Uptrend","Jul 24, 2026","5634385.63","40.26","0.71","-0.12","Moving Down","","",,="3/9","<1","false","Swing"
"BLMN","Bloomin' Brands, Inc. Common Stock","Discretionary","Restaurants","11.63","92.26","Sell","Aug 21, 2026","Uptrend","Jul 27, 2026","1968644.1","-64.19","2.49","10.97","Moving Down","","",,="3/9","<1","false","Swing"
"BSX","Boston Scientific Corporation Common Stock","Health Care","Medical Devices","50.37","69.19","Sell","Aug 21, 2026","Uptrend","Aug 06, 2026","19441944.1","-54.5","0.05","2.03","Moving Down","","",,="5/9","<1","false","Swing"
"BX","Blackstone Inc. Common Stock","Financials","Asset Management","143.38","82.42","Sell","Aug 21, 2026","Uptrend","Jul 09, 2026","4651657.47","134.64","2.22","1.44","Moving Down","","",,="3/9","<1","false","Swing"
"C","Citigroup, Inc. Common Stock","Financials","Banks - Diversified","131.65","55.01","Sell","Aug 21, 2026","Downtrend","Aug 20, 2026","10625589.4","97.93","4.02","1.53","Moving Down","","",,="2/9","<1","false","Swing"
"CE","Celanese Corporation Common Stock","Materials","Chemicals","46.8","50.74","Buy","Aug 21, 2026","Neutral","Aug 20, 2026","1834119.43","-20.11","10.23","-0.38","Moving Up","","",,="4/9","<1","false","Swing"
"CFG","Citizens Financial Group, Inc. Common Stock","Financials","Banks - Regional","69.86","61.19","Sell","Aug 21, 2026","Downtrend","Aug 21, 2026","3598378.77","112.36","4.13","0.22","Moving Down","","",,="2/9","<1","false","Swing"
"CHWY","Chewy, Inc. Class A Common Stock","Discretionary","Internet Retail","24.02","61.07","Buy","Aug 21, 2026","Uptrend","Jul 27, 2026","7011309.07","-43.27","7.33","0.59","Moving Up","","",,="5/9","<1","false","Swing"
"CNC","Centene Corporation Common Stock","Health Care","Healthcare Plans","65.02","74.96","Sell","Aug 21, 2026","Uptrend","Aug 10, 2026","4573022.2","5.44","3.27","1.37","Moving Down","","",,="4/9","<1","false","Swing"
"COF","Capital One Financial Corporation Common Stock","Financials","Credit Services","217.91","76.69","Sell","Aug 21, 2026","Uptrend","Jul 09, 2026","3713248.5","69.45","1.63","2.56","Moving Down","","",,="3/9","<1","false","Swing"
"COHR","Coherent Corp. Common Stock","Technology","Scientific & Technical Instruments","289.52","46.23","Sell","Aug 21, 2026","Downtrend","Aug 20, 2026","6377660.27","-226.24","0.27","-0.18","Moving Down","","",,="2/9","<1","false","Swing"
"COIN","Coinbase Global, Inc. Class A Common Stock","Financials","Financial Data & Stock Exchanges","186.49","63.58","Buy","Aug 21, 2026","Uptrend","Aug 20, 2026","8537686.63","16.89","14.68","8.2","Moving Up","","",,="5/9","<1","false","Swing"
"COLB","Columbia Banking System, Inc. Common Stock","Financials","Banks - Regional","30.81","53.79","Sell","Aug 21, 2026","Downtrend","Aug 20, 2026","2983901.97","37.03","8.33","-0.1","Moving Down","","",,="2/9","<1","false","Swing"
"COLD","Americold Realty Trust, Inc. Common Stock","Real Estate","REIT - Industrial","15.25","73.48","Buy","Aug 21, 2026","Uptrend","Aug 20, 2026","3705797.53","-23.98","8.2","1.53","Moving Up","","",,="7/9","<1","false","Swing"
"DB","Deutsche Bank AG Common Stock","Financials","Banks - Regional","37.82","56.36","Sell","Aug 21, 2026","Uptrend","Jul 24, 2026","1813987.17","187.03","1.28","0.69","Moving Down","","",,="3/9","<1","false","Swing"
"DD","DuPont de Nemours, Inc. Common Stock","Materials","Specialty Chemicals","138.33","54.47","Sell","Aug 21, 2026","Downtrend","Aug 21, 2026","1474362.6","89.6","2.43","-0.09","Moving Down","","",,="3/9","<1","false","Swing"
"DELL","Dell Technologies Inc. Class C Common Stock ","Technology","Computer Hardware","442.08","63.52","Sell","Aug 21, 2026","Uptrend","Aug 04, 2026","5926861.97","119.87","0.47","1.68","Moving Down","","","true",="3/9","<1","false","Swing"
"DNLI","Denali Therapeutics Inc. Common Stock","Health Care","Biotechnology","24.92","64.74","Buy","Aug 21, 2026","Uptrend","Aug 06, 2026","1557372.57","-76.63","0.1","-0.12","Moving Up","","",,="7/9","<1","false","Swing"
"DNOW","DNOW Inc. Common Stock","Industrials","Industrial Distribution","15.68","89.23","Sell","Aug 21, 2026","Uptrend","Jul 30, 2026","2568655.3","-99.52","0.1","0.9","Moving Down","","",,="3/9","<1","false","Swing"
"EQH","Equitable Holdings, Inc. Common Stock","Financials","Asset Management","48.9","80.06","Sell","Aug 21, 2026","Uptrend","Jun 11, 2026","2760552.3","-51.7","0.17","0.31","Moving Down","","",,="3/9","<1","false","Swing"
"EXE","Expand Energy Corporation Common Stock","Energy","Oil & Gas E&P","96.09","65.56","Buy","Aug 21, 2026","Uptrend","Aug 06, 2026","3280209.23","-19.25","0.19","0.02","Moving Up","","",,="7/9","<1","false","Swing"
"FCEL","FuelCell Energy, Inc. Common Stock","Industrials","Electrical Equipment & Parts","19.54","59.21","Sell","Aug 21, 2026","Downtrend","Aug 19, 2026","9415014.63","-44.73","5.41","6.43","Moving Up","","",,="3/9","<1","false","Swing"
"FIBK","First Interstate BancSystem, Inc. Common Stock (DE)","Financials","Banks - Regional","37.49","57.55","Sell","Aug 21, 2026","Downtrend","Aug 20, 2026","1187165.83","-29.22","0.22","-0.85","Moving Down","","",,="2/9","<1","false","Swing"
"GIL","Gildan Activewear, Inc. Class A Sub. Vot. Common Stock","Discretionary","Apparel Manufacturing","56.17","79.28","Sell","Aug 21, 2026","Uptrend","Aug 03, 2026","1339767.23","91.01","2.95","1.3","Moving Down","","",,="3/9","<1","false","Swing"
"GPC","Genuine Parts Company Common Stock","Discretionary","Auto Parts","133.96","92.52","Sell","Aug 21, 2026","Uptrend","Jun 12, 2026","1440267.47","-18.08","0.26","0.78","Moving Down","","",,="3/9","<1","false","Swing"
"HBAN","Huntington Bancshares Incorporated Common Stock","Financials","Banks - Regional","17.03","51.94","Sell","Aug 21, 2026","Downtrend","Aug 20, 2026","24986669.5","49.62","6.39","0.12","Moving Down","","",,="2/9","<1","false","Swing"
"HPE","Hewlett Packard Enterprise Company Common Stock","Technology","Communication Equipment","53.45","80.08","Sell","Aug 21, 2026","Uptrend","Jul 09, 2026","16146785.53","398.22","2.55","1.06","Moving Down","","",,="3/9","<1","false","Swing"
"HSIC","Henry Schein, Inc. Common Stock","Health Care","Medical Distribution","88.5","73.38","Sell","Aug 21, 2026","Uptrend","May 27, 2026","1275335.07","-37.79","0.15","0.05","Moving Down","","",,="5/9","<1","false","Swing"
"HTGC","Hercules Capital, Inc. Common Stock","Financials","Asset Management","17.13","84.88","Buy","Aug 21, 2026","Uptrend","Jul 27, 2026","1591097","241.58","6.87","0.59","Moving Up","","",,="5/9","<1","false","Swing"
"INCY","Incyte Corp. Common Stock","Health Care","Biotechnology","127.81","67.2","Buy","Aug 21, 2026","Uptrend","Jun 22, 2026","1726412.1","50.68","3.21","0.46","Moving Up","","",,="7/9","<1","false","Swing"
"INVH","Invitation Homes Inc. Common Stock","Real Estate","REIT - Residential","30.11","72.29","Buy","Aug 21, 2026","Uptrend","Aug 19, 2026","3846126.07","-49.95","1.79","-0.53","Moving Up","","",,="7/9","<1","false","Swing"
"IONS","Ionis Pharmaceuticals, Inc. Common Stock","Health Care","Biotechnology","59.74","22.14","Buy","Aug 21, 2026","Neutral","Aug 20, 2026","2981889.43","-52.71","0.1","1.67","Moving Up","","",,="6/9","<1","false","Swing"
"IVZ","Invesco Ltd Common Stock","Financials","Asset Management","32.02","80.41","Sell","Aug 21, 2026","Uptrend","Jul 30, 2026","4857059.27","115.78","3.72","2.1","Moving Down","","",,="3/9","<1","false","Swing"
"JBL","Jabil Inc. Common Stock","Technology","Electronic Components","313.21","76.29","Sell","Aug 21, 2026","Downtrend","Aug 21, 2026","1048664.67","234.5","0.92","-1.09","Moving Down","","",,="2/9","<1","false","Swing"
"JCI","Johnson Controls International plc Ordinary Share","Industrials","Building Products & Equipment","143.05","69.89","Sell","Aug 21, 2026","Downtrend","Aug 21, 2026","3406593.07","222.15","2.28","-0.08","Moving Down","","",,="2/9","<1","false","Swing"
"KDP","Keurig Dr Pepper Inc. Common Stock","Staples","Beverages - Non-Alcoholic","32.04","66.8","Buy","Aug 21, 2026","Uptrend","Aug 20, 2026","12069608.73","-104.08","0.07","1.2","Moving Up","","",,="5/9","<1","false","Swing"
"KEYS","Keysight Technologies Inc. Common Stock","Technology","Scientific & Technical Instruments","316.13","65.06","Sell","Aug 21, 2026","Downtrend","Aug 21, 2026","1333765.47","31.45","0.39","-0.12","Moving Down","","",,="2/9","<1","false","Swing"
"KKR","KKR & Co. Inc. Common Stock","Financials","Asset Management","108.48","73.35","Sell","Aug 21, 2026","Uptrend","Jul 24, 2026","4616140.67","218.86","2.09","1.36","Moving Down","","",,="3/9","<1","false","Swing"
"LAZ","Lazard, Inc. Common Stock","Financials","Capital Markets","44.15","70.79","Sell","Aug 21, 2026","Uptrend","Aug 21, 2026","1677706.07","-98.54","0.04","3.23","Moving Down","","",,="3/9","<1","false","Swing"
"LMT","Lockheed Martin Corporation Common Stock","Industrials","Aerospace & Defense","563.57","74.62","Sell","Aug 21, 2026","Uptrend","Jul 23, 2026","1146645.53","-9.46","0.26","-1.38","Moving Down","","",,="3/9","<1","false","Swing"
"LUNR","Intuitive Machines, Inc. Class A Common Stock","Industrials","Aerospace & Defense","18.32","50.51","Sell","Aug 21, 2026","Neutral","Aug 20, 2026","10468445.87","-128.85","0.23","2.18","Moving Down","","",,="2/9","<1","false","Swing"
"MFG","Mizuho Financial Group, Inc. Sponosred ADR (Japan)","Financials","Banks - Regional","10.28","67.87","Sell","Aug 21, 2026","Uptrend","Aug 21, 2026","3474631.63","76.05","0.84","1.48","Moving Down","","",,="3/9","<1","false","Swing"
"MNDY","monday.com Ltd. Ordinary Shares","Technology","Software - Application","90.73","79.38","Buy","Aug 21, 2026","Uptrend","Jul 28, 2026","1608402.97","22.35","5.64","-0.62","Moving Up","","",,="4/9","<1","false","Swing"
"MP","MP Materials Corp. Common Stock","Materials","Other Industrial Metals & Mining","60.05","45.96","Sell","Aug 21, 2026","Uptrend","Aug 10, 2026","6650571.13","62.93","2.09","9.1","Moving Down","","",,="3/9","<1","false","Swing"
"MS","Morgan Stanley Common Stock","Financials","Capital Markets","214.2","55.49","Sell","Aug 21, 2026","Neutral","Aug 21, 2026","5387223","169.68","1.35","3.25","Moving Down","","",,="1/9","<1","false","Swing"
"MSFT","Microsoft Corporation Common Stock","Technology","Software - Infrastructure","483.24","93.78","Sell","Aug 21, 2026","Uptrend","Jul 30, 2026","33727757.43","117.01","1.5","0.43","Moving Down","","","true",="3/9","<1","false","Swing"
"MSTR","Strategy Inc Common Stock Class A","Technology","Software - Application","119.25","41.86","Buy","Aug 21, 2026","Uptrend","Aug 20, 2026","18596555.3","2337.19","9.65","6.1","Moving Up","","",,="5/9","<1","false","Swing"
"MTCH","Match Group, Inc. Common Stock","Communication","Internet Content & Information","40.87","65.14","Buy","Aug 21, 2026","Uptrend","Aug 20, 2026","2976556.77","-50.82","6.61","1.29","Moving Up","","",,="4/9","<1","false","Swing"
"MTSI","MACOM Technology Solutions Holdings, Inc. Common Stock","Technology","Semiconductors","266.61","66.69","Sell","Aug 21, 2026","Downtrend","Aug 20, 2026","1440324.37","235.75","0.66","0.16","Moving Down","","",,="2/9","<1","false","Swing"
"MXL","MaxLinear, Inc. Common Stock","Technology","Semiconductors","66.61","55.4","Sell","Aug 21, 2026","Downtrend","Aug 18, 2026","3444325.53","294.38","5.25","2.04","Moving Up","","",,="3/9","<1","false","Swing"
"NVS","Novartis AG Common Stock","Health Care","Drug Manufacturers - General","158.86","50.05","Buy","Aug 21, 2026","Uptrend","Aug 19, 2026","1650619.87","-0.45","0.34","1.68","Moving Up","","",,="7/9","<1","false","Swing"
"NXE","Nexgen Energy Ltd. Common Shares","Energy","Uranium","10.86","57.31","Sell","Aug 21, 2026","Uptrend","Aug 05, 2026","5182535.6","37.15","0.14","6.26","Moving Down","","",,="5/9","<1","false","Swing"
"PAGP","Plains GP Holdings, L.P. Class A Units representing Limited Partner Interests","Energy","Oil & Gas Midstream","26.84","60.9","Buy","Aug 21, 2026","Uptrend","Aug 17, 2026","1532019.97","51.36","0.82","0.15","Moving Up","","",,="7/9","<1","false","Swing"
"PD","PagerDuty, Inc. Common Stock","Technology","Software - Application","12.32","85.29","Sell","Aug 21, 2026","Uptrend","Jul 28, 2026","1347482.07","-160.94","1.5","1.65","Moving Down","","",,="3/9","<1","false","Swing"
"PENG","Penguin Solutions, Inc. Common Stock","Technology","Information Technology Services","52.62","65.62","Sell","Aug 21, 2026","Downtrend","Aug 19, 2026","2791496.37","-266.11","0.11","2.89","Moving Down","","",,="2/9","<1","false","Swing"
"PK","Park Hotels & Resorts Inc. Common Stock ","Real Estate","REIT - Hotel & Motel","15.78","75.65","Buy","Aug 21, 2026","Uptrend","Aug 12, 2026","4019191.63","-116.02","0.49","-0.25","Moving Up","","",,="6/9","<1","false","Swing"
"RGNX","REGENXBIO Inc. Common Stock","Health Care","Biotechnology","10.72","55.53","Sell","Aug 21, 2026","Uptrend","Aug 14, 2026","1448771.27","-69.35","4.13","-3.07","Moving Down","","",,="5/9","<1","false","Swing"
"RITM","Rithm Capital Corp. Common Stock","Real Estate","REIT - Mortgage","10.19","81.7","Sell","Aug 21, 2026","Uptrend","Jul 28, 2026","5704351.3","-14.6","6.88","0.3","Moving Down","","",,="5/9","<1","false","Swing"
"ROKU","Roku, Inc. Class A Common Stock","Communication","Entertainment","157.49","59.52","Sell","Aug 21, 2026","Uptrend","Jun 12, 2026","2398777.67","-22.22","8.68","0.24","Moving Down","","",,="2/9","<1","false","Swing"
"SCCO","Southern Copper Corporation Common Stock","Materials","Copper","216","63.89","Buy","Aug 21, 2026","Uptrend","Jul 30, 2026","1173341.83","-123.47","0.29","8.69","Moving Up","","",,="5/9","<1","false","Swing"
"SHAK","Shake Shack, Inc. Class A Common Stock","Discretionary","Restaurants","75.82","80.43","Sell","Aug 21, 2026","Uptrend","Jul 30, 2026","1846609.27","-18.35","1.53","2.67","Moving Down","","",,="3/9","<1","false","Swing"
"SHW","Sherwin-Williams Company (The) Common Stock","Materials","Specialty Chemicals","346.59","86.25","Sell","Aug 21, 2026","Uptrend","Jul 28, 2026","1915327.57","94.23","2.73","-0.09","Moving Down","","",,="4/9","<1","false","Swing"
"TCOM","Trip.com Group Limited American Depositary Shares","Discretionary","Travel Services","46.11","53.46","Buy","Aug 21, 2026","Uptrend","Aug 19, 2026","2747716.3","-86.12","0.07","-0.69","Moving Up","","",,="5/9","<1","false","Swing"
"TD","Toronto Dominion Bank (The) Common Stock","Financials","Banks - Diversified","117.15","71.16","Sell","Aug 21, 2026","Downtrend","Aug 20, 2026","2014059.13","112.82","2.53","0.26","Moving Down","","",,="2/9","<1","false","Swing"
"TEAM","Atlassian Corporation Class A Common Stock","Technology","Software - Application","171.81","96.81","Sell","Aug 21, 2026","Uptrend","Jul 27, 2026","4980695.17","38.76","5","-1.77","Moving Down","","",,="2/9","<1","false","Swing"
"TRMB","Trimble Inc. Common Stock","Technology","Scientific & Technical Instruments","60.25","73.99","Buy","Aug 21, 2026","Uptrend","Aug 18, 2026","2665684.2","-24.85","0.23","0.96","Moving Up","","",,="5/9","<1","false","Swing"
"TRU","TransUnion Common Stock","Financials","Financial Data & Stock Exchanges","84.61","72.61","Buy","Aug 21, 2026","Uptrend","Jun 30, 2026","2053842.7","-131.67","0.03","-0.59","Moving Up","","",,="4/9","<1","false","Swing"
"TSEM","Tower Semiconductor Ltd. Ordinary Shares","Technology","Semiconductors","222.59","69.35","Sell","Aug 21, 2026","Downtrend","Aug 21, 2026","2009953.57","205.02","0.73","-0.53","Moving Down","","",,="2/9","<1","false","Swing"
"TTE","TotalEnergies SE Ordinary Shares","Energy","Oil & Gas Integrated","89.89","82.05","Buy","Aug 21, 2026","Uptrend","Jul 22, 2026","1517686.3","28.09","0.96","-1.11","Moving Down","","",,="6/9","<1","false","Swing"
"UNM","Unum Group Common Stock","Financials","Insurance - Life","87.77","66.74","Sell","Aug 21, 2026","Downtrend","Aug 21, 2026","1402155.73","72.63","0.78","0.94","Moving Down","","",,="2/9","<1","false","Swing"
"UNP","Union Pacific Corporation Common Stock","Industrials","Railroads","308.05","85.52","Buy","Aug 21, 2026","Uptrend","Jun 29, 2026","2966262.33","-10.4","0.35","1.34","Moving Up","","",,="5/9","<1","false","Swing"
"VLY","Valley National Bancorp Common Stock","Financials","Banks - Regional","14.16","57.28","Sell","Aug 21, 2026","Downtrend","Aug 20, 2026","6775550.03","37.23","3.05","0.28","Moving Down","","",,="2/9","<1","false","Swing"
"VNOM","Viper Energy, Inc. Class A Common Stock","Energy","Oil & Gas Midstream","45.27","35.7","Buy","Aug 21, 2026","Uptrend","Aug 20, 2026","1598903.6","-210.15","0.18","0.53","Moving Up","","",,="6/9","<1","false","Swing"
"WDAY","Workday, Inc. Class A Common Stock","Technology","Software - Application","200.01","97.8","Sell","Aug 21, 2026","Uptrend","Jul 24, 2026","4808428.63","8.02","1.02","1.36","Moving Down","","",,="3/9","<1","false","Swing"
"WMT","Walmart Inc. Common Stock","Staples","Discount Stores","103.7","36.96","Sell","Aug 21, 2026","Downtrend","Aug 20, 2026","24134712.2","48.08","0.64","-0.13","Moving Down","","","true",="3/9","<1","false","Swing"
"ZVRA","Zevra Therapeutics, Inc. Common Stock","Health Care","Biotechnology","11.87","59.93","Buy","Aug 21, 2026","Uptrend","Aug 19, 2026","1266153.63","66.53","2.62","-0.17","Moving Up","","",,="7/9","<1","false","Swing"
"AA","Alcoa Corporation Common Stock ","Materials","Aluminum","51.85","53.61","Sell","Aug 20, 2026","Neutral","Aug 12, 2026","5367588.67","-102.67","0.07","2.57","Moving Down","","",,="3/9","<1","false","Swing"
"ACN","Accenture plc Class A Ordinary Shares (Ireland)","Technology","Information Technology Services","185.28","91.5","Sell","Aug 20, 2026","Uptrend","Jul 27, 2026","6599501.9","79.01","25.41","2.17","Moving Down","","",,="3/9","<1","false","Swing"
"ADM","Archer-Daniels-Midland Company Common Stock","Staples","Farm Products","80.3","65.16","Buy","Aug 20, 2026","Uptrend","Aug 19, 2026","3585613.7","85.13","2.84","-1.71","Moving Up","","",,="6/9","<1","false","Swing"
"AKAM","Akamai Technologies, Inc. Common Stock","Technology","Software - Infrastructure","110.42","42.8","Sell","Aug 20, 2026","Downtrend","Aug 19, 2026","3401519","-18.37","0.22","0.3","Moving Down","","",,="2/9","<1","false","Swing"
"AME","AMETEK, Inc.","Industrials","Specialty Industrial Machinery","239.55","79.63","Sell","Aug 20, 2026","Neutral","Aug 20, 2026","1185981.17","116.85","2.26","0.2","Moving Down","","",,="2/9","<1","false","Swing"
"AMZN","Amazon.com, Inc. Common Stock","Discretionary","Internet Retail","258.63","77.21","Sell","Aug 20, 2026","Uptrend","Jul 31, 2026","43314255.43","24.5","0.37","-0.57","Moving Down","","","true",="3/9","<1","false","Swing"
"APG","APi Group Corporation Common Stock","Industrials","Engineering & Construction","41.16","35.55","Sell","Aug 20, 2026","Neutral","Aug 21, 2026","2675247.63","190.86","1.89","-1.84","Moving Down","","",,="2/9","<1","false","Swing"
"APH","Amphenol Corporation Common Stock","Technology","Electronic Components","157.01","58.94","Sell","Aug 20, 2026","Downtrend","Aug 20, 2026","6439628.23","-25.84","0.36","2.55","Moving Down","","",,="2/9","<1","false","Swing"
"ASB","Associated Banc-Corp Common Stock","Financials","Banks - Regional","30.84","67.59","Sell","Aug 20, 2026","Uptrend","Jun 09, 2026","1699425.07","14.33","0.78","0.26","Moving Down","","",,="3/9","<1","false","Swing"
"ASX","ASE Technology Holding Co., Ltd. American Depositary Shares (each representing Two Common Shares) ","Technology","Semiconductors","36.51","64.42","Sell","Aug 20, 2026","Downtrend","Aug 19, 2026","8489260.8","293.1","1.3","0","Moving Down","","",,="2/9","<1","false","Swing"
"AUPH","Aurinia Pharmaceuticals Inc Ordinary Shares","Health Care","Biotechnology","16.65","58.41","Buy","Aug 20, 2026","Uptrend","Aug 19, 2026","1161641.73","-127.77","0.03","-3.59","Moving Up","","",,="7/9","<1","false","Swing"
"BA","Boeing Company (The) Common Stock","Industrials","Aerospace & Defense","214.2","58.42","Sell","Aug 20, 2026","Downtrend","Aug 21, 2026","5658142","8.05","3.94","-0.42","Moving Down","","",,="2/9","<1","false","Swing"
"BBY","Best Buy Co., Inc. Common Stock","Discretionary","Specialty Retail","85.89","76.02","Buy","Aug 20, 2026","Uptrend","Aug 13, 2026","3218697.93","-17.58","0.02","0.19","Moving Up","","",,="5/9","<1","false","Swing"
"BG","Bunge Limited Common Shares","Staples","Farm Products","113.11","55.77","Buy","Aug 20, 2026","Neutral","Aug 21, 2026","1211176.7","-24.31","0.27","-2.97","Moving Up","","",,="5/9","<1","false","Swing"
"BNS","Bank Nova Scotia Halifax Pfd 3 Ordinary Shares","Financials","Banks - Diversified","87.57","69.62","Sell","Aug 20, 2026","Uptrend","Aug 21, 2026","1663446.07","95.68","3.82","1.31","Moving Down","","",,="3/9","<1","false","Swing"
"BNTX","BioNTech SE American Depositary Share","Health Care","Biotechnology","116.57","74.16","Buy","Aug 20, 2026","Uptrend","Aug 18, 2026","1309193.37","-41.11","0.03","5.12","Moving Up","","",,="6/9","<1","false","Swing"
"BRZE","Braze, Inc. Class A Common Stock","Technology","Software - Application","31.06","89.69","Buy","Aug 20, 2026","Uptrend","Jul 28, 2026","2276940.17","-15.28","11.05","1.14","Moving Up","","",,="5/9","<1","false","Swing"
"CAG","ConAgra Brands, Inc. Common Stock","Staples","Packaged Foods","16.43","84.57","Buy","Aug 20, 2026","Uptrend","Jul 13, 2026","13414495.8","23.16","4.77","0.98","Moving Up","","",,="6/9","<1","false","Swing"
"CENX","Century Aluminum Company Common Stock","Materials","Aluminum","43.92","46.02","Sell","Aug 20, 2026","Downtrend","Aug 19, 2026","2118332","197.92","1.29","1.2","Moving Down","","",,="3/9","<1","false","Swing"
"CHKP","Check Point Software Technologies Ltd. Ordinary Shares","Technology","Software - Infrastructure","130.55","37.15","Buy","Aug 20, 2026","Neutral","Aug 20, 2026","1200014.37","-66.24","0.06","0.18","Moving Up","","",,="4/9","<1","false","Swing"
"CMC","Commercial Metals Company Common Stock","Industrials","Metal Fabrication","66.31","67.52","Sell","Aug 20, 2026","Downtrend","Aug 20, 2026","1122131.5","0.84","0.01","1.58","Moving Down","","",,="2/9","<1","false","Swing"
"CNK","Cinemark Holdings Inc Cinemark Holdings, Inc. Common Stock","Communication","Entertainment","36.6","80.6","Sell","Aug 20, 2026","Uptrend","Jul 22, 2026","2568762.83","53.59","17.47","-0.79","Moving Down","","",,="3/9","<1","false","Swing"
"CTSH","Cognizant Technology Solutions Corporation Class A Common Stock","Technology","Information Technology Services","61.87","94.71","Sell","Aug 20, 2026","Uptrend","Jul 28, 2026","8498483.87","15.13","28.25","1.56","Moving Down","","",,="2/9","<1","false","Swing"
"CVNA","Carvana Co. Class A Common Stock","Discretionary","Auto & Truck Dealerships","69.91","51.75","Sell","Aug 20, 2026","Uptrend","Aug 19, 2026","10094299.17","281.03","5.07","-2.25","Moving Down","","",,="3/9","<1","false","Swing"
"DINO","HF Sinclair Corporation Common Stock","Energy","Oil & Gas Refining & Marketing","97.32","80.89","Buy","Aug 20, 2026","Uptrend","Jul 01, 2026","2894168.53","139.86","3.87","4.96","Moving Up","","",,="7/9","<1","false","Swing"
"DOCN","DigitalOcean Holdings, Inc. Common Stock","Technology","Software - Infrastructure","115.64","38.26","Sell","Aug 20, 2026","Downtrend","Aug 19, 2026","3179303.77","-19.68","0.31","1.13","Moving Down","","",,="2/9","<1","false","Swing"
"EBC","Eastern Bankshares, Inc. Common Stock","Financials","Banks - Regional","22.74","59.96","Sell","Aug 20, 2026","Uptrend","Jun 08, 2026","2470725.07","32.18","2.87","0","Moving Down","","",,="3/9","<1","false","Swing"
"EL","Estee Lauder Companies, Inc. (The) Common Stock","Staples","Household & Personal Products","101.94","71.46","Buy","Aug 20, 2026","Uptrend","Aug 19, 2026","2860262.8","-2.35","61.09","6.02","Moving Up","","",,="6/9","<1","false","Swing"
"FANG","Diamondback Energy, Inc. Common Stock","Energy","Oil & Gas E&P","210.72","77.39","Buy","Aug 20, 2026","Uptrend","Aug 10, 2026","1793409.5","-63.1","0.23","-0.14","Moving Up","","",,="7/9","<1","false","Swing"
"FLYW","Flywire Corporation Voting Common Stock","Technology","Software - Infrastructure","19.54","72.34","Buy","Aug 20, 2026","Uptrend","Aug 05, 2026","2067286.67","27","10.46","4.21","Moving Up","","",,="5/9","<1","false","Swing"
"FROG","JFrog Ltd. Ordinary Shares","Technology","Software - Application","92.13","58.16","Sell","Aug 20, 2026","Uptrend","Aug 10, 2026","2223381.1","197.15","1.81","2.69","Moving Down","","",,="2/9","<1","false","Swing"
"FTAI","FTAI Aviation Ltd. Common Stock","Industrials","Aerospace & Defense","209.7","53.4","Sell","Aug 20, 2026","Downtrend","Aug 18, 2026","1572791.9","-2182.59","0.14","6.01","Moving Down","","",,="2/9","<1","false","Swing"
"FUTU","Futu Holdings Limited American Depositary Shares","Financials","Capital Markets","123.64","52.56","Buy","Aug 20, 2026","Uptrend","Aug 17, 2026","1351390.63","307.14","10.91","9.68","Moving Up","","","true",="5/9","<1","false","Swing"
"GAP","Gap, Inc. (The) Common Stock","Discretionary","Apparel Retail","19.8","46.22","Sell","Aug 20, 2026","Downtrend","Aug 20, 2026","5876650.8","-52.1","0.07","0.76","Moving Down","","",,="2/9","<1","false","Swing"
"GD","General Dynamics Corporation Common Stock","Industrials","Aerospace & Defense","384.29","86.21","Sell","Aug 20, 2026","Uptrend","Jun 26, 2026","1019624.97","-13.58","0.38","-0.46","Moving Down","","",,="2/9","<1","false","Swing"
"GDDY","GoDaddy Inc. Class A Common Stock","Technology","Software - Infrastructure","97.07","59.3","Buy","Aug 20, 2026","Uptrend","Aug 04, 2026","1968030.5","71.46","7.07","-1.14","Moving Up","","",,="5/9","<1","false","Swing"
"GH","Guardant Health, Inc. Common Stock","Health Care","Diagnostics & Research","170.69","64.03","Sell","Aug 20, 2026","Uptrend","Jul 31, 2026","2098785.47","50.32","6.53","1.67","Moving Up","","",,="5/9","<1","false","Swing"
"HLT","Hilton Worldwide Holdings Inc. Common Stock ","Discretionary","Lodging","326.63","63.76","Buy","Aug 20, 2026","Uptrend","Aug 19, 2026","2189005.97","7.2","0.07","-0.9","Moving Up","","",,="5/9","<1","false","Swing"
"HYMC","Hycroft Mining Holding Corporation Class A Common Stock","Materials","Gold","27.07","49.79","Sell","Aug 20, 2026","Uptrend","Aug 19, 2026","1723949.1","-54.34","6.06","3.56","Moving Down","","",,="4/9","<1","false","Swing"
"ING","ING Group, N.V. Common Stock","Financials","Banks - Diversified","34.84","69.23","Sell","Aug 20, 2026","Uptrend","Jun 15, 2026","2234621.43","168.38","2.28","0.99","Moving Down","","",,="3/9","<1","false","Swing"
"INTC","Intel Corporation Common Stock","Technology","Semiconductors","90.07","63.42","Sell","Aug 20, 2026","Downtrend","Aug 18, 2026","113480927.43","105.66","6.56","-2.24","Moving Down","","",,="2/9","<1","false","Swing"
"IONQ","IonQ, Inc. Common Stock","Technology","Computer Hardware","44.86","33.41","Sell","Aug 20, 2026","Uptrend","Aug 21, 2026","20440894.53","189.09","2.6","8.02","Moving Down","","",,="3/9","<1","false","Swing"
"KEY","KeyCorp Common Stock","Financials","Banks - Regional","21.87","61.89","Sell","Aug 20, 2026","Downtrend","Aug 19, 2026","10032459.33","26.75","1.47","0.09","Moving Down","","",,="2/9","<1","false","Swing"
"LBRDK","Liberty Broadband Corporation Class C Common Stock","Communication","Telecom Services","36.02","69.54","Sell","Aug 20, 2026","Uptrend","Aug 18, 2026","2280803.57","-41.86","5.97","0","Moving Down","","",,="2/9","<1","false","Swing"
"LLY","Eli Lilly and Company Common Stock","Health Care","Drug Manufacturers - General","1255.4","65.23","Buy","Aug 20, 2026","Uptrend","Aug 10, 2026","2599466.27","475.49","1.24","0.88","Moving Up","","Positive","true",="7/9","<1","false","Swing"
"MKTX","MarketAxess Holdings, Inc. Common Stock","Financials","Capital Markets","162.11","89.97","Sell","Aug 20, 2026","Uptrend","Jul 29, 2026","1271093.8","-87.75","2.22","0.13","Moving Down","","",,="3/9","<1","false","Swing"
"MLI","Mueller Industries, Inc. Common Stock","Industrials","Metal Fabrication","63.22","45.36","Sell","Aug 20, 2026","Downtrend","Aug 20, 2026","1316664","528.72","1.54","2.03","Moving Down","","",,="2/9","<1","false","Swing"
"MMM","3M Company Common Stock","Industrials","Conglomerates","178.96","84.08","Sell","Aug 20, 2026","Uptrend","Jul 16, 2026","3356585.9","-24.01","0.05","0.49","Moving Down","","",,="3/9","<1","false","Swing"
"MT","Arcelor Mittal NY Registry Shares NEW","Materials","Steel","72.2","87.36","Sell","Aug 20, 2026","Uptrend","Jul 14, 2026","1532327.83","27.86","0.23","1.53","Moving Down","","",,="4/9","<1","false","Swing"
"MUFG","Mitsubishi UFJ Financial Group, Inc. Common Stock","Financials","Banks - Diversified","22.04","64.99","Sell","Aug 20, 2026","Uptrend","May 05, 2026","3253470.63","10.64","0.09","2.23","Moving Down","","",,="3/9","<1","false","Swing"
"NCNO","nCino, Inc. Common Stock","Technology","Software - Application","20.62","82.99","Buy","Aug 20, 2026","Uptrend","Jul 27, 2026","2093603.27","-17.77","5.36","1.28","Moving Up","","",,="5/9","<1","false","Swing"
"NMRK","Newmark Group, Inc. Class A Common Stock","Real Estate","Real Estate Services","16.21","59.36","Buy","Aug 20, 2026","Uptrend","Aug 19, 2026","1332491.1","-8.16","0.13","1.44","Moving Up","","",,="7/9","<1","false","Swing"
"NTLA","Intellia Therapeutics, Inc. Common Stock","Health Care","Biotechnology","12.84","63.1","Buy","Aug 20, 2026","Uptrend","Aug 21, 2026","3789248.47","-47.32","6.81","3.22","Moving Up","","",,="7/9","<1","false","Swing"
"NTNX","Nutanix, Inc. Class A Common Stock","Technology","Software - Infrastructure","67.64","85.75","Sell","Aug 20, 2026","Uptrend","Jun 29, 2026","2449004.7","32.53","1.27","1.97","Moving Down","","",,="3/9","<1","false","Swing"
"NUE","Nucor Corporation Common Stock","Materials","Steel","243.63","78.79","Sell","Aug 20, 2026","Downtrend","Aug 21, 2026","1478269.43","383.01","2.93","1.31","Moving Down","","",,="3/9","<1","false","Swing"
"NVT","nVent Electric plc Ordinary Shares ","Industrials","Electrical Equipment & Parts","151.98","44.87","Sell","Aug 20, 2026","Neutral","Aug 19, 2026","2026502.33","12.33","0.1","-1.5","Moving Down","","",,="2/9","<1","false","Swing"
"OBDC","Blue Owl Capital Corporation Common Stock","Financials","Asset Management","11.3","80.33","Sell","Aug 20, 2026","Uptrend","Aug 06, 2026","4052551.2","6.63","2.33","0.18","Moving Down","","",,="3/9","<1","false","Swing"
"OKTA","Okta, Inc. Class A Common Stock","Technology","Software - Infrastructure","135.14","65.48","Sell","Aug 20, 2026","Neutral","Aug 21, 2026","2643682.5","63.73","13.87","0.73","Moving Down","","",,="2/9","<1","false","Swing"
"ORLY","O'Reilly Automotive, Inc. Common Stock","Discretionary","Auto Parts","89.11","65.34","Sell","Aug 20, 2026","Neutral","Aug 20, 2026","6664888.77","-21.19","0.33","0.03","Moving Down","","",,="2/9","<1","false","Swing"
"PPC","Pilgrim's Pride Corporation Common Stock","Staples","Packaged Foods","32.25","50.01","Buy","Aug 20, 2026","Uptrend","Aug 19, 2026","1683683.33","22.63","327.53","3.23","Moving Up","","",,="6/9","<1","false","Swing"
"QRVO","Qorvo, Inc. Common Stock","Technology","Semiconductors","95.56","75.67","Sell","Aug 20, 2026","Uptrend","Aug 04, 2026","1140816.27","-109.76","0.01","-0.78","Moving Down","","",,="3/9","<1","false","Swing"
"RJF","Raymond James Financial, Inc. Common Stock","Financials","Asset Management","175.2","79.81","Sell","Aug 20, 2026","Uptrend","Jul 01, 2026","1126145.2","159.17","1.95","1.65","Moving Down","","",,="3/9","<1","false","Swing"
"ROAD","Construction Partners, Inc. Class A Common Stock","Industrials","Engineering & Construction","112.17","61.2","Sell","Aug 20, 2026","Uptrend","Aug 07, 2026","1141107.03","-110.65","0.28","-0.9","Moving Down","","",,="3/9","<1","false","Swing"
"RPM","RPM International Inc. Common Stock","Materials","Specialty Chemicals","108.63","66.56","Sell","Aug 20, 2026","Neutral","Aug 21, 2026","1038178.13","52.09","2.88","-1.52","Moving Down","","",,="3/9","<1","false","Swing"
"RSG","Republic Services, Inc. Common Stock","Industrials","Waste Management","220.67","56.08","Buy","Aug 20, 2026","Uptrend","Aug 18, 2026","1373656","46.17","0.73","0.53","Moving Up","","",,="4/9","<1","false","Swing"
"SAN","Banco Santander, S.A. Sponsored ADR (Spain)","Financials","Banks - Diversified","14.59","54.97","Sell","Aug 20, 2026","Uptrend","Jun 11, 2026","15865693.93","139.59","1.11","2.67","Moving Down","","",,="3/9","<1","false","Swing"
"SBH","Sally Beauty Holdings, Inc. (Name to be changed from Sally Holdings, Inc.) Common Stock","Discretionary","Specialty Retail","16.57","70.15","Sell","Aug 20, 2026","Uptrend","Jun 24, 2026","1411647.4","26.94","14.77","2.09","Moving Down","","",,="2/9","<1","false","Swing"
"SBUX","Starbucks Corporation Common Stock","Discretionary","Restaurants","107.08","64.28","Sell","Aug 20, 2026","Uptrend","Aug 21, 2026","7029743.77","-91.79","0.06","2.97","Moving Down","","",,="3/9","<1","false","Swing"
"SEI","Solaris Energy Infrastructure, Inc. Class A Common Stock","Energy","Oil & Gas Equipment & Services","53.28","27.18","Sell","Aug 20, 2026","Downtrend","Aug 20, 2026","3552296.27","264","1.06","-1.77","Moving Down","","",,="4/9","<1","false","Swing"
"SF","Stifel Financial Corporation Common Stock","Financials","Capital Markets","80.96","74.4","Sell","Aug 20, 2026","Uptrend","Jul 06, 2026","1090068.63","64.71","0.69","1.35","Moving Down","","",,="3/9","<1","false","Swing"
"SLM","SLM Corporation Common Stock","Financials","Credit Services","26.46","76.09","Sell","Aug 20, 2026","Uptrend","Jun 16, 2026","2431490.6","-121.13","0.23","2.36","Moving Down","","",,="3/9","<1","false","Swing"
"SMFG","Sumitomo Mitsui Financial Group Inc Unsponsored American Depositary Shares (Japan)","Financials","Banks - Diversified","25.05","60.13","Sell","Aug 20, 2026","Neutral","Aug 21, 2026","1610580.47","13.47","0.13","2.08","Moving Down","","",,="2/9","<1","false","Swing"
"SPT","Sprout Social, Inc Class A Common Stock","Technology","Software - Application","10.02","94.59","Sell","Aug 20, 2026","Uptrend","Jul 24, 2026","1186965.9","-196.48","1.63","-0.5","Moving Down","","",,="3/9","<1","false","Swing"
"SSL","Sasol Ltd. American Depositary Shares","Materials","Specialty Chemicals","12.49","59.24","Buy","Aug 20, 2026","Uptrend","Aug 14, 2026","1133872.97","3.49","3.52","1.79","Moving Up","","",,="6/9","<1","false","Swing"
"SSNC","SS&C Technologies Holdings, Inc. Common Stock","Technology","Software - Application","82.95","93.17","Sell","Aug 20, 2026","Uptrend","Jul 24, 2026","1829389.33","80.04","6.21","1.01","Moving Down","","",,="3/9","<1","false","Swing"
"STT","State Street Corporation Common Stock","Financials","Asset Management","187.13","64.59","Sell","Aug 20, 2026","Uptrend","Apr 01, 2026","1933999.63","2.64","0.04","2.22","Moving Down","","",,="3/9","<1","false","Swing"
"SWK","Stanley Black & Decker, Inc. Common Stock","Industrials","Tools & Accessories","100.02","92.6","Sell","Aug 20, 2026","Uptrend","May 26, 2026","1872746.57","-32.05","4.14","1.18","Moving Down","","",,="3/9","<1","false","Swing"
"TAK","Takeda Pharmaceutical Company Limited American Depositary Shares (each representing 1/2 of a share of Common Stock)","Health Care","Drug Manufacturers - Specialty & Generic","18.18","73.58","Buy","Aug 20, 2026","Uptrend","Aug 05, 2026","3856532.03","39.75","23.17","0.28","Moving Up","","",,="7/9","<1","false","Swing"
"TEL","TE Connectivity plc Ordinary Shares","Technology","Electronic Components","203.52","63.18","Sell","Aug 20, 2026","Downtrend","Aug 20, 2026","2471341.73","-117.31","0.17","1.49","Moving Down","","",,="2/9","<1","false","Swing"
"TENB","Tenable Holdings, Inc. Common Stock","Technology","Software - Infrastructure","34.38","72.28","Sell","Aug 20, 2026","Uptrend","Aug 06, 2026","3174596.83","-133.56","0.82","0.79","Moving Down","","",,="3/9","<1","false","Swing"
"TEX","Terex Corporation Common Stock","Industrials","Farm & Heavy Construction Machinery","66.48","57.05","Sell","Aug 20, 2026","Neutral","Aug 21, 2026","1261362.23","-31.93","0.25","3.55","Moving Up","","",,="2/9","<1","false","Swing"
"TFC","Truist Financial Corporation Common Stock","Financials","Banks - Regional","50.42","51.73","Sell","Aug 20, 2026","Downtrend","Aug 20, 2026","7005449.73","-22.33","0.78","0.38","Moving Down","","",,="2/9","<1","false","Swing"
"THC","Tenet Healthcare Corporation Common Stock","Health Care","Medical Care Facilities","280.77","89.45","Sell","Aug 20, 2026","Uptrend","Jul 15, 2026","1201833.8","176.54","0.79","3","Moving Down","","",,="5/9","<1","false","Swing"
"TMUS","T-Mobile US, Inc. Common Stock","Communication","Telecom Services","183.04","34.19","Buy","Aug 20, 2026","Uptrend","Aug 21, 2026","4555634.13","70.57","1.67","1","Moving Up","","",,="5/9","<1","false","Swing"
"TT","Trane Technologies plc","Industrials","Building Products & Equipment","453.43","49.17","Sell","Aug 20, 2026","Downtrend","Aug 19, 2026","1127867.6","181.08","1.96","0.52","Moving Down","","",,="2/9","<1","false","Swing"
"UGI","UGI Corporation Common Stock","Utilities","Utilities - Regulated Gas","37.59","68.04","Buy","Aug 20, 2026","Uptrend","Aug 18, 2026","1959012.4","-21.16","1.53","-0.79","Moving Up","","",,="4/9","<1","false","Swing"
"URBN","Urban Outfitters, Inc. Common Stock","Discretionary","Apparel Retail","74.24","66.77","Sell","Aug 20, 2026","Neutral","Aug 20, 2026","1020894.93","-72.14","0.25","2.19","Moving Down","","",,="2/9","<1","false","Swing"
"VRNS","Varonis Systems, Inc. Common Stock","Technology","Software - Infrastructure","41.23","60.51","Sell","Aug 20, 2026","Neutral","Aug 21, 2026","1749520.13","19.6","2.52","0.93","Moving Down","","",,="2/9","<1","false","Swing"
"VRT","Vertiv Holdings, LLC Class A Common Stock","Industrials","Electrical Equipment & Parts","261.95","24.82","Sell","Aug 20, 2026","Downtrend","Aug 18, 2026","5606935.67","214.22","0.92","-1.01","Moving Down","","Positive","true",="2/9","<1","false","Swing"
"WBS","Webster Financial Corporation Common Stock","Financials","Banks - Regional","77.57","65.5","Sell","Aug 20, 2026","Uptrend","May 20, 2026","8338472.97","135.26","7.62","0","","","",,="3/9","<1","false","Swing"
"ZM","Zoom Communications, Inc. Class A Common Stock","Technology","Software - Application","107.43","79.64","Sell","Aug 20, 2026","Uptrend","Jul 30, 2026","2958462.23","-41.4","7.01","1.06","Moving Down","","",,="2/9","<1","false","Swing"
"ABBV","AbbVie Inc. Common Stock","Health Care","Drug Manufacturers - General","264.96","68.9","Buy","Aug 19, 2026","Uptrend","Aug 18, 2026","5192956.9","83.93","1.13","1.2","Moving Up","","",,="7/9","<1","false","Swing"
"ABNB","Airbnb, Inc. Class A Common Stock","Discretionary","Travel Services","187.3","86.1","Sell","Aug 19, 2026","Uptrend","Jul 28, 2026","4611488.83","54.02","5.1","1.24","Moving Down","","",,="3/9","<1","false","Swing"
"AM","Antero Midstream Corporation Common Stock","Energy","Oil & Gas Midstream","22.14","48.97","Buy","Aug 19, 2026","Uptrend","Aug 18, 2026","2334623.87","87.81","0.76","-0.54","Moving Up","","",,="7/9","<1","false","Swing"
"AMBA","Ambarella, Inc. Ordinary Shares","Technology","Semiconductor Equipment & Materials","73.73","56.95","Sell","Aug 19, 2026","Downtrend","Aug 21, 2026","1678848.47","8.73","4.41","1.77","Moving Down","","",,="2/9","<1","false","Swing"
"AMLX","Amylyx Pharmaceuticals, Inc. Common Stock","Health Care","Drug Manufacturers - Specialty & Generic","38.66","94.54","Buy","Aug 19, 2026","Uptrend","Jun 16, 2026","3109645","936.25","1.95","-2.52","Moving Up","","",,="7/9","<1","false","Swing"
"ARR","ARMOUR Residential REIT, Inc.","Real Estate","REIT - Mortgage","16.34","54.38","Sell","Aug 19, 2026","Downtrend","Aug 17, 2026","3899666.63","11.52","3.31","0.12","Moving Down","","",,="4/9","<1","false","Swing"
"ATKR","Atkore Inc. Common Stock","Industrials","Electrical Equipment & Parts","93.6","92.23","Sell","Aug 19, 2026","Uptrend","Aug 03, 2026","1073628.2","-83.49","0.07","0.12","Moving Down","","",,="3/9","<1","false","Swing"
"AVGO","Broadcom Inc. Common Stock","Technology","Semiconductors","368.45","54.35","Sell","Aug 19, 2026","Downtrend","Aug 19, 2026","19031860.7","-165.47","0.34","1.21","Moving Down","","",,="2/9","<1","false","Swing"
"AXTA","Axalta Coating Systems Ltd. Common Shares","Materials","Specialty Chemicals","36.2","93.11","Sell","Aug 19, 2026","Uptrend","Jul 28, 2026","1668276.83","-70.68","0.06","1.97","Moving Down","","",,="4/9","<1","false","Swing"
"BKR","Baker Hughes Company Class A Common Stock","Energy","Oil & Gas Equipment & Services","62.34","62.04","Sell","Aug 19, 2026","Uptrend","Jul 30, 2026","7879100.37","29.2","1.03","-0.7","Moving Down","","",,="5/9","<1","false","Swing"
"BLFS","BioLife Solutions, Inc. Common Stock","Health Care","Medical Instruments & Supplies","37.1","97.64","Sell","Aug 19, 2026","Uptrend","May 18, 2026","1222844.87","105.32","2.77","0.35","Moving Down","","",,="5/9","<1","false","Swing"
"BMY","Bristol-Myers Squibb Company Common Stock","Health Care","Drug Manufacturers - General","67.01","83.39","Buy","Aug 19, 2026","Uptrend","Jul 15, 2026","11606290.8","1.05","0.29","2.35","Moving Up","","",,="6/9","<1","false","Swing"
"BN","Brookfield Corporation Class A Limited Voting Shares","Financials","Asset Management","41.69","38.66","Sell","Aug 19, 2026","Downtrend","Aug 19, 2026","4040246.2","-29.25","0.31","0.77","Moving Down","","",,="2/9","<1","false","Swing"
"BXSL","Blackstone Secured Lending Fund Common Shares of Beneficial Interest","Financials","Asset Management","24.76","81.25","Sell","Aug 19, 2026","Uptrend","Aug 06, 2026","1562003.33","-23.53","0.89","0.36","Moving Up","","",,="3/9","<1","false","Swing"
"CAH","Cardinal Health, Inc. Common Stock","Health Care","Medical Distribution","229.51","68.04","Sell","Aug 19, 2026","Uptrend","Jul 28, 2026","2029445.8","330.47","2.24","0.46","Moving Down","","","true",="5/9","<1","false","Swing"
"CEG","Constellation Energy Corporation Common Stock ","Utilities","Utilities - Independent Power Producers","272.88","43.4","Sell","Aug 19, 2026","Uptrend","Aug 19, 2026","2668285.4","27.58","1.94","-0.01","Moving Down","","",,="3/9","<1","false","Swing"
"CELH","Celsius Holdings, Inc. Common Stock","Staples","Beverages - Non-Alcoholic","33.36","59.75","Buy","Aug 19, 2026","Uptrend","Aug 18, 2026","11334417.4","86.41","48.22","2.52","Moving Up","","",,="5/9","<1","false","Swing"
"CGNX","Cognex Corporation Common Stock","Technology","Scientific & Technical Instruments","60.54","54.95","Sell","Aug 19, 2026","Downtrend","Aug 18, 2026","2162030.67","28.75","8.61","1.36","Moving Down","","",,="2/9","<1","false","Swing"
"CHTR","Charter Communications, Inc. Class A Common Stock New","Communication","Telecom Services","150.17","66.14","Sell","Aug 19, 2026","Uptrend","Aug 18, 2026","3025398.67","-13.35","17.4","1.63","Moving Down","","",,="2/9","<1","false","Swing"
"CLF","Cleveland-Cliffs Inc. Common Stock","Materials","Steel","11.27","62.47","Sell","Aug 19, 2026","Neutral","Aug 19, 2026","23242526.2","17.17","0.94","4.93","Moving Down","","",,="3/9","<1","false","Swing"
"CSTM","Constellium SE Ordinary Shares (France)","Materials","Aluminum","27.04","44.11","Sell","Aug 19, 2026","Downtrend","Aug 18, 2026","1625953.53","-0.51","0.28","1.92","Moving Down","","",,="3/9","<1","false","Swing"
"DAL","Delta Air Lines, Inc. Common Stock","Industrials","Airlines","82.41","60.93","Sell","Aug 19, 2026","Downtrend","Aug 19, 2026","5296730.47","72.8","5.14","1.67","Moving Down","","",,="2/9","<1","false","Swing"
"DEO","Diageo plc Common Stock","Staples","Beverages - Wineries & Distilleries","94.62","92.95","Sell","Aug 19, 2026","Uptrend","Jul 15, 2026","1222053.9","10.92","4.25","0.82","Moving Down","","",,="4/9","<1","false","Swing"
"DOCS","Doximity, Inc. Class A Common Stock","Health Care","Health Information Services","25.33","65.78","Sell","Aug 19, 2026","Uptrend","Aug 07, 2026","5966531.83","39.06","6.39","-2.35","Moving Down","","",,="5/9","<1","false","Swing"
"ERO","Ero Copper Corp. Common Shares","Materials","Copper","39.42","77.93","Sell","Aug 19, 2026","Uptrend","Jul 31, 2026","1228631.37","-71.65","0.2","9.44","Moving Up","","",,="5/9","<1","false","Swing"
"EXPE","Expedia Group, Inc. Common Stock","Discretionary","Travel Services","321.63","88.57","Sell","Aug 19, 2026","Uptrend","Jun 16, 2026","1454162.9","30.59","0.45","-0.78","Moving Down","","",,="3/9","<1","false","Swing"
"FIGS","FIGS, Inc. Class A Common Stock","Discretionary","Apparel Manufacturing","14.68","56.02","Sell","Aug 19, 2026","Uptrend","Aug 06, 2026","3056217.1","163.46","2.86","1.87","Moving Down","","",,="3/9","<1","false","Swing"
"FISV","Fiserv, Inc. Common Stock","Technology","Information Technology Services","52.58","45.94","Sell","Aug 19, 2026","Downtrend","Aug 20, 2026","7326303.6","47.21","5.01","2.34","Moving Up","","",,="3/9","<1","false","Swing"
"FIVN","Five9, Inc. Common Stock","Technology","Software - Infrastructure","32.75","86.55","Sell","Aug 19, 2026","Uptrend","Jul 24, 2026","3068720.87","-216.27","0.91","1.39","Moving Down","","",,="3/9","<1","false","Swing"
"FSLR","First Solar, Inc. Common Stock","Technology","Solar","214.28","57.5","Sell","Aug 19, 2026","Downtrend","Aug 19, 2026","2327668.57","-43.67","0.27","0.1","Moving Down","","",,="2/9","<1","false","Swing"
"FSLY","Fastly, Inc. Class A Common Stock","Technology","Software - Application","24.95","53.14","Sell","Aug 19, 2026","Uptrend","Jul 24, 2026","6292387.8","-70.38","0.11","9.86","Moving Down","","",,="3/9","<1","false","Swing"
"FTNT","Fortinet, Inc. Common Stock","Technology","Software - Infrastructure","153.51","65.97","Sell","Aug 19, 2026","Neutral","Aug 21, 2026","4982742.4","106.17","0.48","1.8","Moving Down","","",,="2/9","<1","false","Swing"
"FTV","Fortive Corporation Common Stock ","Technology","Scientific & Technical Instruments","60.08","59.19","Sell","Aug 19, 2026","Downtrend","Aug 18, 2026","2528686.63","-44.15","1.49","1.14","Moving Down","","",,="2/9","<1","false","Swing"
"GEN","Gen Digital Inc. Common Stock","Technology","Software - Infrastructure","28.93","60.56","Sell","Aug 19, 2026","Uptrend","Jun 30, 2026","4597124.67","77.45","1.95","2.68","Moving Down","","",,="2/9","<1","false","Swing"
"GWRE","Guidewire Software, Inc. Common Stock","Technology","Software - Application","189.19","85.51","Sell","Aug 19, 2026","Uptrend","Jul 24, 2026","1179458.87","2.29","0.05","4.07","Moving Down","","",,="3/9","<1","false","Swing"
"HAPN","Happen Bank","Financials","Banks - Regional","18.42","42.89","Sell","Aug 19, 2026","Downtrend","Aug 19, 2026","1128684.33","48.5","6.63","2.5","Moving Down","","",,="2/9","<1","false","Swing"
"IRT","Independence Realty Trust, Inc. Common Stock","Real Estate","REIT - Residential","16.59","66.71","Sell","Aug 19, 2026","Downtrend","Aug 18, 2026","2659493.63","35.11","3.5","-0.24","Moving Down","","",,="4/9","<1","false","Swing"
"ITGR","Integer Holdings Corporation Common Stock","Health Care","Medical Devices","125.2","93.49","Sell","Aug 19, 2026","Uptrend","May 13, 2026","1280275.33","-35.91","0.2","-0.01","Moving Down","","",,="5/9","<1","false","Swing"
"ITW","Illinois Tool Works Inc. Common Stock","Industrials","Specialty Industrial Machinery","282.29","83.84","Sell","Aug 19, 2026","Uptrend","Jun 12, 2026","1306672.1","1.69","0.06","-0.16","Moving Down","","",,="3/9","<1","false","Swing"
"LYFT","Lyft, Inc. Class A Common Stock","Technology","Software - Application","17.47","71.08","Sell","Aug 19, 2026","Uptrend","Jul 28, 2026","11493127.33","-74.62","3.55","0.4","Moving Down","","",,="3/9","<1","false","Swing"
"MAT","Mattel, Inc. Common Stock","Discretionary","Leisure","14.51","50.78","Sell","Aug 19, 2026","Neutral","Aug 21, 2026","4374378.7","-10.86","0.16","-1.43","Moving Down","","",,="2/9","<1","false","Swing"
"NOW","ServiceNow, Inc. Common Stock","Technology","Software - Application","128.48","87.93","Sell","Aug 19, 2026","Uptrend","Jul 29, 2026","22135664.2","-76.52","0.06","-0.98","Moving Down","","",,="3/9","<1","false","Swing"
"NVTS","Navitas Semiconductor Corporation Common Stock","Technology","Semiconductors","12.97","23.05","Sell","Aug 19, 2026","Neutral","Aug 14, 2026","14184862.23","86.98","1.88","0","Moving Down","","",,="2/9","<1","false","Swing"
"NWG","NatWest Group plc American Depositary Shares, (each representing two (2) Ordinary Shares)","Financials","Banks - Regional","18.62","60.48","Sell","Aug 19, 2026","Uptrend","Jun 11, 2026","3752529.73","98.83","1.1","1.69","Moving Down","","",,="3/9","<1","false","Swing"
"OLLI","Ollie's Bargain Outlet Holdings, Inc. Common Stock","Staples","Discount Stores","76.07","61.89","Sell","Aug 19, 2026","Uptrend","Aug 21, 2026","1456470.97","-86.6","0.03","1.77","Moving Down","","",,="4/9","<1","false","Swing"
"OPCH","Option Care Health, Inc. Common Stock","Health Care","Medical Care Facilities","23.7","63.06","Sell","Aug 19, 2026","Uptrend","Jul 28, 2026","2389036.97","-95.02","0.12","0.89","Moving Down","","",,="5/9","<1","false","Swing"
"PAX","Patria Investments Limited Class A Common Shares","Financials","Asset Management","11.46","45.5","Sell","Aug 19, 2026","Uptrend","Aug 19, 2026","1101741.17","-34.69","1.48","1.33","Moving Down","","",,="2/9","<1","false","Swing"
"PL","Planet Labs PBC Class A Common Stock","Industrials","Aerospace & Defense","22.29","18.11","Sell","Aug 19, 2026","Downtrend","Aug 19, 2026","6391721.2","462.61","2.51","0.54","Moving Down","","",,="2/9","<1","false","Swing"
"PLTR","Palantir Technologies Inc. Class A Common Stock","Technology","Software - Infrastructure","179.94","66.55","Sell","Aug 19, 2026","Uptrend","Aug 04, 2026","41321423.47","456.22","0.44","3.44","Moving Down","","","true",="2/9","<1","false","Swing"
"RDW","Redwire Corporation Common Stock","Industrials","Aerospace & Defense","12.02","52.75","Sell","Aug 19, 2026","Uptrend","Aug 07, 2026","16927071.6","823.14","6.47","2.12","Moving Down","","",,="3/9","<1","false","Swing"
"REPL","Replimune Group, Inc. Common Stock","Health Care","Biotechnology","14.77","58.38","Sell","Aug 19, 2026","Uptrend","Aug 04, 2026","6404064.13","-385.42","0.05","5.12","Moving Down","","",,="5/9","<1","false","Swing"
"RKT","Rocket Companies, Inc. Class A Common Stock","Financials","Mortgage Finance","13.93","41.07","Sell","Aug 19, 2026","Neutral","Aug 20, 2026","27943841.5","195.97","5.73","-0.92","Moving Down","","",,="2/9","<1","false","Swing"
"SCI","Service Corporation International Common Stock","Discretionary","Personal Services","83.29","77.43","Sell","Aug 19, 2026","Uptrend","Jul 01, 2026","1088344.03","-38.99","0.29","-0.1","Moving Down","","",,="3/9","<1","false","Swing"
"SNY","Sanofi ADS","Health Care","Drug Manufacturers - General","45.85","61.69","Buy","Aug 19, 2026","Uptrend","Aug 13, 2026","3120491.57","-31.21","0.59","1.55","Moving Up","","",,="7/9","<1","false","Swing"
"SON","Sonoco Products Company Common Stock","Discretionary","Packaging & Containers","59.48","78.86","Sell","Aug 19, 2026","Uptrend","Jun 12, 2026","1090156.3","-98.51","0","1.97","Moving Up","","",,="4/9","<1","false","Swing"
"SPOT","Spotify Technology S.A. Ordinary Shares","Communication","Internet Content & Information","533.72","52.94","Buy","Aug 19, 2026","Uptrend","Aug 07, 2026","1890691.33","63.24","1.6","0.11","Moving Up","","",,="4/9","<1","false","Swing"
"STLD","Steel Dynamics, Inc.","Materials","Steel","228.68","74.2","Sell","Aug 19, 2026","Downtrend","Aug 20, 2026","1192285.87","311.96","1.36","4.42","Moving Down","","",,="3/9","<1","false","Swing"
"TECK","Teck Resources Ltd Ordinary Shares","Materials","Other Industrial Metals & Mining","69.2","78.79","Sell","Aug 19, 2026","Uptrend","Jul 30, 2026","3160857.6","-491.19","0.18","4.59","Moving Down","","",,="4/9","<1","false","Swing"
"TRI","Thomson Reuters Corporation Common Shares","Industrials","Specialty Business Services","105.53","87.38","Sell","Aug 19, 2026","Uptrend","Jul 24, 2026","2295202.93","109.33","4.53","-0.33","Moving Up","","",,="4/9","<1","false","Swing"
"UAL","United Airlines Holdings, Inc. Common Stock","Industrials","Airlines","113.17","55","Sell","Aug 19, 2026","Downtrend","Aug 18, 2026","3768531.6","15.74","1.92","1.31","Moving Down","","",,="2/9","<1","false","Swing"
"UBS","UBS Group AG Registered Ordinary Shares","Financials","Banks - Diversified","53.29","64.15","Sell","Aug 19, 2026","Uptrend","Apr 24, 2026","1781510.23","316.63","2.57","0.17","Moving Down","","",,="3/9","<1","false","Swing"
"VIRT","Virtu Financial, Inc. Class A Common Stock","Financials","Capital Markets","67.93","59.44","Buy","Aug 19, 2026","Uptrend","Aug 18, 2026","1436599.73","267.49","2.28","11.01","Moving Up","","",,="4/9","<1","false","Swing"
"VSAT","ViaSat, Inc. Common Stock","Technology","Communication Equipment","74.72","69.33","Sell","Aug 19, 2026","Downtrend","Aug 21, 2026","2055460.37","-61.35","0","0.93","Moving Down","","",,="2/9","<1","false","Swing"
"WFRD","Weatherford International plc Ordinary Shares","Energy","Oil & Gas Equipment & Services","90.51","47.36","Sell","Aug 19, 2026","Uptrend","Aug 10, 2026","1161113.2","-19.9","0.54","-0.8","Moving Down","","",,="5/9","<1","false","Swing"
"WHR","Whirlpool Corporation Common Stock","Discretionary","Furnishings Fixtures & Appliances","40.35","66.95","Sell","Aug 19, 2026","Neutral","Aug 14, 2026","2297344.07","-20.59","12.85","-0.3","Moving Down","","",,="2/9","<1","false","Swing"
"XNCR","Xencor, Inc. Common Stock","Health Care","Biotechnology","27.8","92.96","Buy","Aug 19, 2026","Uptrend","Jun 12, 2026","1161725","-32.57","2.23","2.96","Moving Up","","",,="7/9","<1","false","Swing"
"ADBE","Adobe Inc. Common Stock","Technology","Software - Application","275.3","86.72","Sell","Aug 18, 2026","Uptrend","Jul 27, 2026","4992130.07","67.96","14.48","1.13","Moving Down","","",,="2/9","<1","false","Swing"
"AEVA","Aeva Technologies, Inc. Common Stock","Technology","Software - Infrastructure","18.29","40.2","Sell","Aug 18, 2026","Neutral","Aug 19, 2026","1735217.83","-133.47","0.02","-3.07","Moving Down","","",,="2/9","<1","false","Swing"
"AMPL","Amplitude, Inc. Class A Common Stock","Technology","Software - Application","13.29","83.7","Sell","Aug 18, 2026","Uptrend","Jul 24, 2026","2098389.07","-10.92","0.04","2.78","Moving Down","","",,="2/9","<1","false","Swing"
"ASO","Academy Sports and Outdoors, Inc. Common Stock","Discretionary","Specialty Retail","45.83","34.97","Sell","Aug 18, 2026","Downtrend","Aug 17, 2026","1207131.13","37.52","18.7","0.39","Moving Down","","",,="2/9","<1","false","Swing"
"BAX","Baxter International Inc. Common Stock","Health Care","Medical Instruments & Supplies","26.34","94.03","Sell","Aug 18, 2026","Uptrend","May 19, 2026","7024341.83","-21.38","11.01","-0.27","Moving Down","","",,="4/9","<1","false","Swing"
"BE","Bloom Energy Corporation Class A Common Stock","Industrials","Electrical Equipment & Parts","201.45","20.5","Sell","Aug 18, 2026","Downtrend","Aug 18, 2026","15175338.73","-237.76","0.2","-0.51","Moving Down","","","true",="2/9","<1","false","Swing"
"BWIN","The Baldwin Insurance Group, Inc. Class A Common Stock","Financials","Insurance Brokers","31.9","81.9","Sell","Aug 18, 2026","Uptrend","Jun 22, 2026","1145475.33","-52.24","0.26","1.43","Moving Down","","",,="2/9","<1","false","Swing"
"CAKE","Cheesecake Factory Incorporated (The) Common Stock","Discretionary","Restaurants","113.33","93.23","Sell","Aug 18, 2026","Uptrend","May 26, 2026","1839106.17","68.9","0.94","6.38","Moving Down","","",,="3/9","<1","false","Swing"
"CDNA","CareDx, Inc. Common Stock","Health Care","Diagnostics & Research","48.61","79.39","Sell","Aug 18, 2026","Uptrend","Apr 16, 2026","1226081.63","1.55","0.72","3.45","Moving Down","","",,="5/9","<1","false","Swing"
"CG","The Carlyle Group Inc. Common Stock","Financials","Asset Management","49.37","67.43","Sell","Aug 18, 2026","Uptrend","Jul 30, 2026","3725944.93","155.75","7.71","2.88","Moving Down","","",,="3/9","<1","false","Swing"
"CHD","Church & Dwight Company, Inc. Common Stock","Staples","Household & Personal Products","98.8","62.34","Sell","Aug 18, 2026","Neutral","Aug 21, 2026","1759306.5","52.33","3.28","1.43","Moving Down","","",,="3/9","<1","false","Swing"
"CL","Colgate-Palmolive Company Common Stock","Staples","Household & Personal Products","91.08","57.75","Sell","Aug 18, 2026","Downtrend","Aug 19, 2026","4333483","50.31","3.11","1.54","Moving Down","","",,="3/9","<1","false","Swing"
"CNX","CNX Resources Corporation Common Stock","Energy","Oil & Gas E&P","36.36","51.11","Sell","Aug 18, 2026","Uptrend","Jul 29, 2026","1545941.2","160.27","1.33","-0.27","Moving Down","","",,="4/9","<1","false","Swing"
"CORT","Corcept Therapeutics Incorporated Common Stock","Health Care","Biotechnology","122.25","76.66","Sell","Aug 18, 2026","Uptrend","Mar 31, 2026","1164647.3","547.92","1.86","0.99","Moving Down","","",,="5/9","<1","false","Swing"
"CRI","Carter's, Inc. Common Stock","Discretionary","Apparel Retail","35.77","62.72","Sell","Aug 18, 2026","Downtrend","Aug 17, 2026","1020268.07","-67.72","3.27","-1.3","Moving Down","","",,="2/9","<1","false","Swing"
"CRSR","Corsair Gaming, Inc. Common Stock","Technology","Computer Hardware","10.93","66.23","Sell","Aug 18, 2026","Uptrend","Jun 29, 2026","1983452.37","14.61","6.36","0.18","Moving Down","","",,="3/9","<1","false","Swing"
"DGX","Quest Diagnostics Incorporated Common Stock","Health Care","Diagnostics & Research","244.39","88.99","Sell","Aug 18, 2026","Uptrend","Jul 16, 2026","1011177.73","95.11","1.91","1.28","Moving Down","","",,="5/9","<1","false","Swing"
"DV","DoubleVerify Holdings, Inc. Common Stock","Communication","Advertising Agencies","13.31","80.31","Sell","Aug 18, 2026","Uptrend","Jul 29, 2026","4082787.7","28.96","4.85","0","Moving Down","","",,="3/9","<1","false","Swing"
"ECL","Ecolab Inc. Common Stock","Materials","Specialty Chemicals","281.63","63.15","Sell","Aug 18, 2026","Uptrend","Jul 28, 2026","1291320.37","-50.9","0.22","0.05","Moving Up","","",,="5/9","<1","false","Swing"
"FND","Floor & Decor Holdings, Inc. Common Stock","Discretionary","Home Improvement Retail","54.26","72.02","Sell","Aug 18, 2026","Downtrend","Aug 20, 2026","2397104.87","-3.63","44.54","-0.8","Moving Down","","",,="2/9","<1","false","Swing"
"G","Genpact Limited Common Stock","Technology","Information Technology Services","37.14","85.16","Sell","Aug 18, 2026","Uptrend","Jul 24, 2026","2380390.63","22.4","9.1","0.57","Moving Up","","",,="3/9","<1","false","Swing"
"GE","GE Aerospace Common Stock","Industrials","Aerospace & Defense","348.37","57.18","Sell","Aug 18, 2026","Downtrend","Aug 20, 2026","3791552.6","205.44","1.41","1.08","Moving Down","","",,="2/9","<1","false","Swing"
"GLOB","Globant S.A. Common Shares","Technology","Information Technology Services","39.62","73.41","Sell","Aug 18, 2026","Uptrend","Jul 28, 2026","1911638.33","-301.42","0.73","-0.03","Moving Down","","",,="3/9","<1","false","Swing"
"GPK","Graphic Packaging Holding Company","Discretionary","Packaging & Containers","11.96","78.02","Sell","Aug 18, 2026","Uptrend","Aug 19, 2026","4699798.97","-141.93","0.57","2.84","Moving Down","","",,="3/9","<1","false","Swing"
"GTLB","GitLab Inc. Class A Common Stock","Technology","Software - Infrastructure","41.67","89.53","Sell","Aug 18, 2026","Uptrend","Jun 26, 2026","4106516.47","51.65","10.18","-0.97","Moving Down","","",,="3/9","<1","false","Swing"
"HAL","Halliburton Company Common Stock","Energy","Oil & Gas Equipment & Services","35.34","46.8","Buy","Aug 18, 2026","Uptrend","Aug 17, 2026","11260939.87","40.56","2.52","-0.98","Moving Up","","",,="6/9","<1","false","Swing"
"HD","Home Depot, Inc. (The) Common Stock","Discretionary","Home Improvement Retail","335.61","59.51","Sell","Aug 18, 2026","Downtrend","Aug 20, 2026","3846641.1","83.2","3.53","0.33","Moving Down","","",,="2/9","<1","false","Swing"
"HTHT","H World Group Limited American Depositary Shares","Discretionary","Lodging","49.16","66.72","Buy","Aug 18, 2026","Uptrend","Aug 17, 2026","1617239","-60.43","0.06","-0.77","Moving Up","","",,="5/9","<1","false","Swing"
"IBKR","Interactive Brokers Group, Inc. Class A Common Stock","Financials","Capital Markets","93.87","51.38","Buy","Aug 18, 2026","Uptrend","Aug 17, 2026","4438990.23","723.7","2.52","4.47","Moving Up","","",,="4/9","<1","false","Swing"
"KURA","Kura Oncology, Inc. Common Stock","Health Care","Biotechnology","11.89","74.45","Buy","Aug 18, 2026","Uptrend","Aug 17, 2026","1575415.33","3.09","3.96","1.54","Moving Up","","",,="7/9","<1","false","Swing"
"LKQ","LKQ Corporation Common Stock","Discretionary","Auto Parts","25.77","56.37","Buy","Aug 18, 2026","Uptrend","Aug 19, 2026","3466817.17","-37.84","2.4","-0.81","Moving Up","","",,="5/9","<1","false","Swing"
"LTH","Life Time Group Holdings, Inc. Common Stock","Discretionary","Leisure","45.11","74.89","Buy","Aug 18, 2026","Uptrend","May 05, 2026","2818676.97","2.77","0.03","0.87","Moving Down","","",,="4/9","<1","false","Swing"
"MCD","McDonald's Corporation Common Stock","Discretionary","Restaurants","270.95","32.62","Sell","Aug 18, 2026","Downtrend","Aug 18, 2026","4321943.17","64.9","3.78","0.68","Moving Up","","",,="3/9","<1","false","Swing"
"METC","Ramaco Resources, Inc. Class A Common Stock","Materials","Coking Coal","11.9","45.63","Buy","Aug 18, 2026","Uptrend","Aug 21, 2026","2020538.4","382.49","5.18","6.73","Moving Up","","",,="5/9","<1","false","Swing"
"MRSH","Marsh Common Stock","Financials","Insurance Brokers","192.01","81.68","Sell","Aug 18, 2026","Uptrend","Jun 26, 2026","2261860.5","-49.26","0.25","0.95","Moving Down","","",,="2/9","<1","false","Swing"
"MWA","MUELLER WATER PRODUCTS Common Stock","Industrials","Specialty Industrial Machinery","24.94","48.99","Sell","Aug 18, 2026","Downtrend","Aug 18, 2026","1041803.23","-32.6","0.29","-0.76","Moving Down","","",,="2/9","<1","false","Swing"
"NRIX","Nurix Therapeutics, Inc. Common stock","Health Care","Biotechnology","26.72","69.68","Sell","Aug 18, 2026","Uptrend","Jun 15, 2026","1076250.57","156.99","4.11","-1.22","Moving Down","","",,="5/9","<1","false","Swing"
"NTR","Nutrien Ltd. Common Shares","Materials","Agricultural Inputs","75.27","57.03","Buy","Aug 18, 2026","Uptrend","Aug 14, 2026","2376154.23","16.04","0.23","2.94","Moving Up","","",,="5/9","<1","false","Swing"
"OKLO","Oklo Inc. Class A common stock","Utilities","Utilities - Independent Power Producers","42.09","27.72","Sell","Aug 18, 2026","Downtrend","Aug 14, 2026","8970947","68.77","0.78","1.03","Moving Down","","",,="2/9","<1","false","Swing"
"PHM","PulteGroup, Inc. Common Stock","Discretionary","Residential Construction","129","54.57","Sell","Aug 18, 2026","Neutral","Aug 21, 2026","1634919.23","22.03","0.22","1.04","Moving Down","","",,="1/9","<1","false","Swing"
"PR","Permian Resources Corporation Class A Common Stock","Energy","Oil & Gas E&P","23.75","70.66","Buy","Aug 18, 2026","Uptrend","Aug 06, 2026","8877705.8","580.97","2.41","-0.5","Moving Up","","",,="7/9","<1","false","Swing"
"PRCT","PROCEPT BioRobotics Corporation Common Stock","Health Care","Medical Devices","21.68","65.05","Sell","Aug 18, 2026","Uptrend","Aug 21, 2026","1647348.13","33.55","7.5","4.58","Moving Down","","",,="4/9","<1","false","Swing"
"PRM","Perimeter Solutions, SA Common Stock","Materials","Specialty Chemicals","31.44","15.8","Sell","Aug 18, 2026","Downtrend","Aug 17, 2026","1598175.73","228.68","1","1.19","Moving Down","","",,="3/9","<1","false","Swing"
"PSA","Public Storage Common Stock","Real Estate","REIT - Industrial","322.49","69.22","Sell","Aug 18, 2026","Uptrend","Jul 28, 2026","1083351.8","3.63","0.14","-0.08","Moving Down","","",,="5/9","<1","false","Swing"
"QXO","QXO, Inc. Common Stock","Industrials","Industrial Distribution","13.76","30.5","Sell","Aug 18, 2026","Downtrend","Aug 17, 2026","19995281.37","-525.19","0.23","3.15","Moving Down","","",,="2/9","<1","false","Swing"
"REYN","Reynolds Consumer Products Inc. Common Stock","Discretionary","Packaging & Containers","25.47","56.71","Sell","Aug 18, 2026","Neutral","Aug 21, 2026","1131577.1","21.55","13.67","-0.12","Moving Down","","",,="2/9","<1","false","Swing"
"RPRX","Royalty Pharma plc Class A Ordinary Shares ","Health Care","Biotechnology","61.31","69.99","Buy","Aug 18, 2026","Uptrend","Dec 24, 2025","2788459.47","37.94","2.22","1.21","Moving Up","","",,="7/9","<1","false","Swing"
"SFM","Sprouts Farmers Market, Inc. Common Stock","Staples","Grocery Stores","81.08","53.96","Sell","Aug 18, 2026","Downtrend","Aug 19, 2026","1919874.47","623.89","5.43","3.44","Moving Down","","",,="3/9","<1","false","Swing"
"SMMT","Summit Therapeutics Inc. Common Stock ","Health Care","Biotechnology","13.16","21.14","Sell","Aug 18, 2026","Downtrend","Aug 14, 2026","4506583.33","-1462.32","0.09","5.87","Moving Down","","",,="4/9","<1","false","Swing"
"STEP","StepStone Group Inc. Class A Common Stock","Financials","Asset Management","49.99","63.55","Sell","Aug 18, 2026","Uptrend","Aug 03, 2026","1316764.43","-11.45","0.27","2.35","Moving Down","","",,="3/9","<1","false","Swing"
"SYK","Stryker Corporation Common Stock","Health Care","Medical Devices","329.45","64.2","Sell","Aug 18, 2026","Uptrend","Aug 21, 2026","2385183.67","-18.1","0.28","0.53","Moving Down","","",,="5/9","<1","false","Swing"
"TAP","Molson Coors Beverage Company Class B Common Stock","Staples","Beverages - Brewers","42.94","66.44","Sell","Aug 18, 2026","Uptrend","Aug 19, 2026","2831289.8","-24.65","2.34","0.77","Moving Up","","",,="4/9","<1","false","Swing"
"TPG","TPG Inc. Class A Common Stock","Financials","Asset Management","52.4","82.51","Sell","Aug 18, 2026","Uptrend","Jul 30, 2026","2769142.17","0.17","0.03","1.61","Moving Down","","",,="3/9","<1","false","Swing"
"TRGP","Targa Resources, Inc. Common Stock","Energy","Oil & Gas Midstream","299.1","62.6","Buy","Aug 18, 2026","Uptrend","Aug 17, 2026","1239361.1","168.89","0.67","-1.04","Moving Up","","",,="7/9","<1","false","Swing"
"TRIN","Trinity Capital Inc. Common Stock","Financials","Asset Management","18.35","61.97","Sell","Aug 18, 2026","Uptrend","Aug 06, 2026","1034630.37","22.01","0.51","0.44","Moving Down","","",,="3/9","<1","false","Swing"
"U","Unity Software Inc. Common Stock","Technology","Software - Application","46.93","82.69","Sell","Aug 18, 2026","Uptrend","Jun 30, 2026","10847408.57","46.52","4.29","0.84","Moving Down","","",,="2/9","<1","false","Swing"
"VET","Vermilion Energy Inc. Common (Canada)","Energy","Oil & Gas E&P","12.73","79.6","Buy","Aug 18, 2026","Uptrend","Aug 06, 2026","1428817.23","25.8","9.8","-0.86","Moving Up","","",,="6/9","<1","false","Swing"
"WAB","Westinghouse Air Brake Technologies Corporation Common Stock","Industrials","Railroads","297.57","84.11","Sell","Aug 18, 2026","Uptrend","Jul 22, 2026","1047741.43","44.36","0.41","1.8","Moving Down","","",,="3/9","<1","false","Swing"
"WY","Weyerhaeuser Company Common Stock","Real Estate","REIT - Specialty","24.43","68.38","Sell","Aug 18, 2026","Neutral","Aug 19, 2026","5160664.6","-36.38","1.11","-0.77","Moving Down","","",,="4/9","<1","false","Swing"
"ADPT","Adaptive Biotechnologies Corporation Common Stock","Health Care","Diagnostics & Research","25.99","66.8","Sell","Aug 17, 2026","Uptrend","May 28, 2026","2548203.43","-230.77","0.27","2.16","Moving Up","","",,="6/9","<1","false","Swing"
"AI","C3.ai, Inc. Class A Common Stock","Technology","Software - Infrastructure","10.3","60.2","Sell","Aug 17, 2026","Uptrend","Aug 03, 2026","4776100.83","-167.8","1.18","-0.1","Moving Down","","",,="2/9","<1","false","Swing"
"ALLE","Allegion plc Ordinary Shares","Industrials","Security & Protection Services","162.31","84.15","Sell","Aug 17, 2026","Uptrend","Jul 16, 2026","1251132.7","27.36","2.81","0.36","Moving Down","","",,="3/9","<1","false","Swing"
"BILL","BILL Holdings, Inc. Common Stock","Technology","Software - Application","47.82","63","Sell","Aug 17, 2026","Uptrend","Jul 01, 2026","2550345.47","-11.91","11.23","0.89","Moving Down","","",,="3/9","<1","false","Swing"
"BLZE","Backblaze, Inc. Class A Common Stock","Technology","Software - Infrastructure","15.8","63.09","Sell","Aug 17, 2026","Uptrend","Aug 03, 2026","3107321.77","17.28","1.76","-2.71","Moving Down","","",,="3/9","<1","false","Swing"
"BRK/B","Berkshire Hathaway Inc.","Financials","Insurance - Diversified","495.82","59.09","Sell","Aug 17, 2026","Downtrend","Aug 19, 2026","4210807.47","43.62","1.01","-0.21","Moving Down","","",,="2/9","<1","false","Swing"
"CCL","Carnival Corporation Ltd. Common Shares","Discretionary","Travel Services","25.73","51.79","Sell","Aug 17, 2026","Downtrend","Aug 19, 2026","17515430.23","60.39","6.25","1.42","Moving Down","","",,="2/9","<1","false","Swing"
"CRWD","CrowdStrike Holdings, Inc. Class A Common Stock","Technology","Software - Infrastructure","191.95","53.98","Sell","Aug 17, 2026","Uptrend","Aug 21, 2026","7792275.97","50.74","0.7","0.85","Moving Down","","",,="3/9","<1","false","Swing"
"CSCO","Cisco Systems, Inc. Common Stock (DE)","Technology","Communication Equipment","111.04","62.83","Sell","Aug 17, 2026","Downtrend","Aug 17, 2026","21499498.33","78.48","1.59","1.32","Moving Down","","",,="2/9","<1","false","Swing"
"CSIQ","Canadian Solar Inc. Common Shares (ON)","Technology","Solar","14.55","37.26","Sell","Aug 17, 2026","Downtrend","Aug 20, 2026","1846505.83","-77.15","3.38","-1.22","Moving Down","","",,="2/9","<1","false","Swing"
"DBX","Dropbox, Inc. Class A Common Stock","Technology","Software - Infrastructure","34.47","82.98","Sell","Aug 17, 2026","Uptrend","Jul 01, 2026","4091561.47","-100.6","0.06","1.38","Moving Down","","Positive","true",="3/9","<1","false","Swing"
"DHT","DHT Holdings, Inc.","Energy","Oil & Gas Midstream","19.82","63.89","Buy","Aug 17, 2026","Uptrend","Aug 06, 2026","2953655.3","198.96","2.12","0.1","Moving Up","","",,="7/9","<1","false","Swing"
"EWTX","Edgewise Therapeutics, Inc. Common Stock","Health Care","Biotechnology","44.18","50.13","Sell","Aug 17, 2026","Uptrend","Aug 04, 2026","1123787.83","-149.97","0.22","2.06","Moving Down","","",,="5/9","<1","false","Swing"
"FRSH","Freshworks Inc. Class A Common Stock","Technology","Software - Application","12.98","92.25","Buy","Aug 17, 2026","Uptrend","Jul 24, 2026","10660740.07","1.77","4.43","-0.23","Moving Up","","",,="5/9","<1","false","Swing"
"FTI","TechnipFMC plc Ordinary Share","Energy","Oil & Gas Equipment & Services","77.45","67.98","Buy","Aug 17, 2026","Uptrend","Aug 11, 2026","3195207.23","199.5","1.28","-0.22","Moving Up","","",,="7/9","<1","false","Swing"
"GM","General Motors Company Common Stock","Discretionary","Auto Manufacturers","87.93","72.77","Sell","Aug 17, 2026","Uptrend","Jul 22, 2026","6173744.5","74.51","1.63","2.07","Moving Down","","",,="2/9","<1","false","Swing"
"HLIT","Harmonic Inc. Common Stock","Technology","Communication Equipment","12.47","52.15","Buy","Aug 17, 2026","Neutral","Aug 19, 2026","1597860.07","-134.46","0.11","0.81","Moving Up","","",,="4/9","<1","false","Swing"
"HUM","Humana Inc. Common Stock","Health Care","Healthcare Plans","378.88","71.1","Buy","Aug 17, 2026","Neutral","Aug 21, 2026","1353299.7","-78.14","0.02","-0.49","Moving Up","","",,="6/9","<1","false","Swing"
"INFY","Infosys Limited American Depositary Shares","Technology","Information Technology Services","11.94","59.21","Sell","Aug 17, 2026","Uptrend","Aug 21, 2026","22924294.93","-2.3","0.31","0.93","Moving Down","","",,="3/9","<1","false","Swing"
"IP","International Paper Company Common Stock","Discretionary","Packaging & Containers","41.49","77.37","Sell","Aug 17, 2026","Uptrend","Jun 11, 2026","4942922.6","-67.54","0.02","2.8","Moving Down","","",,="3/9","<1","false","Swing"
"IQV","IQVIA Holdings, Inc. Common Stock","Health Care","Diagnostics & Research","259.82","91","Sell","Aug 17, 2026","Uptrend","Jun 25, 2026","1404654.2","4.74","0.2","1.47","Moving Up","","",,="6/9","<1","false","Swing"
"LOGI","Logitech International S.A. Ordinary Shares","Technology","Computer Hardware","96.03","48.44","Sell","Aug 17, 2026","Downtrend","Aug 17, 2026","1092499.47","188.59","5.07","0.72","Moving Down","","",,="2/9","<1","false","Swing"
"LPX","Louisiana-Pacific Corporation Common Stock","Industrials","Building Products & Equipment","73.18","60.13","Sell","Aug 17, 2026","Downtrend","Aug 20, 2026","1178564","84.58","1.59","-0.77","Moving Down","","",,="2/9","<1","false","Swing"
"LRCX","Lam Research Corporation Common Stock","Technology","Semiconductor Equipment & Materials","314","60.61","Buy","Aug 17, 2026","Neutral","Aug 19, 2026","10080497.9","145.19","0.38","1.12","Moving Up","","",,="4/9","<1","false","Swing"
"LULU","lululemon athletica inc. Common Stock","Discretionary","Apparel Retail","121.07","48.47","Sell","Aug 17, 2026","Downtrend","Aug 20, 2026","2516419.33","170.61","15.79","4.65","Moving Down","","",,="2/9","<1","false","Swing"
"MOS","Mosaic Company (The) Common Stock","Materials","Agricultural Inputs","24.41","58.76","Sell","Aug 17, 2026","Uptrend","Aug 21, 2026","7810648.53","28.55","5.97","4.54","Moving Up","","",,="4/9","<1","false","Swing"
"MPLX","MPLX LP Common Units Representing Limited Partner Interests","Energy","Oil & Gas Midstream","58.41","72.04","Sell","Aug 17, 2026","Uptrend","Jul 02, 2026","1524686","3.57","0.01","-0.32","Moving Down","","",,="5/9","<1","false","Swing"
"MRAM","Everspin Technologies, Inc. Common Stock","Technology","Semiconductors","17.11","58.06","Buy","Aug 17, 2026","Neutral","Aug 19, 2026","1273762.2","507.02","9.28","0.82","Moving Up","","",,="4/9","<1","false","Swing"
"MRK","Merck & Company, Inc. Common Stock (new)","Health Care","Drug Manufacturers - General","152.55","84.33","Buy","Aug 17, 2026","Uptrend","Jun 23, 2026","9577584.5","-45.52","0.22","2.39","Moving Up","","",,="7/9","<1","false","Swing"
"MU","Micron Technology, Inc. Common Stock","Technology","Semiconductors","966.78","45.37","Buy","Aug 17, 2026","Uptrend","Aug 14, 2026","39761136.8","1394.75","2.18","-0.77","Moving Up","","","true",="5/9","<1","false","Swing"
"NET","Cloudflare, Inc. Class A Common Stock","Technology","Software - Infrastructure","293.14","48.61","Sell","Aug 17, 2026","Uptrend","Jun 29, 2026","3621129.87","245.93","2.74","5.1","Moving Down","","",,="3/9","<1","false","Swing"
"NLY","Annaly Capital Management Inc. Common Stock","Real Estate","REIT - Mortgage","23.16","71.82","Buy","Aug 17, 2026","Uptrend","Jul 24, 2026","6929940.5","-4.81","9.28","-0.56","Moving Down","","",,="6/9","<1","false","Swing"
"NU","Nu Holdings Ltd. Class A Ordinary Shares","Financials","Banks - Regional","14.58","73.31","Buy","Aug 17, 2026","Uptrend","Aug 14, 2026","91214905.6","22.66","2.29","2.6","Moving Down","","",,="4/9","<1","false","Swing"
"OII","Oceaneering International, Inc. Common Stock","Energy","Oil & Gas Equipment & Services","53","86.27","Buy","Aug 17, 2026","Uptrend","Jun 29, 2026","1077899.53","226.62","2.22","0.97","Moving Down","","",,="6/9","<1","false","Swing"
"OTIS","Otis Worldwide Corporation Common Stock ","Industrials","Specialty Industrial Machinery","71.49","44.7","Sell","Aug 17, 2026","Downtrend","Aug 17, 2026","3659257.8","-17.4","0.54","-0.39","Moving Down","","",,="1/9","<1","false","Swing"
"OWL","Blue Owl Capital Inc. Class A Common Stock","Financials","Asset Management","11.67","76.16","Sell","Aug 17, 2026","Uptrend","Jul 27, 2026","18768178.57","-7.15","0.08","2.37","Moving Down","","",,="3/9","<1","false","Swing"
"PATH","UiPath, Inc. Class A Common Stock","Technology","Software - Infrastructure","16.39","71.93","Sell","Aug 17, 2026","Uptrend","Jul 28, 2026","77842781.7","-38.52","3.1","2.95","Moving Up","","",,="4/9","<1","false","Swing"
"PEP","PepsiCo, Inc. Common Stock","Staples","Beverages - Non-Alcoholic","143.48","44.8","Buy","Aug 17, 2026","Uptrend","Aug 19, 2026","7110110.07","17.67","4.4","0.99","Moving Up","","",,="5/9","<1","false","Swing"
"PFG","Principal Financial Group Inc Common Stock","Financials","Asset Management","110.75","73.48","Sell","Aug 17, 2026","Neutral","Aug 21, 2026","1381258.83","7.42","0.17","0.19","Moving Down","","",,="2/9","<1","false","Swing"
"PNFP","Pinnacle Financial Partners, Inc. Common stock","Financials","Banks - Regional","102.26","71.07","Sell","Aug 17, 2026","Uptrend","Aug 21, 2026","1178752.83","54.22","2.58","0.26","Moving Down","","",,="3/9","<1","false","Swing"
"PPTA","Perpetua Resources Corp. Common Shares","Materials","Other Precious Metals & Mining","25.7","49.5","Sell","Aug 17, 2026","Uptrend","Aug 05, 2026","1225205.13","-33.19","0.31","2.59","Moving Up","","",,="4/9","<1","false","Swing"
"PSX","Phillips 66 Common Stock","Energy","Oil & Gas Refining & Marketing","242.87","96.77","Buy","Aug 17, 2026","Uptrend","Jul 07, 2026","2592269.07","61.24","1.38","1.2","Moving Up","","",,="7/9","<1","false","Swing"
"PTY","Pimco Corporate & Income Opportunity Fund","Financials","Closed-End Fund - Debt","11.75","46.05","Sell","Aug 17, 2026","Downtrend","Aug 13, 2026","1249932.5","16.14","3.86","0.77","Moving Down","","",,="2/9","<1","false","Swing"
"PWP","Perella Weinberg Partners Class A Common Stock","Financials","Capital Markets","16.61","52.26","Sell","Aug 17, 2026","Neutral","Aug 18, 2026","1160836.27","32.44","1.87","4.01","Moving Down","","",,="2/9","<1","false","Swing"
"RCL","Royal Caribbean Cruises Ltd. Common Stock","Discretionary","Travel Services","292","53.11","Sell","Aug 17, 2026","Downtrend","Aug 19, 2026","2094580.33","214.2","5.22","1.52","Moving Down","","",,="2/9","<1","false","Swing"
"SDGR","Schrodinger, Inc. Common Stock","Health Care","Health Information Services","19.71","79.03","Sell","Aug 17, 2026","Uptrend","Aug 05, 2026","1064038.1","-101.75","2.38","0.66","Moving Up","","",,="6/9","<1","false","Swing"
"SHC","Sotera Health Company Common Stock","Health Care","Diagnostics & Research","19.57","44.14","Sell","Aug 17, 2026","Uptrend","Jun 18, 2026","3081123.33","69.66","16.31","1.82","Moving Up","","",,="6/9","<1","false","Swing"
"SJM","The J.M. Smucker Company Common Stock","Staples","Packaged Foods","124.32","74.38","Buy","Aug 17, 2026","Uptrend","Jul 16, 2026","1281802.47","-91.37","0.07","1.03","Moving Up","","",,="6/9","<1","false","Swing"
"SONO","Sonos, Inc. Common Stock","Technology","Consumer Electronics","15.83","66.9","Buy","Aug 17, 2026","Uptrend","Aug 03, 2026","1943935.87","-82.56","2.11","-1.37","Moving Up","","",,="5/9","<1","false","Swing"
"SYY","Sysco Corporation Common Stock","Staples","Food Distribution","84.1","77.79","Sell","Aug 17, 2026","Neutral","Aug 19, 2026","3161438.43","-29.95","0.03","1.25","Moving Down","","",,="3/9","<1","false","Swing"
"TMO","Thermo Fisher Scientific Inc Common Stock","Health Care","Diagnostics & Research","629.27","80.53","Sell","Aug 17, 2026","Uptrend","Jun 24, 2026","2062522.03","19.74","0.64","0.27","Moving Up","","",,="5/9","<1","false","Swing"
"VLO","Valero Energy Corporation Common Stock","Energy","Oil & Gas Refining & Marketing","348.86","86.23","Buy","Aug 17, 2026","Uptrend","Jun 26, 2026","2621312.23","159.95","1.29","2.15","Moving Up","","",,="7/9","<1","false","Swing"
"ZETA","Zeta Global Holdings Corp. Class A Common Stock","Technology","Software - Infrastructure","29.07","70.69","Sell","Aug 17, 2026","Uptrend","Jul 28, 2026","8678163.5","-24.21","0.32","4.38","Moving Down","","",,="3/9","<1","false","Swing"
"AGNC","AGNC Investment Corp. Common Stock","Real Estate","REIT - Mortgage","10.89","67.36","Buy","Aug 14, 2026","Uptrend","Aug 13, 2026","18470406.4","33.55","6.09","-0.27","Moving Up","","",,="7/9","<1","false","Swing"
"ALK","Alaska Air Group, Inc. Common Stock","Industrials","Airlines","40.41","48.4","Sell","Aug 14, 2026","Downtrend","Aug 14, 2026","2791374.07","-18.81","6.88","0.57","Moving Down","","",,="2/9","<1","false","Swing"
"CBZ","CBIZ, Inc. Common Stock","Industrials","Specialty Business Services","54.66","92.96","Sell","Aug 14, 2026","Uptrend","Jul 01, 2026","1699153.8","-68.24","0.24","-0.64","Moving Down","","",,="2/9","<1","false","Swing"
"COHU","Cohu, Inc. Common Stock","Technology","Semiconductor Equipment & Materials","54.37","59.82","Buy","Aug 14, 2026","Uptrend","Aug 13, 2026","1007317.97","26.5","0.47","0.48","Moving Up","","",,="5/9","<1","false","Swing"
"CP","Canadian Pacific Kansas City Limited Common Shares","Industrials","Railroads","96.69","75.53","Buy","Aug 14, 2026","Uptrend","Jul 31, 2026","2475302.8","115.25","3.27","1.96","Moving Up","","",,="5/9","<1","false","Swing"
"CVE","Cenovus Energy Inc Common Stock","Energy","Oil & Gas Integrated","32.93","87.5","Buy","Aug 14, 2026","Uptrend","Jul 14, 2026","6440462.73","113.81","1.34","1.39","Moving Up","","",,="7/9","<1","false","Swing"
"DAR","Darling Ingredients Inc. Common Stock","Staples","Packaged Foods","65.74","74.77","Buy","Aug 14, 2026","Uptrend","Aug 10, 2026","2261233.5","-3.27","0.36","-3.1","Moving Up","","",,="6/9","<1","false","Swing"
"DKNG","DraftKings Inc. Class A Common Stock","Discretionary","Gambling","26.17","60.79","Buy","Aug 14, 2026","Uptrend","Aug 19, 2026","12487910.53","39.59","17.66","4.55","Moving Up","","",,="4/9","<1","false","Swing"
"DT","Dynatrace, Inc. Common Stock","Technology","Software - Application","49.3","76.31","Sell","Aug 14, 2026","Uptrend","Jul 30, 2026","5760740.57","21.29","23.2","0.24","Moving Up","","",,="3/9","<1","false","Swing"
"DUOT","Duos Technologies Group, Inc. Common Stock","Technology","Software - Application","10.32","61.48","Buy","Aug 14, 2026","Uptrend","Aug 17, 2026","1125399.1","-61.1","0.22","-0.86","Moving Up","","",,="5/9","<1","false","Swing"
"EOG","EOG Resources, Inc. Common Stock","Energy","Oil & Gas E&P","153.05","67.1","Buy","Aug 14, 2026","Uptrend","Aug 10, 2026","2863827.13","49.67","1.43","0.57","Moving Up","","",,="7/9","<1","false","Swing"
"GOOG","Alphabet Inc. Class C Capital Stock","Communication","Internet Content & Information","341.75","39.97","Sell","Aug 14, 2026","Downtrend","Aug 13, 2026","18888455.7","259.73","1.71","1.05","Moving Down","","",,="2/9","<1","false","Swing"
"GOOGL","Alphabet Inc. Class A Common Stock","Communication","Internet Content & Information","344.82","60.2","Sell","Aug 14, 2026","Downtrend","Aug 13, 2026","28055040.03","166.86","1.06","1.22","Moving Down","","","true",="2/9","<1","false","Swing"
"GTES","Gates Industrial Corporation plc Ordinary Shares","Industrials","Specialty Industrial Machinery","25.9","36.39","Sell","Aug 14, 2026","Downtrend","Aug 19, 2026","1864452.43","-41.45","0.17","0.04","Moving Down","","",,="2/9","<1","false","Swing"
"HOG","Harley-Davidson, Inc. Common Stock","Discretionary","Recreational Vehicles","28.2","81.31","Buy","Aug 14, 2026","Uptrend","Aug 05, 2026","2447852.57","46.23","10.22","2.06","Moving Up","","",,="5/9","<1","false","Swing"
"KEP","Korea Electric Power Corporation Common Stock","Utilities","Utilities - Regulated Electric","11.26","41.18","Sell","Aug 14, 2026","Downtrend","Aug 13, 2026","1128951.67","32.39","31.83","0.27","Moving Down","","",,="2/9","<1","false","Swing"
"MGY","Magnolia Oil & Gas Corporation Class A Common Stock","Energy","Oil & Gas E&P","28.14","68.68","Buy","Aug 14, 2026","Uptrend","Aug 14, 2026","5852600.5","-44.5","0.04","-0.28","Moving Up","","",,="6/9","<1","false","Swing"
"MKC","McCormick & Company, Incorporated Common Stock","Staples","Packaged Foods","55.41","71.6","Buy","Aug 14, 2026","Uptrend","Jul 28, 2026","2978713","14.84","4.41","0.34","Moving Up","","",,="6/9","<1","false","Swing"
"MPC","Marathon Petroleum Corporation Common Stock","Energy","Oil & Gas Refining & Marketing","360.72","93.1","Buy","Aug 14, 2026","Uptrend","Jul 01, 2026","2250353.17","1006.6","1.16","0.7","Moving Up","","",,="7/9","<1","false","Swing"
"MRNA","Moderna, Inc. Common Stock","Health Care","Biotechnology","145.13","90.3","Buy","Aug 14, 2026","Uptrend","Aug 13, 2026","17213848.93","202.89","19.33","8.86","Moving Up","","",,="7/9","<1","false","Swing"
"MRVL","Marvell Technology, Inc. Common Stock","Technology","Semiconductors","237.04","71.88","Buy","Aug 14, 2026","Uptrend","Aug 13, 2026","23419682.23","391.73","1.39","-5.57","Moving Up","","",,="5/9","<1","false","Swing"
"NVCR","NovoCure Limited Ordinary Shares","Health Care","Medical Devices","17.1","59.68","Buy","Aug 14, 2026","Uptrend","Aug 10, 2026","1581263.7","50.89","6.75","-3.77","Moving Down","","",,="6/9","<1","false","Swing"
"NVST","Envista Holdings Corporation Common Stock","Health Care","Medical Instruments & Supplies","27.2","42.63","Sell","Aug 14, 2026","Uptrend","Jun 15, 2026","2888342.7","-31.51","3.6","1","Moving Down","","",,="4/9","<1","false","Swing"
"OKE","ONEOK, Inc. Common Stock","Energy","Oil & Gas Midstream","93.33","64.31","Buy","Aug 14, 2026","Uptrend","Aug 12, 2026","3663756.83","-28.39","0.24","-1.34","Moving Up","","",,="7/9","<1","false","Swing"
"PAYX","Paychex, Inc. Common Stock","Technology","Software - Application","124.475","93.86","Sell","Aug 14, 2026","Uptrend","Jun 25, 2026","2886705.5","-36.29","0.25","1.27","Moving Down","","",,="3/9","<1","false","Swing"
"PCAR","PACCAR Inc. Common Stock","Industrials","Farm & Heavy Construction Machinery","131.03","76.52","Sell","Aug 14, 2026","Uptrend","Aug 21, 2026","3347467.17","99.71","1.41","1.62","Moving Down","","",,="2/9","<1","false","Swing"
"PDD","PDD Holdings Inc. American Depositary Shares","Discretionary","Internet Retail","88.38","58.65","Sell","Aug 14, 2026","Uptrend","Aug 18, 2026","6118548.5","-16.63","0.07","-1.27","Moving Up","","",,="4/9","<1","false","Swing"
"PRCH","Porch Group, Inc. Common Stock","Financials","Insurance - Property & Casualty","17.09","57.8","Sell","Aug 14, 2026","Uptrend","Jul 31, 2026","1720081.8","219.67","5.91","0.06","Moving Down","","",,="3/9","<1","false","Swing"
"QSR","Restaurant Brands International Inc. Common Shares","Discretionary","Restaurants","80.86","75.15","Buy","Aug 14, 2026","Uptrend","Aug 13, 2026","2324070.93","-33.67","0.16","1.65","Moving Up","","",,="4/9","<1","false","Swing"
"RELX","RELX PLC PLC American Depositary Shares (Each representing One Ordinary Share)","Industrials","Specialty Business Services","35.91","72.95","Sell","Aug 14, 2026","Uptrend","Aug 19, 2026","2641747.83","-8.64","0.33","1.5","Moving Down","","",,="2/9","<1","false","Swing"
"RKLB","Rocket Lab Corporation Common Stock","Industrials","Aerospace & Defense","72.57","17.7","Sell","Aug 14, 2026","Downtrend","Aug 21, 2026","18562959.13","2249.27","4.97","-0.52","Moving Down","","",,="2/9","<1","false","Swing"
"RLAY","Relay Therapeutics, Inc. Common Stock","Health Care","Biotechnology","19.44","46.92","Sell","Aug 14, 2026","Uptrend","May 26, 2026","2103573.53","6.22","4.87","-1.32","Moving Down","","",,="5/9","<1","false","Swing"
"RNG","RingCentral, Inc. Class A Common Stock","Technology","Software - Application","67.01","89.03","Sell","Aug 14, 2026","Uptrend","Jul 24, 2026","2215110.23","-46.89","5.75","2.18","Moving Down","","",,="2/9","<1","false","Swing"
"ROST","Ross Stores, Inc. Common Stock","Discretionary","Apparel Retail","239.04","75.49","Sell","Aug 14, 2026","Neutral","Aug 21, 2026","2411757.83","35.99","0.89","4.39","Moving Down","","",,="2/9","<1","false","Swing"
"SOFI","SoFi Technologies, Inc. Common Stock  ","Financials","Credit Services","18.91","44.64","Sell","Aug 14, 2026","Uptrend","Aug 05, 2026","69164555.43","-54.24","0.23","5.52","Moving Up","","",,="3/9","<1","false","Swing"
"STX","Seagate Technology Holdings PLC Ordinary Shares (Ireland)","Technology","Computer Hardware","850","69.6","Buy","Aug 14, 2026","Neutral","Aug 19, 2026","5205277.93","253.77","0.49","-0.03","Moving Down","","",,="3/9","<1","false","Swing"
"STZ","Constellation Brands, Inc. Common Stock","Staples","Beverages - Brewers","135.66","57.89","Buy","Aug 14, 2026","Neutral","Aug 17, 2026","1753064.13","-57.44","1.27","1.13","Moving Up","","",,="5/9","<1","false","Swing"
"TAL","TAL Education Group American Depositary Shares","Staples","Education & Training Services","11.32","63.58","Sell","Aug 14, 2026","Uptrend","Jul 08, 2026","4564667.77","3.52","3.56","-1.31","Moving Down","","",,="4/9","<1","false","Swing"
"TPR","Tapestry, Inc. Common Stock","Discretionary","Luxury Goods","130.17","46.77","Sell","Aug 14, 2026","Downtrend","Aug 14, 2026","2727155.6","375.34","2.43","0.27","Moving Down","","",,="2/9","<1","false","Swing"
"VERX","Vertex, Inc. Class A Common Stock","Technology","Software - Application","13.47","83.12","Buy","Aug 14, 2026","Uptrend","Aug 18, 2026","2386835.67","-81.53","0.54","-0.81","Moving Up","","",,="4/9","<1","false","Swing"
"VIAV","Viavi Solutions Inc. Common Stock","Technology","Communication Equipment","38.9","68.3","Buy","Aug 14, 2026","Downtrend","Aug 21, 2026","5076958.47","184.69","2.32","0.88","Moving Down","","",,="3/9","<1","false","Swing"
"VSXY","Victorias Secret & Co. Common Stock ","Discretionary","Apparel Retail","85.39","51.06","Sell","Aug 14, 2026","Neutral","Aug 21, 2026","1611796.47","245.41","1.66","-1.62","Moving Down","","",,="2/9","<1","false","Swing"
"YUMC","Yum China Holdings, Inc. Common Stock","Discretionary","Restaurants","49.52","62.58","Sell","Aug 14, 2026","Uptrend","Jul 27, 2026","1542442.97","0.86","3.82","1.31","Moving Up","","",,="4/9","<1","false","Swing"
"ACM","AECOM Common Stock","Industrials","Engineering & Construction","64.79","32.72","Sell","Aug 13, 2026","Downtrend","Aug 12, 2026","1929320.57","-25.67","0.21","-0.6","Moving Down","","",,="2/9","<1","false","Swing"
"ADP","Automatic Data Processing, Inc. Common Stock","Technology","Software - Application","280.81","92.9","Sell","Aug 13, 2026","Uptrend","Jun 30, 2026","2377594.63","141.99","6.18","0.57","Moving Down","","",,="3/9","<1","false","Swing"
"AEO","American Eagle Outfitters, Inc. Common Stock","Discretionary","Apparel Retail","16.17","42.77","Sell","Aug 13, 2026","Downtrend","Aug 13, 2026","4247186.8","184.16","41.88","1.06","Moving Down","","",,="2/9","<1","false","Swing"
"ARMK","Aramark Common Stock","Industrials","Specialty Business Services","59.77","86.22","Buy","Aug 13, 2026","Uptrend","Aug 11, 2026","2698336.77","20.66","1.55","0.67","Moving Down","","",,="4/9","<1","false","Swing"
"ASML","ASML Holding N.V. New York Registry Shares","Technology","Semiconductor Equipment & Materials","1763.76","70.69","Buy","Aug 13, 2026","Uptrend","Aug 12, 2026","1671343.2","130.67","0.75","0.77","Moving Up","","",,="5/9","<1","false","Swing"
"AVPT","AvePoint, Inc. Class A Common Stock","Technology","Software - Infrastructure","13.37","61.7","Sell","Aug 13, 2026","Uptrend","Jun 29, 2026","1987008.83","184","4.4","1.83","Moving Down","","",,="3/9","<1","false","Swing"
"BABA","Alibaba Group Holding Limited American Depositary Shares each representing eight Ordinary share","Discretionary","Internet Retail","119.34","50.53","Sell","Aug 13, 2026","Neutral","Aug 21, 2026","11192475.3","9.53","4.92","-8.57","Moving Down","","Negative","true",="2/9","<1","false","Swing"
"BILI","Bilibili Inc. American Depositary Shares","Communication","Internet Content & Information","17.06","22.55","Sell","Aug 13, 2026","Downtrend","Aug 13, 2026","2263745.87","-42.92","4.96","2.4","Moving Down","","",,="2/9","<1","false","Swing"
"BTU","Peabody Energy Corporation Common Stock ","Energy","Thermal Coal","27.61","51.5","Buy","Aug 13, 2026","Uptrend","Aug 14, 2026","2368925.03","-126.29","0.17","2.79","Moving Up","","","true",="7/9","<1","false","Swing"
"BUD","Anheuser-Busch Inbev SA Sponsored ADR (Belgium)","Staples","Beverages - Brewers","78.92","56.75","Sell","Aug 13, 2026","Downtrend","Aug 12, 2026","1687631.57","48.4","37.48","1.28","Moving Down","","",,="3/9","<1","false","Swing"
"BZ","KANZHUN LIMITED American Depository Shares","Communication","Internet Content & Information","15.95","60.48","Sell","Aug 13, 2026","Uptrend","Jul 13, 2026","3513328.43","49.62","9.96","1.08","Moving Up","","",,="4/9","<1","false","Swing"
"CBRE","CBRE Group Inc Common Stock Class A","Real Estate","Real Estate Services","152.1","65.84","Sell","Aug 13, 2026","Uptrend","Jul 24, 2026","1612244.27","53.65","1.11","0.2","Moving Down","","",,="5/9","<1","false","Swing"
"CNM","Core & Main, Inc. Class A Common Stock","Industrials","Industrial Distribution","44.88","46.25","Sell","Aug 13, 2026","Downtrend","Aug 20, 2026","1814752.2","-55.96","0.13","0.94","Moving Down","","",,="2/9","<1","false","Swing"
"CNXC","Concentrix Corporation Common Stock","Technology","Information Technology Services","25.4","55.88","Sell","Aug 13, 2026","Uptrend","Aug 19, 2026","1232577.33","-53.25","6.47","0.79","Moving Up","","",,="3/9","<1","false","Swing"
"CRNX","Crinetics Pharmaceuticals, Inc. Common Stock","Health Care","Biotechnology","84.69","62.38","Sell","Aug 13, 2026","Uptrend","Jun 26, 2026","3130371.93","313.13","2.91","0","Moving Down","","",,="5/9","<1","false","Swing"
"CZR","Caesars Entertainment, Inc. Common Stock","Discretionary","Resorts & Casinos","29.76","70.89","Sell","Aug 13, 2026","Neutral","Aug 13, 2026","3749428.77","-41.62","4.41","0.4","Moving Down","","",,="1/9","<1","false","Swing"
"DXC","DXC Technology Company Common Stock ","Technology","Information Technology Services","10.8","70.8","Sell","Aug 13, 2026","Uptrend","Jul 24, 2026","3544528.77","-111.51","2.23","0.93","Moving Down","","",,="2/9","<1","false","Swing"
"EFC","Ellington Financial Inc. Common Stock ","Real Estate","REIT - Mortgage","13.63","68.15","Buy","Aug 13, 2026","Uptrend","Aug 12, 2026","1136889.03","5.22","0.46","0.07","Moving Up","","",,="6/9","<1","false","Swing"
"ELV","Elevance Health, Inc. Common Stock","Health Care","Healthcare Plans","400.54","68.79","Buy","Aug 13, 2026","Uptrend","Aug 12, 2026","1266104.23","4.42","0.35","1.07","Moving Up","","",,="7/9","<1","false","Swing"
"EQNR","Equinor ASA","Energy","Oil & Gas Integrated","42.86","73.93","Buy","Aug 13, 2026","Uptrend","Jul 14, 2026","3415066.53","29.55","0.8","0","Moving Up","","",,="6/9","<1","false","Swing"
"EXPD","Expeditors International of Washington, Inc. Common Stock","Industrials","Integrated Freight & Logistics","187.81","86.19","Buy","Aug 13, 2026","Uptrend","May 05, 2026","1177688.77","-22.39","0.32","0.76","Moving Up","","",,="5/9","<1","false","Swing"
"FA","First Advantage Corporation Common Stock","Industrials","Specialty Business Services","20.9","68.36","Sell","Aug 13, 2026","Uptrend","Apr 13, 2026","2446577.3","-13.55","0.26","-1.55","Moving Down","","",,="3/9","<1","false","Swing"
"GILD","Gilead Sciences, Inc. Common Stock","Health Care","Drug Manufacturers - General","146.12","61.05","Buy","Aug 13, 2026","Uptrend","Aug 07, 2026","6334711.3","72.16","1.4","1.87","Moving Up","","",,="6/9","<1","false","Swing"
"GMAB","Genmab A/S ADS","Health Care","Biotechnology","33.45","86.87","Buy","Aug 13, 2026","Uptrend","Jun 30, 2026","2464668.07","77.97","4.76","0.12","Moving Up","","",,="6/9","<1","false","Swing"
"GPGI","GPGI, Inc. Class A Common Stock","Industrials","Metal Fabrication","12.79","28.23","Sell","Aug 13, 2026","Downtrend","Aug 12, 2026","1317208.47","-60.62","0.22","0","Moving Up","","",,="3/9","<1","false","Swing"
"GPN","Global Payments Inc. Common Stock","Technology","Software - Infrastructure","93.49","92.69","Sell","Aug 13, 2026","Uptrend","Jun 29, 2026","3131887.97","-49.13","3.2","1.31","Moving Down","","",,="3/9","<1","false","Swing"
"HON","Honeywell International Inc. Common Stock","Industrials","Conglomerates","215.9","67.25","Sell","Aug 13, 2026","Downtrend","Aug 17, 2026","3151252.87","-46.43","0.12","-1.11","Moving Down","","",,="2/9","<1","false","Swing"
"HWM","Howmet Aerospace Inc. Common Stock","Industrials","Aerospace & Defense","271.68","59.13","Sell","Aug 13, 2026","Downtrend","Aug 21, 2026","2028229.9","358.36","1.01","-0.72","Moving Down","","",,="2/9","<1","false","Swing"
"IR","Ingersoll Rand Inc. Common Stock","Industrials","Specialty Industrial Machinery","80.51","51.6","Sell","Aug 13, 2026","Downtrend","Aug 18, 2026","4252995.9","37.3","1.82","1.49","Moving Down","","",,="2/9","<1","false","Swing"
"LNC","Lincoln National Corporation Common Stock","Financials","Insurance - Life","42.15","73.65","Sell","Aug 13, 2026","Uptrend","Jul 01, 2026","2059990.03","-28.34","2.6","0.4","Moving Down","","",,="3/9","<1","false","Swing"
"LNG","Cheniere Energy, Inc. Common Stock","Energy","Oil & Gas Midstream","277.51","68.15","Buy","Aug 13, 2026","Uptrend","Jul 01, 2026","1624895.93","-82.56","0.35","-0.59","Moving Up","","",,="7/9","<1","false","Swing"
"MTDR","Matador Resources Company Common Stock","Energy","Oil & Gas E&P","58.38","75.89","Buy","Aug 13, 2026","Uptrend","Aug 14, 2026","2082316.17","303.66","2.25","-0.07","Moving Up","","",,="7/9","<1","false","Swing"
"NTRS","Northern Trust Corporation Common Stock","Financials","Asset Management","183.9","68.8","Buy","Aug 13, 2026","Uptrend","Apr 06, 2026","1092490.73","12.46","0.39","0.76","Moving Down","","",,="4/9","<1","false","Swing"
"OTEX","Open Text Corporation Common Shares","Technology","Software - Application","24.665","78.69","Sell","Aug 13, 2026","Uptrend","Jul 27, 2026","1632990.9","0.14","3.05","0.26","Moving Down","","",,="3/9","<1","false","Swing"
"PPG","PPG Industries, Inc. Common Stock","Materials","Specialty Chemicals","113.63","67.03","Sell","Aug 13, 2026","Downtrend","Aug 12, 2026","1656179.97","-41.06","0.78","1.06","Moving Down","","",,="3/9","<1","false","Swing"
"SNOW","Snowflake Inc. Common Stock","Technology","Software - Application","332.78","65.82","Sell","Aug 13, 2026","Uptrend","May 15, 2026","4547271","116.96","5.58","3.58","Moving Up","","","true",="4/9","<1","false","Swing"
"ST","Sensata Technologies Holding plc Ordinary Shares","Technology","Scientific & Technical Instruments","42.83","67.85","Sell","Aug 13, 2026","Downtrend","Aug 13, 2026","1636578.47","-41.3","1.71","2.15","Moving Down","","",,="2/9","<1","false","Swing"
"TJX","TJX Companies, Inc. (The) Common Stock","Discretionary","Apparel Retail","140.53","36.01","Sell","Aug 13, 2026","Downtrend","Aug 13, 2026","5505526.5","30.89","0.57","-0.11","Moving Down","","",,="2/9","<1","false","Swing"
"TSM","Taiwan Semiconductor Manufacturing Company Ltd.","Technology","Semiconductors","418.95","48.99","Buy","Aug 13, 2026","Uptrend","Aug 21, 2026","13100937.1","132.98","0.58","0.71","Moving Up","","","true",="5/9","<1","false","Swing"
"UL","Unilever PLC American Depositary Shares (each representing One Ordinary Share)","Staples","Household & Personal Products","64.14","58.79","Sell","Aug 13, 2026","Uptrend","Aug 20, 2026","4343980.93","42.06","5.67","1.17","Moving Up","","",,="5/9","<1","false","Swing"
"VIPS","Vipshop Holdings Limited American Depositary Shares, each representing two ordinary shares","Discretionary","Internet Retail","14.53","40.85","Sell","Aug 13, 2026","Neutral","Aug 21, 2026","1819983.4","43.34","78.06","1.61","Moving Down","","",,="2/9","<1","false","Swing"
"VNT","Vontier Corporation Common Stock ","Technology","Scientific & Technical Instruments","32.98","53.21","Sell","Aug 13, 2026","Uptrend","Jul 24, 2026","1543913.77","34.85","1.34","0.52","Moving Up","","",,="4/9","<1","false","Swing"
"ZG","Zillow Group, Inc. Class A Common Stock","Communication","Internet Content & Information","36.78","58.89","Sell","Aug 13, 2026","Uptrend","Aug 18, 2026","1314893.77","-48.47","1.39","0.57","Moving Up","","",,="4/9","<1","false","Swing"
"AAL","American Airlines Group Inc. Common Stock","Industrials","Airlines","13.82","46.65","Sell","Aug 12, 2026","Downtrend","Aug 11, 2026","84680106.13","-26.31","6.82","2.22","Moving Down","","",,="2/9","<1","false","Swing"
"AAP","Advance Auto Parts Inc.","Discretionary","Auto Parts","42.58","49.55","Sell","Aug 12, 2026","Downtrend","Aug 19, 2026","2130218.97","-6.08","38.15","0.45","Moving Down","","",,="2/9","<1","false","Swing"
"ALB","Albemarle Corporation Common Stock","Materials","Specialty Chemicals","143.25","63.99","Buy","Aug 12, 2026","Uptrend","Aug 21, 2026","2210022.07","157.79","4.7","6.75","Moving Up","","",,="6/9","<1","false","Swing"
"ALKT","Alkami Technology, Inc. Common Stock","Technology","Software - Application","20.38","79.97","Sell","Aug 12, 2026","Uptrend","Jul 27, 2026","1267427.13","-3.44","0.23","2.36","Moving Up","","",,="3/9","<1","false","Swing"
"ALL","Allstate Corporation (The) Common Stock","Financials","Insurance - Property & Casualty","253.83","72.21","Sell","Aug 12, 2026","Neutral","Aug 21, 2026","1685666.47","21.01","0.41","-0.28","Moving Down","","",,="2/9","<1","false","Swing"
"AMCR","Amcor plc Ordinary Shares","Discretionary","Packaging & Containers","48.59","67.52","Sell","Aug 12, 2026","Uptrend","Jun 11, 2026","3749968.17","-47.89","0.46","1.63","Moving Up","","",,="4/9","<1","false","Swing"
"ARLO","Arlo Technologies, Inc. Common Stock","Industrials","Building Products & Equipment","13.1","37.34","Sell","Aug 12, 2026","Downtrend","Aug 19, 2026","1236025.63","-73.23","0.1","0.46","Moving Down","","",,="2/9","<1","false","Swing"
"BSY","Bentley Systems, Incorporated Class B Common Stock","Technology","Software - Application","37.08","61.64","Sell","Aug 12, 2026","Uptrend","Jul 27, 2026","2650740.07","-38.87","0.58","1.87","Moving Up","","",,="4/9","<1","false","Swing"
"CDW","CDW Corporation Common Stock","Technology","Information Technology Services","137.25","64.92","Sell","Aug 12, 2026","Neutral","Aug 21, 2026","1913295.63","-87.59","0.11","2.78","Moving Down","","",,="2/9","<1","false","Swing"
"CLBT","Cellebrite DI Ltd. Ordinary Shares","Technology","Software - Infrastructure","11.05","14.82","Sell","Aug 12, 2026","Downtrend","Aug 13, 2026","3366333.87","-87.37","0.1","-2.3","Moving Up","","",,="3/9","<1","false","Swing"
"COGT","Cogent Biosciences, Inc. Common Stock","Health Care","Biotechnology","36.73","28.73","Sell","Aug 12, 2026","Downtrend","Aug 14, 2026","1859755.83","202.51","2.18","4.02","Moving Down","","",,="4/9","<1","false","Swing"
"CTAS","Cintas Corporation Common Stock","Industrials","Specialty Business Services","203.79","76.77","Sell","Aug 12, 2026","Uptrend","Jul 02, 2026","2309589.53","35.53","0.38","0.13","Moving Down","","",,="2/9","<1","false","Swing"
"DG","Dollar General Corporation Common Stock","Staples","Discount Stores","123.41","59.26","Sell","Aug 12, 2026","Neutral","Aug 21, 2026","2151546.23","28.4","7.88","2.35","Moving Down","","",,="3/9","<1","false","Swing"
"DOW","Dow Inc. Common Stock ","Materials","Chemicals","32.35","69.28","Buy","Aug 12, 2026","Uptrend","Aug 17, 2026","9393200","-8.22","14.2","-1.67","Moving Up","","",,="6/9","<1","false","Swing"
"EPAM","EPAM Systems, Inc. Common Stock","Technology","Information Technology Services","110.34","74.08","Sell","Aug 12, 2026","Uptrend","Aug 07, 2026","1548195.53","99.66","9.53","3.35","Moving Up","","",,="4/9","<1","false","Swing"
"EXR","Extra Space Storage Inc Common Stock","Real Estate","REIT - Industrial","146.81","64.21","Sell","Aug 12, 2026","Downtrend","Aug 21, 2026","1115138.03","21.85","1.38","-0.31","Moving Down","","",,="4/9","<1","false","Swing"
"EYE","National Vision Holdings, Inc. Common Stock","Discretionary","Specialty Retail","17.88","31.73","Sell","Aug 12, 2026","Downtrend","Aug 14, 2026","2067128.37","14.65","4.16","-2.77","Moving Down","","",,="2/9","<1","false","Swing"
"FORM","FormFactor, Inc. FormFactor, Inc. Common Stock","Technology","Semiconductor Equipment & Materials","114.16","81.61","Buy","Aug 12, 2026","Neutral","Aug 19, 2026","1262429.47","42.04","0.49","-1.34","Moving Down","","",,="3/9","<1","false","Swing"
"GDS","GDS Holdings Limited ADS","Technology","Information Technology Services","32.85","48.59","Buy","Aug 12, 2026","Neutral","Aug 19, 2026","1805713.9","-79.11","1.77","0","Moving Down","","",,="3/9","<1","false","Swing"
"GFL","GFL Environmental Inc. Subordinate voting shares, no par value","Industrials","Waste Management","41.05","67.37","Sell","Aug 12, 2026","Uptrend","Jul 01, 2026","2067714.1","-87.05","0.12","-0.29","Moving Down","","",,="2/9","<1","false","Swing"
"GIS","General Mills, Inc. Common Stock","Staples","Packaged Foods","39.97","83.68","Buy","Aug 12, 2026","Uptrend","Aug 07, 2026","8700274.57","-48.06","1.18","0.91","Moving Up","","",,="6/9","<1","false","Swing"
"GLBE","Global-E Online Ltd. Ordinary Shares","Discretionary","Internet Retail","40.55","75.05","Sell","Aug 12, 2026","Uptrend","Jul 24, 2026","1466835.4","-95.15","0.03","-0.59","Moving Up","","",,="4/9","<1","false","Swing"
"HOPE","Hope Bancorp, Inc. Common Stock","Financials","Banks - Regional","13.97","67.94","Sell","Aug 12, 2026","Uptrend","Jun 04, 2026","1037234.37","46.31","7.86","0","Moving Down","","",,="3/9","<1","false","Swing"
"ISRG","Intuitive Surgical, Inc. Common Stock","Health Care","Medical Instruments & Supplies","378.81","60.63","Buy","Aug 12, 2026","Neutral","Aug 20, 2026","3734330.87","57.98","2.08","1.16","Moving Down","","",,="5/9","<1","false","Swing"
"KC","Kingsoft Cloud Holdings Limited American Depositary Shares","Technology","Software - Application","11.14","32.35","Sell","Aug 12, 2026","Neutral","Aug 21, 2026","1535303","-4.8","0.21","-2.45","Moving Up","","",,="3/9","<1","false","Swing"
"KNTK","Kinetik Holdings Inc. Class A Common Stock","Energy","Oil & Gas Midstream","54.5","82.96","Buy","Aug 12, 2026","Uptrend","Aug 06, 2026","1016766.47","33.21","0.75","0.2","Moving Up","","",,="7/9","<1","false","Swing"
"KSS","Kohl's Corporation Common Stock","Discretionary","Department Stores","17.6","70.06","Sell","Aug 12, 2026","Downtrend","Aug 21, 2026","3278394.87","-95.66","2.24","1.56","Moving Down","","",,="2/9","<1","false","Swing"
"M","Macy's Inc Common Stock","Discretionary","Department Stores","22.82","60.72","Sell","Aug 12, 2026","Downtrend","Aug 14, 2026","4749630.83","-150.74","0.07","1.06","Moving Down","","",,="2/9","<1","false","Swing"
"MA","Mastercard Incorporated Common Stock","Financials","Credit Services","580.63","83.14","Sell","Aug 12, 2026","Uptrend","Jun 26, 2026","2901238.53","3.55","0.1","1.18","Moving Down","","",,="2/9","<1","false","Swing"
"NWS","News Corporation Class B Common Stock","Communication","Entertainment","34.55","66.16","Sell","Aug 12, 2026","Uptrend","Jul 27, 2026","1072909.1","80.39","1.64","2.28","Moving Up","","",,="3/9","<1","false","Swing"
"OCUL","Ocular Therapeutix, Inc. Common Stock","Health Care","Biotechnology","11.08","75.43","Buy","Aug 12, 2026","Uptrend","Aug 11, 2026","2532974.3","-233.16","0.11","-0.09","Moving Up","","",,="6/9","<1","false","Swing"
"OMC","Omnicom Group Inc. Common Stock","Communication","Advertising Agencies","87.54","77.18","Buy","Aug 12, 2026","Uptrend","Jul 02, 2026","2825950.67","-80.53","0.05","0.54","Moving Up","","",,="5/9","<1","false","Swing"
"ONON","On Holding AG Class A Ordinary Shares","Discretionary","Footwear & Accessories","30.02","21.19","Sell","Aug 12, 2026","Downtrend","Aug 11, 2026","7019456.8","-27.55","0.02","0.4","Moving Down","","",,="2/9","<1","false","Swing"
"ONTO","Onto Innovation Inc. Common Stock","Technology","Semiconductor Equipment & Materials","293.33","72.24","Buy","Aug 12, 2026","Neutral","Aug 21, 2026","1152577.17","-199.75","0.28","-1.84","Moving Up","","",,="4/9","<1","false","Swing"
"PHG","Koninklijke Philips N.V. NY Registry Shares","Health Care","Medical Devices","27.42","56.44","Buy","Aug 12, 2026","Uptrend","Aug 11, 2026","1184698.5","-21.05","6.05","-0.29","Moving Up","","",,="7/9","<1","false","Swing"
"RYN","Rayonier Inc. REIT Common Stock","Real Estate","REIT - Specialty","21.2","66.44","Sell","Aug 12, 2026","Downtrend","Aug 20, 2026","2746401.5","-62.67","1.29","-0.38","Moving Down","","",,="3/9","<1","false","Swing"
"SFL","SFL Corporation Ltd","Industrials","Marine Shipping","12.39","83.25","Sell","Aug 12, 2026","Uptrend","Jul 15, 2026","1253984.13","84.59","10.2","-1.04","Moving Up","","",,="4/9","<1","false","Swing"
"SFNC","Simmons First National Corporation Class A Common Stock","Financials","Banks - Regional","23.01","63.52","Sell","Aug 12, 2026","Neutral","Aug 21, 2026","1471867.57","-14.93","1.8","0.13","Moving Down","","",,="2/9","<1","false","Swing"
"SM","SM Energy Company Common Stock","Energy","Oil & Gas E&P","37.2","61.29","Buy","Aug 12, 2026","Uptrend","Aug 10, 2026","3629924.07","254.2","2.9","-1.17","Moving Up","","",,="7/9","<1","false","Swing"
"SRPT","Sarepta Therapeutics, Inc. Common Stock (DE)","Health Care","Biotechnology","18.79","71.57","Buy","Aug 12, 2026","Uptrend","Aug 11, 2026","2966786.4","-78.5","4.04","-2.24","Moving Up","","",,="6/9","<1","false","Swing"
"SRRK","Scholar Rock Holding Corporation Common Stock","Health Care","Biotechnology","56.5","50.22","Buy","Aug 12, 2026","Uptrend","Aug 11, 2026","1043963.77","-294.11","0.13","2.26","Moving Up","","",,="7/9","<1","false","Swing"
"VALE","VALE S.A.  American Depositary Shares Each Representing one common share","Materials","Other Industrial Metals & Mining","14.59","46.92","Sell","Aug 12, 2026","Downtrend","Aug 11, 2026","22148790.57","-44.82","0.09","2.53","Moving Up","","",,="3/9","<1","false","Swing"
"YETI","YETI Holdings, Inc. Common Stock","Discretionary","Leisure","43.76","21.71","Sell","Aug 12, 2026","Downtrend","Aug 13, 2026","1634328.73","5.8","4","-0.55","Moving Down","","",,="2/9","<1","false","Swing"
"BBWI","Bath & Body Works, Inc.","Discretionary","Specialty Retail","19.45","59.23","Sell","Aug 11, 2026","Downtrend","Aug 19, 2026","5136704.17","198.37","15.62","-0.97","Moving Down","","",,="2/9","<1","false","Swing"
"BMRN","BioMarin Pharmaceutical Inc. Common Stock","Health Care","Biotechnology","66.7","86.28","Buy","Aug 11, 2026","Uptrend","Jun 22, 2026","2042892.8","-23.85","2.76","-1.45","Moving Up","","",,="7/9","<1","false","Swing"
"CBOE","Cboe Global Markets, Inc. Common Stock","Financials","Financial Data & Stock Exchanges","300.74","71.53","Sell","Aug 11, 2026","Uptrend","Aug 20, 2026","1000839.17","103.87","1.66","2.25","Moving Down","","Positive",,="3/9","<1","false","Swing"
"CCEP","Coca-Cola Europacific Partners plc Ordinary Shares","Staples","Beverages - Non-Alcoholic","108","78.07","Sell","Aug 11, 2026","Uptrend","Jun 09, 2026","1905496.63","44.29","0.87","1.08","Moving Down","","",,="4/9","<1","false","Swing"
"CCJ","Cameco Corporation Common Stock","Energy","Uranium","102.51","54.3","Buy","Aug 11, 2026","Uptrend","Aug 21, 2026","3380084.2","467.02","1.26","7.24","Moving Up","","",,="6/9","<1","false","Swing"
"COMP","Compass, Inc. Class A Common Stock","Real Estate","Real Estate Services","11.75","57.3","Sell","Aug 11, 2026","Uptrend","Jun 12, 2026","11137015.57","338.53","4.05","-1.43","Moving Down","","",,="5/9","<1","false","Swing"
"CRK","Comstock Resources, Inc. Common Stock","Energy","Oil & Gas E&P","14.22","44.58","Buy","Aug 11, 2026","Uptrend","Aug 21, 2026","2268075.77","-32.16","0.24","2.89","Moving Up","","",,="6/9","<1","false","Swing"
"DE","Deere & Company Common Stock","Industrials","Farm & Heavy Construction Machinery","647.47","64.55","Sell","Aug 11, 2026","Uptrend","Aug 21, 2026","1125823.77","132.02","1.25","4.27","Moving Up","","",,="4/9","<1","false","Swing"
"DHR","Danaher Corporation Common Stock","Health Care","Diagnostics & Research","218.85","69.24","Buy","Aug 11, 2026","Uptrend","Jul 23, 2026","5606840.3","-0.67","0.35","1.36","Moving Up","","",,="7/9","<1","false","Swing"
"DVN","Devon Energy Corporation Common Stock","Energy","Oil & Gas E&P","49.1","66.58","Buy","Aug 11, 2026","Uptrend","Aug 10, 2026","10197235.73","-36.23","0.27","-0.41","Moving Up","","",,="6/9","<1","false","Swing"
"FDX","FedEx Corporation Common Stock","Industrials","Integrated Freight & Logistics","325.08","48.81","Buy","Aug 11, 2026","Neutral","Aug 20, 2026","1505602.87","41.35","0.94","-0.29","Moving Up","","",,="4/9","<1","false","Swing"
"FWONK","Liberty Media Corporation Series C Liberty Formula One Common Stock","Communication","Entertainment","104.94","76.33","Buy","Aug 11, 2026","Uptrend","Jun 17, 2026","1997768.53","96.63","1.34","0.75","Moving Up","","",,="4/9","<1","false","Swing"
"GRND","Grindr Inc. Common Stock","Technology","Software - Application","15.53","58.23","Sell","Aug 11, 2026","Neutral","Aug 19, 2026","1666307.1","224.79","4.94","-0.83","Moving Up","","",,="3/9","<1","false","Swing"
"HAYW","Hayward Holdings, Inc. Common Stock","Industrials","Electrical Equipment & Parts","14.58","37.02","Sell","Aug 11, 2026","Downtrend","Aug 17, 2026","2754327.43","-60.04","0.12","-0.95","Moving Down","","",,="2/9","<1","false","Swing"
"KMB","Kimberly-Clark Corporation Common Stock","Staples","Household & Personal Products","109.31","81.38","Sell","Aug 11, 2026","Neutral","Aug 18, 2026","3437830.53","-27.89","0.01","0.57","Moving Down","","",,="3/9","<1","false","Swing"
"LFST","LifeStance Health Group, Inc. Common Stock","Health Care","Medical Care Facilities","12.47","81.82","Buy","Aug 11, 2026","Uptrend","Jun 09, 2026","3743447.87","-48.2","0.18","-1.42","Moving Down","","",,="6/9","<1","false","Swing"
"LPTH","LightPath Technologies, Inc. Class A Common Stock","Technology","Electronic Components","14.42","58.3","Buy","Aug 11, 2026","Uptrend","Aug 10, 2026","2712224.9","677.39","1.17","10.75","Moving Up","","",,="4/9","<1","false","Swing"
"LW","Lamb Weston Holdings, Inc. Common Stock ","Staples","Packaged Foods","53.68","81.61","Sell","Aug 11, 2026","Uptrend","Jul 01, 2026","1713348.47","-14.05","4.33","0.39","Moving Down","","",,="4/9","<1","false","Swing"
"NE","Noble Corporation plc A Ordinary Shares","Energy","Oil & Gas Drilling","46.27","70.73","Buy","Aug 11, 2026","Uptrend","Aug 10, 2026","1482860","-22.64","0.54","-1.51","Moving Down","","",,="6/9","<1","false","Swing"
"NOG","Northern Oil and Gas, Inc. Common Stock","Energy","Oil & Gas E&P","27.34","85.68","Buy","Aug 11, 2026","Uptrend","Aug 07, 2026","2613224.17","94.14","8.68","1.6","Moving Up","","",,="6/9","<1","false","Swing"
"NWSA","News Corporation Class A Common Stock","Communication","Entertainment","30.38","68.52","Sell","Aug 11, 2026","Uptrend","Jul 24, 2026","3551172.8","64.71","1.69","2.46","Moving Up","","",,="3/9","<1","false","Swing"
"OXY","Occidental Petroleum Corporation Common Stock","Energy","Oil & Gas E&P","61.3","79.8","Buy","Aug 11, 2026","Uptrend","Aug 06, 2026","8246601.7","-14.08","0.25","-0.36","Moving Up","","",,="7/9","<1","false","Swing"
"PAY","Paymentus Holdings, Inc. Class A Common Stock","Technology","Software - Infrastructure","40","68.61","Sell","Aug 11, 2026","Uptrend","Jun 30, 2026","1157560.93","243.58","4.68","4.11","Moving Down","","",,="3/9","<1","false","Swing"
"RPD","Rapid7, Inc. Common Stock","Technology","Software - Infrastructure","11.85","81.11","Buy","Aug 11, 2026","Uptrend","Aug 04, 2026","2444081.77","-39.66","8.53","0.04","Moving Up","","",,="5/9","<1","false","Swing"
"TRVI","Trevi Therapeutics, Inc. Common Stock","Health Care","Biotechnology","17.96","29.05","Sell","Aug 11, 2026","Uptrend","Jun 16, 2026","1996473.57","765.94","0.97","-1.59","Moving Down","","",,="5/9","<1","false","Swing"
"UBER","Uber Technologies, Inc. Common Stock","Technology","Software - Application","78.8","70.79","Buy","Aug 11, 2026","Uptrend","Aug 10, 2026","19021048.73","99.75","5","0.32","Moving Up","","",,="4/9","<1","false","Swing"
"UUUU","Energy Fuels Inc Ordinary Shares (Canada)","Energy","Uranium","15.14","57.42","Buy","Aug 11, 2026","Uptrend","Aug 21, 2026","7152312.27","790.64","3.48","8.92","Moving Up","","",,="7/9","<1","false","Swing"
"VOD","Vodafone Group Plc American Depositary Shares","Communication","Telecom Services","15.96","85.21","Sell","Aug 11, 2026","Uptrend","Jul 14, 2026","4240673.33","-3.99","7.82","-0.31","Moving Down","","",,="3/9","<1","false","Swing"
"WBD","Warner Bros. Discovery, Inc. Series A Common Stock ","Communication","Entertainment","28.55","58.66","Buy","Aug 11, 2026","Uptrend","Aug 10, 2026","22983268.47","147.05","53.64","1.13","Moving Up","","Negative",,="5/9","<1","false","Swing"
"AAOI","Applied Optoelectronics, Inc. Common Stock","Technology","Communication Equipment","124.82","63.45","Buy","Aug 10, 2026","Neutral","Aug 19, 2026","11379124.17","630.98","2.58","-3.32","Moving Down","","",,="3/9","<1","false","Swing"
"AG","First Majestic Silver Corp. Ordinary Shares (Canada)","Materials","Silver","21.09","67.38","Buy","Aug 10, 2026","Uptrend","Aug 07, 2026","10216890.73","49.54","2.14","-0.47","Moving Up","","",,="6/9","<1","false","Swing"
"AGI","Alamos Gold Inc. Class A Common Shares","Materials","Gold","37.86","69.43","Buy","Aug 10, 2026","Uptrend","Aug 07, 2026","4374251.47","370.25","1.86","3.19","Moving Up","","",,="5/9","<1","false","Swing"
"AVTR","Avantor, Inc. Common Stock","Health Care","Medical Instruments & Supplies","14.46","75.69","Sell","Aug 10, 2026","Uptrend","May 27, 2026","10840373.7","-65.16","3.7","1.47","Moving Up","","",,="6/9","<1","false","Swing"
"BIIB","Biogen Inc. Common Stock","Health Care","Drug Manufacturers - General","216.78","58.92","Buy","Aug 10, 2026","Uptrend","Jul 29, 2026","1150196.5","-157.44","0.58","1.13","Moving Up","","",,="7/9","<1","false","Swing"
"BWA","BorgWarner Inc. Common Stock","Discretionary","Auto Parts","67.78","54.61","Buy","Aug 10, 2026","Uptrend","Aug 21, 2026","2228443.77","45.23","1.47","4.6","Moving Up","","",,="5/9","<1","false","Swing"
"CALX","Calix, Inc Common Stock","Technology","Software - Infrastructure","40.12","48.65","Buy","Aug 10, 2026","Uptrend","Aug 11, 2026","1167227.27","-527.09","0.14","-0.64","Moving Up","","",,="4/9","<1","false","Swing"
"CLS","Celestica, Inc. Common Stock","Technology","Electronic Components","296.55","40.42","Sell","Aug 10, 2026","Downtrend","Aug 14, 2026","2817255.23","-1372.56","0.29","-1.8","Moving Down","","",,="2/9","<1","false","Swing"
"CRSP","CRISPR Therapeutics AG Common Shares","Health Care","Biotechnology","59.5","78.9","Buy","Aug 10, 2026","Uptrend","Aug 07, 2026","1615324.43","-27.61","8.08","2.37","Moving Up","","",,="6/9","<1","false","Swing"
"DAN","Dana Incorporated Common Stock ","Discretionary","Auto Parts","31.72","73.73","Buy","Aug 10, 2026","Uptrend","Aug 10, 2026","1368775.13","138.7","6.07","3.15","Moving Up","","",,="5/9","<1","false","Swing"
"DDOG","Datadog, Inc. Class A Common Stock","Technology","Software - Application","235.62","47.1","Sell","Aug 10, 2026","Downtrend","Aug 19, 2026","4627207.9","97.92","3.32","1.32","Moving Down","","",,="2/9","<1","false","Swing"
"DOCU","DocuSign, Inc. Common Stock","Technology","Software - Application","62","89.06","Buy","Aug 10, 2026","Uptrend","Jul 24, 2026","2936652.73","-109.43","0.16","-0.45","Moving Up","","",,="5/9","<1","false","Swing"
"DRH","Diamondrock Hospitality Company Common Stock","Real Estate","REIT - Hotel & Motel","12.82","71.34","Sell","Aug 10, 2026","Uptrend","Aug 21, 2026","2515103.37","-102.39","0.05","0.39","Moving Up","","",,="6/9","<1","false","Swing"
"ENTG","Entegris, Inc. Common Stock","Technology","Semiconductor Equipment & Materials","143.66","80.3","Buy","Aug 10, 2026","Neutral","Aug 21, 2026","2651923.67","30.94","0.52","-0.67","Moving Up","","",,="4/9","<1","false","Swing"
"FBP","First BanCorp. New Common Stock","Financials","Banks - Regional","28.52","80.46","Sell","Aug 10, 2026","Uptrend","Apr 01, 2026","1428334.27","112.06","1.46","1.06","Moving Down","","",,="3/9","<1","false","Swing"
"FIS","Fidelity National Information Services, Inc. Common Stock","Technology","Information Technology Services","41.34","63.27","Sell","Aug 10, 2026","Downtrend","Aug 18, 2026","5904983.43","-83.1","2.72","1.87","Moving Down","","",,="2/9","<1","false","Swing"
"FLR","Fluor Corporation Common Stock","Industrials","Engineering & Construction","52.42","63.33","Buy","Aug 10, 2026","Uptrend","Aug 07, 2026","2586408.93","0.18","0","0.5","Moving Up","","",,="5/9","<1","false","Swing"
"FNF","Fidelity National Financial, Inc. Common Stock","Financials","Insurance - Specialty","47.3","56.02","Sell","Aug 10, 2026","Downtrend","Aug 11, 2026","1536526.4","-60.07","0.09","-0.3","Moving Down","","",,="2/9","<1","false","Swing"
"GLNG","Golar Lng Ltd","Energy","Oil & Gas Midstream","52","59.48","Buy","Aug 10, 2026","Uptrend","Aug 07, 2026","1299926.37","-21.92","0.34","-0.27","Moving Up","","",,="7/9","<1","false","Swing"
"HSBC","HSBC Holdings, plc. Common Stock","Financials","Banks - Diversified","104.15","70.17","Sell","Aug 10, 2026","Uptrend","Jun 15, 2026","1270790.63","97.97","1.44","1.78","Moving Down","","",,="2/9","<1","false","Swing"
"HST","Host Hotels & Resorts, Inc. Common Stock","Real Estate","REIT - Hotel & Motel","23.21","47.19","Sell","Aug 10, 2026","Downtrend","Aug 10, 2026","9574486.63","-111.99","0.08","0.52","Moving Down","","",,="4/9","<1","false","Swing"
"HUBS","HubSpot, Inc. Common Stock","Technology","Software - Application","240.01","61.3","Sell","Aug 10, 2026","Uptrend","Aug 18, 2026","1966939.5","52.51","2.14","0.06","Moving Up","","",,="3/9","<1","false","Swing"
"INSM","Insmed Incorporated Common Stock","Health Care","Biotechnology","125.77","49.19","Buy","Aug 10, 2026","Uptrend","Aug 06, 2026","2775518.67","216.06","1.61","0.55","Moving Up","","Positive",,="7/9","<1","false","Swing"
"JD","JD.com, Inc. American Depositary Shares","Discretionary","Internet Retail","29.37","38.94","Sell","Aug 10, 2026","Downtrend","Aug 17, 2026","8753410.93","-102.17","0.98","-0.14","Moving Down","","",,="2/9","<1","false","Swing"
"KD","Kyndryl Holdings, Inc. Common Stock","Technology","Information Technology Services","12.55","65.2","Sell","Aug 10, 2026","Downtrend","Aug 19, 2026","4380059.17","52.89","9.02","1.95","Moving Up","","",,="3/9","<1","false","Swing"
"LASR","nLIGHT, Inc. Common Stock","Technology","Semiconductors","47.39","8.81","Sell","Aug 10, 2026","Downtrend","Aug 10, 2026","1229185.57","-551.5","0.08","0.42","Moving Down","","",,="2/9","<1","false","Swing"
"LEN","Lennar Corporation Class A Common Stock","Discretionary","Residential Construction","87.02","61.23","Buy","Aug 10, 2026","Uptrend","Aug 21, 2026","2336911.97","-149.94","0.09","1.87","Moving Up","","",,="5/9","<1","false","Swing"
"MTG","MGIC Investment Corporation Common Stock","Financials","Insurance - Specialty","30.9","74.39","Sell","Aug 10, 2026","Uptrend","Jun 22, 2026","1693229.4","36.52","0.76","0.62","Moving Down","","",,="3/9","<1","false","Swing"
"NCLH","Norwegian Cruise Line Holdings Ltd. Ordinary Shares","Discretionary","Travel Services","17.24","53.94","Sell","Aug 10, 2026","Downtrend","Aug 14, 2026","14227528.77","-11.28","11.71","2.93","Moving Down","","",,="2/9","<1","false","Swing"
"NFLX","Netflix, Inc. Common Stock","Communication","Entertainment","79.59","58.04","Buy","Aug 10, 2026","Uptrend","Aug 18, 2026","40609902.1","45.26","2.6","-0.69","Moving Up","","",,="5/9","<1","false","Swing"
"ORCL","Oracle Corporation Common Stock","Technology","Software - Infrastructure","146.47","43.28","Buy","Aug 10, 2026","Neutral","Aug 17, 2026","32466720.8","170.34","2.53","3.1","Moving Up","","","true",="4/9","<1","false","Swing"
"ORI","Old Republic International Corporation Common Stock","Financials","Insurance - Property & Casualty","41.58","52.56","Sell","Aug 10, 2026","Downtrend","Aug 21, 2026","1166236.93","-54.39","0.25","-0.53","Moving Down","","",,="1/9","<1","false","Swing"
"PBR","Petroleo Brasileiro S.A. Petrobras ADS","Energy","Oil & Gas Integrated","19.15","70.89","Sell","Aug 10, 2026","Uptrend","Aug 19, 2026","15449024.8","-22.67","0.15","0.74","Moving Down","","",,="4/9","<1","false","Swing"
"PLAY","Dave & Buster's Entertainment, Inc. Common Stock","Communication","Entertainment","10.25","60.42","Sell","Aug 10, 2026","Downtrend","Aug 06, 2026","1423993.03","65.65","6.76","4.06","Moving Down","","",,="2/9","<1","false","Swing"
"PLNT","Planet Fitness, Inc. Common Stock","Discretionary","Leisure","54.2","38.06","Sell","Aug 10, 2026","Neutral","Aug 21, 2026","2109568.47","46.64","15.67","2.03","Moving Up","","","true",="3/9","<1","false","Swing"
"RCUS","Arcus Biosciences, Inc. Common Stock","Health Care","Biotechnology","30.34","69.68","Buy","Aug 10, 2026","Uptrend","Aug 07, 2026","1155974.9","22.26","75.07","2.78","Moving Up","","",,="7/9","<1","false","Swing"
"ROIV","Roivant Sciences Ltd. Common Shares","Health Care","Biotechnology","36.3","46.49","Buy","Aug 10, 2026","Uptrend","Aug 04, 2026","5148109.6","20.51","0.21","-1.47","Moving Down","","",,="6/9","<1","false","Swing"
"RVMD","Revolution Medicines, Inc. Common Stock","Health Care","Biotechnology","209.46","55.57","Buy","Aug 10, 2026","Uptrend","Apr 13, 2026","1763987.7","259.36","1.24","-1.07","Moving Down","","",,="6/9","<1","false","Swing"
"SSRM","SSR Mining Inc. Common Stock","Materials","Gold","37.77","82.32","Buy","Aug 10, 2026","Uptrend","Aug 07, 2026","3069080.53","-94.53","0.16","2.55","Moving Up","","",,="6/9","<1","false","Swing"
"SU","Suncor Energy  Inc. Common Stock","Energy","Oil & Gas Integrated","68.42","86.11","Sell","Aug 10, 2026","Uptrend","Aug 10, 2026","3684344.1","62.83","1.36","0.71","Moving Up","","",,="5/9","<1","false","Swing"
"SYM","Symbotic Inc. Class A Common Stock","Industrials","Specialty Industrial Machinery","41.83","32.89","Sell","Aug 10, 2026","Downtrend","Aug 10, 2026","1626477.67","-285.72","0.01","0.89","Moving Up","","",,="3/9","<1","false","Swing"
"TWLO","Twilio Inc. Class A Common Stock","Technology","Software - Infrastructure","225.3","81.05","Buy","Aug 10, 2026","Uptrend","Aug 07, 2026","2309339.9","-0.93","162.65","2.46","Moving Down","","",,="4/9","<1","false","Swing"
"TXG","10x Genomics, Inc. Class A Common Stock","Health Care","Health Information Services","65.12","87.72","Buy","Aug 10, 2026","Uptrend","May 20, 2026","3124718.73","8.42","4.64","1.96","Moving Up","","",,="7/9","<1","false","Swing"
"V","Visa Inc.","Financials","Credit Services","371.04","75.69","Sell","Aug 10, 2026","Uptrend","Jun 16, 2026","6982657.93","32.8","0.94","1.45","Moving Down","","",,="2/9","<1","false","Swing"
"VNO","Vornado Realty Trust Common Stock","Real Estate","REIT - Office","37.88","63.42","Sell","Aug 10, 2026","Downtrend","Aug 21, 2026","1576953.2","-41.53","2.98","-2.02","Moving Down","","",,="4/9","<1","false","Swing"
"VRTX","Vertex Pharmaceuticals Incorporated Common Stock","Health Care","Biotechnology","548.05","85.94","Buy","Aug 10, 2026","Uptrend","Aug 07, 2026","1305803.37","-135.53","0.18","1.44","Moving Up","","",,="7/9","<1","false","Swing"
"WLK","Westlake Corporation Common Stock","Materials","Specialty Chemicals","78.93","65.29","Buy","Aug 10, 2026","Neutral","Aug 14, 2026","1053485.9","16.14","2.71","0.1","Moving Up","","",,="5/9","<1","false","Swing"
"WTTR","Select Water Solutions, Inc. Class A common stock","Energy","Oil & Gas Equipment & Services","19.72","75.29","Buy","Aug 10, 2026","Uptrend","Aug 05, 2026","1729322.3","-54.79","0.28","-1.2","Moving Down","","",,="6/9","<1","false","Swing"
"XYZ","Block, Inc. Class A Common Stock,","Technology","Software - Infrastructure","82.16","66.02","Sell","Aug 10, 2026","Uptrend","Jun 16, 2026","4931885.8","101.18","11.49","2.6","Moving Up","","",,="4/9","<1","false","Swing"
"YOU","Clear Secure, Inc. Class A Common Stock","Technology","Software - Application","43.29","6.73","Sell","Aug 10, 2026","Downtrend","Aug 07, 2026","1523944.23","-99.39","0.18","0.91","Moving Up","","",,="3/9","<1","false","Swing"
"ZLAB","Zai Lab Limited American Depositary Shares","Health Care","Biotechnology","26.01","99.43","Buy","Aug 10, 2026","Uptrend","Aug 07, 2026","1049099.77","-26.65","4.28","-0.04","Moving Up","","",,="7/9","<1","false","Swing"
"ACAD","ACADIA Pharmaceuticals Inc. Common Stock","Health Care","Biotechnology","29.5","74.17","Buy","Aug 07, 2026","Uptrend","Jun 22, 2026","1657601.73","86.12","13.03","1.58","Moving Down","","",,="6/9","<1","false","Swing"
"AXTI","AXT Inc Common Stock","Technology","Semiconductor Equipment & Materials","70.74","81.54","Buy","Aug 07, 2026","Neutral","Aug 21, 2026","11547026.47","1119.46","2.66","-3.25","Moving Down","","",,="3/9","<1","false","Swing"
"BCE","BCE, Inc. Common Stock","Communication","Telecom Services","23.71","75.67","Buy","Aug 07, 2026","Uptrend","Aug 06, 2026","3306715.13","-32.3","3.61","-0.29","Moving Up","","",,="5/9","<1","false","Swing"
"BRBR","BellRing Brands, Inc. Common Stock ","Staples","Packaged Foods","10.19","45.99","Sell","Aug 07, 2026","Downtrend","Aug 07, 2026","3837902.97","-32.11","6.43","-2.49","Moving Down","","",,="3/9","<1","false","Swing"
"CBSH","Commerce Bancshares, Inc. Common Stock","Financials","Banks - Regional","58.38","78.47","Sell","Aug 07, 2026","Uptrend","Jun 04, 2026","1069187","39.3","3.57","-0.71","Moving Down","","",,="3/9","<1","false","Swing"
"CLYM","Climb Bio, Inc. Common Stock","Health Care","Biotechnology","17.28","51.21","Buy","Aug 07, 2026","Uptrend","Aug 06, 2026","1132439.47","273.47","1.85","1.53","Moving Down","","",,="6/9","<1","false","Swing"
"CUBE","CubeSmart Common Shares","Real Estate","REIT - Industrial","40.89","66.32","Sell","Aug 07, 2026","Downtrend","Aug 21, 2026","2154885.53","-54.98","0.13","-0.7","Moving Down","","",,="4/9","<1","false","Swing"
"EQX","Equinox Gold Corp. Common Shares","Materials","Gold","13.53","68.03","Buy","Aug 07, 2026","Uptrend","Aug 06, 2026","14428789.07","-2.29","0.23","5.05","Moving Up","","",,="6/9","<1","false","Swing"
"ET","Energy Transfer LP Common Units ","Energy","Oil & Gas Midstream","21.19","82.79","Buy","Aug 07, 2026","Uptrend","Jul 07, 2026","9511153.53","37.2","0.47","-0.09","Moving Up","","",,="7/9","<1","false","Swing"
"EW","Edwards Lifesciences Corporation Common Stock","Health Care","Medical Devices","89.79","58.15","Buy","Aug 07, 2026","Uptrend","Aug 06, 2026","4320999.17","-12.54","0.2","-0.04","Moving Up","","",,="7/9","<1","false","Swing"
"FHN","First Horizon Corporation Common Stock","Financials","Banks - Regional","24.63","56.49","Sell","Aug 07, 2026","Downtrend","Aug 20, 2026","5841830.23","18.75","0.78","-0.2","Moving Down","","",,="2/9","<1","false","Swing"
"FOUR","Shift4 Payments, Inc. Class A Common Stock","Technology","Software - Infrastructure","47.93","78.7","Sell","Aug 07, 2026","Neutral","Aug 20, 2026","1523477.33","-33.75","3.08","0.15","Moving Up","","",,="3/9","<1","false","Swing"
"FSK","FS KKR Capital Corp. Common Stock","Financials","Asset Management","11.91","89.1","Buy","Aug 07, 2026","Uptrend","Aug 03, 2026","2361733.6","-13.36","8.81","0","Moving Down","","",,="4/9","<1","false","Swing"
"HL","Hecla Mining Company Common Stock","Materials","Other Precious Metals & Mining","20.72","66.45","Buy","Aug 07, 2026","Uptrend","Aug 06, 2026","42220253.4","-3.79","0.33","-0.48","Moving Up","","",,="5/9","<1","false","Swing"
"HOMB","Home BancShares, Inc. Common Stock","Financials","Banks - Regional","30.27","68.02","Sell","Aug 07, 2026","Uptrend","Jun 04, 2026","1672100.47","63.79","3","0.26","Moving Down","","",,="3/9","<1","false","Swing"
"HP","Helmerich & Payne, Inc. Common Stock","Energy","Oil & Gas Drilling","43.55","75.12","Buy","Aug 07, 2026","Uptrend","Aug 06, 2026","1183364.2","-16.76","0.16","-1.25","Moving Up","","",,="7/9","<1","false","Swing"
"IAG","Iamgold Corporation Ordinary Shares","Materials","Gold","21.14","69.01","Buy","Aug 07, 2026","Uptrend","Aug 06, 2026","5783301.33","30.56","0.18","3.12","Moving Up","","",,="6/9","<1","false","Swing"
"KGC","Kinross Gold Corporation Common Stock","Materials","Gold","32.76","44.31","Buy","Aug 07, 2026","Uptrend","Aug 06, 2026","7722544.4","468.66","1.82","4.23","Moving Up","","",,="6/9","<1","false","Swing"
"KMT","Kennametal Inc. Common Stock","Industrials","Tools & Accessories","29.96","43.66","Sell","Aug 07, 2026","Downtrend","Aug 06, 2026","1423026.23","-16.91","0.6","0.6","Moving Down","","",,="1/9","<1","false","Swing"
"LI","Li Auto Inc. American Depositary Shares","Discretionary","Auto Manufacturers","13.05","53.74","Sell","Aug 07, 2026","Downtrend","Aug 12, 2026","3260116.73","6.53","5.65","1.01","Moving Up","","",,="3/9","<1","false","Swing"
"LITE","Lumentum Holdings Inc. Common Stock","Technology","Communication Equipment","866.71","74.08","Buy","Aug 07, 2026","Uptrend","Aug 06, 2026","4867120.1","1097.2","3.11","-1.43","Moving Down","","",,="4/9","<1","false","Swing"
"LVS","Las Vegas Sands Corp. Common Stock","Discretionary","Resorts & Casinos","47.03","51.08","Sell","Aug 07, 2026","Downtrend","Aug 06, 2026","4918761.77","-1.21","91.64","2.31","Moving Up","","",,="3/9","<1","false","Swing"
"MFC","Manulife Financial Corporation Common Stock","Financials","Insurance - Life","42.51","66.84","Sell","Aug 07, 2026","Neutral","Aug 21, 2026","1995027.67","137","3.16","0.09","Moving Down","","",,="2/9","<1","false","Swing"
"ORIC","Oric Pharmaceuticals, Inc. Common Stock","Health Care","Biotechnology","14.2","75.69","Buy","Aug 07, 2026","Uptrend","Jun 24, 2026","1535484.7","41.31","5.37","2.31","Moving Up","","",,="7/9","<1","false","Swing"
"PGNY","Progyny, Inc. Common Stock","Health Care","Healthcare Plans","25.65","38.24","Sell","Aug 07, 2026","Downtrend","Aug 07, 2026","1119502.07","-50.93","3.13","-1.19","Moving Up","","",,="5/9","<1","false","Swing"
"PINS","Pinterest, Inc. Class A Common Stock","Communication","Internet Content & Information","23.4","62.42","Sell","Aug 07, 2026","Uptrend","Jun 29, 2026","10582952.2","-102.33","1.75","0.73","Moving Down","","",,="3/9","<1","false","Swing"
"PM","Philip Morris International Inc Common Stock","Staples","Tobacco","188.23","62.59","Sell","Aug 07, 2026","Uptrend","Aug 20, 2026","4895210.7","38.5","0.8","-1.72","Moving Down","","",,="4/9","<1","false","Swing"
"PUK","Prudential Public Limited Company Common Stock","Financials","Insurance - Life","28.16","62.82","Sell","Aug 07, 2026","Downtrend","Aug 11, 2026","1104835.87","-22.42","2.65","2.14","Moving Down","","",,="2/9","<1","false","Swing"
"RCI","Rogers Communication, Inc. Common Stock","Communication","Telecom Services","36.27","72.13","Buy","Aug 07, 2026","Uptrend","Aug 11, 2026","1175367.7","31.8","7.37","-0.22","Moving Up","","",,="5/9","<1","false","Swing"
"RDN","Radian Group Inc. Common Stock","Financials","Insurance - Specialty","36.59","57.99","Sell","Aug 07, 2026","Downtrend","Aug 10, 2026","1223304.63","-37.11","0.25","-0.19","Moving Down","","",,="2/9","<1","false","Swing"
"REAL","The RealReal, Inc. Common Stock","Discretionary","Luxury Goods","11.12","35.28","Sell","Aug 07, 2026","Downtrend","Aug 21, 2026","3386428.23","91.51","12.05","-4.55","Moving Up","","",,="3/9","<1","false","Swing"
"RLJ","RLJ Lodging Trust Common Shares of Beneficial Interest $0.01 par value","Real Estate","REIT - Hotel & Motel","11.5","61.93","Sell","Aug 07, 2026","Neutral","Aug 19, 2026","1790284.83","-74.11","1.46","0.17","Moving Up","","",,="5/9","<1","false","Swing"
"RVTY","Revvity, Inc. Common Stock","Health Care","Diagnostics & Research","124.75","85.02","Buy","Aug 07, 2026","Uptrend","May 06, 2026","1478183.43","-61.35","0.09","0.5","Moving Up","","",,="6/9","<1","false","Swing"
"SHO","Sunstone Hotel Investors, Inc. Sunstone Hotel Investors, Inc. Common Shares","Real Estate","REIT - Hotel & Motel","11.29","53.41","Sell","Aug 07, 2026","Neutral","Aug 20, 2026","2395078.3","-66.85","0.79","0.09","Moving Up","","",,="4/9","<1","false","Swing"
"SNN","Smith & Nephew SNATS, Inc. Common Stock","Health Care","Medical Devices","29.26","58.09","Sell","Aug 07, 2026","Downtrend","Aug 07, 2026","1593709.13","-74.58","1.5","0.76","Moving Down","","",,="4/9","<1","false","Swing"
"TRV","The Travelers Companies, Inc. Common Stock","Financials","Insurance - Property & Casualty","363.58","84.42","Sell","Aug 07, 2026","Neutral","Aug 21, 2026","1987740.73","78.06","1.04","-0.25","Moving Down","","",,="2/9","<1","false","Swing"
"TS","Tenaris S.A. American Depositary Shares","Energy","Oil & Gas Equipment & Services","52.66","42.21","Sell","Aug 07, 2026","Downtrend","Aug 06, 2026","1418306.4","62.36","1.07","-0.04","Moving Down","","",,="4/9","<1","false","Swing"
"TSN","Tyson Foods, Inc. Common Stock","Staples","Farm Products","58.48","57.69","Sell","Aug 07, 2026","Downtrend","Aug 10, 2026","3027273.07","-49.9","2.19","0.14","Moving Down","","",,="3/9","<1","false","Swing"
"UEC","Uranium Energy Corp. Common Stock","Energy","Uranium","12.76","57.62","Buy","Aug 07, 2026","Uptrend","Aug 19, 2026","7961671.67","233.39","0.53","14.44","Moving Up","","",,="7/9","<1","false","Swing"
"UTZ","Utz Brands Inc Class A Common Stock ","Staples","Packaged Foods","14.04","60.58","Sell","Aug 07, 2026","Uptrend","Jul 21, 2026","5306071.47","-26.17","6.62","-0.64","Moving Up","","",,="5/9","<1","false","Swing"
"VEEV","Veeva Systems Inc. Class A Common Stock","Health Care","Health Information Services","247.9","99.15","Buy","Aug 07, 2026","Uptrend","Jun 29, 2026","1617505.97","-129.74","0.11","-1.05","Moving Down","","",,="6/9","<1","false","Swing"
"ZGN","Ermenegildo Zegna N.V. Ordinary Shares","Discretionary","Apparel Manufacturing","13.9","32.4","Sell","Aug 07, 2026","Downtrend","Aug 14, 2026","1051243.37","-34.19","0.36","1.98","Moving Up","","",,="3/9","<1","false","Swing"
"AEM","Agnico Eagle Mines Limited Common Stock","Materials","Gold","216.06","69.21","Buy","Aug 06, 2026","Uptrend","Aug 05, 2026","2921854.13","216.03","2.07","1.9","Moving Up","","",,="6/9","<1","false","Swing"
"AFL","AFLAC Incorporated Common Stock","Financials","Insurance - Life","116.07","46.97","Sell","Aug 06, 2026","Downtrend","Aug 19, 2026","1975736.87","27.34","0.53","-0.09","Moving Down","","",,="2/9","<1","false","Swing"
"AKR","Acadia Realty Trust Common Stock","Real Estate","REIT - Retail","21.05","49.74","Sell","Aug 06, 2026","Downtrend","Aug 06, 2026","1313356.2","-2.6","1.78","0.1","Moving Down","","",,="4/9","<1","false","Swing"
"APPS","Digital Turbine, Inc. Common Stock","Technology","Software - Application","10.87","74.25","Buy","Aug 06, 2026","Uptrend","Aug 05, 2026","3548741.33","-627.22","0.02","1.49","Moving Down","","",,="4/9","<1","false","Swing"
"ATI","ATI Inc. Common Stock","Industrials","Metal Fabrication","207.01","86.62","Buy","Aug 06, 2026","Uptrend","Aug 04, 2026","1517478.3","285.07","0.91","-1.06","Moving Down","","",,="4/9","<1","false","Swing"
"AU","AngloGold Ashanti PLC Ordinary Shares","Materials","Gold","121.22","60.66","Buy","Aug 06, 2026","Uptrend","Aug 05, 2026","2707666.13","-91.33","0.29","5.28","Moving Up","","",,="5/9","<1","false","Swing"
"BALL","Ball Corporation Common Stock","Discretionary","Packaging & Containers","63.59","45.14","Sell","Aug 06, 2026","Neutral","Aug 19, 2026","1831679","-56.41","0","1.57","Moving Down","","",,="2/9","<1","false","Swing"
"BJ","BJ's Wholesale Club Holdings, Inc. Common Stock","Staples","Discount Stores","96.42","49.68","Sell","Aug 06, 2026","Neutral","Aug 21, 2026","1716044.7","-76.05","0.12","5.61","Moving Up","","",,="4/9","<1","false","Swing"
"CDE","Coeur Mining, Inc. Common Stock","Materials","Gold","20.97","55.93","Buy","Aug 06, 2026","Uptrend","Aug 07, 2026","35395562.27","-62.22","0.28","-0.66","Moving Up","","",,="6/9","<1","false","Swing"
"CSGP","CoStar Group, Inc. Common Stock","Real Estate","Real Estate Services","32.26","71.42","Buy","Aug 06, 2026","Uptrend","Aug 13, 2026","7230842.1","-170.08","0.91","0","Moving Up","","",,="7/9","<1","false","Swing"
"DIS","Walt Disney Company (The) Common Stock","Communication","Entertainment","107.78","64.46","Buy","Aug 06, 2026","Uptrend","Aug 05, 2026","10195450.53","30.79","7.33","0.43","Moving Up","","",,="5/9","<1","false","Swing"
"ELS","Equity Lifestyle Properties, Inc. Common Stock","Real Estate","REIT - Residential","65.46","78.04","Sell","Aug 06, 2026","Uptrend","Aug 19, 2026","1550243.8","-76.75","0.07","0.03","Moving Down","","",,="4/9","<1","false","Swing"
"ENOV","Enovis Corporation Common Stock","Health Care","Medical Devices","26.06","68.36","Sell","Aug 06, 2026","Neutral","Aug 19, 2026","1097538.73","-45.88","4.16","-0.46","Moving Down","","",,="4/9","<1","false","Swing"
"F","Ford Motor Company Common Stock","Discretionary","Auto Manufacturers","14.41","58.33","Sell","Aug 06, 2026","Neutral","Aug 21, 2026","49048652.87","58.99","2.45","3","Moving Down","","",,="2/9","<1","false","Swing"
"FUBO","FuboTV Inc. Class A Common Stock","Communication","Broadcasting","10.23","50.09","Buy","Aug 06, 2026","Uptrend","Aug 13, 2026","1615350.1","-52.13","7.84","-3.4","Moving Up","","",,="5/9","<1","false","Swing"
"GFI","Gold Fields Limited American Depositary Shares","Materials","Gold","47.81","67.25","Buy","Aug 06, 2026","Uptrend","Aug 05, 2026","3614386.63","351.14","1.29","5.19","Moving Up","","",,="6/9","<1","false","Swing"
"GLPI","Gaming and Leisure Properties, Inc. Common Stock","Real Estate","REIT - Specialty","43.55","42.96","Sell","Aug 06, 2026","Downtrend","Aug 05, 2026","2429808.57","-7.55","0.18","-0.37","Moving Down","","",,="4/9","<1","false","Swing"
"GO","Grocery Outlet Holding Corp. Common Stock","Staples","Grocery Stores","11.6","75.21","Buy","Aug 06, 2026","Uptrend","Aug 05, 2026","2597194.57","-0.99","251.55","4.41","Moving Up","","",,="6/9","<1","false","Swing"
"IRDM","Iridium Communications Inc Common Stock","Communication","Telecom Services","48.98","66.72","Buy","Aug 06, 2026","Uptrend","Aug 05, 2026","1299063.23","85.02","2.82","1.09","Moving Down","","",,="4/9","<1","false","Swing"
"KTOS","Kratos Defense & Security Solutions, Inc. Common Stock","Industrials","Aerospace & Defense","57.17","74.49","Buy","Aug 06, 2026","Uptrend","Aug 05, 2026","3889038.83","412.36","5.55","1.76","Moving Down","","",,="4/9","<1","false","Swing"
"LOW","Lowe's Companies, Inc. Common Stock","Discretionary","Home Improvement Retail","216.09","59.6","Buy","Aug 06, 2026","Neutral","Aug 21, 2026","2974573.1","16","0.51","-0.58","Moving Up","","",,="3/9","<1","false","Swing"
"NDAQ","Nasdaq, Inc. Common Stock","Financials","Financial Data & Stock Exchanges","98.22","66.56","Sell","Aug 06, 2026","Uptrend","Jul 10, 2026","3332139.2","142.18","2.08","0.69","Moving Down","","",,="2/9","<1","false","Swing"
"NEM","Newmont Corporation","Materials","Gold","131.58","69.42","Buy","Aug 06, 2026","Uptrend","Aug 05, 2026","7643240.27","150.3","1.81","3.09","Moving Up","","",,="6/9","<1","false","Swing"
"NESR","National Energy Services Reunited Corp Ordinary Shares","Energy","Oil & Gas Equipment & Services","33.03","80.6","Buy","Aug 06, 2026","Uptrend","Aug 04, 2026","2034612.33","203.47","2.53","0.95","Moving Down","","",,="6/9","<1","false","Swing"
"NTRA","Natera, Inc. Common Stock","Health Care","Diagnostics & Research","332.03","94.08","Buy","Aug 06, 2026","Uptrend","Jul 30, 2026","1251898.1","752.54","2.48","2.21","Moving Up","","",,="7/9","<1","false","Swing"
"NYT","New York Times Company (The) Common Stock","Communication","Publishing","65.69","20.24","Sell","Aug 06, 2026","Downtrend","Aug 05, 2026","2053020.4","-19.98","0.32","0.6","Moving Down","","",,="2/9","<1","false","Swing"
"PAA","Plains All American Pipeline, L.P. Common Units representing Limited Partner Interests","Energy","Oil & Gas Midstream","24.61","65.53","Sell","Aug 06, 2026","Uptrend","Aug 18, 2026","2511830.67","74.8","2.49","0.08","Moving Up","","",,="6/9","<1","false","Swing"
"PAAS","Pan American Silver Corp. Common Stock","Materials","Gold","53.07","66.22","Buy","Aug 06, 2026","Uptrend","Aug 19, 2026","4368593.87","-134.29","0.17","2.21","Moving Up","","",,="6/9","<1","false","Swing"
"PEGA","Pegasystems Inc. Common Stock","Technology","Software - Application","33.56","61.65","Buy","Aug 06, 2026","Uptrend","Aug 18, 2026","3067958.8","-104.38","0.55","-0.15","Moving Up","","",,="5/9","<1","false","Swing"
"PRU","Prudential Financial, Inc. Common Stock","Financials","Insurance - Life","121.15","87.73","Sell","Aug 06, 2026","Uptrend","May 05, 2026","1749540.2","16.62","1.13","0.46","Moving Down","","",,="3/9","<1","false","Swing"
"PWR","Quanta Services, Inc. Common Stock","Industrials","Engineering & Construction","639.34","54.99","Buy","Aug 06, 2026","Neutral","Aug 20, 2026","1112286.7","1384.7","2.39","-3.49","Moving Up","","",,="4/9","<1","false","Swing"
"QMCO","Quantum Corporation Common Stock","Technology","Computer Hardware","22.25","66.25","Buy","Aug 06, 2026","Uptrend","Aug 05, 2026","1911607.2","-56.85","5.31","8.59","Moving Up","","",,="5/9","<1","false","Swing"
"RGEN","Repligen Corporation Common Stock","Health Care","Medical Instruments & Supplies","181.13","88.98","Buy","Aug 06, 2026","Uptrend","Jul 28, 2026","1212271.83","-192.17","0.11","0.47","Moving Up","","",,="6/9","<1","false","Swing"
"SKM","SK Telecom Co., Ltd. Common Stock","Communication","Telecom Services","40.29","73.76","Buy","Aug 06, 2026","Uptrend","Aug 12, 2026","2420967.2","161.83","6.02","5.17","Moving Up","","",,="5/9","<1","false","Swing"
"SWKS","Skyworks Solutions, Inc. Common Stock","Technology","Semiconductors","67.14","80.04","Buy","Aug 06, 2026","Uptrend","Aug 05, 2026","5439446.93","54.7","7.69","-1.18","Moving Up","","",,="5/9","<1","false","Swing"
"TER","Teradyne, Inc. Common Stock","Technology","Semiconductor Equipment & Materials","375.74","76.93","Buy","Aug 06, 2026","Neutral","Aug 21, 2026","3346113.83","119.13","0.78","-1.93","Moving Up","","",,="4/9","<1","false","Swing"
"TREX","Trex Company, Inc. Common Stock","Industrials","Building Products & Equipment","46.83","78.81","Buy","Aug 06, 2026","Uptrend","Aug 05, 2026","2149426.3","164.01","140.02","-0.99","Moving Down","","",,="4/9","<1","false","Swing"
"TVTX","Travere Therapeutics, Inc. Common Stock","Health Care","Biotechnology","65.71","61.67","Buy","Aug 06, 2026","Uptrend","Apr 13, 2026","1498899.83","397.69","3.48","1.94","Moving Up","","",,="7/9","<1","false","Swing"
"TWST","Twist Bioscience Corporation Common Stock","Health Care","Diagnostics & Research","145.59","90.32","Buy","Aug 06, 2026","Uptrend","Jul 31, 2026","1561029.9","-17.4","5","6.79","Moving Up","","",,="7/9","<1","false","Swing"
"YELP","Yelp Inc. Common Stock","Communication","Internet Content & Information","23.46","40.68","Sell","Aug 06, 2026","Downtrend","Aug 10, 2026","1043809.9","-68.39","0.54","-0.59","Moving Down","","",,="2/9","<1","false","Swing"
"YPF","YPF Sociedad Anonima Common Stock","Energy","Oil & Gas Integrated","51.18","43.01","Sell","Aug 06, 2026","Uptrend","Aug 17, 2026","1160805.67","199.91","1.62","0.51","Moving Up","","",,="6/9","<1","false","Swing"
"AEHR","Aehr Test Systems Common Stock","Technology","Semiconductor Equipment & Materials","101.73","71.33","Buy","Aug 05, 2026","Uptrend","Aug 04, 2026","3122064.27","3035.78","1.87","-4","Moving Up","","",,="5/9","<1","false","Swing"
"B","Barrick Mining Corporation Common Shares","Materials","Gold","47.6","63.13","Buy","Aug 05, 2026","Uptrend","Aug 04, 2026","9987478.2","87.35","1.36","2.87","Moving Up","","",,="6/9","<1","false","Swing"
"COO","The Cooper Companies, Inc. Common Stock","Health Care","Medical Instruments & Supplies","76.22","75.12","Buy","Aug 05, 2026","Uptrend","Jun 23, 2026","1837373.9","11.97","9.42","0.08","Moving Up","","",,="7/9","<1","false","Swing"
"CPB","The Campbell's Company Common Stock","Staples","Packaged Foods","23.95","66.46","Buy","Aug 05, 2026","Uptrend","Aug 03, 2026","5610703.6","-117.26","1.36","0.76","Moving Up","","",,="6/9","<1","false","Swing"
"FSM","Fortuna Mining Corp. Common Shares","Materials","Gold","12.07","72.14","Buy","Aug 05, 2026","Uptrend","Aug 04, 2026","5650288.73","-115.18","0.21","1.43","Moving Up","","",,="6/9","<1","false","Swing"
"HBM","Hudbay Minerals Inc. Ordinary Shares (Canada)","Materials","Copper","30.06","76.71","Buy","Aug 05, 2026","Uptrend","Aug 04, 2026","4255113.07","-558.94","0.17","6.79","Moving Up","","",,="6/9","<1","false","Swing"
"HLX","Helix Energy Solutions Group, Inc. Common Stock","Energy","Oil & Gas Equipment & Services","10.35","64.04","Buy","Aug 05, 2026","Uptrend","Aug 06, 2026","1377038.03","-0.56","0.33","-1.05","Moving Up","","",,="7/9","<1","false","Swing"
"MET","MetLife, Inc. Common Stock","Financials","Insurance - Life","94.34","79.81","Sell","Aug 05, 2026","Uptrend","Apr 08, 2026","3692857.2","36.59","1.1","0.94","Moving Down","","",,="3/9","<1","false","Swing"
"MGNI","Magnite, Inc. Common Stock","Communication","Advertising Agencies","23.5","80.14","Buy","Aug 05, 2026","Uptrend","May 21, 2026","2573102.13","224.61","4.7","0.64","Moving Down","","",,="3/9","<1","false","Swing"
"NTAP","NetApp, Inc. Common Stock","Technology","Software - Infrastructure","192.27","77.06","Buy","Aug 05, 2026","Uptrend","Apr 17, 2026","2347364.03","112.43","1.34","-0.28","Moving Down","","",,="4/9","<1","false","Swing"
"PFGC","Performance Food Group Company Common Stock","Staples","Food Distribution","104.98","29.45","Sell","Aug 05, 2026","Downtrend","Aug 13, 2026","1785023.8","36.39","0.36","0.96","Moving Down","","",,="3/9","<1","false","Swing"
"PLD","Prologis, Inc. Common Stock","Real Estate","REIT - Industrial","141.8","50.47","Sell","Aug 05, 2026","Downtrend","Aug 04, 2026","4720740.97","76.88","3.32","0.8","Moving Down","","","true",="3/9","<1","false","Swing"
"PRGO","Perrigo Company plc Ordinary Shares","Health Care","Drug Manufacturers - Specialty & Generic","14.25","88.2","Buy","Aug 05, 2026","Uptrend","Aug 04, 2026","2847746.7","-76.35","2.73","4.01","Moving Up","","",,="7/9","<1","false","Swing"
"REXR","Rexford Industrial Realty, Inc. Common Stock","Real Estate","REIT - Industrial","37.23","60.94","Sell","Aug 05, 2026","Uptrend","Aug 19, 2026","2826814.5","69.07","18.44","0.49","Moving Down","","",,="5/9","<1","false","Swing"
"SBRA","Sabra Health Care REIT, Inc. Common Stock","Real Estate","REIT - Healthcare Facilities","20.39","53.77","Sell","Aug 05, 2026","Downtrend","Aug 21, 2026","2762603.6","-33.15","0.06","-0.68","Moving Down","","",,="4/9","<1","false","Swing"
"SBSW","D/B/A Sibanye-Stillwater Limited ADS","Materials","Other Precious Metals & Mining","12.58","73.11","Buy","Aug 05, 2026","Uptrend","Aug 04, 2026","4877216.17","-111.92","0.09","6.43","Moving Up","","",,="6/9","<1","false","Swing"
"SE","Sea Limited American Depositary Shares, each representing one Class A Ordinary Share","Discretionary","Internet Retail","117.53","85.4","Buy","Aug 05, 2026","Uptrend","Jun 26, 2026","4755256.73","21.16","0.32","0.25","Moving Down","","",,="4/9","<1","false","Swing"
"SGRY","Surgery Partners, Inc. Common Stock","Health Care","Medical Care Facilities","14.52","58","Sell","Aug 05, 2026","Downtrend","Aug 11, 2026","2051122.47","-88.73","3","4.16","Moving Down","","",,="4/9","<1","false","Swing"
"SMCI","Super Micro Computer, Inc. Common Stock","Technology","Computer Hardware","37.24","68.49","Buy","Aug 05, 2026","Uptrend","Aug 07, 2026","52125836.87","145.52","0.28","2.03","Moving Up","","",,="5/9","<1","false","Swing"
"SMG","Scotts Miracle-Gro Company (The) Common Stock","Materials","Agricultural Inputs","61.01","51.25","Sell","Aug 05, 2026","Downtrend","Aug 06, 2026","1049590.33","182.78","16.02","-0.2","Moving Down","","",,="3/9","<1","false","Swing"
"SPG","Simon Property Group, Inc. Common Stock","Real Estate","REIT - Retail","218.29","56.6","Sell","Aug 05, 2026","Downtrend","Aug 20, 2026","1276764.43","73.26","3.14","-0.73","Moving Down","","",,="4/9","<1","false","Swing"
"W","Wayfair Inc. Class A Common Stock","Discretionary","Internet Retail","101.52","74.54","Buy","Aug 05, 2026","Uptrend","Jul 27, 2026","3486115.5","15.15","5.92","-1.73","Moving Down","","",,="4/9","<1","false","Swing"
"WKC","World Kinect Corporation Common Stock","Energy","Oil & Gas Refining & Marketing","35.95","77.72","Sell","Aug 05, 2026","Neutral","Aug 17, 2026","1294484.8","-0.36","109.29","0.08","Moving Down","","",,="4/9","<1","false","Swing"
"WPC","W. P. Carey Inc. REIT","Real Estate","REIT - Diversified","71.2","53.96","Sell","Aug 05, 2026","Downtrend","Aug 05, 2026","1219249.17","7.7","12.43","-1.12","Moving Down","","",,="4/9","<1","false","Swing"
"WPM","Wheaton Precious Metals Corp Common Shares (Canada)","Materials","Gold","157.78","88.18","Buy","Aug 05, 2026","Uptrend","Aug 05, 2026","2041518.47","97.57","1.33","5.01","Moving Up","","",,="5/9","<1","false","Swing"
"ZIM","ZIM Integrated Shipping Services Ltd. Ordinary Shares","Industrials","Marine Shipping","28.25","52.75","Buy","Aug 05, 2026","Uptrend","Aug 12, 2026","1692541.43","-50.41","0.19","4.01","Moving Up","","",,="5/9","<1","false","Swing"
"AAPL","Apple Inc. Common Stock","Technology","Consumer Electronics","309.35","44.46","Sell","Aug 04, 2026","Downtrend","Aug 21, 2026","50362648.47","97.87","0.79","-0.63","Moving Down","","","true",="2/9","<1","false","Swing"
"AWK","American Water Works Company, Inc. Common Stock","Utilities","Utilities - Regulated Water","135.39","58.91","Sell","Aug 04, 2026","Uptrend","Aug 04, 2026","2221987.77","-1.17","0.29","-1.33","Moving Down","","",,="2/9","<1","false","Swing"
"AXGN","Axogen, Inc. Common Stock","Health Care","Medical Devices","50.4","59.38","Buy","Aug 04, 2026","Uptrend","Aug 03, 2026","1070838.4","136.04","1.97","8.53","Moving Up","","",,="7/9","<1","false","Swing"
"BTI","British American Tobacco  Industries, p.l.c. Common Stock ADR","Staples","Tobacco","56.21","26.8","Sell","Aug 04, 2026","Downtrend","Aug 03, 2026","4197265.73","7.41","0.41","-0.86","Moving Down","","",,="3/9","<1","false","Swing"
"CF","CF Industries Holdings, Inc. Common Stock","Materials","Agricultural Inputs","129.6","56.94","Sell","Aug 04, 2026","Uptrend","Aug 20, 2026","2314662.57","216.91","3.46","3.1","Moving Up","","",,="5/9","<1","false","Swing"
"CRGY","Crescent Energy Company Class A Common Stock","Energy","Oil & Gas E&P","14.06","90.61","Buy","Aug 04, 2026","Uptrend","Jul 29, 2026","5833087.9","-6.36","0.28","1.81","Moving Up","","",,="7/9","<1","false","Swing"
"DUK","Duke Energy Corporation (Holding Company) Common Stock","Utilities","Utilities - Regulated Electric","119.85","40.84","Sell","Aug 04, 2026","Downtrend","Aug 04, 2026","4224286.73","1.32","0.05","-2.31","Moving Down","","",,="2/9","<1","false","Swing"
"EIX","Edison International Common Stock","Utilities","Utilities - Regulated Electric","71.59","55.36","Sell","Aug 04, 2026","Downtrend","Aug 21, 2026","3120775.23","31.4","39.17","-4.11","Moving Up","","",,="3/9","<1","false","Swing"
"EMBJ","Embraer S.A. Common Stock","Industrials","Aerospace & Defense","75.95","80.59","Buy","Aug 04, 2026","Uptrend","Jun 17, 2026","1208045.93","215.14","2.04","1.16","Moving Down","","",,="4/9","<1","false","Swing"
"EMN","Eastman Chemical Company Common Stock","Materials","Specialty Chemicals","74.09","78.65","Buy","Aug 04, 2026","Uptrend","Aug 03, 2026","1130170.1","-33.43","0.14","0.41","Moving Up","","",,="5/9","<1","false","Swing"
"ESTC","Elastic N.V. Ordinary Shares","Technology","Software - Application","85.94","91.86","Buy","Aug 04, 2026","Uptrend","Jul 27, 2026","2033838.37","-53.15","3.06","0.05","Moving Down","","",,="4/9","<1","false","Swing"
"HIG","The Hartford Insurance Group, Inc. Common Stock","Financials","Insurance - Diversified","136.1","44.17","Sell","Aug 04, 2026","Downtrend","Aug 19, 2026","1585134.7","66.7","1.43","-0.74","Moving Down","","",,="2/9","<1","false","Swing"
"HR","Healthcare Realty Trust Incorporated Common Stock","Real Estate","REIT - Healthcare Facilities","19.39","41.42","Sell","Aug 04, 2026","Downtrend","Aug 05, 2026","3628038.33","-74.5","1.33","-0.1","Moving Down","","",,="4/9","<1","false","Swing"
"LQDA","Liquidia Corporation Common Stock","Health Care","Drug Manufacturers - Specialty & Generic","68.62","20.25","Sell","Aug 04, 2026","Downtrend","Aug 18, 2026","1589453.17","1513.09","3.8","-3.42","Moving Down","","",,="4/9","<1","false","Swing"
"MAR","Marriott International Class A Common Stock","Discretionary","Lodging","356.39","45.63","Sell","Aug 04, 2026","Downtrend","Aug 03, 2026","1597139.97","-2","0.35","-0.06","Moving Up","","",,="3/9","<1","false","Swing"
"NBIX","Neurocrine Biosciences, Inc. Common Stock","Health Care","Drug Manufacturers - Specialty & Generic","152.57","21.25","Sell","Aug 04, 2026","Downtrend","Aug 04, 2026","1341052","-65.96","0.13","-0.24","Moving Down","","",,="4/9","<1","false","Swing"
"NEO","NeoGenomics, Inc. Common Stock","Health Care","Diagnostics & Research","16.98","82.52","Buy","Aug 04, 2026","Uptrend","May 20, 2026","2596784.73","-42.12","3.47","2.72","Moving Up","","",,="7/9","<1","false","Swing"
"O","Realty Income Corporation Common Stock","Real Estate","REIT - Retail","62.6","66.03","Sell","Aug 04, 2026","Downtrend","Aug 21, 2026","4993609.6","-2.82","2.71","-0.9","Moving Down","","","true",="4/9","<1","false","Swing"
"OHI","Omega Healthcare Investors, Inc. Common Stock","Real Estate","REIT - Healthcare Facilities","46.61","38.52","Sell","Aug 04, 2026","Downtrend","Aug 07, 2026","1896808.57","-27.2","0.16","-0.3","Moving Down","","",,="4/9","<1","false","Swing"
"P","Everpure, Inc. Class A common stock","Technology","Computer Hardware","108.55","96.87","Buy","Aug 04, 2026","Uptrend","Aug 03, 2026","2794987.37","653.02","3.05","-1.3","Moving Down","","",,="4/9","<1","false","Swing"
"PCG","Pacific Gas & Electric Co. Common Stock","Utilities","Utilities - Regulated Electric","17.6","63.46","Sell","Aug 04, 2026","Uptrend","Aug 14, 2026","23657800.1","86.54","3.93","-2","Moving Down","","",,="3/9","<1","false","Swing"
"PTEN","Patterson-UTI Energy, Inc. Common Stock","Energy","Oil & Gas Drilling","12.34","78.93","Buy","Aug 04, 2026","Uptrend","Aug 10, 2026","8208967.77","80.99","8.57","1.31","Moving Up","","",,="6/9","<1","false","Swing"
"TSCO","Tractor Supply Company Common Stock","Discretionary","Specialty Retail","34.98","70.65","Buy","Aug 04, 2026","Uptrend","Aug 03, 2026","11501646.63","-194.35","0.12","-0.2","Moving Down","","",,="4/9","<1","false","Swing"
"VITL","Vital Farms, Inc. Common Stock","Staples","Farm Products","10.57","35.44","Sell","Aug 04, 2026","Downtrend","Aug 07, 2026","1481896.87","350.1","107.46","-0.47","Moving Down","","",,="3/9","<1","false","Swing"
"VRSK","Verisk Analytics, Inc. Common Stock","Industrials","Consulting Services","187.5","37.33","Sell","Aug 04, 2026","Downtrend","Aug 21, 2026","1588021.87","19.39","2.34","-0.1","Moving Down","","",,="2/9","<1","false","Swing"
"VTRS","Viatris Inc. Common Stock","Health Care","Drug Manufacturers - Specialty & Generic","16.32","51.06","Sell","Aug 04, 2026","Downtrend","Aug 10, 2026","9957870.87","67.01","2.32","1.24","Moving Up","","",,="5/9","<1","false","Swing"
"WRB","W.R. Berkley Corporation Common Stock","Financials","Insurance - Property & Casualty","68.6","43.87","Sell","Aug 04, 2026","Downtrend","Aug 10, 2026","1837886.57","-45.98","0.3","-0.84","Moving Down","","",,="2/9","<1","false","Swing"
"WT","WisdomTree, Inc. Common Stock","Financials","Asset Management","23.51","92.15","Buy","Aug 04, 2026","Uptrend","Jul 30, 2026","2357951.67","389.85","2.23","3.8","Moving Up","","",,="5/9","<1","false","Swing"
"WTRG","Essential Utilities, Inc. Common Stock","Utilities","Utilities - Regulated Water","40.18","67.86","Sell","Aug 04, 2026","Uptrend","Jul 16, 2026","1968848.6","8.07","5.15","-0.57","Moving Down","","",,="2/9","<1","false","Swing"
"Z","Zillow Group, Inc. Class C Capital Stock","Communication","Internet Content & Information","35.88","53.69","Buy","Aug 04, 2026","Uptrend","Aug 18, 2026","3630144","5.76","3.95","0.45","Moving Up","","",,="4/9","<1","false","Swing"
"ZS","Zscaler, Inc. Common Stock","Technology","Software - Infrastructure","181.745","90.01","Buy","Aug 04, 2026","Uptrend","Jul 27, 2026","2190724.6","121.21","6.75","3.88","Moving Down","","",,="4/9","<1","false","Swing"
"AON","Aon plc Class A Ordinary Shares (Ireland)","Financials","Insurance Brokers","355.11","59.01","Sell","Aug 03, 2026","Neutral","Aug 20, 2026","1124718.97","-22.52","0.28","0.9","Moving Down","","",,="1/9","<1","false","Swing"
"BEN","Franklin Resources, Inc. Common Stock","Financials","Asset Management","34.31","76.71","Buy","Aug 03, 2026","Uptrend","Jul 31, 2026","4056964.73","77.05","5.7","1","Moving Up","","",,="5/9","<1","false","Swing"
"CI","The Cigna Group Common Stock","Health Care","Healthcare Plans","277.51","42.91","Sell","Aug 03, 2026","Downtrend","Aug 03, 2026","1783648.43","-120.16","0.08","1.13","Moving Up","","",,="5/9","<1","false","Swing"
"CNI","Canadian National Railway Company Common Stock","Industrials","Railroads","129.84","78.95","Sell","Aug 03, 2026","Uptrend","Jun 25, 2026","1375423.23","23.17","1.4","1.26","Moving Down","","",,="3/9","<1","false","Swing"
"CSX","CSX Corporation Common Stock","Industrials","Railroads","51.59","68.46","Sell","Aug 03, 2026","Uptrend","Apr 01, 2026","12380965.4","115.44","2.31","1.22","Moving Down","","",,="3/9","<1","false","Swing"
"CTVA","Corteva, Inc. Common Stock ","Materials","Agricultural Inputs","81.79","37.51","Sell","Aug 03, 2026","Neutral","Aug 21, 2026","4276219.73","6.48","0.18","2.93","Moving Up","","",,="4/9","<1","false","Swing"
"ES","Eversource Energy (D/B/A) Common Stock","Utilities","Utilities - Regulated Electric","70.21","65.26","Sell","Aug 03, 2026","Downtrend","Aug 17, 2026","2146944.7","-13.16","2.25","-2.69","Moving Down","","",,="2/9","<1","false","Swing"
"FCX","Freeport-McMoRan, Inc. Common Stock","Materials","Copper","76.66","79.69","Buy","Aug 03, 2026","Uptrend","Jul 31, 2026","13605299.97","191.32","1.14","7.64","Moving Up","","",,="6/9","<1","false","Swing"
"HXL","Hexcel Corporation Common Stock","Industrials","Aerospace & Defense","93.86","56.17","Sell","Aug 03, 2026","Downtrend","Aug 19, 2026","1019096.4","18.41","2.12","-0.27","Moving Down","","",,="2/9","<1","false","Swing"
"JEF","Jefferies Financial Group Inc. Common Stock","Financials","Capital Markets","52.33","46.87","Sell","Aug 03, 2026","Downtrend","Aug 17, 2026","1914013.3","315","4.18","1.06","Moving Down","","",,="2/9","<1","false","Swing"
"KIM","Kimco Realty Corporation (HC) Common Stock","Real Estate","REIT - Retail","24.02","37.98","Sell","Aug 03, 2026","Downtrend","Aug 05, 2026","4141236.57","50.19","2.4","-0.58","Moving Down","","",,="4/9","<1","false","Swing"
"KRG","Kite Realty Group Trust Common Stock","Real Estate","REIT - Retail","26.15","26.63","Sell","Aug 03, 2026","Downtrend","Aug 03, 2026","2659907.43","40.52","1.64","-0.46","Moving Down","","",,="4/9","<1","false","Swing"
"LEVI","Levi Strauss & Co Class A Common Stock","Discretionary","Apparel Manufacturing","21.49","21.01","Sell","Aug 03, 2026","Downtrend","Aug 10, 2026","2104901.9","-42.21","1.25","1.22","Moving Down","","",,="2/9","<1","false","Swing"
"LRN","Stride, Inc. Common Stock","Staples","Education & Training Services","84.36","34.95","Sell","Aug 03, 2026","Downtrend","Jul 31, 2026","1023505.83","-244.36","0.19","0.34","Moving Up","","",,="4/9","<1","false","Swing"
"MTB","M&T Bank Corporation Common Stock","Financials","Banks - Regional","240.34","73.91","Sell","Aug 03, 2026","Downtrend","Aug 20, 2026","1080851.6","25.44","1.31","0.88","Moving Down","","",,="2/9","<1","false","Swing"
"NEE","NextEra Energy, Inc. Common Stock","Utilities","Utilities - Regulated Electric","83.65","46.29","Sell","Aug 03, 2026","Downtrend","Aug 03, 2026","9652450.67","118.22","6.19","-1.62","Moving Down","","",,="2/9","<1","false","Swing"
"NTST","NetSTREIT Corp. Common Stock","Real Estate","REIT - Retail","20.35","32.73","Sell","Aug 03, 2026","Downtrend","Aug 06, 2026","1184307.5","0.24","0.03","-1.26","Moving Up","","",,="5/9","<1","false","Swing"
"OLN","Olin Corporation Common Stock","Materials","Chemicals","18.4","21.63","Sell","Aug 03, 2026","Downtrend","Jul 31, 2026","3039184.23","177.2","31.84","-1.23","Moving Up","","",,="4/9","<1","false","Swing"
"PYPL","PayPal Holdings, Inc. Common Stock","Financials","Credit Services","61.55","70.39","Sell","Aug 03, 2026","Uptrend","Jul 02, 2026","15392440.8","-64.53","3.02","-1.2","Moving Down","","",,="3/9","<1","false","Swing"
"REG","Regency Centers Corporation Common Stock","Real Estate","REIT - Retail","76.06","45.77","Sell","Aug 03, 2026","Downtrend","Aug 04, 2026","1322440.03","-17.61","0.26","-0.59","Moving Down","","",,="4/9","<1","false","Swing"
"RIO","Rio Tinto Plc Common Stock","Materials","Other Industrial Metals & Mining","105.3","55.6","Buy","Aug 03, 2026","Uptrend","Aug 19, 2026","2666727.27","42.28","0.96","3.06","Moving Up","","",,="6/9","<1","false","Swing"
"SO","Southern Company (The) Common Stock","Utilities","Utilities - Regulated Electric","88.94","28.41","Sell","Aug 03, 2026","Downtrend","Aug 03, 2026","4968939.53","75.94","3.5","-2.72","Moving Down","","",,="2/9","<1","false","Swing"
"VICI","VICI Properties Inc. Common Stock","Real Estate","REIT - Diversified","26.51","38.74","Sell","Aug 03, 2026","Downtrend","Jul 30, 2026","8887012.77","-21.96","0.1","-0.23","Moving Up","","",,="4/9","<1","false","Swing"
"VVV","Valvoline Inc. Common Stock","Discretionary","Auto & Truck Dealerships","33.96","11.87","Sell","Aug 03, 2026","Downtrend","Aug 05, 2026","2113054.07","-75.65","0.02","0.44","Moving Up","","",,="3/9","<1","false","Swing"
"ADC","Agree Realty Corporation Common Stock","Real Estate","REIT - Retail","73.88","33.08","Sell","Jul 31, 2026","Downtrend","Aug 04, 2026","1126697.7","-42.42","0.08","-0.77","Moving Down","","",,="4/9","<1","false","Swing"
"AMT","American Tower Corporation (REIT) Common Stock","Real Estate","REIT - Specialty","175.8","63.5","Buy","Jul 31, 2026","Uptrend","Aug 19, 2026","2664070.23","-28.69","2.38","0.05","Moving Up","","",,="7/9","<1","false","Swing"
"AR","Antero Resources Corporation Common Stock","Energy","Oil & Gas E&P","37.94","64.69","Buy","Jul 31, 2026","Uptrend","Aug 10, 2026","4306403.97","-78.79","0.29","0.74","Moving Up","","",,="6/9","<1","false","Swing"
"ATO","Atmos Energy Corporation Common Stock","Utilities","Utilities - Regulated Gas","166.85","31.37","Sell","Jul 31, 2026","Downtrend","Aug 03, 2026","1007101.03","-20.51","0.28","-2.15","Moving Down","","",,="2/9","<1","false","Swing"
"BRX","Brixmor Property Group Inc. Common Stock","Real Estate","REIT - Retail","29.31","35.36","Sell","Jul 31, 2026","Downtrend","Aug 04, 2026","2215249.33","-39.99","0.19","-0.58","Moving Down","","",,="4/9","<1","false","Swing"
"CNP","CenterPoint Energy, Inc (Holding Co) Common Stock","Utilities","Utilities - Regulated Electric","38.77","35.03","Sell","Jul 31, 2026","Downtrend","Jul 30, 2026","5967223.2","5.24","0.22","-3.56","Moving Down","","",,="2/9","<1","false","Swing"
"CWK","Cushman & Wakefield Ltd. Common Shares","Real Estate","Real Estate Services","14.82","69.47","Buy","Jul 31, 2026","Uptrend","Aug 11, 2026","1980795.63","39.03","8.95","0.82","Moving Up","","",,="7/9","<1","false","Swing"
"EC","Ecopetrol S.A. American Depositary Shares","Energy","Oil & Gas Integrated","17.53","83.67","Buy","Jul 31, 2026","Uptrend","Jul 13, 2026","2073375.27","-16.89","0.88","-0.68","Moving Up","","",,="7/9","<1","false","Swing"
"ED","Consolidated Edison, Inc. Common Stock","Utilities","Utilities - Regulated Electric","106.35","44.16","Sell","Jul 31, 2026","Downtrend","Jul 31, 2026","2105284.9","6.9","0.57","-1.81","Moving Down","","",,="2/9","<1","false","Swing"
"ENB","Enbridge Inc Common Stock","Energy","Oil & Gas Midstream","50.46","30.29","Sell","Jul 31, 2026","Downtrend","Jul 31, 2026","4356942.8","15.86","0.98","-1.04","Moving Down","","",,="4/9","<1","false","Swing"
"EXC","Exelon Corporation Common Stock","Utilities","Utilities - Regulated Electric","43.78","46.31","Sell","Jul 31, 2026","Downtrend","Jul 31, 2026","7225462.33","-20.11","0.31","-2.84","Moving Down","","",,="2/9","<1","false","Swing"
"FLS","Flowserve Corporation Common Stock","Industrials","Specialty Industrial Machinery","79.39","72.91","Buy","Jul 31, 2026","Uptrend","Jul 30, 2026","1739346.03","-7.9","0.37","1.65","Moving Down","","",,="3/9","<1","false","Swing"
"FLUT","Flutter Entertainment plc Ordinary Shares","Discretionary","Gambling","102.61","57.01","Sell","Jul 31, 2026","Neutral","Aug 21, 2026","2997154.63","32.96","6.25","3.05","Moving Up","","",,="3/9","<1","false","Swing"
"GMED","Globus Medical, Inc. Class A Common Stock","Health Care","Medical Devices","86.91","65.19","Buy","Jul 31, 2026","Uptrend","Aug 03, 2026","1528042.43","10.31","0.69","1.45","Moving Up","","",,="7/9","<1","false","Swing"
"IFF","International Flavors & Fragrances, Inc. Common Stock","Materials","Specialty Chemicals","84.28","77.17","Buy","Jul 31, 2026","Uptrend","Jul 29, 2026","1646856.3","-36.03","2.78","1.07","Moving Up","","",,="6/9","<1","false","Swing"
"LHX","L3Harris Technologies, Inc. Common Stock","Industrials","Aerospace & Defense","266.73","32.5","Sell","Jul 31, 2026","Downtrend","Jul 30, 2026","1549902.13","42.97","3.51","-1.37","Moving Down","","",,="2/9","<1","false","Swing"
"MAC","Macerich Company (The) Common Stock","Real Estate","REIT - Retail","24.38","49.49","Sell","Jul 31, 2026","Downtrend","Aug 21, 2026","3314313.87","80.05","41.11","-1.26","Moving Down","","",,="4/9","<1","false","Swing"
"NNN","NNN REIT, Inc. Common Stock","Real Estate","REIT - Retail","45.83","47.84","Sell","Jul 31, 2026","Downtrend","Aug 07, 2026","1357375.97","5.53","5.68","-0.56","Moving Down","","",,="4/9","<1","false","Swing"
"OGE","OGE Energy Corp Common Stock","Utilities","Utilities - Regulated Electric","45.62","46.29","Sell","Jul 31, 2026","Downtrend","Jul 30, 2026","1354813.13","-14.18","0.18","-2.38","Moving Down","","",,="2/9","<1","false","Swing"
"PARR","Par Pacific Holdings, Inc.  Common Stock","Energy","Oil & Gas Refining & Marketing","79.03","62.56","Sell","Jul 31, 2026","Uptrend","Aug 10, 2026","1037924.3","398.81","5.41","9.08","Moving Down","","",,="5/9","<1","false","Swing"
"RHI","Robert Half Inc. Common Stock","Industrials","Staffing & Employment Services","44.75","92.62","Sell","Jul 31, 2026","Uptrend","May 22, 2026","2295362.27","48.58","8.46","1.98","Moving Down","","",,="2/9","<1","false","Swing"
"TEVA","Teva Pharmaceutical Industries Limited American Depositary Shares","Health Care","Drug Manufacturers - Specialty & Generic","37.34","57.62","Buy","Jul 31, 2026","Uptrend","Jul 30, 2026","5441706.53","245.76","2.29","1.44","Moving Up","","",,="7/9","<1","false","Swing"
"VTR","Ventas, Inc. Common Stock","Real Estate","REIT - Healthcare Facilities","93.06","53.11","Sell","Jul 31, 2026","Neutral","Aug 14, 2026","3126818.93","111.07","3.97","0.41","Moving Down","","",,="4/9","<1","false","Swing"
"WM","Waste Management, Inc. Common Stock","Industrials","Waste Management","224.06","50.72","Sell","Jul 31, 2026","Downtrend","Aug 07, 2026","1876515.93","15.41","0.38","-0.38","Moving Down","","",,="2/9","<1","false","Swing"
"CLSK","CleanSpark, Inc. Common Stock","Financials","Capital Markets","11.98","24.6","Sell","Jul 30, 2026","Downtrend","Aug 04, 2026","24307047.37","114.61","11.9","-4.92","Moving Down","","",,="2/9","<1","false","Swing"
"CMCSA","Comcast Corporation Class A Common Stock","Communication","Telecom Services","26.85","81.5","Buy","Jul 30, 2026","Uptrend","Aug 03, 2026","28777657.17","-52.62","2.23","1.63","Moving Up","","",,="5/9","<1","false","Swing"
"CPRT","Copart, Inc. (DE) Common Stock","Industrials","Specialty Business Services","33.8","75.73","Buy","Jul 30, 2026","Uptrend","Aug 14, 2026","11783578.57","192.67","12.63","-1.54","Moving Up","","",,="4/9","<1","false","Swing"
"CTRE","CareTrust REIT, Inc. Common Stock","Real Estate","REIT - Healthcare Facilities","39.58","37.8","Sell","Jul 30, 2026","Downtrend","Aug 10, 2026","2091911.5","61.29","1.47","-0.45","Moving Down","","",,="4/9","<1","false","Swing"
"DOX","Amdocs Limited Ordinary Shares","Technology","Software - Infrastructure","61.4","77.06","Buy","Jul 30, 2026","Uptrend","Aug 06, 2026","1248818.43","-21.17","1.76","0.82","Moving Up","","",,="5/9","<1","false","Swing"
"DRI","Darden Restaurants, Inc. Common Stock","Discretionary","Restaurants","221.6","83.64","Buy","Jul 30, 2026","Uptrend","Jul 29, 2026","1201159.23","-112.36","0.16","1.67","Moving Up","","",,="5/9","<1","false","Swing"
"DXCM","DexCom, Inc. Common Stock","Health Care","Medical Devices","92.34","87.89","Buy","Jul 30, 2026","Uptrend","Jul 24, 2026","5140246.67","126.36","5.76","2.35","Moving Up","","",,="7/9","<1","false","Swing"
"EVRG","Evergy, Inc. Common Stock","Utilities","Utilities - Regulated Electric","80.92","34.5","Sell","Jul 30, 2026","Downtrend","Jul 30, 2026","1902037.03","26.76","2.21","-2.69","Moving Down","","",,="2/9","<1","false","Swing"
"FOX","Fox Corporation Class B Common Stock","Communication","Entertainment","61.05","87.33","Buy","Jul 30, 2026","Uptrend","Jul 29, 2026","1105575.43","43.15","1.1","0.99","Moving Down","","",,="3/9","<1","false","Swing"
"FOXA","Fox Corporation Class A Common Stock","Communication","Entertainment","68.54","88.53","Buy","Jul 30, 2026","Uptrend","Jul 28, 2026","4753472.7","63.01","1.59","0.85","Moving Down","","",,="4/9","<1","false","Swing"
"FR","First Industrial Realty Trust, Inc. Common Stock","Real Estate","REIT - Industrial","62.93","43.64","Sell","Jul 30, 2026","Downtrend","Aug 05, 2026","1016490.33","38.97","2.01","0.5","Moving Down","","",,="4/9","<1","false","Swing"
"GXO","GXO Logistics, Inc. Common Stock ","Industrials","Integrated Freight & Logistics","45.72","26.13","Sell","Jul 30, 2026","Downtrend","Aug 05, 2026","1548928.23","-35.6","1.82","0.77","Moving Down","","",,="2/9","<1","false","Swing"
"HUBG","Hub Group, Inc. Class A Common Stock","Industrials","Integrated Freight & Logistics","40.73","35.37","Sell","Jul 30, 2026","Downtrend","Aug 11, 2026","1143299.37","25.53","1.32","1.7","Moving Down","","",,="2/9","<1","false","Swing"
"JPM","JP Morgan Chase & Co. Common Stock","Financials","Banks - Diversified","351.58","60.73","Sell","Jul 30, 2026","Uptrend","Jun 05, 2026","7242807.3","120.5","2.11","0.01","Moving Down","","",,="3/9","<1","false","Swing"
"KO","Coca-Cola Company (The) Common Stock","Staples","Beverages - Non-Alcoholic","91.1","87.04","Buy","Jul 30, 2026","Uptrend","Jun 09, 2026","15738439.27","23.29","0.65","0.66","Moving Up","","",,="6/9","<1","false","Swing"
"MAN","ManpowerGroup Common Stock","Industrials","Staffing & Employment Services","61.45","91.59","Sell","Jul 30, 2026","Uptrend","May 28, 2026","1354997.67","47.25","7.15","1.17","Moving Down","","",,="3/9","<1","false","Swing"
"ODFL","Old Dominion Freight Line, Inc. Common Stock","Industrials","Trucking","206.47","34.83","Sell","Jul 30, 2026","Downtrend","Jul 30, 2026","1588263.93","-232.53","0.18","0.95","Moving Down","","",,="2/9","<1","false","Swing"
"OLMA","Olema Pharmaceuticals, Inc. Common Stock","Health Care","Biotechnology","10.69","35.74","Sell","Jul 30, 2026","Downtrend","Aug 11, 2026","1002672.83","37.22","13.43","-1.93","Moving Up","","",,="5/9","<1","false","Swing"
"PTC","PTC Inc. Common Stock","Technology","Software - Application","154.68","74.63","Buy","Jul 30, 2026","Uptrend","Jul 29, 2026","1398141.37","-7.01","0.36","0.76","Moving Up","","",,="5/9","<1","false","Swing"
"RMD","ResMed Inc. Common Stock","Health Care","Medical Instruments & Supplies","231.52","77.89","Buy","Jul 30, 2026","Uptrend","Jul 28, 2026","1403176.4","2.03","0.11","1.35","Moving Up","","",,="7/9","<1","false","Swing"
"STAG","Stag Industrial, Inc. Common Stock","Real Estate","REIT - Industrial","36.67","26.76","Sell","Jul 30, 2026","Downtrend","Jul 31, 2026","1719304.6","46.01","5.27","0.82","Moving Down","","",,="4/9","<1","false","Swing"
"TXT","Textron Inc. Common Stock","Industrials","Aerospace & Defense","82.95","44.51","Sell","Jul 30, 2026","Downtrend","Jul 29, 2026","1629699.87","-10.07","0.35","-1.68","Moving Down","","",,="2/9","<1","false","Swing"
"USFD","US Foods Holding Corp. Common Stock","Staples","Food Distribution","109.62","93.73","Buy","Jul 30, 2026","Uptrend","Jul 27, 2026","2274832.3","221.07","3.7","1.07","Moving Down","","",,="5/9","<1","false","Swing"
"VFC","V.F. Corporation Common Stock","Discretionary","Apparel Manufacturing","14.37","42.31","Sell","Jul 30, 2026","Downtrend","Jul 29, 2026","7700173.17","-43.98","6.81","3.01","Moving Down","","",,="2/9","<1","false","Swing"
"DEI","Douglas Emmett, Inc. Common Stock","Real Estate","REIT - Office","11.79","61.31","Sell","Jul 29, 2026","Downtrend","Aug 21, 2026","1794110.7","-23.32","11.79","-0.59","Moving Up","","",,="5/9","<1","false","Swing"
"DK","Delek US Holdings, Inc. Common Stock","Energy","Oil & Gas Refining & Marketing","71.47","73.87","Sell","Jul 29, 2026","Uptrend","Jun 26, 2026","1339470.07","-27.8","0.26","11.6","Moving Down","","",,="5/9","<1","false","Swing"
"DUOL","Duolingo, Inc. Class A Common Stock","Technology","Software - Application","146.13","70.2","Buy","Jul 29, 2026","Uptrend","Aug 07, 2026","1242165.33","201.39","44.82","-0.61","Moving Up","","",,="5/9","<1","false","Swing"
"ELF","e.l.f. Beauty, Inc. Common Stock","Staples","Household & Personal Products","101.94","82.04","Buy","Jul 29, 2026","Uptrend","Jun 12, 2026","2368447.47","32.42","0.34","3.53","Moving Up","","",,="6/9","<1","false","Swing"
"FAST","Fastenal Company Common Stock","Industrials","Industrial Distribution","51.26","81.62","Buy","Jul 29, 2026","Uptrend","Jul 27, 2026","8208877.43","92.29","1.07","1.18","Moving Down","","",,="4/9","<1","false","Swing"
"FRPT","Freshpet, Inc. Common Stock","Staples","Packaged Foods","73.965","88.96","Buy","Jul 29, 2026","Uptrend","Jul 15, 2026","1316138.07","24.19","7.37","-0.22","Moving Up","","",,="6/9","<1","false","Swing"
"GPRE","Green Plains Inc. Common Stock","Materials","Chemicals","16.25","57.67","Sell","Jul 29, 2026","Neutral","Aug 21, 2026","1407823.2","-66.01","0.02","1.44","Moving Up","","",,="4/9","<1","false","Swing"
"HALO","Halozyme Therapeutics, Inc. Common Stock","Health Care","Biotechnology","108.17","90.52","Buy","Jul 29, 2026","Uptrend","Jun 03, 2026","2126383.73","416.39","2.38","1.93","Moving Up","","",,="7/9","<1","false","Swing"
"HMY","Harmony Gold Mining Company Limited","Materials","Gold","23.54","72.38","Buy","Jul 29, 2026","Uptrend","Aug 03, 2026","2878325.3","189.2","0.92","6.9","Moving Up","","",,="6/9","<1","false","Swing"
"HRB","H&R Block, Inc. Common Stock","Discretionary","Personal Services","53.68","95.65","Buy","Jul 29, 2026","Uptrend","Jun 30, 2026","2346654.47","-31.7","0.31","1.21","Moving Up","","",,="4/9","<1","false","Swing"
"HSY","The Hershey Company Common Stock","Staples","Confectioners","186.46","57.02","Buy","Jul 29, 2026","Uptrend","Aug 06, 2026","1466440.8","-14.42","0.28","-0.98","Moving Up","","",,="6/9","<1","false","Swing"
"IMNM","Immunome, Inc. Common Stock","Health Care","Biotechnology","28.52","61.35","Buy","Jul 29, 2026","Uptrend","Jun 30, 2026","1090963.53","195.81","2.61","1.57","Moving Up","","",,="7/9","<1","false","Swing"
"PBF","PBF Energy Inc. Class A Common Stock","Energy","Oil & Gas Refining & Marketing","73.53","83.97","Sell","Jul 29, 2026","Uptrend","Jun 26, 2026","3182263.07","202.02","4.53","5.71","Moving Down","","",,="5/9","<1","false","Swing"
"SAP","SAP  SE ADS","Technology","Software - Application","218.68","88.16","Buy","Jul 29, 2026","Uptrend","Jul 28, 2026","3202439.1","65","2.87","0.73","Moving Up","","",,="5/9","<1","false","Swing"
"TRP","TC Energy Corporation Common Stock","Energy","Oil & Gas Midstream","62.02","35.17","Sell","Jul 29, 2026","Downtrend","Jul 31, 2026","1899744.87","-10.03","0.31","-1.6","Moving Down","","",,="3/9","<1","false","Swing"
"TW","Tradeweb Markets Inc. Class A Common Stock","Financials","Capital Markets","107.04","78.11","Buy","Jul 29, 2026","Uptrend","Aug 05, 2026","1541395.8","-0.96","0.29","0.89","Moving Up","","",,="5/9","<1","false","Swing"
"UNH","UnitedHealth Group Incorporated Common Stock (DE)","Health Care","Healthcare Plans","390.11","62.95","Sell","Jul 29, 2026","Downtrend","Aug 11, 2026","4949856.07","-92.47","0.09","1.37","Moving Down","","",,="4/9","<1","false","Swing"
"VIV","Telefonica Brasil S.A. American Depositary Shares (Each representing One Common Share)","Communication","Telecom Services","11.43","4.79","Sell","Jul 29, 2026","Downtrend","Jul 29, 2026","1602359.3","38.97","16.2","1.78","Moving Down","","",,="2/9","<1","false","Swing"
"VST","Vistra Corp. Common Stock","Utilities","Utilities - Independent Power Producers","136.21","21.46","Sell","Jul 29, 2026","Downtrend","Jul 29, 2026","4583166.73","-259.13","0.25","-1.96","Moving Down","","",,="2/9","<1","false","Swing"
"XRAY","DENTSPLY SIRONA Inc. Common Stock","Health Care","Medical Instruments & Supplies","10.92","58.99","Sell","Jul 29, 2026","Downtrend","Aug 11, 2026","4955403.13","-80.14","3.34","1.3","Moving Down","","",,="4/9","<1","false","Swing"
"ACHC","Acadia Healthcare Company, Inc. Common Stock","Health Care","Medical Care Facilities","27.82","53.42","Sell","Jul 28, 2026","Downtrend","Aug 18, 2026","2510546.23","-58.64","0.83","3.15","Moving Down","","",,="4/9","<1","false","Swing"
"AMGN","Amgen Inc. Common Stock","Health Care","Drug Manufacturers - General","439.33","90.49","Buy","Jul 28, 2026","Uptrend","Jun 22, 2026","2489003.83","122.91","3.64","1.29","Moving Up","","",,="7/9","<1","false","Swing"
"BANC","Banc of California, Inc. Common Stock","Financials","Banks - Regional","18.64","40.76","Sell","Jul 28, 2026","Downtrend","Jul 29, 2026","3305729","-156.53","0.04","-0.05","Moving Down","","",,="2/9","<1","false","Swing"
"BHP","BHP Group Limited American Depositary Shares (Each representing two Ordinary Shares)","Materials","Other Industrial Metals & Mining","97.03","69.63","Buy","Jul 28, 2026","Uptrend","Jul 27, 2026","2620082.57","91.42","2.3","3.63","Moving Up","","",,="6/9","<1","false","Swing"
"CHRW","C.H. Robinson Worldwide, Inc. Common Stock","Industrials","Integrated Freight & Logistics","141.63","17.17","Sell","Jul 28, 2026","Downtrend","Jul 28, 2026","2124350.6","-78.46","0.19","-1.53","Moving Down","","",,="1/9","<1","false","Swing"
"CRM","Salesforce, Inc. Common Stock","Technology","Software - Application","209.17","74.27","Buy","Jul 28, 2026","Uptrend","Jul 27, 2026","11696146.77","-33.07","0.15","1.82","Moving Up","","",,="4/9","<1","false","Swing"
"D","Dominion Energy, Inc. Common Stock","Utilities","Utilities - Regulated Electric","66.6","58.38","Sell","Jul 28, 2026","Downtrend","Aug 19, 2026","3451424.87","-37.18","0.89","-1.29","Moving Down","","",,="2/9","<1","false","Swing"
"DOC","Healthpeak Properties, Inc. Common Stock","Real Estate","REIT - Healthcare Facilities","21.4","46.76","Sell","Jul 28, 2026","Neutral","Aug 20, 2026","5405194.27","-20.9","0.17","0.94","Moving Up","","",,="5/9","<1","false","Swing"
"EGO","Eldorado Gold Corporation Ordinary Shares","Materials","Gold","45.72","73.64","Buy","Jul 28, 2026","Uptrend","Aug 03, 2026","2466610.93","171.94","1.04","7.2","Moving Up","","",,="5/9","<1","false","Swing"
"EXLS","ExlService Holdings, Inc. Common Stock","Technology","Information Technology Services","37.53","96.42","Buy","Jul 28, 2026","Uptrend","Jul 27, 2026","2452148.4","105.97","1.78","1.3","Moving Up","","",,="5/9","<1","false","Swing"
"GLUE","Monte Rosa Therapeutics, Inc. Common Stock","Health Care","Biotechnology","14.3","17.62","Sell","Jul 28, 2026","Downtrend","Jul 31, 2026","1347185.57","-71.79","0.17","-3.25","Moving Down","","",,="4/9","<1","false","Swing"
"GS","Goldman Sachs Group, Inc. (The) Common Stock","Financials","Capital Markets","1039.28","47.9","Sell","Jul 28, 2026","Neutral","Aug 21, 2026","1997792.5","198.51","1.56","3.73","Moving Down","","",,="2/9","<1","false","Swing"
"HE","Hawaiian Electric Industries, Inc. Common Stock","Utilities","Utilities - Regulated Electric","11.5","35.43","Sell","Jul 28, 2026","Downtrend","Jul 27, 2026","1863258.93","-34.69","6.62","-0.95","Moving Down","","",,="2/9","<1","false","Swing"
"HESM","Hess Midstream LP Class A Representing Limited Partner Interests","Energy","Oil & Gas Midstream","39.14","45.04","Sell","Jul 28, 2026","Downtrend","Aug 20, 2026","1085675.5","32.86","1.4","0.1","Moving Down","","",,="3/9","<1","false","Swing"
"IT","Gartner, Inc. Common Stock","Technology","Information Technology Services","195.9","93.04","Buy","Jul 28, 2026","Uptrend","Jul 27, 2026","1463137.17","149.94","18.03","1.15","Moving Up","","",,="5/9","<1","false","Swing"
"JNJ","Johnson & Johnson Common Stock","Health Care","Drug Manufacturers - General","270.24","81.45","Buy","Jul 28, 2026","Uptrend","Jun 23, 2026","7444016.73","79.7","2.02","1.07","Moving Up","","","true",="7/9","<1","false","Swing"
"LDOS","Leidos Holdings, Inc. Common Stock","Technology","Information Technology Services","141.39","84.56","Buy","Jul 28, 2026","Uptrend","Aug 03, 2026","1499475.93","20.31","1.28","0.01","Moving Up","","",,="5/9","<1","false","Swing"
"OMER","Omeros Corporation Common Stock","Health Care","Biotechnology","19.27","78.4","Buy","Jul 28, 2026","Uptrend","Jul 27, 2026","2100049.97","1.08","0.09","3.44","Moving Up","","",,="7/9","<1","false","Swing"
"RF","Regions Financial Corporation Common Stock","Financials","Banks - Regional","30.41","69.65","Sell","Jul 28, 2026","Downtrend","Aug 20, 2026","8872982.57","56.12","1.52","0.63","Moving Down","","",,="2/9","<1","false","Swing"
"SLB","SLB Limited Common Shares","Energy","Oil & Gas Equipment & Services","53.87","64.86","Buy","Jul 28, 2026","Uptrend","Aug 04, 2026","10733131.87","14.24","0.96","0.6","Moving Up","","",,="7/9","<1","false","Swing"
"UPS","United Parcel Service, Inc. Common Stock","Industrials","Integrated Freight & Logistics","102.01","37.98","Sell","Jul 28, 2026","Downtrend","Aug 05, 2026","5086782.83","-131.4","0.19","-0.56","Moving Down","","",,="2/9","<1","false","Swing"
"WIX","Wix.com Ltd. Ordinary Shares","Technology","Software - Infrastructure","82.07","80.63","Buy","Jul 28, 2026","Uptrend","Jul 27, 2026","1677382.43","71.55","9.91","-0.39","Moving Up","","",,="5/9","<1","false","Swing"
"A","Agilent Technologies, Inc. Common Stock","Health Care","Diagnostics & Research","159","91.84","Buy","Jul 27, 2026","Uptrend","May 28, 2026","1913743.2","73.07","2.51","1.73","Moving Up","","",,="6/9","<1","false","Swing"
"ARQT","Arcutis Biotherapeutics, Inc. Common Stock","Health Care","Biotechnology","25.08","49.23","Sell","Jul 27, 2026","Downtrend","Aug 20, 2026","1537195.5","-24.68","0.13","-1.07","Moving Down","","",,="4/9","<1","false","Swing"
"ARWR","Arrowhead Pharmaceuticals, Inc. Common Stock","Health Care","Biotechnology","87.11","63.41","Buy","Jul 27, 2026","Uptrend","Jul 23, 2026","1787318.63","29.17","2.44","-0.41","Moving Up","","",,="6/9","<1","false","Swing"
"CX","Cemex, S.A.B. de C.V. Sponsored ADR","Materials","Building Materials","11.11","27.91","Sell","Jul 27, 2026","Downtrend","Jul 24, 2026","7421013.87","86.71","1.39","4.81","Moving Down","","",,="3/9","<1","false","Swing"
"ECVT","Ecovyst Inc. Common Stock","Materials","Specialty Chemicals","10.44","31.11","Sell","Jul 27, 2026","Downtrend","Jul 29, 2026","1295305.1","38.41","7.85","1.16","Moving Up","","",,="4/9","<1","false","Swing"
"EMR","Emerson Electric Company Common Stock","Industrials","Specialty Industrial Machinery","157.26","78.63","Buy","Jul 27, 2026","Uptrend","Jul 24, 2026","2747703","107.01","2.26","1.64","Moving Up","","",,="5/9","<1","false","Swing"
"EPRT","Essential Properties Realty Trust, Inc. Common Stock","Real Estate","REIT - Retail","30.84","66.86","Sell","Jul 27, 2026","Downtrend","Aug 21, 2026","1446391.73","41.61","4.59","-1.06","Moving Up","","",,="5/9","<1","false","Swing"
"EQT","EQT Corporation Common Stock","Energy","Oil & Gas E&P","53.72","45.5","Buy","Jul 27, 2026","Uptrend","Aug 10, 2026","6736632.1","193.72","1.03","-0.32","Moving Up","","",,="7/9","<1","false","Swing"
"IBN","ICICI Bank Limited Common Stock","Financials","Banks - Regional","29.91","61.17","Sell","Jul 27, 2026","Neutral","Aug 19, 2026","5211364","-83.14","0.19","0.81","Moving Down","","",,="2/9","<1","false","Swing"
"KT","KT Corporation Common Stock","Communication","Telecom Services","18.9","62.21","Buy","Jul 27, 2026","Uptrend","Aug 11, 2026","1509647.23","93.44","3.6","1.23","Moving Up","","",,="5/9","<1","false","Swing"
"MDLZ","Mondelez International, Inc. Class A Common Stock","Staples","Confectioners","64.45","76.16","Buy","Jul 27, 2026","Uptrend","Jul 24, 2026","7950942.53","35.34","4.74","0.48","Moving Up","","",,="6/9","<1","false","Swing"
"QTTB","Q32 Bio Inc. Common Stock","Health Care","Biotechnology","15.97","63.92","Sell","Jul 27, 2026","Uptrend","May 22, 2026","1806141.37","41.86","6.4","0.69","Moving Down","","",,="5/9","<1","false","Swing"
"RTO","Rentokil Initial plc American Depositary Shares (each representing five (5) Ordinary Shares)","Industrials","Specialty Business Services","23.65","24.79","Sell","Jul 27, 2026","Downtrend","Jul 24, 2026","1497153.3","7.68","4.23","1.33","Moving Down","","",,="2/9","<1","false","Swing"
"SLG","SL Green Realty Corp Common Stock","Real Estate","REIT - Office","57.45","75.49","Buy","Jul 27, 2026","Uptrend","May 21, 2026","1007095.2","-3.82","25.61","-1.12","Moving Up","","",,="7/9","<1","false","Swing"
"UPBD","Upbound Group, Inc. Common Stock","Technology","Software - Application","18.8","39.94","Sell","Jul 27, 2026","Downtrend","Aug 05, 2026","1018869.07","38.67","7.07","1.4","Moving Down","","",,="2/9","<1","false","Swing"
"VRDN","Viridian Therapeutics, Inc. Common Stock","Health Care","Biotechnology","24.29","76.06","Buy","Jul 27, 2026","Uptrend","Jul 20, 2026","1788590.77","-22.6","0.26","-0.86","Moving Up","","",,="7/9","<1","false","Swing"
"VZ","Verizon Communications Inc. Common Stock","Communication","Telecom Services","49.45","58.26","Buy","Jul 27, 2026","Uptrend","Jul 24, 2026","22644706.27","-28.58","1.42","0.53","Moving Up","","",,="4/9","<1","false","Swing"
"XP","XP Inc. Class A Common Stock","Financials","Capital Markets","16.81","45","Sell","Jul 27, 2026","Neutral","Aug 21, 2026","4162834.2","12.44","7.14","5.13","Moving Up","","",,="2/9","<1","false","Swing"
"AIG","American International Group, Inc. New Common Stock","Financials","Insurance - Diversified","76.12","46.63","Sell","Jul 24, 2026","Downtrend","Aug 11, 2026","3158766.37","-4.8","0.34","0.49","Moving Down","","",,="2/9","<1","false","Swing"
"APLE","Apple Hospitality REIT, Inc. Common Shares","Real Estate","REIT - Hotel & Motel","16.67","68.09","Sell","Jul 24, 2026","Neutral","Aug 18, 2026","2857877.1","-38.24","0.14","1.03","Moving Up","","",,="4/9","<1","false","Swing"
"BNL","Broadstone Net Lease, Inc. Common Stock","Real Estate","REIT - Diversified","21.12","49.51","Sell","Jul 24, 2026","Downtrend","Aug 17, 2026","2065191.9","17.55","1.34","-0.42","Moving Down","","",,="4/9","<1","false","Swing"
"CUZ","Cousins Properties Incorporated Common Stock","Real Estate","REIT - Office","29.68","63.03","Sell","Jul 24, 2026","Downtrend","Aug 14, 2026","1541155.63","0.36","2.86","0.34","Moving Down","","",,="4/9","<1","false","Swing"
"DBRG","DigitalBridge Group, Inc.","Financials","Asset Management","15.93","57.19","Buy","Jul 24, 2026","Uptrend","Mar 25, 2026","3077565.67","26.01","11.79","0.13","Moving Up","","",,="5/9","<1","false","Swing"
"FRO","Frontline Plc Ordinary Shares","Energy","Oil & Gas Midstream","43.67","70.43","Buy","Jul 24, 2026","Uptrend","Jul 21, 2026","1883691.63","185.34","1.14","0.25","Moving Up","","",,="7/9","<1","false","Swing"
"GBCI","Glacier Bancorp, Inc. Common Stock","Financials","Banks - Regional","47.25","50.99","Sell","Jul 24, 2026","Downtrend","Aug 17, 2026","1121604","68.86","25.54","0","Moving Down","","",,="2/9","<1","false","Swing"
"GGG","Graco Inc. Common Stock","Industrials","Specialty Industrial Machinery","80.64","60.5","Buy","Jul 24, 2026","Uptrend","Jul 23, 2026","1431583.47","33.93","1.59","-1.31","Moving Up","","",,="4/9","<1","false","Swing"
"HIW","Highwoods Properties, Inc. Common Stock","Real Estate","REIT - Office","31.4","61.34","Sell","Jul 24, 2026","Neutral","Aug 19, 2026","1315865.33","-0.66","137.16","-0.22","Moving Down","","",,="4/9","<1","false","Swing"
"KHC","The Kraft Heinz Company Common Stock","Staples","Packaged Foods","25.58","42.2","Sell","Jul 24, 2026","Neutral","Aug 19, 2026","13368775.43","-15.99","0.15","0.04","Moving Up","","",,="4/9","<1","false","Swing"
"KNX","Knight-Swift Transportation Holdings Inc.","Industrials","Trucking","71.6","58.06","Sell","Jul 24, 2026","Downtrend","Aug 18, 2026","3763308.67","32.99","0.81","3.16","Moving Up","","",,="3/9","<1","false","Swing"
"META","Meta Platforms, Inc. Class A Common Stock","Communication","Internet Content & Information","549.9","27.71","Sell","Jul 24, 2026","Downtrend","Jul 28, 2026","16154652.93","-105.39","0.21","0.75","Moving Down","","","true",="2/9","<1","false","Swing"
"MNRO","Monro, Inc. Common Stock","Discretionary","Auto Parts","12.55","25.93","Sell","Jul 24, 2026","Downtrend","Jul 29, 2026","1051231.07","-53.04","4.75","4.93","Moving Down","","",,="2/9","<1","false","Swing"
"ONB","Old National Bancorp Common Stock","Financials","Banks - Regional","25.81","67.36","Sell","Jul 24, 2026","Downtrend","Aug 20, 2026","4265420.3","71.1","3.81","-0.08","Moving Down","","",,="2/9","<1","false","Swing"
"RRC","Range Resources Corporation Common Stock","Energy","Oil & Gas E&P","41.06","59.41","Buy","Jul 24, 2026","Uptrend","Aug 10, 2026","2887233.77","-69.04","0.3","0.96","Moving Up","","",,="7/9","<1","false","Swing"
"ACGL","Arch Capital Group Ltd. Common Stock","Financials","Insurance - Diversified","99.39","48.3","Sell","Jul 23, 2026","Neutral","Aug 18, 2026","1703259","46.6","0.89","0.08","Moving Down","","",,="2/9","<1","false","Swing"
"ACIW","ACI Worldwide, Inc. Common Stock","Technology","Software - Infrastructure","51.86","45.63","Sell","Jul 23, 2026","Downtrend","Aug 17, 2026","1082018.87","-1.17","0.32","0.56","Moving Down","","",,="1/9","<1","false","Swing"
"AXP","American Express Company Common Stock","Financials","Credit Services","336","49.63","Sell","Jul 23, 2026","Downtrend","Aug 20, 2026","2662523.13","90.88","1.43","1.46","Moving Down","","",,="2/9","<1","false","Swing"
"BOX","Box, Inc. Class A Common Stock","Technology","Software - Infrastructure","32.91","77.16","Sell","Jul 23, 2026","Uptrend","Jun 29, 2026","2727630.67","-87.02","0.11","0.03","Moving Down","","",,="2/9","<1","false","Swing"
"EBAY","eBay Inc. Common Stock","Discretionary","Internet Retail","104.13","32.83","Sell","Jul 23, 2026","Downtrend","Aug 10, 2026","4317718.07","167.6","2.32","-0.46","Moving Down","","",,="2/9","<1","false","Swing"
"FBRX","Forte Biosciences, Inc. Common Stock","Health Care","Biotechnology","76.92","70.04","Sell","Jul 23, 2026","Uptrend","Jul 09, 2026","2055609.83","660.27","5.38","0.04","Moving Down","","",,="5/9","<1","false","Swing"
"GRPN","Groupon, Inc. Common Stock","Communication","Internet Content & Information","19.59","39.73","Sell","Jul 23, 2026","Downtrend","Aug 10, 2026","1544153.5","-21.27","10.83","-0.05","Moving Down","","",,="2/9","<1","false","Swing"
"MLTX","MoonLake Immunotherapeutics Class A Ordinary Shares","Health Care","Biotechnology","15.76","33.24","Sell","Jul 23, 2026","Downtrend","Jul 31, 2026","1218177.37","-713.28","0.01","-0.69","Moving Down","","",,="4/9","<1","false","Swing"
"NKE","Nike, Inc. Common Stock","Discretionary","Footwear & Accessories","40.76","41.83","Sell","Jul 23, 2026","Downtrend","Jul 22, 2026","20585089","-90.04","2","1.37","Moving Down","","",,="2/9","<1","false","Swing"
"PBI","Pitney Bowes Inc. Common Stock","Industrials","Integrated Freight & Logistics","16.48","37.45","Sell","Jul 23, 2026","Downtrend","Aug 10, 2026","1600261.5","267.39","1.78","1.92","Moving Down","","",,="2/9","<1","false","Swing"
"PFE","Pfizer, Inc. Common Stock","Health Care","Drug Manufacturers - General","28.07","85.52","Buy","Jul 23, 2026","Uptrend","Aug 04, 2026","39310586.53","12.07","5.38","1.01","Moving Up","","",,="7/9","<1","false","Swing"
"QGEN","Qiagen N.V. Common Shares","Health Care","Diagnostics & Research","44.07","58.5","Sell","Jul 23, 2026","Uptrend","Jun 24, 2026","2741704.27","-59.53","0.11","-1.85","Moving Down","","",,="5/9","<1","false","Swing"
"REZI","Resideo Technologies, Inc. Common Stock ","Industrials","Industrial Distribution","20.27","7.7","Sell","Jul 23, 2026","Downtrend","Aug 04, 2026","2357556.93","37.91","11.93","1.2","Moving Up","","",,="3/9","<1","false","Swing"
"RSI","Rush Street Interactive, Inc. Class A Common Stock","Discretionary","Gambling","25.8","35.01","Sell","Jul 23, 2026","Downtrend","Jul 30, 2026","2740022.37","148.9","0.99","0.74","Moving Up","","",,="3/9","<1","false","Swing"
"RY","Royal Bank Of Canada Common Stock","Financials","Banks - Diversified","205.23","64.12","Sell","Jul 23, 2026","Downtrend","Aug 21, 2026","1254138.1","225.22","3.23","0.01","Moving Down","","",,="2/9","<1","false","Swing"
"SIRI","SiriusXM Holdings Inc. Common Stock","Communication","Entertainment","28.69","44.49","Sell","Jul 23, 2026","Downtrend","Aug 10, 2026","3926928.17","-47.53","3.7","1.06","Moving Down","","",,="2/9","<1","false","Swing"
"STWD","STARWOOD PROPERTY TRUST, INC. Starwood Property Trust Inc.","Real Estate","REIT - Mortgage","16.38","60.14","Sell","Jul 23, 2026","Downtrend","Jul 20, 2026","4293327.1","5.24","3.87","-0.18","Moving Up","","",,="5/9","<1","false","Swing"
"T","AT&T Inc.","Communication","Telecom Services","25.29","73.24","Buy","Jul 23, 2026","Uptrend","Aug 06, 2026","61567150.87","18.47","3.29","0.56","Moving Up","","",,="4/9","<1","false","Swing"
"ZTO","ZTO Express (Cayman) Inc. American Depositary Shares, each representing one Class A ordinary share.","Industrials","Integrated Freight & Logistics","21.37","37.02","Sell","Jul 23, 2026","Downtrend","Aug 12, 2026","1818476.13","-89.11","0.33","-0.05","Moving Down","","",,="2/9","<1","false","Swing"
"ACI","Albertsons Companies, Inc. Class A Common Stock","Staples","Grocery Stores","12.38","29.45","Sell","Jul 22, 2026","Downtrend","Jul 23, 2026","9053655.37","-66.21","2.45","3.34","Moving Down","","",,="3/9","<1","false","Swing"
"APA","APA Corporation Common Stock","Energy","Oil & Gas E&P","43.39","69.36","Buy","Jul 22, 2026","Uptrend","Aug 06, 2026","5665589.17","193.26","6.79","-2.25","Moving Up","","",,="7/9","<1","false","Swing"
"BAC","Bank of America Corporation Common Stock","Financials","Banks - Diversified","61.69","70.6","Sell","Jul 22, 2026","Uptrend","Jun 02, 2026","30837314.33","101.87","3.6","-0.27","Moving Down","","",,="3/9","<1","false","Swing"
"CLBK","Columbia Financial, Inc. Common Stock","Financials","Banks - Regional","11.79","50.93","Sell","Jul 22, 2026","Downtrend","Jul 21, 2026","7515909.03","-157.18","0.94","0.26","Moving Down","","",,="2/9","<1","false","Swing"
"COR","Cencora, Inc. Common Stock","Health Care","Medical Distribution","318.04","49.49","Sell","Jul 22, 2026","Uptrend","Jul 01, 2026","1395027.3","136.56","1.26","1.06","Moving Down","","",,="5/9","<1","false","Swing"
"DECK","Deckers Outdoor Corporation Common Stock","Discretionary","Footwear & Accessories","91.68","33.52","Sell","Jul 22, 2026","Downtrend","Jul 21, 2026","2291186.5","226.41","2.76","3.17","Moving Down","","",,="2/9","<1","false","Swing"
"ELAN","Elanco Animal Health Incorporated Common Stock","Health Care","Drug Manufacturers - Specialty & Generic","23.97","36.59","Sell","Jul 22, 2026","Downtrend","Aug 20, 2026","7163244.13","-56.38","2.02","1.74","Moving Up","","",,="5/9","<1","false","Swing"
"ETSY","Etsy, Inc. Common Stock","Discretionary","Internet Retail","81.03","66.01","Sell","Jul 22, 2026","Neutral","Aug 14, 2026","2911407.43","-84.18","0.12","-0.22","Moving Up","","",,="3/9","<1","false","Swing"
"FE","FirstEnergy Corp. Common Stock","Utilities","Utilities - Regulated Electric","45.96","38.9","Sell","Jul 22, 2026","Downtrend","Aug 06, 2026","4326764.5","-33.88","0.02","-2.59","Moving Down","","",,="2/9","<1","false","Swing"
"LYB","LyondellBasell Industries NV Ordinary Shares Class A (Netherlands)","Materials","Specialty Chemicals","67.53","77.85","Buy","Jul 22, 2026","Uptrend","Aug 10, 2026","4313952.9","-79.72","0.9","-0.84","Moving Up","","",,="6/9","<1","false","Swing"
"NVO","Novo Nordisk A/S Common Stock","Health Care","Drug Manufacturers - General","46.74","48.87","Sell","Jul 22, 2026","Downtrend","Aug 12, 2026","11980292.6","77.76","2.54","1.3","Moving Down","","",,="4/9","<1","false","Swing"
"PODD","Insulet Corporation Common Stock","Health Care","Medical Devices","148.16","32.08","Sell","Jul 22, 2026","Downtrend","Aug 05, 2026","1628921.37","88.14","26.17","0.88","Moving Up","","",,="5/9","<1","false","Swing"
"QDEL","QuidelOrtho Corporation Common Stock","Health Care","Medical Devices","14.74","33.28","Sell","Jul 22, 2026","Downtrend","Aug 07, 2026","1461318.83","-82.61","3.71","-0.74","Moving Down","","",,="4/9","<1","false","Swing"
"TROW","T. Rowe Price Group, Inc. Common Stock","Financials","Asset Management","111.51","63.44","Sell","Jul 22, 2026","Downtrend","Aug 12, 2026","1834905.13","22.55","10.19","-0.61","Moving Down","","",,="2/9","<1","false","Swing"
"VEEE","Twin Vee PowerCats Co. Common Stock","Discretionary","Recreational Vehicles","10.345","54.11","Sell","Jul 22, 2026","Downtrend","Aug 12, 2026","4298398.63","-135.63","5.51","5.99","Moving Up","","",,="3/9","<1","false","Swing"
"WCN","Waste Connections, Inc. Common Shares","Industrials","Waste Management","169.4","49.48","Sell","Jul 22, 2026","Uptrend","Aug 21, 2026","1195858.97","-33.39","0.26","0.64","Moving Up","","",,="3/9","<1","false","Swing"
"XYL","Xylem Inc. Common Stock New","Industrials","Specialty Industrial Machinery","113.42","42.6","Sell","Jul 22, 2026","Downtrend","Aug 18, 2026","1857551.1","63.37","3.57","-0.02","Moving Down","","",,="2/9","<1","false","Swing"
"ZION","Zions Bancorporation N.A. Common Stock","Financials","Banks - Regional","68.14","61.4","Sell","Jul 22, 2026","Downtrend","Aug 20, 2026","1590695.53","102.46","4.94","0.37","Moving Down","","",,="2/9","<1","false","Swing"
"BAND","Bandwidth Inc. Class A Common Stock","Technology","Software - Infrastructure","47.52","56.08","Sell","Jul 21, 2026","Downtrend","Jul 27, 2026","1097483.87","208.25","3.14","-1.31","Moving Up","","",,="3/9","<1","false","Swing"
"BRO","Brown & Brown, Inc. Common Stock","Financials","Insurance Brokers","72.92","50.2","Sell","Jul 21, 2026","Uptrend","Jun 24, 2026","2521029.13","170.34","5.71","1.17","Moving Down","","",,="3/9","<1","false","Swing"
"EQR","Equity Residential Common Shares of Beneficial Interest","Real Estate","REIT - Residential","63.66","61.64","Sell","Jul 21, 2026","Downtrend","Aug 06, 2026","3498307.93","-60.58","0.65","0","","","",,="4/9","<1","false","Swing"
"GME","GameStop Corporation Common Stock","Discretionary","Specialty Retail","18.21","28.47","Sell","Jul 21, 2026","Downtrend","Jul 29, 2026","5732357.23","3246.19","8.86","0.94","Moving Down","","",,="2/9","<1","false","Swing"
"NOV","NOV Inc. Common Stock","Energy","Oil & Gas Equipment & Services","20.42","78.07","Buy","Jul 21, 2026","Uptrend","Aug 06, 2026","3334095.1","-92.91","0.61","0.74","Moving Down","","",,="6/9","<1","false","Swing"
"OUT","OUTFRONT Media Inc. Common Stock","Real Estate","REIT - Specialty","29.83","44.11","Sell","Jul 21, 2026","Downtrend","Aug 06, 2026","1686061.5","12.48","0.93","0.17","Moving Down","","",,="4/9","<1","false","Swing"
"PSN","Parsons Corporation Common Stock","Technology","Information Technology Services","49.05","57.56","Sell","Jul 21, 2026","Downtrend","Jul 29, 2026","1647393.47","42.37","3.68","6.49","Moving Up","","",,="3/9","<1","false","Swing"
"CNQ","Canadian Natural Resources Limited Common Stock","Energy","Oil & Gas E&P","51.4","84.05","Buy","Jul 20, 2026","Uptrend","Jul 17, 2026","5995537.63","132.32","1.11","0.73","Moving Up","","",,="7/9","<1","false","Swing"
"EXEL","Exelixis, Inc. Common Stock","Health Care","Biotechnology","54.08","30.72","Sell","Jul 20, 2026","Neutral","Aug 19, 2026","2489104.1","-4.54","0.34","0.73","Moving Up","","",,="5/9","<1","false","Swing"
"INTU","Intuit Inc. Common Stock","Technology","Software - Application","367","78.95","Buy","Jul 20, 2026","Uptrend","Jul 28, 2026","3773544.07","1.03","0.06","1.42","Moving Up","","",,="5/9","<1","false","Swing"
"POR","Portland General Electric Co Common Stock","Utilities","Utilities - Regulated Electric","49.59","39.81","Sell","Jul 20, 2026","Downtrend","Aug 18, 2026","1052706.47","8.19","7.87","-1.16","Moving Up","","",,="3/9","<1","false","Swing"
"RBLX","Roblox Corporation Class A Common Stock","Communication","Electronic Gaming & Multimedia","38.37","41","Sell","Jul 20, 2026","Downtrend","Jul 23, 2026","12918842.93","24.32","12.69","-0.67","Moving Up","","",,="3/9","<1","false","Swing"
"ABT","Abbott Laboratories Common Stock","Health Care","Medical Devices","116.64","92.96","Buy","Jul 17, 2026","Uptrend","Jul 16, 2026","10296596.97","33.64","2.33","2.19","Moving Up","","",,="7/9","<1","false","Swing"
"ADSK","Autodesk, Inc. Common Stock","Technology","Software - Application","253.825","92.47","Buy","Jul 17, 2026","Uptrend","Jul 27, 2026","1970092.8","-28.85","0.2","1.12","Moving Up","","",,="5/9","<1","false","Swing"
"CB","Chubb Limited  Common Stock","Financials","Insurance - Property & Casualty","340.99","46.59","Sell","Jul 17, 2026","Downtrend","Aug 19, 2026","1857953.3","71.62","1.5","-0.55","Moving Down","","",,="2/9","<1","false","Swing"
"COP","ConocoPhillips Common Stock","Energy","Oil & Gas E&P","134.87","72.72","Buy","Jul 17, 2026","Uptrend","Jul 17, 2026","6312767.33","44.1","0.9","-0.01","Moving Up","","",,="7/9","<1","false","Swing"
"MGA","Magna International, Inc. Common Stock","Discretionary","Auto Parts","73.05","78.75","Buy","Jul 17, 2026","Uptrend","Jul 15, 2026","1171686.63","19.87","1.44","3.78","Moving Up","","",,="5/9","<1","false","Swing"
"MOH","Molina Healthcare Inc Common Stock","Health Care","Healthcare Plans","200.29","50.87","Sell","Jul 17, 2026","Downtrend","Aug 17, 2026","1226490.07","-115.64","0.1","1.7","Moving Up","","",,="5/9","<1","false","Swing"
"PRVA","Privia Health Group, Inc. Common Stock","Health Care","Health Information Services","21.12","2.63","Sell","Jul 17, 2026","Downtrend","Jul 27, 2026","1235667.63","-13.85","6.15","-0.38","Moving Down","","",,="4/9","<1","false","Swing"
"SNDX","Syndax Pharmaceuticals, Inc. Common Stock","Health Care","Biotechnology","19.65","52.46","Sell","Jul 17, 2026","Downtrend","Aug 20, 2026","1400383.2","76.7","13.16","-0.51","Moving Up","","",,="5/9","<1","false","Swing"
"SRE","DBA Sempra Common Stock","Utilities","Utilities - Diversified","82.89","30.35","Sell","Jul 17, 2026","Downtrend","Jul 27, 2026","3471303.13","-25.76","0.16","-5.14","Moving Down","","",,="2/9","<1","false","Swing"
"TAC","TransAlta Corporation Ordinary Shares","Utilities","Utilities - Independent Power Producers","12.21","40.94","Sell","Jul 17, 2026","Downtrend","Jul 28, 2026","1184712.73","244.91","6.95","-3.02","Moving Down","","",,="2/9","<1","false","Swing"
"TNGX","Tango Therapeutics, Inc.","Health Care","Biotechnology","23.88","17.12","Sell","Jul 17, 2026","Downtrend","Aug 11, 2026","2236729.93","23.93","0.49","1.57","Moving Down","","",,="4/9","<1","false","Swing"
"TXN","Texas Instruments Incorporated Common Stock","Technology","Semiconductors","264.36","51.47","Sell","Jul 17, 2026","Downtrend","Jul 23, 2026","7245605.4","119.05","3.03","-0.47","Moving Down","","",,="2/9","<1","false","Swing"
"UDR","UDR, Inc. Common Stock","Real Estate","REIT - Residential","37.77","56.55","Sell","Jul 17, 2026","Downtrend","Jul 30, 2026","3165722.53","-19.68","1.92","0.21","Moving Down","","",,="3/9","<1","false","Swing"
"USB","U.S. Bancorp Common Stock","Financials","Banks - Regional","62.05","70.72","Sell","Jul 17, 2026","Neutral","Aug 20, 2026","7255207","33.33","10.28","0.44","Moving Down","","",,="2/9","<1","false","Swing"
"UTI","Universal Technical Institute Inc Common Stock","Staples","Education & Training Services","22.35","4.8","Sell","Jul 17, 2026","Downtrend","Aug 06, 2026","1525283.3","93.92","1.25","-2.49","Moving Down","","",,="3/9","<1","false","Swing"
"WNC","Wabash National Corporation Common Stock","Industrials","Farm & Heavy Construction Machinery","12.02","56.1","Sell","Jul 17, 2026","Neutral","Aug 21, 2026","1355427.8","181.86","54.67","3","Moving Down","","",,="1/9","<1","false","Swing"
"XOM","Exxon Mobil Corporation Common Stock","Energy","Oil & Gas Integrated","165.11","73.76","Buy","Jul 17, 2026","Uptrend","Jul 16, 2026","14305386.5","95.62","1.46","-0.63","Moving Up","","Negative",,="6/9","<1","false","Swing"
"BP","BP p.l.c. Common Stock","Energy","Oil & Gas Integrated","44.76","62.97","Buy","Jul 16, 2026","Uptrend","Aug 10, 2026","7887948.67","110.28","6.38","-0.84","Moving Up","","",,="6/9","<1","false","Swing"
"CPNG","Coupang, Inc. Class A Common Stock","Discretionary","Internet Retail","16.45","44.31","Sell","Jul 16, 2026","Downtrend","Jul 17, 2026","18852173.03","-28.59","0.05","1.17","Moving Up","","",,="3/9","<1","false","Swing"
"CVX","Chevron Corporation Common Stock","Energy","Oil & Gas Integrated","205.27","73.68","Buy","Jul 16, 2026","Uptrend","Jul 15, 2026","7480137.43","49.59","1.52","-0.24","Moving Up","","",,="7/9","<1","false","Swing"
"CYTK","Cytokinetics, Incorporated Common Stock","Health Care","Biotechnology","76.84","34.14","Sell","Jul 16, 2026","Downtrend","Aug 20, 2026","1775164.83","-668.83","0.17","-0.44","Moving Up","","",,="5/9","<1","false","Swing"
"FBIN","Fortune Brands Innovations, Inc. Common Stock","Industrials","Building Products & Equipment","44.53","52.11","Sell","Jul 16, 2026","Downtrend","Aug 14, 2026","2454041","21.9","7.66","-1","Moving Down","","",,="2/9","<1","false","Swing"
"HDB","HDFC Bank Limited Common Stock","Financials","Banks - Regional","23.6","36.35","Sell","Jul 16, 2026","Downtrend","Jul 21, 2026","7829471.23","15.94","6.04","1.11","Moving Up","","","true",="3/9","<1","false","Swing"
"LMND","Lemonade, Inc. Common Stock","Financials","Insurance - Property & Casualty","53.37","16.84","Sell","Jul 16, 2026","Downtrend","Jul 24, 2026","1395757.43","-200.4","0.17","5.25","Moving Up","","",,="2/9","<1","false","Swing"
"PNR","Pentair plc. Ordinary Share","Industrials","Specialty Industrial Machinery","64.4","34.54","Sell","Jul 16, 2026","Downtrend","Jul 15, 2026","3360921.57","66.03","4.32","0.97","Moving Down","","",,="2/9","<1","false","Swing"
"PNW","Pinnacle West Capital Corporation Common Stock","Utilities","Utilities - Regulated Electric","97.36","31.27","Sell","Jul 16, 2026","Downtrend","Jul 29, 2026","1168296.97","9.03","1.73","-2.03","Moving Down","","",,="2/9","<1","false","Swing"
"WFC","Wells Fargo & Company Common Stock","Financials","Banks - Diversified","83.84","52.62","Sell","Jul 16, 2026","Downtrend","Aug 20, 2026","14149876.87","72.53","3.29","0.17","Moving Down","","",,="2/9","<1","false","Swing"
"YUM","Yum! Brands, Inc.","Discretionary","Restaurants","152.99","35.97","Sell","Jul 16, 2026","Neutral","Aug 20, 2026","2760442.5","-40.51","0.23","0.43","Moving Up","","",,="3/9","<1","false","Swing"
"AGIO","Agios Pharmaceuticals, Inc. Common Stock","Health Care","Biotechnology","33.09","52.78","Sell","Jul 15, 2026","Downtrend","Aug 20, 2026","1122454.6","-63.58","0.28","-1.61","Moving Up","","",,="5/9","<1","false","Swing"
"ALNY","Alnylam Pharmaceuticals, Inc. Common Stock","Health Care","Biotechnology","236.22","24.61","Sell","Jul 15, 2026","Downtrend","Jul 15, 2026","2014414.37","20.73","1.52","3.02","Moving Up","","",,="5/9","<1","false","Swing"
"EZPW","EZCORP, Inc. Class A Non Voting Common Stock","Financials","Credit Services","32.22","28.03","Sell","Jul 15, 2026","Neutral","Aug 21, 2026","1019166.43","356.94","2.24","12.03","Moving Up","","",,="2/9","<1","false","Swing"
"IBM","International Business Machines Corporation Common Stock","Technology","Information Technology Services","235.68","39.96","Sell","Jul 15, 2026","Downtrend","Jul 14, 2026","10703641.2","-26.26","0.29","0.85","Moving Up","","",,="3/9","<1","false","Swing"
"LIN","Linde plc Ordinary Shares","Materials","Specialty Chemicals","487.57","34.54","Sell","Jul 15, 2026","Downtrend","Jul 20, 2026","2092557.03","15.55","0.69","1.3","Moving Up","","",,="4/9","<1","false","Swing"
"LNT","Alliant Energy Corporation Common Stock","Utilities","Utilities - Regulated Electric","67.86","27.99","Sell","Jul 15, 2026","Downtrend","Jul 27, 2026","2522478.43","-8.44","0.28","-2.3","Moving Down","","",,="2/9","<1","false","Swing"
"PDI","PIMCO Dynamic Income Fund Common Stock","Financials","Closed-End Fund - Debt","15.12","32.01","Sell","Jul 15, 2026","Downtrend","Jul 14, 2026","3343572.53","32.24","47.87","0.87","Moving Down","","",,="2/9","<1","false","Swing"
"PNC","PNC Financial Services Group, Inc. (The) Common Stock","Financials","Banks - Regional","243.13","57.94","Sell","Jul 15, 2026","Downtrend","Aug 20, 2026","1621179.67","40.72","1.8","0.62","Moving Down","","",,="2/9","<1","false","Swing"
"SGHC","Super Group (SGHC) Limited Ordinary Shares","Discretionary","Gambling","13.31","28.46","Sell","Jul 15, 2026","Downtrend","Aug 03, 2026","2300376.7","333.88","2.39","0.68","Moving Up","","",,="3/9","<1","false","Swing"
"SHEL","Shell PLC American Depositary Shares (each representing two (2) Ordinary Shares) ","Energy","Oil & Gas Integrated","93.33","87.23","Buy","Jul 15, 2026","Uptrend","Jul 14, 2026","6213768.57","54.18","1.52","-0.34","Moving Up","","",,="7/9","<1","false","Swing"
"SIMO","Silicon Motion Technology Corporation American Depositary Shares","Technology","Semiconductors","258.36","57.12","Sell","Jul 15, 2026","Downtrend","Aug 18, 2026","1162356.93","389.59","2.79","3.49","Moving Up","","",,="3/9","<1","false","Swing"
"TDC","Teradata Corporation Common Stock","Technology","Software - Infrastructure","27.69","30.36","Sell","Jul 15, 2026","Downtrend","Aug 05, 2026","3057643.6","-5.97","0.12","0.44","Moving Up","","",,="3/9","<1","false","Swing"
"TECH","Bio-Techne Corp Common Stock","Health Care","Biotechnology","72.32","57.06","Sell","Jul 15, 2026","Uptrend","Jun 04, 2026","3358463.2","-61.87","0.11","0.06","Moving Down","","",,="5/9","<1","false","Swing"
"TTWO","Take-Two Interactive Software, Inc. Common Stock","Communication","Electronic Gaming & Multimedia","239.62","49.91","Sell","Jul 15, 2026","Neutral","Aug 19, 2026","1997403.3","71.62","2.1","-0.22","Moving Down","","",,="2/9","<1","false","Swing"
"VKTX","Viking Therapeutics, Inc. Common Stock","Health Care","Biotechnology","33.89","25.67","Sell","Jul 15, 2026","Downtrend","Aug 21, 2026","1852967.73","-221.44","0.19","-1.37","Moving Up","","",,="5/9","<1","false","Swing"
"WEC","WEC Energy Group, Inc. Common Stock","Utilities","Utilities - Regulated Electric","106.01","33.78","Sell","Jul 15, 2026","Downtrend","Jul 27, 2026","2294719.9","-8.12","0.31","-2.3","Moving Down","","",,="2/9","<1","false","Swing"
"AEE","Ameren Corporation Common Stock","Utilities","Utilities - Regulated Electric","106.13","35.77","Sell","Jul 14, 2026","Downtrend","Jul 29, 2026","1502703.2","54.41","3.55","-2.45","Moving Down","","",,="2/9","<1","false","Swing"
"AEP","American Electric Power Company, Inc. Common Stock","Utilities","Utilities - Regulated Electric","120.94","27.98","Sell","Jul 14, 2026","Downtrend","Jul 29, 2026","3696473.03","58.42","5.25","-3.79","Moving Down","","",,="2/9","<1","false","Swing"
"ARCC","Ares Capital Corporation Common Stock","Financials","Asset Management","19.92","87.84","Buy","Jul 14, 2026","Uptrend","Jul 30, 2026","4298105.3","-9.08","0.26","0.71","Moving Up","","",,="5/9","<1","false","Swing"
"BCS","Barclays PLC Common Stock","Financials","Banks - Diversified","26.83","55.76","Sell","Jul 14, 2026","Downtrend","Aug 19, 2026","4513914.57","180.98","2.67","1.28","Moving Down","","",,="2/9","<1","false","Swing"
"BKD","Brookdale Senior Living Inc. Common Stock","Health Care","Medical Care Facilities","11.8","34.2","Sell","Jul 14, 2026","Downtrend","Aug 03, 2026","5143817.4","8.2","0.38","-0.08","Moving Down","","",,="4/9","<1","false","Swing"
"CVBF","CVB Financial Corporation Common Stock","Financials","Banks - Regional","22.57","66.1","Sell","Jul 14, 2026","Uptrend","Jun 04, 2026","1335025.4","11.59","2.88","0.22","Moving Down","","",,="3/9","<1","false","Swing"
"FITB","Fifth Third Bancorp Common Stock","Financials","Banks - Regional","54.82","58.43","Sell","Jul 14, 2026","Downtrend","Aug 19, 2026","5617572.3","101.34","3.28","0.59","Moving Down","","",,="2/9","<1","false","Swing"
"NRG","NRG Energy, Inc. Common Stock","Utilities","Utilities - Independent Power Producers","113.11","18.25","Sell","Jul 14, 2026","Downtrend","Aug 04, 2026","2812827.97","195.98","2.74","-1.95","Moving Down","","",,="2/9","<1","false","Swing"
"OPLN","OPENLANE, Inc. Common Stock","Discretionary","Auto & Truck Dealerships","33.4","38.23","Sell","Jul 14, 2026","Downtrend","Aug 05, 2026","1276966.5","-22.63","0.2","-2.31","Moving Down","","",,="2/9","<1","false","Swing"
"OVV","Ovintiv Inc. (DE)","Energy","Oil & Gas E&P","66.82","82.65","Buy","Jul 14, 2026","Uptrend","Jul 13, 2026","3596664.03","7.41","0.09","0.18","Moving Up","","",,="7/9","<1","false","Swing"
"PTCT","PTC Therapeutics, Inc. Common Stock","Health Care","Biotechnology","69.82","47.96","Sell","Jul 14, 2026","Downtrend","Jul 24, 2026","1175300.7","-64.96","0.04","-0.99","Moving Up","","",,="5/9","<1","false","Swing"
"RYAAY","Ryanair Holdings plc American Depositary Shares","Industrials","Airlines","55.8","27.95","Sell","Jul 14, 2026","Downtrend","Aug 06, 2026","1428378.97","-35.08","0.21","2.37","Moving Down","","",,="2/9","<1","false","Swing"
"SRAD","Sportradar Group AG Class A Ordinary Shares","Technology","Software - Application","13","36.48","Sell","Jul 14, 2026","Downtrend","Jul 30, 2026","2670104.33","49.65","5.5","3.09","Moving Down","","",,="2/9","<1","false","Swing"
"ZBH","Zimmer Biomet Holdings, Inc. Common Stock","Health Care","Medical Devices","100.98","94.76","Buy","Jul 14, 2026","Uptrend","Jul 23, 2026","2391815.03","-70.88","1.01","2.03","Moving Up","","",,="6/9","<1","false","Swing"
"ALKS","Alkermes plc Ordinary Shares","Health Care","Drug Manufacturers - Specialty & Generic","48.33","50.3","Sell","Jul 13, 2026","Downtrend","Aug 20, 2026","1591743.07","-63.98","0.26","0.65","Moving Down","","",,="3/9","<1","false","Swing"
"AZN","AstraZeneca PLC Ordinary Shares","Health Care","Drug Manufacturers - General","165.98","26.52","Sell","Jul 13, 2026","Downtrend","Jul 10, 2026","3837106.73","50.96","1.37","0.91","Moving Up","","",,="5/9","<1","false","Swing"
"BXP","BXP, Inc. Common Stock","Real Estate","REIT - Office","67.67","57.5","Sell","Jul 13, 2026","Neutral","Aug 19, 2026","1376919.2","23.79","5.24","-0.16","Moving Down","","",,="4/9","<1","false","Swing"
"CMS","CMS Energy Corporation Common Stock","Utilities","Utilities - Regulated Electric","68.27","23.86","Sell","Jul 13, 2026","Downtrend","Jul 27, 2026","3647663.5","10.87","2.34","-2.23","Moving Down","","",,="2/9","<1","false","Swing"
"DTE","DTE Energy Company Common Stock","Utilities","Utilities - Regulated Electric","135.22","39.46","Sell","Jul 13, 2026","Downtrend","Jul 27, 2026","1272133.27","27.31","1.96","-2.12","Moving Down","","",,="2/9","<1","false","Swing"
"MAS","Masco Corporation Common Stock","Industrials","Building Products & Equipment","73.29","54.54","Sell","Jul 13, 2026","Downtrend","Aug 20, 2026","2516355.03","84.26","4.65","-0.05","Moving Down","","",,="2/9","<1","false","Swing"
"RARE","Ultragenyx Pharmaceutical Inc. Common Stock","Health Care","Biotechnology","25.83","47.41","Sell","Jul 13, 2026","Downtrend","Jul 22, 2026","1918431.9","323.9","41.12","2.01","Moving Up","","",,="5/9","<1","false","Swing"
"RDY","Dr. Reddy's Laboratories Ltd Common Stock","Health Care","Drug Manufacturers - Specialty & Generic","12.18","23.59","Sell","Jul 13, 2026","Downtrend","Jul 13, 2026","2716436.47","79.26","4.09","0.58","Moving Up","","",,="5/9","<1","false","Swing"
"SLGN","Silgan Holdings Inc. Common Stock","Discretionary","Packaging & Containers","42.39","27.4","Sell","Jul 13, 2026","Downtrend","Jul 30, 2026","1407084.5","-76.13","0.11","3.09","Moving Up","","",,="3/9","<1","false","Swing"
"ATEN","A10 Networks, Inc. Common Stock","Technology","Software - Infrastructure","26.12","28.47","Sell","Jul 10, 2026","Downtrend","Jul 28, 2026","1326892.57","288.32","2.61","2.31","Moving Up","","",,="3/9","<1","false","Swing"
"AUB","Atlantic Union Bankshares Corporation Common Stock","Financials","Banks - Regional","41.15","55.97","Sell","Jul 10, 2026","Downtrend","Aug 19, 2026","1012755.63","-17.17","0.17","0.32","Moving Down","","",,="2/9","<1","false","Swing"
"BR","Broadridge Financial Solutions, Inc. Common Stock","Technology","Information Technology Services","182.18","89.76","Buy","Jul 10, 2026","Uptrend","Jul 24, 2026","1184041.3","106.33","5.82","2.06","Moving Up","","",,="5/9","<1","false","Swing"
"CALY","Callaway Golf Company Common Stock","Discretionary","Leisure","15.89","56.78","Sell","Jul 10, 2026","Downtrend","Aug 07, 2026","1913664.53","-43.44","1.74","0.63","Moving Down","","",,="2/9","<1","false","Swing"
"DLTR","Dollar Tree Inc. Common Stock","Staples","Discount Stores","131.48","64.12","Sell","Jul 10, 2026","Uptrend","May 28, 2026","2253494.77","1.86","0.13","2.36","Moving Up","","",,="4/9","<1","false","Swing"
"ETR","Entergy Corporation Common Stock","Utilities","Utilities - Regulated Electric","104.62","32.71","Sell","Jul 10, 2026","Downtrend","Jul 29, 2026","2371494.13","63.42","1.33","-2.53","Moving Down","","",,="2/9","<1","false","Swing"
"FNB","F.N.B. Corporation Common Stock","Financials","Banks - Regional","18.53","64.05","Sell","Jul 10, 2026","Downtrend","Aug 20, 2026","5324021.33","65","3.04","0","Moving Down","","",,="2/9","<1","false","Swing"
"FULT","Fulton Financial Corporation Common Stock","Financials","Banks - Regional","23.64","56.73","Sell","Jul 10, 2026","Downtrend","Aug 19, 2026","1694659.8","89.41","5.56","0.08","Moving Down","","",,="2/9","<1","false","Swing"
"MO","Altria Group, Inc.","Staples","Tobacco","66.09","36.95","Sell","Jul 10, 2026","Downtrend","Jul 31, 2026","9030546.9","20.83","1.01","-1.27","Moving Down","","Positive",,="3/9","<1","false","Swing"
"PG","Procter & Gamble Company (The) Common Stock","Staples","Household & Personal Products","144.68","40.88","Sell","Jul 10, 2026","Downtrend","Aug 05, 2026","8462816.6","51.87","6.52","1.2","Moving Down","","",,="3/9","<1","false","Swing"
"PPL","PPL Corporation Common Stock","Utilities","Utilities - Regulated Electric","34.38","41.04","Sell","Jul 10, 2026","Downtrend","Aug 18, 2026","7593103.17","11.46","7.59","-2.33","Moving Down","","",,="2/9","<1","false","Swing"
"PZZA","Papa John's International, Inc. Common Stock","Discretionary","Restaurants","23.94","10.97","Sell","Jul 10, 2026","Downtrend","Jul 10, 2026","1526698.37","-68.08","2.86","2.66","Moving Down","","",,="2/9","<1","false","Swing"
"RBA","RB Global, Inc. Common Stock","Industrials","Specialty Business Services","87.02","11.14","Sell","Jul 10, 2026","Downtrend","Aug 05, 2026","1693798.53","124.58","2.93","-0.42","Moving Down","","",,="2/9","<1","false","Swing"
"SMPL","The Simply Good Foods Company Common Stock","Staples","Packaged Foods","10.88","69.4","Sell","Jul 10, 2026","Downtrend","Jul 16, 2026","2195119.97","-34.21","9.08","-1","Moving Down","","",,="3/9","<1","false","Swing"
"SONY","Sony Group Corporation American Depositary Shares ","Technology","Consumer Electronics","23.92","82.15","Buy","Jul 10, 2026","Uptrend","Jul 27, 2026","4993159.57","22.14","0.78","1.44","Moving Down","","",,="4/9","<1","false","Swing"
"TRIP","TripAdvisor, Inc. Common Stock","Discretionary","Travel Services","10","21.84","Sell","Jul 10, 2026","Downtrend","Aug 06, 2026","3388351.93","56.78","7.48","-0.3","Moving Down","","",,="2/9","<1","false","Swing"
"UMC","United Microelectronics Corporation (NEW) Common Stock","Technology","Semiconductors","18.34","57.54","Sell","Jul 10, 2026","Downtrend","Jul 17, 2026","14131807.83","588.28","2.95","1.89","Moving Up","","",,="3/9","<1","false","Swing"
"VCYT","Veracyte, Inc. Common Stock","Health Care","Diagnostics & Research","42.31","24.74","Sell","Jul 10, 2026","Downtrend","Jul 31, 2026","1290228.23","184.93","17.05","1.24","Moving Up","","",,="5/9","<1","false","Swing"
"XEL","Xcel Energy Inc. Common Stock","Utilities","Utilities - Regulated Electric","76.3","39.21","Sell","Jul 10, 2026","Downtrend","Aug 20, 2026","4850894.97","6.5","0.73","-3.06","Moving Down","","",,="2/9","<1","false","Swing"
"BLDR","Builders FirstSource, Inc. Common Stock","Industrials","Building Products & Equipment","70.21","47.72","Sell","Jul 09, 2026","Downtrend","Jul 09, 2026","2123400.47","-134.56","0.2","-0.16","Moving Up","","",,="3/9","<1","false","Swing"
"CXW","CoreCivic, Inc. Common Stock","Industrials","Security & Protection Services","34.01","63.11","Sell","Jul 09, 2026","Uptrend","May 13, 2026","1284381.37","46.64","1.16","1.49","Moving Down","","",,="3/9","<1","false","Swing"
"FHB","First Hawaiian, Inc. Common Stock","Financials","Banks - Regional","26.32","49.48","Sell","Jul 09, 2026","Downtrend","Jul 24, 2026","2498514","1.71","4.13","-1.09","Moving Down","","",,="2/9","<1","false","Swing"
"PEG","Public Service Enterprise Group Incorporated Common Stock","Utilities","Utilities - Regulated Electric","72.61","30.13","Sell","Jul 09, 2026","Downtrend","Jul 16, 2026","2767691.53","8.83","0.86","-2.69","Moving Down","","",,="2/9","<1","false","Swing"
"QFIN","Qfin Holdings, Inc. American Depositary Shares","Financials","Credit Services","11.575","35.46","Sell","Jul 09, 2026","Downtrend","Jul 10, 2026","1195052.93","47.27","10.54","1.09","Moving Down","","",,="2/9","<1","false","Swing"
"SGI","Somnigroup International Inc. Common Stock","Discretionary","Furnishings Fixtures & Appliances","64.71","31.31","Sell","Jul 09, 2026","Downtrend","Jul 17, 2026","2666304.07","-8.98","0.36","0.7","Moving Up","","",,="3/9","<1","false","Swing"
"AFRM","Affirm Holdings, Inc. Class A Common Stock","Financials","Credit Services","77.03","48.3","Sell","Jul 08, 2026","Uptrend","Aug 21, 2026","3185192.33","91.41","3.4","2.64","Moving Up","","",,="4/9","<1","false","Swing"
"AMRX","Amneal Pharmaceuticals, Inc. Class A Common Stock","Health Care","Drug Manufacturers - Specialty & Generic","17.91","55.34","Sell","Jul 08, 2026","Uptrend","Jun 03, 2026","1863625.7","60.53","0.63","0.06","Moving Down","","",,="4/9","<1","false","Swing"
"AROC","Archrock, Inc. Common Stock","Energy","Oil & Gas Equipment & Services","31.8","14.25","Sell","Jul 08, 2026","Downtrend","Jul 24, 2026","1623353.47","251.74","1.48","-1.49","Moving Up","","",,="5/9","<1","false","Swing"
"BV","BrightView Holdings, Inc. Common Stock","Industrials","Specialty Business Services","11.3","42.12","Sell","Jul 08, 2026","Downtrend","Jul 29, 2026","1228704.5","-52.41","1.61","1.35","Moving Up","","",,="3/9","<1","false","Swing"
"CAT","Caterpillar, Inc. Common Stock","Industrials","Farm & Heavy Construction Machinery","827.9","32.81","Sell","Jul 08, 2026","Downtrend","Aug 18, 2026","2867030.7","239.89","1.3","1.53","Moving Down","","",,="2/9","<1","false","Swing"
"CVS","CVS Health Corporation Common Stock","Health Care","Healthcare Plans","93.02","45.38","Sell","Jul 08, 2026","Downtrend","Aug 05, 2026","7828109.3","35.22","3","-0.67","Moving Down","","",,="4/9","<1","false","Swing"
"DHI","D.R. Horton, Inc. Common Stock","Discretionary","Residential Construction","148.35","49.98","Sell","Jul 08, 2026","Downtrend","Aug 20, 2026","2326221.93","201.97","2.8","0.69","Moving Down","","",,="2/9","<1","false","Swing"
"DKS","Dick's Sporting Goods Inc Common Stock","Discretionary","Specialty Retail","183.23","29.34","Sell","Jul 08, 2026","Downtrend","Aug 11, 2026","1414218.47","-233.86","0.2","2.17","Moving Down","","",,="2/9","<1","false","Swing"
"LNTH","Lantheus Holdings, Inc. Common Stock","Health Care","Drug Manufacturers - Specialty & Generic","99.97","41.09","Sell","Jul 08, 2026","Downtrend","Aug 06, 2026","1652303.33","227.59","0.83","-0.27","Moving Down","","",,="4/9","<1","false","Swing"
"LUV","Southwest Airlines Company Common Stock","Industrials","Airlines","40.38","38.62","Sell","Jul 08, 2026","Downtrend","Aug 10, 2026","4819446.47","18.29","5.59","1.23","Moving Down","","",,="2/9","<1","false","Swing"
"MKSI","MKS Inc. Common Stock","Technology","Scientific & Technical Instruments","279.11","31.66","Sell","Jul 08, 2026","Downtrend","Jul 24, 2026","1402547.73","88.35","1.76","-0.98","Moving Up","","",,="3/9","<1","false","Swing"
"MTZ","MasTec, Inc. Common Stock","Industrials","Engineering & Construction","266.26","31.78","Sell","Jul 08, 2026","Downtrend","Jul 10, 2026","1507132.47","235.52","2.07","-2.06","Moving Up","","",,="3/9","<1","false","Swing"
"NI","NiSource Inc Common Stock","Utilities","Utilities - Regulated Gas","40.62","17.06","Sell","Jul 08, 2026","Downtrend","Jul 09, 2026","5656411.6","4.11","0.18","-2.45","Moving Down","","",,="2/9","<1","false","Swing"
"RRX","Regal Rexnord Corporation Common Stock","Industrials","Specialty Industrial Machinery","166.15","29.23","Sell","Jul 08, 2026","Downtrend","Aug 05, 2026","1203383.87","187.85","5.34","0.18","Moving Down","","",,="2/9","<1","false","Swing"
"TGTX","TG Therapeutics, Inc. Common Stock","Health Care","Biotechnology","54.27","31.37","Sell","Jul 08, 2026","Neutral","Aug 18, 2026","2256290.57","186.96","1.53","7.34","Moving Up","","",,="5/9","<1","false","Swing"
"UCTT","Ultra Clean Holdings, Inc. Common Stock","Technology","Semiconductor Equipment & Materials","76.43","33.9","Sell","Jul 08, 2026","Downtrend","Aug 14, 2026","1342632.3","-57.74","0.27","4.68","Moving Down","","",,="2/9","<1","false","Swing"
"WING","Wingstop Inc. Common Stock","Discretionary","Restaurants","115.43","32.22","Sell","Jul 08, 2026","Downtrend","Jul 14, 2026","1279023.87","276.91","17.68","1.58","Moving Up","","",,="3/9","<1","false","Swing"
"ALGM","Allegro MicroSystems, Inc. Common Stock","Technology","Semiconductors","37.16","28.96","Sell","Jul 07, 2026","Downtrend","Jul 15, 2026","2155319.23","-0.31","0.32","-0.08","Moving Down","","",,="2/9","<1","false","Swing"
"ALLY","Ally Financial Inc. Common Stock","Financials","Credit Services","42.93","58.81","Sell","Jul 07, 2026","Downtrend","Aug 17, 2026","2933092.7","78.84","4.25","1.51","Moving Down","","",,="2/9","<1","false","Swing"
"BROS","Dutch Bros Inc. Class A Common Stock","Discretionary","Restaurants","49.87","23.47","Sell","Jul 07, 2026","Downtrend","Aug 06, 2026","3689511.17","-118.05","0.12","1.01","Moving Up","","",,="3/9","<1","false","Swing"
"EFX","Equifax, Inc. Common Stock","Industrials","Consulting Services","192.62","75.2","Buy","Jul 07, 2026","Uptrend","Jul 24, 2026","1524910.03","87.53","6.44","0.11","Moving Up","","",,="4/9","<1","false","Swing"
"ESI","Element Solutions Inc. Common Stock","Materials","Specialty Chemicals","35.31","58.1","Sell","Jul 07, 2026","Downtrend","Jul 07, 2026","4373857.97","-49.36","0.22","-0.65","Moving Down","","",,="3/9","<1","false","Swing"
"HRL","Hormel Foods Corporation Common Stock","Staples","Packaged Foods","23.88","58.71","Sell","Jul 07, 2026","Downtrend","Aug 17, 2026","3392366.1","-49.25","2.71","-0.83","Moving Down","","",,="3/9","<1","false","Swing"
"AMKR","Amkor Technology, Inc. Common Stock","Technology","Semiconductor Equipment & Materials","50.26","38.85","Sell","Jul 06, 2026","Downtrend","Jul 06, 2026","5384311.1","41.46","0.44","-1.18","Moving Up","","",,="3/9","<1","false","Swing"
"CRH","CRH PLC Ordinary Shares","Materials","Building Materials","95.07","33.95","Sell","Jul 06, 2026","Downtrend","Jul 07, 2026","4162116.63","167.99","3.06","2.13","Moving Down","","",,="3/9","<1","false","Swing"
"DOV","Dover Corporation Common Stock","Industrials","Specialty Industrial Machinery","201.92","43.72","Sell","Jul 06, 2026","Downtrend","Jul 17, 2026","1095619.47","85.49","2.56","1.02","Moving Down","","",,="2/9","<1","false","Swing"
"FLG","Flagstar Bank, N.A. Common Stock","Financials","Banks - Regional","13.47","24.18","Sell","Jul 06, 2026","Downtrend","Jul 24, 2026","4291710.67","8.78","3.82","-0.15","Moving Down","","",,="2/9","<1","false","Swing"
"GNRC","Generac Holdlings Inc. Common Stock","Industrials","Specialty Industrial Machinery","205.98","51.2","Sell","Jul 06, 2026","Downtrend","Jul 06, 2026","1088290.13","195.41","6.81","-0.37","Moving Down","","",,="2/9","<1","false","Swing"
"TWO","Two Harbors Investment Corp","Real Estate","REIT - Mortgage","12.05","69.62","Sell","Jul 06, 2026","Downtrend","Aug 10, 2026","2961920.27","1.34","3.25","0.08","Moving Down","","",,="3/9","<1","false","Swing"
"VERA","Vera Therapeutics, Inc. Class A Common Stock","Health Care","Biotechnology","32.275","27.8","Sell","Jul 06, 2026","Downtrend","Jul 21, 2026","1923933.9","3.48","0.18","3.25","Moving Up","","",,="4/9","<1","false","Swing"
"WDC","Western Digital Corporation Common Stock","Technology","Computer Hardware","459.44","49.1","Sell","Jul 06, 2026","Downtrend","Aug 18, 2026","7937929.23","-0.91","0.34","-2.05","Moving Up","","",,="3/9","<1","false","Swing"
"WH","Wyndham Hotels & Resorts, Inc. Common Stock ","Discretionary","Lodging","74.62","41.62","Sell","Jul 06, 2026","Downtrend","Jul 08, 2026","1319761.07","-45.34","0.59","-0.92","Moving Up","","",,="2/9","<1","false","Swing"
"AMX","America Movil, S.A.B. de C.V. American Depositary Shares (each representing the right to receive twenty (20) Series B Shares","Communication","Telecom Services","23.79","25.27","Sell","Jul 02, 2026","Downtrend","Jul 23, 2026","2300544.2","-0.03","0.33","1.71","Moving Down","","",,="2/9","<1","false","Swing"
"HGV","Hilton Grand Vacations Inc. Common Stock ","Discretionary","Resorts & Casinos","45.11","33.2","Sell","Jul 02, 2026","Downtrend","Jul 30, 2026","1118467.33","-35.28","0.83","0.65","Moving Up","","",,="3/9","<1","false","Swing"
"KLAC","KLA Corporation Common Stock","Technology","Semiconductor Equipment & Materials","183.99","24.77","Sell","Jul 02, 2026","Downtrend","Aug 14, 2026","10909090.8","873.95","2.33","-1.01","Moving Down","","",,="2/9","<1","false","Swing"
"MARA","MARA Holdings, Inc. Common Stock","Financials","Capital Markets","11.26","25.77","Sell","Jul 02, 2026","Downtrend","Jul 24, 2026","49563278.37","-7311.24","0.03","0.99","Moving Up","","",,="2/9","<1","false","Swing"
"MDU","MDU Resources Group, Inc. Common Stock (Holding Company)","Utilities","Utilities - Regulated Gas","19.95","50.02","Sell","Jul 02, 2026","Downtrend","Jul 27, 2026","1416116.53","41.3","11.15","-1.77","Moving Down","","",,="2/9","<1","false","Swing"
"MIR","Mirion Technologies, Inc. Class A Common Stock","Industrials","Specialty Industrial Machinery","14.82","35.5","Sell","Jul 02, 2026","Downtrend","Jul 06, 2026","3992756.57","-177.44","0.14","-2.69","Moving Down","","",,="2/9","<1","false","Swing"
"SNEX","StoneX Group Inc. Common Stock","Financials","Capital Markets","68.47","30.33","Sell","Jul 01, 2026","Downtrend","Jul 31, 2026","1070837.97","504.08","1.94","3.44","Moving Up","","",,="3/9","<1","false","Swing"
"STAA","STAAR Surgical Company Common Stock","Health Care","Medical Instruments & Supplies","23.14","55.74","Sell","Jul 01, 2026","Downtrend","Aug 17, 2026","1039510.47","262.89","31.14","0.3","Moving Down","","",,="4/9","<1","false","Swing"
"GEO","Geo Group Inc (The) REIT","Industrials","Security & Protection Services","32.71","48.59","Sell","Jun 30, 2026","Uptrend","Mar 17, 2026","1711476.97","-56.89","0.25","3.12","Moving Down","","",,="3/9","<1","false","Swing"
"HMC","Honda Motor Company, Ltd. Common Stock","Discretionary","Auto Manufacturers","33.37","87.5","Buy","Jun 30, 2026","Uptrend","Jun 26, 2026","1100556.3","69","9.48","2.36","Moving Up","","",,="5/9","<1","false","Swing"
"AMAT","Applied Materials, Inc. Common Stock","Technology","Semiconductor Equipment & Materials","492.32","36.14","Sell","Jun 29, 2026","Downtrend","Aug 18, 2026","7500357.17","725.47","2.77","-0.78","Moving Down","","",,="2/9","<1","false","Swing"
"BDX","Becton, Dickinson and Company Common Stock","Health Care","Medical Instruments & Supplies","192","96.37","Buy","Jun 29, 2026","Uptrend","Jul 15, 2026","1814701.2","-6.42","12.51","2.33","Moving Up","","",,="7/9","<1","false","Swing"
"FUN","Six Flags Entertainment Corporation Common Stock New","Discretionary","Leisure","16.73","36.03","Sell","Jun 29, 2026","Downtrend","Jul 01, 2026","2216209.43","-28.9","6.22","-0.36","Moving Down","","",,="2/9","<1","false","Swing"
"GFS","GlobalFoundries Inc. Ordinary Shares","Technology","Semiconductors","48.05","24.84","Sell","Jun 29, 2026","Downtrend","Jul 02, 2026","4230495.67","-30.09","1.96","1.52","Moving Down","","",,="2/9","<1","false","Swing"
"GNTX","Gentex Corporation Common Stock","Discretionary","Auto Parts","23.64","49.4","Sell","Jun 29, 2026","Downtrend","Aug 10, 2026","2358609.77","13.28","5.03","0.21","Moving Down","","",,="2/9","<1","false","Swing"
"PEB","Pebblebrook Hotel Trust Common Shares of Beneficial Interest","Real Estate","REIT - Hotel & Motel","18.48","62.33","Sell","Jun 29, 2026","Neutral","Aug 12, 2026","2090988.3","-51.89","1.8","-0.43","Moving Up","","",,="4/9","<1","false","Swing"
"TTMI","TTM Technologies, Inc. Common Stock","Technology","Electronic Components","110.54","26.47","Sell","Jun 29, 2026","Downtrend","Jul 02, 2026","2889682.47","139.44","0.62","-3.36","Moving Down","","",,="2/9","<1","false","Swing"
"AESI","Atlas Energy Solutions Inc. Common Stock","Energy","Oil & Gas Equipment & Services","12.58","0",,"","Neutral","Aug 20, 2026","3529371.1","",,,"","","",,="4/9","<1","true","Swing"
"AHR","American Healthcare REIT, Inc. Common Stock","Real Estate","REIT - Healthcare Facilities","55.93","0",,"","Uptrend","Aug 21, 2026","2629597.5","",,,"","","",,="5/9","<1","true","Swing"
"ALAB","Astera Labs, Inc. Common Stock","Technology","Semiconductors","284.97","0",,"","Downtrend","Aug 10, 2026","4488067.67","",,,"","","",,="2/9","<1","true","Swing"
"ALH","Alliance Laundry Holdings Inc. Common Stock","Discretionary","Furnishings Fixtures & Appliances","23.47","0",,"","Downtrend","Aug 17, 2026","1165479.57","",,,"","","",,="2/9","<1","true","Swing"
"ALHC","Alignment Healthcare, Inc. Common Stock","Health Care","Healthcare Plans","13.16","0",,"","Downtrend","Jul 23, 2026","5003831.73","",,,"","","",,="4/9","<1","true","Swing"
"AMPX","Amprius Technologies, Inc. Common Stock","Industrials","Electrical Equipment & Parts","10.34","0",,"","Downtrend","Aug 20, 2026","5882205.57","",,,"","","",,="2/9","<1","true","Swing"
"AMTM","Amentum Holdings, Inc. Common Stock","Industrials","Specialty Business Services","21.49","0",,"","Downtrend","Aug 17, 2026","2231522.77","",,,"","","",,="2/9","<1","true","Swing"
"APGE","Apogee Therapeutics, Inc. Common Stock","Health Care","Biotechnology","134.75","0",,"","Uptrend","Jun 04, 2026","1175560.6","",,,"","","",,="5/9","<1","true","Swing"
"APP","Applovin Corporation Class A Common Stock","Communication","Advertising Agencies","305.77","0",,"","Downtrend","Jul 13, 2026","6810062.17","",,,"","","",,="2/9","<1","true","Swing"
"ASST","Strive, Inc. Class A Common Stock","Financials","Asset Management","18.22","0",,"","Uptrend","Aug 19, 2026","3491675.9","",,,"","","",,="2/9","<1","true","Swing"
"ASTS","AST SpaceMobile, Inc. Class A Common Stock","Technology","Communication Equipment","68.65","0",,"","Neutral","Aug 13, 2026","13691377.43","",,,"","","",,="2/9","<1","true","Swing"
"AVAH","Aveanna Healthcare Holdings Inc. Common Stock","Health Care","Medical Care Facilities","13.16","0",,"","Uptrend","Aug 13, 2026","2834501.4","",,,"","","",,="5/9","<1","true","Swing"
"BAM","Brookfield Asset Management Inc Class A Limited Voting Shares","Financials","Asset Management","52.3","0",,"","Uptrend","Jul 27, 2026","2422639.03","",,,"","","",,="3/9","<1","true","Swing"
"BBNX","Beta Bionics, Inc. Common Stock","Health Care","Medical Devices","19.05","0",,"","Uptrend","Aug 11, 2026","1371046.93","",,,"","","",,="5/9","<1","true","Swing"
"BEPC","Brookfield Renewable Corporation Brookfield Renewable Corporation Class A Subordinate Voting Shares","Utilities","Utilities - Renewable","33.25","0",,"","Downtrend","Aug 20, 2026","1853352.17","",,,"","","",,="2/9","<1","true","Swing"
"BKSY","BlackSky Technology Inc. Class A Common Stock","Industrials","Specialty Business Services","27.75","0",,"","Neutral","Aug 19, 2026","1099003.43","",,,"","","",,="2/9","<1","true","Swing"
"BMNR","BitMine Immersion Technologies, Inc. Common Stock","Financials","Capital Markets","22.83","0",,"","Uptrend","Jul 30, 2026","35073645.47","",,,"","","",,="2/9","<1","true","Swing"
"BTSG","BrightSpring Health Services, Inc. Common Stock","Health Care","Health Information Services","58.87","0",,"","Downtrend","Jul 31, 2026","3950783.1","",,,"","","",,="4/9","<1","true","Swing"
"BYND","Beyond Meat, Inc. Common Stock","Staples","Packaged Foods","14.77","0",,"","Downtrend","May 29, 2026","1612362.2","",,,"","","",,="3/9","<1","true","Swing"
"CADL","Candel Therapeutics, Inc. Common Stock","Health Care","Biotechnology","13.13","0",,"","Uptrend","Apr 15, 2026","1297978.67","",,,"","","",,="5/9","<1","true","Swing"
"CAI","Caris Life Sciences, Inc. Common Stock","Health Care","Biotechnology","26.27","0",,"","Uptrend","Aug 06, 2026","4736098.13","",,,"","","",,="4/9","<1","true","Swing"
"CART","Maplebear Inc. Common Stock","Discretionary","Internet Retail","49.83","0",,"","Uptrend","Aug 07, 2026","4219001.47","",,,"","","",,="2/9","<1","true","Swing"
"CAVA","CAVA Group, Inc. Common Stock","Discretionary","Restaurants","73.63","0",,"","Uptrend","Aug 19, 2026","3533899.33","",,,"","","",,="3/9","<1","true","Swing"
"CHYM","Chime Financial, Inc. Class A Common Stock","Technology","Software - Application","32.78","0",,"","Uptrend","Jun 26, 2026","8279666.73","",,,"","","",,="3/9","<1","true","Swing"
"CIFR","Cipher Digital Inc. Common Stock","Technology","Information Technology Services","15.765","0",,"","Downtrend","Aug 04, 2026","33600423.37","",,,"","","",,="2/9","<1","true","Swing"
"CLMT","Calumet, Inc. Common Stock","Materials","Specialty Chemicals","49.01","0",,"","Uptrend","Jun 29, 2026","1287906.43","",,,"","","",,="4/9","<1","true","Swing"
"CORZ","Core Scientific, Inc. Common Stock","Technology","Software - Infrastructure","17.81","0",,"","Downtrend","Jul 24, 2026","12521307.37","",,,"","","",,="2/9","<1","true","Swing"
"CRBG","Corebridge Financial Inc. Common Stock","Financials","Asset Management","31.95","0",,"","Uptrend","Jun 09, 2026","4582845.5","",,,"","","",,="3/9","<1","true","Swing"
"CRCL","Circle Internet Group, Inc. Class A Common Stock","Financials","Capital Markets","87.98","0",,"","Uptrend","Aug 19, 2026","12553960.23","",,,"","","",,="3/9","<1","true","Swing"
"CRWV","CoreWeave, Inc. Class A Common Stock","Technology","Software - Infrastructure","87.85","0",,"","Neutral","Aug 19, 2026","29589092.5","",,,"","","",,="2/9","<1","true","Swing"
"CTRI","Centuri Holdings, Inc. Common Stock","Utilities","Utilities - Regulated Gas","21.36","0",,"","Downtrend","Jun 26, 2026","1958230.53","",,,"","","",,="2/9","<1","true","Swing"
"CURB","Curbline Properties Corp. Common Stock","Real Estate","REIT - Retail","29.39","0",,"","Downtrend","Aug 17, 2026","1189034.3","",,,"","","",,="4/9","<1","true","Swing"
"DFNS","T3 Defense Inc. Common Stock","Industrials","Aerospace & Defense","20.61","0",,"","Downtrend","Aug 20, 2026","6101618.27","",,,"","","",,="2/9","<1","true","Swing"
"DFTX","Definium Therapeutics, Inc. Common Shares","Health Care","Biotechnology","44.91","0",,"","Uptrend","May 22, 2026","2023801.03","",,,"","","",,="4/9","<1","true","Swing"
"DLO","DLocal Limited Class A Common Shares","Technology","Software - Infrastructure","15.17","0",,"","Neutral","Aug 19, 2026","2207347.03","",,,"","","",,="1/9","<1","true","Swing"
"DX","Dynex Capital, Inc. Common Stock","Real Estate","REIT - Mortgage","13.03","0",,"","Uptrend","Aug 14, 2026","5872574.2","",,,"","","",,="5/9","<1","true","Swing"
"DXYZ","Destiny Tech100 Inc. Common Stock","Financials","Asset Management","34.43","0",,"","Uptrend","Aug 11, 2026","1204064.73","",,,"","","",,="3/9","<1","true","Swing"
"ERAS","Erasca, Inc. Common Stock","Health Care","Biotechnology","17.63","0",,"","Neutral","Aug 21, 2026","3830097.4","",,,"","","",,="4/9","<1","true","Swing"
"FIG","Figma, Inc. Class A Common Stock","Technology","Software - Application","27.1","0",,"","Uptrend","Jul 27, 2026","21028093.27","",,,"","","",,="3/9","<1","true","Swing"
"FIGR","Figure Technology Solutions, Inc. Class A Common Stock","Financials","Capital Markets","39.1","0",,"","Uptrend","Aug 13, 2026","3815384.33","",,,"","","",,="3/9","<1","true","Swing"
"FLY","Firefly Aerospace Inc. Common Stock","Industrials","Aerospace & Defense","24.45","0",,"","Neutral","Aug 18, 2026","3325242.97","",,,"","","",,="2/9","<1","true","Swing"
"FTRE","Fortrea Holdings Inc. Common Stock","Health Care","Biotechnology","18.39","0",,"","Neutral","Aug 17, 2026","1508367.37","",,,"","","",,="4/9","<1","true","Swing"
"FWRG","First Watch Restaurant Group, Inc. Common Stock","Discretionary","Restaurants","13.03","0",,"","Uptrend","Aug 21, 2026","1098265.93","",,,"","","",,="2/9","<1","true","Swing"
"GEHC","GE HealthCare Technologies Inc. Common Stock ","Health Care","Medical Devices","74.82","0",,"","Uptrend","Jul 29, 2026","4823664.83","",,,"","","",,="4/9","<1","true","Swing"
"GEV","GE Vernova Inc. Common Stock","Industrials","Specialty Industrial Machinery","956.85","0",,"","Downtrend","Aug 20, 2026","2482005.93","",,,"","","",,="2/9","<1","true","Swing"
"GLXY","Galaxy Digital Inc. Class A Common Stock","Financials","Capital Markets","23.64","0",,"","Neutral","Aug 21, 2026","6490913.63","",,,"","","",,="2/9","<1","true","Swing"
"HNGE","Hinge Health, Inc. Class A Common Stock","Health Care","Health Information Services","88.42","0",,"","Uptrend","Aug 07, 2026","1630830","",,,"","","",,="5/9","<1","true","Swing"
"HTFL","Heartflow, Inc. Common Stock","Health Care","Health Information Services","49.75","0",,"","Uptrend","Aug 07, 2026","1670553.83","",,,"","","",,="5/9","<1","true","Swing"
"IE","Ivanhoe Electric Inc. Common Stock","Materials","Copper","11.27","0",,"","Uptrend","Aug 21, 2026","2036464.93","",,,"","","",,="3/9","<1","true","Swing"
"IMMX","Immix Biopharma, Inc. Common Stock","Health Care","Biotechnology","13.66","0",,"","Uptrend","Aug 10, 2026","1606000.37","",,,"","","",,="5/9","<1","true","Swing"
"KGS","Kodiak Gas Services, Inc. Common Stock","Energy","Oil & Gas Equipment & Services","61.46","0",,"","Downtrend","Aug 19, 2026","1665850.4","",,,"","","",,="4/9","<1","true","Swing"
"KRMN","Karman Holdings Inc. Common Stock","Industrials","Aerospace & Defense","53.4","0",,"","Neutral","Aug 20, 2026","3430961.77","",,,"","","",,="2/9","<1","true","Swing"
"KVUE","Kenvue Inc. Common Stock","Staples","Household & Personal Products","19.06","0",,"","Neutral","Aug 19, 2026","19461066.33","",,,"","","",,="3/9","<1","true","Swing"
"KVYO","Klaviyo, Inc. Series A Common Stock","Technology","Software - Application","18.33","0",,"","Uptrend","Aug 10, 2026","5692254.1","",,,"","","",,="3/9","<1","true","Swing"
"LGN","Legence Corp. Class A Common stock","Industrials","Engineering & Construction","59.37","0",,"","Downtrend","Jul 01, 2026","1379878.1","",,,"","","",,="2/9","<1","true","Swing"
"MIAX","Miami International Holdings, Inc. Common Stock","Financials","Capital Markets","42.59","0",,"","Downtrend","Aug 17, 2026","1196255.5","",,,"","","",,="1/9","<1","true","Swing"
"MNTN","MNTN, Inc. Class A Common Stock","Technology","Software - Application","12.9","0",,"","Uptrend","Aug 05, 2026","1085873.97","",,,"","","",,="3/9","<1","true","Swing"
"MQ","Marqeta, Inc. Class A Common Stock","Technology","Software - Infrastructure","16.36","0",,"","Downtrend","Aug 10, 2026","1100111.63","",,,"","","",,="1/9","<1","true","Swing"
"MRP","Millrose Properties, Inc. Class A Common Stock","Real Estate","REIT - Residential","30.39","0",,"","Uptrend","Aug 05, 2026","1102225.57","",,,"","","",,="5/9","<1","true","Swing"
"NIQ","NIQ Global Intelligence plc Ordinary Shares","Technology","Software - Application","18.78","0",,"","Uptrend","Jul 01, 2026","1831682.67","",,,"","","",,="3/9","<1","true","Swing"
"NMAX","Newsmax, Inc. Class B Common Stock","Communication","Broadcasting","10.75","0",,"","Uptrend","Aug 06, 2026","1022729.77","",,,"","","",,="3/9","<1","true","Swing"
"NN","NextNav Inc. Common Stock","Technology","Software - Infrastructure","17.55","0",,"","Uptrend","Aug 11, 2026","2921733.4","",,,"","","",,="3/9","<1","true","Swing"
"NNE","Nano Nuclear Energy Inc. Common Stock","Industrials","Specialty Industrial Machinery","18.85","0",,"","Neutral","Aug 14, 2026","2008283.53","",,,"","","",,="2/9","<1","true","Swing"
"NTSK","Netskope, Inc. Class A Common Stock","Technology","Software - Infrastructure","14.51","0",,"","Uptrend","Jul 24, 2026","4555266.97","",,,"","","",,="3/9","<1","true","Swing"
"NXT","Nextpower Inc. Class A Common Stock","Technology","Solar","86.18","0",,"","Downtrend","Jun 23, 2026","2907003.67","",,,"","","",,="2/9","<1","true","Swing"
"OMDA","Omada Health, Inc. Common Stock","Health Care","Health Information Services","23.89","0",,"","Uptrend","Aug 10, 2026","1442373.07","",,,"","","",,="5/9","<1","true","Swing"
"OSCR","Oscar Health, Inc. Class A Common Stock","Health Care","Healthcare Plans","32.04","0",,"","Uptrend","Aug 14, 2026","5274898.17","",,,"","","",,="5/9","<1","true","Swing"
"OTF","Blue Owl Technology Finance Corp. Common Stock","Financials","Asset Management","10.96","0",,"","Uptrend","Aug 06, 2026","2625454.23","",,,"","","",,="3/9","<1","true","Swing"
"OUST","Ouster, Inc. Common Stock","Technology","Electronic Components","38.42","0",,"","Downtrend","Aug 21, 2026","3248384","",,,"","","",,="2/9","<1","true","Swing"
"PRMB","Primo Brands Corporation Class A Common Stock","Staples","Beverages - Non-Alcoholic","23.12","0",,"","Downtrend","Aug 20, 2026","3764515.47","",,,"","","",,="3/9","<1","true","Swing"
"PSKY","Paramount Skydance Corporation Class B Common Stock","Communication","Entertainment","10.35","0",,"","Uptrend","Aug 11, 2026","11393257.4","",,,"","","Negative",,="2/9","<1","true","Swing"
"PSNL","Personalis, Inc. Common Stock","Health Care","Diagnostics & Research","18.38","0",,"","Uptrend","Aug 05, 2026","4618993.27","",,,"","","",,="5/9","<1","true","Swing"
"PTRN","Pattern Group Inc. Series A Common Stock","Technology","Software - Application","20.87","0",,"","Downtrend","Aug 14, 2026","1812441.9","",,,"","","",,="2/9","<1","true","Swing"
"PUMP","ProPetro Holding Corp. Common Stock","Energy","Oil & Gas Equipment & Services","11.33","0",,"","Downtrend","Aug 18, 2026","3716086.9","",,,"","","",,="4/9","<1","true","Swing"
"QBTS","D-Wave Quantum Inc. Common Shares","Technology","Computer Hardware","20.39","0",,"","Uptrend","Aug 21, 2026","17258009","",,,"","","",,="3/9","<1","true","Swing"
"RAL","Ralliant Corporation Common Stock","Technology","Electronic Components","63.61","0",,"","Downtrend","Aug 20, 2026","1592231.63","",,,"","","",,="2/9","<1","true","Swing"
"RBRK","Rubrik, Inc. Class A Common Stock","Technology","Software - Infrastructure","100.09","0",,"","Uptrend","Aug 05, 2026","2836941.63","",,,"","","",,="3/9","<1","true","Swing"
"RDDT","Reddit, Inc. Class A Common Stock","Communication","Internet Content & Information","153.29","0",,"","Downtrend","Aug 17, 2026","7249962.7","",,,"","","",,="2/9","<1","true","Swing"
"RGTI","Rigetti Computing, Inc. Common Stock","Technology","Computer Hardware","17.91","0",,"","Uptrend","Aug 21, 2026","20599618.9","",,,"","","",,="3/9","<1","true","Swing"
"RIVN","Rivian Automotive, Inc. Class A Common Stock","Discretionary","Auto Manufacturers","16.97","0",,"","Neutral","Aug 21, 2026","24507680.2","",,,"","","",,="2/9","<1","true","Swing"
"RXO","RXO, Inc. Common Stock","Industrials","Trucking","22.54","0",,"","Downtrend","Jul 27, 2026","1960478.93","",,,"","","",,="2/9","<1","true","Swing"
"S","SentinelOne, Inc. Class A Common Stock","Technology","Software - Infrastructure","21.19","0",,"","Uptrend","Jun 30, 2026","6921278.57","",,,"","","",,="3/9","<1","true","Swing"
"SAIL","SailPoint, Inc. Common Stock","Technology","Software - Infrastructure","18.64","0",,"","Uptrend","Jul 24, 2026","3280571.1","",,,"","","",,="3/9","<1","true","Swing"
"SARO","StandardAero, Inc. Common Stock","Industrials","Aerospace & Defense","25.06","0",,"","Downtrend","Aug 13, 2026","3297561.9","",,,"","","",,="2/9","<1","true","Swing"
"SDOT","Sadot Group Inc. Common Stock","Staples","Farm Products","13.18","0",,"","Downtrend","Jul 21, 2026","1892191.53","",,,"","","",,="3/9","<1","true","Swing"
"SFD","Smithfield Foods, Inc. Common Stock","Staples","Packaged Foods","22.25","0",,"","Downtrend","Aug 06, 2026","1413533.93","",,,"","","",,="3/9","<1","true","Swing"
"SGMT","Sagimet Biosciences Inc. Series A Common Stock","Health Care","Biotechnology","10.25","0",,"","Uptrend","Aug 04, 2026","1203733.93","",,,"","","",,="5/9","<1","true","Swing"
"SN","SharkNinja, Inc. Ordinary Shares","Discretionary","Furnishings Fixtures & Appliances","180.76","0",,"","Uptrend","May 27, 2026","1683353.4","",,,"","","",,="3/9","<1","true","Swing"
"SNDK","Sandisk Corporation Common Stock","Technology","Computer Hardware","1596.08","0",,"","Uptrend","Aug 17, 2026","15945723.17","",,,"","","","true",="3/9","<1","true","Swing"
"SOLV","Solventum Corporation Common Stock","Health Care","Medical Instruments & Supplies","89.57","0",,"","Uptrend","Jul 15, 2026","1172573.2","",,,"","","",,="5/9","<1","true","Swing"
"SPCX","Space Exploration Technologies Corp","Industrials","Aerospace & Defense","136.97","0",,"","Uptrend","Aug 13, 2026","101528184.17","",,,"","","","true",="3/9","<1","true","Swing"
"STRC","Strategy Inc Variable Rate Series A Perpetual Stretch Preferred Stock","Technology","Software - Application","96.18","0",,"","Uptrend","Aug 03, 2026","1250349.23","",,,"","","",,="2/9","<1","true","Swing"
"SVV","Savers Value Village, Inc. Common Stock","Discretionary","Specialty Retail","10.75","0",,"","Uptrend","Jul 28, 2026","1713717.77","",,,"","","",,="3/9","<1","true","Swing"
"TALO","Talos Energy, Inc. Common Stock","Energy","Oil & Gas E&P","17.47","0",,"","Uptrend","Aug 10, 2026","1968641.07","",,,"","","",,="5/9","<1","true","Swing"
"TEM","Tempus AI, Inc. Class A Common Stock","Health Care","Health Information Services","72.69","0",,"","Uptrend","Aug 19, 2026","6136941","",,,"","","",,="5/9","<1","true","Swing"
"TKO","TKO Group Holdings, Inc. Class A Common Stock","Communication","Entertainment","193.14","0",,"","Uptrend","Aug 11, 2026","1047441.77","",,,"","","",,="3/9","<1","true","Swing"
"TTAN","ServiceTitan, Inc. Class A Common Stock","Technology","Software - Application","94.87","0",,"","Uptrend","Jul 27, 2026","1296155.8","",,,"","","",,="3/9","<1","true","Swing"
"UMAC","Unusual Machines, Inc. Common Stock","Technology","Computer Hardware","27.43","0",,"","Uptrend","Aug 03, 2026","4442061.7","",,,"","","",,="3/9","<1","true","Swing"
"UPST","Upstart Holdings, Inc. Common stock","Financials","Credit Services","30.3","0",,"","Uptrend","Aug 21, 2026","4294181.9","",,,"","","",,="3/9","<1","true","Swing"
"USAR","USA Rare Earth, Inc. Class A Common Stock","Materials","Other Industrial Metals & Mining","19.26","0",,"","Uptrend","Aug 21, 2026","11765817.87","",,,"","","",,="4/9","<1","true","Swing"
"VG","Venture Global, Inc. Class A common stock","Energy","Oil & Gas Midstream","14.21","0",,"","Uptrend","Aug 06, 2026","15439613.37","",,,"","","",,="5/9","<1","true","Swing"
"VLTO","Veralto Corp Common Stock ","Industrials","Pollution & Treatment Controls","98.77","0",,"","Uptrend","Jun 25, 2026","1595665.77","",,,"","","",,="3/9","<1","true","Swing"
"VOYG","Voyager Technologies, Inc. Class A Common Stock","Industrials","Aerospace & Defense","38.4","0",,"","Uptrend","Aug 06, 2026","1720972.93","",,,"","","",,="3/9","<1","true","Swing"
"VSTS","Vestis Corporation Common Stock","Industrials","Rental & Leasing Services","12.69","0",,"","Downtrend","Aug 13, 2026","1370226.7","",,,"","","",,="2/9","<1","true","Swing"
"WAY","Waystar Holding Corp. Common Stock","Health Care","Health Information Services","25.01","0",,"","Uptrend","Aug 03, 2026","2671731.83","",,,"","","",,="5/9","<1","true","Swing"
"WOLF","Wolfspeed, Inc. Common Stock New","Technology","Semiconductors","25.76","0",,"","Downtrend","Aug 20, 2026","4471348.77","",,,"","","",,="2/9","<1","true","Swing"
"WRBY","Warby Parker Inc. Class A Common Stock","Health Care","Medical Instruments & Supplies","27.44","0",,"","Uptrend","Aug 20, 2026","2717392.2","",,,"","","",,="5/9","<1","true","Swing"
"WYFI","WhiteFiber, Inc. Ordinary Shares","Technology","Information Technology Services","20.72","0",,"","Downtrend","Aug 19, 2026","2739108.7","",,,"","","",,="2/9","<1","true","Swing"
