Symbol,Company Name,Sector/Index,Industry,Last Close Price ($),Fear & Greed Heatmap Value,Current Signal Status,Signal Start Date,Overlay,Overlay Start Date,30-Day Avg Volume,OVTLYR Signal Return (%),Capital Efficiency,Price Change,Fear & Greed Heatmap Direction,OC Channel,Unusual News Activity (UNA),Top Mentions Today (TMT),Ovtlyr Nine,Sector Relative Greed,Partial Data Stocks,Signal Type
"AEHR","Aehr Test Systems Common Stock","Technology","Semiconductor Equipment & Materials","95.59","70.39","Sell","Aug 26, 2026","Neutral","Aug 24, 2026","3069876.37","2508.73","1.64","-0.87","Moving Down","","",,="2/9","<1","false","Swing"
"ALKT","Alkami Technology, Inc. Common Stock","Technology","Software - Application","20.13","83.25","Buy","Aug 26, 2026","Uptrend","Jul 27, 2026","1293894.97","-3.44","0.22","-0.89","Moving Up","","",,="5/9","<1","false","Swing"
"BRKR","Bruker Corporation Common Stock","Health Care","Medical Devices","56.85","71.11","Sell","Aug 26, 2026","Neutral","Aug 24, 2026","2251468.33","45.96","13.02","-0.23","Moving Up","","",,="4/9","<1","false","Swing"
"BRO","Brown & Brown, Inc. Common Stock","Financials","Insurance Brokers","73.34","51.18","Buy","Aug 26, 2026","Uptrend","Jun 24, 2026","2457863.4","170.34","5.65","-1.72","Moving Up","","",,="5/9","<1","false","Swing"
"BXSL","Blackstone Secured Lending Fund Common Shares of Beneficial Interest","Financials","Asset Management","24.83","85.99","Buy","Aug 26, 2026","Uptrend","Aug 06, 2026","1578251.1","-23.53","0.86","-0.64","Moving Up","","",,="4/9","<1","false","Swing"
"COO","The Cooper Companies, Inc. Common Stock","Health Care","Medical Instruments & Supplies","73.04","74.61","Sell","Aug 26, 2026","Uptrend","Jun 23, 2026","1797043.97","7.81","5.46","-3.64","Moving Down","","",,="4/9","<1","false","Swing"
"DEI","Douglas Emmett, Inc. Common Stock","Real Estate","REIT - Office","12.16","62.96","Buy","Aug 26, 2026","Uptrend","Aug 25, 2026","1693349.17","-23.32","11.66","1.76","Moving Up","","",,="7/9","<1","false","Swing"
"DHI","D.R. Horton, Inc. Common Stock","Discretionary","Residential Construction","150.8","50.22","Buy","Aug 26, 2026","Uptrend","Aug 25, 2026","2265977.37","201.97","2.73","1.23","Moving Up","","",,="5/9","<1","false","Swing"
"DOCU","DocuSign, Inc. Common Stock","Technology","Software - Application","60.54","88.28","Sell","Aug 26, 2026","Uptrend","Jul 24, 2026","2937811.23","-111.44","0.22","-3.23","Moving Down","","",,="3/9","<1","false","Swing"
"DRH","Diamondrock Hospitality Company Common Stock","Real Estate","REIT - Hotel & Motel","12.87","72.2","Buy","Aug 26, 2026","Uptrend","Aug 21, 2026","2596332.17","-102.39","0.05","1.02","Moving Up","","",,="7/9","<1","false","Swing"
"DUOT","Duos Technologies Group, Inc. Common Stock","Technology","Software - Application","10.22","60.09","Sell","Aug 26, 2026","Uptrend","Aug 17, 2026","1105332.63","-65.58","0.22","-0.49","Moving Down","","",,="3/9","<1","false","Swing"
"DXCM","DexCom, Inc. Common Stock","Health Care","Medical Devices","89.16","87.18","Sell","Aug 26, 2026","Uptrend","Jul 24, 2026","5172942.5","121.33","6.03","-2.09","Moving Down","","",,="4/9","<1","false","Swing"
"EC","Ecopetrol S.A. American Depositary Shares","Energy","Oil & Gas Integrated","16.79","82.92","Sell","Aug 26, 2026","Uptrend","Jul 13, 2026","2008138.4","-21.76","1.21","-3.12","Moving Down","","",,="3/9","<1","false","Swing"
"EMR","Emerson Electric Company Common Stock","Industrials","Specialty Industrial Machinery","154.96","78.34","Sell","Aug 26, 2026","Uptrend","Jul 24, 2026","2790151.8","105.84","2.3","-1.66","Moving Down","","",,="3/9","<1","false","Swing"
"ENTG","Entegris, Inc. Common Stock","Technology","Semiconductor Equipment & Materials","138.87","78.37","Sell","Aug 26, 2026","Neutral","Aug 21, 2026","2611197.47","15.19","0.27","0.45","Moving Down","","",,="2/9","<1","false","Swing"
"EPAM","EPAM Systems, Inc. Common Stock","Technology","Information Technology Services","111.85","75.12","Buy","Aug 26, 2026","Uptrend","Aug 07, 2026","1468601.33","99.66","9.63","0.53","Moving Up","","",,="5/9","<1","false","Swing"
"ERIC","Ericsson American Depositary Shares","Technology","Communication Equipment","10.38","53.89","Buy","Aug 26, 2026","Neutral","Aug 25, 2026","11041866.17","-68.5","0.06","2.17","Moving Up","","",,="4/9","<1","false","Swing"
"ET","Energy Transfer LP Common Units ","Energy","Oil & Gas Midstream","21.02","81.65","Sell","Aug 26, 2026","Uptrend","Jul 07, 2026","9467655.1","33.88","0.43","-0.28","Moving Down","","",,="3/9","<1","false","Swing"
"EXEL","Exelixis, Inc. Common Stock","Health Care","Biotechnology","56.72","38.1","Buy","Aug 26, 2026","Uptrend","Aug 25, 2026","2479362.37","-4.54","0.34","3.98","Moving Up","","",,="6/9","<1","false","Swing"
"FAST","Fastenal Company Common Stock","Industrials","Industrial Distribution","50.31","80.93","Sell","Aug 26, 2026","Uptrend","Jul 27, 2026","7509443.07","88.32","1.05","-1.89","Moving Down","","",,="3/9","<1","false","Swing"
"FMC","FMC Corporation Common Stock","Materials","Agricultural Inputs","11.17","55.38","Buy","Aug 26, 2026","Neutral","Aug 24, 2026","3446136.97","-71.99","4.14","-0.98","Moving Up","","",,="4/9","<1","false","Swing"
"G","Genpact Limited Common Stock","Technology","Information Technology Services","37.25","86.39","Buy","Aug 26, 2026","Uptrend","Jul 24, 2026","2392967.87","22.4","9.25","-0.9","Moving Up","","",,="5/9","<1","false","Swing"
"GDS","GDS Holdings Limited ADS","Technology","Information Technology Services","32.99","47.83","Sell","Aug 26, 2026","Neutral","Aug 19, 2026","1772893.43","-79.88","1.73","3.91","Moving Down","","",,="2/9","<1","false","Swing"
"GMED","Globus Medical, Inc. Class A Common Stock","Health Care","Medical Devices","82.96","64.23","Sell","Aug 26, 2026","Uptrend","Aug 03, 2026","1426126.17","2.32","0.18","-1.33","Moving Down","","",,="4/9","<1","false","Swing"
"IMVT","Immunovant, Inc. Common Stock","Health Care","Biotechnology","43.5","64.44","Sell","Aug 26, 2026","Uptrend","May 20, 2026","1029851.1","-155.74","0.14","0.42","Moving Down","","",,="4/9","<1","false","Swing"
"IQV","IQVIA Holdings, Inc. Common Stock","Health Care","Diagnostics & Research","259.42","91.68","Buy","Aug 26, 2026","Uptrend","Jun 25, 2026","1392604.87","4.74","0.2","-0.32","Moving Up","","",,="6/9","<1","false","Swing"
"IT","Gartner, Inc. Common Stock","Technology","Information Technology Services","195.79","92.71","Sell","Aug 26, 2026","Uptrend","Jul 27, 2026","1466935.2","152.79","18.37","-3.45","Moving Down","","",,="3/9","<1","false","Swing"
"KMB","Kimberly-Clark Corporation Common Stock","Staples","Household & Personal Products","111.02","81.83","Buy","Aug 26, 2026","Uptrend","Aug 24, 2026","3245277.5","-27.89","0.02","-0.31","Moving Up","","",,="7/9","<1","false","Swing"
"KR","Kroger Company (The) Common Stock","Staples","Grocery Stores","58.45","32.15","Buy","Aug 26, 2026","Neutral","Aug 24, 2026","6039558.7","46.79","0.87","-1.07","Moving Up","","",,="6/9","<1","false","Swing"
"LRCX","Lam Research Corporation Common Stock","Technology","Semiconductor Equipment & Materials","314.66","62.89","Sell","Aug 26, 2026","Downtrend","Aug 24, 2026","9842854.07","146.89","0.38","1.45","Moving Up","","",,="3/9","<1","false","Swing"
"LVS","Las Vegas Sands Corp. Common Stock","Discretionary","Resorts & Casinos","47.27","51.99","Buy","Aug 26, 2026","Neutral","Aug 25, 2026","4914304.3","-1.21","90.76","0.64","Moving Up","","",,="4/9","<1","false","Swing"
"MGNI","Magnite, Inc. Common Stock","Communication","Advertising Agencies","23.89","78.93","Sell","Aug 26, 2026","Uptrend","May 21, 2026","2576894.8","230.08","4.67","1.4","Moving Down","","",,="3/9","<1","false","Swing"
"MOS","Mosaic Company (The) Common Stock","Materials","Agricultural Inputs","24.27","63.74","Buy","Aug 26, 2026","Uptrend","Aug 21, 2026","7724353.27","28.55","6.25","1.12","Moving Up","","",,="5/9","<1","false","Swing"
"MUR","Murphy Oil Corporation Common Stock","Energy","Oil & Gas E&P","34.62","49.18","Sell","Aug 26, 2026","Downtrend","Aug 25, 2026","1718399.67","-5.96","0.33","-3.83","Moving Up","","",,="3/9","<1","false","Swing"
"NVCR","NovoCure Limited Ordinary Shares","Health Care","Medical Devices","17.62","58.42","Sell","Aug 26, 2026","Uptrend","Aug 10, 2026","1579907.7","50.92","6.76","5.13","Moving Down","","",,="4/9","<1","false","Swing"
"NXE","Nexgen Energy Ltd. Common Shares","Energy","Uranium","11.21","57.91","Buy","Aug 26, 2026","Uptrend","Aug 05, 2026","5200296.23","37.15","0.14","2.56","Moving Up","","",,="4/9","<1","false","Swing"
"OII","Oceaneering International, Inc. Common Stock","Energy","Oil & Gas Equipment & Services","49.91","85.59","Sell","Aug 26, 2026","Uptrend","Jun 29, 2026","1088298.57","198.84","2.12","-1.09","Moving Down","","",,="3/9","<1","false","Swing"
"ONTO","Onto Innovation Inc. Common Stock","Technology","Semiconductor Equipment & Materials","291.62","70.12","Sell","Aug 26, 2026","Neutral","Aug 21, 2026","1132834.73","-225.88","0.27","3.08","Moving Down","","",,="2/9","<1","false","Swing"
"ORIC","Oric Pharmaceuticals, Inc. Common Stock","Health Care","Biotechnology","13.83","73.3","Sell","Aug 26, 2026","Uptrend","Jun 24, 2026","1550214.33","36.03","5.24","2.75","Moving Down","","",,="4/9","<1","false","Swing"
"PAY","Paymentus Holdings, Inc. Class A Common Stock","Technology","Software - Infrastructure","39.34","72.02","Buy","Aug 26, 2026","Uptrend","Jun 30, 2026","1166373","243.58","4.81","-1.5","Moving Up","","",,="5/9","<1","false","Swing"
"PCG","Pacific Gas & Electric Co. Common Stock","Utilities","Utilities - Regulated Electric","18.36","63.71","Buy","Aug 26, 2026","Uptrend","Aug 14, 2026","24101865.73","86.54","3.53","1.38","Moving Up","","",,="5/9","<1","false","Swing"
"PINS","Pinterest, Inc. Class A Common Stock","Communication","Internet Content & Information","23.66","63.77","Buy","Aug 26, 2026","Uptrend","Jun 29, 2026","10742974.97","-102.33","1.74","0.81","Moving Up","","Positive",,="6/9","<1","false","Swing"
"PM","Philip Morris International Inc Common Stock","Staples","Tobacco","193.92","63.43","Buy","Aug 26, 2026","Uptrend","Aug 20, 2026","4866739.23","38.5","0.76","1.28","Moving Up","","",,="7/9","<1","false","Swing"
"PPTA","Perpetua Resources Corp. Common Shares","Materials","Other Precious Metals & Mining","27.02","58.41","Buy","Aug 26, 2026","Uptrend","Aug 05, 2026","1225533.13","-33.19","0.31","4.2","Moving Up","","",,="5/9","<1","false","Swing"
"PYPL","PayPal Holdings, Inc. Common Stock","Financials","Credit Services","62.27","70.71","Buy","Aug 26, 2026","Uptrend","Jul 02, 2026","15080067.27","-64.53","2.99","0.96","Moving Up","","",,="5/9","<1","false","Swing"
"RVMD","Revolution Medicines, Inc. Common Stock","Health Care","Biotechnology","211.38","53.45","Sell","Aug 26, 2026","Uptrend","Apr 13, 2026","1702220.53","265.74","1.25","-0.09","Moving Down","","",,="4/9","<1","false","Swing"
"SLS","SELLAS Life Sciences Group, Inc. Common Stock","Health Care","Biotechnology","14.09","52.38","Sell","Aug 26, 2026","Uptrend","Aug 13, 2026","6796799.13","479.36","5.06","-1.64","Moving Down","","",,="4/9","<1","false","Swing"
"SONO","Sonos, Inc. Common Stock","Technology","Consumer Electronics","15.29","64.63","Sell","Aug 26, 2026","Uptrend","Aug 03, 2026","1884568.27","-85.31","2.11","-0.78","Moving Down","","",,="3/9","<1","false","Swing"
"SONY","Sony Group Corporation American Depositary Shares ","Technology","Consumer Electronics","24.05","82.13","Sell","Aug 26, 2026","Uptrend","Jul 27, 2026","4911245.6","25.64","0.89","-0.87","Moving Down","","",,="3/9","<1","false","Swing"
"SU","Suncor Energy  Inc. Common Stock","Energy","Oil & Gas Integrated","65.36","86.1","Sell","Aug 26, 2026","Uptrend","Aug 10, 2026","3631932.2","62.83","1.48","-2.98","Moving Down","","",,="3/9","<1","false","Swing"
"TMO","Thermo Fisher Scientific Inc Common Stock","Health Care","Diagnostics & Research","628.15","81.33","Buy","Aug 26, 2026","Uptrend","Jun 24, 2026","2059069.3","19.74","0.64","-0.09","Moving Up","","",,="5/9","<1","false","Swing"
"TREX","Trex Company, Inc. Common Stock","Industrials","Building Products & Equipment","46.84","77.64","Sell","Aug 26, 2026","Uptrend","Aug 05, 2026","2042452.93","164","138.81","-0.91","Moving Down","","",,="3/9","<1","false","Swing"
"TWST","Twist Bioscience Corporation Common Stock","Health Care","Diagnostics & Research","151.42","89.95","Sell","Aug 26, 2026","Uptrend","Jul 31, 2026","1618734.07","-13.17","5.73","7.54","Moving Down","","",,="4/9","<1","false","Swing"
"V","Visa Inc.","Financials","Credit Services","384.14","77.87","Buy","Aug 26, 2026","Uptrend","Jun 16, 2026","6952812.13","32.8","0.88","0.45","Moving Up","","Positive",,="5/9","<1","false","Swing"
"VALE","VALE S.A.  American Depositary Shares Each Representing one common share","Materials","Other Industrial Metals & Mining","15.33","50.81","Buy","Aug 26, 2026","Uptrend","Aug 25, 2026","23074241.9","-44.82","0.11","1.93","Moving Up","","",,="6/9","<1","false","Swing"
"W","Wayfair Inc. Class A Common Stock","Discretionary","Internet Retail","104.53","74.22","Sell","Aug 26, 2026","Uptrend","Jul 27, 2026","3434000.87","18.32","5.25","1.3","Moving Down","","",,="3/9","<1","false","Swing"
"WLK","Westlake Corporation Common Stock","Materials","Specialty Chemicals","74.8","64.44","Sell","Aug 26, 2026","Neutral","Aug 14, 2026","1035663.6","8.29","2.18","-2.21","Moving Down","","",,="3/9","<1","false","Swing"
"XYZ","Block, Inc. Class A Common Stock,","Technology","Software - Infrastructure","82.72","67.57","Buy","Aug 26, 2026","Uptrend","Jun 16, 2026","4872096.13","101.18","11.58","1.65","Moving Up","","",,="5/9","<1","false","Swing"
"ZG","Zillow Group, Inc. Class A Common Stock","Communication","Internet Content & Information","37.09","59.73","Buy","Aug 26, 2026","Uptrend","Aug 18, 2026","1305450.53","-48.47","1.34","-2.27","Moving Up","","",,="6/9","<1","false","Swing"
"ZLAB","Zai Lab Limited American Depositary Shares","Health Care","Biotechnology","26.17","97.69","Sell","Aug 26, 2026","Uptrend","Aug 07, 2026","1045985","-26.73","4.19","2.07","Moving Down","","",,="4/9","<1","false","Swing"
"AAOI","Applied Optoelectronics, Inc. Common Stock","Technology","Communication Equipment","113.15","59.43","Sell","Aug 25, 2026","Downtrend","Aug 25, 2026","11551236.47","451.74","2.06","5.13","Moving Down","","Positive",,="2/9","<1","false","Swing"
"ADM","Archer-Daniels-Midland Company Common Stock","Staples","Farm Products","79.16","64.22","Sell","Aug 25, 2026","Downtrend","Aug 24, 2026","3677636.8","78.56","2.71","1.28","Moving Down","","",,="4/9","<1","false","Swing"
"AFRM","Affirm Holdings, Inc. Class A Common Stock","Financials","Credit Services","77.945","54.88","Buy","Aug 25, 2026","Uptrend","Aug 21, 2026","3133219.27","91.41","3.31","1.39","Moving Up","","",,="5/9","<1","false","Swing"
"AMCR","Amcor plc Ordinary Shares","Discretionary","Packaging & Containers","47.27","71.53","Buy","Aug 25, 2026","Uptrend","Jun 11, 2026","3851242.37","-47.89","0.65","-1.34","Moving Up","","",,="5/9","<1","false","Swing"
"APLE","Apple Hospitality REIT, Inc. Common Shares","Real Estate","REIT - Hotel & Motel","16.74","72.65","Buy","Aug 25, 2026","Uptrend","Aug 24, 2026","2796905.23","-38.24","0.14","0.9","Moving Up","","",,="6/9","<1","false","Swing"
"APPS","Digital Turbine, Inc. Common Stock","Technology","Software - Application","10.83","73.33","Sell","Aug 25, 2026","Uptrend","Aug 05, 2026","3539223.07","-627.56","0.02","0.84","Moving Down","","",,="3/9","<1","false","Swing"
"ARWR","Arrowhead Pharmaceuticals, Inc. Common Stock","Health Care","Biotechnology","88.88","63.17","Sell","Aug 25, 2026","Uptrend","Jul 23, 2026","1719721.97","31.39","2.44","2.48","Moving Down","","",,="3/9","<1","false","Swing"
"ATI","ATI Inc. Common Stock","Industrials","Metal Fabrication","215.23","83.83","Sell","Aug 25, 2026","Uptrend","Aug 04, 2026","1543788.03","326.4","1","2.58","Moving Down","","",,="3/9","<1","false","Swing"
"AVTR","Avantor, Inc. Common Stock","Health Care","Medical Instruments & Supplies","14.42","77.88","Buy","Aug 25, 2026","Uptrend","May 27, 2026","10537150.2","-65.16","3.7","1.12","Moving Up","","",,="6/9","<1","false","Swing"
"AXTI","AXT Inc Common Stock","Technology","Semiconductor Equipment & Materials","67.45","80.16","Sell","Aug 25, 2026","Neutral","Aug 21, 2026","11315574.1","958.06","2.39","3.13","Moving Down","","",,="2/9","<1","false","Swing"
"BJ","BJ's Wholesale Club Holdings, Inc. Common Stock","Staples","Discount Stores","94.37","63.12","Buy","Aug 25, 2026","Uptrend","Aug 24, 2026","1760035.53","-76.05","0.12","-4.18","Moving Up","","",,="7/9","<1","false","Swing"
"BSY","Bentley Systems, Incorporated Class B Common Stock","Technology","Software - Application","36.9","67.75","Buy","Aug 25, 2026","Uptrend","Jul 27, 2026","2634302.6","-38.87","0.63","-2.07","Moving Up","","",,="5/9","<1","false","Swing"
"BWA","BorgWarner Inc. Common Stock","Discretionary","Auto Parts","65.1","53.6","Sell","Aug 25, 2026","Neutral","Aug 24, 2026","2262632.27","37.28","1.32","1.15","Moving Down","","",,="2/9","<1","false","Swing"
"CF","CF Industries Holdings, Inc. Common Stock","Materials","Agricultural Inputs","127.26","59.58","Buy","Aug 25, 2026","Uptrend","Aug 20, 2026","2312066.03","216.91","3.55","-1.53","Moving Up","","",,="6/9","<1","false","Swing"
"CLYM","Climb Bio, Inc. Common Stock","Health Care","Biotechnology","17.84","48.68","Sell","Aug 25, 2026","Uptrend","Aug 06, 2026","1143256.53","282.43","1.83","8.78","Moving Down","","",,="4/9","<1","false","Swing"
"CNXC","Concentrix Corporation Common Stock","Technology","Information Technology Services","26.87","65.65","Buy","Aug 25, 2026","Uptrend","Aug 19, 2026","1189408.53","-53.25","6.36","3.23","Moving Up","","",,="5/9","<1","false","Swing"
"COST","Costco Wholesale Corporation Common Stock","Staples","Discount Stores","960.01","54.87","Buy","Aug 25, 2026","Uptrend","Aug 24, 2026","1846120.93","270.09","2.96","-1.17","Moving Up","","",,="6/9","<1","false","Swing"
"DE","Deere & Company Common Stock","Industrials","Farm & Heavy Construction Machinery","630.66","65.91","Buy","Aug 25, 2026","Uptrend","Aug 21, 2026","1144617.63","132.02","1.29","-2.77","Moving Up","","",,="5/9","<1","false","Swing"
"DLTR","Dollar Tree Inc. Common Stock","Staples","Discount Stores","134.48","65.73","Buy","Aug 25, 2026","Uptrend","May 28, 2026","2273216.27","1.86","0.12","-1.66","Moving Up","","",,="7/9","<1","false","Swing"
"ECL","Ecolab Inc. Common Stock","Materials","Specialty Chemicals","289.54","63.85","Buy","Aug 25, 2026","Uptrend","Jul 28, 2026","1338152","-50.9","0.23","0.89","Moving Up","","",,="6/9","<1","false","Swing"
"EMBJ","Embraer S.A. Common Stock","Industrials","Aerospace & Defense","74.63","79.15","Sell","Aug 25, 2026","Uptrend","Jun 17, 2026","1249275.93","211.43","2.06","-2.14","Moving Down","","",,="3/9","<1","false","Swing"
"EMN","Eastman Chemical Company Common Stock","Materials","Specialty Chemicals","72.02","77.56","Sell","Aug 25, 2026","Uptrend","Aug 03, 2026","1119345.5","-36.92","0.35","-0.92","Moving Down","","",,="4/9","<1","false","Swing"
"ESTC","Elastic N.V. Ordinary Shares","Technology","Software - Application","80.4","87.94","Sell","Aug 25, 2026","Uptrend","Jul 27, 2026","2041394.57","-57.56","3.05","-3.41","Moving Down","","",,="3/9","<1","false","Swing"
"ETSY","Etsy, Inc. Common Stock","Discretionary","Internet Retail","84.43","70.01","Buy","Aug 25, 2026","Uptrend","Aug 24, 2026","2984330.23","-84.18","0.12","-2.99","Moving Up","","",,="5/9","<1","false","Swing"
"EZPW","EZCORP, Inc. Class A Non Voting Common Stock","Financials","Credit Services","35.23","33.99","Buy","Aug 25, 2026","Uptrend","Aug 24, 2026","1080703.6","356.94","2","0.51","Moving Up","","",,="5/9","<1","false","Swing"
"FORM","FormFactor, Inc. FormFactor, Inc. Common Stock","Technology","Semiconductor Equipment & Materials","107.72","76.43","Sell","Aug 25, 2026","Downtrend","Aug 25, 2026","1260436.03","8.5","0.1","-0.17","Moving Down","","",,="2/9","<1","false","Swing"
"FOX","Fox Corporation Class B Common Stock","Communication","Entertainment","62.69","84.37","Sell","Aug 25, 2026","Uptrend","Jul 29, 2026","1062404.17","50.9","1.23","1.79","Moving Down","","",,="4/9","<1","false","Swing"
"FOXA","Fox Corporation Class A Common Stock","Communication","Entertainment","70.33","85.56","Sell","Aug 25, 2026","Uptrend","Jul 28, 2026","4733962.67","70.62","1.7","1.62","Moving Down","","",,="4/9","<1","false","Swing"
"FSK","FS KKR Capital Corp. Common Stock","Financials","Asset Management","12.05","86.6","Sell","Aug 25, 2026","Uptrend","Aug 03, 2026","2327542.83","-12.27","9.41","0","Moving Down","","",,="3/9","<1","false","Swing"
"GGG","Graco Inc. Common Stock","Industrials","Specialty Industrial Machinery","78.7","59.69","Sell","Aug 25, 2026","Neutral","Aug 25, 2026","1480018.8","28.68","1.44","-1.82","Moving Down","","",,="2/9","<1","false","Swing"
"HUBS","HubSpot, Inc. Common Stock","Technology","Software - Application","237.69","63.19","Buy","Aug 25, 2026","Uptrend","Aug 18, 2026","1950739.97","52.51","2.19","-2.65","Moving Up","","",,="4/9","<1","false","Swing"
"IRDM","Iridium Communications Inc Common Stock","Communication","Telecom Services","47.1","64.95","Sell","Aug 25, 2026","Downtrend","Aug 25, 2026","1250503.37","75.14","2.7","-0.42","Moving Down","","",,="3/9","<1","false","Swing"
"ISRG","Intuitive Surgical, Inc. Common Stock","Health Care","Medical Instruments & Supplies","371.84","57.39","Sell","Aug 25, 2026","Downtrend","Aug 25, 2026","3593725.17","54.25","2.03","-0.46","Moving Down","","",,="3/9","<1","false","Swing"
"KBR","KBR, Inc. Common Stock","Industrials","Engineering & Construction","37.69","75.85","Sell","Aug 25, 2026","Uptrend","Jul 31, 2026","1540913.93","-166.57","0.05","0","Moving Down","","",,="2/9","<1","false","Swing"
"KTOS","Kratos Defense & Security Solutions, Inc. Common Stock","Industrials","Aerospace & Defense","52.64","71.02","Sell","Aug 25, 2026","Neutral","Aug 24, 2026","3791707.1","379.32","5.78","-0.81","Moving Down","","",,="2/9","<1","false","Swing"
"LFST","LifeStance Health Group, Inc. Common Stock","Health Care","Medical Care Facilities","12.28","72.62","Sell","Aug 25, 2026","Uptrend","Jun 09, 2026","3775880.83","-53.98","0.17","0.99","Moving Down","","",,="4/9","<1","false","Swing"
"LITE","Lumentum Holdings Inc. Common Stock","Technology","Communication Equipment","885.565","72.14","Sell","Aug 25, 2026","Uptrend","Aug 06, 2026","4850700.77","1089.25","3.01","6.67","Moving Down","","",,="3/9","<1","false","Swing"
"MGA","Magna International, Inc. Common Stock","Discretionary","Auto Parts","66.13","77.48","Sell","Aug 25, 2026","Neutral","Aug 25, 2026","1238451.7","4.5","0.5","-2.46","Moving Down","","",,="2/9","<1","false","Swing"
"MNST","Monster Beverage Corporation","Staples","Beverages - Non-Alcoholic","48.73","57.56","Buy","Aug 25, 2026","Uptrend","Aug 24, 2026","11378091.9","72.82","0.91","-0.39","Moving Up","","Positive",,="6/9","<1","false","Swing"
"NE","Noble Corporation plc A Ordinary Shares","Energy","Oil & Gas Drilling","45.86","63.99","Sell","Aug 25, 2026","Uptrend","Aug 10, 2026","1468879.7","-24.54","0.63","-0.26","Moving Down","","",,="3/9","<1","false","Swing"
"NESR","National Energy Services Reunited Corp Ordinary Shares","Energy","Oil & Gas Equipment & Services","33.48","78.13","Sell","Aug 25, 2026","Uptrend","Aug 04, 2026","2085374.47","212.44","2.59","0.18","Moving Down","","",,="3/9","<1","false","Swing"
"NOV","NOV Inc. Common Stock","Energy","Oil & Gas Equipment & Services","19.94","76.62","Sell","Aug 25, 2026","Neutral","Aug 24, 2026","3408120.1","-95.84","0.65","0.91","Moving Down","","",,="2/9","<1","false","Swing"
"NTAP","NetApp, Inc. Common Stock","Technology","Software - Infrastructure","187.43","75.1","Sell","Aug 25, 2026","Uptrend","Apr 17, 2026","2293716.5","99.46","1.23","0.31","Moving Down","","",,="3/9","<1","false","Swing"
"NTRS","Northern Trust Corporation Common Stock","Financials","Asset Management","186.82","67.28","Sell","Aug 25, 2026","Uptrend","Apr 06, 2026","1110499.43","17.31","0.53","0.09","Moving Down","","",,="3/9","<1","false","Swing"
"NWS","News Corporation Class B Common Stock","Communication","Entertainment","35.15","69.48","Buy","Aug 25, 2026","Uptrend","Jul 27, 2026","1076025.6","80.39","1.59","0.29","Moving Up","","",,="5/9","<1","false","Swing"
"NWSA","News Corporation Class A Common Stock","Communication","Entertainment","30.92","72.07","Buy","Aug 25, 2026","Uptrend","Jul 24, 2026","3554794.37","64.71","1.64","0.52","Moving Up","","",,="5/9","<1","false","Swing"
"P","Everpure, Inc. Class A common stock","Technology","Computer Hardware","102.81","93.03","Sell","Aug 25, 2026","Uptrend","Aug 03, 2026","2848253.3","581.62","2.9","2.36","Moving Down","","",,="3/9","<1","false","Swing"
"PAA","Plains All American Pipeline, L.P. Common Units representing Limited Partner Interests","Energy","Oil & Gas Midstream","24.7","66.84","Buy","Aug 25, 2026","Uptrend","Aug 18, 2026","2516700.5","74.8","2.47","-1.04","Moving Up","","",,="5/9","<1","false","Swing"
"PLNT","Planet Fitness, Inc. Common Stock","Discretionary","Leisure","52.54","42.64","Buy","Aug 25, 2026","Neutral","Aug 25, 2026","2107763.77","46.64","13.79","-2.45","Moving Up","","",,="4/9","<1","false","Swing"
"PWR","Quanta Services, Inc. Common Stock","Industrials","Engineering & Construction","603.78","52.22","Sell","Aug 25, 2026","Downtrend","Aug 24, 2026","1155733.13","1241.8","2.28","-2.11","Moving Down","","",,="2/9","<1","false","Swing"
"ROIV","Roivant Sciences Ltd. Common Shares","Health Care","Biotechnology","36.47","42.54","Sell","Aug 25, 2026","Uptrend","Aug 04, 2026","5174863.1","19.85","0.2","0.3","Moving Down","","",,="4/9","<1","false","Swing"
"SCI","Service Corporation International Common Stock","Discretionary","Personal Services","84.45","77.7","Buy","Aug 25, 2026","Uptrend","Jul 01, 2026","1059944.07","-38.99","0.29","0.26","Moving Up","","",,="5/9","<1","false","Swing"
"SE","Sea Limited American Depositary Shares, each representing one Class A Ordinary Share","Discretionary","Internet Retail","123.18","81.89","Sell","Aug 25, 2026","Uptrend","Jun 26, 2026","4591060.97","33.33","0.47","6.48","Moving Down","","",,="3/9","<1","false","Swing"
"SOFI","SoFi Technologies, Inc. Common Stock  ","Financials","Credit Services","19","49.3","Buy","Aug 25, 2026","Uptrend","Aug 05, 2026","65363286.4","-54.24","0.23","4.17","Moving Up","","",,="4/9","<1","false","Swing"
"STX","Seagate Technology Holdings PLC Ordinary Shares (Ireland)","Technology","Computer Hardware","821.67","67.5","Sell","Aug 25, 2026","Downtrend","Aug 24, 2026","5132834.1","155.15","0.31","3.4","Moving Down","","",,="2/9","<1","false","Swing"
"TER","Teradyne, Inc. Common Stock","Technology","Semiconductor Equipment & Materials","366.43","74.82","Sell","Aug 25, 2026","Neutral","Aug 21, 2026","3317238.57","92.52","0.63","0.42","Moving Down","","Positive",,="2/9","<1","false","Swing"
"TGTX","TG Therapeutics, Inc. Common Stock","Health Care","Biotechnology","55.42","37.79","Buy","Aug 25, 2026","Uptrend","Aug 24, 2026","2284387.17","186.96","1.49","-1.05","Moving Up","","",,="5/9","<1","false","Swing"
"TRI","Thomson Reuters Corporation Common Shares","Industrials","Specialty Business Services","104.38","87.8","Buy","Aug 25, 2026","Uptrend","Jul 24, 2026","2233538.83","109.33","4.66","-3.9","Moving Up","","",,="5/9","<1","false","Swing"
"TSM","Taiwan Semiconductor Manufacturing Company Ltd.","Technology","Semiconductors","417.41","49.36","Sell","Aug 25, 2026","Neutral","Aug 25, 2026","12739019.37","125.23","0.55","1.78","Moving Up","","Positive",,="3/9","<1","false","Swing"
"TTE","TotalEnergies SE Ordinary Shares","Energy","Oil & Gas Integrated","88.8","80.58","Sell","Aug 25, 2026","Uptrend","Jul 22, 2026","1544276.2","24.23","0.85","-0.62","Moving Down","","",,="3/9","<1","false","Swing"
"TWLO","Twilio Inc. Class A Common Stock","Technology","Software - Infrastructure","223.97","77.69","Sell","Aug 25, 2026","Uptrend","Aug 07, 2026","2280109.17","-0.93","164.7","0.62","Moving Down","","",,="3/9","<1","false","Swing"
"UBER","Uber Technologies, Inc. Common Stock","Technology","Software - Application","80.35","69.92","Sell","Aug 25, 2026","Uptrend","Aug 10, 2026","18859499.9","103.92","4.97","1.34","Moving Down","","",,="3/9","<1","false","Swing"
"UL","Unilever PLC American Depositary Shares (each representing One Ordinary Share)","Staples","Household & Personal Products","65.15","62.71","Buy","Aug 25, 2026","Uptrend","Aug 20, 2026","4353310.4","42.06","5.23","-0.26","Moving Up","","",,="7/9","<1","false","Swing"
"USFD","US Foods Holding Corp. Common Stock","Staples","Food Distribution","108.89","92.43","Sell","Aug 25, 2026","Uptrend","Jul 27, 2026","2248095.9","220.36","3.72","-0.44","Moving Down","","",,="5/9","<1","false","Swing"
"UTZ","Utz Brands Inc Class A Common Stock ","Staples","Packaged Foods","14.25","63.29","Buy","Aug 25, 2026","Uptrend","Jul 21, 2026","5482611.67","-26.17","6.48","0.28","Moving Up","","",,="7/9","<1","false","Swing"
"VEEV","Veeva Systems Inc. Class A Common Stock","Health Care","Health Information Services","246.78","98.1","Sell","Aug 25, 2026","Uptrend","Jun 29, 2026","1606389.2","-131.29","0.11","-0.68","Moving Down","","",,="4/9","<1","false","Swing"
"VIAV","Viavi Solutions Inc. Common Stock","Technology","Communication Equipment","37.71","64.86","Sell","Aug 25, 2026","Downtrend","Aug 21, 2026","5022235.23","166.76","2.19","2.06","Moving Down","","",,="2/9","<1","false","Swing"
"WMG","Warner Music Group Corp. Class A Common Stock","Communication","Entertainment","28.06","55.88","Buy","Aug 25, 2026","Uptrend","Aug 24, 2026","2168989.2","-33.64","0.03","1.08","Moving Up","","",,="6/9","<1","false","Swing"
"WTTR","Select Water Solutions, Inc. Class A common stock","Energy","Oil & Gas Equipment & Services","18.97","66.55","Sell","Aug 25, 2026","Downtrend","Aug 25, 2026","1732108.47","-71.42","0.26","-1.25","Moving Down","","",,="2/9","<1","false","Swing"
"XP","XP Inc. Class A Common Stock","Financials","Capital Markets","17.8","58.1","Buy","Aug 25, 2026","Uptrend","Aug 24, 2026","4146583.4","12.44","8.72","4.28","Moving Up","","",,="4/9","<1","false","Swing"
"YPF","YPF Sociedad Anonima Common Stock","Energy","Oil & Gas Integrated","50.01","43.88","Buy","Aug 25, 2026","Uptrend","Aug 17, 2026","1089058.27","199.91","1.67","-2.48","Moving Up","","",,="5/9","<1","false","Swing"
"YUM","Yum! Brands, Inc.","Discretionary","Restaurants","156.27","42.78","Buy","Aug 25, 2026","Uptrend","Aug 24, 2026","2690399.7","-40.51","0.23","-0.69","Moving Up","","",,="5/9","<1","false","Swing"
"ZS","Zscaler, Inc. Common Stock","Technology","Software - Infrastructure","168.42","85.3","Sell","Aug 25, 2026","Uptrend","Jul 27, 2026","2129992.23","109.76","7.53","-4.34","Moving Down","","",,="3/9","<1","false","Swing"
"ADEA","Adeia Inc. Common Stock","Technology","Software - Application","27.13","47.91","Sell","Aug 24, 2026","Downtrend","Aug 21, 2026","1112287.6","44.53","0.25","3.23","Moving Down","","",,="2/9","<1","false","Swing"
"AES","The AES Corporation Common Stock","Utilities","Utilities - Diversified","14.73","58.29","Buy","Aug 24, 2026","Uptrend","Aug 21, 2026","6677546.8","72.9","13.57","-0.14","Moving Up","","",,="6/9","<1","false","Swing"
"AJG","Arthur J. Gallagher & Co. Common Stock","Financials","Insurance Brokers","268.51","81.45","Buy","Aug 24, 2026","Uptrend","Jun 23, 2026","1327499.3","194.77","2.38","-1.28","Moving Up","","",,="5/9","<1","false","Swing"
"ALC","Alcon Inc. Ordinary Shares","Health Care","Medical Instruments & Supplies","73.37","80.87","Sell","Aug 24, 2026","Uptrend","Jul 28, 2026","2021924.63","-25.4","1.2","-0.45","Moving Down","","",,="4/9","<1","false","Swing"
"AOS","A.O. Smith Corporation Common Stock","Industrials","Specialty Industrial Machinery","62.15","53.27","Buy","Aug 24, 2026","Uptrend","Aug 19, 2026","1537193.83","-30.53","0.18","-0.91","Moving Down","","",,="4/9","<1","false","Swing"
"APO","Apollo Global Management, Inc. (New) Common Stock","Financials","Asset Management","133.18","73.67","Sell","Aug 24, 2026","Uptrend","Aug 03, 2026","3741017.6","129.51","1.82","0.29","Moving Down","","",,="3/9","<1","false","Swing"
"ARE","Alexandria Real Estate Equities, Inc. Common Stock","Real Estate","REIT - Office","52.9","65","Buy","Aug 24, 2026","Uptrend","Aug 21, 2026","1939121.23","74.06","6.66","-2.11","Moving Up","","",,="6/9","<1","false","Swing"
"AVAV","AeroVironment, Inc. Common Stock","Industrials","Aerospace & Defense","147.42","65.2","Sell","Aug 24, 2026","Downtrend","Aug 24, 2026","1267975.5","188.81","4.23","-0.53","Moving Down","","",,="2/9","<1","false","Swing"
"BAH","Booz Allen Hamilton Holding Corporation Common Stock","Industrials","Consulting Services","73.83","81.65","Sell","Aug 24, 2026","Uptrend","Jul 31, 2026","2042456.3","-92.39","0.01","-1.85","Moving Down","","",,="3/9","<1","false","Swing"
"BBIO","BridgeBio Pharma, Inc. Common Stock","Health Care","Biotechnology","80.4","46.04","Sell","Aug 24, 2026","Neutral","Aug 25, 2026","2107725.37","17.04","0.88","-0.83","Moving Down","","",,="3/9","<1","false","Swing"
"BEAM","Beam Therapeutics Inc. Common Stock","Health Care","Biotechnology","31.03","57.51","Buy","Aug 24, 2026","Uptrend","Aug 25, 2026","1850219.87","-108.31","0.23","9.53","Moving Up","","",,="6/9","<1","false","Swing"
"BEKE","KE Holdings Inc American Depositary Shares (each representing three Class A Ordinary Shares)","Real Estate","Real Estate Services","18.01","64.94","Buy","Aug 24, 2026","Uptrend","Jul 27, 2026","3470706.47","36.43","7.97","1.69","Moving Up","","",,="7/9","<1","false","Swing"
"BGC","BGC Group, Inc. Class A Common Stock","Financials","Capital Markets","11.8","52.47","Buy","Aug 24, 2026","Uptrend","Aug 21, 2026","2626310.67","-172.19","0.13","-1.26","Moving Up","","",,="4/9","<1","false","Swing"
"BL","BlackLine, Inc. Common Stock","Technology","Software - Application","31.63","60.86","Buy","Aug 24, 2026","Uptrend","Aug 18, 2026","1026108.33","-74.99","3.57","-1.09","Moving Up","","",,="4/9","<1","false","Swing"
"BNY","The Bank of New York Mellon Corporation Common Stock","Financials","Banks - Diversified","163.65","81.02","Sell","Aug 24, 2026","Uptrend","Apr 01, 2026","2916036.03","120.64","0.9","0.93","Moving Down","","",,="3/9","<1","false","Swing"
"CELC","Celcuity Inc. Common Stock","Health Care","Biotechnology","92.27","30.21","Buy","Aug 24, 2026","Neutral","Aug 21, 2026","1309522.83","63.69","0.41","1.63","Moving Up","","",,="5/9","<1","false","Swing"
"CIEN","Ciena Corporation Common Stock","Technology","Communication Equipment","387.66","59.52","Sell","Aug 24, 2026","Downtrend","Aug 21, 2026","2107516.77","453.07","1.54","4.22","Moving Down","","",,="2/9","<1","false","Swing"
"CLX","Clorox Company (The) Common Stock","Staples","Household & Personal Products","104.93","78.49","Sell","Aug 24, 2026","Uptrend","Aug 03, 2026","2503500.53","-68.83","1.32","-2.09","Moving Down","","",,="4/9","<1","false","Swing"
"CME","CME Group Inc. Class A Common Stock","Financials","Financial Data & Stock Exchanges","277.32","83.52","Buy","Aug 24, 2026","Uptrend","Jul 24, 2026","2152239.43","5.85","0.37","-0.66","Moving Up","","",,="5/9","<1","false","Swing"
"CMG","Chipotle Mexican Grill, Inc. Common Stock","Discretionary","Restaurants","37.43","54.28","Buy","Aug 24, 2026","Uptrend","Aug 20, 2026","18586260.43","79.12","1.98","-1.55","Moving Up","","",,="4/9","<1","false","Swing"
"CNH","CNH Industrial N.V. Common Shares","Industrials","Farm & Heavy Construction Machinery","11.56","66.77","Buy","Aug 24, 2026","Uptrend","Aug 21, 2026","15403579.3","-59.34","0.01","-1.7","Moving Up","","",,="5/9","<1","false","Swing"
"CWEN","Clearway Energy, Inc. Class C Common Stock","Utilities","Utilities - Renewable","32.49","50.78","Sell","Aug 24, 2026","Downtrend","Aug 21, 2026","1146452.3","102.85","5.66","0.65","Moving Down","","",,="3/9","<1","false","Swing"
"DASH","DoorDash, Inc. Class A Common Stock","Discretionary","Internet Retail","233.5","89.27","Buy","Aug 24, 2026","Uptrend","Jul 28, 2026","4126895.5","194.98","3.6","1.94","Moving Up","","",,="4/9","<1","false","Swing"
"DLR","Digital Realty Trust, Inc. Common Stock","Real Estate","REIT - Specialty","192.32","72.42","Sell","Aug 24, 2026","Uptrend","Aug 25, 2026","2512035.73","-35.35","0.26","2","Moving Down","","",,="5/9","<1","false","Swing"
"DYN","Dyne Therapeutics, Inc. Common Stock","Health Care","Biotechnology","26.34","62.72","Buy","Aug 24, 2026","Uptrend","Jun 15, 2026","2297076.57","220.28","4.65","1.35","Moving Up","","",,="6/9","<1","false","Swing"
"EPD","Enterprise Products Partners L.P. Common Stock","Energy","Oil & Gas Midstream","38.27","74.15","Sell","Aug 24, 2026","Uptrend","Aug 14, 2026","3195801.43","-15.44","0.32","-0.23","Moving Down","","Positive",,="3/9","<1","false","Swing"
"ETN","Eaton Corporation, PLC Ordinary Shares","Industrials","Specialty Industrial Machinery","409.2","61.95","Sell","Aug 24, 2026","Downtrend","Aug 25, 2026","2188028.87","128.06","0.85","0.13","Moving Down","","",,="2/9","<1","false","Swing"
"FIVE","Five Below, Inc. Common Stock","Discretionary","Specialty Retail","259.41","78.52","Buy","Aug 24, 2026","Uptrend","Jul 17, 2026","1024842.5","155.35","4.31","-1.26","Moving Up","","",,="5/9","<1","false","Swing"
"GBDC","Golub Capital BDC, Inc. Common Stock","Financials","Asset Management","13.11","79.06","Sell","Aug 24, 2026","Uptrend","Aug 06, 2026","1076678.43","-10.61","4.85","-0.98","Moving Down","","",,="3/9","<1","false","Swing"
"GLW","Corning Incorporated Common Stock","Technology","Electronic Components","147.16","42.18","Sell","Aug 24, 2026","Downtrend","Aug 19, 2026","12442075.2","224.82","1.54","1.11","Moving Up","","",,="3/9","<1","false","Swing"
"GSK","GSK plc American Depositary Shares (Each representing two Ordinary Shares)","Health Care","Drug Manufacturers - General","52.07","41.5","Buy","Aug 24, 2026","Uptrend","Aug 21, 2026","4173379.3","31.65","7.62","0.56","Moving Up","","",,="6/9","<1","false","Swing"
"HAS","Hasbro, Inc. Common Stock","Discretionary","Leisure","96.74","76.25","Sell","Aug 24, 2026","Uptrend","Jul 21, 2026","2050118.63","-30.96","0.39","1.39","Moving Down","","",,="2/9","<1","false","Swing"
"HCA","HCA Healthcare, Inc. Common Stock","Health Care","Medical Care Facilities","428.76","52.73","Buy","Aug 24, 2026","Uptrend","Jul 31, 2026","1422331.47","104.18","1.45","-0.11","Moving Up","","",,="5/9","<1","false","Swing"
"HIMS","Hims & Hers Health, Inc. Class A Common Stock","Health Care","Drug Manufacturers - Specialty & Generic","31.75","49.88","Buy","Aug 24, 2026","Uptrend","Aug 21, 2026","14432100.73","971.95","7.72","2.16","Moving Up","","",,="6/9","<1","false","Swing"
"HLF","Herbalife Ltd. Common Shares","Staples","Packaged Foods","12.92","50.14","Buy","Aug 24, 2026","Uptrend","Aug 21, 2026","1455020.7","-37.05","7.4","2.7","Moving Up","","",,="7/9","<1","false","Swing"
"HOOD","Robinhood Markets, Inc. Class A Common Stock","Financials","Capital Markets","112.09","54.27","Buy","Aug 24, 2026","Uptrend","Aug 21, 2026","19940425.37","806.22","2.4","8.17","Moving Up","","",,="4/9","<1","false","Swing"
"HPQ","HP Inc. Common Stock","Technology","Computer Hardware","29.52","86.89","Sell","Aug 24, 2026","Uptrend","Jul 13, 2026","13838645.03","-91","0.13","3.29","Moving Down","","",,="3/9","<1","false","Swing"
"ICE","Intercontinental Exchange Inc. Common Stock","Financials","Financial Data & Stock Exchanges","161.78","85.69","Buy","Aug 24, 2026","Uptrend","Jul 22, 2026","3822577.53","97.85","3.49","-0.74","Moving Up","","",,="4/9","<1","false","Swing"
"ILMN","Illumina, Inc. Common Stock","Health Care","Diagnostics & Research","224.99","75.57","Buy","Aug 24, 2026","Uptrend","May 01, 2026","1901810.63","-0.41","244.02","0.79","Moving Up","","",,="5/9","<1","false","Swing"
"IMAX","Imax Corporation Common Stock","Communication","Entertainment","53.9","93.74","Sell","Aug 24, 2026","Uptrend","Jul 23, 2026","1571452.53","215.48","3.94","-1.62","Moving Down","","Positive",,="4/9","<1","false","Swing"
"IOT","Samsara Inc. Class A Common Stock","Technology","Software - Infrastructure","39.14","85.21","Buy","Aug 24, 2026","Uptrend","Jul 27, 2026","5148518.73","18.29","1104.55","-2.95","Moving Up","","",,="5/9","<1","false","Swing"
"IRM","Iron Mountain Incorporated (Delaware)Common Stock REIT","Real Estate","REIT - Specialty","120.9","47.34","Sell","Aug 24, 2026","Downtrend","Aug 21, 2026","1718821.63","158.6","1.11","-0.24","Moving Down","","",,="4/9","<1","false","Swing"
"JHX","James Hardie Industries plc. Ordinary Shares","Materials","Building Materials","30.34","79.03","Sell","Aug 24, 2026","Uptrend","May 27, 2026","6880333.17","-92.52","0.14","0.46","Moving Down","","",,="4/9","<1","false","Swing"
"KMI","Kinder Morgan, Inc. Common Stock","Energy","Oil & Gas Midstream","30.94","44.05","Sell","Aug 24, 2026","Downtrend","Aug 21, 2026","10209746.83","59.82","1.63","-0.19","Moving Down","","",,="2/9","<1","false","Swing"
"KMX","CarMax Inc","Discretionary","Auto & Truck Dealerships","64.22","80.68","Buy","Aug 24, 2026","Uptrend","May 27, 2026","2329799.67","13.69","4.54","2.26","Moving Up","","",,="5/9","<1","false","Swing"
"LBTYA","Liberty Global Ltd. Class A Common Shares","Communication","Telecom Services","10.79","51.45","Buy","Aug 24, 2026","Neutral","Aug 21, 2026","2433548.93","-52.63","3.24","0.65","Moving Up","","",,="4/9","<1","false","Swing"
"LBTYK","Liberty Global Ltd. Class C Common Shares","Communication","Telecom Services","10.51","53.88","Buy","Aug 24, 2026","Uptrend","Aug 25, 2026","1416636.67","-63.04","2.85","0.19","Moving Up","","",,="6/9","<1","false","Swing"
"LYV","Live Nation Entertainment, Inc. Common Stock","Communication","Entertainment","186.77","68.09","Sell","Aug 24, 2026","Uptrend","Aug 03, 2026","1896141.23","7.67","0.12","1.18","Moving Up","","",,="5/9","<1","false","Swing"
"MDB","MongoDB, Inc. Class A Common Stock","Technology","Software - Infrastructure","404.92","67.28","Sell","Aug 24, 2026","Uptrend","Aug 03, 2026","1390391.57","-39.85","0.28","0.55","Moving Down","","",,="3/9","<1","false","Swing"
"NEOG","Neogen Corporation Common Stock","Health Care","Medical Devices","11.64","77.94","Sell","Aug 24, 2026","Uptrend","Jul 30, 2026","2046949.73","-21.63","9.44","0.34","Moving Down","","",,="4/9","<1","false","Swing"
"NOMD","Nomad Foods Limited Ordinary Shares","Staples","Packaged Foods","11.89","70.26","Buy","Aug 24, 2026","Uptrend","Aug 21, 2026","1787319.57","-11.25","17.21","-1.74","Moving Up","","",,="7/9","<1","false","Swing"
"NSC","Norfolk Southern Corporation Common Stock","Industrials","Railroads","351.24","72.53","Buy","Aug 24, 2026","Uptrend","Jun 29, 2026","1126701.3","126.98","3.79","-0.49","Moving Up","","",,="5/9","<1","false","Swing"
"NVDA","NVIDIA Corporation Common Stock","Technology","Semiconductors","213.05","53.28","Sell","Aug 24, 2026","Uptrend","Aug 25, 2026","116586830.7","50.82","0.03","2.19","Moving Down","","Positive","true",="3/9","<1","false","Swing"
"PANW","Palo Alto Networks, Inc. Common Stock","Technology","Software - Infrastructure","339.9","78.38","Sell","Aug 24, 2026","Uptrend","Apr 16, 2026","5685199.27","-22.68","0.37","-3.13","Moving Down","","",,="3/9","<1","false","Swing"
"PCOR","Procore Technologies, Inc. Common Stock","Technology","Software - Application","60.61","84.12","Buy","Aug 24, 2026","Uptrend","Jul 27, 2026","3658385.63","-68.91","0.4","-2.38","Moving Up","","",,="5/9","<1","false","Swing"
"PGR","Progressive Corporation (The) Common Stock","Financials","Insurance - Property & Casualty","222.09","42.68","Buy","Aug 24, 2026","Uptrend","Aug 21, 2026","2779363.4","163.75","2.05","-0.82","Moving Up","","",,="5/9","<1","false","Swing"
"PGY","Pagaya Technologies Ltd. Class A Ordinary Shares","Technology","Software - Infrastructure","22.26","64.3","Buy","Aug 24, 2026","Uptrend","Jul 30, 2026","2832416.67","138.8","6.34","2.02","Moving Up","","",,="5/9","<1","false","Swing"
"RELY","Remitly Global, Inc. Common Stock","Technology","Software - Infrastructure","26.22","77.31","Buy","Aug 24, 2026","Uptrend","Jun 24, 2026","3085210.33","12.79","1.5","-1.39","Moving Up","","",,="4/9","<1","false","Swing"
"RTX","RTX Corporation Common Stock","Industrials","Aerospace & Defense","210.28","81.06","Sell","Aug 24, 2026","Uptrend","Jun 23, 2026","4866741.67","115.5","1.37","0.51","Moving Down","","Positive",,="3/9","<1","false","Swing"
"RYAN","Ryan Specialty Holdings, Inc. Class A Common Stock","Financials","Insurance - Specialty","43.93","83.86","Buy","Aug 24, 2026","Uptrend","Aug 20, 2026","1887345.23","-24.96","0.99","-0.92","Moving Up","","",,="5/9","<1","false","Swing"
"SBLK","Star Bulk Carriers Corp. Common Shares","Industrials","Marine Shipping","31.11","71.87","Buy","Aug 24, 2026","Uptrend","Jul 21, 2026","1429027.73","240.9","2.12","1.34","Moving Up","","Positive",,="4/9","<1","false","Swing"
"SCHW","Charles Schwab Corporation (The) Common Stock","Financials","Capital Markets","112.27","80.4","Sell","Aug 24, 2026","Uptrend","Jun 30, 2026","7378518.27","128.98","2.48","-1.21","Moving Down","","",,="3/9","<1","false","Swing"
"SHOP","Shopify Inc. Class A Subordinate Voting Shares","Technology","Software - Application","153.88","87.93","Sell","Aug 24, 2026","Uptrend","Aug 04, 2026","9717008.03","-48.74","0.15","2.72","Moving Down","","",,="3/9","<1","false","Swing"
"SMTC","Semtech Corporation Common Stock","Technology","Semiconductors","127.52","62.23","Sell","Aug 24, 2026","Downtrend","Aug 21, 2026","2481892.13","175.16","3.93","5.47","Moving Up","","Positive",,="3/9","<1","false","Swing"
"SNPS","Synopsys, Inc. Common Stock","Technology","Software - Infrastructure","408.79","54.81","Sell","Aug 24, 2026","Downtrend","Aug 20, 2026","1802705.13","177.05","2.64","3.62","Moving Up","","",,="3/9","<1","false","Swing"
"SPGI","S&P Global Inc. Common Stock","Financials","Financial Data & Stock Exchanges","432.99","48.54","Buy","Aug 24, 2026","Uptrend","Aug 20, 2026","1948449.63","136.63","6.02","-0.56","Moving Up","","",,="5/9","<1","false","Swing"
"SUI","Sun Communities, Inc. Common Stock","Real Estate","REIT - Residential","125.94","57.91","Buy","Aug 24, 2026","Uptrend","Aug 24, 2026","2214924.83","-32.79","1.02","2.03","Moving Up","","",,="6/9","<1","false","Swing"
"SYF","Synchrony Financial Common Stock","Financials","Credit Services","80.77","70.69","Sell","Aug 24, 2026","Uptrend","Jul 28, 2026","3455131.23","174.66","3.96","0.94","Moving Up","","",,="3/9","<1","false","Swing"
"TGT","Target Corporation Common Stock","Staples","Discount Stores","163.47","85.91","Buy","Aug 24, 2026","Uptrend","Jul 08, 2026","4234603.7","49.69","4.73","-3.78","Moving Up","","Negative",,="7/9","<1","false","Swing"
"TNDM","Tandem Diabetes Care, Inc. Common Stock","Health Care","Medical Devices","21.58","85.05","Sell","Aug 24, 2026","Uptrend","Jul 17, 2026","2034872","-53.73","3.81","-2.88","Moving Down","","",,="4/9","<1","false","Swing"
"TOST","Toast, Inc. Class A Common Stock","Technology","Software - Infrastructure","36.8","91.8","Buy","Aug 24, 2026","Uptrend","Jun 25, 2026","9542485.7","157","3.92","0.25","Moving Up","","",,="4/9","<1","false","Swing"
"TSLA","Tesla, Inc. Common Stock","Discretionary","Auto Manufacturers","350.25","42.84","Buy","Aug 24, 2026","Neutral","Aug 24, 2026","37474758.97","1342.08","7.55","0.37","Moving Up","","","true",="4/9","<1","false","Swing"
"TTEK","Tetra Tech, Inc. Common Stock","Industrials","Engineering & Construction","36.79","85.67","Sell","Aug 24, 2026","Uptrend","Jul 01, 2026","2993459.33","37.34","0.91","-0.19","Moving Down","","",,="3/9","<1","false","Swing"
"VREX","Varex Imaging Corporation Common Stock","Health Care","Medical Devices","18.5","94.11","Sell","Aug 24, 2026","Uptrend","Jul 23, 2026","1081017.3","7.71","5.2","-0.11","Moving Down","","",,="4/9","<1","false","Swing"
"WMB","Williams Companies, Inc. (The) Common Stock","Energy","Oil & Gas Midstream","71.08","41.75","Sell","Aug 24, 2026","Downtrend","Aug 21, 2026","6359229.47","4.27","0.04","0.15","Moving Down","","",,="2/9","<1","false","Swing"
"WYNN","Wynn Resorts, Limited Common stock","Discretionary","Resorts & Casinos","98.74","65.52","Sell","Aug 24, 2026","Downtrend","Aug 25, 2026","1492435.93","-1.05","98.52","-0.67","Moving Down","","",,="2/9","<1","false","Swing"
"ZTS","Zoetis Inc. Class A Common Stock","Health Care","Drug Manufacturers - Specialty & Generic","77.29","61.63","Buy","Aug 24, 2026","Neutral","Aug 24, 2026","6340699.03","-59.29","2","0.16","Moving Up","","",,="4/9","<1","false","Swing"
"ADI","Analog Devices, Inc. Common Stock","Technology","Semiconductors","373.66","57.74","Sell","Aug 21, 2026","Downtrend","Aug 19, 2026","3844615.4","154.31","2.01","0.67","Moving Up","","",,="3/9","<1","false","Swing"
"AMH","American Homes 4 Rent Common Shares of Beneficial Interest","Real Estate","REIT - Residential","34.56","75.01","Buy","Aug 21, 2026","Uptrend","Jun 23, 2026","2077953.47","-74.35","0.1","-0.72","Moving Up","","",,="7/9","<1","false","Swing"
"ANET","Arista Networks, Inc. Common Stock","Technology","Computer Hardware","190.94","63.99","Sell","Aug 21, 2026","Uptrend","Jul 31, 2026","7310026.7","-448.01","0.28","1.48","Moving Down","","",,="3/9","<1","false","Swing"
"ARES","Ares Management Corporation Class A Common Stock","Financials","Asset Management","142.76","79.36","Sell","Aug 21, 2026","Uptrend","Jul 24, 2026","2232967.33","82.14","0.68","1.96","Moving Down","","",,="3/9","<1","false","Swing"
"AVT","Avnet, Inc. Common Stock","Technology","Electronics & Computer Distribution","87.57","73.61","Sell","Aug 21, 2026","Downtrend","Aug 24, 2026","1184875.53","67.04","1.63","1.52","Moving Down","","",,="2/9","<1","false","Swing"
"BF/B","Brown Forman Inc Class B Common Stock","Staples","Beverages - Wineries & Distilleries","28.18","80.41","Buy","Aug 21, 2026","Uptrend","Aug 19, 2026","2155326.43","-22.16","6.13","-1.98","Moving Down","","",,="5/9","<1","false","Swing"
"BKNG","Booking Holdings Inc. Common Stock","Discretionary","Travel Services","213.78","84.16","Sell","Aug 21, 2026","Uptrend","Jul 24, 2026","5624525.8","40.26","0.68","0.2","Moving Down","","",,="2/9","<1","false","Swing"
"BLMN","Bloomin' Brands, Inc. Common Stock","Discretionary","Restaurants","11.04","91.01","Sell","Aug 21, 2026","Uptrend","Jul 27, 2026","2016486.37","-64.19","2.64","-3.5","Moving Down","","",,="3/9","<1","false","Swing"
"BSX","Boston Scientific Corporation Common Stock","Health Care","Medical Devices","49.86","63.1","Sell","Aug 21, 2026","Uptrend","Aug 06, 2026","19479130.8","-54.5","0.05","1.73","Moving Down","","",,="4/9","<1","false","Swing"
"BX","Blackstone Inc. Common Stock","Financials","Asset Management","143.41","80.11","Sell","Aug 21, 2026","Uptrend","Jul 09, 2026","4552616.27","134.64","2.22","-0.16","Moving Down","","",,="3/9","<1","false","Swing"
"C","Citigroup, Inc. Common Stock","Financials","Banks - Diversified","133.25","53.33","Sell","Aug 21, 2026","Downtrend","Aug 20, 2026","9665055.57","97.93","3.91","1.16","Moving Down","","",,="2/9","<1","false","Swing"
"CE","Celanese Corporation Common Stock","Materials","Chemicals","44.52","51.8","Buy","Aug 21, 2026","Downtrend","Aug 25, 2026","1840108.17","-22.78","9.3","-1.63","Moving Up","","",,="5/9","<1","false","Swing"
"CFG","Citizens Financial Group, Inc. Common Stock","Financials","Banks - Regional","69.83","57.8","Sell","Aug 21, 2026","Downtrend","Aug 21, 2026","3454557.07","112.36","4.13","-0.57","Moving Down","","",,="2/9","<1","false","Swing"
"CHWY","Chewy, Inc. Class A Common Stock","Discretionary","Internet Retail","24.69","66.15","Buy","Aug 21, 2026","Uptrend","Jul 27, 2026","6859044.13","-42.15","7.41","0.78","Moving Up","","",,="5/9","<1","false","Swing"
"CNC","Centene Corporation Common Stock","Health Care","Healthcare Plans","65","74.46","Sell","Aug 21, 2026","Uptrend","Aug 10, 2026","4631791.8","5.44","3.3","-0.99","Moving Down","","Negative",,="3/9","<1","false","Swing"
"COF","Capital One Financial Corporation Common Stock","Financials","Credit Services","216.24","73.73","Sell","Aug 21, 2026","Uptrend","Jul 09, 2026","3636945.67","69.45","1.65","-0.01","Moving Down","","",,="3/9","<1","false","Swing"
"COHR","Coherent Corp. Common Stock","Technology","Scientific & Technical Instruments","288.14","43.92","Sell","Aug 21, 2026","Downtrend","Aug 20, 2026","6550733.83","-226.24","0.27","4.59","Moving Down","","Positive",,="2/9","<1","false","Swing"
"COIN","Coinbase Global, Inc. Class A Common Stock","Financials","Financial Data & Stock Exchanges","187.16","73.36","Buy","Aug 21, 2026","Uptrend","Aug 20, 2026","8905495.23","19.26","15.22","4.28","Moving Up","","",,="5/9","<1","false","Swing"
"COLB","Columbia Banking System, Inc. Common Stock","Financials","Banks - Regional","30.53","51.39","Sell","Aug 21, 2026","Downtrend","Aug 20, 2026","3009801.57","37.03","8.14","-0.36","Moving Down","","",,="2/9","<1","false","Swing"
"COLD","Americold Realty Trust, Inc. Common Stock","Real Estate","REIT - Industrial","15.49","75.12","Buy","Aug 21, 2026","Uptrend","Aug 20, 2026","3726282.6","-23.07","8.36","2.51","Moving Up","","",,="6/9","<1","false","Swing"
"DB","Deutsche Bank AG Common Stock","Financials","Banks - Regional","39.04","55.67","Sell","Aug 21, 2026","Uptrend","Jul 24, 2026","1772286.7","187.03","1.23","1.61","Moving Down","","",,="2/9","<1","false","Swing"
"DD","DuPont de Nemours, Inc. Common Stock","Materials","Specialty Chemicals","136.04","52.47","Sell","Aug 21, 2026","Downtrend","Aug 21, 2026","1495455.13","89.6","2.51","-0.46","Moving Down","","",,="3/9","<1","false","Swing"
"DELL","Dell Technologies Inc. Class C Common Stock ","Technology","Computer Hardware","451.5","58.1","Sell","Aug 21, 2026","Uptrend","Aug 04, 2026","5816140.2","119.87","0.46","4.23","Moving Down","","Positive","true",="3/9","<1","false","Swing"
"DNLI","Denali Therapeutics Inc. Common Stock","Health Care","Biotechnology","24.93","64.66","Buy","Aug 21, 2026","Uptrend","Aug 06, 2026","1382963.63","-78.66","0.1","3.02","Moving Up","","",,="6/9","<1","false","Swing"
"DNOW","DNOW Inc. Common Stock","Industrials","Industrial Distribution","15.76","84.73","Sell","Aug 21, 2026","Uptrend","Jul 30, 2026","2592199.77","-99.52","0.1","1.87","Moving Down","","",,="3/9","<1","false","Swing"
"EQH","Equitable Holdings, Inc. Common Stock","Financials","Asset Management","48.91","69.6","Sell","Aug 21, 2026","Uptrend","Jun 11, 2026","2729247","-51.7","0.17","-0.24","Moving Down","","",,="3/9","<1","false","Swing"
"EXE","Expand Energy Corporation Common Stock","Energy","Oil & Gas E&P","94.66","65.77","Buy","Aug 21, 2026","Uptrend","Aug 06, 2026","3232216.27","-20.96","0.18","-1.73","Moving Down","","",,="4/9","<1","false","Swing"
"FCEL","FuelCell Energy, Inc. Common Stock","Industrials","Electrical Equipment & Parts","19.29","58.96","Sell","Aug 21, 2026","Downtrend","Aug 19, 2026","8861756.47","-44.73","5.45","2.88","Moving Down","","",,="2/9","<1","false","Swing"
"FIBK","First Interstate BancSystem, Inc. Common Stock (DE)","Financials","Banks - Regional","37.06","55.44","Sell","Aug 21, 2026","Downtrend","Aug 20, 2026","1186268.73","-29.22","0.34","-0.48","Moving Down","","",,="2/9","<1","false","Swing"
"GIL","Gildan Activewear, Inc. Class A Sub. Vot. Common Stock","Discretionary","Apparel Manufacturing","54.59","76.91","Sell","Aug 21, 2026","Neutral","Aug 24, 2026","1353232.77","91.01","3.14","-0.66","Moving Down","","",,="2/9","<1","false","Swing"
"GPC","Genuine Parts Company Common Stock","Discretionary","Auto Parts","137.95","92.29","Sell","Aug 21, 2026","Uptrend","Jun 12, 2026","1400156.37","-18.08","0.27","1.67","Moving Down","","",,="3/9","<1","false","Swing"
"HBAN","Huntington Bancshares Incorporated Common Stock","Financials","Banks - Regional","16.95","49.33","Sell","Aug 21, 2026","Downtrend","Aug 20, 2026","25181605.07","49.62","6.57","-0.53","Moving Down","","",,="2/9","<1","false","Swing"
"HPE","Hewlett Packard Enterprise Company Common Stock","Technology","Communication Equipment","53.44","76.07","Sell","Aug 21, 2026","Uptrend","Jul 09, 2026","15724236.23","398.22","2.56","1.93","Moving Down","","",,="3/9","<1","false","Swing"
"HSIC","Henry Schein, Inc. Common Stock","Health Care","Medical Distribution","89.65","72.32","Sell","Aug 21, 2026","Uptrend","May 27, 2026","1241379.33","-37.79","0.15","0.16","Moving Down","","",,="3/9","<1","false","Swing"
"HTGC","Hercules Capital, Inc. Common Stock","Financials","Asset Management","17.59","85.96","Buy","Aug 21, 2026","Uptrend","Jul 27, 2026","1625201.8","249.53","6.71","0.51","Moving Up","","",,="5/9","<1","false","Swing"
"INCY","Incyte Corp. Common Stock","Health Care","Biotechnology","129.72","68.63","Buy","Aug 21, 2026","Uptrend","Jun 22, 2026","1699381.43","53.35","3.23","1.36","Moving Up","","",,="6/9","<1","false","Swing"
"INVH","Invitation Homes Inc. Common Stock","Real Estate","REIT - Residential","30.21","74.24","Buy","Aug 21, 2026","Uptrend","Aug 19, 2026","3734767.7","-49.46","1.78","-0.82","Moving Up","","",,="7/9","<1","false","Swing"
"IONS","Ionis Pharmaceuticals, Inc. Common Stock","Health Care","Biotechnology","63.57","27.54","Buy","Aug 21, 2026","Uptrend","Aug 25, 2026","2810075.67","-43.73","0.03","2.47","Moving Up","","",,="6/9","<1","false","Swing"
"IVZ","Invesco Ltd Common Stock","Financials","Asset Management","32.72","79.03","Sell","Aug 21, 2026","Uptrend","Jul 30, 2026","4751949.17","115.78","3.56","0.83","Moving Down","","",,="3/9","<1","false","Swing"
"JBL","Jabil Inc. Common Stock","Technology","Electronic Components","308.68","71.54","Sell","Aug 21, 2026","Downtrend","Aug 21, 2026","1037220.73","234.5","0.94","1.24","Moving Down","","",,="2/9","<1","false","Swing"
"JCI","Johnson Controls International plc Ordinary Share","Industrials","Building Products & Equipment","141.82","62.79","Sell","Aug 21, 2026","Downtrend","Aug 21, 2026","3313329.77","222.15","2.31","-0.82","Moving Down","","",,="2/9","<1","false","Swing"
"KDP","Keurig Dr Pepper Inc. Common Stock","Staples","Beverages - Non-Alcoholic","31.84","73.26","Buy","Aug 21, 2026","Uptrend","Aug 20, 2026","11703761.23","-103.17","0.07","-2.06","Moving Up","","",,="7/9","<1","false","Swing"
"KEYS","Keysight Technologies Inc. Common Stock","Technology","Scientific & Technical Instruments","320.12","53.01","Sell","Aug 21, 2026","Downtrend","Aug 21, 2026","1331156.7","31.45","0.38","3.05","Moving Down","","",,="2/9","<1","false","Swing"
"KKR","KKR & Co. Inc. Common Stock","Financials","Asset Management","107.58","69.18","Sell","Aug 21, 2026","Uptrend","Jul 24, 2026","4597526.3","218.86","2.11","0.24","Moving Down","","",,="3/9","<1","false","Swing"
"LAZ","Lazard, Inc. Common Stock","Financials","Capital Markets","43.79","69.57","Sell","Aug 21, 2026","Uptrend","Aug 21, 2026","1631386.3","-98.54","0.04","-0.64","Moving Down","","",,="3/9","<1","false","Swing"
"LMT","Lockheed Martin Corporation Common Stock","Industrials","Aerospace & Defense","556.52","68.13","Sell","Aug 21, 2026","Neutral","Aug 25, 2026","1175720.83","-9.46","0.26","-1.35","Moving Down","","",,="2/9","<1","false","Swing"
"LUNR","Intuitive Machines, Inc. Class A Common Stock","Industrials","Aerospace & Defense","16.6","43.22","Sell","Aug 21, 2026","Neutral","Aug 20, 2026","10240940.5","-128.85","0.21","-0.36","Moving Down","","",,="2/9","<1","false","Swing"
"MFG","Mizuho Financial Group, Inc. Sponosred ADR (Japan)","Financials","Banks - Regional","10.41","64.92","Sell","Aug 21, 2026","Neutral","Aug 24, 2026","3432036.8","76.05","0.83","1.76","Moving Down","","",,="2/9","<1","false","Swing"
"MNDY","monday.com Ltd. Ordinary Shares","Technology","Software - Application","93.23","86.22","Buy","Aug 21, 2026","Uptrend","Jul 28, 2026","1631095.23","25.4","6.11","-1.08","Moving Up","","",,="4/9","<1","false","Swing"
"MP","MP Materials Corp. Common Stock","Materials","Other Industrial Metals & Mining","60.17","43.77","Sell","Aug 21, 2026","Uptrend","Aug 10, 2026","6824823.83","62.93","2.09","4.79","Moving Down","","",,="3/9","<1","false","Swing"
"MS","Morgan Stanley Common Stock","Financials","Capital Markets","216.77","54.7","Sell","Aug 21, 2026","Neutral","Aug 21, 2026","5153578.7","169.68","1.33","1.26","Moving Down","","",,="1/9","<1","false","Swing"
"MSFT","Microsoft Corporation Common Stock","Technology","Software - Infrastructure","491.71","91.39","Sell","Aug 21, 2026","Uptrend","Jul 30, 2026","33023920.07","117.01","1.47","0.9","Moving Down","","Positive","true",="2/9","<1","false","Swing"
"MSTR","Strategy Inc Common Stock Class A","Technology","Software - Application","126.83","47.53","Buy","Aug 21, 2026","Uptrend","Aug 20, 2026","19963323.9","2425.19","9.31","3.42","Moving Up","","",,="5/9","<1","false","Swing"
"MTCH","Match Group, Inc. Common Stock","Communication","Internet Content & Information","42.18","76.77","Buy","Aug 21, 2026","Uptrend","Aug 20, 2026","3044551.03","-49.53","6.67","1.08","Moving Up","","",,="6/9","<1","false","Swing"
"MTSI","MACOM Technology Solutions Holdings, Inc. Common Stock","Technology","Semiconductors","266.27","63.42","Sell","Aug 21, 2026","Downtrend","Aug 20, 2026","1446216.7","235.75","0.67","3.43","Moving Down","","",,="2/9","<1","false","Swing"
"MXL","MaxLinear, Inc. Common Stock","Technology","Semiconductors","66.36","54.45","Sell","Aug 21, 2026","Downtrend","Aug 18, 2026","3408015.97","294.38","5.29","5.7","Moving Down","","",,="2/9","<1","false","Swing"
"NVS","Novartis AG Common Stock","Health Care","Drug Manufacturers - General","159.98","54.96","Buy","Aug 21, 2026","Uptrend","Aug 19, 2026","1630755.13","1.82","0.06","1.24","Moving Up","","",,="6/9","<1","false","Swing"
"PAGP","Plains GP Holdings, L.P. Class A Units representing Limited Partner Interests","Energy","Oil & Gas Midstream","27.16","66.19","Buy","Aug 21, 2026","Uptrend","Aug 17, 2026","1525136.47","56.93","0.89","-0.4","Moving Up","","",,="5/9","<1","false","Swing"
"PD","PagerDuty, Inc. Common Stock","Technology","Software - Application","12.25","83.82","Sell","Aug 21, 2026","Uptrend","Jul 28, 2026","1297588.23","-160.94","1.51","-1.21","Moving Down","","",,="3/9","<1","false","Swing"
"PENG","Penguin Solutions, Inc. Common Stock","Technology","Information Technology Services","50.38","61.17","Sell","Aug 21, 2026","Downtrend","Aug 19, 2026","2605006.43","-266.11","0.11","-0.59","Moving Down","","",,="2/9","<1","false","Swing"
"PK","Park Hotels & Resorts Inc. Common Stock ","Real Estate","REIT - Hotel & Motel","16.17","78.41","Buy","Aug 21, 2026","Uptrend","Aug 12, 2026","4018568.5","-113.84","0.43","1.95","Moving Up","","",,="6/9","<1","false","Swing"
"RITM","Rithm Capital Corp. Common Stock","Real Estate","REIT - Mortgage","10.17","77.87","Sell","Aug 21, 2026","Uptrend","Jul 28, 2026","5597512.7","-14.6","6.92","-0.78","Moving Down","","",,="5/9","<1","false","Swing"
"ROKU","Roku, Inc. Class A Common Stock","Communication","Entertainment","159.76","56.11","Sell","Aug 21, 2026","Uptrend","Jun 12, 2026","2352301.87","-22.22","8.58","1","Moving Down","","",,="3/9","<1","false","Swing"
"SCCO","Southern Copper Corporation Common Stock","Materials","Copper","219.7","66.89","Buy","Aug 21, 2026","Uptrend","Jul 30, 2026","1166211.9","-95.4","0.31","2.54","Moving Up","","",,="6/9","<1","false","Swing"
"SHAK","Shake Shack, Inc. Class A Common Stock","Discretionary","Restaurants","74.07","79.09","Sell","Aug 21, 2026","Uptrend","Jul 30, 2026","1751973.53","-18.35","1.95","-1.82","Moving Down","","",,="3/9","<1","false","Swing"
"SHW","Sherwin-Williams Company (The) Common Stock","Materials","Specialty Chemicals","350.45","83.96","Sell","Aug 21, 2026","Uptrend","Jul 28, 2026","1886396.9","94.23","2.67","1.07","Moving Down","","",,="4/9","<1","false","Swing"
"TCOM","Trip.com Group Limited American Depositary Shares","Discretionary","Travel Services","45.98","54.08","Buy","Aug 21, 2026","Uptrend","Aug 19, 2026","2720844.17","-87.03","0.07","-0.09","Moving Up","","",,="5/9","<1","false","Swing"
"TD","Toronto Dominion Bank (The) Common Stock","Financials","Banks - Diversified","119.07","68.37","Sell","Aug 21, 2026","Neutral","Aug 25, 2026","1970828.07","112.82","2.46","2.16","Moving Down","","",,="2/9","<1","false","Swing"
"TEAM","Atlassian Corporation Class A Common Stock","Technology","Software - Application","166.49","93.02","Sell","Aug 21, 2026","Uptrend","Jul 27, 2026","4832545.73","38.76","5.83","-2.82","Moving Down","","",,="2/9","<1","false","Swing"
"TRMB","Trimble Inc. Common Stock","Technology","Scientific & Technical Instruments","59.43","75.36","Buy","Aug 21, 2026","Uptrend","Aug 18, 2026","2699190.7","-25.63","0.23","-2.04","Moving Up","","",,="5/9","<1","false","Swing"
"TRU","TransUnion Common Stock","Financials","Financial Data & Stock Exchanges","85.01","77.95","Buy","Aug 21, 2026","Uptrend","Jun 30, 2026","2042148.3","-131.28","0.03","0.16","Moving Up","","",,="4/9","<1","false","Swing"
"TSEM","Tower Semiconductor Ltd. Ordinary Shares","Technology","Semiconductors","212.71","64.77","Sell","Aug 21, 2026","Downtrend","Aug 21, 2026","1876614.8","205.02","0.77","0.76","Moving Down","","",,="2/9","<1","false","Swing"
"UNM","Unum Group Common Stock","Financials","Insurance - Life","89.69","65.93","Sell","Aug 21, 2026","Neutral","Aug 24, 2026","1378626.17","72.63","0.76","0.22","Moving Down","","",,="2/9","<1","false","Swing"
"UNP","Union Pacific Corporation Common Stock","Industrials","Railroads","309.59","86.66","Buy","Aug 21, 2026","Uptrend","Jun 29, 2026","2938904.7","-7.87","0.36","-0.09","Moving Up","","",,="5/9","<1","false","Swing"
"VLY","Valley National Bancorp Common Stock","Financials","Banks - Regional","14.1","54.84","Sell","Aug 21, 2026","Downtrend","Aug 20, 2026","6703019.17","37.23","3.11","0","Moving Down","","",,="2/9","<1","false","Swing"
"VNOM","Viper Energy, Inc. Class A Common Stock","Energy","Oil & Gas Midstream","44.07","42.19","Buy","Aug 21, 2026","Uptrend","Aug 20, 2026","1605101.7","-221.27","0.18","-1.43","Moving Up","","",,="5/9","<1","false","Swing"
"WDAY","Workday, Inc. Class A Common Stock","Technology","Software - Application","194.42","95.88","Sell","Aug 21, 2026","Uptrend","Jul 24, 2026","4767159.17","8.02","1.18","-2.38","Moving Down","","",,="3/9","<1","false","Swing"
"WMT","Walmart Inc. Common Stock","Staples","Discount Stores","105.38","33.24","Sell","Aug 21, 2026","Downtrend","Aug 20, 2026","25169549.93","48.08","0.62","-1.04","Moving Down","","",,="4/9","<1","false","Swing"
"ZVRA","Zevra Therapeutics, Inc. Common Stock","Health Care","Biotechnology","12.04","62.28","Buy","Aug 21, 2026","Uptrend","Aug 19, 2026","1263604.93","67.28","2.56","3.35","Moving Up","","",,="6/9","<1","false","Swing"
"AA","Alcoa Corporation Common Stock ","Materials","Aluminum","51.28","48.52","Sell","Aug 20, 2026","Neutral","Aug 12, 2026","5409902.77","-102.67","0.07","3.83","Moving Down","","",,="3/9","<1","false","Swing"
"ACN","Accenture plc Class A Ordinary Shares (Ireland)","Technology","Information Technology Services","186.93","91.06","Sell","Aug 20, 2026","Uptrend","Jul 27, 2026","6549847.13","79.01","27.38","0.21","Moving Down","","",,="2/9","<1","false","Swing"
"AKAM","Akamai Technologies, Inc. Common Stock","Technology","Software - Infrastructure","105.74","39.89","Sell","Aug 20, 2026","Downtrend","Aug 19, 2026","3419112","-18.37","0.2","0.08","Moving Down","","",,="2/9","<1","false","Swing"
"AME","AMETEK, Inc.","Industrials","Specialty Industrial Machinery","241.77","71.94","Sell","Aug 20, 2026","Neutral","Aug 20, 2026","1226960.6","116.85","2.22","-0.23","Moving Down","","",,="2/9","<1","false","Swing"
"AMZN","Amazon.com, Inc. Common Stock","Discretionary","Internet Retail","261.06","74.83","Sell","Aug 20, 2026","Uptrend","Jul 31, 2026","43002064.6","24.5","0.37","-0.39","Moving Down","","Positive","true",="3/9","<1","false","Swing"
"APG","APi Group Corporation Common Stock","Industrials","Engineering & Construction","40.38","25.08","Sell","Aug 20, 2026","Neutral","Aug 21, 2026","2705966.1","190.86","1.94","-0.83","Moving Down","","",,="2/9","<1","false","Swing"
"APH","Amphenol Corporation Common Stock","Technology","Electronic Components","158.78","54.11","Sell","Aug 20, 2026","Neutral","Aug 25, 2026","6437150.5","-25.84","0.36","2.08","Moving Down","","",,="2/9","<1","false","Swing"
"ASB","Associated Banc-Corp Common Stock","Financials","Banks - Regional","30.82","64.5","Sell","Aug 20, 2026","Neutral","Aug 25, 2026","1696865.63","14.33","0.78","-0.26","Moving Down","","",,="2/9","<1","false","Swing"
"ASX","ASE Technology Holding Co., Ltd. American Depositary Shares (each representing Two Common Shares) ","Technology","Semiconductors","37.08","63.5","Sell","Aug 20, 2026","Downtrend","Aug 19, 2026","8263685.6","293.1","1.28","2.32","Moving Down","","",,="2/9","<1","false","Swing"
"AUPH","Aurinia Pharmaceuticals Inc Ordinary Shares","Health Care","Biotechnology","16.75","62.41","Buy","Aug 20, 2026","Uptrend","Aug 19, 2026","1138995.3","-129.25","0.01","1.09","Moving Up","","",,="6/9","<1","false","Swing"
"BA","Boeing Company (The) Common Stock","Industrials","Aerospace & Defense","211.08","54.82","Sell","Aug 20, 2026","Downtrend","Aug 21, 2026","5768453.37","8.05","3.93","0.29","Moving Down","","",,="2/9","<1","false","Swing"
"BBY","Best Buy Co., Inc. Common Stock","Discretionary","Specialty Retail","85.29","76.86","Buy","Aug 20, 2026","Uptrend","Aug 13, 2026","3143883.07","-17.26","0.01","-2.5","Moving Up","","",,="5/9","<1","false","Swing"
"BG","Bunge Limited Common Shares","Staples","Farm Products","111.71","56.89","Buy","Aug 20, 2026","Downtrend","Aug 25, 2026","1252679.87","-32.71","0.25","1.41","Moving Up","","",,="6/9","<1","false","Swing"
"BNS","Bank Nova Scotia Halifax Pfd 3 Ordinary Shares","Financials","Banks - Diversified","93.1","67.64","Sell","Aug 20, 2026","Uptrend","Aug 25, 2026","1787162.07","95.68","3.3","7.18","Moving Down","","",,="3/9","<1","false","Swing"
"BNTX","BioNTech SE American Depositary Share","Health Care","Biotechnology","114.05","84.74","Buy","Aug 20, 2026","Uptrend","Aug 18, 2026","1362398.8","-42.53","0.02","1.09","Moving Up","","Positive",,="5/9","<1","false","Swing"
"BRZE","Braze, Inc. Class A Common Stock","Technology","Software - Application","30.8","93.16","Buy","Aug 20, 2026","Uptrend","Jul 28, 2026","2409325.97","-15.1","11.19","-2.04","Moving Up","","",,="5/9","<1","false","Swing"
"CAG","ConAgra Brands, Inc. Common Stock","Staples","Packaged Foods","16.27","86.33","Buy","Aug 20, 2026","Uptrend","Jul 13, 2026","13040993.3","23.28","4.75","-2.4","Moving Up","","",,="7/9","<1","false","Swing"
"CENX","Century Aluminum Company Common Stock","Materials","Aluminum","44.2","45.62","Sell","Aug 20, 2026","Downtrend","Aug 19, 2026","2116679.43","197.92","1.29","1.24","Moving Down","","",,="3/9","<1","false","Swing"
"CHKP","Check Point Software Technologies Ltd. Ordinary Shares","Technology","Software - Infrastructure","129.52","37.3","Buy","Aug 20, 2026","Neutral","Aug 20, 2026","1170015.7","-67.07","0.06","-0.75","Moving Up","","",,="4/9","<1","false","Swing"
"CMC","Commercial Metals Company Common Stock","Industrials","Metal Fabrication","66.85","62.4","Sell","Aug 20, 2026","Downtrend","Aug 20, 2026","1130234.33","0.84","0.01","3.05","Moving Down","","",,="2/9","<1","false","Swing"
"CNK","Cinemark Holdings Inc Cinemark Holdings, Inc. Common Stock","Communication","Entertainment","37.4","79.62","Sell","Aug 20, 2026","Uptrend","Jul 22, 2026","2565026.63","53.59","13.86","-2.6","Moving Down","","",,="4/9","<1","false","Swing"
"CTSH","Cognizant Technology Solutions Corporation Class A Common Stock","Technology","Information Technology Services","63.06","93.52","Sell","Aug 20, 2026","Uptrend","Jul 28, 2026","8260646.8","15.13","12.81","1.38","Moving Down","","",,="3/9","<1","false","Swing"
"CVNA","Carvana Co. Class A Common Stock","Discretionary","Auto & Truck Dealerships","75.77","51.26","Sell","Aug 20, 2026","Uptrend","Aug 19, 2026","10148876.3","281.03","4.51","4.76","Moving Up","","",,="3/9","<1","false","Swing"
"DINO","HF Sinclair Corporation Common Stock","Energy","Oil & Gas Refining & Marketing","93.24","81.63","Buy","Aug 20, 2026","Uptrend","Jul 01, 2026","2837399.97","133.98","4.04","-2.04","Moving Up","","",,="5/9","<1","false","Swing"
"DOCN","DigitalOcean Holdings, Inc. Common Stock","Technology","Software - Infrastructure","112.57","33.36","Sell","Aug 20, 2026","Downtrend","Aug 19, 2026","3179883.7","-19.68","0.31","0.92","Moving Down","","",,="2/9","<1","false","Swing"
"EBC","Eastern Bankshares, Inc. Common Stock","Financials","Banks - Regional","22.36","52.52","Sell","Aug 20, 2026","Downtrend","Aug 25, 2026","2454006.27","32.18","3.07","-1.24","Moving Down","","",,="2/9","<1","false","Swing"
"EL","Estee Lauder Companies, Inc. (The) Common Stock","Staples","Household & Personal Products","104.85","75.26","Buy","Aug 20, 2026","Uptrend","Aug 19, 2026","2978254.87","1.02","2.91","0.69","Moving Up","","",,="7/9","<1","false","Swing"
"FANG","Diamondback Energy, Inc. Common Stock","Energy","Oil & Gas E&P","199.89","76.95","Buy","Aug 20, 2026","Uptrend","Aug 10, 2026","1788092.33","-78.32","0.2","-2.78","Moving Down","","",,="4/9","<1","false","Swing"
"FLYW","Flywire Corporation Voting Common Stock","Technology","Software - Infrastructure","19.21","77.02","Buy","Aug 20, 2026","Uptrend","Aug 05, 2026","2067480.9","27.02","9.51","-1.08","Moving Up","","",,="5/9","<1","false","Swing"
"FROG","JFrog Ltd. Ordinary Shares","Technology","Software - Application","89.48","51.34","Sell","Aug 20, 2026","Uptrend","Aug 10, 2026","2177325.43","197.15","1.89","-0.73","Moving Down","","",,="3/9","<1","false","Swing"
"FTAI","FTAI Aviation Ltd. Common Stock","Industrials","Aerospace & Defense","200.47","49.09","Sell","Aug 20, 2026","Downtrend","Aug 18, 2026","1557084.37","-2182.59","0.14","1.03","Moving Down","","",,="2/9","<1","false","Swing"
"FUTU","Futu Holdings Limited American Depositary Shares","Financials","Capital Markets","125.63","59.75","Buy","Aug 20, 2026","Uptrend","Aug 17, 2026","1450790.7","312.93","10.7","8.48","Moving Up","","",,="5/9","<1","false","Swing"
"GAP","Gap, Inc. (The) Common Stock","Discretionary","Apparel Retail","20.15","46.21","Sell","Aug 20, 2026","Downtrend","Aug 20, 2026","5772804.97","-52.1","0.08","-1.03","Moving Up","","",,="3/9","<1","false","Swing"
"GD","General Dynamics Corporation Common Stock","Industrials","Aerospace & Defense","376.58","84.24","Sell","Aug 20, 2026","Uptrend","Jun 26, 2026","1006300.67","-13.58","0.38","-1.87","Moving Down","","",,="3/9","<1","false","Swing"
"GDDY","GoDaddy Inc. Class A Common Stock","Technology","Software - Infrastructure","99.79","63.45","Buy","Aug 20, 2026","Uptrend","Aug 04, 2026","1963806.43","76.85","6.84","-0.73","Moving Up","","","true",="4/9","<1","false","Swing"
"GH","Guardant Health, Inc. Common Stock","Health Care","Diagnostics & Research","164.92","61.77","Sell","Aug 20, 2026","Uptrend","Jul 31, 2026","2107839.9","50.32","7.78","1.07","Moving Down","","",,="4/9","<1","false","Swing"
"GRMN","Garmin Ltd. Common Stock (Switzerland)","Technology","Scientific & Technical Instruments","288.45","90.2","Sell","Aug 20, 2026","Uptrend","Jul 24, 2026","1021272.9","9.76","0.13","-0.96","Moving Down","","",,="3/9","<1","false","Swing"
"HLT","Hilton Worldwide Holdings Inc. Common Stock ","Discretionary","Lodging","329.31","66.84","Buy","Aug 20, 2026","Uptrend","Aug 19, 2026","2065104.7","10.23","0.1","-0.23","Moving Up","","",,="5/9","<1","false","Swing"
"HYMC","Hycroft Mining Holding Corporation Class A Common Stock","Materials","Gold","26.08","45.86","Sell","Aug 20, 2026","Uptrend","Aug 19, 2026","1738131.57","-54.34","6.16","1.32","Moving Down","","",,="4/9","<1","false","Swing"
"ING","ING Group, N.V. Common Stock","Financials","Banks - Diversified","35.3","67.56","Sell","Aug 20, 2026","Uptrend","Jun 15, 2026","2126861.57","168.38","2.24","0.77","Moving Down","","",,="3/9","<1","false","Swing"
"INTC","Intel Corporation Common Stock","Technology","Semiconductors","87.48","61.95","Sell","Aug 20, 2026","Downtrend","Aug 18, 2026","113006371.43","105.66","7.17","0.25","Moving Down","","Positive","true",="2/9","<1","false","Swing"
"IONQ","IonQ, Inc. Common Stock","Technology","Computer Hardware","42.05","32.17","Sell","Aug 20, 2026","Neutral","Aug 24, 2026","20053674.77","189.09","2.85","2.41","Moving Down","","Positive",,="2/9","<1","false","Swing"
"KEY","KeyCorp Common Stock","Financials","Banks - Regional","21.89","58.45","Sell","Aug 20, 2026","Downtrend","Aug 19, 2026","9964335","26.75","1.46","0.09","Moving Down","","",,="2/9","<1","false","Swing"
"LBRDK","Liberty Broadband Corporation Class C Common Stock","Communication","Telecom Services","36.02","69.54","Sell","Aug 20, 2026","Uptrend","Aug 18, 2026","2280803.57","-41.86","5.98","0","","","",,="3/9","<1","false","Swing"
"LLY","Eli Lilly and Company Common Stock","Health Care","Drug Manufacturers - General","1233.66","65.41","Buy","Aug 20, 2026","Uptrend","Aug 10, 2026","2569989.7","459.62","1.22","-1.06","Moving Up","","",,="6/9","<1","false","Swing"
"MKTX","MarketAxess Holdings, Inc. Common Stock","Financials","Capital Markets","162.5","89.63","Sell","Aug 20, 2026","Uptrend","Jul 29, 2026","1305137.17","-87.75","2.22","0.02","Moving Up","","",,="4/9","<1","false","Swing"
"MLI","Mueller Industries, Inc. Common Stock","Industrials","Metal Fabrication","61.51","41.25","Sell","Aug 20, 2026","Downtrend","Aug 20, 2026","1283059.47","528.72","1.59","-3.06","Moving Down","","",,="2/9","<1","false","Swing"
"MMM","3M Company Common Stock","Industrials","Conglomerates","179.37","81.69","Sell","Aug 20, 2026","Uptrend","Jul 16, 2026","3358855.77","-24.01","0.05","0.2","Moving Down","","",,="2/9","<1","false","Swing"
"MMSI","Merit Medical Systems, Inc. Common Stock","Health Care","Medical Instruments & Supplies","91.09","95.37","Sell","Aug 20, 2026","Uptrend","Jun 18, 2026","1001906.23","48.65","0.73","0.9","Moving Down","","",,="3/9","<1","false","Swing"
"MT","Arcelor Mittal NY Registry Shares NEW","Materials","Steel","73.62","85.06","Sell","Aug 20, 2026","Uptrend","Jul 14, 2026","1483042.57","27.86","0.23","1.35","Moving Down","","",,="3/9","<1","false","Swing"
"MUFG","Mitsubishi UFJ Financial Group, Inc. Common Stock","Financials","Banks - Diversified","22.23","61.29","Sell","Aug 20, 2026","Neutral","Aug 24, 2026","3069908.87","10.64","0.09","1.23","Moving Down","","",,="2/9","<1","false","Swing"
"NCNO","nCino, Inc. Common Stock","Technology","Software - Application","20.81","84.77","Buy","Aug 20, 2026","Uptrend","Jul 27, 2026","2204869.17","-16.1","5.74","-0.67","Moving Up","","",,="5/9","<1","false","Swing"
"NMRK","Newmark Group, Inc. Class A Common Stock","Real Estate","Real Estate Services","16","64.75","Buy","Aug 20, 2026","Uptrend","Aug 19, 2026","1336363","-9.27","0.11","-0.44","Moving Up","","",,="7/9","<1","false","Swing"
"NTLA","Intellia Therapeutics, Inc. Common Stock","Health Care","Biotechnology","13.51","66.48","Buy","Aug 20, 2026","Uptrend","Aug 25, 2026","3646013.77","-46.05","6.86","7.56","Moving Up","","",,="6/9","<1","false","Swing"
"NTNX","Nutanix, Inc. Class A Common Stock","Technology","Software - Infrastructure","66.44","83.39","Sell","Aug 20, 2026","Uptrend","Jun 29, 2026","2499724.73","32.53","1.33","-0.36","Moving Down","","",,="3/9","<1","false","Swing"
"NUE","Nucor Corporation Common Stock","Materials","Steel","247.55","74.66","Sell","Aug 20, 2026","Downtrend","Aug 21, 2026","1488560.43","383.01","2.88","1.19","Moving Down","","",,="3/9","<1","false","Swing"
"NVT","nVent Electric plc Ordinary Shares ","Industrials","Electrical Equipment & Parts","151.48","34.18","Sell","Aug 20, 2026","Downtrend","Aug 24, 2026","2071187.87","12.33","0.1","-1.22","Moving Down","","",,="2/9","<1","false","Swing"
"OBDC","Blue Owl Capital Corporation Common Stock","Financials","Asset Management","11.36","72.21","Sell","Aug 20, 2026","Uptrend","Aug 06, 2026","4016706.17","6.63","2.2","-0.35","Moving Down","","",,="3/9","<1","false","Swing"
"OKTA","Okta, Inc. Class A Common Stock","Technology","Software - Infrastructure","130.61","57.94","Sell","Aug 20, 2026","Downtrend","Aug 24, 2026","2573964.53","63.73","18.62","-0.27","Moving Down","","",,="2/9","<1","false","Swing"
"ORLY","O'Reilly Automotive, Inc. Common Stock","Discretionary","Auto Parts","90.32","61.67","Sell","Aug 20, 2026","Uptrend","Aug 24, 2026","6544313.3","-21.19","0.33","-0.4","Moving Down","","",,="3/9","<1","false","Swing"
"PPC","Pilgrim's Pride Corporation Common Stock","Staples","Packaged Foods","32.43","61.66","Buy","Aug 20, 2026","Uptrend","Aug 19, 2026","1673420","24.05","97.18","2.01","Moving Up","","",,="6/9","<1","false","Swing"
"QRVO","Qorvo, Inc. Common Stock","Technology","Semiconductors","94.34","67.65","Sell","Aug 20, 2026","Uptrend","Aug 04, 2026","1131747.63","-109.76","0.05","-1.08","Moving Down","","",,="3/9","<1","false","Swing"
"RJF","Raymond James Financial, Inc. Common Stock","Financials","Asset Management","174.71","78.5","Sell","Aug 20, 2026","Uptrend","Jul 01, 2026","1091502.63","159.17","1.96","-1.12","Moving Down","","",,="3/9","<1","false","Swing"
"ROAD","Construction Partners, Inc. Class A Common Stock","Industrials","Engineering & Construction","109.69","49.82","Sell","Aug 20, 2026","Neutral","Aug 24, 2026","1131968.2","-110.65","0.28","1.11","Moving Down","","",,="2/9","<1","false","Swing"
"RPM","RPM International Inc. Common Stock","Materials","Specialty Chemicals","106.79","63.33","Sell","Aug 20, 2026","Downtrend","Aug 24, 2026","1059427.53","52.09","3.04","0.4","Moving Down","","",,="3/9","<1","false","Swing"
"RSG","Republic Services, Inc. Common Stock","Industrials","Waste Management","220.96","57.72","Buy","Aug 20, 2026","Uptrend","Aug 18, 2026","1380904.2","48.54","0.76","-0.95","Moving Up","","",,="4/9","<1","false","Swing"
"SAN","Banco Santander, S.A. Sponsored ADR (Spain)","Financials","Banks - Diversified","14.63","53.65","Sell","Aug 20, 2026","Uptrend","Jun 11, 2026","16744396.17","139.59","1.11","-0.61","Moving Down","","",,="3/9","<1","false","Swing"
"SBH","Sally Beauty Holdings, Inc. (Name to be changed from Sally Holdings, Inc.) Common Stock","Discretionary","Specialty Retail","16.46","68.87","Sell","Aug 20, 2026","Uptrend","Jun 24, 2026","1383719.23","26.94","13.98","-1.5","Moving Down","","",,="2/9","<1","false","Swing"
"SBUX","Starbucks Corporation Common Stock","Discretionary","Restaurants","105.76","62.99","Sell","Aug 20, 2026","Uptrend","Aug 21, 2026","7058639.37","-91.79","0.06","-1.61","Moving Down","","",,="3/9","<1","false","Swing"
"SEI","Solaris Energy Infrastructure, Inc. Class A Common Stock","Energy","Oil & Gas Equipment & Services","52.89","19.38","Sell","Aug 20, 2026","Downtrend","Aug 20, 2026","3230225.2","264","1.07","-1.2","Moving Down","","",,="2/9","<1","false","Swing"
"SF","Stifel Financial Corporation Common Stock","Financials","Capital Markets","79.58","71.39","Sell","Aug 20, 2026","Downtrend","Aug 25, 2026","1095661.33","64.71","0.71","-1.51","Moving Down","","",,="2/9","<1","false","Swing"
"SLM","SLM Corporation Common Stock","Financials","Credit Services","26.47","73.72","Sell","Aug 20, 2026","Uptrend","Jun 16, 2026","2380701.3","-121.13","0.23","0.49","Moving Down","","",,="3/9","<1","false","Swing"
"SMFG","Sumitomo Mitsui Financial Group Inc Unsponsored American Depositary Shares (Japan)","Financials","Banks - Diversified","25.18","57.42","Sell","Aug 20, 2026","Neutral","Aug 21, 2026","1534768.43","13.47","0.13","0.72","Moving Down","","",,="2/9","<1","false","Swing"
"SPT","Sprout Social, Inc Class A Common Stock","Technology","Software - Application","10.69","93.01","Sell","Aug 20, 2026","Uptrend","Jul 24, 2026","1232812.07","-196.48","1.61","3.38","Moving Down","","",,="3/9","<1","false","Swing"
"SSL","Sasol Ltd. American Depositary Shares","Materials","Specialty Chemicals","11.45","60.05","Buy","Aug 20, 2026","Neutral","Aug 25, 2026","1085764.27","-1.31","115.48","-6.68","Moving Up","","",,="5/9","<1","false","Swing"
"SSNC","SS&C Technologies Holdings, Inc. Common Stock","Technology","Software - Application","82.99","91.67","Sell","Aug 20, 2026","Uptrend","Jul 24, 2026","1827891.4","80.04","6.2","-0.66","Moving Down","","",,="3/9","<1","false","Swing"
"STT","State Street Corporation Common Stock","Financials","Asset Management","192.95","63.46","Sell","Aug 20, 2026","Uptrend","Apr 01, 2026","1871325.13","2.64","0.04","1.06","Moving Down","","",,="3/9","<1","false","Swing"
"SWK","Stanley Black & Decker, Inc. Common Stock","Industrials","Tools & Accessories","98.46","89.75","Sell","Aug 20, 2026","Uptrend","May 26, 2026","1874505.1","-32.05","4.25","-0.05","Moving Down","","",,="3/9","<1","false","Swing"
"TAK","Takeda Pharmaceutical Company Limited American Depositary Shares (each representing 1/2 of a share of Common Stock)","Health Care","Drug Manufacturers - Specialty & Generic","18.35","75.62","Buy","Aug 20, 2026","Uptrend","Aug 05, 2026","3718481.17","40.91","27.02","0.6","Moving Up","","",,="5/9","<1","false","Swing"
"TEL","TE Connectivity plc Ordinary Shares","Technology","Electronic Components","201.41","55.82","Sell","Aug 20, 2026","Downtrend","Aug 20, 2026","2487407.87","-117.31","0.17","-0.49","Moving Down","","",,="2/9","<1","false","Swing"
"TENB","Tenable Holdings, Inc. Common Stock","Technology","Software - Infrastructure","32.79","63.7","Sell","Aug 20, 2026","Downtrend","Aug 25, 2026","3034310.9","-133.56","0.9","-3.39","Moving Down","","",,="2/9","<1","false","Swing"
"TEX","Terex Corporation Common Stock","Industrials","Farm & Heavy Construction Machinery","65.22","57.05","Sell","Aug 20, 2026","Downtrend","Aug 25, 2026","1255891.8","-31.93","0.25","-1","Moving Down","","",,="1/9","<1","false","Swing"
"TFC","Truist Financial Corporation Common Stock","Financials","Banks - Regional","50.3","50.51","Sell","Aug 20, 2026","Downtrend","Aug 20, 2026","6842412.23","-22.33","0.81","-1","Moving Down","","",,="2/9","<1","false","Swing"
"THC","Tenet Healthcare Corporation Common Stock","Health Care","Medical Care Facilities","271.88","88.54","Sell","Aug 20, 2026","Uptrend","Jul 15, 2026","1122231.73","176.54","0.82","-2.41","Moving Down","","",,="4/9","<1","false","Swing"
"TMUS","T-Mobile US, Inc. Common Stock","Communication","Telecom Services","181.61","36.18","Buy","Aug 20, 2026","Neutral","Aug 25, 2026","4564122.87","69.64","1.67","-0.55","Moving Up","","",,="5/9","<1","false","Swing"
"TT","Trane Technologies plc","Industrials","Building Products & Equipment","455.25","45.5","Sell","Aug 20, 2026","Downtrend","Aug 19, 2026","1161347.17","181.08","1.95","0.51","Moving Down","","",,="2/9","<1","false","Swing"
"UGI","UGI Corporation Common Stock","Utilities","Utilities - Regulated Gas","38.35","71.38","Buy","Aug 20, 2026","Uptrend","Aug 18, 2026","2030524.17","-19.03","1.44","0.42","Moving Up","","",,="5/9","<1","false","Swing"
"URBN","Urban Outfitters, Inc. Common Stock","Discretionary","Apparel Retail","75.78","64.95","Sell","Aug 20, 2026","Uptrend","Aug 24, 2026","1021476.6","-72.14","0.25","-0.36","Moving Down","","Positive",,="3/9","<1","false","Swing"
"VRNS","Varonis Systems, Inc. Common Stock","Technology","Software - Infrastructure","40.82","59.41","Sell","Aug 20, 2026","Downtrend","Aug 25, 2026","1652387.6","19.6","2.65","-0.56","Moving Down","","",,="2/9","<1","false","Swing"
"VRT","Vertiv Holdings, LLC Class A Common Stock","Industrials","Electrical Equipment & Parts","255.75","18.43","Sell","Aug 20, 2026","Downtrend","Aug 18, 2026","5631388.07","214.22","0.94","0.31","Moving Down","","",,="2/9","<1","false","Swing"
"WBS","Webster Financial Corporation Common Stock","Financials","Banks - Regional","77.57","65.5","Sell","Aug 20, 2026","Uptrend","May 20, 2026","8338472.97","135.26","7.63","0","","","",,="3/9","<1","false","Swing"
"ZM","Zoom Communications, Inc. Class A Common Stock","Technology","Software - Application","100.92","70.47","Sell","Aug 20, 2026","Uptrend","Jul 30, 2026","3136401.37","-41.4","7.18","-3.73","Moving Down","","Positive",,="3/9","<1","false","Swing"
"ABBV","AbbVie Inc. Common Stock","Health Care","Drug Manufacturers - General","265.79","77.01","Buy","Aug 19, 2026","Uptrend","Aug 18, 2026","5130393.73","86.52","1.16","0.48","Moving Up","","",,="6/9","<1","false","Swing"
"ABNB","Airbnb, Inc. Class A Common Stock","Discretionary","Travel Services","190.5","86.22","Sell","Aug 19, 2026","Uptrend","Jul 28, 2026","4697431.73","54.02","4.79","0.15","Moving Up","","",,="4/9","<1","false","Swing"
"AM","Antero Midstream Corporation Common Stock","Energy","Oil & Gas Midstream","21.91","49.96","Buy","Aug 19, 2026","Neutral","Aug 25, 2026","2311942.07","82.47","0.72","-1.04","Moving Up","","",,="4/9","<1","false","Swing"
"AMBA","Ambarella, Inc. Ordinary Shares","Technology","Semiconductor Equipment & Materials","70.78","47.98","Sell","Aug 19, 2026","Downtrend","Aug 21, 2026","1660776.7","8.73","4.3","1.11","Moving Down","","",,="2/9","<1","false","Swing"
"AMLX","Amylyx Pharmaceuticals, Inc. Common Stock","Health Care","Drug Manufacturers - Specialty & Generic","37.46","96.65","Buy","Aug 19, 2026","Uptrend","Jun 16, 2026","3191242.1","861.64","1.84","-1.81","Moving Up","","",,="6/9","<1","false","Swing"
"ANF","Abercrombie & Fitch Company Common Stock","Discretionary","Apparel Retail","108.9","60.86","Sell","Aug 19, 2026","Uptrend","Jun 09, 2026","1018215.23","331.65","1.77","-3.08","Moving Down","","",,="3/9","<1","false","Swing"
"ARR","ARMOUR Residential REIT, Inc.","Real Estate","REIT - Mortgage","16.4","54.25","Sell","Aug 19, 2026","Downtrend","Aug 17, 2026","3655320.67","11.52","3.32","0.12","Moving Down","","",,="4/9","<1","false","Swing"
"ATKR","Atkore Inc. Common Stock","Industrials","Electrical Equipment & Parts","93.62","86.32","Sell","Aug 19, 2026","Uptrend","Aug 03, 2026","1088239.13","-83.49","0.07","0.14","Moving Down","","",,="3/9","<1","false","Swing"
"AVGO","Broadcom Inc. Common Stock","Technology","Semiconductors","356.74","46.55","Sell","Aug 19, 2026","Downtrend","Aug 19, 2026","18950179.37","-165.47","0.34","-0.56","Moving Down","","",,="2/9","<1","false","Swing"
"AXTA","Axalta Coating Systems Ltd. Common Shares","Materials","Specialty Chemicals","36.4","88.5","Sell","Aug 19, 2026","Uptrend","Jul 28, 2026","1592386.97","-70.68","0.06","0.94","Moving Down","","",,="4/9","<1","false","Swing"
"BKR","Baker Hughes Company Class A Common Stock","Energy","Oil & Gas Equipment & Services","61.82","53.32","Sell","Aug 19, 2026","Uptrend","Jul 30, 2026","7811201.13","29.2","1.05","-0.27","Moving Down","","",,="3/9","<1","false","Swing"
"BLFS","BioLife Solutions, Inc. Common Stock","Health Care","Medical Instruments & Supplies","37.22","97.27","Sell","Aug 19, 2026","Uptrend","May 18, 2026","1255841.43","105.32","2.76","0.08","Moving Down","","",,="4/9","<1","false","Swing"
"BMY","Bristol-Myers Squibb Company Common Stock","Health Care","Drug Manufacturers - General","67.92","84.63","Buy","Aug 19, 2026","Uptrend","Jul 15, 2026","11197862.23","4.03","0.96","0.95","Moving Up","","Positive",,="6/9","<1","false","Swing"
"BN","Brookfield Corporation Class A Limited Voting Shares","Financials","Asset Management","42.12","36.77","Sell","Aug 19, 2026","Downtrend","Aug 19, 2026","4035778.4","-29.25","0.31","0.36","Moving Down","","",,="2/9","<1","false","Swing"
"CAH","Cardinal Health, Inc. Common Stock","Health Care","Medical Distribution","237.92","66.8","Sell","Aug 19, 2026","Uptrend","Jul 28, 2026","1938381.27","330.47","2.14","2.39","Moving Down","","",,="4/9","<1","false","Swing"
"CEG","Constellation Energy Corporation Common Stock ","Utilities","Utilities - Independent Power Producers","278.42","41.48","Sell","Aug 19, 2026","Uptrend","Aug 19, 2026","2627492.63","27.58","1.83","1.82","Moving Down","","",,="4/9","<1","false","Swing"
"CELH","Celsius Holdings, Inc. Common Stock","Staples","Beverages - Non-Alcoholic","35.34","68.88","Buy","Aug 19, 2026","Uptrend","Aug 18, 2026","11540624.87","96.72","27.4","0.88","Moving Up","","",,="6/9","<1","false","Swing"
"CGNX","Cognex Corporation Common Stock","Technology","Scientific & Technical Instruments","59.82","51.08","Sell","Aug 19, 2026","Downtrend","Aug 18, 2026","2160245.97","28.75","9.88","2.19","Moving Down","","",,="2/9","<1","false","Swing"
"CHTR","Charter Communications, Inc. Class A Common Stock New","Communication","Telecom Services","155.14","63.46","Sell","Aug 19, 2026","Uptrend","Aug 18, 2026","3077804.03","-13.35","17.17","3.22","Moving Down","","",,="3/9","<1","false","Swing"
"CLF","Cleveland-Cliffs Inc. Common Stock","Materials","Steel","11.52","60.22","Sell","Aug 19, 2026","Neutral","Aug 19, 2026","23181274.33","17.17","0.88","1.95","Moving Down","","",,="3/9","<1","false","Swing"
"CSTM","Constellium SE Ordinary Shares (France)","Materials","Aluminum","27.08","37.71","Sell","Aug 19, 2026","Downtrend","Aug 18, 2026","1616560.9","-0.51","0.28","1.69","Moving Down","","",,="3/9","<1","false","Swing"
"DAL","Delta Air Lines, Inc. Common Stock","Industrials","Airlines","83.62","56.21","Sell","Aug 19, 2026","Downtrend","Aug 19, 2026","5117320.4","72.8","4.9","1.38","Moving Down","","",,="2/9","<1","false","Swing"
"DEO","Diageo plc Common Stock","Staples","Beverages - Wineries & Distilleries","94.75","91.97","Sell","Aug 19, 2026","Uptrend","Jul 15, 2026","1211895","10.92","4.26","-1.37","Moving Down","","",,="5/9","<1","false","Swing"
"DOCS","Doximity, Inc. Class A Common Stock","Health Care","Health Information Services","24.74","64.13","Sell","Aug 19, 2026","Uptrend","Aug 07, 2026","5931823.53","39.06","7.43","-2.21","Moving Down","","",,="4/9","<1","false","Swing"
"ERO","Ero Copper Corp. Common Shares","Materials","Copper","40.4","82.1","Sell","Aug 19, 2026","Uptrend","Jul 31, 2026","1323360.23","-71.65","0.21","4.8","Moving Up","","",,="5/9","<1","false","Swing"
"EXPE","Expedia Group, Inc. Common Stock","Discretionary","Travel Services","337.97","87.56","Sell","Aug 19, 2026","Uptrend","Jun 16, 2026","1463750.43","30.59","0.42","-0.34","Moving Down","","",,="3/9","<1","false","Swing"
"FIGS","FIGS, Inc. Class A Common Stock","Discretionary","Apparel Manufacturing","14.68","58.93","Sell","Aug 19, 2026","Uptrend","Aug 06, 2026","3111731.2","163.46","2.87","-3.48","Moving Up","","",,="4/9","<1","false","Swing"
"FISV","Fiserv, Inc. Common Stock","Technology","Information Technology Services","52.44","46.24","Sell","Aug 19, 2026","Downtrend","Aug 25, 2026","7202948.9","47.21","5.01","-0.98","Moving Up","","",,="3/9","<1","false","Swing"
"FIVN","Five9, Inc. Common Stock","Technology","Software - Infrastructure","32.285","82.93","Sell","Aug 19, 2026","Uptrend","Jul 24, 2026","3044683.83","-216.27","0.93","-1.48","Moving Down","","",,="3/9","<1","false","Swing"
"FSLR","First Solar, Inc. Common Stock","Technology","Solar","206.82","53.18","Sell","Aug 19, 2026","Downtrend","Aug 19, 2026","2316218.53","-43.67","0.27","-0.72","Moving Down","","",,="2/9","<1","false","Swing"
"FSLY","Fastly, Inc. Class A Common Stock","Technology","Software - Application","23","47.25","Sell","Aug 19, 2026","Uptrend","Jul 24, 2026","6186443.3","-70.38","0.1","0.26","Moving Down","","",,="3/9","<1","false","Swing"
"FTNT","Fortinet, Inc. Common Stock","Technology","Software - Infrastructure","153.66","62.49","Sell","Aug 19, 2026","Neutral","Aug 21, 2026","4911260.53","106.17","0.48","1.1","Moving Down","","",,="2/9","<1","false","Swing"
"FTV","Fortive Corporation Common Stock ","Technology","Scientific & Technical Instruments","59.5","57.03","Sell","Aug 19, 2026","Downtrend","Aug 18, 2026","2503269.17","-44.15","1.56","-1.59","Moving Down","","",,="2/9","<1","false","Swing"
"GEN","Gen Digital Inc. Common Stock","Technology","Software - Infrastructure","29.31","60.4","Sell","Aug 19, 2026","Uptrend","Jun 30, 2026","4750487.27","77.45","1.91","0.69","Moving Up","","",,="3/9","<1","false","Swing"
"GWRE","Guidewire Software, Inc. Common Stock","Technology","Software - Application","188.34","84.76","Sell","Aug 19, 2026","Uptrend","Jul 24, 2026","1169351.8","2.29","0.05","-1.85","Moving Down","","",,="3/9","<1","false","Swing"
"HAPN","Happen Bank","Financials","Banks - Regional","18.26","38.49","Sell","Aug 19, 2026","Downtrend","Aug 19, 2026","1204752.73","48.5","6.94","0.05","Moving Down","","",,="2/9","<1","false","Swing"
"IRT","Independence Realty Trust, Inc. Common Stock","Real Estate","REIT - Residential","16.69","65.42","Sell","Aug 19, 2026","Neutral","Aug 24, 2026","2572733.83","35.11","3.41","-1.13","Moving Down","","",,="4/9","<1","false","Swing"
"ITGR","Integer Holdings Corporation Common Stock","Health Care","Medical Devices","125.39","91.97","Sell","Aug 19, 2026","Uptrend","May 13, 2026","1298686.63","-35.91","0.2","0.26","Moving Down","","",,="4/9","<1","false","Swing"
"ITW","Illinois Tool Works Inc. Common Stock","Industrials","Specialty Industrial Machinery","281.65","81.95","Sell","Aug 19, 2026","Neutral","Aug 25, 2026","1276495.53","1.69","0.06","-0.81","Moving Down","","",,="2/9","<1","false","Swing"
"LYFT","Lyft, Inc. Class A Common Stock","Technology","Software - Application","17.65","68.03","Sell","Aug 19, 2026","Uptrend","Jul 28, 2026","11594212.27","-74.62","3.53","-0.17","Moving Down","","",,="3/9","<1","false","Swing"
"MAT","Mattel, Inc. Common Stock","Discretionary","Leisure","15.26","51.11","Sell","Aug 19, 2026","Uptrend","Aug 24, 2026","4168673.17","-10.86","0.2","2.97","Moving Up","","",,="4/9","<1","false","Swing"
"NOW","ServiceNow, Inc. Common Stock","Technology","Software - Application","127","83.04","Sell","Aug 19, 2026","Uptrend","Jul 29, 2026","21511432.53","-76.52","0.05","-0.82","Moving Down","","",,="3/9","<1","false","Swing"
"NVTS","Navitas Semiconductor Corporation Common Stock","Technology","Semiconductors","12.44","21.31","Sell","Aug 19, 2026","Downtrend","Aug 24, 2026","14355740.53","86.98","2.01","1.72","Moving Down","","Positive",,="2/9","<1","false","Swing"
"NWG","NatWest Group plc American Depositary Shares, (each representing two (2) Ordinary Shares)","Financials","Banks - Regional","18.87","57.49","Sell","Aug 19, 2026","Uptrend","Jun 11, 2026","3556230.6","98.83","1.08","0.75","Moving Down","","",,="2/9","<1","false","Swing"
"OLLI","Ollie's Bargain Outlet Holdings, Inc. Common Stock","Staples","Discount Stores","74.61","52.9","Sell","Aug 19, 2026","Neutral","Aug 25, 2026","1395807.63","-86.6","0.03","-2.28","Moving Down","","",,="4/9","<1","false","Swing"
"OPCH","Option Care Health, Inc. Common Stock","Health Care","Medical Care Facilities","23.64","61.33","Sell","Aug 19, 2026","Uptrend","Jul 28, 2026","2409987.63","-95.02","0.12","-0.13","Moving Down","","",,="4/9","<1","false","Swing"
"PAX","Patria Investments Limited Class A Common Shares","Financials","Asset Management","11.78","46.65","Sell","Aug 19, 2026","Uptrend","Aug 19, 2026","1137450.6","-34.69","1.25","2.61","Moving Up","","",,="4/9","<1","false","Swing"
"PL","Planet Labs PBC Class A Common Stock","Industrials","Aerospace & Defense","21.55","16.97","Sell","Aug 19, 2026","Downtrend","Aug 19, 2026","6308193.27","462.61","2.62","-0.09","Moving Down","","",,="2/9","<1","false","Swing"
"PLTR","Palantir Technologies Inc. Class A Common Stock","Technology","Software - Infrastructure","172.73","60.56","Sell","Aug 19, 2026","Uptrend","Aug 04, 2026","40327818.87","456.22","0.46","-1.8","Moving Down","","Negative",,="2/9","<1","false","Swing"
"RDW","Redwire Corporation Common Stock","Industrials","Aerospace & Defense","11.48","48.35","Sell","Aug 19, 2026","Neutral","Aug 24, 2026","16634077.73","823.14","6.9","0.88","Moving Down","","",,="2/9","<1","false","Swing"
"REPL","Replimune Group, Inc. Common Stock","Health Care","Biotechnology","15.8","59.97","Sell","Aug 19, 2026","Uptrend","Aug 04, 2026","6373774.67","-385.42","0.06","7.41","Moving Up","","",,="5/9","<1","false","Swing"
"RKT","Rocket Companies, Inc. Class A Common Stock","Financials","Mortgage Finance","14.3","38.13","Sell","Aug 19, 2026","Uptrend","Aug 25, 2026","27807149.27","195.97","5.46","1.49","Moving Down","","",,="3/9","<1","false","Swing"
"SNY","Sanofi ADS","Health Care","Drug Manufacturers - General","46.02","65.55","Buy","Aug 19, 2026","Uptrend","Aug 13, 2026","3054386.57","-30.31","0.57","0.72","Moving Up","","",,="6/9","<1","false","Swing"
"SON","Sonoco Products Company Common Stock","Discretionary","Packaging & Containers","57.88","78.89","Sell","Aug 19, 2026","Uptrend","Jun 12, 2026","1066222.37","-98.51","0.02","0.68","Moving Up","","",,="4/9","<1","false","Swing"
"SPOT","Spotify Technology S.A. Ordinary Shares","Communication","Internet Content & Information","552.57","60.02","Buy","Aug 19, 2026","Uptrend","Aug 07, 2026","1907733.6","72.22","1.71","2.74","Moving Up","","",,="6/9","<1","false","Swing"
"STLD","Steel Dynamics, Inc.","Materials","Steel","231.08","65.65","Sell","Aug 19, 2026","Downtrend","Aug 20, 2026","1238805","311.96","1.34","0.79","Moving Down","","",,="3/9","<1","false","Swing"
"TECK","Teck Resources Ltd Ordinary Shares","Materials","Other Industrial Metals & Mining","71.62","81.02","Sell","Aug 19, 2026","Uptrend","Jul 30, 2026","3113373.7","-491.19","0.19","2.02","Moving Up","","",,="5/9","<1","false","Swing"
"UAL","United Airlines Holdings, Inc. Common Stock","Industrials","Airlines","117.41","52.34","Sell","Aug 19, 2026","Downtrend","Aug 18, 2026","3696370.3","15.74","1.63","3.38","Moving Down","","Positive","true",="2/9","<1","false","Swing"
"UBS","UBS Group AG Registered Ordinary Shares","Financials","Banks - Diversified","54.23","64.31","Sell","Aug 19, 2026","Uptrend","Apr 24, 2026","1709447.97","316.63","2.51","0.97","Moving Up","","",,="4/9","<1","false","Swing"
"VIR","Vir Biotechnology, Inc. Common Stock","Health Care","Biotechnology","10.71","54.95","Buy","Aug 19, 2026","Uptrend","Aug 21, 2026","1570054.57","-35.2","0.15","8.07","Moving Up","","",,="5/9","<1","false","Swing"
"VIRT","Virtu Financial, Inc. Class A Common Stock","Financials","Capital Markets","65.2","69.12","Buy","Aug 19, 2026","Uptrend","Aug 18, 2026","1408500.83","266.34","2.39","-1.64","Moving Up","","",,="4/9","<1","false","Swing"
"VSAT","ViaSat, Inc. Common Stock","Technology","Communication Equipment","72.46","62.76","Sell","Aug 19, 2026","Downtrend","Aug 21, 2026","2004177.63","-61.35","0.08","0.26","Moving Down","","",,="2/9","<1","false","Swing"
"WFRD","Weatherford International plc Ordinary Shares","Energy","Oil & Gas Equipment & Services","88.2","42.26","Sell","Aug 19, 2026","Neutral","Aug 24, 2026","1109903.83","-19.9","0.9","-0.6","Moving Down","","",,="2/9","<1","false","Swing"
"WHR","Whirlpool Corporation Common Stock","Discretionary","Furnishings Fixtures & Appliances","40.72","62.56","Sell","Aug 19, 2026","Neutral","Aug 14, 2026","2250146.9","-20.59","12.81","1.47","Moving Down","","",,="2/9","<1","false","Swing"
"XNCR","Xencor, Inc. Common Stock","Health Care","Biotechnology","29.3","94.27","Buy","Aug 19, 2026","Uptrend","Jun 12, 2026","1207364.23","-25.42","2.26","1.05","Moving Up","","",,="5/9","<1","false","Swing"
"ADBE","Adobe Inc. Common Stock","Technology","Software - Application","273.92","85.8","Sell","Aug 18, 2026","Uptrend","Jul 27, 2026","4870265.33","67.96","14.23","-0.85","Moving Down","","",,="2/9","<1","false","Swing"
"AEVA","Aeva Technologies, Inc. Common Stock","Technology","Software - Infrastructure","16.16","30.24","Sell","Aug 18, 2026","Downtrend","Aug 24, 2026","1755082.93","-133.47","0","-1.82","Moving Down","","",,="2/9","<1","false","Swing"
"AMPL","Amplitude, Inc. Class A Common Stock","Technology","Software - Application","13.11","84.77","Sell","Aug 18, 2026","Uptrend","Jul 24, 2026","2058244.97","-10.92","0.01","-0.3","Moving Up","","",,="3/9","<1","false","Swing"
"ASO","Academy Sports and Outdoors, Inc. Common Stock","Discretionary","Specialty Retail","43.475","30.85","Sell","Aug 18, 2026","Downtrend","Aug 17, 2026","1355106.5","37.52","13.71","-5.8","Moving Down","","",,="2/9","<1","false","Swing"
"BAX","Baxter International Inc. Common Stock","Health Care","Medical Instruments & Supplies","26.29","92.05","Sell","Aug 18, 2026","Uptrend","May 19, 2026","6846804.77","-21.38","11.03","-0.76","Moving Down","","",,="3/9","<1","false","Swing"
"BE","Bloom Energy Corporation Class A Common Stock","Industrials","Electrical Equipment & Parts","217.45","18.58","Sell","Aug 18, 2026","Downtrend","Aug 18, 2026","15538462.83","-237.76","0.21","6.58","Moving Down","","Positive","true",="2/9","<1","false","Swing"
"BWIN","The Baldwin Insurance Group, Inc. Class A Common Stock","Financials","Insurance Brokers","30.91","77.32","Sell","Aug 18, 2026","Uptrend","Jun 22, 2026","1153183.97","-52.24","0.47","-1.25","Moving Down","","",,="2/9","<1","false","Swing"
"CAKE","Cheesecake Factory Incorporated (The) Common Stock","Discretionary","Restaurants","113.485","91.72","Sell","Aug 18, 2026","Uptrend","May 26, 2026","1869737.4","68.9","0.94","-0.98","Moving Down","","Positive",,="3/9","<1","false","Swing"
"CDNA","CareDx, Inc. Common Stock","Health Care","Diagnostics & Research","50.8","77.4","Sell","Aug 18, 2026","Uptrend","Apr 16, 2026","1263412.43","1.55","0.44","6.95","Moving Down","","",,="4/9","<1","false","Swing"
"CG","The Carlyle Group Inc. Common Stock","Financials","Asset Management","48.92","64.52","Sell","Aug 18, 2026","Uptrend","Jul 30, 2026","3788523.57","155.75","7.91","-0.45","Moving Down","","",,="3/9","<1","false","Swing"
"CHD","Church & Dwight Company, Inc. Common Stock","Staples","Household & Personal Products","102.56","60.85","Sell","Aug 18, 2026","Uptrend","Aug 24, 2026","1756786.73","52.33","2.92","0.03","Moving Down","","",,="4/9","<1","false","Swing"
"CL","Colgate-Palmolive Company Common Stock","Staples","Household & Personal Products","91.33","57.35","Sell","Aug 18, 2026","Neutral","Aug 24, 2026","4299278","50.31","3.08","-1.32","Moving Down","","",,="4/9","<1","false","Swing"
"CNX","CNX Resources Corporation Common Stock","Energy","Oil & Gas E&P","36","50.5","Sell","Aug 18, 2026","Uptrend","Jul 29, 2026","1503915.1","160.27","1.35","-1.32","Moving Down","","",,="2/9","<1","false","Swing"
"CORT","Corcept Therapeutics Incorporated Common Stock","Health Care","Biotechnology","123.57","75.67","Sell","Aug 18, 2026","Uptrend","Mar 31, 2026","1144487.3","547.92","1.84","0.27","Moving Down","","",,="4/9","<1","false","Swing"
"CRI","Carter's, Inc. Common Stock","Discretionary","Apparel Retail","33.91","54.52","Sell","Aug 18, 2026","Downtrend","Aug 17, 2026","1090590.03","-67.72","3.36","-1.22","Moving Down","","",,="2/9","<1","false","Swing"
"CRSR","Corsair Gaming, Inc. Common Stock","Technology","Computer Hardware","11.84","58.72","Sell","Aug 18, 2026","Uptrend","Jun 29, 2026","2029549.73","14.61","6.92","8.52","Moving Down","","",,="3/9","<1","false","Swing"
"DGX","Quest Diagnostics Incorporated Common Stock","Health Care","Diagnostics & Research","244.51","88.14","Sell","Aug 18, 2026","Uptrend","Jul 16, 2026","1013809.03","95.11","1.91","0.26","Moving Down","","",,="4/9","<1","false","Swing"
"DV","DoubleVerify Holdings, Inc. Common Stock","Communication","Advertising Agencies","13.32","77.77","Sell","Aug 18, 2026","Uptrend","Jul 29, 2026","4086747.67","28.96","4.86","0.15","Moving Down","","",,="4/9","<1","false","Swing"
"FND","Floor & Decor Holdings, Inc. Common Stock","Discretionary","Home Improvement Retail","54.31","60.48","Sell","Aug 18, 2026","Downtrend","Aug 20, 2026","2381522.73","-3.63","44.58","-1.02","Moving Down","","",,="2/9","<1","false","Swing"
"GE","GE Aerospace Common Stock","Industrials","Aerospace & Defense","349.54","52.54","Sell","Aug 18, 2026","Downtrend","Aug 20, 2026","3749157.67","205.44","1.41","2.25","Moving Down","","",,="2/9","<1","false","Swing"
"GLOB","Globant S.A. Common Shares","Technology","Information Technology Services","40.08","70.35","Sell","Aug 18, 2026","Uptrend","Jul 28, 2026","1859957.27","-301.42","0.73","1.26","Moving Down","","",,="2/9","<1","false","Swing"
"GPK","Graphic Packaging Holding Company","Discretionary","Packaging & Containers","11.42","76.39","Sell","Aug 18, 2026","Uptrend","Aug 19, 2026","4652519.8","-141.93","0.64","-0.26","Moving Down","","",,="3/9","<1","false","Swing"
"GTLB","GitLab Inc. Class A Common Stock","Technology","Software - Infrastructure","41.66","89.96","Sell","Aug 18, 2026","Uptrend","Jun 26, 2026","4050614.13","51.65","10.21","-0.88","Moving Up","","",,="4/9","<1","false","Swing"
"HAL","Halliburton Company Common Stock","Energy","Oil & Gas Equipment & Services","33.8","48.62","Buy","Aug 18, 2026","Neutral","Aug 25, 2026","11474338.87","31.99","2.3","-2.4","Moving Up","","",,="4/9","<1","false","Swing"
"HD","Home Depot, Inc. (The) Common Stock","Discretionary","Home Improvement Retail","337.88","57.8","Sell","Aug 18, 2026","Downtrend","Aug 20, 2026","3823552.73","83.2","3.47","0.13","Moving Down","","",,="2/9","<1","false","Swing"
"HTHT","H World Group Limited American Depositary Shares","Discretionary","Lodging","49.47","72.76","Buy","Aug 18, 2026","Uptrend","Aug 17, 2026","1635079.07","-60.77","0.06","1.71","Moving Up","","",,="5/9","<1","false","Swing"
"IBKR","Interactive Brokers Group, Inc. Class A Common Stock","Financials","Capital Markets","98.19","55.72","Buy","Aug 18, 2026","Uptrend","Aug 17, 2026","4520451","774.93","2.56","5.52","Moving Up","","Positive",,="5/9","<1","false","Swing"
"KURA","Kura Oncology, Inc. Common Stock","Health Care","Biotechnology","13.59","81.86","Buy","Aug 18, 2026","Uptrend","Aug 17, 2026","1736237.23","11.72","4.74","9.6","Moving Up","","",,="6/9","<1","false","Swing"
"LKQ","LKQ Corporation Common Stock","Discretionary","Auto Parts","25.37","59.56","Buy","Aug 18, 2026","Neutral","Aug 25, 2026","3435843.33","-39.3","2.4","-1.44","Moving Up","","",,="4/9","<1","false","Swing"
"LTH","Life Time Group Holdings, Inc. Common Stock","Discretionary","Leisure","44.55","73.38","Buy","Aug 18, 2026","Uptrend","May 05, 2026","2843194.8","2.41","0.03","-2.58","Moving Down","","",,="4/9","<1","false","Swing"
"MCD","McDonald's Corporation Common Stock","Discretionary","Restaurants","268.1","33.51","Sell","Aug 18, 2026","Downtrend","Aug 18, 2026","4296052.3","64.9","3.93","-1.63","Moving Up","","",,="3/9","<1","false","Swing"
"METC","Ramaco Resources, Inc. Class A Common Stock","Materials","Coking Coal","12.92","49.18","Buy","Aug 18, 2026","Uptrend","Aug 21, 2026","2047770.97","433.93","5.24","3.94","Moving Up","","",,="5/9","<1","false","Swing"
"MRSH","Marsh Common Stock","Financials","Insurance Brokers","193.4","82.08","Sell","Aug 18, 2026","Uptrend","Jun 26, 2026","2231961.6","-49.26","0.25","-0.65","Moving Up","","",,="4/9","<1","false","Swing"
"MWA","MUELLER WATER PRODUCTS Common Stock","Industrials","Specialty Industrial Machinery","24.94","46.01","Sell","Aug 18, 2026","Downtrend","Aug 18, 2026","1029723.7","-32.6","0.29","-0.83","Moving Down","","",,="2/9","<1","false","Swing"
"NRIX","Nurix Therapeutics, Inc. Common stock","Health Care","Biotechnology","26.95","65.46","Sell","Aug 18, 2026","Uptrend","Jun 15, 2026","1033362.23","156.99","4.06","2.59","Moving Down","","",,="3/9","<1","false","Swing"
"NTR","Nutrien Ltd. Common Shares","Materials","Agricultural Inputs","72.84","66.08","Buy","Aug 18, 2026","Uptrend","Aug 14, 2026","2394505.2","8.37","0.12","-1.95","Moving Up","","",,="6/9","<1","false","Swing"
"OKLO","Oklo Inc. Class A common stock","Utilities","Utilities - Independent Power Producers","44.27","27.39","Sell","Aug 18, 2026","Downtrend","Aug 14, 2026","9127977.6","68.77","0.73","11.54","Moving Up","","Positive",,="4/9","<1","false","Swing"
"PHM","PulteGroup, Inc. Common Stock","Discretionary","Residential Construction","130.86","54.03","Sell","Aug 18, 2026","Uptrend","Aug 25, 2026","1591140.13","22.03","0.22","0.96","Moving Down","","",,="2/9","<1","false","Swing"
"PR","Permian Resources Corporation Class A Common Stock","Energy","Oil & Gas E&P","23.3","76.6","Buy","Aug 18, 2026","Uptrend","Aug 06, 2026","9049710.73","562.44","2.38","-1.65","Moving Up","","",,="5/9","<1","false","Swing"
"PRCT","PROCEPT BioRobotics Corporation Common Stock","Health Care","Medical Devices","21.6","67.19","Sell","Aug 18, 2026","Uptrend","Aug 21, 2026","1593317.07","33.55","7.51","1.65","Moving Up","","",,="4/9","<1","false","Swing"
"PRM","Perimeter Solutions, SA Common Stock","Materials","Specialty Chemicals","31.3","13.38","Sell","Aug 18, 2026","Downtrend","Aug 17, 2026","1571404.43","228.68","1.01","2.09","Moving Down","","",,="3/9","<1","false","Swing"
"PSA","Public Storage Common Stock","Real Estate","REIT - Industrial","322.67","68.08","Sell","Aug 18, 2026","Uptrend","Jul 28, 2026","1052253.2","3.63","0.14","-0.71","Moving Down","","",,="5/9","<1","false","Swing"
"QXO","QXO, Inc. Common Stock","Industrials","Industrial Distribution","13.85","28.6","Sell","Aug 18, 2026","Downtrend","Aug 17, 2026","19051302.4","-525.19","0.22","3.28","Moving Down","","",,="2/9","<1","false","Swing"
"REYN","Reynolds Consumer Products Inc. Common Stock","Discretionary","Packaging & Containers","24.56","47.5","Sell","Aug 18, 2026","Downtrend","Aug 24, 2026","1150621.9","21.55","10.22","-2.89","Moving Down","","",,="2/9","<1","false","Swing"
"RPRX","Royalty Pharma plc Class A Ordinary Shares ","Health Care","Biotechnology","62.07","74.79","Buy","Aug 18, 2026","Uptrend","Dec 24, 2025","2774572","40.8","2.3","1.21","Moving Up","","",,="6/9","<1","false","Swing"
"SFM","Sprouts Farmers Market, Inc. Common Stock","Staples","Grocery Stores","85.95","53.28","Sell","Aug 18, 2026","Uptrend","Aug 24, 2026","1884924.7","623.89","5.04","-0.21","Moving Down","","",,="4/9","<1","false","Swing"
"SMMT","Summit Therapeutics Inc. Common Stock ","Health Care","Biotechnology","13.36","21.36","Sell","Aug 18, 2026","Downtrend","Aug 14, 2026","4647328.5","-1462.32","0.09","4.95","Moving Up","","",,="4/9","<1","false","Swing"
"STEP","StepStone Group Inc. Class A Common Stock","Financials","Asset Management","49.77","61.77","Sell","Aug 18, 2026","Uptrend","Aug 03, 2026","1299060.27","-11.45","0.27","1.16","Moving Down","","",,="3/9","<1","false","Swing"
"SYK","Stryker Corporation Common Stock","Health Care","Medical Devices","330.59","59.67","Sell","Aug 18, 2026","Neutral","Aug 25, 2026","2313121.13","-18.1","0.28","0.85","Moving Down","","",,="3/9","<1","false","Swing"
"TAP","Molson Coors Beverage Company Class B Common Stock","Staples","Beverages - Brewers","42.01","66.61","Sell","Aug 18, 2026","Uptrend","Aug 19, 2026","2759848.83","-24.65","2.56","-2.28","Moving Down","","",,="4/9","<1","false","Swing"
"TPG","TPG Inc. Class A Common Stock","Financials","Asset Management","52.88","84.52","Sell","Aug 18, 2026","Uptrend","Jul 30, 2026","2836205.9","0.17","0.02","0.08","Moving Up","","",,="4/9","<1","false","Swing"
"TRGP","Targa Resources, Inc. Common Stock","Energy","Oil & Gas Midstream","286.91","68.27","Buy","Aug 18, 2026","Uptrend","Aug 17, 2026","1233055.87","127.11","0.53","-2.5","Moving Up","","",,="5/9","<1","false","Swing"
"TRIN","Trinity Capital Inc. Common Stock","Financials","Asset Management","18.7","66.17","Sell","Aug 18, 2026","Uptrend","Aug 06, 2026","1021756.93","22.01","0.5","0.48","Moving Up","","",,="4/9","<1","false","Swing"
"U","Unity Software Inc. Common Stock","Technology","Software - Application","44.99","80.23","Sell","Aug 18, 2026","Uptrend","Jun 30, 2026","10991936.23","46.52","5","-2.53","Moving Down","","",,="2/9","<1","false","Swing"
"VET","Vermilion Energy Inc. Common (Canada)","Energy","Oil & Gas E&P","12.2","80.74","Buy","Aug 18, 2026","Uptrend","Aug 06, 2026","1421046.27","21.07","7.18","-2.71","Moving Up","","",,="5/9","<1","false","Swing"
"WAB","Westinghouse Air Brake Technologies Corporation Common Stock","Industrials","Railroads","296.94","81.7","Sell","Aug 18, 2026","Uptrend","Jul 22, 2026","1051280.87","44.36","0.41","-0.23","Moving Down","","",,="3/9","<1","false","Swing"
"WY","Weyerhaeuser Company Common Stock","Real Estate","REIT - Specialty","24.43","67.9","Sell","Aug 18, 2026","Neutral","Aug 25, 2026","5092940.77","-36.38","1.11","0.16","Moving Down","","",,="4/9","<1","false","Swing"
"ADPT","Adaptive Biotechnologies Corporation Common Stock","Health Care","Diagnostics & Research","26.25","69.06","Sell","Aug 17, 2026","Uptrend","May 28, 2026","2520893.13","-230.77","0.27","2.74","Moving Up","","",,="5/9","<1","false","Swing"
"ALLE","Allegion plc Ordinary Shares","Industrials","Security & Protection Services","160.37","77.72","Sell","Aug 17, 2026","Uptrend","Jul 16, 2026","1278727.3","27.36","2.96","-1.39","Moving Down","","",,="3/9","<1","false","Swing"
"BILL","BILL Holdings, Inc. Common Stock","Technology","Software - Application","47.71","63.83","Sell","Aug 17, 2026","Uptrend","Jul 01, 2026","2563132.23","-11.91","11.31","-0.93","Moving Up","","",,="4/9","<1","false","Swing"
"BLZE","Backblaze, Inc. Class A Common Stock","Technology","Software - Infrastructure","15.28","62.21","Sell","Aug 17, 2026","Uptrend","Aug 03, 2026","3197137.77","17.28","2.03","-1.74","Moving Up","","",,="4/9","<1","false","Swing"
"BRK/B","Berkshire Hathaway Inc.","Financials","Insurance - Diversified","504.32","54.9","Sell","Aug 17, 2026","Neutral","Aug 24, 2026","4172684.93","43.62","0.98","0","Moving Down","","",,="2/9","<1","false","Swing"
"CCL","Carnival Corporation Ltd. Common Shares","Discretionary","Travel Services","26.14","49.44","Sell","Aug 17, 2026","Downtrend","Aug 19, 2026","17811976.47","60.39","6.31","1.67","Moving Down","","",,="2/9","<1","false","Swing"
"CRWD","CrowdStrike Holdings, Inc. Class A Common Stock","Technology","Software - Infrastructure","185.38","49.97","Sell","Aug 17, 2026","Downtrend","Aug 24, 2026","7705469.97","50.74","0.74","-2.78","Moving Down","","Positive",,="2/9","<1","false","Swing"
"CSCO","Cisco Systems, Inc. Common Stock (DE)","Technology","Communication Equipment","111.11","57.54","Sell","Aug 17, 2026","Downtrend","Aug 17, 2026","21073591.1","78.48","1.59","0.8","Moving Down","","Positive",,="2/9","<1","false","Swing"
"CSIQ","Canadian Solar Inc. Common Shares (ON)","Technology","Solar","14.28","33.8","Sell","Aug 17, 2026","Downtrend","Aug 20, 2026","1767884.07","-77.15","3.42","-0.28","Moving Down","","",,="2/9","<1","false","Swing"
"DBX","Dropbox, Inc. Class A Common Stock","Technology","Software - Infrastructure","34.78","81.66","Sell","Aug 17, 2026","Uptrend","Jul 01, 2026","3975858.13","-100.6","0.06","-0.29","Moving Down","","",,="3/9","<1","false","Swing"
"DHT","DHT Holdings, Inc.","Energy","Oil & Gas Midstream","19.17","65.54","Buy","Aug 17, 2026","Uptrend","Aug 06, 2026","2933476.73","186.65","2.08","-2.79","Moving Up","","",,="5/9","<1","false","Swing"
"EWTX","Edgewise Therapeutics, Inc. Common Stock","Health Care","Biotechnology","44.21","50.22","Sell","Aug 17, 2026","Uptrend","Aug 04, 2026","1121250.9","-149.97","0.22","-1.14","Moving Up","","",,="5/9","<1","false","Swing"
"FRSH","Freshworks Inc. Class A Common Stock","Technology","Software - Application","12.86","92.49","Buy","Aug 17, 2026","Uptrend","Jul 24, 2026","10100921.1","1.63","4.37","-2.5","Moving Down","","",,="4/9","<1","false","Swing"
"FTI","TechnipFMC plc Ordinary Share","Energy","Oil & Gas Equipment & Services","75.2","66.61","Buy","Aug 17, 2026","Uptrend","Aug 11, 2026","3134833.77","179.33","1.19","-0.86","Moving Down","","",,="4/9","<1","false","Swing"
"GM","General Motors Company Common Stock","Discretionary","Auto Manufacturers","85.81","70.5","Sell","Aug 17, 2026","Uptrend","Jul 22, 2026","6264686.4","74.51","1.7","-1.35","Moving Down","","",,="3/9","<1","false","Swing"
"HLIT","Harmonic Inc. Common Stock","Technology","Communication Equipment","12.31","56.33","Buy","Aug 17, 2026","Neutral","Aug 19, 2026","1571521.5","-138.85","0.1","2.5","Moving Up","","",,="4/9","<1","false","Swing"
"HUM","Humana Inc. Common Stock","Health Care","Healthcare Plans","389.71","71.46","Buy","Aug 17, 2026","Uptrend","Aug 24, 2026","1366248.5","-74.32","0.03","0.8","Moving Up","","",,="5/9","<1","false","Swing"
"INFY","Infosys Limited American Depositary Shares","Technology","Information Technology Services","12.03","53.1","Sell","Aug 17, 2026","Uptrend","Aug 25, 2026","22014711.03","-2.3","0.31","1.78","Moving Down","","",,="3/9","<1","false","Swing"
"IP","International Paper Company Common Stock","Discretionary","Packaging & Containers","40.99","76.7","Sell","Aug 17, 2026","Uptrend","Jun 11, 2026","4780825.1","-67.54","0.01","-0.12","Moving Down","","",,="3/9","<1","false","Swing"
"LOGI","Logitech International S.A. Ordinary Shares","Technology","Computer Hardware","98.65","46.74","Sell","Aug 17, 2026","Downtrend","Aug 17, 2026","1070616.7","188.59","4.82","1.48","Moving Down","","",,="2/9","<1","false","Swing"
"LPX","Louisiana-Pacific Corporation Common Stock","Industrials","Building Products & Equipment","72.32","58.95","Sell","Aug 17, 2026","Downtrend","Aug 20, 2026","1128377.93","84.58","1.63","-0.41","Moving Down","","",,="2/9","<1","false","Swing"
"LULU","lululemon athletica inc. Common Stock","Discretionary","Apparel Retail","118.33","48.11","Sell","Aug 17, 2026","Downtrend","Aug 25, 2026","2561213.83","170.61","15.51","-3.62","Moving Down","","Negative",,="2/9","<1","false","Swing"
"MPLX","MPLX LP Common Units Representing Limited Partner Interests","Energy","Oil & Gas Midstream","58.36","65.68","Sell","Aug 17, 2026","Uptrend","Jul 02, 2026","1484367.6","3.57","0.01","-0.17","Moving Down","","",,="3/9","<1","false","Swing"
"MRAM","Everspin Technologies, Inc. Common Stock","Technology","Semiconductors","17.63","57.11","Buy","Aug 17, 2026","Neutral","Aug 19, 2026","1318796.8","508.94","8.89","9.23","Moving Down","","",,="3/9","<1","false","Swing"
"MRK","Merck & Company, Inc. Common Stock (new)","Health Care","Drug Manufacturers - General","156.45","90.7","Buy","Aug 17, 2026","Uptrend","Jun 23, 2026","10055463.7","-39.91","0.23","3.84","Moving Up","","",,="6/9","<1","false","Swing"
"MU","Micron Technology, Inc. Common Stock","Technology","Semiconductors","932.97","46.4","Buy","Aug 17, 2026","Uptrend","Aug 14, 2026","39163922.37","1276.02","2.06","2.48","Moving Up","","","true",="5/9","<1","false","Swing"
"NET","Cloudflare, Inc. Class A Common Stock","Technology","Software - Infrastructure","277.58","42.97","Sell","Aug 17, 2026","Uptrend","Jun 29, 2026","3566582.23","245.93","2.97","-0.99","Moving Down","","",,="3/9","<1","false","Swing"
"NLY","Annaly Capital Management Inc. Common Stock","Real Estate","REIT - Mortgage","23.1","71.43","Buy","Aug 17, 2026","Uptrend","Jul 24, 2026","6877870.7","-5.1","8.85","-0.65","Moving Down","","",,="6/9","<1","false","Swing"
"NU","Nu Holdings Ltd. Class A Ordinary Shares","Financials","Banks - Regional","15.14","74.5","Buy","Aug 17, 2026","Uptrend","Aug 14, 2026","85662369.5","30.16","2.61","2.57","Moving Up","","",,="5/9","<1","false","Swing"
"OTIS","Otis Worldwide Corporation Common Stock ","Industrials","Specialty Industrial Machinery","71.46","45.41","Sell","Aug 17, 2026","Downtrend","Aug 17, 2026","3631060.67","-17.4","0.55","-1.01","Moving Up","","",,="2/9","<1","false","Swing"
"OWL","Blue Owl Capital Inc. Class A Common Stock","Financials","Asset Management","11.79","73.26","Sell","Aug 17, 2026","Uptrend","Jul 27, 2026","18715754.6","-7.15","0.1","0.94","Moving Down","","",,="3/9","<1","false","Swing"
"PATH","UiPath, Inc. Class A Common Stock","Technology","Software - Infrastructure","16.66","76.76","Sell","Aug 17, 2026","Uptrend","Jul 28, 2026","76318387.43","-38.52","3.01","0.54","Moving Up","","",,="4/9","<1","false","Swing"
"PEP","PepsiCo, Inc. Common Stock","Staples","Beverages - Non-Alcoholic","142.27","48.41","Buy","Aug 17, 2026","Uptrend","Aug 19, 2026","7123304.53","17.74","4.88","-1.66","Moving Up","","Positive",,="6/9","<1","false","Swing"
"PFG","Principal Financial Group Inc Common Stock","Financials","Asset Management","111.59","70.07","Sell","Aug 17, 2026","Neutral","Aug 21, 2026","1345421","7.42","0.17","-0.27","Moving Down","","",,="1/9","<1","false","Swing"
"PNFP","Pinnacle Financial Partners, Inc. Common stock","Financials","Banks - Regional","100.77","64.67","Sell","Aug 17, 2026","Downtrend","Aug 24, 2026","1171054.3","54.22","2.69","-0.56","Moving Down","","",,="2/9","<1","false","Swing"
"PSX","Phillips 66 Common Stock","Energy","Oil & Gas Refining & Marketing","236.9","96.79","Buy","Aug 17, 2026","Uptrend","Jul 07, 2026","2534665.97","56.51","1.33","-2.09","Moving Down","","",,="4/9","<1","false","Swing"
"PTY","Pimco Corporate & Income Opportunity Fund","Financials","Closed-End Fund - Debt","11.82","46.05","Sell","Aug 17, 2026","Downtrend","Aug 13, 2026","1242105.77","16.14","3.63","0.51","Moving Up","","",,="3/9","<1","false","Swing"
"PWP","Perella Weinberg Partners Class A Common Stock","Financials","Capital Markets","16.57","51.29","Sell","Aug 17, 2026","Neutral","Aug 18, 2026","1149224.1","32.44","1.89","0.67","Moving Up","","",,="3/9","<1","false","Swing"
"RCL","Royal Caribbean Cruises Ltd. Common Stock","Discretionary","Travel Services","292.29","50.08","Sell","Aug 17, 2026","Downtrend","Aug 19, 2026","1993122.8","214.2","5.21","-0.24","Moving Down","","",,="2/9","<1","false","Swing"
"SDGR","Schrodinger, Inc. Common Stock","Health Care","Health Information Services","19.99","81.81","Sell","Aug 17, 2026","Uptrend","Aug 05, 2026","1066277.5","-101.75","2.36","6.5","Moving Up","","",,="5/9","<1","false","Swing"
"SHC","Sotera Health Company Common Stock","Health Care","Diagnostics & Research","19.51","44.42","Sell","Aug 17, 2026","Uptrend","Jun 18, 2026","2986168.87","69.66","16.73","1.77","Moving Up","","",,="5/9","<1","false","Swing"
"SJM","The J.M. Smucker Company Common Stock","Staples","Packaged Foods","125.45","78.27","Buy","Aug 17, 2026","Uptrend","Jul 16, 2026","1289432.27","-88.78","0.07","-0.33","Moving Up","","Positive",,="7/9","<1","false","Swing"
"SYY","Sysco Corporation Common Stock","Staples","Food Distribution","83.46","77.41","Sell","Aug 17, 2026","Uptrend","Aug 24, 2026","3120566.3","-29.95","0.02","-0.48","Moving Down","","",,="4/9","<1","false","Swing"
"VLO","Valero Energy Corporation Common Stock","Energy","Oil & Gas Refining & Marketing","340.41","87.66","Buy","Aug 17, 2026","Uptrend","Jun 26, 2026","2550196.77","152.89","1.27","-1.62","Moving Up","","",,="5/9","<1","false","Swing"
"ZETA","Zeta Global Holdings Corp. Class A Common Stock","Technology","Software - Infrastructure","27.88","71.78","Sell","Aug 17, 2026","Uptrend","Jul 28, 2026","8327564.37","-24.21","0.32","-2.07","Moving Up","","",,="4/9","<1","false","Swing"
"AGNC","AGNC Investment Corp. Common Stock","Real Estate","REIT - Mortgage","10.91","67.94","Buy","Aug 14, 2026","Uptrend","Aug 13, 2026","18426624.97","33.87","6.12","-0.64","Moving Up","","",,="7/9","<1","false","Swing"
"ALK","Alaska Air Group, Inc. Common Stock","Industrials","Airlines","43.33","45.73","Sell","Aug 14, 2026","Downtrend","Aug 14, 2026","2785154.4","-18.81","6.15","4.26","Moving Down","","",,="2/9","<1","false","Swing"
"CBZ","CBIZ, Inc. Common Stock","Industrials","Specialty Business Services","54.75","92.15","Sell","Aug 14, 2026","Uptrend","Jul 01, 2026","1671098.1","-68.24","0.24","0.27","Moving Down","","",,="2/9","<1","false","Swing"
"CP","Canadian Pacific Kansas City Limited Common Shares","Industrials","Railroads","94.34","77.68","Buy","Aug 14, 2026","Uptrend","Jul 31, 2026","2483010.5","110.5","3.3","-0.36","Moving Up","","",,="5/9","<1","false","Swing"
"CVE","Cenovus Energy Inc Common Stock","Energy","Oil & Gas Integrated","30.76","87.88","Buy","Aug 14, 2026","Uptrend","Jul 14, 2026","6652069.37","90.45","1.17","-4.38","Moving Down","","",,="4/9","<1","false","Swing"
"DAR","Darling Ingredients Inc. Common Stock","Staples","Packaged Foods","62.58","74.81","Buy","Aug 14, 2026","Uptrend","Aug 10, 2026","2382988.3","-24.21","0.31","0.42","Moving Down","","Positive",,="6/9","<1","false","Swing"
"DKNG","DraftKings Inc. Class A Common Stock","Discretionary","Gambling","25.79","62.14","Buy","Aug 14, 2026","Uptrend","Aug 19, 2026","12053101.37","39.9","15.96","-0.69","Moving Up","","",,="4/9","<1","false","Swing"
"DT","Dynatrace, Inc. Common Stock","Technology","Software - Application","50.07","81.46","Sell","Aug 14, 2026","Uptrend","Jul 30, 2026","5957393.03","21.29","15.83","2.08","Moving Up","","",,="3/9","<1","false","Swing"
"EOG","EOG Resources, Inc. Common Stock","Energy","Oil & Gas E&P","146.83","69.64","Buy","Aug 14, 2026","Uptrend","Aug 10, 2026","2789013.97","40.78","1.28","-2.25","Moving Up","","",,="5/9","<1","false","Swing"
"GOOG","Alphabet Inc. Class C Capital Stock","Communication","Internet Content & Information","343.34","38.28","Sell","Aug 14, 2026","Downtrend","Aug 13, 2026","19159849.3","259.73","1.7","-0.36","Moving Down","","Positive",,="3/9","<1","false","Swing"
"GOOGL","Alphabet Inc. Class A Common Stock","Communication","Internet Content & Information","346.96","59.74","Sell","Aug 14, 2026","Downtrend","Aug 13, 2026","28455524.93","166.86","1.05","-0.32","Moving Down","","Positive","true",="3/9","<1","false","Swing"
"GTES","Gates Industrial Corporation plc Ordinary Shares","Industrials","Specialty Industrial Machinery","25.96","30.58","Sell","Aug 14, 2026","Downtrend","Aug 19, 2026","1894892.1","-41.45","0.17","-0.27","Moving Down","","",,="2/9","<1","false","Swing"
"HOG","Harley-Davidson, Inc. Common Stock","Discretionary","Recreational Vehicles","27.49","82.27","Buy","Aug 14, 2026","Uptrend","Aug 05, 2026","2445282.57","45.18","9.5","-2.83","Moving Up","","",,="5/9","<1","false","Swing"
"KEP","Korea Electric Power Corporation Common Stock","Utilities","Utilities - Regulated Electric","11.8","38.3","Sell","Aug 14, 2026","Downtrend","Aug 13, 2026","1052170.7","32.39","183.64","4.33","Moving Down","","",,="3/9","<1","false","Swing"
"MGY","Magnolia Oil & Gas Corporation Class A Common Stock","Energy","Oil & Gas E&P","26.44","71.93","Buy","Aug 14, 2026","Uptrend","Aug 14, 2026","5898978.5","-52.84","0","-2.87","Moving Up","","",,="5/9","<1","false","Swing"
"MKC","McCormick & Company, Incorporated Common Stock","Staples","Packaged Foods","54.48","71.92","Buy","Aug 14, 2026","Uptrend","Jul 28, 2026","2877584.9","14.3","4.31","-3.06","Moving Down","","",,="6/9","<1","false","Swing"
"MPC","Marathon Petroleum Corporation Common Stock","Energy","Oil & Gas Refining & Marketing","354.88","93.76","Buy","Aug 14, 2026","Uptrend","Jul 01, 2026","2245805.27","983.19","1.15","-2.11","Moving Up","","Positive",,="5/9","<1","false","Swing"
"MRNA","Moderna, Inc. Common Stock","Health Care","Biotechnology","158.83","95.83","Buy","Aug 14, 2026","Uptrend","Aug 13, 2026","19422143.6","218.9","15.62","14.36","Moving Up","","",,="6/9","<1","false","Swing"
"MRVL","Marvell Technology, Inc. Common Stock","Technology","Semiconductors","240.38","75.98","Buy","Aug 14, 2026","Uptrend","Aug 13, 2026","23184751.43","364.08","1.27","4.84","Moving Up","","Positive","true",="5/9","<1","false","Swing"
"NVST","Envista Holdings Corporation Common Stock","Health Care","Medical Instruments & Supplies","27.47","38.7","Sell","Aug 14, 2026","Uptrend","Jun 15, 2026","2876147.53","-31.51","3.53","0.48","Moving Down","","",,="3/9","<1","false","Swing"
"OKE","ONEOK, Inc. Common Stock","Energy","Oil & Gas Midstream","91.7","64.98","Buy","Aug 14, 2026","Uptrend","Aug 12, 2026","3641513.47","-32.04","0.22","-1.42","Moving Up","","",,="5/9","<1","false","Swing"
"PAYX","Paychex, Inc. Common Stock","Technology","Software - Application","124.99","93.83","Sell","Aug 14, 2026","Uptrend","Jun 25, 2026","2867832","-36.29","0.25","-0.81","Moving Down","","",,="2/9","<1","false","Swing"
"PCAR","PACCAR Inc. Common Stock","Industrials","Farm & Heavy Construction Machinery","129.22","75.25","Sell","Aug 14, 2026","Neutral","Aug 24, 2026","3293740.33","99.71","1.44","-0.55","Moving Down","","",,="2/9","<1","false","Swing"
"PDD","PDD Holdings Inc. American Depositary Shares","Discretionary","Internet Retail","87.75","59.21","Sell","Aug 14, 2026","Uptrend","Aug 25, 2026","6203147.7","-16.63","0.06","0.78","Moving Up","","",,="4/9","<1","false","Swing"
"PRCH","Porch Group, Inc. Common Stock","Financials","Insurance - Property & Casualty","17.45","54.22","Sell","Aug 14, 2026","Uptrend","Jul 31, 2026","1595062.2","219.67","5.72","2.29","Moving Down","","",,="3/9","<1","false","Swing"
"QSR","Restaurant Brands International Inc. Common Shares","Discretionary","Restaurants","81.56","83.17","Buy","Aug 14, 2026","Uptrend","Aug 13, 2026","2220794.03","-30.91","0.17","-0.01","Moving Up","","",,="4/9","<1","false","Swing"
"RELX","RELX PLC PLC American Depositary Shares (Each representing One Ordinary Share)","Industrials","Specialty Business Services","35.88","73.48","Sell","Aug 14, 2026","Uptrend","Aug 19, 2026","2525112.6","-8.64","0.33","-1.4","Moving Up","","",,="3/9","<1","false","Swing"
"RKLB","Rocket Lab Corporation Common Stock","Industrials","Aerospace & Defense","66.91","14.28","Sell","Aug 14, 2026","Downtrend","Aug 21, 2026","18388072.03","2249.27","5.44","-2.01","Moving Down","","",,="2/9","<1","false","Swing"
"RLAY","Relay Therapeutics, Inc. Common Stock","Health Care","Biotechnology","20.57","42.55","Sell","Aug 14, 2026","Uptrend","May 26, 2026","2146371.13","6.22","5.27","4.1","Moving Down","","",,="4/9","<1","false","Swing"
"RNG","RingCentral, Inc. Class A Common Stock","Technology","Software - Application","65.61","82.81","Sell","Aug 14, 2026","Uptrend","Jul 24, 2026","2213980.87","-46.89","5.8","-2.19","Moving Down","","",,="2/9","<1","false","Swing"
"ROST","Ross Stores, Inc. Common Stock","Discretionary","Apparel Retail","241.19","70.98","Sell","Aug 14, 2026","Neutral","Aug 21, 2026","2438443.43","35.99","0.88","-0.14","Moving Down","","",,="2/9","<1","false","Swing"
"STZ","Constellation Brands, Inc. Common Stock","Staples","Beverages - Brewers","135.01","59.83","Buy","Aug 14, 2026","Neutral","Aug 25, 2026","1706243.3","-56.86","1.3","-1.88","Moving Up","","",,="6/9","<1","false","Swing"
"TAL","TAL Education Group American Depositary Shares","Staples","Education & Training Services","11.59","59.32","Sell","Aug 14, 2026","Uptrend","Jul 08, 2026","4814008.03","3.52","3.57","0.96","Moving Down","","",,="5/9","<1","false","Swing"
"TPR","Tapestry, Inc. Common Stock","Discretionary","Luxury Goods","130.12","41.19","Sell","Aug 14, 2026","Downtrend","Aug 14, 2026","2763827.2","375.34","2.43","-1.54","Moving Down","","",,="2/9","<1","false","Swing"
"VERX","Vertex, Inc. Class A Common Stock","Technology","Software - Application","13.52","84.63","Buy","Aug 14, 2026","Uptrend","Aug 18, 2026","2304363.3","-80.88","0.53","-1.17","Moving Up","","",,="4/9","<1","false","Swing"
"VSXY","Victorias Secret & Co. Common Stock ","Discretionary","Apparel Retail","87.36","51.15","Sell","Aug 14, 2026","Neutral","Aug 21, 2026","1573574.87","245.41","1.62","0.28","Moving Up","","Positive",,="3/9","<1","false","Swing"
"YUMC","Yum China Holdings, Inc. Common Stock","Discretionary","Restaurants","48.57","63.2","Sell","Aug 14, 2026","Uptrend","Jul 27, 2026","1512927.17","0.86","3.8","-0.72","Moving Up","","Positive",,="4/9","<1","false","Swing"
"ACM","AECOM Common Stock","Industrials","Engineering & Construction","62.78","30.76","Sell","Aug 13, 2026","Downtrend","Aug 12, 2026","1958298.53","-25.67","0.2","-3.4","Moving Down","","",,="2/9","<1","false","Swing"
"ADP","Automatic Data Processing, Inc. Common Stock","Technology","Software - Application","282.78","92.54","Sell","Aug 13, 2026","Uptrend","Jun 30, 2026","2384994.8","141.99","6.08","-0.08","Moving Down","","",,="2/9","<1","false","Swing"
"AEO","American Eagle Outfitters, Inc. Common Stock","Discretionary","Apparel Retail","16.73","42.38","Sell","Aug 13, 2026","Downtrend","Aug 13, 2026","4198869.27","184.16","33.06","-0.83","Moving Down","","",,="2/9","<1","false","Swing"
"AER","AerCap Holdings N.V. Ordinary Shares","Industrials","Rental & Leasing Services","147.44","49.6","Sell","Aug 13, 2026","Downtrend","Aug 19, 2026","1004798.4","-26.07","0.31","-0.08","Moving Down","","",,="2/9","<1","false","Swing"
"ARMK","Aramark Common Stock","Industrials","Specialty Business Services","59.08","85.62","Buy","Aug 13, 2026","Uptrend","Aug 11, 2026","2644089.3","18.94","1.48","-0.34","Moving Down","","",,="4/9","<1","false","Swing"
"ASML","ASML Holding N.V. New York Registry Shares","Technology","Semiconductor Equipment & Materials","1744.16","70.21","Buy","Aug 13, 2026","Uptrend","Aug 12, 2026","1602888.77","122.43","0.71","0.23","Moving Down","","",,="4/9","<1","false","Swing"
"AVPT","AvePoint, Inc. Class A Common Stock","Technology","Software - Infrastructure","13.07","59.49","Sell","Aug 13, 2026","Uptrend","Jun 29, 2026","1957599.8","184","4.6","-1.28","Moving Down","","",,="3/9","<1","false","Swing"
"BABA","Alibaba Group Holding Limited American Depositary Shares each representing eight Ordinary share","Discretionary","Internet Retail","119.44","46.28","Sell","Aug 13, 2026","Neutral","Aug 21, 2026","11910080.23","9.53","4.93","0.82","Moving Down","","","true",="2/9","<1","false","Swing"
"BILI","Bilibili Inc. American Depositary Shares","Communication","Internet Content & Information","16.57","21.24","Sell","Aug 13, 2026","Downtrend","Aug 13, 2026","2289891.8","-42.92","5.07","0.42","Moving Down","","",,="3/9","<1","false","Swing"
"BTU","Peabody Energy Corporation Common Stock ","Energy","Thermal Coal","27.46","54.1","Buy","Aug 13, 2026","Uptrend","Aug 14, 2026","2355130.97","-122.5","0.17","-1.58","Moving Up","","",,="5/9","<1","false","Swing"
"BUD","Anheuser-Busch Inbev SA Sponsored ADR (Belgium)","Staples","Beverages - Brewers","78.75","54.43","Sell","Aug 13, 2026","Downtrend","Aug 12, 2026","1720418.37","48.4","36.02","-0.69","Moving Down","","",,="4/9","<1","false","Swing"
"BZ","KANZHUN LIMITED American Depository Shares","Communication","Internet Content & Information","16.29","61.1","Sell","Aug 13, 2026","Uptrend","Jul 13, 2026","4015368.3","49.62","10.45","5.51","Moving Up","","Positive",,="5/9","<1","false","Swing"
"CBRE","CBRE Group Inc Common Stock Class A","Real Estate","Real Estate Services","151.74","64.01","Sell","Aug 13, 2026","Uptrend","Jul 24, 2026","1578065.5","53.65","1.12","-0.13","Moving Down","","",,="5/9","<1","false","Swing"
"CNM","Core & Main, Inc. Class A Common Stock","Industrials","Industrial Distribution","44.08","44.98","Sell","Aug 13, 2026","Downtrend","Aug 20, 2026","1819892.67","-55.96","0.13","-0.7","Moving Down","","",,="2/9","<1","false","Swing"
"CRNX","Crinetics Pharmaceuticals, Inc. Common Stock","Health Care","Biotechnology","84.86","58.67","Sell","Aug 13, 2026","Uptrend","Jun 26, 2026","2825708.83","313.13","2.91","0.09","Moving Down","","",,="4/9","<1","false","Swing"
"CZR","Caesars Entertainment, Inc. Common Stock","Discretionary","Resorts & Casinos","29.66","70.07","Sell","Aug 13, 2026","Neutral","Aug 13, 2026","3651023.43","-41.62","4.43","0","Moving Down","","",,="1/9","<1","false","Swing"
"DXC","DXC Technology Company Common Stock ","Technology","Information Technology Services","10.89","66.9","Sell","Aug 13, 2026","Uptrend","Jul 24, 2026","3475535.33","-111.51","2.22","2.45","Moving Down","","",,="2/9","<1","false","Swing"
"EFC","Ellington Financial Inc. Common Stock ","Real Estate","REIT - Mortgage","13.58","68.12","Buy","Aug 13, 2026","Uptrend","Aug 12, 2026","1113978.33","4.75","0.43","-0.29","Moving Down","","",,="5/9","<1","false","Swing"
"ELV","Elevance Health, Inc. Common Stock","Health Care","Healthcare Plans","398.87","70.91","Buy","Aug 13, 2026","Uptrend","Aug 12, 2026","1206910.4","4.93","0.39","-0.93","Moving Up","","",,="6/9","<1","false","Swing"
"EQNR","Equinor ASA","Energy","Oil & Gas Integrated","41.21","74.94","Buy","Aug 13, 2026","Uptrend","Jul 14, 2026","3357987.03","20.12","0.58","-2.74","Moving Up","","",,="4/9","<1","false","Swing"
"EXPD","Expeditors International of Washington, Inc. Common Stock","Industrials","Integrated Freight & Logistics","189.05","87.57","Buy","Aug 13, 2026","Uptrend","May 05, 2026","1102301.63","-19.87","0.32","0.65","Moving Up","","",,="5/9","<1","false","Swing"
"FA","First Advantage Corporation Common Stock","Industrials","Specialty Business Services","20.32","66.14","Sell","Aug 13, 2026","Neutral","Aug 25, 2026","2425464.57","-13.55","0.25","-1.79","Moving Down","","",,="2/9","<1","false","Swing"
"GILD","Gilead Sciences, Inc. Common Stock","Health Care","Drug Manufacturers - General","148.77","64.5","Buy","Aug 13, 2026","Uptrend","Aug 07, 2026","6333296.6","79.1","1.49","1.38","Moving Up","","",,="6/9","<1","false","Swing"
"GMAB","Genmab A/S ADS","Health Care","Biotechnology","34.36","87.59","Buy","Aug 13, 2026","Uptrend","Jun 30, 2026","2434131.8","81.17","4.57","4.06","Moving Up","","",,="5/9","<1","false","Swing"
"GPGI","GPGI, Inc. Class A Common Stock","Industrials","Metal Fabrication","13.59","36.27","Sell","Aug 13, 2026","Downtrend","Aug 12, 2026","1305167.67","-60.62","0.22","4.06","Moving Up","","",,="3/9","<1","false","Swing"
"GPN","Global Payments Inc. Common Stock","Technology","Software - Infrastructure","93.82","92.67","Sell","Aug 13, 2026","Uptrend","Jun 29, 2026","3121681.17","-49.13","3.19","-0.51","Moving Down","","",,="3/9","<1","false","Swing"
"HON","Honeywell International Inc. Common Stock","Industrials","Conglomerates","215.68","62.97","Sell","Aug 13, 2026","Downtrend","Aug 17, 2026","3150635.77","-46.43","0.12","0.42","Moving Down","","",,="2/9","<1","false","Swing"
"HWM","Howmet Aerospace Inc. Common Stock","Industrials","Aerospace & Defense","264.04","54.8","Sell","Aug 13, 2026","Downtrend","Aug 21, 2026","2061361.2","358.36","1.05","0.28","Moving Down","","",,="2/9","<1","false","Swing"
"IR","Ingersoll Rand Inc. Common Stock","Industrials","Specialty Industrial Machinery","78.57","43.02","Sell","Aug 13, 2026","Downtrend","Aug 18, 2026","4224530.17","37.3","1.94","-1.78","Moving Down","","",,="2/9","<1","false","Swing"
"LNC","Lincoln National Corporation Common Stock","Financials","Insurance - Life","42.61","66.69","Sell","Aug 13, 2026","Neutral","Aug 24, 2026","2025603.13","-28.34","2.52","0.54","Moving Down","","",,="2/9","<1","false","Swing"
"LNG","Cheniere Energy, Inc. Common Stock","Energy","Oil & Gas Midstream","278.8","73.21","Buy","Aug 13, 2026","Uptrend","Jul 01, 2026","1592167.07","-76.81","0.35","-0.71","Moving Up","","",,="5/9","<1","false","Swing"
"MTDR","Matador Resources Company Common Stock","Energy","Oil & Gas E&P","55.55","81.38","Buy","Aug 13, 2026","Uptrend","Aug 14, 2026","2119551.93","274.61","2.16","-3.39","Moving Up","","",,="5/9","<1","false","Swing"
"OTEX","Open Text Corporation Common Shares","Technology","Software - Application","24.36","76.85","Sell","Aug 13, 2026","Uptrend","Jul 27, 2026","1610469.77","0.14","3.06","-0.9","Moving Down","","",,="3/9","<1","false","Swing"
"PPG","PPG Industries, Inc. Common Stock","Materials","Specialty Chemicals","113.65","65.68","Sell","Aug 13, 2026","Downtrend","Aug 12, 2026","1631833.1","-41.06","0.78","0.37","Moving Down","","",,="3/9","<1","false","Swing"
"SNOW","Snowflake Inc. Common Stock","Technology","Software - Application","317.02","66.81","Sell","Aug 13, 2026","Uptrend","May 15, 2026","4496144.77","116.96","6.3","-1.78","Moving Up","","",,="4/9","<1","false","Swing"
"ST","Sensata Technologies Holding plc Ordinary Shares","Technology","Scientific & Technical Instruments","42.17","62.72","Sell","Aug 13, 2026","Downtrend","Aug 13, 2026","1631236.63","-41.3","1.81","0.5","Moving Down","","",,="2/9","<1","false","Swing"
"TJX","TJX Companies, Inc. (The) Common Stock","Discretionary","Apparel Retail","139.48","30.09","Sell","Aug 13, 2026","Downtrend","Aug 13, 2026","5660869.7","30.89","0.58","-0.87","Moving Down","","",,="2/9","<1","false","Swing"
"VIPS","Vipshop Holdings Limited American Depositary Shares, each representing two ordinary shares","Discretionary","Internet Retail","14.16","36.69","Sell","Aug 13, 2026","Downtrend","Aug 24, 2026","2201289.03","43.34","34.79","-1.12","Moving Down","","",,="2/9","<1","false","Swing"
"VNT","Vontier Corporation Common Stock ","Technology","Scientific & Technical Instruments","33.39","57.57","Sell","Aug 13, 2026","Uptrend","Jul 24, 2026","1535806.67","34.85","1.3","0.45","Moving Up","","",,="4/9","<1","false","Swing"
"AAL","American Airlines Group Inc. Common Stock","Industrials","Airlines","13.95","43.2","Sell","Aug 12, 2026","Downtrend","Aug 11, 2026","78925030.67","-26.31","6.77","2.35","Moving Down","","",,="2/9","<1","false","Swing"
"AAP","Advance Auto Parts Inc.","Discretionary","Auto Parts","43.64","42.82","Sell","Aug 12, 2026","Downtrend","Aug 19, 2026","2176244.07","-6.08","37.84","0.02","Moving Down","","",,="2/9","<1","false","Swing"
"ALB","Albemarle Corporation Common Stock","Materials","Specialty Chemicals","133.18","66.61","Buy","Aug 12, 2026","Neutral","Aug 25, 2026","2247990.2","148.79","5.14","-5.89","Moving Up","","",,="5/9","<1","false","Swing"
"ALL","Allstate Corporation (The) Common Stock","Financials","Insurance - Property & Casualty","257.62","66.64","Sell","Aug 12, 2026","Neutral","Aug 21, 2026","1680405.97","21.01","0.4","-0.99","Moving Down","","",,="1/9","<1","false","Swing"
"ARLO","Arlo Technologies, Inc. Common Stock","Industrials","Building Products & Equipment","13.32","35.4","Sell","Aug 12, 2026","Downtrend","Aug 19, 2026","1227547.97","-73.23","0.1","1.76","Moving Down","","",,="2/9","<1","false","Swing"
"CDW","CDW Corporation Common Stock","Technology","Information Technology Services","142.09","64.77","Sell","Aug 12, 2026","Neutral","Aug 25, 2026","1891748.07","-87.59","0","7.23","Moving Up","","",,="2/9","<1","false","Swing"
"CLBT","Cellebrite DI Ltd. Ordinary Shares","Technology","Software - Infrastructure","11.29","27.18","Sell","Aug 12, 2026","Downtrend","Aug 13, 2026","3445578.5","-87.37","0.1","-1.74","Moving Up","","",,="3/9","<1","false","Swing"
"COGT","Cogent Biosciences, Inc. Common Stock","Health Care","Biotechnology","36.8","27.6","Sell","Aug 12, 2026","Downtrend","Aug 14, 2026","1823794.3","202.51","2.17","1.57","Moving Down","","",,="3/9","<1","false","Swing"
"CTAS","Cintas Corporation Common Stock","Industrials","Specialty Business Services","204.76","76.46","Sell","Aug 12, 2026","Uptrend","Jul 02, 2026","2284806.33","35.53","0.38","-1.27","Moving Down","","",,="3/9","<1","false","Swing"
"DG","Dollar General Corporation Common Stock","Staples","Discount Stores","122.58","58.68","Sell","Aug 12, 2026","Uptrend","Aug 24, 2026","2071606","28.4","7.77","-2.19","Moving Down","","",,="5/9","<1","false","Swing"
"DOW","Dow Inc. Common Stock ","Materials","Chemicals","30.16","69.16","Buy","Aug 12, 2026","Neutral","Aug 25, 2026","9279186.67","-14.32","9.26","-4.07","Moving Down","","",,="4/9","<1","false","Swing"
"EXR","Extra Space Storage Inc Common Stock","Real Estate","REIT - Industrial","144.87","63.48","Sell","Aug 12, 2026","Downtrend","Aug 21, 2026","1102905.5","21.85","1.44","-0.94","Moving Down","","",,="3/9","<1","false","Swing"
"EYE","National Vision Holdings, Inc. Common Stock","Discretionary","Specialty Retail","18.69","30.6","Sell","Aug 12, 2026","Downtrend","Aug 14, 2026","2075902.83","14.65","4.2","2.52","Moving Down","","",,="2/9","<1","false","Swing"
"GFL","GFL Environmental Inc. Subordinate voting shares, no par value","Industrials","Waste Management","40.72","65.99","Sell","Aug 12, 2026","Uptrend","Jul 01, 2026","1985704.4","-87.05","0.12","-1.88","Moving Down","","",,="2/9","<1","false","Swing"
"GIS","General Mills, Inc. Common Stock","Staples","Packaged Foods","39.78","86.5","Buy","Aug 12, 2026","Uptrend","Aug 07, 2026","8475257.33","-47.13","1.22","-2.79","Moving Up","","",,="7/9","<1","false","Swing"
"GLBE","Global-E Online Ltd. Ordinary Shares","Discretionary","Internet Retail","39.43","74.82","Sell","Aug 12, 2026","Uptrend","Jul 24, 2026","1482925.37","-95.15","0.02","-1.08","Moving Down","","",,="3/9","<1","false","Swing"
"HOPE","Hope Bancorp, Inc. Common Stock","Financials","Banks - Regional","13.87","65.94","Sell","Aug 12, 2026","Uptrend","Jun 04, 2026","1024377.93","46.31","8.27","-0.57","Moving Down","","",,="3/9","<1","false","Swing"
"KC","Kingsoft Cloud Holdings Limited American Depositary Shares","Technology","Software - Application","10.51","29.82","Sell","Aug 12, 2026","Downtrend","Aug 25, 2026","1559365.1","-4.8","0.21","0.86","Moving Down","","",,="2/9","<1","false","Swing"
"KNTK","Kinetik Holdings Inc. Class A Common Stock","Energy","Oil & Gas Midstream","54.23","86.17","Buy","Aug 12, 2026","Uptrend","Aug 06, 2026","1037899.1","32.73","0.74","-0.86","Moving Up","","",,="5/9","<1","false","Swing"
"KSS","Kohl's Corporation Common Stock","Discretionary","Department Stores","17.68","67.53","Sell","Aug 12, 2026","Downtrend","Aug 25, 2026","3528257.27","-95.66","2.24","-3.39","Moving Down","","",,="2/9","<1","false","Swing"
"M","Macy's Inc Common Stock","Discretionary","Department Stores","22.59","57.5","Sell","Aug 12, 2026","Downtrend","Aug 14, 2026","4787118.33","-150.74","0.07","-2.55","Moving Down","","",,="2/9","<1","false","Swing"
"MA","Mastercard Incorporated Common Stock","Financials","Credit Services","599.37","83.83","Sell","Aug 12, 2026","Uptrend","Jun 26, 2026","2912836.23","3.55","0.1","-0.08","Moving Up","","Positive",,="4/9","<1","false","Swing"
"OCUL","Ocular Therapeutix, Inc. Common Stock","Health Care","Biotechnology","10.88","77.54","Buy","Aug 12, 2026","Uptrend","Aug 11, 2026","2577533.53","-242.15","0.1","0.93","Moving Up","","",,="5/9","<1","false","Swing"
"OMC","Omnicom Group Inc. Common Stock","Communication","Advertising Agencies","88.2","78.48","Buy","Aug 12, 2026","Uptrend","Jul 02, 2026","2756572.97","-78.42","0.05","-0.83","Moving Up","","",,="6/9","<1","false","Swing"
"ONON","On Holding AG Class A Ordinary Shares","Discretionary","Footwear & Accessories","28.83","20.46","Sell","Aug 12, 2026","Downtrend","Aug 11, 2026","7393707.5","-27.55","0.21","-2.3","Moving Down","","",,="2/9","<1","false","Swing"
"PHG","Koninklijke Philips N.V. NY Registry Shares","Health Care","Medical Devices","27.43","57.07","Buy","Aug 12, 2026","Uptrend","Aug 11, 2026","1148730.27","-21","6.05","-0.33","Moving Up","","",,="6/9","<1","false","Swing"
"RUM","Rumble Inc. Class A Common Stock","Communication","Internet Content & Information","10.23","84.02","Buy","Aug 12, 2026","Uptrend","Aug 11, 2026","3405093.43","-60.24","0.05","9.29","Moving Up","","Positive",,="6/9","<1","false","Swing"
"RYN","Rayonier Inc. REIT Common Stock","Real Estate","REIT - Specialty","21.25","65.03","Sell","Aug 12, 2026","Downtrend","Aug 20, 2026","2814417.83","-62.67","1.28","0.14","Moving Down","","",,="3/9","<1","false","Swing"
"SFL","SFL Corporation Ltd","Industrials","Marine Shipping","12.22","81.51","Sell","Aug 12, 2026","Uptrend","Jul 15, 2026","1252411.27","84.59","10.97","-0.33","Moving Down","","",,="3/9","<1","false","Swing"
"SFNC","Simmons First National Corporation Class A Common Stock","Financials","Banks - Regional","22.7","60.17","Sell","Aug 12, 2026","Downtrend","Aug 24, 2026","1486644.1","-14.93","2.03","-1.18","Moving Down","","",,="2/9","<1","false","Swing"
"SM","SM Energy Company Common Stock","Energy","Oil & Gas E&P","35.68","64.27","Buy","Aug 12, 2026","Uptrend","Aug 10, 2026","3559947.8","235.11","2.84","-2.14","Moving Up","","",,="5/9","<1","false","Swing"
"SRPT","Sarepta Therapeutics, Inc. Common Stock (DE)","Health Care","Biotechnology","18.92","73.68","Buy","Aug 12, 2026","Uptrend","Aug 11, 2026","2889350.83","-78.79","4","4.36","Moving Up","","",,="5/9","<1","false","Swing"
"SRRK","Scholar Rock Holding Corporation Common Stock","Health Care","Biotechnology","58.25","52.55","Buy","Aug 12, 2026","Uptrend","Aug 11, 2026","1032275.63","-270.63","0.14","0.09","Moving Up","","",,="6/9","<1","false","Swing"
"YETI","YETI Holdings, Inc. Common Stock","Discretionary","Leisure","42.58","17.68","Sell","Aug 12, 2026","Downtrend","Aug 13, 2026","1685370.13","5.8","4","-1.16","Moving Down","","",,="2/9","<1","false","Swing"
"BBWI","Bath & Body Works, Inc.","Discretionary","Specialty Retail","17.58","57.53","Sell","Aug 11, 2026","Downtrend","Aug 19, 2026","5463561.87","198.37","23.7","-8.29","Moving Down","","",,="2/9","<1","false","Swing"
"BMRN","BioMarin Pharmaceutical Inc. Common Stock","Health Care","Biotechnology","66.12","85.64","Buy","Aug 11, 2026","Uptrend","Jun 22, 2026","2064285.17","-26.1","2.6","1.61","Moving Down","","",,="5/9","<1","false","Swing"
"CCEP","Coca-Cola Europacific Partners plc Ordinary Shares","Staples","Beverages - Non-Alcoholic","109.85","78.03","Sell","Aug 11, 2026","Uptrend","Jun 09, 2026","1924590.37","44.29","0.84","-0.25","Moving Up","","",,="6/9","<1","false","Swing"
"CCJ","Cameco Corporation Common Stock","Energy","Uranium","106.96","57.61","Buy","Aug 11, 2026","Uptrend","Aug 21, 2026","3226291.53","554.68","1.42","4.59","Moving Up","","",,="4/9","<1","false","Swing"
"COMP","Compass, Inc. Class A Common Stock","Real Estate","Real Estate Services","11.8","52.43","Sell","Aug 11, 2026","Neutral","Aug 25, 2026","11192318.5","338.53","4.04","2.16","Moving Down","","",,="4/9","<1","false","Swing"
"CRK","Comstock Resources, Inc. Common Stock","Energy","Oil & Gas E&P","14.17","45.98","Buy","Aug 11, 2026","Uptrend","Aug 21, 2026","2205233.37","-29.83","0.25","-0.77","Moving Up","","",,="4/9","<1","false","Swing"
"DHR","Danaher Corporation Common Stock","Health Care","Diagnostics & Research","215.97","71.7","Buy","Aug 11, 2026","Uptrend","Jul 23, 2026","5527289","-2.79","0.33","0.4","Moving Up","","",,="6/9","<1","false","Swing"
"DVN","Devon Energy Corporation Common Stock","Energy","Oil & Gas E&P","46.91","69.07","Buy","Aug 11, 2026","Uptrend","Aug 10, 2026","10053643.83","-47.61","0.25","-2.74","Moving Up","","",,="5/9","<1","false","Swing"
"FDX","FedEx Corporation Common Stock","Industrials","Integrated Freight & Logistics","333.71","51.09","Buy","Aug 11, 2026","Uptrend","Aug 24, 2026","1491363.33","49.64","1.08","-0.1","Moving Up","","",,="4/9","<1","false","Swing"
"FWONK","Liberty Media Corporation Series C Liberty Formula One Common Stock","Communication","Entertainment","104.5","80.59","Buy","Aug 11, 2026","Uptrend","Jun 17, 2026","1972329.57","98.95","1.38","-2.03","Moving Up","","",,="5/9","<1","false","Swing"
"GRND","Grindr Inc. Common Stock","Technology","Software - Application","15.69","63.12","Sell","Aug 11, 2026","Neutral","Aug 19, 2026","1657811.8","224.79","4.87","0.71","Moving Up","","",,="3/9","<1","false","Swing"
"HAYW","Hayward Holdings, Inc. Common Stock","Industrials","Electrical Equipment & Parts","14.47","37.07","Sell","Aug 11, 2026","Downtrend","Aug 17, 2026","2710561.03","-60.04","0.12","-0.21","Moving Up","","",,="3/9","<1","false","Swing"
"LPTH","LightPath Technologies, Inc. Class A Common Stock","Technology","Electronic Components","13.79","59.6","Buy","Aug 11, 2026","Uptrend","Aug 10, 2026","2727161.5","604.99","1.09","4.23","Moving Up","","",,="5/9","<1","false","Swing"
"LW","Lamb Weston Holdings, Inc. Common Stock ","Staples","Packaged Foods","55.36","82.06","Sell","Aug 11, 2026","Uptrend","Jul 01, 2026","1724147.67","-14.05","3.7","1.02","Moving Up","","",,="6/9","<1","false","Swing"
"NOG","Northern Oil and Gas, Inc. Common Stock","Energy","Oil & Gas E&P","26.42","88.28","Buy","Aug 11, 2026","Uptrend","Aug 07, 2026","2512384.83","89.45","9.48","-1.56","Moving Up","","",,="5/9","<1","false","Swing"
"OXY","Occidental Petroleum Corporation Common Stock","Energy","Oil & Gas E&P","58.41","80.08","Buy","Aug 11, 2026","Uptrend","Aug 06, 2026","7914343.6","-23.08","0.21","-2.83","Moving Down","","",,="4/9","<1","false","Swing"
"RPD","Rapid7, Inc. Common Stock","Technology","Software - Infrastructure","12.13","80.76","Buy","Aug 11, 2026","Uptrend","Aug 04, 2026","2297825.13","-39.04","8.59","-0.49","Moving Down","","",,="4/9","<1","false","Swing"
"TRVI","Trevi Therapeutics, Inc. Common Stock","Health Care","Biotechnology","17.95","25.99","Sell","Aug 11, 2026","Uptrend","Jun 16, 2026","1948488.47","765.94","0.97","-0.72","Moving Down","","",,="4/9","<1","false","Swing"
"UUUU","Energy Fuels Inc Ordinary Shares (Canada)","Energy","Uranium","15.97","58.58","Buy","Aug 11, 2026","Uptrend","Aug 21, 2026","7195223.37","861.22","3.56","7.33","Moving Up","","",,="4/9","<1","false","Swing"
"VOD","Vodafone Group Plc American Depositary Shares","Communication","Telecom Services","16.13","82.93","Sell","Aug 11, 2026","Uptrend","Jul 14, 2026","3939836.17","-3.99","7.09","0.94","Moving Down","","",,="3/9","<1","false","Swing"
"WBD","Warner Bros. Discovery, Inc. Series A Common Stock ","Communication","Entertainment","28.9","60.9","Buy","Aug 11, 2026","Uptrend","Aug 10, 2026","22299547.07","148.86","59.36","0.7","Moving Up","","",,="6/9","<1","false","Swing"
"AG","First Majestic Silver Corp. Ordinary Shares (Canada)","Materials","Silver","21.24","71.2","Buy","Aug 10, 2026","Uptrend","Aug 07, 2026","10251761.57","49.3","2.09","1.97","Moving Up","","",,="6/9","<1","false","Swing"
"AGI","Alamos Gold Inc. Class A Common Shares","Materials","Gold","39.02","74.79","Buy","Aug 10, 2026","Uptrend","Aug 07, 2026","4429323.57","403.95","1.96","1.83","Moving Up","","",,="5/9","<1","false","Swing"
"CALX","Calix, Inc Common Stock","Technology","Software - Infrastructure","39.85","50.25","Buy","Aug 10, 2026","Uptrend","Aug 11, 2026","1120850.43","-534.1","0.14","0.13","Moving Up","","",,="4/9","<1","false","Swing"
"CLS","Celestica, Inc. Common Stock","Technology","Electronic Components","306.86","39.18","Sell","Aug 10, 2026","Downtrend","Aug 14, 2026","2852910.53","-1372.56","0.29","4.17","Moving Down","","Positive",,="2/9","<1","false","Swing"
"CRSP","CRISPR Therapeutics AG Common Shares","Health Care","Biotechnology","60.9","82.11","Buy","Aug 10, 2026","Uptrend","Aug 07, 2026","1599610.73","-26.98","8.08","6.7","Moving Up","","",,="5/9","<1","false","Swing"
"DAN","Dana Incorporated Common Stock ","Discretionary","Auto Parts","30.16","73.35","Buy","Aug 10, 2026","Uptrend","Aug 10, 2026","1367184.6","128.47","6.34","0.03","Moving Down","","",,="4/9","<1","false","Swing"
"DDOG","Datadog, Inc. Class A Common Stock","Technology","Software - Application","222.99","41.95","Sell","Aug 10, 2026","Downtrend","Aug 19, 2026","4564816.13","97.92","3.71","-1.23","Moving Down","","Positive",,="2/9","<1","false","Swing"
"FBP","First BanCorp. New Common Stock","Financials","Banks - Regional","28","77.88","Sell","Aug 10, 2026","Neutral","Aug 25, 2026","1417268.13","112.06","1.5","-0.81","Moving Down","","",,="2/9","<1","false","Swing"
"FIS","Fidelity National Information Services, Inc. Common Stock","Technology","Information Technology Services","40.47","58.29","Sell","Aug 10, 2026","Downtrend","Aug 18, 2026","5897150.43","-83.1","2.75","-2.25","Moving Down","","",,="2/9","<1","false","Swing"
"FLR","Fluor Corporation Common Stock","Industrials","Engineering & Construction","51.26","63","Buy","Aug 10, 2026","Uptrend","Aug 07, 2026","2598099.57","-8.25","0.35","-0.04","Moving Down","","",,="4/9","<1","false","Swing"
"FNF","Fidelity National Financial, Inc. Common Stock","Financials","Insurance - Specialty","47.38","50.72","Sell","Aug 10, 2026","Downtrend","Aug 11, 2026","1566284.23","-60.07","0.1","-0.11","Moving Down","","",,="2/9","<1","false","Swing"
"GLNG","Golar Lng Ltd","Energy","Oil & Gas Midstream","52.04","60.46","Buy","Aug 10, 2026","Uptrend","Aug 07, 2026","1332261.43","-24.24","0.34","1.23","Moving Up","","",,="5/9","<1","false","Swing"
"HSBC","HSBC Holdings, plc. Common Stock","Financials","Banks - Diversified","104.38","67.57","Sell","Aug 10, 2026","Uptrend","Jun 15, 2026","1252560.03","97.97","1.44","0.28","Moving Down","","",,="3/9","<1","false","Swing"
"HST","Host Hotels & Resorts, Inc. Common Stock","Real Estate","REIT - Hotel & Motel","23","45.64","Sell","Aug 10, 2026","Downtrend","Aug 10, 2026","9570573.1","-111.99","0.07","-0.82","Moving Down","","Positive",,="4/9","<1","false","Swing"
"INSM","Insmed Incorporated Common Stock","Health Care","Biotechnology","123.89","49.19","Buy","Aug 10, 2026","Uptrend","Aug 06, 2026","2743568.57","205.79","1.56","-0.07","Moving Down","","",,="5/9","<1","false","Swing"
"JD","JD.com, Inc. American Depositary Shares","Discretionary","Internet Retail","29.36","35.94","Sell","Aug 10, 2026","Downtrend","Aug 17, 2026","8665945.7","-102.17","0.98","0.55","Moving Down","","",,="2/9","<1","false","Swing"
"KD","Kyndryl Holdings, Inc. Common Stock","Technology","Information Technology Services","13.02","72.55","Sell","Aug 10, 2026","Neutral","Aug 24, 2026","4306412.5","52.89","9.35","2.12","Moving Up","","",,="3/9","<1","false","Swing"
"LASR","nLIGHT, Inc. Common Stock","Technology","Semiconductors","43.3","6.93","Sell","Aug 10, 2026","Downtrend","Aug 10, 2026","1279795","-551.5","0.07","-1.84","Moving Down","","",,="2/9","<1","false","Swing"
"LEN","Lennar Corporation Class A Common Stock","Discretionary","Residential Construction","87.68","62.59","Buy","Aug 10, 2026","Uptrend","Aug 21, 2026","2387983.37","-146.26","0.09","-0.54","Moving Up","","",,="5/9","<1","false","Swing"
"MTG","MGIC Investment Corporation Common Stock","Financials","Insurance - Specialty","31.24","70.7","Sell","Aug 10, 2026","Uptrend","Jun 22, 2026","1663643.13","36.52","0.75","0.45","Moving Down","","",,="3/9","<1","false","Swing"
"NCLH","Norwegian Cruise Line Holdings Ltd. Ordinary Shares","Discretionary","Travel Services","17.26","50.55","Sell","Aug 10, 2026","Downtrend","Aug 14, 2026","14399889.23","-11.28","11.71","0.23","Moving Down","","",,="2/9","<1","false","Swing"
"NFLX","Netflix, Inc. Common Stock","Communication","Entertainment","82.23","59.91","Buy","Aug 10, 2026","Uptrend","Aug 18, 2026","40022901.83","50.27","2.64","2.77","Moving Up","","",,="6/9","<1","false","Swing"
"ORCL","Oracle Corporation Common Stock","Technology","Software - Infrastructure","144.76","47.15","Buy","Aug 10, 2026","Neutral","Aug 17, 2026","29806335.47","167.46","2.53","1.62","Moving Up","","Positive",,="4/9","<1","false","Swing"
"ORI","Old Republic International Corporation Common Stock","Financials","Insurance - Property & Casualty","42.11","50.08","Sell","Aug 10, 2026","Neutral","Aug 24, 2026","1157185.4","-54.39","0.25","0.33","Moving Down","","",,="1/9","<1","false","Swing"
"PBR","Petroleo Brasileiro S.A. Petrobras ADS","Energy","Oil & Gas Integrated","17.85","69.04","Sell","Aug 10, 2026","Neutral","Aug 25, 2026","15957449.33","-22.67","0.1","-4.03","Moving Down","","",,="2/9","<1","false","Swing"
"PLAY","Dave & Buster's Entertainment, Inc. Common Stock","Communication","Entertainment","10.07","60.44","Sell","Aug 10, 2026","Downtrend","Aug 06, 2026","1359480.97","65.65","6.75","-3.36","Moving Down","","",,="3/9","<1","false","Swing"
"RCUS","Arcus Biosciences, Inc. Common Stock","Health Care","Biotechnology","31.57","70.17","Buy","Aug 10, 2026","Uptrend","Aug 07, 2026","1161640.4","27.35","17.54","4.81","Moving Up","","",,="6/9","<1","false","Swing"
"SSRM","SSR Mining Inc. Common Stock","Materials","Gold","39.21","86.3","Buy","Aug 10, 2026","Uptrend","Aug 07, 2026","3068773.53","-82.2","0.18","1.55","Moving Up","","",,="6/9","<1","false","Swing"
"SYM","Symbotic Inc. Class A Common Stock","Industrials","Specialty Industrial Machinery","40.41","32.72","Sell","Aug 10, 2026","Downtrend","Aug 10, 2026","1631748.93","-285.72","0.01","0.95","Moving Up","","",,="3/9","<1","false","Swing"
"TXG","10x Genomics, Inc. Class A Common Stock","Health Care","Health Information Services","64.72","87.89","Buy","Aug 10, 2026","Uptrend","May 20, 2026","3176037.23","8.13","4.59","1.44","Moving Down","","",,="5/9","<1","false","Swing"
"VNO","Vornado Realty Trust Common Stock","Real Estate","REIT - Office","39.94","63.67","Sell","Aug 10, 2026","Neutral","Aug 24, 2026","1543567.47","-41.53","2.72","2.75","Moving Up","","",,="4/9","<1","false","Swing"
"VRTX","Vertex Pharmaceuticals Incorporated Common Stock","Health Care","Biotechnology","552.85","91.44","Buy","Aug 10, 2026","Uptrend","Aug 07, 2026","1280544.67","-131.67","0.19","0.96","Moving Up","","",,="6/9","<1","false","Swing"
"YOU","Clear Secure, Inc. Class A Common Stock","Technology","Software - Application","44.29","14.53","Sell","Aug 10, 2026","Downtrend","Aug 07, 2026","1544569.97","-99.39","0.19","-0.92","Moving Up","","",,="3/9","<1","false","Swing"
"ACAD","ACADIA Pharmaceuticals Inc. Common Stock","Health Care","Biotechnology","30.57","74.06","Buy","Aug 07, 2026","Uptrend","Jun 22, 2026","1653599.07","89.46","14.41","3.1","Moving Down","","",,="5/9","<1","false","Swing"
"BCE","BCE, Inc. Common Stock","Communication","Telecom Services","23.59","78.11","Buy","Aug 07, 2026","Uptrend","Aug 06, 2026","3191569.93","-32.5","3.61","-1.09","Moving Up","","",,="6/9","<1","false","Swing"
"BRBR","BellRing Brands, Inc. Common Stock ","Staples","Packaged Foods","10.76","51.41","Sell","Aug 07, 2026","Downtrend","Aug 07, 2026","3755316.77","-32.11","6.23","-0.83","Moving Up","","",,="5/9","<1","false","Swing"
"CBSH","Commerce Bancshares, Inc. Common Stock","Financials","Banks - Regional","58.23","76.5","Sell","Aug 07, 2026","Neutral","Aug 24, 2026","1050559","39.3","3.62","-0.68","Moving Down","","",,="2/9","<1","false","Swing"
"CUBE","CubeSmart Common Shares","Real Estate","REIT - Industrial","40.62","62.93","Sell","Aug 07, 2026","Downtrend","Aug 21, 2026","2145184.23","-54.98","0.13","-0.71","Moving Down","","",,="4/9","<1","false","Swing"
"EQX","Equinox Gold Corp. Common Shares","Materials","Gold","13.98","71.55","Buy","Aug 07, 2026","Uptrend","Aug 06, 2026","14794377.6","5","1.19","1.6","Moving Up","","",,="6/9","<1","false","Swing"
"EW","Edwards Lifesciences Corporation Common Stock","Health Care","Medical Devices","90.87","58.18","Buy","Aug 07, 2026","Uptrend","Aug 06, 2026","4223861.67","-10.71","0.22","0.41","Moving Up","","",,="6/9","<1","false","Swing"
"FHN","First Horizon Corporation Common Stock","Financials","Banks - Regional","24.42","53.68","Sell","Aug 07, 2026","Downtrend","Aug 20, 2026","5674480.9","18.75","0.8","-0.45","Moving Down","","",,="2/9","<1","false","Swing"
"FOUR","Shift4 Payments, Inc. Class A Common Stock","Technology","Software - Infrastructure","48","81.35","Sell","Aug 07, 2026","Neutral","Aug 20, 2026","1637582.7","-33.75","3.08","0","Moving Up","","",,="3/9","<1","false","Swing"
"HL","Hecla Mining Company Common Stock","Materials","Other Precious Metals & Mining","20.92","70.57","Buy","Aug 07, 2026","Uptrend","Aug 06, 2026","42218377.2","-4.08","0.33","2.55","Moving Up","","",,="5/9","<1","false","Swing"
"HOMB","Home BancShares, Inc. Common Stock","Financials","Banks - Regional","29.9","61.99","Sell","Aug 07, 2026","Neutral","Aug 24, 2026","1628943.23","63.79","3.11","-0.53","Moving Down","","",,="2/9","<1","false","Swing"
"HP","Helmerich & Payne, Inc. Common Stock","Energy","Oil & Gas Drilling","42.08","77.17","Buy","Aug 07, 2026","Uptrend","Aug 06, 2026","1170935.23","-22.75","0.11","-0.96","Moving Up","","",,="5/9","<1","false","Swing"
"IAG","Iamgold Corporation Ordinary Shares","Materials","Gold","22.17","73.83","Buy","Aug 07, 2026","Uptrend","Aug 06, 2026","5867057.7","75.6","0.42","1.7","Moving Up","","",,="6/9","<1","false","Swing"
"KGC","Kinross Gold Corporation Common Stock","Materials","Gold","33.48","50.7","Buy","Aug 07, 2026","Uptrend","Aug 06, 2026","7874234.27","503.7","1.91","1.52","Moving Up","","",,="6/9","<1","false","Swing"
"KMT","Kennametal Inc. Common Stock","Industrials","Tools & Accessories","29.27","41.24","Sell","Aug 07, 2026","Downtrend","Aug 06, 2026","1476434.9","-16.91","0.99","-0.1","Moving Down","","",,="2/9","<1","false","Swing"
"LI","Li Auto Inc. American Depositary Shares","Discretionary","Auto Manufacturers","12.27","54.95","Sell","Aug 07, 2026","Downtrend","Aug 12, 2026","3321580.37","6.53","5.63","-1.68","Moving Down","","",,="2/9","<1","false","Swing"
"MFC","Manulife Financial Corporation Common Stock","Financials","Insurance - Life","43.17","60.64","Sell","Aug 07, 2026","Neutral","Aug 21, 2026","1999794.7","137","3.08","0.82","Moving Down","","",,="2/9","<1","false","Swing"
"PGNY","Progyny, Inc. Common Stock","Health Care","Healthcare Plans","25.82","41.54","Sell","Aug 07, 2026","Downtrend","Aug 07, 2026","1111325.97","-50.93","3.1","1.45","Moving Up","","",,="4/9","<1","false","Swing"
"PUK","Prudential Public Limited Company Common Stock","Financials","Insurance - Life","28.43","62.68","Sell","Aug 07, 2026","Neutral","Aug 24, 2026","1082271.53","-22.42","2.55","-0.25","Moving Down","","",,="2/9","<1","false","Swing"
"RCI","Rogers Communication, Inc. Common Stock","Communication","Telecom Services","36.59","74.22","Buy","Aug 07, 2026","Uptrend","Aug 11, 2026","1160842.2","32.52","7.57","0.55","Moving Up","","",,="6/9","<1","false","Swing"
"RDN","Radian Group Inc. Common Stock","Financials","Insurance - Specialty","36.83","55.85","Sell","Aug 07, 2026","Downtrend","Aug 10, 2026","1042529.6","-37.11","0.25","0.33","Moving Down","","",,="2/9","<1","false","Swing"
"REAL","The RealReal, Inc. Common Stock","Discretionary","Luxury Goods","11.12","36.2","Sell","Aug 07, 2026","Downtrend","Aug 21, 2026","3393546.2","91.51","12.07","-1.33","Moving Up","","",,="3/9","<1","false","Swing"
"RLJ","RLJ Lodging Trust Common Shares of Beneficial Interest $0.01 par value","Real Estate","REIT - Hotel & Motel","11.56","64.35","Sell","Aug 07, 2026","Neutral","Aug 19, 2026","1785852.3","-74.11","1.45","0.26","Moving Up","","",,="5/9","<1","false","Swing"
"RVTY","Revvity, Inc. Common Stock","Health Care","Diagnostics & Research","124.84","87.02","Buy","Aug 07, 2026","Uptrend","May 06, 2026","1490431.87","-61.83","0.09","1.5","Moving Up","","",,="5/9","<1","false","Swing"
"SHO","Sunstone Hotel Investors, Inc. Sunstone Hotel Investors, Inc. Common Shares","Real Estate","REIT - Hotel & Motel","11.36","57.31","Sell","Aug 07, 2026","Neutral","Aug 20, 2026","2330272.87","-66.85","0.77","0.44","Moving Up","","",,="4/9","<1","false","Swing"
"SNN","Smith & Nephew SNATS, Inc. Common Stock","Health Care","Medical Devices","29.22","55.49","Sell","Aug 07, 2026","Downtrend","Aug 07, 2026","1568641.1","-74.58","1.5","-1.35","Moving Down","","",,="3/9","<1","false","Swing"
"TRV","The Travelers Companies, Inc. Common Stock","Financials","Insurance - Property & Casualty","369.66","82.87","Sell","Aug 07, 2026","Neutral","Aug 21, 2026","1975682.8","78.06","1.01","-0.24","Moving Down","","",,="2/9","<1","false","Swing"
"TS","Tenaris S.A. American Depositary Shares","Energy","Oil & Gas Equipment & Services","54.6","42.73","Sell","Aug 07, 2026","Downtrend","Aug 06, 2026","1450007.8","62.36","1.01","2.21","Moving Up","","",,="3/9","<1","false","Swing"
"TSN","Tyson Foods, Inc. Common Stock","Staples","Farm Products","57.17","55.32","Sell","Aug 07, 2026","Downtrend","Aug 10, 2026","3019178.6","-49.9","2.3","-1.21","Moving Down","","",,="4/9","<1","false","Swing"
"UEC","Uranium Energy Corp. Common Stock","Energy","Uranium","13.27","61.35","Buy","Aug 07, 2026","Uptrend","Aug 19, 2026","8175454.7","362.03","0.78","6.08","Moving Up","","",,="4/9","<1","false","Swing"
"ZGN","Ermenegildo Zegna N.V. Ordinary Shares","Discretionary","Apparel Manufacturing","13.65","37.87","Sell","Aug 07, 2026","Downtrend","Aug 14, 2026","1027317.03","-34.19","0.55","-1.52","Moving Up","","",,="3/9","<1","false","Swing"
"AEM","Agnico Eagle Mines Limited Common Stock","Materials","Gold","224.11","73.97","Buy","Aug 06, 2026","Uptrend","Aug 05, 2026","3011706.63","234.66","2.14","2.85","Moving Up","","",,="6/9","<1","false","Swing"
"AFL","AFLAC Incorporated Common Stock","Financials","Insurance - Life","116.18","40.77","Sell","Aug 06, 2026","Downtrend","Aug 19, 2026","1972092.27","27.34","0.53","-1.71","Moving Down","","",,="2/9","<1","false","Swing"
"AKR","Acadia Realty Trust Common Stock","Real Estate","REIT - Retail","21.24","49.49","Sell","Aug 06, 2026","Downtrend","Aug 06, 2026","1319336.27","-2.6","0.85","-0.47","Moving Down","","",,="4/9","<1","false","Swing"
"AU","AngloGold Ashanti PLC Ordinary Shares","Materials","Gold","123.39","65.91","Buy","Aug 06, 2026","Uptrend","Aug 05, 2026","2795123.17","-69.34","0.3","2.42","Moving Up","","",,="5/9","<1","false","Swing"
"BALL","Ball Corporation Common Stock","Discretionary","Packaging & Containers","64.08","44.9","Sell","Aug 06, 2026","Uptrend","Aug 24, 2026","1814922.23","-56.41","0","-0.53","Moving Down","","",,="3/9","<1","false","Swing"
"CDE","Coeur Mining, Inc. Common Stock","Materials","Gold","21.59","61.17","Buy","Aug 06, 2026","Uptrend","Aug 07, 2026","37259222.87","-55.76","0.29","3.4","Moving Up","","",,="6/9","<1","false","Swing"
"CSGP","CoStar Group, Inc. Common Stock","Real Estate","Real Estate Services","32.81","73.28","Buy","Aug 06, 2026","Uptrend","Aug 13, 2026","6880376.2","-168.72","0.9","-0.09","Moving Up","","",,="6/9","<1","false","Swing"
"DIS","Walt Disney Company (The) Common Stock","Communication","Entertainment","111.25","67.28","Buy","Aug 06, 2026","Uptrend","Aug 05, 2026","10262233","34.24","8.15","0.58","Moving Up","","",,="5/9","<1","false","Swing"
"DOLE","Dole plc Ordinary Shares","Staples","Farm Products","13.54","37.5","Sell","Aug 06, 2026","Downtrend","Aug 05, 2026","1022201.27","-27.66","0.13","0.59","Moving Up","","",,="5/9","<1","false","Swing"
"ELS","Equity Lifestyle Properties, Inc. Common Stock","Real Estate","REIT - Residential","65.35","78.11","Sell","Aug 06, 2026","Uptrend","Aug 19, 2026","1540066.9","-76.75","0.08","-0.59","Moving Down","","",,="4/9","<1","false","Swing"
"ENOV","Enovis Corporation Common Stock","Health Care","Medical Devices","25.58","62.42","Sell","Aug 06, 2026","Downtrend","Aug 24, 2026","1078160.27","-45.88","4.22","1.47","Moving Down","","",,="3/9","<1","false","Swing"
"F","Ford Motor Company Common Stock","Discretionary","Auto Manufacturers","13.95","57.22","Sell","Aug 06, 2026","Downtrend","Aug 24, 2026","48842489.23","58.99","2.66","0.14","Moving Down","","",,="2/9","<1","false","Swing"
"FUBO","FuboTV Inc. Class A Common Stock","Communication","Broadcasting","10.95","50.18","Buy","Aug 06, 2026","Uptrend","Aug 13, 2026","1566796.93","-51.67","7.83","4.58","Moving Up","","",,="6/9","<1","false","Swing"
"GFI","Gold Fields Limited American Depositary Shares","Materials","Gold","48.87","71.81","Buy","Aug 06, 2026","Uptrend","Aug 05, 2026","3542471.73","386.19","1.38","3.25","Moving Up","","",,="6/9","<1","false","Swing"
"GLPI","Gaming and Leisure Properties, Inc. Common Stock","Real Estate","REIT - Specialty","43.03","43.09","Sell","Aug 06, 2026","Downtrend","Aug 05, 2026","2490700.83","-7.55","0.17","-2.05","Moving Down","","",,="4/9","<1","false","Swing"
"GO","Grocery Outlet Holding Corp. Common Stock","Staples","Grocery Stores","12.12","77.75","Buy","Aug 06, 2026","Uptrend","Aug 05, 2026","2668008.23","2.21","4.14","0.66","Moving Up","","",,="7/9","<1","false","Swing"
"LOW","Lowe's Companies, Inc. Common Stock","Discretionary","Home Improvement Retail","214.6","60","Buy","Aug 06, 2026","Neutral","Aug 21, 2026","2907967.87","14.59","0.47","-1.1","Moving Up","","",,="3/9","<1","false","Swing"
"NDAQ","Nasdaq, Inc. Common Stock","Financials","Financial Data & Stock Exchanges","98.73","65.86","Sell","Aug 06, 2026","Uptrend","Jul 10, 2026","3263495.77","142.18","2.07","-0.06","Moving Down","","",,="2/9","<1","false","Swing"
"NEM","Newmont Corporation","Materials","Gold","135.14","72.64","Buy","Aug 06, 2026","Uptrend","Aug 05, 2026","7668470.77","163.76","1.9","2.5","Moving Up","","",,="6/9","<1","false","Swing"
"NTRA","Natera, Inc. Common Stock","Health Care","Diagnostics & Research","336.71","95.05","Buy","Aug 06, 2026","Uptrend","Jul 30, 2026","1267532.4","769.98","2.49","2.74","Moving Up","","",,="6/9","<1","false","Swing"
"NYT","New York Times Company (The) Common Stock","Communication","Publishing","68.61","20.93","Sell","Aug 06, 2026","Downtrend","Aug 05, 2026","2062045.23","-19.98","0.32","1.66","Moving Up","","",,="4/9","<1","false","Swing"
"PAAS","Pan American Silver Corp. Common Stock","Materials","Gold","54.21","69.58","Buy","Aug 06, 2026","Uptrend","Aug 19, 2026","4484289.17","-125.7","0.18","1.08","Moving Up","","",,="5/9","<1","false","Swing"
"PEGA","Pegasystems Inc. Common Stock","Technology","Software - Application","34","63.98","Buy","Aug 06, 2026","Uptrend","Aug 18, 2026","3043802.73","-102.46","0.52","-0.82","Moving Up","","",,="5/9","<1","false","Swing"
"PRU","Prudential Financial, Inc. Common Stock","Financials","Insurance - Life","120.15","84.88","Sell","Aug 06, 2026","Uptrend","May 05, 2026","1770964.17","16.62","1.17","-2.05","Moving Down","","",,="3/9","<1","false","Swing"
"QMCO","Quantum Corporation Common Stock","Technology","Computer Hardware","22.39","67.03","Buy","Aug 06, 2026","Uptrend","Aug 05, 2026","1941224.53","-56.38","5.33","3.85","Moving Up","","",,="5/9","<1","false","Swing"
"RGEN","Repligen Corporation Common Stock","Health Care","Medical Instruments & Supplies","181.69","90.69","Buy","Aug 06, 2026","Uptrend","Jul 28, 2026","1257144.07","-190.86","0.11","0.04","Moving Up","","",,="5/9","<1","false","Swing"
"SKM","SK Telecom Co., Ltd. Common Stock","Communication","Telecom Services","39.66","76.34","Buy","Aug 06, 2026","Uptrend","Aug 12, 2026","2388088.03","162.78","6.26","-0.85","Moving Up","","",,="6/9","<1","false","Swing"
"SWKS","Skyworks Solutions, Inc. Common Stock","Technology","Semiconductors","65.7","79.99","Buy","Aug 06, 2026","Neutral","Aug 25, 2026","5430422.33","53.04","7.43","-1.73","Moving Down","","",,="3/9","<1","false","Swing"
"TVTX","Travere Therapeutics, Inc. Common Stock","Health Care","Biotechnology","67.01","63.13","Buy","Aug 06, 2026","Uptrend","Apr 13, 2026","1520105.77","409.8","3.48","2.74","Moving Up","","",,="6/9","<1","false","Swing"
"YELP","Yelp Inc. Common Stock","Communication","Internet Content & Information","23.7","41.36","Sell","Aug 06, 2026","Downtrend","Aug 10, 2026","1019585.3","-68.39","0.5","-0.55","Moving Up","","",,="4/9","<1","false","Swing"
"B","Barrick Mining Corporation Common Shares","Materials","Gold","48.87","66.87","Buy","Aug 05, 2026","Uptrend","Aug 04, 2026","10282379.07","99.59","1.49","1.47","Moving Up","","",,="6/9","<1","false","Swing"
"CPB","The Campbell's Company Common Stock","Staples","Packaged Foods","23.47","71.36","Buy","Aug 05, 2026","Uptrend","Aug 03, 2026","5599618.47","-117.87","1.38","-2.86","Moving Up","","",,="7/9","<1","false","Swing"
"FSM","Fortuna Mining Corp. Common Shares","Materials","Gold","12.45","76.23","Buy","Aug 05, 2026","Uptrend","Aug 04, 2026","5719887.43","-102.22","0.23","2.13","Moving Up","","",,="6/9","<1","false","Swing"
"HBM","Hudbay Minerals Inc. Ordinary Shares (Canada)","Materials","Copper","30.79","78.6","Buy","Aug 05, 2026","Uptrend","Aug 04, 2026","4174314.37","-523.03","0.18","4.02","Moving Up","","",,="6/9","<1","false","Swing"
"HLX","Helix Energy Solutions Group, Inc. Common Stock","Energy","Oil & Gas Equipment & Services","10","64.71","Buy","Aug 05, 2026","Uptrend","Aug 06, 2026","1378679.03","-6.72","0.12","0.3","Moving Up","","",,="5/9","<1","false","Swing"
"MET","MetLife, Inc. Common Stock","Financials","Insurance - Life","95.87","74.94","Sell","Aug 05, 2026","Uptrend","Apr 08, 2026","3655834.33","36.59","1.07","-0.35","Moving Down","","",,="3/9","<1","false","Swing"
"PFGC","Performance Food Group Company Common Stock","Staples","Food Distribution","104.94","27.6","Sell","Aug 05, 2026","Downtrend","Aug 13, 2026","1786602.53","36.39","0.36","-0.79","Moving Down","","",,="4/9","<1","false","Swing"
"PLD","Prologis, Inc. Common Stock","Real Estate","REIT - Industrial","143.33","51.76","Sell","Aug 05, 2026","Neutral","Aug 24, 2026","4701375.97","76.88","3.24","-0.02","Moving Up","","",,="4/9","<1","false","Swing"
"PRGO","Perrigo Company plc Ordinary Shares","Health Care","Drug Manufacturers - Specialty & Generic","14.48","90.73","Buy","Aug 05, 2026","Uptrend","Aug 04, 2026","2841817.33","-75.32","2.74","1.47","Moving Up","","",,="5/9","<1","false","Swing"
"REXR","Rexford Industrial Realty, Inc. Common Stock","Real Estate","REIT - Industrial","37.62","60.18","Sell","Aug 05, 2026","Uptrend","Aug 19, 2026","2767137.57","69.07","19.36","-0.13","Moving Down","","",,="5/9","<1","false","Swing"
"SBRA","Sabra Health Care REIT, Inc. Common Stock","Real Estate","REIT - Healthcare Facilities","20.82","51.97","Sell","Aug 05, 2026","Neutral","Aug 24, 2026","2703791.67","-33.15","0.08","1.71","Moving Down","","",,="4/9","<1","false","Swing"
"SBSW","D/B/A Sibanye-Stillwater Limited ADS","Materials","Other Precious Metals & Mining","12.53","75.9","Buy","Aug 05, 2026","Uptrend","Aug 04, 2026","4980517.6","-108.57","0.09","0.48","Moving Up","","",,="6/9","<1","false","Swing"
"SGRY","Surgery Partners, Inc. Common Stock","Health Care","Medical Care Facilities","14.05","55.11","Sell","Aug 05, 2026","Downtrend","Aug 11, 2026","2085275.03","-88.73","3.04","0.72","Moving Down","","",,="3/9","<1","false","Swing"
"SMCI","Super Micro Computer, Inc. Common Stock","Technology","Computer Hardware","38.46","68.07","Buy","Aug 05, 2026","Uptrend","Aug 07, 2026","53553177.43","169.01","0.32","9.35","Moving Down","","Positive","true",="4/9","<1","false","Swing"
"SMG","Scotts Miracle-Gro Company (The) Common Stock","Materials","Agricultural Inputs","62.61","50.08","Sell","Aug 05, 2026","Downtrend","Aug 06, 2026","1064108.93","182.78","16.59","3.16","Moving Down","","",,="3/9","<1","false","Swing"
"SPG","Simon Property Group, Inc. Common Stock","Real Estate","REIT - Retail","218.99","54.39","Sell","Aug 05, 2026","Downtrend","Aug 25, 2026","1252422.13","73.26","3.12","-0.79","Moving Down","","",,="4/9","<1","false","Swing"
"WKC","World Kinect Corporation Common Stock","Energy","Oil & Gas Refining & Marketing","35.38","74.64","Sell","Aug 05, 2026","Neutral","Aug 17, 2026","1279156.53","-0.36","119.6","-0.67","Moving Down","","",,="2/9","<1","false","Swing"
"WPC","W. P. Carey Inc. REIT","Real Estate","REIT - Diversified","71.78","53.23","Sell","Aug 05, 2026","Downtrend","Aug 05, 2026","1214227.23","7.7","16.7","0.28","Moving Down","","",,="4/9","<1","false","Swing"
"WPM","Wheaton Precious Metals Corp Common Shares (Canada)","Materials","Gold","163.72","94.17","Buy","Aug 05, 2026","Uptrend","Aug 05, 2026","2111404.67","120.07","1.54","2.2","Moving Up","","",,="5/9","<1","false","Swing"
"ZIM","ZIM Integrated Shipping Services Ltd. Ordinary Shares","Industrials","Marine Shipping","28.08","53.02","Buy","Aug 05, 2026","Uptrend","Aug 12, 2026","1728040.53","-46.97","0.19","-1.06","Moving Down","","",,="4/9","<1","false","Swing"
"AAPL","Apple Inc. Common Stock","Technology","Consumer Electronics","309.9","43.47","Sell","Aug 04, 2026","Neutral","Aug 24, 2026","49710379.73","97.87","0.79","-0.14","Moving Down","","Positive","true",="2/9","<1","false","Swing"
"AWK","American Water Works Company, Inc. Common Stock","Utilities","Utilities - Regulated Water","137.6","59.03","Sell","Aug 04, 2026","Uptrend","Aug 04, 2026","2286776.97","-1.17","0.29","-1.65","Moving Down","","",,="4/9","<1","false","Swing"
"AXGN","Axogen, Inc. Common Stock","Health Care","Medical Devices","49.93","59.69","Buy","Aug 04, 2026","Uptrend","Aug 03, 2026","1032277.57","141.37","2.07","1.42","Moving Up","","",,="6/9","<1","false","Swing"
"BTI","British American Tobacco  Industries, p.l.c. Common Stock ADR","Staples","Tobacco","56.47","26.06","Sell","Aug 04, 2026","Downtrend","Aug 03, 2026","4410544.7","7.41","0.4","-0.42","Moving Down","","",,="4/9","<1","false","Swing"
"CRGY","Crescent Energy Company Class A Common Stock","Energy","Oil & Gas E&P","13.45","90.19","Buy","Aug 04, 2026","Uptrend","Jul 29, 2026","5785791.07","-11.76","0.23","-2.89","Moving Down","","",,="4/9","<1","false","Swing"
"DUK","Duke Energy Corporation (Holding Company) Common Stock","Utilities","Utilities - Regulated Electric","121.59","39.29","Sell","Aug 04, 2026","Downtrend","Aug 04, 2026","4254146.2","1.32","0.05","-0.31","Moving Down","","",,="2/9","<1","false","Swing"
"EIX","Edison International Common Stock","Utilities","Utilities - Regulated Electric","74.78","56.62","Sell","Aug 04, 2026","Neutral","Aug 24, 2026","3096212.83","31.4","11.48","1.1","Moving Up","","",,="4/9","<1","false","Swing"
"HIG","The Hartford Insurance Group, Inc. Common Stock","Financials","Insurance - Diversified","138.22","42.15","Sell","Aug 04, 2026","Neutral","Aug 24, 2026","1557077.67","66.7","1.39","-0.55","Moving Down","","",,="2/9","<1","false","Swing"
"HR","Healthcare Realty Trust Incorporated Common Stock","Real Estate","REIT - Healthcare Facilities","19.39","39.87","Sell","Aug 04, 2026","Downtrend","Aug 05, 2026","3565126.07","-74.5","1.33","0.36","Moving Down","","",,="4/9","<1","false","Swing"
"LQDA","Liquidia Corporation Common Stock","Health Care","Drug Manufacturers - Specialty & Generic","70.49","16.96","Sell","Aug 04, 2026","Downtrend","Aug 18, 2026","1548511.3","1513.09","3.7","0.31","Moving Down","","",,="3/9","<1","false","Swing"
"MAR","Marriott International Class A Common Stock","Discretionary","Lodging","357.77","48.2","Sell","Aug 04, 2026","Downtrend","Aug 03, 2026","1560418.4","-2","0.35","-0.67","Moving Up","","",,="3/9","<1","false","Swing"
"NBIX","Neurocrine Biosciences, Inc. Common Stock","Health Care","Drug Manufacturers - Specialty & Generic","153.37","19.69","Sell","Aug 04, 2026","Downtrend","Aug 04, 2026","1328459.5","-65.96","0.13","0.22","Moving Down","","",,="3/9","<1","false","Swing"
"NEO","NeoGenomics, Inc. Common Stock","Health Care","Diagnostics & Research","16.79","82.66","Buy","Aug 04, 2026","Uptrend","May 20, 2026","2560811.07","-42.98","3.45","2.32","Moving Up","","",,="6/9","<1","false","Swing"
"O","Realty Income Corporation Common Stock","Real Estate","REIT - Retail","62.83","65.77","Sell","Aug 04, 2026","Downtrend","Aug 25, 2026","4926805.27","-2.82","2.42","-0.54","Moving Down","","Positive",,="4/9","<1","false","Swing"
"OHI","Omega Healthcare Investors, Inc. Common Stock","Real Estate","REIT - Healthcare Facilities","46.95","37.21","Sell","Aug 04, 2026","Downtrend","Aug 07, 2026","1905554.13","-27.2","0.16","0.77","Moving Down","","",,="4/9","<1","false","Swing"
"PTEN","Patterson-UTI Energy, Inc. Common Stock","Energy","Oil & Gas Drilling","11.52","80.9","Buy","Aug 04, 2026","Uptrend","Aug 10, 2026","8288952.8","70.9","10.89","-2.87","Moving Up","","",,="4/9","<1","false","Swing"
"TSCO","Tractor Supply Company Common Stock","Discretionary","Specialty Retail","35.38","70.62","Buy","Aug 04, 2026","Uptrend","Aug 03, 2026","11552089.77","-189.51","0.13","-1.5","Moving Down","","",,="4/9","<1","false","Swing"
"VITL","Vital Farms, Inc. Common Stock","Staples","Farm Products","11.11","39.34","Sell","Aug 04, 2026","Downtrend","Aug 07, 2026","1516014.27","350.1","172.46","0.27","Moving Up","","",,="5/9","<1","false","Swing"
"VRSK","Verisk Analytics, Inc. Common Stock","Industrials","Consulting Services","188.49","37.61","Sell","Aug 04, 2026","Neutral","Aug 24, 2026","1569598.63","19.39","2.28","-0.56","Moving Up","","",,="3/9","<1","false","Swing"
"VTRS","Viatris Inc. Common Stock","Health Care","Drug Manufacturers - Specialty & Generic","16.72","55.57","Sell","Aug 04, 2026","Neutral","Aug 24, 2026","9892668.03","67.01","2.21","1.09","Moving Up","","",,="4/9","<1","false","Swing"
"WRB","W.R. Berkley Corporation Common Stock","Financials","Insurance - Property & Casualty","68.48","41.61","Sell","Aug 04, 2026","Downtrend","Aug 10, 2026","1805666.87","-45.98","0.29","-1.75","Moving Down","","",,="2/9","<1","false","Swing"
"WT","WisdomTree, Inc. Common Stock","Financials","Asset Management","24.13","93.11","Buy","Aug 04, 2026","Uptrend","Jul 30, 2026","2326740.23","418.4","2.32","1.22","Moving Up","","",,="5/9","<1","false","Swing"
"WTRG","Essential Utilities, Inc. Common Stock","Utilities","Utilities - Regulated Water","40.76","67.86","Sell","Aug 04, 2026","Uptrend","Jul 16, 2026","2024479.03","8.07","5.5","-1.4","Moving Down","","",,="4/9","<1","false","Swing"
"Z","Zillow Group, Inc. Class C Capital Stock","Communication","Internet Content & Information","36.09","56.82","Buy","Aug 04, 2026","Uptrend","Aug 18, 2026","3663809.2","7.38","4.11","-2.59","Moving Up","","",,="6/9","<1","false","Swing"
"AON","Aon plc Class A Ordinary Shares (Ireland)","Financials","Insurance Brokers","354.83","57.02","Sell","Aug 03, 2026","Neutral","Aug 20, 2026","1078445.97","-22.52","0.28","-1.19","Moving Down","","",,="1/9","<1","false","Swing"
"BEN","Franklin Resources, Inc. Common Stock","Financials","Asset Management","35.03","77.51","Buy","Aug 03, 2026","Uptrend","Jul 31, 2026","3855723.1","81.4","5.62","1.18","Moving Up","","",,="4/9","<1","false","Swing"
"CI","The Cigna Group Common Stock","Health Care","Healthcare Plans","279.32","43.79","Sell","Aug 03, 2026","Downtrend","Aug 03, 2026","1813415.7","-120.16","0.08","-0.4","Moving Up","","",,="4/9","<1","false","Swing"
"CNI","Canadian National Railway Company Common Stock","Industrials","Railroads","127.12","78.05","Sell","Aug 03, 2026","Uptrend","Jun 25, 2026","1353125.03","23.17","1.51","-0.22","Moving Down","","",,="3/9","<1","false","Swing"
"CSX","CSX Corporation Common Stock","Industrials","Railroads","51.51","68.36","Sell","Aug 03, 2026","Uptrend","Apr 01, 2026","12281114.93","115.44","2.32","0.14","Moving Down","","",,="3/9","<1","false","Swing"
"CTVA","Corteva, Inc. Common Stock ","Materials","Agricultural Inputs","83.05","50.39","Sell","Aug 03, 2026","Neutral","Aug 21, 2026","4494825","6.48","0.18","0.29","Moving Up","","",,="4/9","<1","false","Swing"
"ES","Eversource Energy (D/B/A) Common Stock","Utilities","Utilities - Regulated Electric","71.03","63.8","Sell","Aug 03, 2026","Downtrend","Aug 17, 2026","2123841.03","-13.16","2.07","-0.31","Moving Down","","",,="2/9","<1","false","Swing"
"FCX","Freeport-McMoRan, Inc. Common Stock","Materials","Copper","79.91","83.06","Buy","Aug 03, 2026","Uptrend","Jul 31, 2026","13984910.5","241.06","1.36","2.71","Moving Up","","",,="6/9","<1","false","Swing"
"HXL","Hexcel Corporation Common Stock","Industrials","Aerospace & Defense","93.63","49.76","Sell","Aug 03, 2026","Downtrend","Aug 19, 2026","1002702","18.41","2.15","1.15","Moving Down","","",,="2/9","<1","false","Swing"
"JEF","Jefferies Financial Group Inc. Common Stock","Financials","Capital Markets","52.45","44.48","Sell","Aug 03, 2026","Downtrend","Aug 17, 2026","1916862.4","315","4.17","1.04","Moving Down","","",,="2/9","<1","false","Swing"
"KIM","Kimco Realty Corporation (HC) Common Stock","Real Estate","REIT - Retail","24.06","37.07","Sell","Aug 03, 2026","Downtrend","Aug 05, 2026","4113300.3","50.19","2.4","-0.66","Moving Down","","",,="4/9","<1","false","Swing"
"KRG","Kite Realty Group Trust Common Stock","Real Estate","REIT - Retail","26.44","26.86","Sell","Aug 03, 2026","Downtrend","Aug 03, 2026","2662543.17","40.52","1.59","0.69","Moving Up","","",,="5/9","<1","false","Swing"
"LEVI","Levi Strauss & Co Class A Common Stock","Discretionary","Apparel Manufacturing","21.1","19.74","Sell","Aug 03, 2026","Downtrend","Aug 10, 2026","2095524","-42.21","1.38","-2.85","Moving Down","","",,="2/9","<1","false","Swing"
"LRN","Stride, Inc. Common Stock","Staples","Education & Training Services","85.59","37.9","Sell","Aug 03, 2026","Downtrend","Jul 31, 2026","1003322.27","-244.36","0.19","0.61","Moving Up","","",,="5/9","<1","false","Swing"
"MTB","M&T Bank Corporation Common Stock","Financials","Banks - Regional","240.41","71.3","Sell","Aug 03, 2026","Downtrend","Aug 20, 2026","1049226.73","25.44","1.31","-0.57","Moving Down","","",,="2/9","<1","false","Swing"
"NEE","NextEra Energy, Inc. Common Stock","Utilities","Utilities - Regulated Electric","84.22","45.39","Sell","Aug 03, 2026","Downtrend","Aug 03, 2026","9634603.57","118.22","6.06","0.14","Moving Down","","",,="3/9","<1","false","Swing"
"NTST","NetSTREIT Corp. Common Stock","Real Estate","REIT - Retail","20.61","37.45","Sell","Aug 03, 2026","Downtrend","Aug 06, 2026","1184438.8","0.24","0.03","-0.91","Moving Up","","",,="5/9","<1","false","Swing"
"OLN","Olin Corporation Common Stock","Materials","Chemicals","17.37","20.86","Sell","Aug 03, 2026","Downtrend","Jul 31, 2026","3041131.2","177.2","54.42","-1.14","Moving Down","","",,="3/9","<1","false","Swing"
"REG","Regency Centers Corporation Common Stock","Real Estate","REIT - Retail","76.72","44.77","Sell","Aug 03, 2026","Downtrend","Aug 04, 2026","1306480.97","-17.61","0.26","0.04","Moving Down","","",,="4/9","<1","false","Swing"
"RIO","Rio Tinto Plc Common Stock","Materials","Other Industrial Metals & Mining","106.81","58.36","Buy","Aug 03, 2026","Uptrend","Aug 19, 2026","2603014.13","47.8","1.06","1.92","Moving Up","","",,="5/9","<1","false","Swing"
"SO","Southern Company (The) Common Stock","Utilities","Utilities - Regulated Electric","89.97","26.92","Sell","Aug 03, 2026","Downtrend","Aug 03, 2026","5235215.07","75.94","3.38","-0.14","Moving Down","","",,="3/9","<1","false","Swing"
"VICI","VICI Properties Inc. Common Stock","Real Estate","REIT - Diversified","26.29","46.05","Sell","Aug 03, 2026","Downtrend","Aug 25, 2026","8982507.53","-21.96","0.09","-1.83","Moving Up","","",,="4/9","<1","false","Swing"
"VVV","Valvoline Inc. Common Stock","Discretionary","Auto & Truck Dealerships","32.91","13.59","Sell","Aug 03, 2026","Downtrend","Aug 05, 2026","2114127.47","-75.65","0.01","-1.38","Moving Up","","",,="3/9","<1","false","Swing"
"ADC","Agree Realty Corporation Common Stock","Real Estate","REIT - Retail","74.32","32.37","Sell","Jul 31, 2026","Downtrend","Aug 04, 2026","1128957.67","-42.42","0.08","-0.35","Moving Down","","",,="4/9","<1","false","Swing"
"AMT","American Tower Corporation (REIT) Common Stock","Real Estate","REIT - Specialty","178.57","66.33","Buy","Jul 31, 2026","Uptrend","Aug 19, 2026","2617460.1","-26.86","2.39","0.1","Moving Up","","",,="7/9","<1","false","Swing"
"AR","Antero Resources Corporation Common Stock","Energy","Oil & Gas E&P","37.95","64.91","Buy","Jul 31, 2026","Uptrend","Aug 10, 2026","4235799.2","-74.2","0.29","0.13","Moving Up","","",,="4/9","<1","false","Swing"
"ATO","Atmos Energy Corporation Common Stock","Utilities","Utilities - Regulated Gas","167.56","29.26","Sell","Jul 31, 2026","Downtrend","Aug 03, 2026","1002493.8","-20.51","0.28","-0.15","Moving Down","","",,="2/9","<1","false","Swing"
"BRX","Brixmor Property Group Inc. Common Stock","Real Estate","REIT - Retail","29.5","34.89","Sell","Jul 31, 2026","Downtrend","Aug 04, 2026","2211779.27","-39.99","0.19","-0.27","Moving Down","","",,="4/9","<1","false","Swing"
"CNP","CenterPoint Energy, Inc (Holding Co) Common Stock","Utilities","Utilities - Regulated Electric","38.93","33","Sell","Jul 31, 2026","Downtrend","Jul 30, 2026","5896705.97","5.24","0.22","-0.43","Moving Down","","",,="3/9","<1","false","Swing"
"CWK","Cushman & Wakefield Ltd. Common Shares","Real Estate","Real Estate Services","14.85","70.42","Buy","Jul 31, 2026","Uptrend","Aug 11, 2026","1974689.17","39.03","8.94","1.43","Moving Up","","",,="7/9","<1","false","Swing"
"ED","Consolidated Edison, Inc. Common Stock","Utilities","Utilities - Regulated Electric","107.09","43.73","Sell","Jul 31, 2026","Downtrend","Jul 31, 2026","2103939.33","6.9","0.56","-0.58","Moving Down","","",,="3/9","<1","false","Swing"
"ENB","Enbridge Inc Common Stock","Energy","Oil & Gas Midstream","49.74","28.51","Sell","Jul 31, 2026","Downtrend","Jul 31, 2026","4416040.13","15.86","1.03","-0.68","Moving Down","","",,="2/9","<1","false","Swing"
"EXC","Exelon Corporation Common Stock","Utilities","Utilities - Regulated Electric","44.31","44.8","Sell","Jul 31, 2026","Downtrend","Jul 31, 2026","7173455.33","-20.11","0.32","-0.07","Moving Down","","",,="3/9","<1","false","Swing"
"FLS","Flowserve Corporation Common Stock","Industrials","Specialty Industrial Machinery","80.56","73","Buy","Jul 31, 2026","Uptrend","Jul 30, 2026","1763736.77","-3.1","0.4","0.12","Moving Up","","",,="4/9","<1","false","Swing"
"FLUT","Flutter Entertainment plc Ordinary Shares","Discretionary","Gambling","102.06","62.84","Sell","Jul 31, 2026","Downtrend","Aug 25, 2026","2900306.5","32.96","6.25","-0.51","Moving Up","","",,="3/9","<1","false","Swing"
"IFF","International Flavors & Fragrances, Inc. Common Stock","Materials","Specialty Chemicals","87.16","77.93","Buy","Jul 31, 2026","Uptrend","Jul 29, 2026","1612417","-32.8","2.84","1.57","Moving Up","","",,="6/9","<1","false","Swing"
"LHX","L3Harris Technologies, Inc. Common Stock","Industrials","Aerospace & Defense","262.17","28.87","Sell","Jul 31, 2026","Downtrend","Jul 30, 2026","1592788.73","42.97","3.77","-0.25","Moving Down","","Positive",,="2/9","<1","false","Swing"
"MAC","Macerich Company (The) Common Stock","Real Estate","REIT - Retail","24.26","47.78","Sell","Jul 31, 2026","Downtrend","Aug 21, 2026","3311512.07","80.05","44.98","-0.41","Moving Down","","",,="4/9","<1","false","Swing"
"NNN","NNN REIT, Inc. Common Stock","Real Estate","REIT - Retail","46.12","46.93","Sell","Jul 31, 2026","Downtrend","Aug 07, 2026","1375556.83","5.53","5.96","-0.47","Moving Down","","",,="4/9","<1","false","Swing"
"OGE","OGE Energy Corp Common Stock","Utilities","Utilities - Regulated Electric","45.94","44.06","Sell","Jul 31, 2026","Downtrend","Jul 30, 2026","1336100.27","-14.18","0.18","-0.04","Moving Down","","",,="2/9","<1","false","Swing"
"PARR","Par Pacific Holdings, Inc.  Common Stock","Energy","Oil & Gas Refining & Marketing","73.82","59.86","Sell","Jul 31, 2026","Uptrend","Aug 10, 2026","1030084.8","398.81","5.97","-0.69","Moving Down","","",,="3/9","<1","false","Swing"
"RHI","Robert Half Inc. Common Stock","Industrials","Staffing & Employment Services","44.9","92.37","Sell","Jul 31, 2026","Uptrend","May 22, 2026","2354214.33","48.58","8.52","-0.49","Moving Down","","",,="2/9","<1","false","Swing"
"TEVA","Teva Pharmaceutical Industries Limited American Depositary Shares","Health Care","Drug Manufacturers - Specialty & Generic","38.1","59.8","Buy","Jul 31, 2026","Uptrend","Jul 30, 2026","5476605.87","254.34","2.3","3.17","Moving Up","","",,="6/9","<1","false","Swing"
"VTR","Ventas, Inc. Common Stock","Real Estate","REIT - Healthcare Facilities","93.83","53.03","Sell","Jul 31, 2026","Uptrend","Aug 25, 2026","3154630.73","111.07","3.9","0.39","Moving Up","","",,="6/9","<1","false","Swing"
"WM","Waste Management, Inc. Common Stock","Industrials","Waste Management","222.13","47.76","Sell","Jul 31, 2026","Downtrend","Aug 07, 2026","1916072.33","15.41","0.39","-1.91","Moving Down","","",,="1/9","<1","false","Swing"
"CLSK","CleanSpark, Inc. Common Stock","Financials","Capital Markets","12.75","25.49","Sell","Jul 30, 2026","Downtrend","Aug 04, 2026","22618662.17","114.61","9.58","6.87","Moving Up","","",,="3/9","<1","false","Swing"
"CMCSA","Comcast Corporation Class A Common Stock","Communication","Telecom Services","27.1","83.99","Buy","Jul 30, 2026","Uptrend","Aug 03, 2026","28195246.53","-51.38","2.25","0.3","Moving Up","","",,="6/9","<1","false","Swing"
"CPRT","Copart, Inc. (DE) Common Stock","Industrials","Specialty Business Services","33.33","79.82","Buy","Jul 30, 2026","Uptrend","Aug 14, 2026","11718908.27","188.37","12.9","0.21","Moving Up","","",,="4/9","<1","false","Swing"
"CTRE","CareTrust REIT, Inc. Common Stock","Real Estate","REIT - Healthcare Facilities","39.9","38.73","Sell","Jul 30, 2026","Downtrend","Aug 10, 2026","2069693.07","61.29","1.45","0.63","Moving Up","","",,="5/9","<1","false","Swing"
"DOX","Amdocs Limited Ordinary Shares","Technology","Software - Infrastructure","62.31","80.37","Buy","Jul 30, 2026","Uptrend","Aug 06, 2026","1220577.4","-19.03","1.76","0.34","Moving Up","","",,="4/9","<1","false","Swing"
"DRI","Darden Restaurants, Inc. Common Stock","Discretionary","Restaurants","220.41","84.39","Buy","Jul 30, 2026","Uptrend","Jul 29, 2026","1152306.6","-110","0.17","-2.28","Moving Up","","",,="5/9","<1","false","Swing"
"EVRG","Evergy, Inc. Common Stock","Utilities","Utilities - Regulated Electric","81.41","26","Sell","Jul 30, 2026","Downtrend","Jul 30, 2026","1871312.6","26.76","2.16","0.02","Moving Down","","",,="3/9","<1","false","Swing"
"GXO","GXO Logistics, Inc. Common Stock ","Industrials","Integrated Freight & Logistics","47.42","26.29","Sell","Jul 30, 2026","Downtrend","Aug 05, 2026","1540002.73","-35.6","1.55","0.94","Moving Up","","",,="2/9","<1","false","Swing"
"HUBG","Hub Group, Inc. Class A Common Stock","Industrials","Integrated Freight & Logistics","39.23","31.1","Sell","Jul 30, 2026","Downtrend","Aug 11, 2026","1137631.67","25.53","1.48","-2.44","Moving Down","","","true",="2/9","<1","false","Swing"
"JPM","JP Morgan Chase & Co. Common Stock","Financials","Banks - Diversified","356.69","57.27","Sell","Jul 30, 2026","Uptrend","Jun 05, 2026","6803773.83","120.5","2.07","0.08","Moving Down","","Positive",,="3/9","<1","false","Swing"
"KO","Coca-Cola Company (The) Common Stock","Staples","Beverages - Non-Alcoholic","91.64","89.12","Buy","Jul 30, 2026","Uptrend","Jun 09, 2026","15793049.93","26.12","0.72","-0.38","Moving Up","","Positive",,="7/9","<1","false","Swing"
"MAN","ManpowerGroup Common Stock","Industrials","Staffing & Employment Services","62.09","90.95","Sell","Jul 30, 2026","Uptrend","May 28, 2026","1327034.57","47.25","7.24","1.14","Moving Down","","",,="2/9","<1","false","Swing"
"ODFL","Old Dominion Freight Line, Inc. Common Stock","Industrials","Trucking","198.34","32.32","Sell","Jul 30, 2026","Downtrend","Jul 30, 2026","1566902.33","-232.53","0.17","-1.56","Moving Down","","",,="2/9","<1","false","Swing"
"PTC","PTC Inc. Common Stock","Technology","Software - Application","151.14","75.98","Buy","Jul 30, 2026","Uptrend","Jul 29, 2026","1395578.07","-11.13","0.34","-2.05","Moving Up","","",,="5/9","<1","false","Swing"
"RMD","ResMed Inc. Common Stock","Health Care","Medical Instruments & Supplies","236.59","79.14","Buy","Jul 30, 2026","Uptrend","Jul 28, 2026","1371575.57","6.61","0.36","1.78","Moving Up","","",,="6/9","<1","false","Swing"
"STAG","Stag Industrial, Inc. Common Stock","Real Estate","REIT - Industrial","37.1","27.25","Sell","Jul 30, 2026","Downtrend","Jul 31, 2026","1624590.6","46.01","4.98","0.13","Moving Up","","",,="4/9","<1","false","Swing"
"TXT","Textron Inc. Common Stock","Industrials","Aerospace & Defense","81.8","41.26","Sell","Jul 30, 2026","Downtrend","Jul 29, 2026","1621663.03","-10.07","0.35","-0.4","Moving Down","","",,="2/9","<1","false","Swing"
"VFC","V.F. Corporation Common Stock","Discretionary","Apparel Manufacturing","13.85","41.61","Sell","Jul 30, 2026","Downtrend","Jul 29, 2026","7792100","-43.98","6.86","-3.21","Moving Down","","",,="2/9","<1","false","Swing"
"DK","Delek US Holdings, Inc. Common Stock","Energy","Oil & Gas Refining & Marketing","67.59","72.59","Sell","Jul 29, 2026","Uptrend","Jun 26, 2026","1352140.47","-27.8","0.26","-0.72","Moving Down","","",,="3/9","<1","false","Swing"
"DUOL","Duolingo, Inc. Class A Common Stock","Technology","Software - Application","146.04","71.72","Buy","Jul 29, 2026","Uptrend","Aug 07, 2026","1248227.7","201.28","44.4","-0.54","Moving Up","","",,="5/9","<1","false","Swing"
"ELF","e.l.f. Beauty, Inc. Common Stock","Staples","Household & Personal Products","105.77","83.57","Buy","Jul 29, 2026","Uptrend","Jun 12, 2026","2342917.27","61.24","0.62","-0.17","Moving Up","","",,="7/9","<1","false","Swing"
"FRPT","Freshpet, Inc. Common Stock","Staples","Packaged Foods","75.4","89.4","Buy","Jul 29, 2026","Uptrend","Jul 15, 2026","1311640.2","28.13","7.07","-1.5","Moving Up","","",,="7/9","<1","false","Swing"
"GPRE","Green Plains Inc. Common Stock","Materials","Chemicals","14.65","55.56","Sell","Jul 29, 2026","Downtrend","Aug 24, 2026","1420540.4","-66.01","0.2","-2.14","Moving Down","","",,="3/9","<1","false","Swing"
"HALO","Halozyme Therapeutics, Inc. Common Stock","Health Care","Biotechnology","109.32","91.5","Buy","Jul 29, 2026","Uptrend","Jun 03, 2026","2129323.03","429.7","2.42","0.63","Moving Up","","",,="6/9","<1","false","Swing"
"HMY","Harmony Gold Mining Company Limited","Materials","Gold","22.95","75.68","Buy","Jul 29, 2026","Uptrend","Aug 03, 2026","2939418.37","183.62","0.92","0.61","Moving Up","","",,="6/9","<1","false","Swing"
"HRB","H&R Block, Inc. Common Stock","Discretionary","Personal Services","53.19","96.36","Buy","Jul 29, 2026","Uptrend","Jun 30, 2026","2291519.1","-32.49","0.31","-0.91","Moving Up","","",,="5/9","<1","false","Swing"
"HSY","The Hershey Company Common Stock","Staples","Confectioners","187.18","60.64","Buy","Jul 29, 2026","Uptrend","Aug 06, 2026","1422893.4","-13.32","0.28","-1.45","Moving Up","","",,="7/9","<1","false","Swing"
"IMNM","Immunome, Inc. Common Stock","Health Care","Biotechnology","29.385","62.37","Buy","Jul 29, 2026","Uptrend","Jun 30, 2026","1099454.67","206.02","2.62","4.91","Moving Up","","",,="6/9","<1","false","Swing"
"PBF","PBF Energy Inc. Class A Common Stock","Energy","Oil & Gas Refining & Marketing","66.51","81.15","Sell","Jul 29, 2026","Uptrend","Jun 26, 2026","3109589.97","202.02","5.41","-4.32","Moving Down","","",,="3/9","<1","false","Swing"
"SAP","SAP  SE ADS","Technology","Software - Application","216.93","89.05","Buy","Jul 29, 2026","Uptrend","Jul 28, 2026","3093259.47","64.27","2.89","-0.79","Moving Up","","",,="5/9","<1","false","Swing"
"TRP","TC Energy Corporation Common Stock","Energy","Oil & Gas Midstream","61.85","33.36","Sell","Jul 29, 2026","Downtrend","Jul 31, 2026","1841466.33","-10.03","0.31","-0.34","Moving Down","","",,="2/9","<1","false","Swing"
"TW","Tradeweb Markets Inc. Class A Common Stock","Financials","Capital Markets","107.71","80.49","Buy","Jul 29, 2026","Uptrend","Aug 05, 2026","1528041.57","1.19","0.13","-0.62","Moving Up","","",,="5/9","<1","false","Swing"
"UNH","UnitedHealth Group Incorporated Common Stock (DE)","Health Care","Healthcare Plans","396.59","61.53","Sell","Jul 29, 2026","Downtrend","Aug 11, 2026","4888024.77","-92.47","0.1","-0.54","Moving Down","","",,="2/9","<1","false","Swing"
"VIV","Telefonica Brasil S.A. American Depositary Shares (Each representing One Common Share)","Communication","Telecom Services","11.65","5.04","Sell","Jul 29, 2026","Downtrend","Jul 29, 2026","1588405.47","38.97","19.22","1.75","Moving Up","","",,="4/9","<1","false","Swing"
"VST","Vistra Corp. Common Stock","Utilities","Utilities - Independent Power Producers","139.03","19.95","Sell","Jul 29, 2026","Downtrend","Jul 29, 2026","4572702.7","-259.13","0.25","2.48","Moving Down","","",,="3/9","<1","false","Swing"
"XRAY","DENTSPLY SIRONA Inc. Common Stock","Health Care","Medical Instruments & Supplies","10.97","50.61","Sell","Jul 29, 2026","Downtrend","Aug 11, 2026","4774102.2","-80.14","3.34","0.73","Moving Down","","",,="3/9","<1","false","Swing"
"ACHC","Acadia Healthcare Company, Inc. Common Stock","Health Care","Medical Care Facilities","29.87","50.48","Sell","Jul 28, 2026","Neutral","Aug 25, 2026","2415164.9","-58.64","0.51","4","Moving Down","","",,="3/9","<1","false","Swing"
"AMGN","Amgen Inc. Common Stock","Health Care","Drug Manufacturers - General","442.24","91.63","Buy","Jul 28, 2026","Uptrend","Jun 22, 2026","2525961.33","126.35","3.68","-0.36","Moving Up","","",,="6/9","<1","false","Swing"
"BANC","Banc of California, Inc. Common Stock","Financials","Banks - Regional","18.59","38.74","Sell","Jul 28, 2026","Downtrend","Jul 29, 2026","3296820.33","-156.53","0.04","-0.32","Moving Down","","",,="2/9","<1","false","Swing"
"BHP","BHP Group Limited American Depositary Shares (Each representing two Ordinary Shares)","Materials","Other Industrial Metals & Mining","98.69","72.34","Buy","Jul 28, 2026","Uptrend","Jul 27, 2026","2699851.7","98.37","2.39","1.61","Moving Up","","",,="6/9","<1","false","Swing"
"CHRW","C.H. Robinson Worldwide, Inc. Common Stock","Industrials","Integrated Freight & Logistics","143.66","15.71","Sell","Jul 28, 2026","Downtrend","Jul 28, 2026","2092154.57","-78.46","0.2","0.56","Moving Down","","",,="1/9","<1","false","Swing"
"CRM","Salesforce, Inc. Common Stock","Technology","Software - Application","205.69","74.72","Buy","Jul 28, 2026","Uptrend","Jul 27, 2026","11433682.77","-34.07","0.14","-1.61","Moving Up","","Positive",,="4/9","<1","false","Swing"
"D","Dominion Energy, Inc. Common Stock","Utilities","Utilities - Regulated Electric","66.93","55.59","Sell","Jul 28, 2026","Downtrend","Aug 19, 2026","3474518.77","-37.18","0.86","0.48","Moving Down","","",,="3/9","<1","false","Swing"
"DOC","Healthpeak Properties, Inc. Common Stock","Real Estate","REIT - Healthcare Facilities","21.66","50.18","Sell","Jul 28, 2026","Neutral","Aug 20, 2026","5389139.87","-20.9","0.17","0.14","Moving Up","","",,="5/9","<1","false","Swing"
"EGO","Eldorado Gold Corporation Ordinary Shares","Materials","Gold","48.14","77.83","Buy","Jul 28, 2026","Uptrend","Aug 03, 2026","2570887.63","224.84","1.28","3.82","Moving Up","","",,="6/9","<1","false","Swing"
"EXLS","ExlService Holdings, Inc. Common Stock","Technology","Information Technology Services","37.45","96.32","Buy","Jul 28, 2026","Uptrend","Jul 27, 2026","2426433.43","107.58","1.81","-0.56","Moving Down","","",,="4/9","<1","false","Swing"
"GLUE","Monte Rosa Therapeutics, Inc. Common Stock","Health Care","Biotechnology","14.56","12.52","Sell","Jul 28, 2026","Downtrend","Jul 31, 2026","1359033","-71.79","0.18","5.7","Moving Down","","",,="3/9","<1","false","Swing"
"GS","Goldman Sachs Group, Inc. (The) Common Stock","Financials","Capital Markets","1058.88","48.02","Sell","Jul 28, 2026","Neutral","Aug 21, 2026","1952368.43","198.51","1.53","2.18","Moving Up","","Positive",,="2/9","<1","false","Swing"
"HE","Hawaiian Electric Industries, Inc. Common Stock","Utilities","Utilities - Regulated Electric","11.37","34.69","Sell","Jul 28, 2026","Downtrend","Jul 27, 2026","1886683.7","-34.69","6.66","-0.35","Moving Down","","",,="3/9","<1","false","Swing"
"HESM","Hess Midstream LP Class A Representing Limited Partner Interests","Energy","Oil & Gas Midstream","39.08","42.9","Sell","Jul 28, 2026","Downtrend","Aug 20, 2026","1141762.37","32.86","1.41","0.15","Moving Down","","",,="1/9","<1","false","Swing"
"JNJ","Johnson & Johnson Common Stock","Health Care","Drug Manufacturers - General","273.14","83.48","Buy","Jul 28, 2026","Uptrend","Jun 23, 2026","7298475.73","83.76","2.07","0.04","Moving Up","","Positive",,="6/9","<1","false","Swing"
"LDOS","Leidos Holdings, Inc. Common Stock","Technology","Information Technology Services","134.54","84.44","Buy","Jul 28, 2026","Uptrend","Aug 03, 2026","1489149.83","11.72","0.87","-2.81","Moving Down","","",,="4/9","<1","false","Swing"
"OMER","Omeros Corporation Common Stock","Health Care","Biotechnology","19.28","79.58","Buy","Jul 28, 2026","Uptrend","Jul 27, 2026","2104425.77","3.69","0.33","-0.21","Moving Up","","",,="6/9","<1","false","Swing"
"RF","Regions Financial Corporation Common Stock","Financials","Banks - Regional","30.63","67.29","Sell","Jul 28, 2026","Neutral","Aug 24, 2026","8880926.17","56.12","1.5","0","Moving Down","","",,="2/9","<1","false","Swing"
"SLB","SLB Limited Common Shares","Energy","Oil & Gas Equipment & Services","53.29","66.41","Buy","Jul 28, 2026","Uptrend","Aug 04, 2026","10890823.97","13.32","0.93","-1.31","Moving Up","","",,="5/9","<1","false","Swing"
"UPS","United Parcel Service, Inc. Common Stock","Industrials","Integrated Freight & Logistics","105.14","36.54","Sell","Jul 28, 2026","Downtrend","Aug 05, 2026","5259173.73","-131.4","0.13","2.36","Moving Down","","",,="1/9","<1","false","Swing"
"WIX","Wix.com Ltd. Ordinary Shares","Technology","Software - Infrastructure","86.055","82.89","Buy","Jul 28, 2026","Uptrend","Jul 27, 2026","1667652.57","75.47","10.91","1.94","Moving Up","","",,="5/9","<1","false","Swing"
"A","Agilent Technologies, Inc. Common Stock","Health Care","Diagnostics & Research","154.77","93.3","Buy","Jul 27, 2026","Uptrend","May 28, 2026","1984823.37","66.43","2.41","0.87","Moving Up","","",,="5/9","<1","false","Swing"
"ARQT","Arcutis Biotherapeutics, Inc. Common Stock","Health Care","Biotechnology","24.86","45.8","Sell","Jul 27, 2026","Downtrend","Aug 20, 2026","1552489.07","-24.68","0.13","0.32","Moving Down","","",,="3/9","<1","false","Swing"
"CX","Cemex, S.A.B. de C.V. Sponsored ADR","Materials","Building Materials","11","27.74","Sell","Jul 27, 2026","Downtrend","Jul 24, 2026","7314131.2","86.71","1.42","-0.27","Moving Up","","",,="4/9","<1","false","Swing"
"ECVT","Ecovyst Inc. Common Stock","Materials","Specialty Chemicals","10.13","27.39","Sell","Jul 27, 2026","Downtrend","Jul 29, 2026","1298648.6","38.41","10.26","0.6","Moving Down","","",,="3/9","<1","false","Swing"
"EPRT","Essential Properties Realty Trust, Inc. Common Stock","Real Estate","REIT - Retail","30.8","68.74","Sell","Jul 27, 2026","Downtrend","Aug 21, 2026","1471761.37","41.61","4.62","-0.58","Moving Up","","",,="5/9","<1","false","Swing"
"EQT","EQT Corporation Common Stock","Energy","Oil & Gas E&P","54","46.95","Buy","Jul 27, 2026","Uptrend","Aug 10, 2026","6741897.53","196.07","1.04","0.39","Moving Up","","",,="5/9","<1","false","Swing"
"IBN","ICICI Bank Limited Common Stock","Financials","Banks - Regional","30.39","58.99","Sell","Jul 27, 2026","Uptrend","Aug 25, 2026","5443568.1","-83.14","0.2","2.53","Moving Down","","",,="3/9","<1","false","Swing"
"KT","KT Corporation Common Stock","Communication","Telecom Services","19.23","62.75","Buy","Jul 27, 2026","Uptrend","Aug 11, 2026","1488852.6","97.57","3.6","1.48","Moving Up","","",,="6/9","<1","false","Swing"
"MDLZ","Mondelez International, Inc. Class A Common Stock","Staples","Confectioners","62.99","77.43","Buy","Jul 27, 2026","Uptrend","Jul 24, 2026","8033471.43","33.11","5.06","-2.64","Moving Up","","",,="7/9","<1","false","Swing"
"RTO","Rentokil Initial plc American Depositary Shares (each representing five (5) Ordinary Shares)","Industrials","Specialty Business Services","23.8","25.52","Sell","Jul 27, 2026","Downtrend","Jul 24, 2026","1528530.33","7.68","4.28","0","Moving Up","","",,="3/9","<1","false","Swing"
"SLG","SL Green Realty Corp Common Stock","Real Estate","REIT - Office","59.83","75.93","Buy","Jul 27, 2026","Uptrend","May 21, 2026","1005722.67","-0.64","137.48","2.15","Moving Up","","",,="6/9","<1","false","Swing"
"UPBD","Upbound Group, Inc. Common Stock","Technology","Software - Application","19.36","39.2","Sell","Jul 27, 2026","Downtrend","Aug 05, 2026","1014271.2","38.67","7.39","0.99","Moving Down","","",,="1/9","<1","false","Swing"
"VRDN","Viridian Therapeutics, Inc. Common Stock","Health Care","Biotechnology","24.18","76.01","Buy","Jul 27, 2026","Uptrend","Jul 20, 2026","1778375.23","-27.19","0.26","0.67","Moving Down","","",,="5/9","<1","false","Swing"
"VZ","Verizon Communications Inc. Common Stock","Communication","Telecom Services","50.25","61.9","Buy","Jul 27, 2026","Uptrend","Jul 24, 2026","22641872.77","-26.37","1.39","0.2","Moving Up","","",,="5/9","<1","false","Swing"
"AIG","American International Group, Inc. New Common Stock","Financials","Insurance - Diversified","76.38","45.27","Sell","Jul 24, 2026","Downtrend","Aug 11, 2026","3142702.57","-4.8","0.34","-1.29","Moving Down","","",,="2/9","<1","false","Swing"
"BNL","Broadstone Net Lease, Inc. Common Stock","Real Estate","REIT - Diversified","21.55","48.05","Sell","Jul 24, 2026","Neutral","Aug 25, 2026","2088541.03","17.55","1.26","1.65","Moving Up","","",,="5/9","<1","false","Swing"
"CUZ","Cousins Properties Incorporated Common Stock","Real Estate","REIT - Office","30.2","61.33","Sell","Jul 24, 2026","Neutral","Aug 24, 2026","1524599.8","0.36","2.86","0.63","Moving Down","","",,="4/9","<1","false","Swing"
"DBRG","DigitalBridge Group, Inc.","Financials","Asset Management","15.97","57.4","Buy","Jul 24, 2026","Uptrend","Mar 25, 2026","3388935.63","26.43","12.1","-0.06","Moving Up","","",,="5/9","<1","false","Swing"
"FRO","Frontline Plc Ordinary Shares","Energy","Oil & Gas Midstream","43.46","72.13","Buy","Jul 24, 2026","Uptrend","Jul 21, 2026","1903069.1","185.74","1.15","-1.34","Moving Up","","",,="5/9","<1","false","Swing"
"GBCI","Glacier Bancorp, Inc. Common Stock","Financials","Banks - Regional","47.35","48.29","Sell","Jul 24, 2026","Downtrend","Aug 17, 2026","1129809","68.86","24.8","1.24","Moving Down","","",,="2/9","<1","false","Swing"
"HIW","Highwoods Properties, Inc. Common Stock","Real Estate","REIT - Office","31.91","59.55","Sell","Jul 24, 2026","Neutral","Aug 19, 2026","1292062.77","-0.66","132.28","0.44","Moving Down","","",,="4/9","<1","false","Swing"
"KHC","The Kraft Heinz Company Common Stock","Staples","Packaged Foods","25.32","45.03","Sell","Jul 24, 2026","Neutral","Aug 19, 2026","13420508.8","-15.99","0.15","-1.36","Moving Up","","",,="5/9","<1","false","Swing"
"KNX","Knight-Swift Transportation Holdings Inc.","Industrials","Trucking","68.5","58.21","Sell","Jul 24, 2026","Downtrend","Aug 18, 2026","3671673.43","32.99","0.88","-0.9","Moving Down","","",,="2/9","<1","false","Swing"
"META","Meta Platforms, Inc. Class A Common Stock","Communication","Internet Content & Information","570.05","27.14","Sell","Jul 24, 2026","Downtrend","Jul 28, 2026","15769534.37","-105.39","0.22","1.97","Moving Up","","Positive",,="4/9","<1","false","Swing"
"MNRO","Monro, Inc. Common Stock","Discretionary","Auto Parts","13.96","26.25","Sell","Jul 24, 2026","Downtrend","Jul 29, 2026","1127431.43","-53.04","4.63","8.55","Moving Up","","",,="3/9","<1","false","Swing"
"ONB","Old National Bancorp Common Stock","Financials","Banks - Regional","25.66","64.71","Sell","Jul 24, 2026","Downtrend","Aug 20, 2026","4262351.87","71.1","3.88","-0.43","Moving Down","","",,="2/9","<1","false","Swing"
"RRC","Range Resources Corporation Common Stock","Energy","Oil & Gas E&P","40.99","60.44","Buy","Jul 24, 2026","Uptrend","Aug 10, 2026","2857808.87","-64.05","0.31","-0.63","Moving Up","","",,="5/9","<1","false","Swing"
"ACGL","Arch Capital Group Ltd. Common Stock","Financials","Insurance - Diversified","100.56","48.22","Sell","Jul 23, 2026","Uptrend","Aug 25, 2026","1699432.37","46.6","0.88","-0.57","Moving Up","","",,="4/9","<1","false","Swing"
"ACIW","ACI Worldwide, Inc. Common Stock","Technology","Software - Infrastructure","52.4","41.71","Sell","Jul 23, 2026","Downtrend","Aug 17, 2026","1070993.13","-1.17","0.32","-0.02","Moving Down","","",,="1/9","<1","false","Swing"
"AXP","American Express Company Common Stock","Financials","Credit Services","335.95","48.59","Sell","Jul 23, 2026","Downtrend","Aug 20, 2026","2619130.97","90.88","1.44","-0.41","Moving Down","","",,="2/9","<1","false","Swing"
"BOX","Box, Inc. Class A Common Stock","Technology","Software - Infrastructure","33","76.78","Sell","Jul 23, 2026","Uptrend","Jun 29, 2026","2817694.17","-87.02","0.11","-1.4","Moving Down","","",,="2/9","<1","false","Swing"
"EBAY","eBay Inc. Common Stock","Discretionary","Internet Retail","106","32.23","Sell","Jul 23, 2026","Downtrend","Aug 10, 2026","4304046.43","167.6","2.26","-1.01","Moving Up","","",,="3/9","<1","false","Swing"
"FBRX","Forte Biosciences, Inc. Common Stock","Health Care","Biotechnology","76.97","68.89","Sell","Jul 23, 2026","Uptrend","Jul 09, 2026","2091280.77","660.27","5.39","0.03","Moving Down","","",,="4/9","<1","false","Swing"
"GRPN","Groupon, Inc. Common Stock","Communication","Internet Content & Information","19.59","36.21","Sell","Jul 23, 2026","Downtrend","Aug 10, 2026","1471732.47","-21.27","10.84","-0.2","Moving Down","","",,="3/9","<1","false","Swing"
"MLTX","MoonLake Immunotherapeutics Class A Ordinary Shares","Health Care","Biotechnology","15.56","31.71","Sell","Jul 23, 2026","Downtrend","Jul 31, 2026","1204212.67","-713.28","0.01","1.24","Moving Down","","",,="3/9","<1","false","Swing"
"NKE","Nike, Inc. Common Stock","Discretionary","Footwear & Accessories","39.48","40.61","Sell","Jul 23, 2026","Downtrend","Jul 22, 2026","21717067.23","-90.04","2.05","-3.12","Moving Down","","Negative",,="2/9","<1","false","Swing"
"PBI","Pitney Bowes Inc. Common Stock","Industrials","Integrated Freight & Logistics","17.08","36.65","Sell","Jul 23, 2026","Neutral","Aug 25, 2026","1587737.77","267.39","1.7","3.33","Moving Up","","",,="3/9","<1","false","Swing"
"PFE","Pfizer, Inc. Common Stock","Health Care","Drug Manufacturers - General","28.57","87.69","Buy","Jul 23, 2026","Uptrend","Aug 04, 2026","38298010.23","13.74","5.81","2.15","Moving Up","","Positive",,="6/9","<1","false","Swing"
"QGEN","Qiagen N.V. Common Shares","Health Care","Diagnostics & Research","43.65","56.63","Sell","Jul 23, 2026","Uptrend","Jun 24, 2026","2968830.57","-59.53","0.11","4.48","Moving Down","","",,="3/9","<1","false","Swing"
"REZI","Resideo Technologies, Inc. Common Stock ","Industrials","Industrial Distribution","19.93","12.64","Sell","Jul 23, 2026","Downtrend","Aug 04, 2026","2383376.57","37.91","11.13","3.37","Moving Up","","",,="3/9","<1","false","Swing"
"RSI","Rush Street Interactive, Inc. Class A Common Stock","Discretionary","Gambling","26.05","40.93","Sell","Jul 23, 2026","Downtrend","Jul 30, 2026","2644273.73","148.9","0.98","-1.4","Moving Up","","",,="3/9","<1","false","Swing"
"RY","Royal Bank Of Canada Common Stock","Financials","Banks - Diversified","207.09","59.93","Sell","Jul 23, 2026","Neutral","Aug 25, 2026","1263254.2","225.22","3.19","1.5","Moving Down","","",,="2/9","<1","false","Swing"
"SIRI","SiriusXM Holdings Inc. Common Stock","Communication","Entertainment","28.73","41.85","Sell","Jul 23, 2026","Downtrend","Aug 10, 2026","3915019.5","-47.53","3.7","0.98","Moving Down","","",,="3/9","<1","false","Swing"
"STWD","STARWOOD PROPERTY TRUST, INC. Starwood Property Trust Inc.","Real Estate","REIT - Mortgage","16.12","59.49","Sell","Jul 23, 2026","Downtrend","Jul 20, 2026","4276615.37","5.24","3.84","-1.04","Moving Down","","",,="4/9","<1","false","Swing"
"T","AT&T Inc.","Communication","Telecom Services","25.77","74.78","Buy","Jul 23, 2026","Uptrend","Aug 06, 2026","59546066.73","21.93","3.43","0.31","Moving Up","","",,="5/9","<1","false","Swing"
"ZTO","ZTO Express (Cayman) Inc. American Depositary Shares, each representing one Class A ordinary share.","Industrials","Integrated Freight & Logistics","21.4","31.62","Sell","Jul 23, 2026","Downtrend","Aug 12, 2026","1870040.27","-89.11","0.32","0.56","Moving Down","","",,="2/9","<1","false","Swing"
"ACI","Albertsons Companies, Inc. Class A Common Stock","Staples","Grocery Stores","12.38","28.58","Sell","Jul 22, 2026","Downtrend","Jul 23, 2026","9026148.5","-66.21","2.46","-1.82","Moving Down","","",,="4/9","<1","false","Swing"
"APA","APA Corporation Common Stock","Energy","Oil & Gas E&P","41.35","72.26","Buy","Jul 22, 2026","Uptrend","Aug 06, 2026","5616273.8","182.21","7.19","-3.75","Moving Up","","",,="5/9","<1","false","Swing"
"BAC","Bank of America Corporation Common Stock","Financials","Banks - Diversified","62.43","66.14","Sell","Jul 22, 2026","Uptrend","Jun 02, 2026","29949154.23","101.87","3.51","0.16","Moving Down","","",,="3/9","<1","false","Swing"
"CLBK","Columbia Financial, Inc. Common Stock","Financials","Banks - Regional","11.655","40.34","Sell","Jul 22, 2026","Downtrend","Jul 21, 2026","7678695.67","-157.18","0.95","-1.15","Moving Down","","",,="2/9","<1","false","Swing"
"COR","Cencora, Inc. Common Stock","Health Care","Medical Distribution","328.06","48.84","Sell","Jul 22, 2026","Uptrend","Jul 01, 2026","1374454.77","136.56","1.21","1.33","Moving Down","","",,="4/9","<1","false","Swing"
"DECK","Deckers Outdoor Corporation Common Stock","Discretionary","Footwear & Accessories","88.74","33.3","Sell","Jul 22, 2026","Downtrend","Jul 21, 2026","2355643.47","226.41","2.9","-3.63","Moving Down","","",,="2/9","<1","false","Swing"
"ELAN","Elanco Animal Health Incorporated Common Stock","Health Care","Drug Manufacturers - Specialty & Generic","25.09","45.73","Sell","Jul 22, 2026","Neutral","Aug 24, 2026","7210820.87","-56.38","1.77","2.74","Moving Up","","",,="3/9","<1","false","Swing"
"FE","FirstEnergy Corp. Common Stock","Utilities","Utilities - Regulated Electric","46.62","37.16","Sell","Jul 22, 2026","Downtrend","Aug 06, 2026","4211344.97","-33.88","0.03","0.11","Moving Down","","",,="2/9","<1","false","Swing"
"LYB","LyondellBasell Industries NV Ordinary Shares Class A (Netherlands)","Materials","Specialty Chemicals","62.55","78.11","Buy","Jul 22, 2026","Uptrend","Aug 10, 2026","4202711.8","-87.03","1.03","-4.06","Moving Down","","",,="5/9","<1","false","Swing"
"NVO","Novo Nordisk A/S Common Stock","Health Care","Drug Manufacturers - General","48.66","48.43","Sell","Jul 22, 2026","Neutral","Aug 24, 2026","12376121.43","77.76","2.31","3.71","Moving Up","","",,="4/9","<1","false","Swing"
"PODD","Insulet Corporation Common Stock","Health Care","Medical Devices","143.05","32.07","Sell","Jul 22, 2026","Downtrend","Aug 05, 2026","1626749.2","88.14","21.82","-1.63","Moving Down","","","true",="3/9","<1","false","Swing"
"QDEL","QuidelOrtho Corporation Common Stock","Health Care","Medical Devices","15.05","33.7","Sell","Jul 22, 2026","Downtrend","Aug 07, 2026","1464987.3","-82.61","3.7","3.86","Moving Up","","",,="4/9","<1","false","Swing"
"TROW","T. Rowe Price Group, Inc. Common Stock","Financials","Asset Management","112.87","61.46","Sell","Jul 22, 2026","Neutral","Aug 24, 2026","1753838","22.55","11.5","0.51","Moving Down","","",,="2/9","<1","false","Swing"
"VEEE","Twin Vee PowerCats Co. Common Stock","Discretionary","Recreational Vehicles","10.07","55.01","Sell","Jul 22, 2026","Downtrend","Aug 12, 2026","1112536.07","-135.63","5.55","-4.37","Moving Up","","",,="3/9","<1","false","Swing"
"WCN","Waste Connections, Inc. Common Shares","Industrials","Waste Management","166.15","49.52","Sell","Jul 22, 2026","Uptrend","Aug 21, 2026","1190004.3","-33.39","0.26","-1.67","Moving Down","","",,="3/9","<1","false","Swing"
"XYL","Xylem Inc. Common Stock New","Industrials","Specialty Industrial Machinery","112.81","39.29","Sell","Jul 22, 2026","Downtrend","Aug 18, 2026","1886133.7","63.37","3.63","-1.2","Moving Down","","",,="2/9","<1","false","Swing"
"ZION","Zions Bancorporation N.A. Common Stock","Financials","Banks - Regional","67.57","56.72","Sell","Jul 22, 2026","Downtrend","Aug 20, 2026","1579385.93","102.46","5.06","-0.44","Moving Down","","",,="2/9","<1","false","Swing"
"BAND","Bandwidth Inc. Class A Common Stock","Technology","Software - Infrastructure","46.655","55.62","Sell","Jul 21, 2026","Downtrend","Jul 27, 2026","1084105.7","208.25","3.23","0.66","Moving Down","","",,="2/9","<1","false","Swing"
"EQR","Equity Residential Common Shares of Beneficial Interest","Real Estate","REIT - Residential","63.66","61.64","Sell","Jul 21, 2026","Downtrend","Aug 06, 2026","3498307.93","-60.58","0.65","0","","","",,="4/9","<1","false","Swing"
"GME","GameStop Corporation Common Stock","Discretionary","Specialty Retail","18.09","27.72","Sell","Jul 21, 2026","Downtrend","Jul 29, 2026","5895455.8","3246.19","8.94","0.28","Moving Down","","",,="2/9","<1","false","Swing"
"OUT","OUTFRONT Media Inc. Common Stock","Real Estate","REIT - Specialty","30.66","45.14","Sell","Jul 21, 2026","Downtrend","Aug 06, 2026","1699972.9","12.48","0.85","0.79","Moving Up","","",,="5/9","<1","false","Swing"
"PSN","Parsons Corporation Common Stock","Technology","Information Technology Services","48.04","60.74","Sell","Jul 21, 2026","Downtrend","Jul 29, 2026","1658566.9","42.37","3.99","-1.58","Moving Up","","",,="3/9","<1","false","Swing"
"CNQ","Canadian Natural Resources Limited Common Stock","Energy","Oil & Gas E&P","49.59","85.12","Buy","Jul 20, 2026","Uptrend","Jul 17, 2026","5999248.5","115.89","1.02","-2.15","Moving Up","","",,="5/9","<1","false","Swing"
"INTU","Intuit Inc. Common Stock","Technology","Software - Application","357.46","81.32","Buy","Jul 20, 2026","Uptrend","Jul 28, 2026","3770326.07","-1.05","0.37","-3.37","Moving Up","","Negative","true",="5/9","<1","false","Swing"
"POR","Portland General Electric Co Common Stock","Utilities","Utilities - Regulated Electric","49.81","40.06","Sell","Jul 20, 2026","Downtrend","Aug 18, 2026","1049722.5","8.19","8.3","0.22","Moving Up","","",,="4/9","<1","false","Swing"
"RBLX","Roblox Corporation Class A Common Stock","Communication","Electronic Gaming & Multimedia","39.12","42.11","Sell","Jul 20, 2026","Downtrend","Jul 23, 2026","13083191.13","24.32","15.27","0.93","Moving Up","","",,="4/9","<1","false","Swing"
"ABT","Abbott Laboratories Common Stock","Health Care","Medical Devices","116.13","94.06","Buy","Jul 17, 2026","Uptrend","Jul 16, 2026","9922639.87","34.53","2.42","-0.46","Moving Up","","",,="6/9","<1","false","Swing"
"ADSK","Autodesk, Inc. Common Stock","Technology","Software - Application","251.21","92.32","Buy","Jul 17, 2026","Uptrend","Jul 27, 2026","1977805.3","-29.34","0.19","-1.26","Moving Down","","",,="4/9","<1","false","Swing"
"CB","Chubb Limited  Common Stock","Financials","Insurance - Property & Casualty","343.11","44.73","Sell","Jul 17, 2026","Downtrend","Aug 25, 2026","1890385.53","71.62","1.49","-0.79","Moving Down","","",,="2/9","<1","false","Swing"
"COP","ConocoPhillips Common Stock","Energy","Oil & Gas E&P","131.84","76.04","Buy","Jul 17, 2026","Uptrend","Jul 17, 2026","6310779.97","38","0.81","-1.13","Moving Up","","",,="5/9","<1","false","Swing"
"MOH","Molina Healthcare Inc Common Stock","Health Care","Healthcare Plans","199.63","52.18","Sell","Jul 17, 2026","Downtrend","Aug 17, 2026","1186606.63","-115.64","0.1","0.57","Moving Up","","",,="4/9","<1","false","Swing"
"PRVA","Privia Health Group, Inc. Common Stock","Health Care","Health Information Services","21.2","2.79","Sell","Jul 17, 2026","Downtrend","Jul 27, 2026","1227173.03","-13.85","6.08","0.86","Moving Up","","",,="3/9","<1","false","Swing"
"SNDX","Syndax Pharmaceuticals, Inc. Common Stock","Health Care","Biotechnology","19.92","55.55","Sell","Jul 17, 2026","Downtrend","Aug 20, 2026","1362730.1","76.7","12.2","1.79","Moving Up","","",,="4/9","<1","false","Swing"
"SRE","DBA Sempra Common Stock","Utilities","Utilities - Diversified","84.03","30.19","Sell","Jul 17, 2026","Downtrend","Jul 27, 2026","3520007.97","-25.76","0.16","-0.64","Moving Up","","",,="3/9","<1","false","Swing"
"TAC","TransAlta Corporation Ordinary Shares","Utilities","Utilities - Independent Power Producers","12.25","40.81","Sell","Jul 17, 2026","Downtrend","Jul 28, 2026","1186019.27","244.91","6.91","1.24","Moving Down","","",,="3/9","<1","false","Swing"
"TNGX","Tango Therapeutics, Inc.","Health Care","Biotechnology","24.77","17.07","Sell","Jul 17, 2026","Downtrend","Aug 11, 2026","2234742.63","23.93","0.47","1.06","Moving Up","","",,="4/9","<1","false","Swing"
"TXN","Texas Instruments Incorporated Common Stock","Technology","Semiconductors","260.05","48.72","Sell","Jul 17, 2026","Downtrend","Jul 23, 2026","7144409.33","119.05","3.13","0.43","Moving Down","","",,="2/9","<1","false","Swing"
"UDR","UDR, Inc. Common Stock","Real Estate","REIT - Residential","38.17","55.57","Sell","Jul 17, 2026","Downtrend","Aug 25, 2026","3158699.83","-19.68","1.8","-0.57","Moving Down","","",,="3/9","<1","false","Swing"
"USB","U.S. Bancorp Common Stock","Financials","Banks - Regional","62.41","66.92","Sell","Jul 17, 2026","Neutral","Aug 20, 2026","7176729.03","33.33","9.7","-0.02","Moving Down","","",,="2/9","<1","false","Swing"
"UTI","Universal Technical Institute Inc Common Stock","Staples","Education & Training Services","22.51","3.37","Sell","Jul 17, 2026","Downtrend","Aug 06, 2026","1624536.03","93.92","1.24","2.23","Moving Down","","",,="4/9","<1","false","Swing"
"WNC","Wabash National Corporation Common Stock","Industrials","Farm & Heavy Construction Machinery","12.41","53.1","Sell","Jul 17, 2026","Neutral","Aug 21, 2026","1352572.43","181.86","76.48","2.99","Moving Down","","",,="1/9","<1","false","Swing"
"XOM","Exxon Mobil Corporation Common Stock","Energy","Oil & Gas Integrated","160.64","75.61","Buy","Jul 17, 2026","Uptrend","Jul 16, 2026","14088785.73","87.07","1.39","-2.08","Moving Up","","",,="5/9","<1","false","Swing"
"BP","BP p.l.c. Common Stock","Energy","Oil & Gas Integrated","42.86","65.37","Buy","Jul 16, 2026","Uptrend","Aug 10, 2026","7698175.73","102.03","6.88","-2.01","Moving Up","","",,="5/9","<1","false","Swing"
"CPNG","Coupang, Inc. Class A Common Stock","Discretionary","Internet Retail","16.69","51.83","Sell","Jul 16, 2026","Downtrend","Jul 17, 2026","17636390.47","-28.59","0.06","1.52","Moving Up","","",,="3/9","<1","false","Swing"
"CVX","Chevron Corporation Common Stock","Energy","Oil & Gas Integrated","199.89","75.76","Buy","Jul 16, 2026","Uptrend","Jul 15, 2026","7445519.8","43.66","1.42","-1.58","Moving Up","","",,="5/9","<1","false","Swing"
"CYTK","Cytokinetics, Incorporated Common Stock","Health Care","Biotechnology","77.46","34.44","Sell","Jul 16, 2026","Downtrend","Aug 20, 2026","1746569.77","-668.83","0.17","0.48","Moving Up","","",,="3/9","<1","false","Swing"
"FBIN","Fortune Brands Innovations, Inc. Common Stock","Industrials","Building Products & Equipment","45.67","49.14","Sell","Jul 16, 2026","Downtrend","Aug 14, 2026","2475086.57","21.9","8.34","1.58","Moving Down","","",,="2/9","<1","false","Swing"
"HDB","HDFC Bank Limited Common Stock","Financials","Banks - Regional","23.63","39.72","Sell","Jul 16, 2026","Downtrend","Jul 21, 2026","8009358.7","15.94","6.06","0.38","Moving Up","","",,="3/9","<1","false","Swing"
"LINC","Lincoln Educational Services Corporation Common Stock","Staples","Education & Training Services","25.42","6.29","Sell","Jul 16, 2026","Downtrend","Jul 16, 2026","1017484.03","1192.31","3.52","2.38","Moving Down","","",,="4/9","<1","false","Swing"
"LMND","Lemonade, Inc. Common Stock","Financials","Insurance - Property & Casualty","54.42","21.39","Sell","Jul 16, 2026","Downtrend","Jul 24, 2026","1402390.8","-200.4","0.17","1.06","Moving Up","","",,="3/9","<1","false","Swing"
"PNR","Pentair plc. Ordinary Share","Industrials","Specialty Industrial Machinery","62.46","33.89","Sell","Jul 16, 2026","Downtrend","Jul 15, 2026","3367803.17","66.03","4.82","-1.34","Moving Down","","",,="2/9","<1","false","Swing"
"PNW","Pinnacle West Capital Corporation Common Stock","Utilities","Utilities - Regulated Electric","97.67","29.75","Sell","Jul 16, 2026","Downtrend","Jul 29, 2026","1177353.1","9.03","1.7","-0.04","Moving Down","","",,="3/9","<1","false","Swing"
"WFC","Wells Fargo & Company Common Stock","Financials","Banks - Diversified","84.79","49.75","Sell","Jul 16, 2026","Downtrend","Aug 20, 2026","13029403.5","72.53","3.2","0.08","Moving Down","","",,="2/9","<1","false","Swing"
"AGIO","Agios Pharmaceuticals, Inc. Common Stock","Health Care","Biotechnology","33.9","57.44","Sell","Jul 15, 2026","Downtrend","Aug 20, 2026","1123024.4","-63.58","0.17","3.86","Moving Up","","",,="4/9","<1","false","Swing"
"ALNY","Alnylam Pharmaceuticals, Inc. Common Stock","Health Care","Biotechnology","240.08","31.61","Sell","Jul 15, 2026","Downtrend","Jul 15, 2026","2013212.6","20.73","1.45","1.72","Moving Up","","",,="4/9","<1","false","Swing"
"IBM","International Business Machines Corporation Common Stock","Technology","Information Technology Services","234.19","43.57","Sell","Jul 15, 2026","Downtrend","Jul 14, 2026","8533698.23","-26.26","0.28","1.36","Moving Up","","Positive",,="3/9","<1","false","Swing"
"LIN","Linde plc Ordinary Shares","Materials","Specialty Chemicals","487.2","39.89","Sell","Jul 15, 2026","Downtrend","Jul 20, 2026","2104339.93","15.55","0.7","-0.58","Moving Up","","",,="4/9","<1","false","Swing"
"LNT","Alliant Energy Corporation Common Stock","Utilities","Utilities - Regulated Electric","68.34","27.4","Sell","Jul 15, 2026","Downtrend","Jul 27, 2026","2495217.87","-8.44","0.28","-0.12","Moving Down","","",,="3/9","<1","false","Swing"
"PDI","PIMCO Dynamic Income Fund Common Stock","Financials","Closed-End Fund - Debt","15.46","29.71","Sell","Jul 15, 2026","Downtrend","Jul 14, 2026","3352994.7","32.24","654.75","0.85","Moving Down","","",,="2/9","<1","false","Swing"
"PNC","PNC Financial Services Group, Inc. (The) Common Stock","Financials","Banks - Regional","244.11","54.3","Sell","Jul 15, 2026","Downtrend","Aug 20, 2026","1568515.47","40.72","1.79","0.18","Moving Down","","",,="2/9","<1","false","Swing"
"SGHC","Super Group (SGHC) Limited Ordinary Shares","Discretionary","Gambling","13.95","35.94","Sell","Jul 15, 2026","Neutral","Aug 24, 2026","2338166.5","333.88","2.26","-0.29","Moving Up","","",,="3/9","<1","false","Swing"
"SHEL","Shell PLC American Depositary Shares (each representing two (2) Ordinary Shares) ","Energy","Oil & Gas Integrated","92.22","88.35","Buy","Jul 15, 2026","Uptrend","Jul 14, 2026","6183800.6","51.35","1.48","-0.84","Moving Up","","",,="5/9","<1","false","Swing"
"SIMO","Silicon Motion Technology Corporation American Depositary Shares","Technology","Semiconductors","241.83","57.22","Sell","Jul 15, 2026","Downtrend","Aug 18, 2026","1187907.07","389.59","3.04","-0.56","Moving Down","","",,="2/9","<1","false","Swing"
"TDC","Teradata Corporation Common Stock","Technology","Software - Infrastructure","27.37","33.11","Sell","Jul 15, 2026","Downtrend","Aug 05, 2026","2945037.6","-5.97","0.09","-0.55","Moving Up","","",,="3/9","<1","false","Swing"
"TECH","Bio-Techne Corp Common Stock","Health Care","Biotechnology","72.33","55.59","Sell","Jul 15, 2026","Uptrend","Jun 04, 2026","3300785.47","-61.87","0.11","-0.08","Moving Down","","",,="4/9","<1","false","Swing"
"TTWO","Take-Two Interactive Software, Inc. Common Stock","Communication","Electronic Gaming & Multimedia","232.93","46.09","Sell","Jul 15, 2026","Downtrend","Aug 24, 2026","2046943.17","71.62","2.23","-0.24","Moving Down","","",,="3/9","<1","false","Swing"
"VKTX","Viking Therapeutics, Inc. Common Stock","Health Care","Biotechnology","34.17","28.25","Sell","Jul 15, 2026","Downtrend","Aug 21, 2026","1869111.33","-221.44","0.19","2.83","Moving Up","","",,="4/9","<1","false","Swing"
"WEC","WEC Energy Group, Inc. Common Stock","Utilities","Utilities - Regulated Electric","106.67","32.85","Sell","Jul 15, 2026","Downtrend","Jul 27, 2026","2337394.47","-8.12","0.31","-0.85","Moving Down","","",,="3/9","<1","false","Swing"
"AEE","Ameren Corporation Common Stock","Utilities","Utilities - Regulated Electric","106.83","34.39","Sell","Jul 14, 2026","Downtrend","Jul 29, 2026","1479899.9","54.41","3.48","-0.31","Moving Down","","",,="3/9","<1","false","Swing"
"AEP","American Electric Power Company, Inc. Common Stock","Utilities","Utilities - Regulated Electric","122.77","26.86","Sell","Jul 14, 2026","Downtrend","Jul 29, 2026","3668034.9","58.42","4.97","0.65","Moving Down","","",,="3/9","<1","false","Swing"
"ARCC","Ares Capital Corporation Common Stock","Financials","Asset Management","19.93","88.15","Buy","Jul 14, 2026","Uptrend","Jul 30, 2026","4257061.97","-8.2","0.27","-0.6","Moving Up","","Positive",,="5/9","<1","false","Swing"
"BCS","Barclays PLC Common Stock","Financials","Banks - Diversified","27.23","52.94","Sell","Jul 14, 2026","Neutral","Aug 25, 2026","4306442.8","180.98","2.62","0.96","Moving Down","","",,="2/9","<1","false","Swing"
"BKD","Brookdale Senior Living Inc. Common Stock","Health Care","Medical Care Facilities","12.2","32.95","Sell","Jul 14, 2026","Downtrend","Aug 03, 2026","5136321.57","8.2","0.35","0.66","Moving Down","","",,="3/9","<1","false","Swing"
"CVBF","CVB Financial Corporation Common Stock","Financials","Banks - Regional","22.39","63.31","Sell","Jul 14, 2026","Neutral","Aug 25, 2026","1299378.4","11.59","3.16","-0.22","Moving Down","","",,="2/9","<1","false","Swing"
"FITB","Fifth Third Bancorp Common Stock","Financials","Banks - Regional","54.89","54.86","Sell","Jul 14, 2026","Downtrend","Aug 19, 2026","5497975.47","101.34","3.28","-0.02","Moving Down","","",,="2/9","<1","false","Swing"
"NRG","NRG Energy, Inc. Common Stock","Utilities","Utilities - Independent Power Producers","113.61","16.74","Sell","Jul 14, 2026","Downtrend","Aug 04, 2026","2961956.07","195.98","2.73","1.64","Moving Down","","",,="3/9","<1","false","Swing"
"OPLN","OPENLANE, Inc. Common Stock","Discretionary","Auto & Truck Dealerships","34.31","36.5","Sell","Jul 14, 2026","Downtrend","Aug 05, 2026","1325493.43","-22.63","0.2","0.76","Moving Down","","",,="2/9","<1","false","Swing"
"OVV","Ovintiv Inc. (DE)","Energy","Oil & Gas E&P","64.4","83.66","Buy","Jul 14, 2026","Uptrend","Jul 13, 2026","3556259.5","-5.24","0.37","-2.31","Moving Up","","",,="5/9","<1","false","Swing"
"PTCT","PTC Therapeutics, Inc. Common Stock","Health Care","Biotechnology","73.47","50.3","Sell","Jul 14, 2026","Downtrend","Jul 24, 2026","1139245.97","-64.96","0.06","3.39","Moving Up","","",,="4/9","<1","false","Swing"
"RYAAY","Ryanair Holdings plc American Depositary Shares","Industrials","Airlines","57.28","27.28","Sell","Jul 14, 2026","Downtrend","Aug 06, 2026","1363022.43","-35.08","0.21","1.22","Moving Down","","",,="2/9","<1","false","Swing"
"SRAD","Sportradar Group AG Class A Ordinary Shares","Technology","Software - Application","12.91","37.75","Sell","Jul 14, 2026","Downtrend","Jul 30, 2026","2649937.53","49.65","5.7","-1.45","Moving Up","","",,="3/9","<1","false","Swing"
"ZBH","Zimmer Biomet Holdings, Inc. Common Stock","Health Care","Medical Devices","100.24","94.66","Buy","Jul 14, 2026","Uptrend","Jul 23, 2026","2286248.23","-70.69","1.03","-0.73","Moving Down","","",,="5/9","<1","false","Swing"
"ALKS","Alkermes plc Ordinary Shares","Health Care","Drug Manufacturers - Specialty & Generic","49.21","48.33","Sell","Jul 13, 2026","Neutral","Aug 24, 2026","1557558.4","-63.98","0.26","0.7","Moving Down","","",,="2/9","<1","false","Swing"
"AZN","AstraZeneca PLC Ordinary Shares","Health Care","Drug Manufacturers - General","169.66","31.31","Sell","Jul 13, 2026","Downtrend","Jul 10, 2026","3769217.37","50.96","1.31","1.77","Moving Up","","",,="3/9","<1","false","Swing"
"BXP","BXP, Inc. Common Stock","Real Estate","REIT - Office","72.13","57.66","Sell","Jul 13, 2026","Uptrend","Aug 25, 2026","1407126.13","23.79","5.38","3.06","Moving Up","","",,="5/9","<1","false","Swing"
"CMS","CMS Energy Corporation Common Stock","Utilities","Utilities - Regulated Electric","68.74","22.34","Sell","Jul 13, 2026","Downtrend","Jul 27, 2026","3710251","10.87","2.22","0.47","Moving Down","","",,="3/9","<1","false","Swing"
"DTE","DTE Energy Company Common Stock","Utilities","Utilities - Regulated Electric","136.14","37.91","Sell","Jul 13, 2026","Downtrend","Jul 27, 2026","1291720.03","27.31","1.91","0.35","Moving Down","","",,="3/9","<1","false","Swing"
"MAS","Masco Corporation Common Stock","Industrials","Building Products & Equipment","72.92","52.65","Sell","Jul 13, 2026","Downtrend","Aug 20, 2026","2479524.73","84.26","4.72","-0.4","Moving Down","","",,="2/9","<1","false","Swing"
"RARE","Ultragenyx Pharmaceutical Inc. Common Stock","Health Care","Biotechnology","26.46","53.34","Sell","Jul 13, 2026","Downtrend","Jul 22, 2026","2015734.2","323.9","43.2","2.88","Moving Up","","",,="4/9","<1","false","Swing"
"RDY","Dr. Reddy's Laboratories Ltd Common Stock","Health Care","Drug Manufacturers - Specialty & Generic","12.34","28.05","Sell","Jul 13, 2026","Downtrend","Jul 13, 2026","2688791.03","79.26","3.95","0.98","Moving Up","","",,="4/9","<1","false","Swing"
"SLGN","Silgan Holdings Inc. Common Stock","Discretionary","Packaging & Containers","42.66","30.02","Sell","Jul 13, 2026","Neutral","Aug 25, 2026","1380679.03","-76.13","0.11","0.38","Moving Up","","",,="3/9","<1","false","Swing"
"ATEN","A10 Networks, Inc. Common Stock","Technology","Software - Infrastructure","25.13","27.72","Sell","Jul 10, 2026","Downtrend","Jul 28, 2026","1343942.43","288.32","2.75","-0.4","Moving Down","","",,="2/9","<1","false","Swing"
"BR","Broadridge Financial Solutions, Inc. Common Stock","Technology","Information Technology Services","184.82","92.04","Buy","Jul 10, 2026","Uptrend","Jul 24, 2026","1211139.27","111.38","5.83","-0.34","Moving Up","","",,="5/9","<1","false","Swing"
"CALY","Callaway Golf Company Common Stock","Discretionary","Leisure","15.47","53.95","Sell","Jul 10, 2026","Downtrend","Aug 07, 2026","1857593.13","-43.44","1.88","-2.03","Moving Down","","",,="2/9","<1","false","Swing"
"ETR","Entergy Corporation Common Stock","Utilities","Utilities - Regulated Electric","106.24","32.08","Sell","Jul 10, 2026","Downtrend","Jul 29, 2026","2345955.1","63.42","1.29","0.43","Moving Down","","",,="2/9","<1","false","Swing"
"FNB","F.N.B. Corporation Common Stock","Financials","Banks - Regional","18.37","60.64","Sell","Jul 10, 2026","Downtrend","Aug 20, 2026","4890969.63","65","3.12","-0.6","Moving Down","","",,="2/9","<1","false","Swing"
"FULT","Fulton Financial Corporation Common Stock","Financials","Banks - Regional","23.66","52.77","Sell","Jul 10, 2026","Downtrend","Aug 19, 2026","1701946.5","89.41","5.56","0.3","Moving Down","","",,="2/9","<1","false","Swing"
"MO","Altria Group, Inc.","Staples","Tobacco","68.07","37.66","Sell","Jul 10, 2026","Downtrend","Jul 31, 2026","9218772.17","20.83","0.92","-0.58","Moving Up","","",,="5/9","<1","false","Swing"
"PG","Procter & Gamble Company (The) Common Stock","Staples","Household & Personal Products","145.4","40.23","Sell","Jul 10, 2026","Downtrend","Aug 25, 2026","8519078.53","51.87","6.34","-0.82","Moving Down","","",,="4/9","<1","false","Swing"
"PPL","PPL Corporation Common Stock","Utilities","Utilities - Regulated Electric","34.99","40.62","Sell","Jul 10, 2026","Downtrend","Aug 18, 2026","7625937.77","11.46","5.35","-0.14","Moving Down","","",,="2/9","<1","false","Swing"
"PZZA","Papa John's International, Inc. Common Stock","Discretionary","Restaurants","24.11","10.27","Sell","Jul 10, 2026","Downtrend","Jul 10, 2026","1526766.27","-68.08","2.85","0.12","Moving Down","","",,="2/9","<1","false","Swing"
"RBA","RB Global, Inc. Common Stock","Industrials","Specialty Business Services","85.02","9.23","Sell","Jul 10, 2026","Downtrend","Aug 05, 2026","1776965.87","124.58","3.07","1.13","Moving Down","","",,="2/9","<1","false","Swing"
"SMPL","The Simply Good Foods Company Common Stock","Staples","Packaged Foods","10.95","67.65","Sell","Jul 10, 2026","Downtrend","Jul 16, 2026","2098119.2","-34.21","9.07","-0.18","Moving Down","","",,="4/9","<1","false","Swing"
"TRIP","TripAdvisor, Inc. Common Stock","Discretionary","Travel Services","10.095","20.35","Sell","Jul 10, 2026","Downtrend","Aug 06, 2026","3301658.47","56.78","7.5","-0.93","Moving Down","","",,="2/9","<1","false","Swing"
"UMC","United Microelectronics Corporation (NEW) Common Stock","Technology","Semiconductors","19.6","59.01","Sell","Jul 10, 2026","Downtrend","Jul 17, 2026","13886766.53","588.28","2.74","2.89","Moving Up","","",,="2/9","<1","false","Swing"
"VCYT","Veracyte, Inc. Common Stock","Health Care","Diagnostics & Research","44.04","27.19","Sell","Jul 10, 2026","Downtrend","Jul 31, 2026","1306763.77","184.93","14.86","6.2","Moving Up","","",,="4/9","<1","false","Swing"
"XEL","Xcel Energy Inc. Common Stock","Utilities","Utilities - Regulated Electric","77.19","38.5","Sell","Jul 10, 2026","Downtrend","Aug 20, 2026","4861156.7","6.5","0.69","-0.18","Moving Down","","",,="3/9","<1","false","Swing"
"BLDR","Builders FirstSource, Inc. Common Stock","Industrials","Building Products & Equipment","69.36","48.07","Sell","Jul 09, 2026","Downtrend","Jul 09, 2026","2138079.83","-134.56","0.19","-1.22","Moving Up","","",,="3/9","<1","false","Swing"
"CXW","CoreCivic, Inc. Common Stock","Industrials","Security & Protection Services","33.14","62.44","Sell","Jul 09, 2026","Uptrend","May 13, 2026","1306944.73","46.64","1.22","-2.07","Moving Down","","",,="3/9","<1","false","Swing"
"FHB","First Hawaiian, Inc. Common Stock","Financials","Banks - Regional","25.78","42.77","Sell","Jul 09, 2026","Downtrend","Jul 24, 2026","2075244.7","1.71","3.86","-1","Moving Down","","",,="2/9","<1","false","Swing"
"PEG","Public Service Enterprise Group Incorporated Common Stock","Utilities","Utilities - Regulated Electric","73.28","29.57","Sell","Jul 09, 2026","Downtrend","Jul 16, 2026","2679909.63","8.83","0.82","-0.34","Moving Down","","",,="3/9","<1","false","Swing"
"QFIN","Qfin Holdings, Inc. American Depositary Shares","Financials","Credit Services","11.53","32.35","Sell","Jul 09, 2026","Downtrend","Jul 10, 2026","1540836.23","47.27","10.5","4.91","Moving Down","","",,="2/9","<1","false","Swing"
"SGI","Somnigroup International Inc. Common Stock","Discretionary","Furnishings Fixtures & Appliances","64.09","31.99","Sell","Jul 09, 2026","Downtrend","Jul 17, 2026","2711565.27","-8.98","0.36","-0.34","Moving Up","","",,="3/9","<1","false","Swing"
"AMRX","Amneal Pharmaceuticals, Inc. Class A Common Stock","Health Care","Drug Manufacturers - Specialty & Generic","17.92","54.37","Sell","Jul 08, 2026","Uptrend","Jun 03, 2026","1795362.3","60.53","0.63","0.79","Moving Down","","",,="3/9","<1","false","Swing"
"AROC","Archrock, Inc. Common Stock","Energy","Oil & Gas Equipment & Services","30.71","12.57","Sell","Jul 08, 2026","Downtrend","Jul 24, 2026","1702471.53","251.74","1.55","0.03","Moving Down","","",,="2/9","<1","false","Swing"
"BV","BrightView Holdings, Inc. Common Stock","Industrials","Specialty Business Services","11.15","41.14","Sell","Jul 08, 2026","Downtrend","Jul 29, 2026","1195265.97","-52.41","1.67","1.92","Moving Down","","",,="2/9","<1","false","Swing"
"CAT","Caterpillar, Inc. Common Stock","Industrials","Farm & Heavy Construction Machinery","811.29","31.87","Sell","Jul 08, 2026","Downtrend","Aug 18, 2026","2880393.67","239.89","1.34","0.03","Moving Down","","Positive",,="2/9","<1","false","Swing"
"CVS","CVS Health Corporation Common Stock","Health Care","Healthcare Plans","92.9","42.27","Sell","Jul 08, 2026","Downtrend","Aug 05, 2026","7695351.67","35.22","3.02","-1.29","Moving Down","","",,="2/9","<1","false","Swing"
"DKS","Dick's Sporting Goods Inc Common Stock","Discretionary","Specialty Retail","124.31","25.66","Sell","Jul 08, 2026","Downtrend","Aug 11, 2026","2734912.17","-233.86","0.15","-30.68","Moving Down","","Positive","true",="2/9","<1","false","Swing"
"LNTH","Lantheus Holdings, Inc. Common Stock","Health Care","Drug Manufacturers - Specialty & Generic","100.87","41.48","Sell","Jul 08, 2026","Downtrend","Aug 06, 2026","1654785.77","227.59","0.83","0.07","Moving Up","","",,="4/9","<1","false","Swing"
"LUV","Southwest Airlines Company Common Stock","Industrials","Airlines","40.82","35.07","Sell","Jul 08, 2026","Downtrend","Aug 10, 2026","4882825.03","18.29","5.67","0.27","Moving Down","","",,="2/9","<1","false","Swing"
"MKSI","MKS Inc. Common Stock","Technology","Scientific & Technical Instruments","270.48","31.01","Sell","Jul 08, 2026","Downtrend","Jul 24, 2026","1448073.4","88.35","1.86","0.53","Moving Down","","",,="2/9","<1","false","Swing"
"MTZ","MasTec, Inc. Common Stock","Industrials","Engineering & Construction","246.85","31.05","Sell","Jul 08, 2026","Downtrend","Jul 10, 2026","1576458.27","235.52","2.29","-3.33","Moving Down","","",,="2/9","<1","false","Swing"
"NI","NiSource Inc Common Stock","Utilities","Utilities - Regulated Gas","40.65","16.78","Sell","Jul 08, 2026","Downtrend","Jul 09, 2026","5684815.3","4.11","0.18","-0.44","Moving Down","","",,="3/9","<1","false","Swing"
"RRX","Regal Rexnord Corporation Common Stock","Industrials","Specialty Industrial Machinery","162.18","27.65","Sell","Jul 08, 2026","Downtrend","Aug 05, 2026","1228137.27","187.85","5.62","-0.33","Moving Down","","",,="2/9","<1","false","Swing"
"UCTT","Ultra Clean Holdings, Inc. Common Stock","Technology","Semiconductor Equipment & Materials","73.32","29.83","Sell","Jul 08, 2026","Downtrend","Aug 14, 2026","1318867.6","-57.74","0.27","0.74","Moving Down","","",,="2/9","<1","false","Swing"
"WING","Wingstop Inc. Common Stock","Discretionary","Restaurants","113.85","36.87","Sell","Jul 08, 2026","Downtrend","Jul 14, 2026","1250801.93","276.91","18.45","-2.56","Moving Up","","",,="3/9","<1","false","Swing"
"ALGM","Allegro MicroSystems, Inc. Common Stock","Technology","Semiconductors","37.44","24.96","Sell","Jul 07, 2026","Downtrend","Jul 15, 2026","2194168.87","-0.31","0.32","5.08","Moving Down","","",,="2/9","<1","false","Swing"
"ALLY","Ally Financial Inc. Common Stock","Financials","Credit Services","42.6","57.68","Sell","Jul 07, 2026","Downtrend","Aug 17, 2026","3016960.87","78.84","4.35","0.35","Moving Down","","",,="2/9","<1","false","Swing"
"BROS","Dutch Bros Inc. Class A Common Stock","Discretionary","Restaurants","51.08","29.93","Sell","Jul 07, 2026","Downtrend","Aug 06, 2026","3780115.3","-118.05","0.13","-1.67","Moving Up","","",,="3/9","<1","false","Swing"
"EFX","Equifax, Inc. Common Stock","Industrials","Consulting Services","191.89","77.35","Buy","Jul 07, 2026","Uptrend","Jul 24, 2026","1520933.03","87.8","6.54","-1.41","Moving Up","","",,="4/9","<1","false","Swing"
"ESI","Element Solutions Inc. Common Stock","Materials","Specialty Chemicals","35.5","51.8","Sell","Jul 07, 2026","Downtrend","Jul 07, 2026","4255808.8","-49.36","0.22","1.49","Moving Down","","",,="3/9","<1","false","Swing"
"HRL","Hormel Foods Corporation Common Stock","Staples","Packaged Foods","23.78","54.17","Sell","Jul 07, 2026","Downtrend","Aug 17, 2026","3418792.1","-49.25","2.72","-1.29","Moving Down","","",,="4/9","<1","false","Swing"
"AMKR","Amkor Technology, Inc. Common Stock","Technology","Semiconductor Equipment & Materials","48.7","38.34","Sell","Jul 06, 2026","Downtrend","Jul 06, 2026","5418172","41.46","0.46","1.67","Moving Down","","",,="2/9","<1","false","Swing"
"CRH","CRH PLC Ordinary Shares","Materials","Building Materials","96.2","33.55","Sell","Jul 06, 2026","Downtrend","Jul 07, 2026","4223242.47","167.99","3","0.43","Moving Down","","",,="2/9","<1","false","Swing"
"DOV","Dover Corporation Common Stock","Industrials","Specialty Industrial Machinery","202.06","42.85","Sell","Jul 06, 2026","Downtrend","Jul 17, 2026","1109692.8","85.49","2.56","-0.77","Moving Down","","",,="2/9","<1","false","Swing"
"FLG","Flagstar Bank, N.A. Common Stock","Financials","Banks - Regional","13.44","22.23","Sell","Jul 06, 2026","Downtrend","Jul 24, 2026","4413794.27","8.78","3.82","0.15","Moving Down","","",,="2/9","<1","false","Swing"
"GNRC","Generac Holdlings Inc. Common Stock","Industrials","Specialty Industrial Machinery","201.78","48.76","Sell","Jul 06, 2026","Downtrend","Jul 06, 2026","1087899.63","195.41","7.12","-0.87","Moving Down","","",,="2/9","<1","false","Swing"
"TWO","Two Harbors Investment Corp","Real Estate","REIT - Mortgage","12.18","69.93","Sell","Jul 06, 2026","Uptrend","Aug 25, 2026","3541667.17","1.34","3.26","0","Moving Up","","",,="5/9","<1","false","Swing"
"VERA","Vera Therapeutics, Inc. Class A Common Stock","Health Care","Biotechnology","35.28","36.39","Sell","Jul 06, 2026","Neutral","Aug 25, 2026","1945873.33","3.48","0.15","4.63","Moving Up","","",,="4/9","<1","false","Swing"
"WDC","Western Digital Corporation Common Stock","Technology","Computer Hardware","450.75","48.99","Sell","Jul 06, 2026","Downtrend","Aug 18, 2026","8013772.6","-0.91","0.34","3.53","Moving Up","","Positive",,="3/9","<1","false","Swing"
"WH","Wyndham Hotels & Resorts, Inc. Common Stock ","Discretionary","Lodging","75.87","45","Sell","Jul 06, 2026","Downtrend","Jul 08, 2026","1316314.87","-45.34","0.47","2.04","Moving Up","","",,="2/9","<1","false","Swing"
"AMX","America Movil, S.A.B. de C.V. American Depositary Shares (each representing the right to receive twenty (20) Series B Shares","Communication","Telecom Services","23.75","25.85","Sell","Jul 02, 2026","Downtrend","Jul 23, 2026","2561946.63","-0.03","0.33","-0.21","Moving Up","","",,="4/9","<1","false","Swing"
"HGV","Hilton Grand Vacations Inc. Common Stock ","Discretionary","Resorts & Casinos","44.91","37.31","Sell","Jul 02, 2026","Downtrend","Jul 30, 2026","1110058.27","-35.28","0.87","-0.99","Moving Up","","",,="3/9","<1","false","Swing"
"KLAC","KLA Corporation Common Stock","Technology","Semiconductor Equipment & Materials","183.34","24.04","Sell","Jul 02, 2026","Downtrend","Aug 14, 2026","10890586.1","873.95","2.34","0.97","Moving Down","","Positive",,="2/9","<1","false","Swing"
"MARA","MARA Holdings, Inc. Common Stock","Financials","Capital Markets","11.83","31.92","Sell","Jul 02, 2026","Neutral","Aug 25, 2026","50160766.43","-7311.24","0.03","5.81","Moving Up","","",,="2/9","<1","false","Swing"
"MDU","MDU Resources Group, Inc. Common Stock (Holding Company)","Utilities","Utilities - Regulated Gas","19.98","48.24","Sell","Jul 02, 2026","Downtrend","Jul 27, 2026","1397999.77","41.3","10.98","0.1","Moving Down","","",,="3/9","<1","false","Swing"
"MIR","Mirion Technologies, Inc. Class A Common Stock","Industrials","Specialty Industrial Machinery","14.71","33.12","Sell","Jul 02, 2026","Downtrend","Jul 06, 2026","3950072.7","-177.44","0.13","0.2","Moving Down","","",,="2/9","<1","false","Swing"
"SNEX","StoneX Group Inc. Common Stock","Financials","Capital Markets","69.66","34.04","Sell","Jul 01, 2026","Downtrend","Jul 31, 2026","1059361.4","504.08","1.91","2.82","Moving Up","","",,="3/9","<1","false","Swing"
"STAA","STAAR Surgical Company Common Stock","Health Care","Medical Instruments & Supplies","23.18","55.04","Sell","Jul 01, 2026","Downtrend","Aug 17, 2026","1033942.37","262.89","31.27","-0.34","Moving Down","","",,="3/9","<1","false","Swing"
"GEO","Geo Group Inc (The) REIT","Industrials","Security & Protection Services","32.16","48.31","Sell","Jun 30, 2026","Uptrend","Mar 17, 2026","1730148.53","-56.89","0.25","-0.06","Moving Down","","",,="3/9","<1","false","Swing"
"HMC","Honda Motor Company, Ltd. Common Stock","Discretionary","Auto Manufacturers","31.8","88.01","Buy","Jun 30, 2026","Uptrend","Jun 26, 2026","1100858.83","63.35","12.15","-2.42","Moving Up","","",,="5/9","<1","false","Swing"
"AMAT","Applied Materials, Inc. Common Stock","Technology","Semiconductor Equipment & Materials","480.04","33.58","Sell","Jun 29, 2026","Downtrend","Aug 18, 2026","7504680.4","725.47","2.85","-0.86","Moving Down","","",,="2/9","<1","false","Swing"
"BDX","Becton, Dickinson and Company Common Stock","Health Care","Medical Instruments & Supplies","189.78","96.48","Buy","Jun 29, 2026","Uptrend","Jul 15, 2026","1789573.13","-6.68","12.41","-0.5","Moving Up","","",,="6/9","<1","false","Swing"
"FUN","Six Flags Entertainment Corporation Common Stock New","Discretionary","Leisure","16.59","35.97","Sell","Jun 29, 2026","Downtrend","Jul 01, 2026","2197930.1","-28.9","6.25","-1.89","Moving Up","","",,="3/9","<1","false","Swing"
"GFS","GlobalFoundries Inc. Ordinary Shares","Technology","Semiconductors","45.92","20.99","Sell","Jun 29, 2026","Downtrend","Jul 02, 2026","4276134.7","-30.09","2.36","-0.07","Moving Down","","",,="2/9","<1","false","Swing"
"GNTX","Gentex Corporation Common Stock","Discretionary","Auto Parts","23.65","49.04","Sell","Jun 29, 2026","Downtrend","Aug 10, 2026","2406369","13.28","5.05","0.25","Moving Down","","",,="2/9","<1","false","Swing"
"PEB","Pebblebrook Hotel Trust Common Shares of Beneficial Interest","Real Estate","REIT - Hotel & Motel","18.35","62.53","Sell","Jun 29, 2026","Neutral","Aug 12, 2026","2048660.37","-51.89","1.83","0.16","Moving Up","","",,="4/9","<1","false","Swing"
"TTMI","TTM Technologies, Inc. Common Stock","Technology","Electronic Components","112.3","25.04","Sell","Jun 29, 2026","Downtrend","Jul 02, 2026","2937144.23","139.44","0.61","4.84","Moving Down","","",,="2/9","<1","false","Swing"
"CPRI","Capri Holdings Limited Ordinary Shares","Discretionary","Luxury Goods","13.3","33.68","Sell","Jun 26, 2026","Downtrend","Jul 08, 2026","4060298.97","28.84","5.09","-2.78","Moving Down","","",,="2/9","<1","false","Swing"
"COCO","The Vita Coco Company, Inc. Common Stock","Staples","Beverages - Non-Alcoholic","63.57","19.65","Sell","Jun 25, 2026","Downtrend","Jul 23, 2026","1029113.53","25.42","0.54","0.33","Moving Down","","",,="4/9","<1","false","Swing"
"MGM","MGM Resorts International Common Stock","Discretionary","Resorts & Casinos","43.34","48.52","Sell","Jun 25, 2026","Downtrend","Aug 05, 2026","2241469.53","66.53","6.61","-0.8","Moving Up","","",,="2/9","<1","false","Swing"
"KRC","Kilroy Realty Corporation Common Stock","Real Estate","REIT - Office","37.2","44.45","Sell","Jun 24, 2026","Downtrend","Aug 10, 2026","1256348.13","-55.02","2.22","0.87","Moving Down","","",,="4/9","<1","false","Swing"
"PENN","PENN Entertainment, Inc. Common Stock","Discretionary","Resorts & Casinos","17.75","44.91","Sell","Jun 24, 2026","Downtrend","Aug 10, 2026","2554364.3","-76.01","1.49","-2.79","Moving Down","","",,="2/9","<1","false","Swing"
"WSC","WillScot Holdings Corporation Class A Common Stock","Industrials","Rental & Leasing Services","21.27","36.39","Sell","Jun 24, 2026","Downtrend","Aug 06, 2026","2861177.13","-69.17","2.3","-5.59","Moving Down","","",,="2/9","<1","false","Swing"
"UNIT","Uniti Group Inc. Common Stock","Real Estate","REIT - Specialty","10.1","45.37","Sell","Jun 23, 2026","Downtrend","Jul 23, 2026","2199177.23","-70.03","0.13","2.54","Moving Up","","",,="5/9","<1","false","Swing"
"CARR","Carrier Global Corporation Common Stock ","Industrials","Building Products & Equipment","58.52","33.72","Sell","Jun 18, 2026","Downtrend","Jul 28, 2026","6241559.73","-20.54","0.17","-2.42","Moving Down","","",,="2/9","<1","false","Swing"
"LEGN","Legend Biotech Corporation American Depositary Shares","Health Care","Biotechnology","21.3","53.7","Sell","Jun 18, 2026","Downtrend","Jul 06, 2026","2727778.63","33.06","7.41","1.72","Moving Down","","",,="3/9","<1","false","Swing"
"APTV","Aptiv PLC Ordinary Shares","Discretionary","Auto Parts","46.63","33.89","Sell","Jun 16, 2026","Downtrend","Jun 24, 2026","3731960.73","82.57","12.97","-1.5","Moving Down","","",,="2/9","<1","false","Swing"
"WERN","Werner Enterprises, Inc. Common Stock","Industrials","Trucking","37.64","24.63","Sell","Jun 15, 2026","Downtrend","Jul 28, 2026","1243484.9","-39.36","0.03","-0.08","Moving Up","","",,="3/9","<1","false","Swing"
"AESI","Atlas Energy Solutions Inc. Common Stock","Energy","Oil & Gas Equipment & Services","12.02","0",,"","Downtrend","Aug 24, 2026","3566394.8","",,,"","","",,="2/9","<1","true","Swing"
"AHR","American Healthcare REIT, Inc. Common Stock","Real Estate","REIT - Healthcare Facilities","57.05","0",,"","Uptrend","Aug 21, 2026","2775644.57","",,,"","","",,="5/9","<1","true","Swing"
"ALAB","Astera Labs, Inc. Common Stock","Technology","Semiconductors","282.65","0",,"","Downtrend","Aug 10, 2026","4343852.07","",,,"","","Positive",,="2/9","<1","true","Swing"
"ALH","Alliance Laundry Holdings Inc. Common Stock","Discretionary","Furnishings Fixtures & Appliances","23.85","0",,"","Downtrend","Aug 17, 2026","1365901.23","",,,"","","",,="2/9","<1","true","Swing"
"ALHC","Alignment Healthcare, Inc. Common Stock","Health Care","Healthcare Plans","13.59","0",,"","Downtrend","Jul 23, 2026","5069882.17","",,,"","","",,="3/9","<1","true","Swing"
"AMPX","Amprius Technologies, Inc. Common Stock","Industrials","Electrical Equipment & Parts","10.18","0",,"","Downtrend","Aug 20, 2026","5760313.17","",,,"","","",,="2/9","<1","true","Swing"
"AMTM","Amentum Holdings, Inc. Common Stock","Industrials","Specialty Business Services","20.26","0",,"","Downtrend","Aug 17, 2026","2286417.3","",,,"","","",,="2/9","<1","true","Swing"
"APGE","Apogee Therapeutics, Inc. Common Stock","Health Care","Biotechnology","134.85","0",,"","Uptrend","Jun 04, 2026","1155869.87","",,,"","","",,="4/9","<1","true","Swing"
"APP","Applovin Corporation Class A Common Stock","Communication","Advertising Agencies","310.54","0",,"","Downtrend","Jul 13, 2026","6527853.7","",,,"","","",,="2/9","<1","true","Swing"
"ASST","Strive, Inc. Class A Common Stock","Financials","Asset Management","21.39","0",,"","Uptrend","Aug 19, 2026","4238510.97","",,,"","","",,="2/9","<1","true","Swing"
"ASTS","AST SpaceMobile, Inc. Class A Common Stock","Technology","Communication Equipment","62.01","0",,"","Downtrend","Aug 24, 2026","13603603.53","",,,"","","Negative",,="2/9","<1","true","Swing"
"AVAH","Aveanna Healthcare Holdings Inc. Common Stock","Health Care","Medical Care Facilities","13.59","0",,"","Uptrend","Aug 13, 2026","2987952.93","",,,"","","",,="4/9","<1","true","Swing"
"BAM","Brookfield Asset Management Inc Class A Limited Voting Shares","Financials","Asset Management","52.5","0",,"","Uptrend","Jul 27, 2026","2386591.4","",,,"","","",,="3/9","<1","true","Swing"
"BBNX","Beta Bionics, Inc. Common Stock","Health Care","Medical Devices","19.34","0",,"","Uptrend","Aug 11, 2026","1340666.1","",,,"","","",,="4/9","<1","true","Swing"
"BEPC","Brookfield Renewable Corporation Brookfield Renewable Corporation Class A Subordinate Voting Shares","Utilities","Utilities - Renewable","33.39","0",,"","Downtrend","Aug 20, 2026","1846123.07","",,,"","","",,="3/9","<1","true","Swing"
"BIOA","BioAge Labs, Inc. Common Stock","Health Care","Drug Manufacturers - Specialty & Generic","10.11","0",,"","Downtrend","Jul 31, 2026","1097435.6","",,,"","","",,="3/9","<1","true","Swing"
"BIPC","Brookfield Infrastructure Corporation Brookfield Infrastructure Corporation","Utilities","Utilities - Regulated Gas","39.63","0",,"","Downtrend","Aug 14, 2026","1011656.63","",,,"","","",,="3/9","<1","true","Swing"
"BKSY","BlackSky Technology Inc. Class A Common Stock","Industrials","Specialty Business Services","25.21","0",,"","Neutral","Aug 19, 2026","1029679.03","",,,"","","",,="2/9","<1","true","Swing"
"BMNR","BitMine Immersion Technologies, Inc. Common Stock","Financials","Capital Markets","24.82","0",,"","Uptrend","Jul 30, 2026","36729320.37","",,,"","","",,="3/9","<1","true","Swing"
"BTSG","BrightSpring Health Services, Inc. Common Stock","Health Care","Health Information Services","57.23","0",,"","Downtrend","Jul 31, 2026","3974575","",,,"","","",,="3/9","<1","true","Swing"
"BYND","Beyond Meat, Inc. Common Stock","Staples","Packaged Foods","14.19","0",,"","Downtrend","May 29, 2026","1605402.23","",,,"","","",,="4/9","<1","true","Swing"
"CADL","Candel Therapeutics, Inc. Common Stock","Health Care","Biotechnology","13.6","0",,"","Uptrend","Apr 15, 2026","1273026.6","",,,"","","",,="4/9","<1","true","Swing"
"CAI","Caris Life Sciences, Inc. Common Stock","Health Care","Biotechnology","28.01","0",,"","Uptrend","Aug 06, 2026","4894628.7","",,,"","","",,="4/9","<1","true","Swing"
"CART","Maplebear Inc. Common Stock","Discretionary","Internet Retail","51.51","0",,"","Uptrend","Aug 07, 2026","4196985.1","",,,"","","",,="2/9","<1","true","Swing"
"CAVA","CAVA Group, Inc. Common Stock","Discretionary","Restaurants","69.29","0",,"","Neutral","Aug 25, 2026","3498470.57","",,,"","","",,="2/9","<1","true","Swing"
"CHYM","Chime Financial, Inc. Class A Common Stock","Technology","Software - Application","33.1","0",,"","Uptrend","Jun 26, 2026","8428180.37","",,,"","","",,="3/9","<1","true","Swing"
"CIFR","Cipher Digital Inc. Common Stock","Technology","Information Technology Services","16.31","0",,"","Downtrend","Aug 04, 2026","34437662.67","",,,"","","",,="2/9","<1","true","Swing"
"CLMT","Calumet, Inc. Common Stock","Materials","Specialty Chemicals","47.03","0",,"","Uptrend","Jun 29, 2026","1247393.63","",,,"","","",,="4/9","<1","true","Swing"
"CORZ","Core Scientific, Inc. Common Stock","Technology","Software - Infrastructure","18.03","0",,"","Downtrend","Jul 24, 2026","12660443.4","",,,"","","",,="2/9","<1","true","Swing"
"CRBG","Corebridge Financial Inc. Common Stock","Financials","Asset Management","31.83","0",,"","Uptrend","Jun 09, 2026","4495162.93","",,,"","","",,="3/9","<1","true","Swing"
"CRCL","Circle Internet Group, Inc. Class A Common Stock","Financials","Capital Markets","92.02","0",,"","Uptrend","Aug 19, 2026","12783004.3","",,,"","","",,="3/9","<1","true","Swing"
"CRWV","CoreWeave, Inc. Class A Common Stock","Technology","Software - Infrastructure","88.04","0",,"","Neutral","Aug 19, 2026","29166109.7","",,,"","","",,="2/9","<1","true","Swing"
"CTRI","Centuri Holdings, Inc. Common Stock","Utilities","Utilities - Regulated Gas","20.79","0",,"","Downtrend","Jun 26, 2026","1966427.3","",,,"","","",,="3/9","<1","true","Swing"
"CURB","Curbline Properties Corp. Common Stock","Real Estate","REIT - Retail","30.08","0",,"","Neutral","Aug 25, 2026","1198800.57","",,,"","","",,="4/9","<1","true","Swing"
"DFNS","T3 Defense Inc. Common Stock","Industrials","Aerospace & Defense","13.04","0",,"","Downtrend","Aug 20, 2026","6568745.93","",,,"","","",,="2/9","<1","true","Swing"
"DFTX","Definium Therapeutics, Inc. Common Shares","Health Care","Biotechnology","44.81","0",,"","Uptrend","May 22, 2026","2016402.33","",,,"","","",,="3/9","<1","true","Swing"
"DLO","DLocal Limited Class A Common Shares","Technology","Software - Infrastructure","15.53","0",,"","Uptrend","Aug 24, 2026","2283204.27","",,,"","","",,="2/9","<1","true","Swing"
"DX","Dynex Capital, Inc. Common Stock","Real Estate","REIT - Mortgage","13.01","0",,"","Neutral","Aug 25, 2026","5765436.77","",,,"","","",,="4/9","<1","true","Swing"
"DXYZ","Destiny Tech100 Inc. Common Stock","Financials","Asset Management","34.65","0",,"","Uptrend","Aug 11, 2026","1242872.23","",,,"","","",,="3/9","<1","true","Swing"
"ERAS","Erasca, Inc. Common Stock","Health Care","Biotechnology","17.76","0",,"","Neutral","Aug 21, 2026","3574893.87","",,,"","","",,="3/9","<1","true","Swing"
"FIG","Figma, Inc. Class A Common Stock","Technology","Software - Application","27.27","0",,"","Uptrend","Jul 27, 2026","19675548.17","",,,"","","",,="3/9","<1","true","Swing"
"FIGR","Figure Technology Solutions, Inc. Class A Common Stock","Financials","Capital Markets","41.14","0",,"","Uptrend","Aug 13, 2026","3856420.7","",,,"","","",,="2/9","<1","true","Swing"
"FLY","Firefly Aerospace Inc. Common Stock","Industrials","Aerospace & Defense","22.26","0",,"","Neutral","Aug 18, 2026","3299197.7","",,,"","","",,="2/9","<1","true","Swing"
"FTRE","Fortrea Holdings Inc. Common Stock","Health Care","Biotechnology","18.27","0",,"","Neutral","Aug 17, 2026","1512120.23","",,,"","","",,="3/9","<1","true","Swing"
"FWRG","First Watch Restaurant Group, Inc. Common Stock","Discretionary","Restaurants","12.99","0",,"","Uptrend","Aug 21, 2026","1093627.73","",,,"","","",,="2/9","<1","true","Swing"
"GEHC","GE HealthCare Technologies Inc. Common Stock ","Health Care","Medical Devices","73.91","0",,"","Uptrend","Jul 29, 2026","4435232.03","",,,"","","",,="3/9","<1","true","Swing"
"GEV","GE Vernova Inc. Common Stock","Industrials","Specialty Industrial Machinery","926.73","0",,"","Downtrend","Aug 20, 2026","2482404.4","",,,"","","",,="2/9","<1","true","Swing"
"GLXY","Galaxy Digital Inc. Class A Common Stock","Financials","Capital Markets","24.79","0",,"","Uptrend","Aug 25, 2026","6590887.33","",,,"","","",,="2/9","<1","true","Swing"
"HNGE","Hinge Health, Inc. Class A Common Stock","Health Care","Health Information Services","89.87","0",,"","Uptrend","Aug 07, 2026","1659236.37","",,,"","","",,="4/9","<1","true","Swing"
"HTFL","Heartflow, Inc. Common Stock","Health Care","Health Information Services","49.89","0",,"","Uptrend","Aug 07, 2026","1703946.43","",,,"","","",,="4/9","<1","true","Swing"
"IE","Ivanhoe Electric Inc. Common Stock","Materials","Copper","11.91","0",,"","Uptrend","Aug 21, 2026","2058564.63","",,,"","","",,="4/9","<1","true","Swing"
"IMMX","Immix Biopharma, Inc. Common Stock","Health Care","Biotechnology","14.47","0",,"","Uptrend","Aug 10, 2026","1693609.9","",,,"","","",,="4/9","<1","true","Swing"
"KGS","Kodiak Gas Services, Inc. Common Stock","Energy","Oil & Gas Equipment & Services","58.93","0",,"","Downtrend","Aug 19, 2026","1706155.17","",,,"","","",,="2/9","<1","true","Swing"
"KRMN","Karman Holdings Inc. Common Stock","Industrials","Aerospace & Defense","49.2","0",,"","Neutral","Aug 20, 2026","3463421.17","",,,"","","",,="2/9","<1","true","Swing"
"KVUE","Kenvue Inc. Common Stock","Staples","Household & Personal Products","19.33","0",,"","Uptrend","Aug 25, 2026","18754098.67","",,,"","","",,="5/9","<1","true","Swing"
"KVYO","Klaviyo, Inc. Series A Common Stock","Technology","Software - Application","17.6","0",,"","Uptrend","Aug 10, 2026","5694392.1","",,,"","","",,="3/9","<1","true","Swing"
"LGN","Legence Corp. Class A Common stock","Industrials","Engineering & Construction","57.26","0",,"","Downtrend","Jul 01, 2026","1349639.8","",,,"","","",,="2/9","<1","true","Swing"
"MIAX","Miami International Holdings, Inc. Common Stock","Financials","Capital Markets","44.34","0",,"","Neutral","Aug 24, 2026","1156866.33","",,,"","","",,="2/9","<1","true","Swing"
"MNTN","MNTN, Inc. Class A Common Stock","Technology","Software - Application","13.22","0",,"","Uptrend","Aug 05, 2026","1078626.63","",,,"","","",,="2/9","<1","true","Swing"
"MQ","Marqeta, Inc. Class A Common Stock","Technology","Software - Infrastructure","16.31","0",,"","Downtrend","Aug 10, 2026","1047937.67","",,,"","","",,="1/9","<1","true","Swing"
"MRP","Millrose Properties, Inc. Class A Common Stock","Real Estate","REIT - Residential","30.96","0",,"","Uptrend","Aug 05, 2026","1076929.3","",,,"","","",,="4/9","<1","true","Swing"
"NIQ","NIQ Global Intelligence plc Ordinary Shares","Technology","Software - Application","19.24","0",,"","Uptrend","Jul 01, 2026","1777153.8","",,,"","","",,="3/9","<1","true","Swing"
"NMAX","Newsmax, Inc. Class B Common Stock","Communication","Broadcasting","10.91","0",,"","Uptrend","Aug 06, 2026","1034302","",,,"","","",,="4/9","<1","true","Swing"
"NN","NextNav Inc. Common Stock","Technology","Software - Infrastructure","15.67","0",,"","Neutral","Aug 24, 2026","2999131.57","",,,"","","",,="2/9","<1","true","Swing"
"NNE","Nano Nuclear Energy Inc. Common Stock","Industrials","Specialty Industrial Machinery","19.24","0",,"","Neutral","Aug 14, 2026","1974358.47","",,,"","","",,="2/9","<1","true","Swing"
"NTSK","Netskope, Inc. Class A Common Stock","Technology","Software - Infrastructure","13.5","0",,"","Uptrend","Jul 24, 2026","4257331.97","",,,"","","",,="3/9","<1","true","Swing"
"NXT","Nextpower Inc. Class A Common Stock","Technology","Solar","84.81","0",,"","Downtrend","Jun 23, 2026","2803049.07","",,,"","","",,="2/9","<1","true","Swing"
"OMDA","Omada Health, Inc. Common Stock","Health Care","Health Information Services","23.94","0",,"","Uptrend","Aug 10, 2026","1439157.23","",,,"","","",,="4/9","<1","true","Swing"
"OSCR","Oscar Health, Inc. Class A Common Stock","Health Care","Healthcare Plans","30.93","0",,"","Uptrend","Aug 14, 2026","5299620.47","",,,"","","",,="4/9","<1","true","Swing"
"OTF","Blue Owl Technology Finance Corp. Common Stock","Financials","Asset Management","11.18","0",,"","Uptrend","Aug 06, 2026","2695470.87","",,,"","","",,="3/9","<1","true","Swing"
"OUST","Ouster, Inc. Common Stock","Technology","Electronic Components","36.23","0",,"","Downtrend","Aug 21, 2026","3208549.13","",,,"","","",,="2/9","<1","true","Swing"
"PRMB","Primo Brands Corporation Class A Common Stock","Staples","Beverages - Non-Alcoholic","23.35","0",,"","Downtrend","Aug 20, 2026","3805370.4","",,,"","","",,="4/9","<1","true","Swing"
"PSKY","Paramount Skydance Corporation Class B Common Stock","Communication","Entertainment","10.67","0",,"","Uptrend","Aug 11, 2026","11484862.13","",,,"","","",,="3/9","<1","true","Swing"
"PSNL","Personalis, Inc. Common Stock","Health Care","Diagnostics & Research","17.25","0",,"","Uptrend","Aug 05, 2026","4400929.53","",,,"","","",,="4/9","<1","true","Swing"
"PTRN","Pattern Group Inc. Series A Common Stock","Technology","Software - Application","21.4","0",,"","Downtrend","Aug 14, 2026","1799664.03","",,,"","","",,="2/9","<1","true","Swing"
"PUMP","ProPetro Holding Corp. Common Stock","Energy","Oil & Gas Equipment & Services","10.6","0",,"","Downtrend","Aug 18, 2026","3711035.77","",,,"","","",,="2/9","<1","true","Swing"
"QBTS","D-Wave Quantum Inc. Common Shares","Technology","Computer Hardware","19.35","0",,"","Downtrend","Aug 24, 2026","17239259.87","",,,"","","",,="2/9","<1","true","Swing"
"RAL","Ralliant Corporation Common Stock","Technology","Electronic Components","61.7","0",,"","Downtrend","Aug 20, 2026","1588026.57","",,,"","","",,="2/9","<1","true","Swing"
"RBRK","Rubrik, Inc. Class A Common Stock","Technology","Software - Infrastructure","92.65","0",,"","Uptrend","Aug 05, 2026","2808701.07","",,,"","","",,="3/9","<1","true","Swing"
"RDDT","Reddit, Inc. Class A Common Stock","Communication","Internet Content & Information","162.45","0",,"","Downtrend","Aug 17, 2026","7291073.97","",,,"","","Positive",,="3/9","<1","true","Swing"
"RGTI","Rigetti Computing, Inc. Common Stock","Technology","Computer Hardware","16.94","0",,"","Neutral","Aug 24, 2026","20203255.3","",,,"","","",,="2/9","<1","true","Swing"
"RIVN","Rivian Automotive, Inc. Class A Common Stock","Discretionary","Auto Manufacturers","16.74","0",,"","Uptrend","Aug 25, 2026","23811821.9","",,,"","","",,="3/9","<1","true","Swing"
"RXO","RXO, Inc. Common Stock","Industrials","Trucking","21.59","0",,"","Downtrend","Jul 27, 2026","1948955.87","",,,"","","",,="2/9","<1","true","Swing"
"S","SentinelOne, Inc. Class A Common Stock","Technology","Software - Infrastructure","20.31","0",,"","Uptrend","Jun 30, 2026","6539033.73","",,,"","","",,="3/9","<1","true","Swing"
"SAIL","SailPoint, Inc. Common Stock","Technology","Software - Infrastructure","17.87","0",,"","Uptrend","Jul 24, 2026","3137837.57","",,,"","","",,="3/9","<1","true","Swing"
"SARO","StandardAero, Inc. Common Stock","Industrials","Aerospace & Defense","24.96","0",,"","Downtrend","Aug 13, 2026","3369761.1","",,,"","","",,="2/9","<1","true","Swing"
"SDOT","Sadot Group Inc. Common Stock","Staples","Farm Products","16.35","0",,"","Downtrend","Aug 25, 2026","2914742.17","",,,"","","",,="4/9","<1","true","Swing"
"SFD","Smithfield Foods, Inc. Common Stock","Staples","Packaged Foods","22.25","0",,"","Downtrend","Aug 06, 2026","1401009.67","",,,"","","",,="4/9","<1","true","Swing"
"SGMT","Sagimet Biosciences Inc. Series A Common Stock","Health Care","Biotechnology","10.29","0",,"","Uptrend","Aug 04, 2026","1208168.9","",,,"","","",,="4/9","<1","true","Swing"
"SN","SharkNinja, Inc. Ordinary Shares","Discretionary","Furnishings Fixtures & Appliances","183.8","0",,"","Uptrend","May 27, 2026","1651490.23","",,,"","","",,="3/9","<1","true","Swing"
"SNDK","Sandisk Corporation Common Stock","Technology","Computer Hardware","1480.77","0",,"","Neutral","Aug 24, 2026","15913774.13","",,,"","","Positive",,="2/9","<1","true","Swing"
"SOLV","Solventum Corporation Common Stock","Health Care","Medical Instruments & Supplies","91.61","0",,"","Uptrend","Jul 15, 2026","1194202.17","",,,"","","",,="4/9","<1","true","Swing"
"SPCX","Space Exploration Technologies Corp","Industrials","Aerospace & Defense","137.95","0",,"","Uptrend","Aug 13, 2026","101331413.17","",,,"","","Positive","true",="3/9","<1","true","Swing"
"STRC","Strategy Inc Variable Rate Series A Perpetual Stretch Preferred Stock","Technology","Software - Application","97.15","0",,"","Uptrend","Aug 03, 2026","1291955.07","",,,"","","",,="3/9","<1","true","Swing"
"SVV","Savers Value Village, Inc. Common Stock","Discretionary","Specialty Retail","10.72","0",,"","Uptrend","Jul 28, 2026","1719551.27","",,,"","","",,="3/9","<1","true","Swing"
"TALO","Talos Energy, Inc. Common Stock","Energy","Oil & Gas E&P","16.5","0",,"","Uptrend","Aug 10, 2026","1927273.67","",,,"","","",,="3/9","<1","true","Swing"
"TEM","Tempus AI, Inc. Class A Common Stock","Health Care","Health Information Services","68.73","0",,"","Uptrend","Aug 19, 2026","6516374.73","",,,"","","",,="4/9","<1","true","Swing"
"TKO","TKO Group Holdings, Inc. Class A Common Stock","Communication","Entertainment","193.41","0",,"","Uptrend","Aug 11, 2026","1044125.37","",,,"","","",,="4/9","<1","true","Swing"
"TTAN","ServiceTitan, Inc. Class A Common Stock","Technology","Software - Application","91.87","0",,"","Uptrend","Jul 27, 2026","1273091.43","",,,"","","",,="3/9","<1","true","Swing"
"UMAC","Unusual Machines, Inc. Common Stock","Technology","Computer Hardware","24.35","0",,"","Uptrend","Aug 03, 2026","4492469.83","",,,"","","",,="3/9","<1","true","Swing"
"UPST","Upstart Holdings, Inc. Common stock","Financials","Credit Services","30.58","0",,"","Uptrend","Aug 25, 2026","4290811.57","",,,"","","",,="3/9","<1","true","Swing"
"USAR","USA Rare Earth, Inc. Class A Common Stock","Materials","Other Industrial Metals & Mining","19.41","0",,"","Uptrend","Aug 25, 2026","12069341.5","",,,"","","",,="4/9","<1","true","Swing"
"VG","Venture Global, Inc. Class A common stock","Energy","Oil & Gas Midstream","14.07","0",,"","Uptrend","Aug 06, 2026","15115184.17","",,,"","","Positive",,="3/9","<1","true","Swing"
"VLTO","Veralto Corp Common Stock ","Industrials","Pollution & Treatment Controls","98.77","0",,"","Uptrend","Jun 25, 2026","1596775.27","",,,"","","",,="3/9","<1","true","Swing"
"VOYG","Voyager Technologies, Inc. Class A Common Stock","Industrials","Aerospace & Defense","34.51","0",,"","Neutral","Aug 25, 2026","1683825.07","",,,"","","",,="2/9","<1","true","Swing"
"VSTS","Vestis Corporation Common Stock","Industrials","Rental & Leasing Services","12.88","0",,"","Downtrend","Aug 13, 2026","1383394.23","",,,"","","",,="2/9","<1","true","Swing"
"WAY","Waystar Holding Corp. Common Stock","Health Care","Health Information Services","24.21","0",,"","Uptrend","Aug 03, 2026","2820429.03","",,,"","","",,="4/9","<1","true","Swing"
"WOLF","Wolfspeed, Inc. Common Stock New","Technology","Semiconductors","25.29","0",,"","Downtrend","Aug 20, 2026","4488961.53","",,,"","","",,="2/9","<1","true","Swing"
"WRBY","Warby Parker Inc. Class A Common Stock","Health Care","Medical Instruments & Supplies","26","0",,"","Downtrend","Aug 25, 2026","2695836.07","",,,"","","",,="3/9","<1","true","Swing"
"WYFI","WhiteFiber, Inc. Ordinary Shares","Technology","Information Technology Services","20.4","0",,"","Downtrend","Aug 19, 2026","2619220.8","",,,"","","",,="2/9","<1","true","Swing"
