symbol,status,display_label,signal,previous_signal,signal_date,sector,industry,trend,momentum,optionable,reason
A,LEADER,🚀 LEADER,BUY,BUY,"Jul 27, 2026",Health Care,Diagnostics & Research,UPTREND,MOVING UP,,Sustained BUY with confirmed trend and momentum
AA,REMOVED,❌ REMOVED,SELL,BUY,"Aug 20, 2026",Materials,Aluminum,NEUTRAL,MOVING DOWN,,Prior BUY is missing or no longer rated BUY
AAL,UNCHANGED,UNCHANGED,SELL,,"Aug 12, 2026",Industrials,Airlines,DOWNTREND,MOVING DOWN,,No active BUY transition
AAMI,REMOVED,❌ REMOVED,,BUY,"Aug 05, 2026",Financials,Asset Management,,,,Prior BUY is missing or no longer rated BUY
AAOI,ACTIVE_BUY,ACTIVE BUY,BUY,BUY,"Aug 10, 2026",Technology,Communication Equipment,NEUTRAL,MOVING UP,,BUY remains active without a higher-priority setup
AAP,UNCHANGED,UNCHANGED,SELL,SELL,"Aug 12, 2026",Discretionary,Auto Parts,DOWNTREND,MOVING DOWN,,No active BUY transition
AAPL,UNCHANGED,UNCHANGED,SELL,SELL,"Aug 04, 2026",Technology,Consumer Electronics,NEUTRAL,MOVING DOWN,,No active BUY transition
AB,UNCHANGED,UNCHANGED,,SELL,"Jul 31, 2026",Financials,Asset Management,,,,Previously inactive symbol is absent
ABBV,LEADER,🚀 LEADER,BUY,BUY,"Aug 19, 2026",Health Care,Drug Manufacturers - General,UPTREND,MOVING UP,,Sustained BUY with confirmed trend and momentum
ABCB,UNCHANGED,UNCHANGED,,SELL,"Jul 09, 2026",Financials,Banks - Regional,,,,Previously inactive symbol is absent
ABG,UNCHANGED,UNCHANGED,,SELL,"Aug 07, 2026",Discretionary,Auto & Truck Dealerships,,,,Previously inactive symbol is absent
ABM,UNCHANGED,UNCHANGED,,SELL,"Aug 10, 2026",Industrials,Specialty Business Services,,,,Previously inactive symbol is absent
ABNB,UNCHANGED,UNCHANGED,SELL,SELL,"Aug 19, 2026",Discretionary,Travel Services,UPTREND,MOVING DOWN,,No active BUY transition
ABT,LEADER,🚀 LEADER,BUY,BUY,"Jul 17, 2026",Health Care,Medical Devices,UPTREND,MOVING UP,,Sustained BUY with confirmed trend and momentum
ACA,UNCHANGED,UNCHANGED,,SELL,"Aug 06, 2026",Industrials,Engineering & Construction,,,,Previously inactive symbol is absent
ACAD,LEADER,🚀 LEADER,BUY,BUY,"Aug 07, 2026",Health Care,Biotechnology,UPTREND,MOVING UP,,Sustained BUY with confirmed trend and momentum
ACGL,UNCHANGED,UNCHANGED,SELL,SELL,"Jul 23, 2026",Financials,Insurance - Diversified,NEUTRAL,MOVING DOWN,,No active BUY transition
ACHC,UNCHANGED,UNCHANGED,SELL,SELL,"Jul 28, 2026",Health Care,Medical Care Facilities,DOWNTREND,MOVING DOWN,,No active BUY transition
ACI,UNCHANGED,UNCHANGED,SELL,,"Jul 22, 2026",Staples,Grocery Stores,DOWNTREND,MOVING DOWN,,No active BUY transition
ACIW,UNCHANGED,UNCHANGED,SELL,SELL,"Jul 23, 2026",Technology,Software - Infrastructure,DOWNTREND,MOVING DOWN,,No active BUY transition
ACLS,REMOVED,❌ REMOVED,,BUY,"Aug 18, 2026",Technology,Semiconductor Equipment & Materials,,,,Prior BUY is missing or no longer rated BUY
ACM,UNCHANGED,UNCHANGED,SELL,SELL,"Aug 13, 2026",Industrials,Engineering & Construction,DOWNTREND,MOVING DOWN,,No active BUY transition
ACMR,UNCHANGED,UNCHANGED,SELL,SELL,"Jul 07, 2026",Technology,Semiconductor Equipment & Materials,DOWNTREND,MOVING DOWN,,No active BUY transition
ACN,REMOVED,❌ REMOVED,SELL,BUY,"Aug 20, 2026",Technology,Information Technology Services,UPTREND,MOVING DOWN,,Prior BUY is missing or no longer rated BUY
ACNB,UNCHANGED,UNCHANGED,,SELL,"Aug 12, 2026",Financials,Banks - Regional,,,,Previously inactive symbol is absent
ACT,REMOVED,❌ REMOVED,,BUY,"Aug 12, 2026",Financials,Insurance - Specialty,,,,Prior BUY is missing or no longer rated BUY
ACU,UNCHANGED,UNCHANGED,,,,Staples,Household & Personal Products,,,,Previously inactive symbol is absent
ACV,REMOVED,❌ REMOVED,,BUY,"Aug 13, 2026",Financials,Closed-End Fund - Equity,,,,Prior BUY is missing or no longer rated BUY
ADBE,UNCHANGED,UNCHANGED,SELL,SELL,"Aug 18, 2026",Technology,Software - Application,UPTREND,MOVING DOWN,,No active BUY transition
ADC,UNCHANGED,UNCHANGED,SELL,SELL,"Jul 31, 2026",Real Estate,REIT - Retail,DOWNTREND,MOVING DOWN,,No active BUY transition
ADEA,ACTIVE_BUY,ACTIVE BUY,BUY,BUY,"Aug 06, 2026",Technology,Software - Application,NEUTRAL,MOVING UP,,BUY remains active without a higher-priority setup
ADI,REMOVED,❌ REMOVED,SELL,BUY,"Aug 21, 2026",Technology,Semiconductors,DOWNTREND,MOVING UP,,Prior BUY is missing or no longer rated BUY
ADM,EMERGING,🔥 EMERGING,BUY,SELL,"Aug 20, 2026",Staples,Farm Products,UPTREND,MOVING UP,,New BUY with rising trend and accelerating momentum
ADP,UNCHANGED,UNCHANGED,SELL,SELL,"Aug 13, 2026",Technology,Software - Application,UPTREND,MOVING DOWN,,No active BUY transition
ADPT,UNCHANGED,UNCHANGED,SELL,SELL,"Aug 17, 2026",Health Care,Diagnostics & Research,UPTREND,MOVING UP,,No active BUY transition
ADSK,LEADER,🚀 LEADER,BUY,BUY,"Jul 17, 2026",Technology,Software - Application,UPTREND,MOVING UP,,Sustained BUY with confirmed trend and momentum
ADUS,UNCHANGED,UNCHANGED,,SELL,"Aug 05, 2026",Health Care,Medical Care Facilities,,,,Previously inactive symbol is absent
ADX,UNCHANGED,UNCHANGED,,SELL,"Jul 24, 2026",Financials,Closed-End Fund - Equity,,,,Previously inactive symbol is absent
AEE,UNCHANGED,UNCHANGED,SELL,SELL,"Jul 14, 2026",Utilities,Utilities - Regulated Electric,DOWNTREND,MOVING UP,,No active BUY transition
AEHR,LEADER,🚀 LEADER,BUY,BUY,"Aug 05, 2026",Technology,Semiconductor Equipment & Materials,UPTREND,MOVING UP,,Sustained BUY with confirmed trend and momentum
AEIS,REMOVED,❌ REMOVED,,BUY,"Aug 07, 2026",Industrials,Electrical Equipment & Parts,,,,Prior BUY is missing or no longer rated BUY
AEM,LEADER,🚀 LEADER,BUY,BUY,"Aug 06, 2026",Materials,Gold,UPTREND,MOVING UP,,Sustained BUY with confirmed trend and momentum
AEO,UNCHANGED,UNCHANGED,SELL,,"Aug 13, 2026",Discretionary,Apparel Retail,DOWNTREND,MOVING DOWN,,No active BUY transition
AEP,UNCHANGED,UNCHANGED,SELL,SELL,"Jul 14, 2026",Utilities,Utilities - Regulated Electric,DOWNTREND,MOVING UP,,No active BUY transition
AER,UNCHANGED,UNCHANGED,,SELL,"Aug 13, 2026",Industrials,Rental & Leasing Services,,,,Previously inactive symbol is absent
AES,UNCHANGED,UNCHANGED,SELL,,"Aug 04, 2026",Utilities,Utilities - Diversified,NEUTRAL,MOVING UP,,No active BUY transition
AESI,UNCHANGED,UNCHANGED,,,,Energy,Oil & Gas Equipment & Services,NEUTRAL,,,No active BUY transition
AEVA,UNCHANGED,UNCHANGED,SELL,SELL,"Aug 18, 2026",Technology,Software - Infrastructure,NEUTRAL,MOVING DOWN,,No active BUY transition
AFBI,UNCHANGED,UNCHANGED,,SELL,"Aug 03, 2026",Financials,Banks - Regional,,,,Previously inactive symbol is absent
AFG,UNCHANGED,UNCHANGED,,SELL,"Jul 20, 2026",Financials,Insurance - Property & Casualty,,,,Previously inactive symbol is absent
AFL,UNCHANGED,UNCHANGED,SELL,SELL,"Aug 06, 2026",Financials,Insurance - Life,DOWNTREND,MOVING DOWN,,No active BUY transition
AFRM,UNCHANGED,UNCHANGED,SELL,SELL,"Jul 08, 2026",Financials,Credit Services,NEUTRAL,MOVING UP,,No active BUY transition
AG,EMERGING,🔥 EMERGING,BUY,,"Aug 10, 2026",Materials,Silver,UPTREND,MOVING UP,,New BUY with rising trend and accelerating momentum
AGCO,UNCHANGED,UNCHANGED,,SELL,"Jul 31, 2026",Industrials,Farm & Heavy Construction Machinery,,,,Previously inactive symbol is absent
AGI,LEADER,🚀 LEADER,BUY,BUY,"Aug 10, 2026",Materials,Gold,UPTREND,MOVING UP,,Sustained BUY with confirmed trend and momentum
AGIO,UNCHANGED,UNCHANGED,SELL,SELL,"Jul 15, 2026",Health Care,Biotechnology,DOWNTREND,MOVING UP,,No active BUY transition
AGL,UNCHANGED,UNCHANGED,,SELL,"Jul 27, 2026",Health Care,Medical Care Facilities,,,,Previously inactive symbol is absent
AGM,UNCHANGED,UNCHANGED,,SELL,"Aug 19, 2026",Financials,Credit Services,,,,Previously inactive symbol is absent
AGNC,EMERGING,🔥 EMERGING,BUY,,"Aug 14, 2026",Real Estate,REIT - Mortgage,UPTREND,MOVING UP,,New BUY with rising trend and accelerating momentum
AGO,UNCHANGED,UNCHANGED,,SELL,"Jul 24, 2026",Financials,Insurance - Specialty,,,,Previously inactive symbol is absent
AGX,UNCHANGED,UNCHANGED,,SELL,"Jul 09, 2026",Industrials,Engineering & Construction,,,,Previously inactive symbol is absent
AGYS,UNCHANGED,UNCHANGED,,SELL,"Jul 22, 2026",Technology,Software - Application,,,,Previously inactive symbol is absent
AHR,UNCHANGED,UNCHANGED,,,,Real Estate,REIT - Healthcare Facilities,NEUTRAL,,,No active BUY transition
AI,UNCHANGED,UNCHANGED,SELL,,"Aug 17, 2026",Technology,Software - Infrastructure,UPTREND,MOVING DOWN,,No active BUY transition
AIG,UNCHANGED,UNCHANGED,SELL,SELL,"Jul 24, 2026",Financials,Insurance - Diversified,DOWNTREND,MOVING DOWN,,No active BUY transition
AII,UNCHANGED,UNCHANGED,,,,Financials,Insurance - Property & Casualty,,,,Previously inactive symbol is absent
AIN,UNCHANGED,UNCHANGED,,SELL,"Jul 06, 2026",Discretionary,Textile Manufacturing,,,,Previously inactive symbol is absent
AIO,REMOVED,❌ REMOVED,,BUY,"Aug 13, 2026",Financials,Closed-End Fund - Equity,,,,Prior BUY is missing or no longer rated BUY
AIP,UNCHANGED,UNCHANGED,,SELL,"Jul 06, 2026",Technology,Semiconductors,,,,Previously inactive symbol is absent
AIR,REMOVED,❌ REMOVED,,BUY,"Aug 03, 2026",Industrials,Aerospace & Defense,,,,Prior BUY is missing or no longer rated BUY
AIRT,UNCHANGED,UNCHANGED,,SELL,"Aug 18, 2026",Industrials,Conglomerates,,,,Previously inactive symbol is absent
AIT,UNCHANGED,UNCHANGED,,SELL,"Aug 19, 2026",Industrials,Industrial Distribution,,,,Previously inactive symbol is absent
AIZ,UNCHANGED,UNCHANGED,,SELL,"Aug 14, 2026",Financials,Insurance - Property & Casualty,,,,Previously inactive symbol is absent
AJG,UNCHANGED,UNCHANGED,SELL,SELL,"Aug 10, 2026",Financials,Insurance Brokers,UPTREND,MOVING UP,,No active BUY transition
AKAM,REMOVED,❌ REMOVED,SELL,BUY,"Aug 20, 2026",Technology,Software - Infrastructure,DOWNTREND,MOVING DOWN,,Prior BUY is missing or no longer rated BUY
AKO/B,REMOVED,❌ REMOVED,,BUY,"Aug 06, 2026",Staples,Beverages - Non-Alcoholic,,,,Prior BUY is missing or no longer rated BUY
AKR,UNCHANGED,UNCHANGED,SELL,SELL,"Aug 06, 2026",Real Estate,REIT - Retail,DOWNTREND,MOVING DOWN,,No active BUY transition
ALAB,UNCHANGED,UNCHANGED,,,,Technology,Semiconductors,DOWNTREND,,,No active BUY transition
ALB,ACTIVE_BUY,ACTIVE BUY,BUY,BUY,"Aug 12, 2026",Materials,Specialty Chemicals,NEUTRAL,MOVING UP,,BUY remains active without a higher-priority setup
ALC,DETERIORATING,⚠️ DETERIORATING,BUY,BUY,"Aug 05, 2026",Health Care,Medical Instruments & Supplies,UPTREND,MOVING DOWN,,Existing BUY momentum is weakening
ALCO,REMOVED,❌ REMOVED,,BUY,"Aug 13, 2026",Staples,Farm Products,,,,Prior BUY is missing or no longer rated BUY
ALG,UNCHANGED,UNCHANGED,,SELL,"Aug 18, 2026",Industrials,Farm & Heavy Construction Machinery,,,,Previously inactive symbol is absent
ALGM,UNCHANGED,UNCHANGED,SELL,SELL,"Jul 07, 2026",Technology,Semiconductors,DOWNTREND,MOVING DOWN,,No active BUY transition
ALGN,UNCHANGED,UNCHANGED,,SELL,"Aug 19, 2026",Health Care,Medical Instruments & Supplies,,,,Previously inactive symbol is absent
ALGT,UNCHANGED,UNCHANGED,,SELL,"Jul 13, 2026",Industrials,Airlines,,,,Previously inactive symbol is absent
ALH,UNCHANGED,UNCHANGED,,,,Discretionary,Furnishings Fixtures & Appliances,DOWNTREND,,,No active BUY transition
ALHC,UNCHANGED,UNCHANGED,,,,Health Care,Healthcare Plans,DOWNTREND,,,No active BUY transition
ALK,UNCHANGED,UNCHANGED,SELL,SELL,"Aug 14, 2026",Industrials,Airlines,DOWNTREND,MOVING DOWN,,No active BUY transition
ALKS,UNCHANGED,UNCHANGED,SELL,SELL,"Jul 13, 2026",Health Care,Drug Manufacturers - Specialty & Generic,DOWNTREND,MOVING DOWN,,No active BUY transition
ALKT,UNCHANGED,UNCHANGED,SELL,SELL,"Aug 12, 2026",Technology,Software - Application,UPTREND,MOVING DOWN,,No active BUY transition
ALL,UNCHANGED,UNCHANGED,SELL,SELL,"Aug 12, 2026",Financials,Insurance - Property & Casualty,UPTREND,MOVING DOWN,,No active BUY transition
ALLE,UNCHANGED,UNCHANGED,SELL,SELL,"Aug 17, 2026",Industrials,Security & Protection Services,UPTREND,MOVING DOWN,,No active BUY transition
ALLY,UNCHANGED,UNCHANGED,SELL,SELL,"Jul 07, 2026",Financials,Credit Services,DOWNTREND,MOVING DOWN,,No active BUY transition
ALMS,UNCHANGED,UNCHANGED,,,,Health Care,Biotechnology,,,,Previously inactive symbol is absent
ALNT,REMOVED,❌ REMOVED,,BUY,"Aug 06, 2026",Technology,Electronic Components,,,,Prior BUY is missing or no longer rated BUY
ALNY,UNCHANGED,UNCHANGED,SELL,SELL,"Jul 15, 2026",Health Care,Biotechnology,DOWNTREND,MOVING UP,,No active BUY transition
ALOT,UNCHANGED,UNCHANGED,,SELL,"Jul 06, 2026",Technology,Computer Hardware,,,,Previously inactive symbol is absent
ALRM,UNCHANGED,UNCHANGED,,SELL,"Aug 12, 2026",Technology,Software - Application,,,,Previously inactive symbol is absent
ALSN,REMOVED,❌ REMOVED,,BUY,"Aug 05, 2026",Discretionary,Auto Parts,,,,Prior BUY is missing or no longer rated BUY
ALV,UNCHANGED,UNCHANGED,,SELL,"Aug 14, 2026",Discretionary,Auto Parts,,,,Previously inactive symbol is absent
ALX,UNCHANGED,UNCHANGED,,SELL,"Jul 28, 2026",Real Estate,REIT - Retail,,,,Previously inactive symbol is absent
AM,LEADER,🚀 LEADER,BUY,BUY,"Aug 19, 2026",Energy,Oil & Gas Midstream,UPTREND,MOVING UP,,Sustained BUY with confirmed trend and momentum
AMAL,UNCHANGED,UNCHANGED,,SELL,"Aug 07, 2026",Financials,Banks - Regional,,,,Previously inactive symbol is absent
AMAT,UNCHANGED,UNCHANGED,SELL,SELL,"Jun 29, 2026",Technology,Semiconductor Equipment & Materials,DOWNTREND,MOVING DOWN,,No active BUY transition
AMBA,UNCHANGED,UNCHANGED,SELL,SELL,"Aug 19, 2026",Technology,Semiconductor Equipment & Materials,NEUTRAL,MOVING DOWN,,No active BUY transition
AMBQ,UNCHANGED,UNCHANGED,,,,Technology,Semiconductors,,,,Previously inactive symbol is absent
AMCR,UNCHANGED,UNCHANGED,SELL,SELL,"Aug 12, 2026",Discretionary,Packaging & Containers,UPTREND,MOVING UP,,No active BUY transition
AME,REMOVED,❌ REMOVED,SELL,BUY,"Aug 20, 2026",Industrials,Specialty Industrial Machinery,NEUTRAL,MOVING DOWN,,Prior BUY is missing or no longer rated BUY
AMG,UNCHANGED,UNCHANGED,,SELL,"Aug 14, 2026",Financials,Asset Management,,,,Previously inactive symbol is absent
AMGN,LEADER,🚀 LEADER,BUY,BUY,"Jul 28, 2026",Health Care,Drug Manufacturers - General,UPTREND,MOVING UP,,Sustained BUY with confirmed trend and momentum
AMH,EMERGING,🔥 EMERGING,BUY,SELL,"Aug 21, 2026",Real Estate,REIT - Residential,UPTREND,MOVING UP,,New BUY with rising trend and accelerating momentum
AMKR,UNCHANGED,UNCHANGED,SELL,SELL,"Jul 06, 2026",Technology,Semiconductor Equipment & Materials,DOWNTREND,MOVING UP,,No active BUY transition
AMLX,LEADER,🚀 LEADER,BUY,BUY,"Aug 19, 2026",Health Care,Drug Manufacturers - Specialty & Generic,UPTREND,MOVING UP,,Sustained BUY with confirmed trend and momentum
AMN,REMOVED,❌ REMOVED,,BUY,"Aug 19, 2026",Health Care,Medical Care Facilities,,,,Prior BUY is missing or no longer rated BUY
AMP,UNCHANGED,UNCHANGED,,SELL,"Aug 10, 2026",Financials,Asset Management,,,,Previously inactive symbol is absent
AMPH,REMOVED,❌ REMOVED,,BUY,"Jul 30, 2026",Health Care,Drug Manufacturers - Specialty & Generic,,,,Prior BUY is missing or no longer rated BUY
AMPL,UNCHANGED,UNCHANGED,SELL,,"Aug 18, 2026",Technology,Software - Application,UPTREND,MOVING DOWN,,No active BUY transition
AMPX,UNCHANGED,UNCHANGED,,,,Industrials,Electrical Equipment & Parts,DOWNTREND,,,No active BUY transition
AMR,REMOVED,❌ REMOVED,,BUY,"Aug 13, 2026",Materials,Coking Coal,,,,Prior BUY is missing or no longer rated BUY
AMRC,REMOVED,❌ REMOVED,,BUY,"Aug 10, 2026",Industrials,Engineering & Construction,,,,Prior BUY is missing or no longer rated BUY
AMRX,UNCHANGED,UNCHANGED,SELL,,"Jul 08, 2026",Health Care,Drug Manufacturers - Specialty & Generic,UPTREND,MOVING DOWN,,No active BUY transition
AMSF,UNCHANGED,UNCHANGED,,SELL,"Jul 16, 2026",Financials,Insurance - Specialty,,,,Previously inactive symbol is absent
AMT,LEADER,🚀 LEADER,BUY,BUY,"Jul 31, 2026",Real Estate,REIT - Specialty,UPTREND,MOVING UP,,Sustained BUY with confirmed trend and momentum
AMTB,UNCHANGED,UNCHANGED,,SELL,"Aug 11, 2026",Financials,Banks - Regional,,,,Previously inactive symbol is absent
AMTM,UNCHANGED,UNCHANGED,,,,Industrials,Specialty Business Services,DOWNTREND,,,No active BUY transition
AMX,UNCHANGED,UNCHANGED,SELL,SELL,"Jul 02, 2026",Communication,Telecom Services,DOWNTREND,MOVING DOWN,,No active BUY transition
AMZN,REMOVED,❌ REMOVED,SELL,BUY,"Aug 20, 2026",Discretionary,Internet Retail,UPTREND,MOVING DOWN,,Prior BUY is missing or no longer rated BUY
AN,UNCHANGED,UNCHANGED,,SELL,"Aug 11, 2026",Discretionary,Auto & Truck Dealerships,,,,Previously inactive symbol is absent
ANAB,UNCHANGED,UNCHANGED,,SELL,"Aug 19, 2026",Health Care,Biotechnology,,,,Previously inactive symbol is absent
ANDE,UNCHANGED,UNCHANGED,,SELL,"Jul 30, 2026",Staples,Food Distribution,,,,Previously inactive symbol is absent
ANET,REMOVED,❌ REMOVED,SELL,BUY,"Aug 21, 2026",Technology,Computer Hardware,UPTREND,MOVING DOWN,,Prior BUY is missing or no longer rated BUY
ANF,UNCHANGED,UNCHANGED,,SELL,"Aug 19, 2026",Discretionary,Apparel Retail,,,,Previously inactive symbol is absent
ANIK,REMOVED,❌ REMOVED,,BUY,"Aug 03, 2026",Health Care,Drug Manufacturers - Specialty & Generic,,,,Prior BUY is missing or no longer rated BUY
ANIP,UNCHANGED,UNCHANGED,,SELL,"Jul 13, 2026",Health Care,Drug Manufacturers - Specialty & Generic,,,,Previously inactive symbol is absent
ANRO,UNCHANGED,UNCHANGED,,,,Health Care,Biotechnology,,,,Previously inactive symbol is absent
AON,UNCHANGED,UNCHANGED,SELL,SELL,"Aug 03, 2026",Financials,Insurance Brokers,NEUTRAL,MOVING DOWN,,No active BUY transition
AORT,REMOVED,❌ REMOVED,,BUY,"Jul 02, 2026",Health Care,Medical Devices,,,,Prior BUY is missing or no longer rated BUY
AOS,UNCHANGED,UNCHANGED,SELL,SELL,"Aug 19, 2026",Industrials,Specialty Industrial Machinery,UPTREND,MOVING DOWN,,No active BUY transition
AOSL,UNCHANGED,UNCHANGED,,SELL,"Jul 02, 2026",Technology,Semiconductors,,,,Previously inactive symbol is absent
APA,LEADER,🚀 LEADER,BUY,BUY,"Jul 22, 2026",Energy,Oil & Gas E&P,UPTREND,MOVING UP,,Sustained BUY with confirmed trend and momentum
APAM,UNCHANGED,UNCHANGED,,SELL,"Aug 14, 2026",Financials,Asset Management,,,,Previously inactive symbol is absent
APD,REMOVED,❌ REMOVED,,BUY,"Aug 11, 2026",Materials,Specialty Chemicals,,,,Prior BUY is missing or no longer rated BUY
APEI,UNCHANGED,UNCHANGED,,SELL,"Jul 17, 2026",Staples,Education & Training Services,,,,Previously inactive symbol is absent
APG,REMOVED,❌ REMOVED,SELL,BUY,"Aug 20, 2026",Industrials,Engineering & Construction,UPTREND,MOVING DOWN,,Prior BUY is missing or no longer rated BUY
APGE,UNCHANGED,UNCHANGED,,,,Health Care,Biotechnology,UPTREND,,,No active BUY transition
APH,REMOVED,❌ REMOVED,SELL,BUY,"Aug 20, 2026",Technology,Electronic Components,DOWNTREND,MOVING DOWN,,Prior BUY is missing or no longer rated BUY
APLE,UNCHANGED,UNCHANGED,SELL,,"Jul 24, 2026",Real Estate,REIT - Hotel & Motel,NEUTRAL,MOVING UP,,No active BUY transition
APLM,REMOVED,❌ REMOVED,,BUY,"Aug 17, 2026",Health Care,Biotechnology,,,,Prior BUY is missing or no longer rated BUY
APO,DETERIORATING,⚠️ DETERIORATING,BUY,BUY,"Aug 04, 2026",Financials,Asset Management,UPTREND,MOVING DOWN,,Existing BUY momentum is weakening
APOG,UNCHANGED,UNCHANGED,,SELL,"Aug 19, 2026",Industrials,Building Products & Equipment,,,,Previously inactive symbol is absent
APP,UNCHANGED,UNCHANGED,,,,Communication,Advertising Agencies,DOWNTREND,,,No active BUY transition
APPF,REMOVED,❌ REMOVED,,BUY,"Aug 05, 2026",Technology,Software - Application,,,,Prior BUY is missing or no longer rated BUY
APPN,UNCHANGED,UNCHANGED,,SELL,"Aug 18, 2026",Technology,Software - Infrastructure,,,,Previously inactive symbol is absent
APPS,EMERGING,🔥 EMERGING,BUY,,"Aug 06, 2026",Technology,Software - Application,UPTREND,MOVING UP,,New BUY with rising trend and accelerating momentum
AR,LEADER,🚀 LEADER,BUY,BUY,"Jul 31, 2026",Energy,Oil & Gas E&P,UPTREND,MOVING UP,,Sustained BUY with confirmed trend and momentum
ARCB,UNCHANGED,UNCHANGED,,SELL,"Jul 30, 2026",Industrials,Trucking,,,,Previously inactive symbol is absent
ARCC,NEW_BUY,NEW BUY,BUY,,"Jul 14, 2026",Financials,Asset Management,UPTREND,MOVING DOWN,,BUY triggered since the previous file
ARE,UNCHANGED,UNCHANGED,SELL,SELL,"Aug 07, 2026",Real Estate,REIT - Office,NEUTRAL,MOVING UP,,No active BUY transition
ARES,REMOVED,❌ REMOVED,SELL,BUY,"Aug 21, 2026",Financials,Asset Management,UPTREND,MOVING DOWN,,Prior BUY is missing or no longer rated BUY
ARGX,REMOVED,❌ REMOVED,,BUY,"Aug 18, 2026",Health Care,Biotechnology,,,,Prior BUY is missing or no longer rated BUY
ARLO,UNCHANGED,UNCHANGED,SELL,,"Aug 12, 2026",Industrials,Building Products & Equipment,DOWNTREND,MOVING DOWN,,No active BUY transition
ARLP,UNCHANGED,UNCHANGED,,SELL,"Aug 11, 2026",Energy,Thermal Coal,,,,Previously inactive symbol is absent
ARMK,LEADER,🚀 LEADER,BUY,BUY,"Aug 13, 2026",Industrials,Specialty Business Services,UPTREND,MOVING UP,,Sustained BUY with confirmed trend and momentum
AROC,UNCHANGED,UNCHANGED,SELL,SELL,"Jul 08, 2026",Energy,Oil & Gas Equipment & Services,DOWNTREND,MOVING UP,,No active BUY transition
AROW,UNCHANGED,UNCHANGED,,SELL,"Jul 13, 2026",Financials,Banks - Regional,,,,Previously inactive symbol is absent
ARQT,UNCHANGED,UNCHANGED,SELL,SELL,"Jul 27, 2026",Health Care,Biotechnology,DOWNTREND,MOVING UP,,No active BUY transition
ARR,UNCHANGED,UNCHANGED,SELL,,"Aug 19, 2026",Real Estate,REIT - Mortgage,DOWNTREND,MOVING DOWN,,No active BUY transition
ARTNA,REMOVED,❌ REMOVED,,BUY,"Aug 17, 2026",Utilities,Utilities - Regulated Water,,,,Prior BUY is missing or no longer rated BUY
ARW,REMOVED,❌ REMOVED,,BUY,"Aug 18, 2026",Technology,Electronics & Computer Distribution,,,,Prior BUY is missing or no longer rated BUY
ARWR,LEADER,🚀 LEADER,BUY,BUY,"Jul 27, 2026",Health Care,Biotechnology,UPTREND,MOVING UP,,Sustained BUY with confirmed trend and momentum
ASA,REMOVED,❌ REMOVED,,BUY,"Aug 07, 2026",Financials,Closed-End Fund - Equity,,,,Prior BUY is missing or no longer rated BUY
ASB,REMOVED,❌ REMOVED,SELL,BUY,"Aug 20, 2026",Financials,Banks - Regional,UPTREND,MOVING DOWN,,Prior BUY is missing or no longer rated BUY
ASGI,REMOVED,❌ REMOVED,,BUY,"Aug 11, 2026",Financials,Closed-End Fund - Equity,,,,Prior BUY is missing or no longer rated BUY
ASH,REMOVED,❌ REMOVED,,BUY,"Jul 31, 2026",Materials,Specialty Chemicals,,,,Prior BUY is missing or no longer rated BUY
ASIC,UNCHANGED,UNCHANGED,,,,Financials,Insurance - Property & Casualty,,,,Previously inactive symbol is absent
ASMB,REMOVED,❌ REMOVED,,BUY,"Aug 11, 2026",Health Care,Biotechnology,,,,Prior BUY is missing or no longer rated BUY
ASML,LEADER,🚀 LEADER,BUY,BUY,"Aug 13, 2026",Technology,Semiconductor Equipment & Materials,UPTREND,MOVING UP,,Sustained BUY with confirmed trend and momentum
ASND,UNCHANGED,UNCHANGED,,SELL,"Jul 16, 2026",Health Care,Biotechnology,,,,Previously inactive symbol is absent
ASO,UNCHANGED,UNCHANGED,SELL,SELL,"Aug 18, 2026",Discretionary,Specialty Retail,DOWNTREND,MOVING DOWN,,No active BUY transition
ASR,UNCHANGED,UNCHANGED,,SELL,"Jul 09, 2026",Industrials,Airports & Air Services,,,,Previously inactive symbol is absent
ASST,UNCHANGED,UNCHANGED,,,,Financials,Asset Management,UPTREND,,,No active BUY transition
ASTE,UNCHANGED,UNCHANGED,,SELL,"Jul 10, 2026",Industrials,Farm & Heavy Construction Machinery,,,,Previously inactive symbol is absent
ASTH,UNCHANGED,UNCHANGED,,SELL,"Jul 10, 2026",Health Care,Medical Care Facilities,,,,Previously inactive symbol is absent
ASTS,UNCHANGED,UNCHANGED,,,,Technology,Communication Equipment,NEUTRAL,,,No active BUY transition
ASX,REMOVED,❌ REMOVED,SELL,BUY,"Aug 20, 2026",Technology,Semiconductors,DOWNTREND,MOVING DOWN,,Prior BUY is missing or no longer rated BUY
ATEN,UNCHANGED,UNCHANGED,SELL,SELL,"Jul 10, 2026",Technology,Software - Infrastructure,DOWNTREND,MOVING DOWN,,No active BUY transition
ATEX,UNCHANGED,UNCHANGED,,SELL,"Jul 09, 2026",Communication,Telecom Services,,,,Previously inactive symbol is absent
ATHM,UNCHANGED,UNCHANGED,,SELL,"Aug 06, 2026",Communication,Internet Content & Information,,,,Previously inactive symbol is absent
ATI,LEADER,🚀 LEADER,BUY,BUY,"Aug 06, 2026",Industrials,Metal Fabrication,UPTREND,MOVING UP,,Sustained BUY with confirmed trend and momentum
ATKR,UNCHANGED,UNCHANGED,SELL,SELL,"Aug 19, 2026",Industrials,Electrical Equipment & Parts,UPTREND,MOVING DOWN,,No active BUY transition
ATLC,UNCHANGED,UNCHANGED,,SELL,"Aug 12, 2026",Financials,Credit Services,,,,Previously inactive symbol is absent
ATLO,REMOVED,❌ REMOVED,,BUY,"Jul 28, 2026",Financials,Banks - Regional,,,,Prior BUY is missing or no longer rated BUY
ATMU,UNCHANGED,UNCHANGED,,,,Discretionary,Auto Parts,,,,Previously inactive symbol is absent
ATNI,REMOVED,❌ REMOVED,,BUY,"Aug 07, 2026",Communication,Telecom Services,,,,Prior BUY is missing or no longer rated BUY
ATO,UNCHANGED,UNCHANGED,,SELL,"Jul 31, 2026",Utilities,Utilities - Regulated Gas,,,,Previously inactive symbol is absent
ATR,UNCHANGED,UNCHANGED,,SELL,"Aug 10, 2026",Health Care,Medical Instruments & Supplies,,,,Previously inactive symbol is absent
ATRC,REMOVED,❌ REMOVED,,BUY,"Aug 11, 2026",Health Care,Medical Instruments & Supplies,,,,Prior BUY is missing or no longer rated BUY
ATRO,REMOVED,❌ REMOVED,,BUY,"Aug 06, 2026",Industrials,Aerospace & Defense,,,,Prior BUY is missing or no longer rated BUY
AU,LEADER,🚀 LEADER,BUY,BUY,"Aug 06, 2026",Materials,Gold,UPTREND,MOVING UP,,Sustained BUY with confirmed trend and momentum
AUB,UNCHANGED,UNCHANGED,,SELL,"Jul 10, 2026",Financials,Banks - Regional,,,,Previously inactive symbol is absent
AUBN,UNCHANGED,UNCHANGED,,SELL,"Jul 15, 2026",Financials,Banks - Regional,,,,Previously inactive symbol is absent
AUGO,UNCHANGED,UNCHANGED,,,,Materials,Gold,,,,Previously inactive symbol is absent
AUPH,EMERGING,🔥 EMERGING,BUY,,"Aug 20, 2026",Health Care,Biotechnology,UPTREND,MOVING UP,,New BUY with rising trend and accelerating momentum
AVA,UNCHANGED,UNCHANGED,,SELL,"Jul 31, 2026",Utilities,Utilities - Diversified,,,,Previously inactive symbol is absent
AVAH,UNCHANGED,UNCHANGED,,,,Health Care,Medical Care Facilities,UPTREND,,,No active BUY transition
AVAV,DETERIORATING,⚠️ DETERIORATING,BUY,BUY,"Aug 05, 2026",Industrials,Aerospace & Defense,NEUTRAL,MOVING DOWN,,Existing BUY momentum is weakening
AVB,UNCHANGED,UNCHANGED,,SELL,"Jul 24, 2026",Real Estate,REIT - Residential,,,,Previously inactive symbol is absent
AVBC,UNCHANGED,UNCHANGED,,,,Financials,Banks - Regional,,,,Previously inactive symbol is absent
AVBP,UNCHANGED,UNCHANGED,,,,Health Care,Biotechnology,,,,Previously inactive symbol is absent
AVGO,UNCHANGED,UNCHANGED,SELL,SELL,"Aug 19, 2026",Technology,Semiconductors,DOWNTREND,MOVING DOWN,,No active BUY transition
AVNT,REMOVED,❌ REMOVED,,BUY,"Aug 06, 2026",Materials,Specialty Chemicals,,,,Prior BUY is missing or no longer rated BUY
AVNW,UNCHANGED,UNCHANGED,,,,Technology,Communication Equipment,,,,Previously inactive symbol is absent
AVPT,UNCHANGED,UNCHANGED,SELL,,"Aug 13, 2026",Technology,Software - Infrastructure,UPTREND,MOVING DOWN,,No active BUY transition
AVT,REMOVED,❌ REMOVED,SELL,BUY,"Aug 21, 2026",Technology,Electronics & Computer Distribution,NEUTRAL,MOVING DOWN,,Prior BUY is missing or no longer rated BUY
AVTR,UNCHANGED,UNCHANGED,SELL,,"Aug 10, 2026",Health Care,Medical Instruments & Supplies,UPTREND,MOVING UP,,No active BUY transition
AVY,REMOVED,❌ REMOVED,,BUY,"Jul 29, 2026",Discretionary,Packaging & Containers,,,,Prior BUY is missing or no longer rated BUY
AWI,UNCHANGED,UNCHANGED,,SELL,"Aug 19, 2026",Industrials,Building Products & Equipment,,,,Previously inactive symbol is absent
AWK,UNCHANGED,UNCHANGED,SELL,SELL,"Aug 04, 2026",Utilities,Utilities - Regulated Water,UPTREND,MOVING DOWN,,No active BUY transition
AWR,REMOVED,❌ REMOVED,,BUY,"Aug 17, 2026",Utilities,Utilities - Regulated Water,,,,Prior BUY is missing or no longer rated BUY
AX,UNCHANGED,UNCHANGED,,SELL,"Aug 14, 2026",Financials,Banks - Regional,,,,Previously inactive symbol is absent
AXGN,LEADER,🚀 LEADER,BUY,BUY,"Aug 04, 2026",Health Care,Medical Devices,UPTREND,MOVING UP,,Sustained BUY with confirmed trend and momentum
AXON,REMOVED,❌ REMOVED,,BUY,"Aug 06, 2026",Industrials,Aerospace & Defense,,,,Prior BUY is missing or no longer rated BUY
AXP,UNCHANGED,UNCHANGED,SELL,SELL,"Jul 23, 2026",Financials,Credit Services,DOWNTREND,MOVING DOWN,,No active BUY transition
AXR,UNCHANGED,UNCHANGED,,SELL,"Jul 28, 2026",Real Estate,Real Estate - Development,,,,Previously inactive symbol is absent
AXS,UNCHANGED,UNCHANGED,,SELL,"Jul 30, 2026",Financials,Insurance - Specialty,,,,Previously inactive symbol is absent
AXTA,UNCHANGED,UNCHANGED,SELL,SELL,"Aug 19, 2026",Materials,Specialty Chemicals,UPTREND,MOVING DOWN,,No active BUY transition
AXTI,LEADER,🚀 LEADER,BUY,BUY,"Aug 07, 2026",Technology,Semiconductor Equipment & Materials,UPTREND,MOVING UP,,Sustained BUY with confirmed trend and momentum
AYI,REMOVED,❌ REMOVED,,BUY,"Aug 07, 2026",Industrials,Electrical Equipment & Parts,,,,Prior BUY is missing or no longer rated BUY
AZN,UNCHANGED,UNCHANGED,SELL,SELL,"Jul 13, 2026",Health Care,Drug Manufacturers - General,DOWNTREND,MOVING UP,,No active BUY transition
AZO,UNCHANGED,UNCHANGED,,SELL,"Aug 17, 2026",Discretionary,Auto Parts,,,,Previously inactive symbol is absent
AZTA,REMOVED,❌ REMOVED,,BUY,"Jul 24, 2026",Health Care,Medical Instruments & Supplies,,,,Prior BUY is missing or no longer rated BUY
AZZ,UNCHANGED,UNCHANGED,,SELL,"Jul 07, 2026",Industrials,Specialty Business Services,,,,Previously inactive symbol is absent
B,LEADER,🚀 LEADER,BUY,BUY,"Aug 05, 2026",Materials,Gold,UPTREND,MOVING UP,,Sustained BUY with confirmed trend and momentum
BA,REMOVED,❌ REMOVED,SELL,BUY,"Aug 20, 2026",Industrials,Aerospace & Defense,NEUTRAL,MOVING DOWN,,Prior BUY is missing or no longer rated BUY
BABA,UNCHANGED,UNCHANGED,SELL,SELL,"Aug 13, 2026",Discretionary,Internet Retail,UPTREND,MOVING DOWN,,No active BUY transition
BAC,UNCHANGED,UNCHANGED,SELL,SELL,"Jul 22, 2026",Financials,Banks - Diversified,UPTREND,MOVING DOWN,,No active BUY transition
BAH,DETERIORATING,⚠️ DETERIORATING,BUY,BUY,"Jul 27, 2026",Industrials,Consulting Services,UPTREND,MOVING DOWN,,Existing BUY momentum is weakening
BALL,UNCHANGED,UNCHANGED,SELL,SELL,"Aug 06, 2026",Discretionary,Packaging & Containers,NEUTRAL,MOVING DOWN,,No active BUY transition
BAM,UNCHANGED,UNCHANGED,,,,Financials,Asset Management,UPTREND,,,No active BUY transition
BANC,UNCHANGED,UNCHANGED,SELL,,"Jul 28, 2026",Financials,Banks - Regional,DOWNTREND,MOVING DOWN,,No active BUY transition
BAND,UNCHANGED,UNCHANGED,SELL,SELL,"Jul 21, 2026",Technology,Software - Infrastructure,DOWNTREND,MOVING UP,,No active BUY transition
BANF,UNCHANGED,UNCHANGED,,SELL,"Jul 30, 2026",Financials,Banks - Regional,,,,Previously inactive symbol is absent
BANR,REMOVED,❌ REMOVED,,BUY,"Aug 13, 2026",Financials,Banks - Regional,,,,Prior BUY is missing or no longer rated BUY
BANX,REMOVED,❌ REMOVED,,BUY,"Aug 04, 2026",Financials,Closed-End Fund - Debt,,,,Prior BUY is missing or no longer rated BUY
BAP,UNCHANGED,UNCHANGED,,SELL,"Jul 09, 2026",Financials,Banks - Regional,,,,Previously inactive symbol is absent
BATRA,REMOVED,❌ REMOVED,,BUY,"Aug 17, 2026",Communication,Entertainment,,,,Prior BUY is missing or no longer rated BUY
BATRK,REMOVED,❌ REMOVED,,BUY,"Aug 13, 2026",Communication,Entertainment,,,,Prior BUY is missing or no longer rated BUY
BAX,UNCHANGED,UNCHANGED,SELL,SELL,"Aug 18, 2026",Health Care,Medical Instruments & Supplies,UPTREND,MOVING DOWN,,No active BUY transition
BBGI,REMOVED,❌ REMOVED,,BUY,"Aug 06, 2026",Communication,Broadcasting,,,,Prior BUY is missing or no longer rated BUY
BBIO,EMERGING,🔥 EMERGING,BUY,SELL,"Aug 20, 2026",Health Care,Biotechnology,UPTREND,MOVING UP,,New BUY with rising trend and accelerating momentum
BBNX,UNCHANGED,UNCHANGED,,,,Health Care,Medical Devices,UPTREND,,,No active BUY transition
BBSI,UNCHANGED,UNCHANGED,,SELL,"Jul 27, 2026",Industrials,Staffing & Employment Services,,,,Previously inactive symbol is absent
BBT,REMOVED,❌ REMOVED,,BUY,"Aug 05, 2026",Financials,Banks - Regional,,,,Prior BUY is missing or no longer rated BUY
BBUC,UNCHANGED,UNCHANGED,,SELL,"Aug 03, 2026",Industrials,Conglomerates,,,,Previously inactive symbol is absent
BBW,REMOVED,❌ REMOVED,,BUY,"Aug 10, 2026",Discretionary,Specialty Retail,,,,Prior BUY is missing or no longer rated BUY
BBWI,UNCHANGED,UNCHANGED,SELL,SELL,"Aug 11, 2026",Discretionary,Specialty Retail,DOWNTREND,MOVING DOWN,,No active BUY transition
BBY,EMERGING,🔥 EMERGING,BUY,SELL,"Aug 20, 2026",Discretionary,Specialty Retail,UPTREND,MOVING UP,,New BUY with rising trend and accelerating momentum
BC,REMOVED,❌ REMOVED,,BUY,"Aug 05, 2026",Discretionary,Recreational Vehicles,,,,Prior BUY is missing or no longer rated BUY
BCAL,UNCHANGED,UNCHANGED,,SELL,"Aug 07, 2026",Financials,Banks - Regional,,,,Previously inactive symbol is absent
BCAX,UNCHANGED,UNCHANGED,,,,Health Care,Biotechnology,,,,Previously inactive symbol is absent
BCC,UNCHANGED,UNCHANGED,,SELL,"Aug 19, 2026",Materials,Lumber & Wood Production,,,,Previously inactive symbol is absent
BCE,LEADER,🚀 LEADER,BUY,BUY,"Aug 07, 2026",Communication,Telecom Services,UPTREND,MOVING UP,,Sustained BUY with confirmed trend and momentum
BCH,UNCHANGED,UNCHANGED,,SELL,"Jul 29, 2026",Financials,Banks - Regional,,,,Previously inactive symbol is absent
BCO,UNCHANGED,UNCHANGED,,SELL,"Aug 05, 2026",Industrials,Security & Protection Services,,,,Previously inactive symbol is absent
BCPC,REMOVED,❌ REMOVED,,BUY,"Aug 04, 2026",Materials,Specialty Chemicals,,,,Prior BUY is missing or no longer rated BUY
BCS,UNCHANGED,UNCHANGED,SELL,SELL,"Jul 14, 2026",Financials,Banks - Diversified,DOWNTREND,MOVING DOWN,,No active BUY transition
BCV,UNCHANGED,UNCHANGED,,,,Financials,Closed-End Fund - Debt,,,,Previously inactive symbol is absent
BDC,REMOVED,❌ REMOVED,,BUY,"Aug 03, 2026",Technology,Communication Equipment,,,,Prior BUY is missing or no longer rated BUY
BDL,UNCHANGED,UNCHANGED,,,,Discretionary,Restaurants,,,,Previously inactive symbol is absent
BDSX,UNCHANGED,UNCHANGED,,SELL,"Aug 19, 2026",Health Care,Diagnostics & Research,,,,Previously inactive symbol is absent
BDX,LEADER,🚀 LEADER,BUY,BUY,"Jun 29, 2026",Health Care,Medical Instruments & Supplies,UPTREND,MOVING UP,,Sustained BUY with confirmed trend and momentum
BE,UNCHANGED,UNCHANGED,SELL,SELL,"Aug 18, 2026",Industrials,Electrical Equipment & Parts,DOWNTREND,MOVING DOWN,,No active BUY transition
BEAM,UNCHANGED,UNCHANGED,SELL,SELL,"Jul 13, 2026",Health Care,Biotechnology,DOWNTREND,MOVING UP,,No active BUY transition
BEKE,UNCHANGED,UNCHANGED,SELL,,"Aug 13, 2026",Real Estate,Real Estate Services,UPTREND,MOVING UP,,No active BUY transition
BELFA,REMOVED,❌ REMOVED,,BUY,"Aug 13, 2026",Technology,Electronic Components,,,,Prior BUY is missing or no longer rated BUY
BELFB,UNCHANGED,UNCHANGED,,SELL,"Aug 19, 2026",Technology,Electronic Components,,,,Previously inactive symbol is absent
BEN,DETERIORATING,⚠️ DETERIORATING,BUY,BUY,"Aug 03, 2026",Financials,Asset Management,UPTREND,MOVING DOWN,,Existing BUY momentum is weakening
BEP,ACTIVE_BUY,ACTIVE BUY,BUY,BUY,"Aug 12, 2026",Utilities,Utilities - Renewable,NEUTRAL,MOVING UP,,BUY remains active without a higher-priority setup
BEPC,UNCHANGED,UNCHANGED,,,,Utilities,Utilities - Renewable,DOWNTREND,,,No active BUY transition
BF/A,UNCHANGED,UNCHANGED,,SELL,"Aug 18, 2026",Staples,Beverages - Wineries & Distilleries,,,,Previously inactive symbol is absent
BF/B,EMERGING,🔥 EMERGING,BUY,SELL,"Aug 21, 2026",Staples,Beverages - Wineries & Distilleries,UPTREND,MOVING UP,,New BUY with rising trend and accelerating momentum
BFAM,UNCHANGED,UNCHANGED,,SELL,"Jul 17, 2026",Discretionary,Personal Services,,,,Previously inactive symbol is absent
BFC,REMOVED,❌ REMOVED,,BUY,"Jul 30, 2026",Financials,Banks - Regional,,,,Prior BUY is missing or no longer rated BUY
BFH,UNCHANGED,UNCHANGED,,SELL,"Aug 19, 2026",Financials,Credit Services,,,,Previously inactive symbol is absent
BFS,UNCHANGED,UNCHANGED,,SELL,"Jul 09, 2026",Real Estate,REIT - Retail,,,,Previously inactive symbol is absent
BFST,UNCHANGED,UNCHANGED,,SELL,"Aug 10, 2026",Financials,Banks - Regional,,,,Previously inactive symbol is absent
BG,EMERGING,🔥 EMERGING,BUY,SELL,"Aug 20, 2026",Staples,Farm Products,UPTREND,MOVING UP,,New BUY with rising trend and accelerating momentum
BGC,UNCHANGED,UNCHANGED,SELL,,"Aug 06, 2026",Financials,Capital Markets,DOWNTREND,MOVING DOWN,,No active BUY transition
BH,UNCHANGED,UNCHANGED,,SELL,"Jul 20, 2026",Discretionary,Restaurants,,,,Previously inactive symbol is absent
BHB,UNCHANGED,UNCHANGED,,,,Financials,Banks - Regional,,,,Previously inactive symbol is absent
BHE,UNCHANGED,UNCHANGED,,SELL,"Jul 07, 2026",Technology,Electronic Components,,,,Previously inactive symbol is absent
BHF,UNCHANGED,UNCHANGED,,SELL,"Jul 21, 2026",Financials,Insurance - Life,,,,Previously inactive symbol is absent
BHP,LEADER,🚀 LEADER,BUY,BUY,"Jul 28, 2026",Materials,Other Industrial Metals & Mining,UPTREND,MOVING UP,,Sustained BUY with confirmed trend and momentum
BHRB,UNCHANGED,UNCHANGED,,SELL,"Aug 10, 2026",Financials,Banks - Regional,,,,Previously inactive symbol is absent
BIIB,LEADER,🚀 LEADER,BUY,BUY,"Aug 10, 2026",Health Care,Drug Manufacturers - General,UPTREND,MOVING UP,,Sustained BUY with confirmed trend and momentum
BILI,UNCHANGED,UNCHANGED,SELL,,"Aug 13, 2026",Communication,Internet Content & Information,DOWNTREND,MOVING DOWN,,No active BUY transition
BILL,UNCHANGED,UNCHANGED,SELL,SELL,"Aug 17, 2026",Technology,Software - Application,UPTREND,MOVING DOWN,,No active BUY transition
BIO,REMOVED,❌ REMOVED,,BUY,"Jul 22, 2026",Health Care,Medical Devices,,,,Prior BUY is missing or no longer rated BUY
BIO/B,REMOVED,❌ REMOVED,,BUY,"Aug 04, 2026",Health Care,Medical Devices,,,,Prior BUY is missing or no longer rated BUY
BIP,UNCHANGED,UNCHANGED,,SELL,"Aug 07, 2026",Utilities,Utilities - Diversified,,,,Previously inactive symbol is absent
BIPC,UNCHANGED,UNCHANGED,,,,Utilities,Utilities - Regulated Gas,,,,Previously inactive symbol is absent
BJ,UNCHANGED,UNCHANGED,SELL,SELL,"Aug 06, 2026",Staples,Discount Stores,DOWNTREND,MOVING DOWN,,No active BUY transition
BJRI,UNCHANGED,UNCHANGED,,SELL,"Jul 13, 2026",Discretionary,Restaurants,,,,Previously inactive symbol is absent
BKD,UNCHANGED,UNCHANGED,SELL,,"Jul 14, 2026",Health Care,Medical Care Facilities,DOWNTREND,MOVING DOWN,,No active BUY transition
BKE,UNCHANGED,UNCHANGED,,SELL,"Aug 18, 2026",Discretionary,Apparel Retail,,,,Previously inactive symbol is absent
BKH,UNCHANGED,UNCHANGED,,SELL,"Jul 30, 2026",Utilities,Utilities - Regulated Gas,,,,Previously inactive symbol is absent
BKNG,REMOVED,❌ REMOVED,SELL,BUY,"Aug 21, 2026",Discretionary,Travel Services,UPTREND,MOVING DOWN,,Prior BUY is missing or no longer rated BUY
BKR,UNCHANGED,UNCHANGED,SELL,SELL,"Aug 19, 2026",Energy,Oil & Gas Equipment & Services,UPTREND,MOVING DOWN,,No active BUY transition
BKSY,UNCHANGED,UNCHANGED,,,,Industrials,Specialty Business Services,NEUTRAL,,,No active BUY transition
BKU,REMOVED,❌ REMOVED,,BUY,"Aug 17, 2026",Financials,Banks - Regional,,,,Prior BUY is missing or no longer rated BUY
BKV,UNCHANGED,UNCHANGED,,,,Energy,Oil & Gas E&P,,,,Previously inactive symbol is absent
BL,UNCHANGED,UNCHANGED,SELL,SELL,"Aug 11, 2026",Technology,Software - Application,UPTREND,MOVING UP,,No active BUY transition
BLDR,UNCHANGED,UNCHANGED,SELL,SELL,"Jul 09, 2026",Industrials,Building Products & Equipment,DOWNTREND,MOVING UP,,No active BUY transition
BLFS,UNCHANGED,UNCHANGED,SELL,SELL,"Aug 19, 2026",Health Care,Medical Instruments & Supplies,UPTREND,MOVING DOWN,,No active BUY transition
BLK,REMOVED,❌ REMOVED,,BUY,"Jul 14, 2026",Financials,Asset Management,,,,Prior BUY is missing or no longer rated BUY
BLKB,UNCHANGED,UNCHANGED,,SELL,"Aug 14, 2026",Technology,Software - Application,,,,Previously inactive symbol is absent
BLMN,UNCHANGED,UNCHANGED,SELL,,"Aug 21, 2026",Discretionary,Restaurants,UPTREND,MOVING DOWN,,No active BUY transition
BLTE,UNCHANGED,UNCHANGED,,,,Health Care,Biotechnology,,,,Previously inactive symbol is absent
BLX,UNCHANGED,UNCHANGED,,SELL,"Jul 07, 2026",Financials,Banks - Regional,,,,Previously inactive symbol is absent
BLZE,UNCHANGED,UNCHANGED,SELL,,"Aug 17, 2026",Technology,Software - Infrastructure,UPTREND,MOVING DOWN,,No active BUY transition
BME,REMOVED,❌ REMOVED,,BUY,"Aug 12, 2026",Financials,Closed-End Fund - Equity,,,,Prior BUY is missing or no longer rated BUY
BMI,UNCHANGED,UNCHANGED,,SELL,"Jul 23, 2026",Technology,Scientific & Technical Instruments,,,,Previously inactive symbol is absent
BMN,UNCHANGED,UNCHANGED,,,,Financials,Closed-End Fund - Debt,,,,Previously inactive symbol is absent
BMNR,UNCHANGED,UNCHANGED,,,,Financials,Capital Markets,UPTREND,,,No active BUY transition
BMO,UNCHANGED,UNCHANGED,,SELL,"Jul 09, 2026",Financials,Banks - Diversified,,,,Previously inactive symbol is absent
BMRC,UNCHANGED,UNCHANGED,,SELL,"Jul 24, 2026",Financials,Banks - Regional,,,,Previously inactive symbol is absent
BMRN,LEADER,🚀 LEADER,BUY,BUY,"Aug 11, 2026",Health Care,Biotechnology,UPTREND,MOVING UP,,Sustained BUY with confirmed trend and momentum
BMY,LEADER,🚀 LEADER,BUY,BUY,"Aug 19, 2026",Health Care,Drug Manufacturers - General,UPTREND,MOVING UP,,Sustained BUY with confirmed trend and momentum
BN,UNCHANGED,UNCHANGED,SELL,SELL,"Aug 19, 2026",Financials,Asset Management,DOWNTREND,MOVING DOWN,,No active BUY transition
BNL,UNCHANGED,UNCHANGED,SELL,SELL,"Jul 24, 2026",Real Estate,REIT - Diversified,DOWNTREND,MOVING UP,,No active BUY transition
BNS,REMOVED,❌ REMOVED,SELL,BUY,"Aug 20, 2026",Financials,Banks - Diversified,NEUTRAL,MOVING DOWN,,Prior BUY is missing or no longer rated BUY
BNT,UNCHANGED,UNCHANGED,,SELL,"Aug 14, 2026",Financials,Insurance - Diversified,,,,Previously inactive symbol is absent
BNTX,EMERGING,🔥 EMERGING,BUY,SELL,"Aug 20, 2026",Health Care,Biotechnology,UPTREND,MOVING UP,,New BUY with rising trend and accelerating momentum
BNY,DETERIORATING,⚠️ DETERIORATING,BUY,BUY,"Aug 17, 2026",Financials,Banks - Diversified,UPTREND,MOVING DOWN,,Existing BUY momentum is weakening
BOH,UNCHANGED,UNCHANGED,,SELL,"Jul 29, 2026",Financials,Banks - Regional,,,,Previously inactive symbol is absent
BOOT,REMOVED,❌ REMOVED,,BUY,"Aug 07, 2026",Discretionary,Apparel Retail,,,,Prior BUY is missing or no longer rated BUY
BOTJ,UNCHANGED,UNCHANGED,,SELL,"Aug 05, 2026",Financials,Banks - Regional,,,,Previously inactive symbol is absent
BOW,UNCHANGED,UNCHANGED,,,,Financials,Insurance - Property & Casualty,,,,Previously inactive symbol is absent
BOX,UNCHANGED,UNCHANGED,SELL,SELL,"Jul 23, 2026",Technology,Software - Infrastructure,UPTREND,MOVING DOWN,,No active BUY transition
BP,LEADER,🚀 LEADER,BUY,BUY,"Jul 16, 2026",Energy,Oil & Gas Integrated,UPTREND,MOVING UP,,Sustained BUY with confirmed trend and momentum
BPOP,UNCHANGED,UNCHANGED,,SELL,"Jul 14, 2026",Financials,Banks - Regional,,,,Previously inactive symbol is absent
BPRN,UNCHANGED,UNCHANGED,,SELL,"Aug 19, 2026",Financials,Banks - Regional,,,,Previously inactive symbol is absent
BR,LEADER,🚀 LEADER,BUY,BUY,"Jul 10, 2026",Technology,Information Technology Services,UPTREND,MOVING UP,,Sustained BUY with confirmed trend and momentum
BRBR,UNCHANGED,UNCHANGED,SELL,,"Aug 07, 2026",Staples,Packaged Foods,DOWNTREND,MOVING DOWN,,No active BUY transition
BRC,UNCHANGED,UNCHANGED,,SELL,"Aug 12, 2026",Industrials,Security & Protection Services,,,,Previously inactive symbol is absent
BRK/A,UNCHANGED,UNCHANGED,,SELL,"Aug 18, 2026",Financials,Insurance - Diversified,,,,Previously inactive symbol is absent
BRK/B,UNCHANGED,UNCHANGED,SELL,SELL,"Aug 17, 2026",Financials,Insurance - Diversified,DOWNTREND,MOVING DOWN,,No active BUY transition
BRKR,UNCHANGED,UNCHANGED,SELL,SELL,"Aug 05, 2026",Health Care,Medical Devices,NEUTRAL,MOVING UP,,No active BUY transition
BRO,UNCHANGED,UNCHANGED,SELL,SELL,"Jul 21, 2026",Financials,Insurance Brokers,UPTREND,MOVING DOWN,,No active BUY transition
BROS,UNCHANGED,UNCHANGED,SELL,SELL,"Jul 07, 2026",Discretionary,Restaurants,DOWNTREND,MOVING UP,,No active BUY transition
BRX,UNCHANGED,UNCHANGED,SELL,SELL,"Jul 31, 2026",Real Estate,REIT - Retail,DOWNTREND,MOVING DOWN,,No active BUY transition
BRZE,EMERGING,🔥 EMERGING,BUY,SELL,"Aug 20, 2026",Technology,Software - Application,UPTREND,MOVING UP,,New BUY with rising trend and accelerating momentum
BSAC,UNCHANGED,UNCHANGED,,SELL,"Aug 14, 2026",Financials,Banks - Regional,,,,Previously inactive symbol is absent
BSRR,UNCHANGED,UNCHANGED,,SELL,"Jul 09, 2026",Financials,Banks - Regional,,,,Previously inactive symbol is absent
BST,REMOVED,❌ REMOVED,,BUY,"Aug 06, 2026",Financials,Closed-End Fund - Equity,,,,Prior BUY is missing or no longer rated BUY
BSTZ,REMOVED,❌ REMOVED,,BUY,"Aug 06, 2026",Financials,Closed-End Fund - Equity,,,,Prior BUY is missing or no longer rated BUY
BSVN,REMOVED,❌ REMOVED,,BUY,"Jul 30, 2026",Financials,Banks - Regional,,,,Prior BUY is missing or no longer rated BUY
BSX,REMOVED,❌ REMOVED,SELL,BUY,"Aug 21, 2026",Health Care,Medical Devices,UPTREND,MOVING DOWN,,Prior BUY is missing or no longer rated BUY
BSY,UNCHANGED,UNCHANGED,SELL,SELL,"Aug 12, 2026",Technology,Software - Application,UPTREND,MOVING DOWN,,No active BUY transition
BTI,UNCHANGED,UNCHANGED,SELL,SELL,"Aug 04, 2026",Staples,Tobacco,DOWNTREND,MOVING DOWN,,No active BUY transition
BTO,UNCHANGED,UNCHANGED,,SELL,"Aug 07, 2026",Financials,Closed-End Fund - Equity,,,,Previously inactive symbol is absent
BTSG,UNCHANGED,UNCHANGED,,,,Health Care,Health Information Services,DOWNTREND,,,No active BUY transition
BTT,REMOVED,❌ REMOVED,,BUY,"Aug 14, 2026",Financials,Closed-End Fund - Debt,,,,Prior BUY is missing or no longer rated BUY
BTU,LEADER,🚀 LEADER,BUY,BUY,"Aug 13, 2026",Energy,Thermal Coal,UPTREND,MOVING UP,,Sustained BUY with confirmed trend and momentum
BUD,UNCHANGED,UNCHANGED,SELL,SELL,"Aug 13, 2026",Staples,Beverages - Brewers,DOWNTREND,MOVING DOWN,,No active BUY transition
BUI,UNCHANGED,UNCHANGED,,SELL,"Jul 13, 2026",Financials,Closed-End Fund - Equity,,,,Previously inactive symbol is absent
BURL,UNCHANGED,UNCHANGED,,SELL,"Aug 12, 2026",Discretionary,Apparel Retail,,,,Previously inactive symbol is absent
BUSE,UNCHANGED,UNCHANGED,,SELL,"Aug 17, 2026",Financials,Banks - Regional,,,,Previously inactive symbol is absent
BV,UNCHANGED,UNCHANGED,SELL,,"Jul 08, 2026",Industrials,Specialty Business Services,DOWNTREND,MOVING UP,,No active BUY transition
BVN,REMOVED,❌ REMOVED,,BUY,"Jul 24, 2026",Materials,Other Precious Metals & Mining,,,,Prior BUY is missing or no longer rated BUY
BWA,DETERIORATING,⚠️ DETERIORATING,BUY,BUY,"Aug 10, 2026",Discretionary,Auto Parts,NEUTRAL,MOVING DOWN,,Existing BUY momentum is weakening
BWB,REMOVED,❌ REMOVED,,BUY,"Aug 10, 2026",Financials,Banks - Regional,,,,Prior BUY is missing or no longer rated BUY
BWFG,UNCHANGED,UNCHANGED,,SELL,"Aug 14, 2026",Financials,Banks - Regional,,,,Previously inactive symbol is absent
BWIN,UNCHANGED,UNCHANGED,SELL,SELL,"Aug 18, 2026",Financials,Insurance Brokers,UPTREND,MOVING DOWN,,No active BUY transition
BWLP,REMOVED,❌ REMOVED,,BUY,"Aug 14, 2026",Energy,Oil & Gas Midstream,,,,Prior BUY is missing or no longer rated BUY
BWMN,REMOVED,❌ REMOVED,,BUY,"Aug 11, 2026",Industrials,Engineering & Construction,,,,Prior BUY is missing or no longer rated BUY
BWXT,UNCHANGED,UNCHANGED,,SELL,"Jul 01, 2026",Industrials,Aerospace & Defense,,,,Previously inactive symbol is absent
BX,REMOVED,❌ REMOVED,SELL,BUY,"Aug 21, 2026",Financials,Asset Management,UPTREND,MOVING DOWN,,Prior BUY is missing or no longer rated BUY
BXC,REMOVED,❌ REMOVED,,BUY,"Aug 05, 2026",Industrials,Industrial Distribution,,,,Prior BUY is missing or no longer rated BUY
BXP,UNCHANGED,UNCHANGED,SELL,SELL,"Jul 13, 2026",Real Estate,REIT - Office,NEUTRAL,MOVING DOWN,,No active BUY transition
BXSL,UNCHANGED,UNCHANGED,SELL,SELL,"Aug 19, 2026",Financials,Asset Management,UPTREND,MOVING DOWN,,No active BUY transition
BY,UNCHANGED,UNCHANGED,,SELL,"Aug 11, 2026",Financials,Banks - Regional,,,,Previously inactive symbol is absent
BYD,UNCHANGED,UNCHANGED,,SELL,"Aug 03, 2026",Discretionary,Resorts & Casinos,,,,Previously inactive symbol is absent
BZ,UNCHANGED,UNCHANGED,SELL,,"Aug 13, 2026",Communication,Internet Content & Information,UPTREND,MOVING UP,,No active BUY transition
BZH,UNCHANGED,UNCHANGED,,SELL,"Jul 30, 2026",Discretionary,Residential Construction,,,,Previously inactive symbol is absent
C,REMOVED,❌ REMOVED,SELL,BUY,"Aug 21, 2026",Financials,Banks - Diversified,DOWNTREND,MOVING DOWN,,Prior BUY is missing or no longer rated BUY
CAAP,UNCHANGED,UNCHANGED,,SELL,"Aug 06, 2026",Industrials,Airports & Air Services,,,,Previously inactive symbol is absent
CABO,UNCHANGED,UNCHANGED,,SELL,"Aug 11, 2026",Communication,Telecom Services,,,,Previously inactive symbol is absent
CAC,UNCHANGED,UNCHANGED,,SELL,"Aug 18, 2026",Financials,Banks - Regional,,,,Previously inactive symbol is absent
CACC,UNCHANGED,UNCHANGED,,SELL,"Jul 14, 2026",Financials,Credit Services,,,,Previously inactive symbol is absent
CACI,REMOVED,❌ REMOVED,,BUY,"Jul 29, 2026",Technology,Information Technology Services,,,,Prior BUY is missing or no longer rated BUY
CADL,UNCHANGED,UNCHANGED,,,,Health Care,Biotechnology,UPTREND,,,No active BUY transition
CAE,REMOVED,❌ REMOVED,,BUY,"Jul 29, 2026",Industrials,Aerospace & Defense,,,,Prior BUY is missing or no longer rated BUY
CAG,EMERGING,🔥 EMERGING,BUY,,"Aug 20, 2026",Staples,Packaged Foods,UPTREND,MOVING UP,,New BUY with rising trend and accelerating momentum
CAH,UNCHANGED,UNCHANGED,SELL,SELL,"Aug 19, 2026",Health Care,Medical Distribution,UPTREND,MOVING DOWN,,No active BUY transition
CAI,UNCHANGED,UNCHANGED,,,,Health Care,Biotechnology,UPTREND,,,No active BUY transition
CAKE,UNCHANGED,UNCHANGED,SELL,SELL,"Aug 18, 2026",Discretionary,Restaurants,UPTREND,MOVING DOWN,,No active BUY transition
CALM,UNCHANGED,UNCHANGED,,SELL,"Aug 03, 2026",Staples,Farm Products,,,,Previously inactive symbol is absent
CALX,LEADER,🚀 LEADER,BUY,BUY,"Aug 10, 2026",Technology,Software - Infrastructure,UPTREND,MOVING UP,,Sustained BUY with confirmed trend and momentum
CALY,UNCHANGED,UNCHANGED,SELL,,"Jul 10, 2026",Discretionary,Leisure,DOWNTREND,MOVING DOWN,,No active BUY transition
CAMT,REMOVED,❌ REMOVED,,BUY,"Aug 11, 2026",Technology,Semiconductor Equipment & Materials,,,,Prior BUY is missing or no longer rated BUY
CAPL,REMOVED,❌ REMOVED,,BUY,"Aug 13, 2026",Energy,Oil & Gas Refining & Marketing,,,,Prior BUY is missing or no longer rated BUY
CARG,UNCHANGED,UNCHANGED,,,,Discretionary,Auto & Truck Dealerships,,,,Previously inactive symbol is absent
CART,UNCHANGED,UNCHANGED,,,,Discretionary,Internet Retail,UPTREND,,,No active BUY transition
CASH,UNCHANGED,UNCHANGED,,SELL,"Aug 10, 2026",Financials,Banks - Regional,,,,Previously inactive symbol is absent
CASS,UNCHANGED,UNCHANGED,,SELL,"Aug 19, 2026",Industrials,Specialty Business Services,,,,Previously inactive symbol is absent
CASY,UNCHANGED,UNCHANGED,,SELL,"Aug 07, 2026",Discretionary,Specialty Retail,,,,Previously inactive symbol is absent
CAT,UNCHANGED,UNCHANGED,SELL,SELL,"Jul 08, 2026",Industrials,Farm & Heavy Construction Machinery,DOWNTREND,MOVING DOWN,,No active BUY transition
CATY,UNCHANGED,UNCHANGED,,SELL,"Jul 09, 2026",Financials,Banks - Regional,,,,Previously inactive symbol is absent
CAVA,UNCHANGED,UNCHANGED,,,,Discretionary,Restaurants,UPTREND,,,No active BUY transition
CB,UNCHANGED,UNCHANGED,SELL,SELL,"Jul 17, 2026",Financials,Insurance - Property & Casualty,DOWNTREND,MOVING DOWN,,No active BUY transition
CBAN,UNCHANGED,UNCHANGED,,SELL,"Aug 13, 2026",Financials,Banks - Regional,,,,Previously inactive symbol is absent
CBFV,REMOVED,❌ REMOVED,,BUY,"Aug 10, 2026",Financials,Banks - Regional,,,,Prior BUY is missing or no longer rated BUY
CBK,UNCHANGED,UNCHANGED,,,,Financials,Banks - Regional,,,,Previously inactive symbol is absent
CBL,UNCHANGED,UNCHANGED,,,,Real Estate,REIT - Retail,,,,Previously inactive symbol is absent
CBLL,UNCHANGED,UNCHANGED,,,,Health Care,Medical Devices,,,,Previously inactive symbol is absent
CBNA,UNCHANGED,UNCHANGED,,,,Financials,Banks - Regional,,,,Previously inactive symbol is absent
CBNK,UNCHANGED,UNCHANGED,,SELL,"Aug 11, 2026",Financials,Banks - Regional,,,,Previously inactive symbol is absent
CBOE,UNCHANGED,UNCHANGED,,SELL,"Aug 11, 2026",Financials,Financial Data & Stock Exchanges,,,,Previously inactive symbol is absent
CBRE,UNCHANGED,UNCHANGED,SELL,SELL,"Aug 13, 2026",Real Estate,Real Estate Services,UPTREND,MOVING DOWN,,No active BUY transition
CBRL,UNCHANGED,UNCHANGED,,SELL,"Jul 24, 2026",Discretionary,Restaurants,,,,Previously inactive symbol is absent
CBSH,UNCHANGED,UNCHANGED,SELL,SELL,"Aug 07, 2026",Financials,Banks - Regional,UPTREND,MOVING DOWN,,No active BUY transition
CBT,UNCHANGED,UNCHANGED,,SELL,"Jul 07, 2026",Materials,Specialty Chemicals,,,,Previously inactive symbol is absent
CBU,UNCHANGED,UNCHANGED,,SELL,"Jul 24, 2026",Financials,Banks - Regional,,,,Previously inactive symbol is absent
CBZ,UNCHANGED,UNCHANGED,SELL,SELL,"Aug 14, 2026",Industrials,Specialty Business Services,UPTREND,MOVING DOWN,,No active BUY transition
CCB,UNCHANGED,UNCHANGED,,SELL,"Jul 08, 2026",Financials,Banks - Regional,,,,Previously inactive symbol is absent
CCBG,UNCHANGED,UNCHANGED,,SELL,"Aug 11, 2026",Financials,Banks - Regional,,,,Previously inactive symbol is absent
CCD,REMOVED,❌ REMOVED,,BUY,"Aug 07, 2026",Financials,Closed-End Fund - Equity,,,,Prior BUY is missing or no longer rated BUY
CCEP,UNCHANGED,UNCHANGED,SELL,SELL,"Aug 11, 2026",Staples,Beverages - Non-Alcoholic,UPTREND,MOVING DOWN,,No active BUY transition
CCJ,ACTIVE_BUY,ACTIVE BUY,BUY,BUY,"Aug 11, 2026",Energy,Uranium,NEUTRAL,MOVING UP,,BUY remains active without a higher-priority setup
CCK,UNCHANGED,UNCHANGED,SELL,SELL,"Aug 10, 2026",Discretionary,Packaging & Containers,UPTREND,MOVING DOWN,,No active BUY transition
CCL,UNCHANGED,UNCHANGED,SELL,SELL,"Aug 17, 2026",Discretionary,Travel Services,DOWNTREND,MOVING DOWN,,No active BUY transition
CCNE,UNCHANGED,UNCHANGED,,SELL,"Aug 11, 2026",Financials,Banks - Regional,,,,Previously inactive symbol is absent
CCS,REMOVED,❌ REMOVED,,BUY,"Jul 29, 2026",Real Estate,Real Estate - Development,,,,Prior BUY is missing or no longer rated BUY
CCSI,UNCHANGED,UNCHANGED,,,,Technology,Software - Infrastructure,,,,Previously inactive symbol is absent
CDE,EMERGING,🔥 EMERGING,BUY,,"Aug 06, 2026",Materials,Gold,UPTREND,MOVING UP,,New BUY with rising trend and accelerating momentum
CDNA,UNCHANGED,UNCHANGED,SELL,SELL,"Aug 18, 2026",Health Care,Diagnostics & Research,UPTREND,MOVING DOWN,,No active BUY transition
CDP,UNCHANGED,UNCHANGED,,SELL,"Jul 17, 2026",Real Estate,REIT - Office,,,,Previously inactive symbol is absent
CDRE,REMOVED,❌ REMOVED,,BUY,"Aug 10, 2026",Industrials,Aerospace & Defense,,,,Prior BUY is missing or no longer rated BUY
CDW,UNCHANGED,UNCHANGED,SELL,SELL,"Aug 12, 2026",Technology,Information Technology Services,DOWNTREND,MOVING DOWN,,No active BUY transition
CE,NEW_BUY,NEW BUY,BUY,,"Aug 21, 2026",Materials,Chemicals,NEUTRAL,MOVING UP,,BUY triggered since the previous file
CECO,REMOVED,❌ REMOVED,,BUY,"Aug 18, 2026",Industrials,Pollution & Treatment Controls,,,,Prior BUY is missing or no longer rated BUY
CEE,REMOVED,❌ REMOVED,,BUY,"Aug 14, 2026",Financials,Closed-End Fund - Foreign,,,,Prior BUY is missing or no longer rated BUY
CEG,UNCHANGED,UNCHANGED,SELL,SELL,"Aug 19, 2026",Utilities,Utilities - Independent Power Producers,UPTREND,MOVING DOWN,,No active BUY transition
CELC,UNCHANGED,UNCHANGED,SELL,SELL,"Jul 16, 2026",Health Care,Biotechnology,DOWNTREND,MOVING UP,,No active BUY transition
CELH,LEADER,🚀 LEADER,BUY,BUY,"Aug 19, 2026",Staples,Beverages - Non-Alcoholic,UPTREND,MOVING UP,,Sustained BUY with confirmed trend and momentum
CENT,UNCHANGED,UNCHANGED,,SELL,"Aug 18, 2026",Staples,Packaged Foods,,,,Previously inactive symbol is absent
CENTA,UNCHANGED,UNCHANGED,,SELL,"Aug 17, 2026",Staples,Packaged Foods,,,,Previously inactive symbol is absent
CENX,REMOVED,❌ REMOVED,SELL,BUY,"Aug 20, 2026",Materials,Aluminum,DOWNTREND,MOVING DOWN,,Prior BUY is missing or no longer rated BUY
CET,UNCHANGED,UNCHANGED,,,,Financials,Closed-End Fund - Equity,,,,Previously inactive symbol is absent
CF,UNCHANGED,UNCHANGED,SELL,SELL,"Aug 04, 2026",Materials,Agricultural Inputs,UPTREND,MOVING DOWN,,No active BUY transition
CFBK,UNCHANGED,UNCHANGED,,SELL,"Aug 12, 2026",Financials,Banks - Regional,,,,Previously inactive symbol is absent
CFFI,REMOVED,❌ REMOVED,,BUY,"Jul 30, 2026",Financials,Banks - Regional,,,,Prior BUY is missing or no longer rated BUY
CFG,REMOVED,❌ REMOVED,SELL,BUY,"Aug 21, 2026",Financials,Banks - Regional,NEUTRAL,MOVING DOWN,,Prior BUY is missing or no longer rated BUY
CFR,UNCHANGED,UNCHANGED,,SELL,"Aug 07, 2026",Financials,Banks - Regional,,,,Previously inactive symbol is absent
CG,UNCHANGED,UNCHANGED,SELL,SELL,"Aug 18, 2026",Financials,Asset Management,UPTREND,MOVING DOWN,,No active BUY transition
CGEM,REMOVED,❌ REMOVED,,BUY,"Aug 12, 2026",Health Care,Biotechnology,,,,Prior BUY is missing or no longer rated BUY
CGNX,UNCHANGED,UNCHANGED,SELL,SELL,"Aug 19, 2026",Technology,Scientific & Technical Instruments,DOWNTREND,MOVING DOWN,,No active BUY transition
CGON,UNCHANGED,UNCHANGED,,,,Health Care,Biotechnology,,,,Previously inactive symbol is absent
CHCO,UNCHANGED,UNCHANGED,,SELL,"Aug 14, 2026",Financials,Banks - Regional,,,,Previously inactive symbol is absent
CHD,UNCHANGED,UNCHANGED,SELL,SELL,"Aug 18, 2026",Staples,Household & Personal Products,DOWNTREND,MOVING DOWN,,No active BUY transition
CHDN,REMOVED,❌ REMOVED,,BUY,"Aug 10, 2026",Discretionary,Gambling,,,,Prior BUY is missing or no longer rated BUY
CHE,UNCHANGED,UNCHANGED,,SELL,"Aug 13, 2026",Health Care,Medical Care Facilities,,,,Previously inactive symbol is absent
CHEF,UNCHANGED,UNCHANGED,,SELL,"Aug 19, 2026",Staples,Food Distribution,,,,Previously inactive symbol is absent
CHH,UNCHANGED,UNCHANGED,,SELL,"Aug 05, 2026",Discretionary,Lodging,,,,Previously inactive symbol is absent
CHKP,NEW_BUY,NEW BUY,BUY,SELL,"Aug 20, 2026",Technology,Software - Infrastructure,NEUTRAL,MOVING UP,,BUY triggered since the previous file
CHMG,UNCHANGED,UNCHANGED,,SELL,"Aug 13, 2026",Financials,Banks - Regional,,,,Previously inactive symbol is absent
CHRD,REMOVED,❌ REMOVED,,BUY,"Aug 12, 2026",Energy,Oil & Gas E&P,,,,Prior BUY is missing or no longer rated BUY
CHRN,UNCHANGED,UNCHANGED,,SELL,"Jul 28, 2026",Technology,Information Technology Services,,,,Previously inactive symbol is absent
CHRW,UNCHANGED,UNCHANGED,SELL,SELL,"Jul 28, 2026",Industrials,Integrated Freight & Logistics,DOWNTREND,MOVING DOWN,,No active BUY transition
CHTR,UNCHANGED,UNCHANGED,SELL,SELL,"Aug 19, 2026",Communication,Telecom Services,UPTREND,MOVING DOWN,,No active BUY transition
CHWY,EMERGING,🔥 EMERGING,BUY,SELL,"Aug 21, 2026",Discretionary,Internet Retail,UPTREND,MOVING UP,,New BUY with rising trend and accelerating momentum
CHYM,UNCHANGED,UNCHANGED,,,,Technology,Software - Application,UPTREND,,,No active BUY transition
CI,UNCHANGED,UNCHANGED,SELL,SELL,"Aug 03, 2026",Health Care,Healthcare Plans,DOWNTREND,MOVING DOWN,,No active BUY transition
CIB,REMOVED,❌ REMOVED,,BUY,"Aug 12, 2026",Financials,Banks - Regional,,,,Prior BUY is missing or no longer rated BUY
CIEN,ACTIVE_BUY,ACTIVE BUY,BUY,BUY,"Aug 14, 2026",Technology,Communication Equipment,NEUTRAL,MOVING UP,,BUY remains active without a higher-priority setup
CIFR,UNCHANGED,UNCHANGED,,,,Technology,Information Technology Services,DOWNTREND,,,No active BUY transition
CIGI,REMOVED,❌ REMOVED,,BUY,"Aug 18, 2026",Real Estate,Real Estate Services,,,,Prior BUY is missing or no longer rated BUY
CII,REMOVED,❌ REMOVED,,BUY,"Aug 14, 2026",Financials,Closed-End Fund - Equity,,,,Prior BUY is missing or no longer rated BUY
CINF,UNCHANGED,UNCHANGED,,SELL,"Jul 16, 2026",Financials,Insurance - Property & Casualty,,,,Previously inactive symbol is absent
CIVB,UNCHANGED,UNCHANGED,,SELL,"Aug 07, 2026",Financials,Banks - Regional,,,,Previously inactive symbol is absent
CIX,UNCHANGED,UNCHANGED,,,,Industrials,Security & Protection Services,,,,Previously inactive symbol is absent
CL,UNCHANGED,UNCHANGED,SELL,SELL,"Aug 18, 2026",Staples,Household & Personal Products,DOWNTREND,MOVING DOWN,,No active BUY transition
CLBK,UNCHANGED,UNCHANGED,SELL,,"Jul 22, 2026",Financials,Banks - Regional,DOWNTREND,MOVING DOWN,,No active BUY transition
CLBT,UNCHANGED,UNCHANGED,SELL,,"Aug 12, 2026",Technology,Software - Infrastructure,DOWNTREND,MOVING DOWN,,No active BUY transition
CLDX,REMOVED,❌ REMOVED,,BUY,"Aug 04, 2026",Health Care,Biotechnology,,,,Prior BUY is missing or no longer rated BUY
CLF,UNCHANGED,UNCHANGED,SELL,,"Aug 19, 2026",Materials,Steel,NEUTRAL,MOVING DOWN,,No active BUY transition
CLH,UNCHANGED,UNCHANGED,,SELL,"Jul 27, 2026",Industrials,Waste Management,,,,Previously inactive symbol is absent
CLMB,REMOVED,❌ REMOVED,,BUY,"Jul 07, 2026",Technology,Electronics & Computer Distribution,,,,Prior BUY is missing or no longer rated BUY
CLMT,UNCHANGED,UNCHANGED,,,,Materials,Specialty Chemicals,UPTREND,,,No active BUY transition
CLS,UNCHANGED,UNCHANGED,SELL,SELL,"Aug 10, 2026",Technology,Electronic Components,DOWNTREND,MOVING DOWN,,No active BUY transition
CLSK,UNCHANGED,UNCHANGED,SELL,,"Jul 30, 2026",Financials,Capital Markets,DOWNTREND,MOVING UP,,No active BUY transition
CLW,UNCHANGED,UNCHANGED,,SELL,"Aug 19, 2026",Materials,Paper & Paper Products,,,,Previously inactive symbol is absent
CLX,DETERIORATING,⚠️ DETERIORATING,BUY,BUY,"Aug 05, 2026",Staples,Household & Personal Products,UPTREND,MOVING DOWN,,Existing BUY momentum is weakening
CLYM,EMERGING,🔥 EMERGING,BUY,,"Aug 07, 2026",Health Care,Biotechnology,UPTREND,MOVING UP,,New BUY with rising trend and accelerating momentum
CM,REMOVED,❌ REMOVED,,BUY,"Aug 17, 2026",Financials,Banks - Diversified,,,,Prior BUY is missing or no longer rated BUY
CMC,REMOVED,❌ REMOVED,SELL,BUY,"Aug 20, 2026",Industrials,Metal Fabrication,DOWNTREND,MOVING DOWN,,Prior BUY is missing or no longer rated BUY
CMCSA,LEADER,🚀 LEADER,BUY,BUY,"Jul 30, 2026",Communication,Telecom Services,UPTREND,MOVING UP,,Sustained BUY with confirmed trend and momentum
CME,REMOVED,❌ REMOVED,SELL,BUY,"Aug 21, 2026",Financials,Financial Data & Stock Exchanges,UPTREND,MOVING DOWN,,Prior BUY is missing or no longer rated BUY
CMG,UNCHANGED,UNCHANGED,SELL,SELL,"Aug 07, 2026",Discretionary,Restaurants,UPTREND,MOVING UP,,No active BUY transition
CMI,UNCHANGED,UNCHANGED,,SELL,"Jul 06, 2026",Industrials,Specialty Industrial Machinery,,,,Previously inactive symbol is absent
CMPR,UNCHANGED,UNCHANGED,,SELL,"Jul 27, 2026",Industrials,Specialty Business Services,,,,Previously inactive symbol is absent
CMS,UNCHANGED,UNCHANGED,SELL,SELL,"Jul 13, 2026",Utilities,Utilities - Regulated Electric,DOWNTREND,MOVING DOWN,,No active BUY transition
CMT,UNCHANGED,UNCHANGED,,,,Materials,Specialty Chemicals,,,,Previously inactive symbol is absent
CNA,UNCHANGED,UNCHANGED,,SELL,"Aug 07, 2026",Financials,Insurance - Property & Casualty,,,,Previously inactive symbol is absent
CNC,REMOVED,❌ REMOVED,SELL,BUY,"Aug 21, 2026",Health Care,Healthcare Plans,UPTREND,MOVING DOWN,,Prior BUY is missing or no longer rated BUY
CNH,UNCHANGED,UNCHANGED,SELL,,"Aug 12, 2026",Industrials,Farm & Heavy Construction Machinery,NEUTRAL,MOVING UP,,No active BUY transition
CNI,UNCHANGED,UNCHANGED,SELL,SELL,"Aug 03, 2026",Industrials,Railroads,UPTREND,MOVING DOWN,,No active BUY transition
CNK,REMOVED,❌ REMOVED,SELL,BUY,"Aug 20, 2026",Communication,Entertainment,UPTREND,MOVING DOWN,,Prior BUY is missing or no longer rated BUY
CNM,UNCHANGED,UNCHANGED,SELL,SELL,"Aug 13, 2026",Industrials,Industrial Distribution,DOWNTREND,MOVING DOWN,,No active BUY transition
CNMD,UNCHANGED,UNCHANGED,,SELL,"Aug 18, 2026",Health Care,Medical Devices,,,,Previously inactive symbol is absent
CNO,UNCHANGED,UNCHANGED,,SELL,"Aug 19, 2026",Financials,Insurance - Life,,,,Previously inactive symbol is absent
CNOB,UNCHANGED,UNCHANGED,,SELL,"Jul 07, 2026",Financials,Banks - Regional,,,,Previously inactive symbol is absent
CNP,UNCHANGED,UNCHANGED,SELL,SELL,"Jul 31, 2026",Utilities,Utilities - Regulated Electric,DOWNTREND,MOVING DOWN,,No active BUY transition
CNQ,LEADER,🚀 LEADER,BUY,BUY,"Jul 20, 2026",Energy,Oil & Gas E&P,UPTREND,MOVING UP,,Sustained BUY with confirmed trend and momentum
CNR,REMOVED,❌ REMOVED,,BUY,"Aug 07, 2026",Energy,Thermal Coal,,,,Prior BUY is missing or no longer rated BUY
CNS,UNCHANGED,UNCHANGED,,SELL,"Aug 12, 2026",Financials,Asset Management,,,,Previously inactive symbol is absent
CNX,UNCHANGED,UNCHANGED,SELL,SELL,"Aug 18, 2026",Energy,Oil & Gas E&P,UPTREND,MOVING DOWN,,No active BUY transition
CNXC,UNCHANGED,UNCHANGED,SELL,SELL,"Aug 13, 2026",Technology,Information Technology Services,UPTREND,MOVING UP,,No active BUY transition
CNXN,UNCHANGED,UNCHANGED,,SELL,"Aug 12, 2026",Technology,Electronics & Computer Distribution,,,,Previously inactive symbol is absent
COF,REMOVED,❌ REMOVED,SELL,BUY,"Aug 21, 2026",Financials,Credit Services,UPTREND,MOVING DOWN,,Prior BUY is missing or no longer rated BUY
COGT,UNCHANGED,UNCHANGED,SELL,SELL,"Aug 12, 2026",Health Care,Biotechnology,DOWNTREND,MOVING DOWN,,No active BUY transition
COHR,REMOVED,❌ REMOVED,SELL,BUY,"Aug 21, 2026",Technology,Scientific & Technical Instruments,DOWNTREND,MOVING DOWN,,Prior BUY is missing or no longer rated BUY
COHU,LEADER,🚀 LEADER,BUY,BUY,"Aug 14, 2026",Technology,Semiconductor Equipment & Materials,UPTREND,MOVING UP,,Sustained BUY with confirmed trend and momentum
COIN,EMERGING,🔥 EMERGING,BUY,SELL,"Aug 21, 2026",Financials,Financial Data & Stock Exchanges,UPTREND,MOVING UP,,New BUY with rising trend and accelerating momentum
COKE,REMOVED,❌ REMOVED,,BUY,"Jul 28, 2026",Staples,Beverages - Non-Alcoholic,,,,Prior BUY is missing or no longer rated BUY
COLB,REMOVED,❌ REMOVED,SELL,BUY,"Aug 21, 2026",Financials,Banks - Regional,DOWNTREND,MOVING DOWN,,Prior BUY is missing or no longer rated BUY
COLD,EMERGING,🔥 EMERGING,BUY,,"Aug 21, 2026",Real Estate,REIT - Industrial,UPTREND,MOVING UP,,New BUY with rising trend and accelerating momentum
COLL,UNCHANGED,UNCHANGED,,SELL,"Aug 07, 2026",Health Care,Drug Manufacturers - Specialty & Generic,,,,Previously inactive symbol is absent
COMP,UNCHANGED,UNCHANGED,SELL,,"Aug 11, 2026",Real Estate,Real Estate Services,UPTREND,MOVING DOWN,,No active BUY transition
CON,UNCHANGED,UNCHANGED,,,,Health Care,Medical Care Facilities,,,,Previously inactive symbol is absent
COO,LEADER,🚀 LEADER,BUY,BUY,"Aug 05, 2026",Health Care,Medical Instruments & Supplies,UPTREND,MOVING UP,,Sustained BUY with confirmed trend and momentum
COOK,UNCHANGED,UNCHANGED,,,,Discretionary,Furnishings Fixtures & Appliances,,,,Previously inactive symbol is absent
COP,LEADER,🚀 LEADER,BUY,BUY,"Jul 17, 2026",Energy,Oil & Gas E&P,UPTREND,MOVING UP,,Sustained BUY with confirmed trend and momentum
COR,UNCHANGED,UNCHANGED,SELL,SELL,"Jul 22, 2026",Health Care,Medical Distribution,UPTREND,MOVING DOWN,,No active BUY transition
CORT,UNCHANGED,UNCHANGED,SELL,SELL,"Aug 18, 2026",Health Care,Biotechnology,UPTREND,MOVING DOWN,,No active BUY transition
CORZ,UNCHANGED,UNCHANGED,,,,Technology,Software - Infrastructure,DOWNTREND,,,No active BUY transition
COST,DETERIORATING,⚠️ DETERIORATING,BUY,BUY,"Jul 30, 2026",Staples,Discount Stores,NEUTRAL,MOVING DOWN,,Existing BUY momentum is weakening
CP,LEADER,🚀 LEADER,BUY,BUY,"Aug 14, 2026",Industrials,Railroads,UPTREND,MOVING UP,,Sustained BUY with confirmed trend and momentum
CPA,UNCHANGED,UNCHANGED,,SELL,"Aug 11, 2026",Industrials,Airlines,,,,Previously inactive symbol is absent
CPAY,REMOVED,❌ REMOVED,,BUY,"Jul 08, 2026",Technology,Software - Infrastructure,,,,Prior BUY is missing or no longer rated BUY
CPB,LEADER,🚀 LEADER,BUY,BUY,"Aug 05, 2026",Staples,Packaged Foods,UPTREND,MOVING UP,,Sustained BUY with confirmed trend and momentum
CPBI,UNCHANGED,UNCHANGED,,,,Financials,Banks - Regional,,,,Previously inactive symbol is absent
CPF,UNCHANGED,UNCHANGED,,SELL,"Jul 27, 2026",Financials,Banks - Regional,,,,Previously inactive symbol is absent
CPK,REMOVED,❌ REMOVED,,BUY,"Aug 19, 2026",Utilities,Utilities - Regulated Gas,,,,Prior BUY is missing or no longer rated BUY
CPNG,UNCHANGED,UNCHANGED,SELL,,"Jul 16, 2026",Discretionary,Internet Retail,DOWNTREND,MOVING UP,,No active BUY transition
CPRT,LEADER,🚀 LEADER,BUY,BUY,"Jul 30, 2026",Industrials,Specialty Business Services,UPTREND,MOVING UP,,Sustained BUY with confirmed trend and momentum
CPS,UNCHANGED,UNCHANGED,,SELL,"Aug 12, 2026",Discretionary,Auto Parts,,,,Previously inactive symbol is absent
CPT,UNCHANGED,UNCHANGED,,SELL,"Aug 03, 2026",Real Estate,REIT - Residential,,,,Previously inactive symbol is absent
CQP,REMOVED,❌ REMOVED,,BUY,"Aug 04, 2026",Energy,Oil & Gas Midstream,,,,Prior BUY is missing or no longer rated BUY
CR,UNCHANGED,UNCHANGED,,SELL,"Jul 15, 2026",Industrials,Specialty Industrial Machinery,,,,Previously inactive symbol is absent
CRAI,UNCHANGED,UNCHANGED,,SELL,"Aug 11, 2026",Industrials,Consulting Services,,,,Previously inactive symbol is absent
CRBG,UNCHANGED,UNCHANGED,,,,Financials,Asset Management,UPTREND,,,No active BUY transition
CRC,REMOVED,❌ REMOVED,,BUY,"Aug 12, 2026",Energy,Oil & Gas E&P,,,,Prior BUY is missing or no longer rated BUY
CRCL,UNCHANGED,UNCHANGED,,,,Financials,Capital Markets,UPTREND,,,No active BUY transition
CRGY,EMERGING,🔥 EMERGING,BUY,,"Aug 04, 2026",Energy,Oil & Gas E&P,UPTREND,MOVING UP,,New BUY with rising trend and accelerating momentum
CRH,UNCHANGED,UNCHANGED,SELL,SELL,"Jul 06, 2026",Materials,Building Materials,DOWNTREND,MOVING DOWN,,No active BUY transition
CRI,UNCHANGED,UNCHANGED,SELL,SELL,"Aug 18, 2026",Discretionary,Apparel Retail,DOWNTREND,MOVING DOWN,,No active BUY transition
CRK,NEW_BUY,NEW BUY,BUY,,"Aug 11, 2026",Energy,Oil & Gas E&P,NEUTRAL,MOVING UP,,BUY triggered since the previous file
CRL,REMOVED,❌ REMOVED,,BUY,"Aug 07, 2026",Health Care,Diagnostics & Research,,,,Prior BUY is missing or no longer rated BUY
CRM,LEADER,🚀 LEADER,BUY,BUY,"Jul 28, 2026",Technology,Software - Application,UPTREND,MOVING UP,,Sustained BUY with confirmed trend and momentum
CRNX,UNCHANGED,UNCHANGED,SELL,SELL,"Aug 13, 2026",Health Care,Biotechnology,UPTREND,MOVING DOWN,,No active BUY transition
CROX,UNCHANGED,UNCHANGED,SELL,SELL,"Jul 30, 2026",Discretionary,Footwear & Accessories,DOWNTREND,MOVING DOWN,,No active BUY transition
CRS,UNCHANGED,UNCHANGED,,SELL,"Jul 09, 2026",Industrials,Metal Fabrication,,,,Previously inactive symbol is absent
CRSP,LEADER,🚀 LEADER,BUY,BUY,"Aug 10, 2026",Health Care,Biotechnology,UPTREND,MOVING UP,,Sustained BUY with confirmed trend and momentum
CRSR,UNCHANGED,UNCHANGED,SELL,,"Aug 18, 2026",Technology,Computer Hardware,UPTREND,MOVING DOWN,,No active BUY transition
CRVL,REMOVED,❌ REMOVED,,BUY,"Aug 14, 2026",Financials,Insurance Brokers,,,,Prior BUY is missing or no longer rated BUY
CRWD,UNCHANGED,UNCHANGED,SELL,SELL,"Aug 17, 2026",Technology,Software - Infrastructure,NEUTRAL,MOVING DOWN,,No active BUY transition
CRWV,UNCHANGED,UNCHANGED,,,,Technology,Software - Infrastructure,NEUTRAL,,,No active BUY transition
CSCO,UNCHANGED,UNCHANGED,SELL,SELL,"Aug 17, 2026",Technology,Communication Equipment,DOWNTREND,MOVING DOWN,,No active BUY transition
CSGP,LEADER,🚀 LEADER,BUY,BUY,"Aug 06, 2026",Real Estate,Real Estate Services,UPTREND,MOVING UP,,Sustained BUY with confirmed trend and momentum
CSIQ,UNCHANGED,UNCHANGED,SELL,,"Aug 17, 2026",Technology,Solar,DOWNTREND,MOVING DOWN,,No active BUY transition
CSL,REMOVED,❌ REMOVED,,BUY,"Aug 03, 2026",Industrials,Building Products & Equipment,,,,Prior BUY is missing or no longer rated BUY
CSQ,REMOVED,❌ REMOVED,,BUY,"Aug 06, 2026",Financials,Closed-End Fund - Debt,,,,Prior BUY is missing or no longer rated BUY
CSTL,UNCHANGED,UNCHANGED,,,,Health Care,Diagnostics & Research,,,,Previously inactive symbol is absent
CSTM,UNCHANGED,UNCHANGED,SELL,SELL,"Aug 19, 2026",Materials,Aluminum,DOWNTREND,MOVING DOWN,,No active BUY transition
CSV,UNCHANGED,UNCHANGED,,SELL,"Aug 10, 2026",Discretionary,Personal Services,,,,Previously inactive symbol is absent
CSW,UNCHANGED,UNCHANGED,,SELL,"Aug 19, 2026",Industrials,Specialty Industrial Machinery,,,,Previously inactive symbol is absent
CSWC,REMOVED,❌ REMOVED,,BUY,"Aug 07, 2026",Financials,Asset Management,,,,Prior BUY is missing or no longer rated BUY
CSX,UNCHANGED,UNCHANGED,SELL,SELL,"Aug 03, 2026",Industrials,Railroads,UPTREND,MOVING DOWN,,No active BUY transition
CTAS,UNCHANGED,UNCHANGED,SELL,SELL,"Aug 12, 2026",Industrials,Specialty Business Services,UPTREND,MOVING DOWN,,No active BUY transition
CTBI,UNCHANGED,UNCHANGED,,SELL,"Aug 11, 2026",Financials,Banks - Regional,,,,Previously inactive symbol is absent
CTEV,UNCHANGED,UNCHANGED,,,,Health Care,Health Information Services,,,,Previously inactive symbol is absent
CTO,UNCHANGED,UNCHANGED,,SELL,"Jul 31, 2026",Real Estate,REIT - Diversified,,,,Previously inactive symbol is absent
CTRE,UNCHANGED,UNCHANGED,SELL,SELL,"Jul 30, 2026",Real Estate,REIT - Healthcare Facilities,DOWNTREND,MOVING DOWN,,No active BUY transition
CTRI,UNCHANGED,UNCHANGED,,,,Utilities,Utilities - Regulated Gas,DOWNTREND,,,No active BUY transition
CTRN,UNCHANGED,UNCHANGED,,SELL,"Aug 18, 2026",Discretionary,Apparel Retail,,,,Previously inactive symbol is absent
CTS,UNCHANGED,UNCHANGED,,SELL,"Aug 19, 2026",Technology,Electronic Components,,,,Previously inactive symbol is absent
CTSH,REMOVED,❌ REMOVED,SELL,BUY,"Aug 20, 2026",Technology,Information Technology Services,UPTREND,MOVING DOWN,,Prior BUY is missing or no longer rated BUY
CTVA,UNCHANGED,UNCHANGED,SELL,SELL,"Aug 03, 2026",Materials,Agricultural Inputs,DOWNTREND,MOVING UP,,No active BUY transition
CUBE,UNCHANGED,UNCHANGED,SELL,SELL,"Aug 07, 2026",Real Estate,REIT - Industrial,NEUTRAL,MOVING DOWN,,No active BUY transition
CUBI,UNCHANGED,UNCHANGED,,SELL,"Aug 19, 2026",Financials,Banks - Regional,,,,Previously inactive symbol is absent
CUE,UNCHANGED,UNCHANGED,,SELL,"Aug 19, 2026",Health Care,Biotechnology,,,,Previously inactive symbol is absent
CURB,UNCHANGED,UNCHANGED,,,,Real Estate,REIT - Retail,DOWNTREND,,,No active BUY transition
CUZ,UNCHANGED,UNCHANGED,SELL,SELL,"Jul 24, 2026",Real Estate,REIT - Office,DOWNTREND,MOVING DOWN,,No active BUY transition
CVBF,UNCHANGED,UNCHANGED,SELL,SELL,"Jul 14, 2026",Financials,Banks - Regional,UPTREND,MOVING DOWN,,No active BUY transition
CVCO,REMOVED,❌ REMOVED,,BUY,"Aug 10, 2026",Discretionary,Residential Construction,,,,Prior BUY is missing or no longer rated BUY
CVE,LEADER,🚀 LEADER,BUY,BUY,"Aug 14, 2026",Energy,Oil & Gas Integrated,UPTREND,MOVING UP,,Sustained BUY with confirmed trend and momentum
CVEO,REMOVED,❌ REMOVED,,BUY,"Aug 18, 2026",Discretionary,Lodging,,,,Prior BUY is missing or no longer rated BUY
CVI,UNCHANGED,UNCHANGED,,SELL,"Aug 06, 2026",Energy,Oil & Gas Refining & Marketing,,,,Previously inactive symbol is absent
CVLG,UNCHANGED,UNCHANGED,,SELL,"Jul 29, 2026",Industrials,Trucking,,,,Previously inactive symbol is absent
CVLT,REMOVED,❌ REMOVED,,BUY,"Aug 13, 2026",Technology,Software - Application,,,,Prior BUY is missing or no longer rated BUY
CVNA,REMOVED,❌ REMOVED,SELL,BUY,"Aug 20, 2026",Discretionary,Auto & Truck Dealerships,UPTREND,MOVING DOWN,,Prior BUY is missing or no longer rated BUY
CVS,UNCHANGED,UNCHANGED,SELL,SELL,"Jul 08, 2026",Health Care,Healthcare Plans,DOWNTREND,MOVING DOWN,,No active BUY transition
CVSA,REMOVED,❌ REMOVED,,BUY,"Aug 04, 2026",Staples,Education & Training Services,,,,Prior BUY is missing or no longer rated BUY
CVX,LEADER,🚀 LEADER,BUY,BUY,"Jul 16, 2026",Energy,Oil & Gas Integrated,UPTREND,MOVING UP,,Sustained BUY with confirmed trend and momentum
CW,UNCHANGED,UNCHANGED,,SELL,"Jul 01, 2026",Industrials,Aerospace & Defense,,,,Previously inactive symbol is absent
CWBC,UNCHANGED,UNCHANGED,,SELL,"Jul 21, 2026",Financials,Banks - Regional,,,,Previously inactive symbol is absent
CWEN,DETERIORATING,⚠️ DETERIORATING,BUY,BUY,"Aug 14, 2026",Utilities,Utilities - Renewable,NEUTRAL,MOVING DOWN,,Existing BUY momentum is weakening
CWK,EMERGING,🔥 EMERGING,BUY,,"Jul 31, 2026",Real Estate,Real Estate Services,UPTREND,MOVING UP,,New BUY with rising trend and accelerating momentum
CWST,UNCHANGED,UNCHANGED,,SELL,"Jul 21, 2026",Industrials,Waste Management,,,,Previously inactive symbol is absent
CWT,UNCHANGED,UNCHANGED,,SELL,"Aug 04, 2026",Utilities,Utilities - Regulated Water,,,,Previously inactive symbol is absent
CX,UNCHANGED,UNCHANGED,SELL,,"Jul 27, 2026",Materials,Building Materials,DOWNTREND,MOVING DOWN,,No active BUY transition
CXT,UNCHANGED,UNCHANGED,,SELL,"Aug 12, 2026",Industrials,Specialty Industrial Machinery,,,,Previously inactive symbol is absent
CXW,UNCHANGED,UNCHANGED,SELL,SELL,"Jul 09, 2026",Industrials,Security & Protection Services,UPTREND,MOVING DOWN,,No active BUY transition
CYTK,UNCHANGED,UNCHANGED,SELL,SELL,"Jul 16, 2026",Health Care,Biotechnology,DOWNTREND,MOVING UP,,No active BUY transition
CZFS,REMOVED,❌ REMOVED,,BUY,"Jul 30, 2026",Financials,Banks - Regional,,,,Prior BUY is missing or no longer rated BUY
CZR,UNCHANGED,UNCHANGED,SELL,SELL,"Aug 13, 2026",Discretionary,Resorts & Casinos,NEUTRAL,MOVING DOWN,,No active BUY transition
CZWI,UNCHANGED,UNCHANGED,,SELL,"Jul 20, 2026",Financials,Banks - Regional,,,,Previously inactive symbol is absent
D,UNCHANGED,UNCHANGED,SELL,SELL,"Jul 28, 2026",Utilities,Utilities - Regulated Electric,DOWNTREND,MOVING DOWN,,No active BUY transition
DAC,UNCHANGED,UNCHANGED,,SELL,"Aug 13, 2026",Industrials,Marine Shipping,,,,Previously inactive symbol is absent
DAL,UNCHANGED,UNCHANGED,SELL,SELL,"Aug 19, 2026",Industrials,Airlines,DOWNTREND,MOVING DOWN,,No active BUY transition
DAN,LEADER,🚀 LEADER,BUY,BUY,"Aug 10, 2026",Discretionary,Auto Parts,UPTREND,MOVING UP,,Sustained BUY with confirmed trend and momentum
DAR,LEADER,🚀 LEADER,BUY,BUY,"Aug 14, 2026",Staples,Packaged Foods,UPTREND,MOVING UP,,Sustained BUY with confirmed trend and momentum
DASH,UNCHANGED,UNCHANGED,SELL,SELL,"Aug 13, 2026",Discretionary,Internet Retail,UPTREND,MOVING UP,,No active BUY transition
DAVE,UNCHANGED,UNCHANGED,,,,Technology,Software - Application,,,,Previously inactive symbol is absent
DB,REMOVED,❌ REMOVED,SELL,BUY,"Aug 21, 2026",Financials,Banks - Regional,UPTREND,MOVING DOWN,,Prior BUY is missing or no longer rated BUY
DBD,UNCHANGED,UNCHANGED,,,,Technology,Software - Application,,,,Previously inactive symbol is absent
DBRG,EMERGING,🔥 EMERGING,BUY,,"Jul 24, 2026",Financials,Asset Management,UPTREND,MOVING UP,,New BUY with rising trend and accelerating momentum
DBX,UNCHANGED,UNCHANGED,SELL,SELL,"Aug 17, 2026",Technology,Software - Infrastructure,UPTREND,MOVING DOWN,,No active BUY transition
DCBO,REMOVED,❌ REMOVED,,BUY,"Aug 12, 2026",Technology,Software - Application,,,,Prior BUY is missing or no longer rated BUY
DCI,UNCHANGED,UNCHANGED,,SELL,"Aug 17, 2026",Industrials,Specialty Industrial Machinery,,,,Previously inactive symbol is absent
DCO,REMOVED,❌ REMOVED,,BUY,"Aug 05, 2026",Industrials,Aerospace & Defense,,,,Prior BUY is missing or no longer rated BUY
DCOM,UNCHANGED,UNCHANGED,,SELL,"Jul 08, 2026",Financials,Banks - Regional,,,,Previously inactive symbol is absent
DD,REMOVED,❌ REMOVED,SELL,BUY,"Aug 21, 2026",Materials,Specialty Chemicals,NEUTRAL,MOVING DOWN,,Prior BUY is missing or no longer rated BUY
DDOG,UNCHANGED,UNCHANGED,SELL,SELL,"Aug 10, 2026",Technology,Software - Application,DOWNTREND,MOVING DOWN,,No active BUY transition
DDS,UNCHANGED,UNCHANGED,,SELL,"Aug 19, 2026",Discretionary,Department Stores,,,,Previously inactive symbol is absent
DE,UNCHANGED,UNCHANGED,SELL,SELL,"Aug 11, 2026",Industrials,Farm & Heavy Construction Machinery,NEUTRAL,MOVING DOWN,,No active BUY transition
DEA,UNCHANGED,UNCHANGED,,SELL,"Jul 15, 2026",Real Estate,REIT - Office,,,,Previously inactive symbol is absent
DECK,UNCHANGED,UNCHANGED,SELL,SELL,"Jul 22, 2026",Discretionary,Footwear & Accessories,DOWNTREND,MOVING DOWN,,No active BUY transition
DEI,UNCHANGED,UNCHANGED,SELL,,"Jul 29, 2026",Real Estate,REIT - Office,NEUTRAL,MOVING UP,,No active BUY transition
DELL,REMOVED,❌ REMOVED,SELL,BUY,"Aug 21, 2026",Technology,Computer Hardware,UPTREND,MOVING DOWN,,Prior BUY is missing or no longer rated BUY
DEO,UNCHANGED,UNCHANGED,SELL,SELL,"Aug 19, 2026",Staples,Beverages - Wineries & Distilleries,UPTREND,MOVING DOWN,,No active BUY transition
DFIN,UNCHANGED,UNCHANGED,,SELL,"Jul 24, 2026",Technology,Software - Application,,,,Previously inactive symbol is absent
DFNS,UNCHANGED,UNCHANGED,,,,Industrials,Aerospace & Defense,DOWNTREND,,,No active BUY transition
DFP,UNCHANGED,UNCHANGED,,SELL,"Jul 27, 2026",Financials,Closed-End Fund - Debt,,,,Previously inactive symbol is absent
DFTX,UNCHANGED,UNCHANGED,,,,Health Care,Biotechnology,UPTREND,,,No active BUY transition
DG,UNCHANGED,UNCHANGED,SELL,SELL,"Aug 12, 2026",Staples,Discount Stores,DOWNTREND,MOVING DOWN,,No active BUY transition
DGII,REMOVED,❌ REMOVED,,BUY,"Aug 04, 2026",Technology,Communication Equipment,,,,Prior BUY is missing or no longer rated BUY
DGX,UNCHANGED,UNCHANGED,,SELL,"Aug 18, 2026",Health Care,Diagnostics & Research,,,,Previously inactive symbol is absent
DHI,UNCHANGED,UNCHANGED,SELL,SELL,"Jul 08, 2026",Discretionary,Residential Construction,DOWNTREND,MOVING UP,,No active BUY transition
DHR,LEADER,🚀 LEADER,BUY,BUY,"Aug 11, 2026",Health Care,Diagnostics & Research,UPTREND,MOVING UP,,Sustained BUY with confirmed trend and momentum
DHT,EMERGING,🔥 EMERGING,BUY,,"Aug 17, 2026",Energy,Oil & Gas Midstream,UPTREND,MOVING UP,,New BUY with rising trend and accelerating momentum
DIN,UNCHANGED,UNCHANGED,,SELL,"Jul 15, 2026",Discretionary,Restaurants,,,,Previously inactive symbol is absent
DINO,EMERGING,🔥 EMERGING,BUY,SELL,"Aug 20, 2026",Energy,Oil & Gas Refining & Marketing,UPTREND,MOVING UP,,New BUY with rising trend and accelerating momentum
DIOD,REMOVED,❌ REMOVED,,BUY,"Aug 11, 2026",Technology,Semiconductors,,,,Prior BUY is missing or no longer rated BUY
DIS,LEADER,🚀 LEADER,BUY,BUY,"Aug 06, 2026",Communication,Entertainment,UPTREND,MOVING UP,,Sustained BUY with confirmed trend and momentum
DIT,UNCHANGED,UNCHANGED,,,,Staples,Food Distribution,,,,Previously inactive symbol is absent
DJCO,UNCHANGED,UNCHANGED,,SELL,"Jul 28, 2026",Technology,Software - Application,,,,Previously inactive symbol is absent
DK,UNCHANGED,UNCHANGED,SELL,SELL,"Jul 29, 2026",Energy,Oil & Gas Refining & Marketing,UPTREND,MOVING DOWN,,No active BUY transition
DKL,UNCHANGED,UNCHANGED,,SELL,"Aug 07, 2026",Energy,Oil & Gas Refining & Marketing,,,,Previously inactive symbol is absent
DKNG,DETERIORATING,⚠️ DETERIORATING,BUY,BUY,"Aug 14, 2026",Discretionary,Gambling,UPTREND,MOVING DOWN,,Existing BUY momentum is weakening
DKS,UNCHANGED,UNCHANGED,SELL,SELL,"Jul 08, 2026",Discretionary,Specialty Retail,DOWNTREND,MOVING DOWN,,No active BUY transition
DLB,REMOVED,❌ REMOVED,,BUY,"Jul 30, 2026",Industrials,Specialty Business Services,,,,Prior BUY is missing or no longer rated BUY
DLO,UNCHANGED,UNCHANGED,,,,Technology,Software - Infrastructure,NEUTRAL,,,No active BUY transition
DLR,DETERIORATING,⚠️ DETERIORATING,BUY,BUY,"Jul 27, 2026",Real Estate,REIT - Specialty,UPTREND,MOVING DOWN,,Existing BUY momentum is weakening
DLTR,UNCHANGED,UNCHANGED,SELL,SELL,"Jul 10, 2026",Staples,Discount Stores,UPTREND,MOVING DOWN,,No active BUY transition
DLX,UNCHANGED,UNCHANGED,,SELL,"Aug 11, 2026",Industrials,Conglomerates,,,,Previously inactive symbol is absent
DMLP,REMOVED,❌ REMOVED,,BUY,"Aug 18, 2026",Energy,Oil & Gas E&P,,,,Prior BUY is missing or no longer rated BUY
DNLI,EMERGING,🔥 EMERGING,BUY,SELL,"Aug 21, 2026",Health Care,Biotechnology,UPTREND,MOVING UP,,New BUY with rising trend and accelerating momentum
DNOW,UNCHANGED,UNCHANGED,SELL,,"Aug 21, 2026",Industrials,Industrial Distribution,UPTREND,MOVING DOWN,,No active BUY transition
DNTH,UNCHANGED,UNCHANGED,,,,Health Care,Biotechnology,,,,Previously inactive symbol is absent
DOC,UNCHANGED,UNCHANGED,SELL,SELL,"Jul 28, 2026",Real Estate,REIT - Healthcare Facilities,NEUTRAL,MOVING DOWN,,No active BUY transition
DOCN,REMOVED,❌ REMOVED,SELL,BUY,"Aug 20, 2026",Technology,Software - Infrastructure,DOWNTREND,MOVING DOWN,,Prior BUY is missing or no longer rated BUY
DOCS,UNCHANGED,UNCHANGED,SELL,SELL,"Aug 19, 2026",Health Care,Health Information Services,UPTREND,MOVING DOWN,,No active BUY transition
DOCU,LEADER,🚀 LEADER,BUY,BUY,"Aug 10, 2026",Technology,Software - Application,UPTREND,MOVING UP,,Sustained BUY with confirmed trend and momentum
DOO,UNCHANGED,UNCHANGED,,SELL,"Aug 13, 2026",Discretionary,Recreational Vehicles,,,,Previously inactive symbol is absent
DORM,UNCHANGED,UNCHANGED,,SELL,"Jul 23, 2026",Discretionary,Auto Parts,,,,Previously inactive symbol is absent
DOV,UNCHANGED,UNCHANGED,SELL,SELL,"Jul 06, 2026",Industrials,Specialty Industrial Machinery,DOWNTREND,MOVING DOWN,,No active BUY transition
DOW,LEADER,🚀 LEADER,BUY,BUY,"Aug 12, 2026",Materials,Chemicals,UPTREND,MOVING UP,,Sustained BUY with confirmed trend and momentum
DOX,LEADER,🚀 LEADER,BUY,BUY,"Jul 30, 2026",Technology,Software - Infrastructure,UPTREND,MOVING UP,,Sustained BUY with confirmed trend and momentum
DPZ,UNCHANGED,UNCHANGED,,SELL,"Aug 13, 2026",Discretionary,Restaurants,,,,Previously inactive symbol is absent
DRH,UNCHANGED,UNCHANGED,SELL,,"Aug 10, 2026",Real Estate,REIT - Hotel & Motel,NEUTRAL,MOVING DOWN,,No active BUY transition
DRI,LEADER,🚀 LEADER,BUY,BUY,"Jul 30, 2026",Discretionary,Restaurants,UPTREND,MOVING UP,,Sustained BUY with confirmed trend and momentum
DRS,UNCHANGED,UNCHANGED,,,,Industrials,Aerospace & Defense,,,,Previously inactive symbol is absent
DRUG,UNCHANGED,UNCHANGED,,,,Health Care,Biotechnology,,,,Previously inactive symbol is absent
DSGR,UNCHANGED,UNCHANGED,,SELL,"Aug 17, 2026",Industrials,Industrial Distribution,,,,Previously inactive symbol is absent
DSGX,UNCHANGED,UNCHANGED,,SELL,"Aug 19, 2026",Technology,Software - Application,,,,Previously inactive symbol is absent
DT,UNCHANGED,UNCHANGED,SELL,SELL,"Aug 14, 2026",Technology,Software - Application,UPTREND,MOVING DOWN,,No active BUY transition
DTE,UNCHANGED,UNCHANGED,SELL,SELL,"Jul 13, 2026",Utilities,Utilities - Regulated Electric,DOWNTREND,MOVING DOWN,,No active BUY transition
DTM,UNCHANGED,UNCHANGED,,SELL,"Jul 21, 2026",Energy,Oil & Gas Midstream,,,,Previously inactive symbol is absent
DUK,UNCHANGED,UNCHANGED,SELL,SELL,"Aug 04, 2026",Utilities,Utilities - Regulated Electric,DOWNTREND,MOVING DOWN,,No active BUY transition
DUOL,LEADER,🚀 LEADER,BUY,BUY,"Jul 29, 2026",Technology,Software - Application,UPTREND,MOVING UP,,Sustained BUY with confirmed trend and momentum
DUOT,EMERGING,🔥 EMERGING,BUY,,"Aug 14, 2026",Technology,Software - Application,UPTREND,MOVING UP,,New BUY with rising trend and accelerating momentum
DV,UNCHANGED,UNCHANGED,SELL,,"Aug 18, 2026",Communication,Advertising Agencies,UPTREND,MOVING DOWN,,No active BUY transition
DVA,UNCHANGED,UNCHANGED,,SELL,"Jul 17, 2026",Health Care,Medical Care Facilities,,,,Previously inactive symbol is absent
DVN,LEADER,🚀 LEADER,BUY,BUY,"Aug 11, 2026",Energy,Oil & Gas E&P,UPTREND,MOVING UP,,Sustained BUY with confirmed trend and momentum
DX,UNCHANGED,UNCHANGED,,,,Real Estate,REIT - Mortgage,UPTREND,,,No active BUY transition
DXC,UNCHANGED,UNCHANGED,SELL,,"Aug 13, 2026",Technology,Information Technology Services,UPTREND,MOVING DOWN,,No active BUY transition
DXCM,LEADER,🚀 LEADER,BUY,BUY,"Jul 30, 2026",Health Care,Medical Devices,UPTREND,MOVING UP,,Sustained BUY with confirmed trend and momentum
DXPE,REMOVED,❌ REMOVED,,BUY,"Aug 10, 2026",Industrials,Industrial Distribution,,,,Prior BUY is missing or no longer rated BUY
DXYZ,UNCHANGED,UNCHANGED,,,,Financials,Asset Management,UPTREND,,,No active BUY transition
DY,UNCHANGED,UNCHANGED,,SELL,"Jul 06, 2026",Industrials,Engineering & Construction,,,,Previously inactive symbol is absent
DYN,UNCHANGED,UNCHANGED,SELL,SELL,"Aug 06, 2026",Health Care,Biotechnology,UPTREND,MOVING UP,,No active BUY transition
E,REMOVED,❌ REMOVED,,BUY,"Jul 23, 2026",Energy,Oil & Gas Integrated,,,,Prior BUY is missing or no longer rated BUY
EBAY,UNCHANGED,UNCHANGED,SELL,SELL,"Jul 23, 2026",Discretionary,Internet Retail,DOWNTREND,MOVING DOWN,,No active BUY transition
EBC,REMOVED,❌ REMOVED,SELL,BUY,"Aug 20, 2026",Financials,Banks - Regional,UPTREND,MOVING DOWN,,Prior BUY is missing or no longer rated BUY
EBF,UNCHANGED,UNCHANGED,,,,Industrials,Business Equipment & Supplies,,,,Previously inactive symbol is absent
EBMT,UNCHANGED,UNCHANGED,,,,Financials,Banks - Regional,,,,Previously inactive symbol is absent
EC,EMERGING,🔥 EMERGING,BUY,,"Jul 31, 2026",Energy,Oil & Gas Integrated,UPTREND,MOVING UP,,New BUY with rising trend and accelerating momentum
ECBK,UNCHANGED,UNCHANGED,,,,Financials,Banks - Regional,,,,Previously inactive symbol is absent
ECG,UNCHANGED,UNCHANGED,,,,Industrials,Engineering & Construction,,,,Previously inactive symbol is absent
ECL,UNCHANGED,UNCHANGED,SELL,SELL,"Aug 18, 2026",Materials,Specialty Chemicals,UPTREND,MOVING DOWN,,No active BUY transition
ECPG,REMOVED,❌ REMOVED,,BUY,"Aug 17, 2026",Financials,Credit Services,,,,Prior BUY is missing or no longer rated BUY
ECVT,UNCHANGED,UNCHANGED,SELL,,"Jul 27, 2026",Materials,Specialty Chemicals,DOWNTREND,MOVING UP,,No active BUY transition
ED,UNCHANGED,UNCHANGED,SELL,SELL,"Jul 31, 2026",Utilities,Utilities - Regulated Electric,DOWNTREND,MOVING UP,,No active BUY transition
EDN,UNCHANGED,UNCHANGED,,SELL,"Aug 07, 2026",Utilities,Utilities - Regulated Electric,,,,Previously inactive symbol is absent
EDU,UNCHANGED,UNCHANGED,,SELL,"Aug 14, 2026",Staples,Education & Training Services,,,,Previously inactive symbol is absent
EE,UNCHANGED,UNCHANGED,,,,Energy,Oil & Gas Midstream,,,,Previously inactive symbol is absent
EEFT,UNCHANGED,UNCHANGED,,SELL,"Jul 29, 2026",Technology,Software - Infrastructure,,,,Previously inactive symbol is absent
EFC,EMERGING,🔥 EMERGING,BUY,,"Aug 13, 2026",Real Estate,REIT - Mortgage,UPTREND,MOVING UP,,New BUY with rising trend and accelerating momentum
EFOR,REMOVED,❌ REMOVED,,BUY,"Jul 24, 2026",Technology,Information Technology Services,,,,Prior BUY is missing or no longer rated BUY
EFSC,UNCHANGED,UNCHANGED,,SELL,"Jul 10, 2026",Financials,Banks - Regional,,,,Previously inactive symbol is absent
EFX,LEADER,🚀 LEADER,BUY,BUY,"Jul 07, 2026",Industrials,Consulting Services,UPTREND,MOVING UP,,Sustained BUY with confirmed trend and momentum
EG,UNCHANGED,UNCHANGED,,SELL,"Aug 03, 2026",Financials,Insurance - Reinsurance,,,,Previously inactive symbol is absent
EGBN,REMOVED,❌ REMOVED,,BUY,"Jul 27, 2026",Financials,Banks - Regional,,,,Prior BUY is missing or no longer rated BUY
EGO,LEADER,🚀 LEADER,BUY,BUY,"Jul 28, 2026",Materials,Gold,UPTREND,MOVING UP,,Sustained BUY with confirmed trend and momentum
EGP,UNCHANGED,UNCHANGED,,SELL,"Jul 28, 2026",Real Estate,REIT - Industrial,,,,Previously inactive symbol is absent
EHC,REMOVED,❌ REMOVED,,BUY,"Aug 07, 2026",Health Care,Medical Care Facilities,,,,Prior BUY is missing or no longer rated BUY
EIG,UNCHANGED,UNCHANGED,,SELL,"Jul 13, 2026",Financials,Insurance - Specialty,,,,Previously inactive symbol is absent
EIX,UNCHANGED,UNCHANGED,SELL,SELL,"Aug 04, 2026",Utilities,Utilities - Regulated Electric,NEUTRAL,MOVING UP,,No active BUY transition
EL,EMERGING,🔥 EMERGING,BUY,SELL,"Aug 20, 2026",Staples,Household & Personal Products,UPTREND,MOVING UP,,New BUY with rising trend and accelerating momentum
ELAN,UNCHANGED,UNCHANGED,SELL,SELL,"Jul 22, 2026",Health Care,Drug Manufacturers - Specialty & Generic,DOWNTREND,MOVING UP,,No active BUY transition
ELF,LEADER,🚀 LEADER,BUY,BUY,"Jul 29, 2026",Staples,Household & Personal Products,UPTREND,MOVING UP,,Sustained BUY with confirmed trend and momentum
ELMD,UNCHANGED,UNCHANGED,,,,Health Care,Medical Devices,,,,Previously inactive symbol is absent
ELS,UNCHANGED,UNCHANGED,SELL,SELL,"Aug 06, 2026",Real Estate,REIT - Residential,UPTREND,MOVING UP,,No active BUY transition
ELV,LEADER,🚀 LEADER,BUY,BUY,"Aug 13, 2026",Health Care,Healthcare Plans,UPTREND,MOVING UP,,Sustained BUY with confirmed trend and momentum
ELVN,UNCHANGED,UNCHANGED,,SELL,"Aug 14, 2026",Health Care,Biotechnology,,,,Previously inactive symbol is absent
EMBJ,LEADER,🚀 LEADER,BUY,BUY,"Aug 04, 2026",Industrials,Aerospace & Defense,UPTREND,MOVING UP,,Sustained BUY with confirmed trend and momentum
EME,REMOVED,❌ REMOVED,,BUY,"Aug 05, 2026",Industrials,Engineering & Construction,,,,Prior BUY is missing or no longer rated BUY
EMF,REMOVED,❌ REMOVED,,BUY,"Aug 13, 2026",Financials,Closed-End Fund - Foreign,,,,Prior BUY is missing or no longer rated BUY
EML,REMOVED,❌ REMOVED,,BUY,"Aug 14, 2026",Industrials,Tools & Accessories,,,,Prior BUY is missing or no longer rated BUY
EMN,LEADER,🚀 LEADER,BUY,BUY,"Aug 04, 2026",Materials,Specialty Chemicals,UPTREND,MOVING UP,,Sustained BUY with confirmed trend and momentum
EMO,REMOVED,❌ REMOVED,,BUY,"Aug 14, 2026",Financials,Closed-End Fund - Equity,,,,Prior BUY is missing or no longer rated BUY
EMR,DETERIORATING,⚠️ DETERIORATING,BUY,BUY,"Jul 27, 2026",Industrials,Specialty Industrial Machinery,UPTREND,MOVING DOWN,,Existing BUY momentum is weakening
ENB,UNCHANGED,UNCHANGED,SELL,SELL,"Jul 31, 2026",Energy,Oil & Gas Midstream,DOWNTREND,MOVING DOWN,,No active BUY transition
ENOV,UNCHANGED,UNCHANGED,SELL,SELL,"Aug 06, 2026",Health Care,Medical Devices,NEUTRAL,MOVING DOWN,,No active BUY transition
ENS,REMOVED,❌ REMOVED,,BUY,"Aug 19, 2026",Industrials,Electrical Equipment & Parts,,,,Prior BUY is missing or no longer rated BUY
ENSG,UNCHANGED,UNCHANGED,,SELL,"Aug 13, 2026",Health Care,Medical Care Facilities,,,,Previously inactive symbol is absent
ENTG,LEADER,🚀 LEADER,BUY,BUY,"Aug 10, 2026",Technology,Semiconductor Equipment & Materials,UPTREND,MOVING UP,,Sustained BUY with confirmed trend and momentum
ENVA,REMOVED,❌ REMOVED,,BUY,"Aug 03, 2026",Financials,Credit Services,,,,Prior BUY is missing or no longer rated BUY
EOG,LEADER,🚀 LEADER,BUY,BUY,"Aug 14, 2026",Energy,Oil & Gas E&P,UPTREND,MOVING UP,,Sustained BUY with confirmed trend and momentum
EOI,REMOVED,❌ REMOVED,,BUY,"Aug 10, 2026",Financials,Closed-End Fund - Equity,,,,Prior BUY is missing or no longer rated BUY
EOS,UNCHANGED,UNCHANGED,,,,Financials,Closed-End Fund - Equity,,,,Previously inactive symbol is absent
EPAC,UNCHANGED,UNCHANGED,,SELL,"Aug 19, 2026",Industrials,Specialty Industrial Machinery,,,,Previously inactive symbol is absent
EPAM,UNCHANGED,UNCHANGED,SELL,SELL,"Aug 12, 2026",Technology,Information Technology Services,UPTREND,MOVING DOWN,,No active BUY transition
EPC,UNCHANGED,UNCHANGED,,SELL,"Jul 27, 2026",Staples,Household & Personal Products,,,,Previously inactive symbol is absent
EPD,LEADER,🚀 LEADER,BUY,BUY,"Aug 19, 2026",Energy,Oil & Gas Midstream,UPTREND,MOVING UP,,Sustained BUY with confirmed trend and momentum
EPR,UNCHANGED,UNCHANGED,,SELL,"Aug 05, 2026",Real Estate,REIT - Specialty,,,,Previously inactive symbol is absent
EPRT,UNCHANGED,UNCHANGED,SELL,SELL,"Jul 27, 2026",Real Estate,REIT - Retail,NEUTRAL,MOVING UP,,No active BUY transition
EQBK,UNCHANGED,UNCHANGED,,SELL,"Aug 11, 2026",Financials,Banks - Regional,,,,Previously inactive symbol is absent
EQH,REMOVED,❌ REMOVED,SELL,BUY,"Aug 21, 2026",Financials,Asset Management,UPTREND,MOVING DOWN,,Prior BUY is missing or no longer rated BUY
EQIX,REMOVED,❌ REMOVED,,BUY,"Aug 06, 2026",Real Estate,REIT - Specialty,,,,Prior BUY is missing or no longer rated BUY
EQNR,LEADER,🚀 LEADER,BUY,BUY,"Aug 13, 2026",Energy,Oil & Gas Integrated,UPTREND,MOVING UP,,Sustained BUY with confirmed trend and momentum
EQR,UNCHANGED,UNCHANGED,SELL,SELL,"Jul 21, 2026",Real Estate,REIT - Residential,DOWNTREND,,,No active BUY transition
EQT,LEADER,🚀 LEADER,BUY,BUY,"Jul 27, 2026",Energy,Oil & Gas E&P,UPTREND,MOVING UP,,Sustained BUY with confirmed trend and momentum
EQX,EMERGING,🔥 EMERGING,BUY,,"Aug 07, 2026",Materials,Gold,UPTREND,MOVING UP,,New BUY with rising trend and accelerating momentum
ERAS,UNCHANGED,UNCHANGED,,,,Health Care,Biotechnology,DOWNTREND,,,No active BUY transition
ERIE,REMOVED,❌ REMOVED,,BUY,"Aug 03, 2026",Financials,Insurance Brokers,,,,Prior BUY is missing or no longer rated BUY
ERO,UNCHANGED,UNCHANGED,SELL,SELL,"Aug 19, 2026",Materials,Copper,UPTREND,MOVING DOWN,,No active BUY transition
ES,UNCHANGED,UNCHANGED,SELL,SELL,"Aug 03, 2026",Utilities,Utilities - Regulated Electric,DOWNTREND,MOVING DOWN,,No active BUY transition
ESAB,UNCHANGED,UNCHANGED,,SELL,"Aug 12, 2026",Industrials,Metal Fabrication,,,,Previously inactive symbol is absent
ESCA,UNCHANGED,UNCHANGED,,SELL,"Aug 19, 2026",Discretionary,Leisure,,,,Previously inactive symbol is absent
ESE,UNCHANGED,UNCHANGED,,SELL,"Jul 13, 2026",Technology,Scientific & Technical Instruments,,,,Previously inactive symbol is absent
ESI,UNCHANGED,UNCHANGED,SELL,SELL,"Jul 07, 2026",Materials,Specialty Chemicals,DOWNTREND,MOVING DOWN,,No active BUY transition
ESLT,UNCHANGED,UNCHANGED,,SELL,"Aug 14, 2026",Industrials,Aerospace & Defense,,,,Previously inactive symbol is absent
ESNT,REMOVED,❌ REMOVED,,BUY,"Aug 17, 2026",Financials,Insurance - Specialty,,,,Prior BUY is missing or no longer rated BUY
ESP,UNCHANGED,UNCHANGED,,,,Industrials,Electrical Equipment & Parts,,,,Previously inactive symbol is absent
ESQ,UNCHANGED,UNCHANGED,,SELL,"Aug 17, 2026",Financials,Banks - Regional,,,,Previously inactive symbol is absent
ESS,UNCHANGED,UNCHANGED,,SELL,"Jul 17, 2026",Real Estate,REIT - Residential,,,,Previously inactive symbol is absent
ESTA,UNCHANGED,UNCHANGED,,SELL,"Jul 31, 2026",Health Care,Medical Devices,,,,Previously inactive symbol is absent
ESTC,DETERIORATING,⚠️ DETERIORATING,BUY,BUY,"Aug 04, 2026",Technology,Software - Application,UPTREND,MOVING DOWN,,Existing BUY momentum is weakening
ET,LEADER,🚀 LEADER,BUY,BUY,"Aug 07, 2026",Energy,Oil & Gas Midstream,UPTREND,MOVING UP,,Sustained BUY with confirmed trend and momentum
ETD,UNCHANGED,UNCHANGED,,SELL,"Aug 13, 2026",Discretionary,Furnishings Fixtures & Appliances,,,,Previously inactive symbol is absent
ETG,REMOVED,❌ REMOVED,,BUY,"Aug 04, 2026",Financials,Closed-End Fund - Equity,,,,Prior BUY is missing or no longer rated BUY
ETN,DETERIORATING,⚠️ DETERIORATING,BUY,BUY,"Aug 05, 2026",Industrials,Specialty Industrial Machinery,NEUTRAL,MOVING DOWN,,Existing BUY momentum is weakening
ETO,REMOVED,❌ REMOVED,,BUY,"Aug 04, 2026",Financials,Closed-End Fund - Equity,,,,Prior BUY is missing or no longer rated BUY
ETON,REMOVED,❌ REMOVED,,BUY,"Aug 18, 2026",Health Care,Drug Manufacturers - Specialty & Generic,,,,Prior BUY is missing or no longer rated BUY
ETR,UNCHANGED,UNCHANGED,SELL,SELL,"Jul 10, 2026",Utilities,Utilities - Regulated Electric,DOWNTREND,MOVING UP,,No active BUY transition
ETSY,UNCHANGED,UNCHANGED,SELL,SELL,"Jul 22, 2026",Discretionary,Internet Retail,NEUTRAL,MOVING UP,,No active BUY transition
EVER,UNCHANGED,UNCHANGED,,,,Communication,Internet Content & Information,,,,Previously inactive symbol is absent
EVR,UNCHANGED,UNCHANGED,,SELL,"Jun 29, 2026",Financials,Capital Markets,,,,Previously inactive symbol is absent
EVRG,UNCHANGED,UNCHANGED,SELL,SELL,"Jul 30, 2026",Utilities,Utilities - Regulated Electric,DOWNTREND,MOVING DOWN,,No active BUY transition
EVT,REMOVED,❌ REMOVED,,BUY,"Jul 31, 2026",Financials,Closed-End Fund - Equity,,,,Prior BUY is missing or no longer rated BUY
EVTC,UNCHANGED,UNCHANGED,,SELL,"Aug 11, 2026",Technology,Software - Infrastructure,,,,Previously inactive symbol is absent
EW,LEADER,🚀 LEADER,BUY,BUY,"Aug 07, 2026",Health Care,Medical Devices,UPTREND,MOVING UP,,Sustained BUY with confirmed trend and momentum
EWBC,REMOVED,❌ REMOVED,,BUY,"Aug 18, 2026",Financials,Banks - Regional,,,,Prior BUY is missing or no longer rated BUY
EWTX,UNCHANGED,UNCHANGED,SELL,SELL,"Aug 17, 2026",Health Care,Biotechnology,UPTREND,MOVING DOWN,,No active BUY transition
EXC,UNCHANGED,UNCHANGED,SELL,SELL,"Jul 31, 2026",Utilities,Utilities - Regulated Electric,DOWNTREND,MOVING DOWN,,No active BUY transition
EXE,EMERGING,🔥 EMERGING,BUY,SELL,"Aug 21, 2026",Energy,Oil & Gas E&P,UPTREND,MOVING UP,,New BUY with rising trend and accelerating momentum
EXEL,UNCHANGED,UNCHANGED,SELL,SELL,"Jul 20, 2026",Health Care,Biotechnology,NEUTRAL,MOVING UP,,No active BUY transition
EXLS,LEADER,🚀 LEADER,BUY,BUY,"Jul 28, 2026",Technology,Information Technology Services,UPTREND,MOVING UP,,Sustained BUY with confirmed trend and momentum
EXP,UNCHANGED,UNCHANGED,,SELL,"Aug 14, 2026",Materials,Building Materials,,,,Previously inactive symbol is absent
EXPD,LEADER,🚀 LEADER,BUY,BUY,"Aug 13, 2026",Industrials,Integrated Freight & Logistics,UPTREND,MOVING UP,,Sustained BUY with confirmed trend and momentum
EXPE,UNCHANGED,UNCHANGED,SELL,SELL,"Aug 19, 2026",Discretionary,Travel Services,UPTREND,MOVING DOWN,,No active BUY transition
EXPO,UNCHANGED,UNCHANGED,,SELL,"Aug 18, 2026",Industrials,Engineering & Construction,,,,Previously inactive symbol is absent
EXR,UNCHANGED,UNCHANGED,SELL,SELL,"Aug 12, 2026",Real Estate,REIT - Industrial,NEUTRAL,MOVING DOWN,,No active BUY transition
EYE,UNCHANGED,UNCHANGED,SELL,,"Aug 12, 2026",Discretionary,Specialty Retail,DOWNTREND,MOVING DOWN,,No active BUY transition
EZPW,UNCHANGED,UNCHANGED,,SELL,"Jul 15, 2026",Financials,Credit Services,,,,Previously inactive symbol is absent
F,UNCHANGED,UNCHANGED,SELL,,"Aug 06, 2026",Discretionary,Auto Manufacturers,DOWNTREND,MOVING DOWN,,No active BUY transition
FA,UNCHANGED,UNCHANGED,SELL,SELL,"Aug 13, 2026",Industrials,Specialty Business Services,UPTREND,MOVING DOWN,,No active BUY transition
FAF,UNCHANGED,UNCHANGED,,SELL,"Aug 10, 2026",Financials,Insurance - Specialty,,,,Previously inactive symbol is absent
FANG,EMERGING,🔥 EMERGING,BUY,SELL,"Aug 20, 2026",Energy,Oil & Gas E&P,UPTREND,MOVING UP,,New BUY with rising trend and accelerating momentum
FAST,LEADER,🚀 LEADER,BUY,BUY,"Jul 29, 2026",Industrials,Industrial Distribution,UPTREND,MOVING UP,,Sustained BUY with confirmed trend and momentum
FBIN,UNCHANGED,UNCHANGED,SELL,SELL,"Jul 16, 2026",Industrials,Building Products & Equipment,DOWNTREND,MOVING DOWN,,No active BUY transition
FBIZ,UNCHANGED,UNCHANGED,,SELL,"Aug 18, 2026",Financials,Banks - Regional,,,,Previously inactive symbol is absent
FBK,UNCHANGED,UNCHANGED,,SELL,"Aug 19, 2026",Financials,Banks - Regional,,,,Previously inactive symbol is absent
FBNC,REMOVED,❌ REMOVED,,BUY,"Aug 14, 2026",Financials,Banks - Regional,,,,Prior BUY is missing or no longer rated BUY
FBP,UNCHANGED,UNCHANGED,SELL,SELL,"Aug 10, 2026",Financials,Banks - Regional,UPTREND,MOVING DOWN,,No active BUY transition
FBRX,UNCHANGED,UNCHANGED,SELL,SELL,"Jul 23, 2026",Health Care,Biotechnology,UPTREND,MOVING DOWN,,No active BUY transition
FCAP,REMOVED,❌ REMOVED,,BUY,"Aug 03, 2026",Financials,Banks - Regional,,,,Prior BUY is missing or no longer rated BUY
FCBC,REMOVED,❌ REMOVED,,BUY,"Jul 23, 2026",Financials,Banks - Regional,,,,Prior BUY is missing or no longer rated BUY
FCCO,UNCHANGED,UNCHANGED,,SELL,"Aug 12, 2026",Financials,Banks - Regional,,,,Previously inactive symbol is absent
FCEL,REMOVED,❌ REMOVED,SELL,BUY,"Aug 21, 2026",Industrials,Electrical Equipment & Parts,DOWNTREND,MOVING UP,,Prior BUY is missing or no longer rated BUY
FCF,UNCHANGED,UNCHANGED,,SELL,"Aug 12, 2026",Financials,Banks - Regional,,,,Previously inactive symbol is absent
FCFS,REMOVED,❌ REMOVED,,BUY,"Aug 17, 2026",Financials,Credit Services,,,,Prior BUY is missing or no longer rated BUY
FCN,UNCHANGED,UNCHANGED,,SELL,"Jul 24, 2026",Industrials,Consulting Services,,,,Previously inactive symbol is absent
FCNCA,REMOVED,❌ REMOVED,,BUY,"Jul 27, 2026",Financials,Banks - Regional,,,,Prior BUY is missing or no longer rated BUY
FCPT,UNCHANGED,UNCHANGED,,SELL,"Jul 31, 2026",Real Estate,REIT - Retail,,,,Previously inactive symbol is absent
FCX,LEADER,🚀 LEADER,BUY,BUY,"Aug 03, 2026",Materials,Copper,UPTREND,MOVING UP,,Sustained BUY with confirmed trend and momentum
FDBC,REMOVED,❌ REMOVED,,BUY,"Aug 05, 2026",Financials,Banks - Regional,,,,Prior BUY is missing or no longer rated BUY
FDS,UNCHANGED,UNCHANGED,,SELL,"Aug 18, 2026",Financials,Financial Data & Stock Exchanges,,,,Previously inactive symbol is absent
FDX,ACTIVE_BUY,ACTIVE BUY,BUY,BUY,"Aug 11, 2026",Industrials,Integrated Freight & Logistics,NEUTRAL,MOVING UP,,BUY remains active without a higher-priority setup
FE,UNCHANGED,UNCHANGED,SELL,SELL,"Jul 22, 2026",Utilities,Utilities - Regulated Electric,DOWNTREND,MOVING DOWN,,No active BUY transition
FEIM,REMOVED,❌ REMOVED,,BUY,"Aug 07, 2026",Technology,Communication Equipment,,,,Prior BUY is missing or no longer rated BUY
FELE,UNCHANGED,UNCHANGED,,SELL,"Aug 18, 2026",Industrials,Specialty Industrial Machinery,,,,Previously inactive symbol is absent
FET,REMOVED,❌ REMOVED,,BUY,"Jul 17, 2026",Energy,Oil & Gas Equipment & Services,,,,Prior BUY is missing or no longer rated BUY
FFA,REMOVED,❌ REMOVED,,BUY,"Aug 05, 2026",Financials,Closed-End Fund - Equity,,,,Prior BUY is missing or no longer rated BUY
FFBC,UNCHANGED,UNCHANGED,,SELL,"Jul 24, 2026",Financials,Banks - Regional,,,,Previously inactive symbol is absent
FFIN,UNCHANGED,UNCHANGED,,SELL,"Jul 23, 2026",Financials,Banks - Regional,,,,Previously inactive symbol is absent
FFIV,UNCHANGED,UNCHANGED,,SELL,"Aug 18, 2026",Technology,Software - Infrastructure,,,,Previously inactive symbol is absent
FG,UNCHANGED,UNCHANGED,,,,Financials,Insurance - Life,,,,Previously inactive symbol is absent
FHB,UNCHANGED,UNCHANGED,SELL,SELL,"Jul 09, 2026",Financials,Banks - Regional,DOWNTREND,MOVING DOWN,,No active BUY transition
FHI,REMOVED,❌ REMOVED,,BUY,"Jul 29, 2026",Financials,Asset Management,,,,Prior BUY is missing or no longer rated BUY
FHN,UNCHANGED,UNCHANGED,SELL,SELL,"Aug 07, 2026",Financials,Banks - Regional,DOWNTREND,MOVING DOWN,,No active BUY transition
FIBK,REMOVED,❌ REMOVED,SELL,BUY,"Aug 21, 2026",Financials,Banks - Regional,DOWNTREND,MOVING DOWN,,Prior BUY is missing or no longer rated BUY
FICO,UNCHANGED,UNCHANGED,,SELL,"Aug 03, 2026",Technology,Software - Application,,,,Previously inactive symbol is absent
FIG,UNCHANGED,UNCHANGED,,,,Technology,Software - Application,UPTREND,,,No active BUY transition
FIGR,UNCHANGED,UNCHANGED,,,,Financials,Capital Markets,UPTREND,,,No active BUY transition
FIGS,UNCHANGED,UNCHANGED,SELL,,"Aug 19, 2026",Discretionary,Apparel Manufacturing,UPTREND,MOVING DOWN,,No active BUY transition
FIS,UNCHANGED,UNCHANGED,SELL,SELL,"Aug 10, 2026",Technology,Information Technology Services,DOWNTREND,MOVING DOWN,,No active BUY transition
FISI,UNCHANGED,UNCHANGED,,SELL,"Aug 13, 2026",Financials,Banks - Regional,,,,Previously inactive symbol is absent
FISV,UNCHANGED,UNCHANGED,SELL,SELL,"Aug 19, 2026",Technology,Information Technology Services,DOWNTREND,MOVING DOWN,,No active BUY transition
FITB,UNCHANGED,UNCHANGED,SELL,SELL,"Jul 14, 2026",Financials,Banks - Regional,DOWNTREND,MOVING DOWN,,No active BUY transition
FIVE,REMOVED,❌ REMOVED,,BUY,"Jul 20, 2026",Discretionary,Specialty Retail,,,,Prior BUY is missing or no longer rated BUY
FIVN,UNCHANGED,UNCHANGED,SELL,SELL,"Aug 19, 2026",Technology,Software - Infrastructure,UPTREND,MOVING DOWN,,No active BUY transition
FIX,REMOVED,❌ REMOVED,,BUY,"Aug 18, 2026",Industrials,Engineering & Construction,,,,Prior BUY is missing or no longer rated BUY
FLG,UNCHANGED,UNCHANGED,SELL,,"Jul 06, 2026",Financials,Banks - Regional,DOWNTREND,MOVING DOWN,,No active BUY transition
FLNG,REMOVED,❌ REMOVED,,BUY,"Aug 19, 2026",Energy,Oil & Gas Midstream,,,,Prior BUY is missing or no longer rated BUY
FLOC,UNCHANGED,UNCHANGED,,,,Energy,Oil & Gas Equipment & Services,,,,Previously inactive symbol is absent
FLR,LEADER,🚀 LEADER,BUY,BUY,"Aug 10, 2026",Industrials,Engineering & Construction,UPTREND,MOVING UP,,Sustained BUY with confirmed trend and momentum
FLS,LEADER,🚀 LEADER,BUY,BUY,"Jul 31, 2026",Industrials,Specialty Industrial Machinery,UPTREND,MOVING UP,,Sustained BUY with confirmed trend and momentum
FLUT,UNCHANGED,UNCHANGED,SELL,SELL,"Jul 31, 2026",Discretionary,Gambling,DOWNTREND,MOVING UP,,No active BUY transition
FLXS,UNCHANGED,UNCHANGED,,SELL,"Jul 14, 2026",Discretionary,Furnishings Fixtures & Appliances,,,,Previously inactive symbol is absent
FLY,UNCHANGED,UNCHANGED,,,,Industrials,Aerospace & Defense,NEUTRAL,,,No active BUY transition
FLYW,EMERGING,🔥 EMERGING,BUY,,"Aug 20, 2026",Technology,Software - Infrastructure,UPTREND,MOVING UP,,New BUY with rising trend and accelerating momentum
FMBH,UNCHANGED,UNCHANGED,,SELL,"Aug 11, 2026",Financials,Banks - Regional,,,,Previously inactive symbol is absent
FMS,UNCHANGED,UNCHANGED,,SELL,"Aug 06, 2026",Health Care,Medical Care Facilities,,,,Previously inactive symbol is absent
FMX,UNCHANGED,UNCHANGED,,SELL,"Jul 13, 2026",Staples,Beverages - Brewers,,,,Previously inactive symbol is absent
FN,REMOVED,❌ REMOVED,,BUY,"Aug 10, 2026",Technology,Electronic Components,,,,Prior BUY is missing or no longer rated BUY
FNB,UNCHANGED,UNCHANGED,SELL,,"Jul 10, 2026",Financials,Banks - Regional,DOWNTREND,MOVING DOWN,,No active BUY transition
FND,UNCHANGED,UNCHANGED,SELL,SELL,"Aug 18, 2026",Discretionary,Home Improvement Retail,DOWNTREND,MOVING DOWN,,No active BUY transition
FNF,UNCHANGED,UNCHANGED,SELL,SELL,"Aug 10, 2026",Financials,Insurance - Specialty,DOWNTREND,MOVING DOWN,,No active BUY transition
FNLC,UNCHANGED,UNCHANGED,,SELL,"Jul 14, 2026",Financials,Banks - Regional,,,,Previously inactive symbol is absent
FNV,REMOVED,❌ REMOVED,,BUY,"Jul 28, 2026",Materials,Gold,,,,Prior BUY is missing or no longer rated BUY
FOA,UNCHANGED,UNCHANGED,,SELL,"Jul 31, 2026",Financials,Credit Services,,,,Previously inactive symbol is absent
FOR,UNCHANGED,UNCHANGED,,SELL,"Aug 19, 2026",Real Estate,Real Estate - Development,,,,Previously inactive symbol is absent
FORM,ACTIVE_BUY,ACTIVE BUY,BUY,BUY,"Aug 12, 2026",Technology,Semiconductor Equipment & Materials,NEUTRAL,MOVING UP,,BUY remains active without a higher-priority setup
FOUR,UNCHANGED,UNCHANGED,SELL,SELL,"Aug 07, 2026",Technology,Software - Infrastructure,NEUTRAL,MOVING UP,,No active BUY transition
FOX,DETERIORATING,⚠️ DETERIORATING,BUY,BUY,"Jul 30, 2026",Communication,Entertainment,UPTREND,MOVING DOWN,,Existing BUY momentum is weakening
FOXA,DETERIORATING,⚠️ DETERIORATING,BUY,BUY,"Jul 30, 2026",Communication,Entertainment,UPTREND,MOVING DOWN,,Existing BUY momentum is weakening
FOXF,REMOVED,❌ REMOVED,,BUY,"Jul 17, 2026",Discretionary,Auto Parts,,,,Prior BUY is missing or no longer rated BUY
FR,UNCHANGED,UNCHANGED,SELL,SELL,"Jul 30, 2026",Real Estate,REIT - Industrial,DOWNTREND,MOVING DOWN,,No active BUY transition
FRD,REMOVED,❌ REMOVED,,BUY,"Aug 11, 2026",Materials,Steel,,,,Prior BUY is missing or no longer rated BUY
FRHC,REMOVED,❌ REMOVED,,BUY,"Aug 19, 2026",Financials,Financial Conglomerates,,,,Prior BUY is missing or no longer rated BUY
FRME,UNCHANGED,UNCHANGED,,SELL,"Jul 27, 2026",Financials,Banks - Regional,,,,Previously inactive symbol is absent
FRO,LEADER,🚀 LEADER,BUY,BUY,"Jul 24, 2026",Energy,Oil & Gas Midstream,UPTREND,MOVING UP,,Sustained BUY with confirmed trend and momentum
FROG,REMOVED,❌ REMOVED,SELL,BUY,"Aug 20, 2026",Technology,Software - Application,UPTREND,MOVING DOWN,,Prior BUY is missing or no longer rated BUY
FRPH,UNCHANGED,UNCHANGED,,SELL,"Jul 13, 2026",Real Estate,Real Estate Services,,,,Previously inactive symbol is absent
FRPT,LEADER,🚀 LEADER,BUY,BUY,"Jul 29, 2026",Staples,Packaged Foods,UPTREND,MOVING UP,,Sustained BUY with confirmed trend and momentum
FRSH,EMERGING,🔥 EMERGING,BUY,,"Aug 17, 2026",Technology,Software - Application,UPTREND,MOVING UP,,New BUY with rising trend and accelerating momentum
FRT,UNCHANGED,UNCHANGED,,SELL,"Aug 03, 2026",Real Estate,REIT - Retail,,,,Previously inactive symbol is absent
FSBC,UNCHANGED,UNCHANGED,,,,Financials,Banks - Regional,,,,Previously inactive symbol is absent
FSBW,UNCHANGED,UNCHANGED,,SELL,"Jul 10, 2026",Financials,Banks - Regional,,,,Previously inactive symbol is absent
FSK,NEW_BUY,NEW BUY,BUY,,"Aug 07, 2026",Financials,Asset Management,UPTREND,MOVING DOWN,,BUY triggered since the previous file
FSLR,UNCHANGED,UNCHANGED,SELL,SELL,"Aug 19, 2026",Technology,Solar,DOWNTREND,MOVING DOWN,,No active BUY transition
FSLY,UNCHANGED,UNCHANGED,SELL,SELL,"Aug 19, 2026",Technology,Software - Application,UPTREND,MOVING DOWN,,No active BUY transition
FSM,EMERGING,🔥 EMERGING,BUY,,"Aug 05, 2026",Materials,Gold,UPTREND,MOVING UP,,New BUY with rising trend and accelerating momentum
FSS,REMOVED,❌ REMOVED,,BUY,"Aug 03, 2026",Industrials,Farm & Heavy Construction Machinery,,,,Prior BUY is missing or no longer rated BUY
FSTR,UNCHANGED,UNCHANGED,,SELL,"Jul 07, 2026",Industrials,Railroads,,,,Previously inactive symbol is absent
FSUN,REMOVED,❌ REMOVED,,BUY,"Jul 30, 2026",Financials,Banks - Regional,,,,Prior BUY is missing or no longer rated BUY
FSV,UNCHANGED,UNCHANGED,,SELL,"Aug 14, 2026",Real Estate,Real Estate Services,,,,Previously inactive symbol is absent
FTAI,REMOVED,❌ REMOVED,SELL,BUY,"Aug 20, 2026",Industrials,Aerospace & Defense,DOWNTREND,MOVING DOWN,,Prior BUY is missing or no longer rated BUY
FTDR,UNCHANGED,UNCHANGED,,SELL,"Aug 19, 2026",Discretionary,Personal Services,,,,Previously inactive symbol is absent
FTH,REMOVED,❌ REMOVED,,BUY,"Aug 17, 2026",Health Care,Biotechnology,,,,Prior BUY is missing or no longer rated BUY
FTI,LEADER,🚀 LEADER,BUY,BUY,"Aug 17, 2026",Energy,Oil & Gas Equipment & Services,UPTREND,MOVING UP,,Sustained BUY with confirmed trend and momentum
FTK,REMOVED,❌ REMOVED,,BUY,"Aug 06, 2026",Energy,Oil & Gas Equipment & Services,,,,Prior BUY is missing or no longer rated BUY
FTNT,UNCHANGED,UNCHANGED,SELL,SELL,"Aug 19, 2026",Technology,Software - Infrastructure,DOWNTREND,MOVING DOWN,,No active BUY transition
FTRE,UNCHANGED,UNCHANGED,,,,Health Care,Biotechnology,NEUTRAL,,,No active BUY transition
FTS,UNCHANGED,UNCHANGED,,SELL,"Jul 09, 2026",Utilities,Utilities - Regulated Electric,,,,Previously inactive symbol is absent
FTV,UNCHANGED,UNCHANGED,SELL,SELL,"Aug 19, 2026",Technology,Scientific & Technical Instruments,DOWNTREND,MOVING DOWN,,No active BUY transition
FUBO,EMERGING,🔥 EMERGING,BUY,,"Aug 06, 2026",Communication,Broadcasting,UPTREND,MOVING UP,,New BUY with rising trend and accelerating momentum
FUL,REMOVED,❌ REMOVED,,BUY,"Aug 07, 2026",Materials,Specialty Chemicals,,,,Prior BUY is missing or no longer rated BUY
FULT,UNCHANGED,UNCHANGED,SELL,SELL,"Jul 10, 2026",Financials,Banks - Regional,DOWNTREND,MOVING DOWN,,No active BUY transition
FUN,UNCHANGED,UNCHANGED,SELL,,"Jun 29, 2026",Discretionary,Leisure,DOWNTREND,MOVING DOWN,,No active BUY transition
FUNC,UNCHANGED,UNCHANGED,,SELL,"Jul 22, 2026",Financials,Banks - Regional,,,,Previously inactive symbol is absent
FUTU,EMERGING,🔥 EMERGING,BUY,SELL,"Aug 20, 2026",Financials,Capital Markets,UPTREND,MOVING UP,,New BUY with rising trend and accelerating momentum
FWONA,REMOVED,❌ REMOVED,,BUY,"Aug 13, 2026",Communication,Entertainment,,,,Prior BUY is missing or no longer rated BUY
FWONK,LEADER,🚀 LEADER,BUY,BUY,"Aug 11, 2026",Communication,Entertainment,UPTREND,MOVING UP,,Sustained BUY with confirmed trend and momentum
FWRG,UNCHANGED,UNCHANGED,,,,Discretionary,Restaurants,NEUTRAL,,,No active BUY transition
G,UNCHANGED,UNCHANGED,SELL,SELL,"Aug 18, 2026",Technology,Information Technology Services,UPTREND,MOVING UP,,No active BUY transition
GABC,UNCHANGED,UNCHANGED,,SELL,"Aug 13, 2026",Financials,Banks - Regional,,,,Previously inactive symbol is absent
GAM,REMOVED,❌ REMOVED,,BUY,"Aug 04, 2026",Financials,Closed-End Fund - Equity,,,,Prior BUY is missing or no longer rated BUY
GAP,REMOVED,❌ REMOVED,SELL,BUY,"Aug 20, 2026",Discretionary,Apparel Retail,DOWNTREND,MOVING DOWN,,Prior BUY is missing or no longer rated BUY
GATX,UNCHANGED,UNCHANGED,,SELL,"Aug 19, 2026",Industrials,Rental & Leasing Services,,,,Previously inactive symbol is absent
GBCI,UNCHANGED,UNCHANGED,SELL,SELL,"Jul 24, 2026",Financials,Banks - Regional,DOWNTREND,MOVING DOWN,,No active BUY transition
GBDC,NEW_BUY,NEW BUY,BUY,,"Aug 10, 2026",Financials,Asset Management,UPTREND,MOVING DOWN,,BUY triggered since the previous file
GBFH,UNCHANGED,UNCHANGED,,SELL,"Jul 13, 2026",Financials,Banks - Regional,,,,Previously inactive symbol is absent
GBLI,UNCHANGED,UNCHANGED,,SELL,"Aug 19, 2026",Financials,Insurance - Property & Casualty,,,,Previously inactive symbol is absent
GBX,UNCHANGED,UNCHANGED,,SELL,"Aug 07, 2026",Industrials,Railroads,,,,Previously inactive symbol is absent
GCBC,UNCHANGED,UNCHANGED,,SELL,"Jul 13, 2026",Financials,Banks - Regional,,,,Previously inactive symbol is absent
GCO,UNCHANGED,UNCHANGED,,SELL,"Aug 12, 2026",Discretionary,Apparel Retail,,,,Previously inactive symbol is absent
GCT,UNCHANGED,UNCHANGED,,,,Technology,Software - Infrastructure,,,,Previously inactive symbol is absent
GD,REMOVED,❌ REMOVED,SELL,BUY,"Aug 20, 2026",Industrials,Aerospace & Defense,UPTREND,MOVING DOWN,,Prior BUY is missing or no longer rated BUY
GDDY,EMERGING,🔥 EMERGING,BUY,SELL,"Aug 20, 2026",Technology,Software - Infrastructure,UPTREND,MOVING UP,,New BUY with rising trend and accelerating momentum
GDS,ACTIVE_BUY,ACTIVE BUY,BUY,BUY,"Aug 12, 2026",Technology,Information Technology Services,NEUTRAL,MOVING UP,,BUY remains active without a higher-priority setup
GDV,REMOVED,❌ REMOVED,,BUY,"Aug 05, 2026",Financials,Closed-End Fund - Equity,,,,Prior BUY is missing or no longer rated BUY
GE,UNCHANGED,UNCHANGED,SELL,SELL,"Aug 18, 2026",Industrials,Aerospace & Defense,DOWNTREND,MOVING DOWN,,No active BUY transition
GEF,UNCHANGED,UNCHANGED,,SELL,"Aug 17, 2026",Discretionary,Packaging & Containers,,,,Previously inactive symbol is absent
GEF/B,UNCHANGED,UNCHANGED,,SELL,"Aug 18, 2026",Discretionary,Packaging & Containers,,,,Previously inactive symbol is absent
GEHC,UNCHANGED,UNCHANGED,,,,Health Care,Medical Devices,UPTREND,,,No active BUY transition
GEN,UNCHANGED,UNCHANGED,SELL,SELL,"Aug 19, 2026",Technology,Software - Infrastructure,UPTREND,MOVING DOWN,,No active BUY transition
GEO,UNCHANGED,UNCHANGED,SELL,SELL,"Jun 30, 2026",Industrials,Security & Protection Services,UPTREND,MOVING DOWN,,No active BUY transition
GEV,UNCHANGED,UNCHANGED,,,,Industrials,Specialty Industrial Machinery,DOWNTREND,,,No active BUY transition
GFF,REMOVED,❌ REMOVED,,BUY,"Aug 06, 2026",Industrials,Building Products & Equipment,,,,Prior BUY is missing or no longer rated BUY
GFI,LEADER,🚀 LEADER,BUY,BUY,"Aug 06, 2026",Materials,Gold,UPTREND,MOVING UP,,Sustained BUY with confirmed trend and momentum
GFL,UNCHANGED,UNCHANGED,SELL,SELL,"Aug 12, 2026",Industrials,Waste Management,UPTREND,MOVING DOWN,,No active BUY transition
GFS,UNCHANGED,UNCHANGED,SELL,SELL,"Jun 29, 2026",Technology,Semiconductors,DOWNTREND,MOVING DOWN,,No active BUY transition
GGAL,UNCHANGED,UNCHANGED,,SELL,"Jul 20, 2026",Financials,Banks - Regional,,,,Previously inactive symbol is absent
GGG,LEADER,🚀 LEADER,BUY,BUY,"Jul 24, 2026",Industrials,Specialty Industrial Machinery,UPTREND,MOVING UP,,Sustained BUY with confirmed trend and momentum
GH,REMOVED,❌ REMOVED,SELL,BUY,"Aug 20, 2026",Health Care,Diagnostics & Research,UPTREND,MOVING DOWN,,Prior BUY is missing or no longer rated BUY
GHC,UNCHANGED,UNCHANGED,,SELL,"Aug 12, 2026",Industrials,Conglomerates,,,,Previously inactive symbol is absent
GHM,REMOVED,❌ REMOVED,,BUY,"Aug 11, 2026",Industrials,Specialty Industrial Machinery,,,,Prior BUY is missing or no longer rated BUY
GIB,UNCHANGED,UNCHANGED,,SELL,"Aug 19, 2026",Technology,Information Technology Services,,,,Previously inactive symbol is absent
GIC,REMOVED,❌ REMOVED,,BUY,"Jul 24, 2026",Industrials,Industrial Distribution,,,,Prior BUY is missing or no longer rated BUY
GIII,UNCHANGED,UNCHANGED,,SELL,"Aug 10, 2026",Discretionary,Apparel Manufacturing,,,,Previously inactive symbol is absent
GIL,REMOVED,❌ REMOVED,SELL,BUY,"Aug 21, 2026",Discretionary,Apparel Manufacturing,UPTREND,MOVING DOWN,,Prior BUY is missing or no longer rated BUY
GILD,LEADER,🚀 LEADER,BUY,BUY,"Aug 13, 2026",Health Care,Drug Manufacturers - General,UPTREND,MOVING UP,,Sustained BUY with confirmed trend and momentum
GIS,LEADER,🚀 LEADER,BUY,BUY,"Aug 12, 2026",Staples,Packaged Foods,UPTREND,MOVING UP,,Sustained BUY with confirmed trend and momentum
GKOS,REMOVED,❌ REMOVED,,BUY,"Aug 05, 2026",Health Care,Medical Devices,,,,Prior BUY is missing or no longer rated BUY
GL,UNCHANGED,UNCHANGED,,SELL,"Jul 10, 2026",Financials,Insurance - Life,,,,Previously inactive symbol is absent
GLBE,UNCHANGED,UNCHANGED,SELL,SELL,"Aug 12, 2026",Discretionary,Internet Retail,UPTREND,MOVING UP,,No active BUY transition
GLIBK,UNCHANGED,UNCHANGED,,,,Communication,Telecom Services,,,,Previously inactive symbol is absent
GLNG,LEADER,🚀 LEADER,BUY,BUY,"Aug 10, 2026",Energy,Oil & Gas Midstream,UPTREND,MOVING UP,,Sustained BUY with confirmed trend and momentum
GLOB,UNCHANGED,UNCHANGED,SELL,SELL,"Aug 18, 2026",Technology,Information Technology Services,UPTREND,MOVING DOWN,,No active BUY transition
GLP,REMOVED,❌ REMOVED,,BUY,"Jul 08, 2026",Energy,Oil & Gas Midstream,,,,Prior BUY is missing or no longer rated BUY
GLPI,UNCHANGED,UNCHANGED,SELL,SELL,"Aug 06, 2026",Real Estate,REIT - Specialty,DOWNTREND,MOVING DOWN,,No active BUY transition
GLUE,UNCHANGED,UNCHANGED,SELL,,"Jul 28, 2026",Health Care,Biotechnology,DOWNTREND,MOVING DOWN,,No active BUY transition
GLW,ACTIVE_BUY,ACTIVE BUY,BUY,BUY,"Aug 18, 2026",Technology,Electronic Components,DOWNTREND,MOVING UP,,BUY remains active without a higher-priority setup
GLXY,UNCHANGED,UNCHANGED,,,,Financials,Capital Markets,DOWNTREND,,,No active BUY transition
GM,UNCHANGED,UNCHANGED,SELL,SELL,"Aug 17, 2026",Discretionary,Auto Manufacturers,UPTREND,MOVING DOWN,,No active BUY transition
GMAB,LEADER,🚀 LEADER,BUY,BUY,"Aug 13, 2026",Health Care,Biotechnology,UPTREND,MOVING UP,,Sustained BUY with confirmed trend and momentum
GME,UNCHANGED,UNCHANGED,SELL,,"Jul 21, 2026",Discretionary,Specialty Retail,DOWNTREND,MOVING DOWN,,No active BUY transition
GMED,LEADER,🚀 LEADER,BUY,BUY,"Jul 31, 2026",Health Care,Medical Devices,UPTREND,MOVING UP,,Sustained BUY with confirmed trend and momentum
GNK,REMOVED,❌ REMOVED,,BUY,"Aug 19, 2026",Industrials,Marine Shipping,,,,Prior BUY is missing or no longer rated BUY
GNRC,UNCHANGED,UNCHANGED,SELL,SELL,"Jul 06, 2026",Industrials,Specialty Industrial Machinery,DOWNTREND,MOVING UP,,No active BUY transition
GNTX,UNCHANGED,UNCHANGED,SELL,SELL,"Jun 29, 2026",Discretionary,Auto Parts,DOWNTREND,MOVING DOWN,,No active BUY transition
GO,EMERGING,🔥 EMERGING,BUY,,"Aug 06, 2026",Staples,Grocery Stores,UPTREND,MOVING UP,,New BUY with rising trend and accelerating momentum
GOLF,UNCHANGED,UNCHANGED,,SELL,"Jul 07, 2026",Discretionary,Leisure,,,,Previously inactive symbol is absent
GOOG,UNCHANGED,UNCHANGED,SELL,SELL,"Aug 14, 2026",Communication,Internet Content & Information,DOWNTREND,MOVING DOWN,,No active BUY transition
GOOGL,UNCHANGED,UNCHANGED,SELL,SELL,"Aug 14, 2026",Communication,Internet Content & Information,DOWNTREND,MOVING DOWN,,No active BUY transition
GPC,REMOVED,❌ REMOVED,SELL,BUY,"Aug 21, 2026",Discretionary,Auto Parts,UPTREND,MOVING DOWN,,Prior BUY is missing or no longer rated BUY
GPCR,UNCHANGED,UNCHANGED,,,,Health Care,Biotechnology,,,,Previously inactive symbol is absent
GPGI,UNCHANGED,UNCHANGED,SELL,,"Aug 13, 2026",Industrials,Metal Fabrication,DOWNTREND,MOVING UP,,No active BUY transition
GPI,UNCHANGED,UNCHANGED,,SELL,"Aug 03, 2026",Discretionary,Auto & Truck Dealerships,,,,Previously inactive symbol is absent
GPK,UNCHANGED,UNCHANGED,SELL,,"Aug 18, 2026",Discretionary,Packaging & Containers,UPTREND,MOVING DOWN,,No active BUY transition
GPN,UNCHANGED,UNCHANGED,SELL,SELL,"Aug 13, 2026",Technology,Software - Infrastructure,UPTREND,MOVING DOWN,,No active BUY transition
GPOR,REMOVED,❌ REMOVED,,BUY,"Aug 11, 2026",Energy,Oil & Gas E&P,,,,Prior BUY is missing or no longer rated BUY
GPRE,UNCHANGED,UNCHANGED,SELL,,"Jul 29, 2026",Materials,Chemicals,DOWNTREND,MOVING DOWN,,No active BUY transition
GRAL,UNCHANGED,UNCHANGED,,,,Health Care,Diagnostics & Research,,,,Previously inactive symbol is absent
GRBK,UNCHANGED,UNCHANGED,,SELL,"Jul 07, 2026",Discretionary,Residential Construction,,,,Previously inactive symbol is absent
GRC,UNCHANGED,UNCHANGED,,SELL,"Aug 14, 2026",Industrials,Specialty Industrial Machinery,,,,Previously inactive symbol is absent
GRDN,UNCHANGED,UNCHANGED,,,,Health Care,Medical Care Facilities,,,,Previously inactive symbol is absent
GRMN,REMOVED,❌ REMOVED,,BUY,"Jul 30, 2026",Technology,Scientific & Technical Instruments,,,,Prior BUY is missing or no longer rated BUY
GRND,UNCHANGED,UNCHANGED,SELL,,"Aug 11, 2026",Technology,Software - Application,NEUTRAL,MOVING UP,,No active BUY transition
GRPN,UNCHANGED,UNCHANGED,SELL,SELL,"Jul 23, 2026",Communication,Internet Content & Information,DOWNTREND,MOVING DOWN,,No active BUY transition
GS,UNCHANGED,UNCHANGED,SELL,SELL,"Jul 28, 2026",Financials,Capital Markets,DOWNTREND,MOVING DOWN,,No active BUY transition
GSAT,UNCHANGED,UNCHANGED,,SELL,"Aug 18, 2026",Communication,Telecom Services,,,,Previously inactive symbol is absent
GSBC,UNCHANGED,UNCHANGED,,SELL,"Aug 12, 2026",Financials,Banks - Regional,,,,Previously inactive symbol is absent
GSHD,UNCHANGED,UNCHANGED,,SELL,"Aug 13, 2026",Financials,Insurance Brokers,,,,Previously inactive symbol is absent
GSK,UNCHANGED,UNCHANGED,SELL,SELL,"Aug 12, 2026",Health Care,Drug Manufacturers - General,NEUTRAL,MOVING UP,,No active BUY transition
GTES,UNCHANGED,UNCHANGED,SELL,SELL,"Aug 14, 2026",Industrials,Specialty Industrial Machinery,DOWNTREND,MOVING DOWN,,No active BUY transition
GTLB,UNCHANGED,UNCHANGED,SELL,SELL,"Aug 18, 2026",Technology,Software - Infrastructure,UPTREND,MOVING DOWN,,No active BUY transition
GTY,UNCHANGED,UNCHANGED,,SELL,"Jul 30, 2026",Real Estate,REIT - Retail,,,,Previously inactive symbol is absent
GVA,UNCHANGED,UNCHANGED,,SELL,"Jul 09, 2026",Industrials,Engineering & Construction,,,,Previously inactive symbol is absent
GWRE,UNCHANGED,UNCHANGED,SELL,SELL,"Aug 19, 2026",Technology,Software - Application,UPTREND,MOVING DOWN,,No active BUY transition
GWW,UNCHANGED,UNCHANGED,,SELL,"Jul 01, 2026",Industrials,Industrial Distribution,,,,Previously inactive symbol is absent
GXO,UNCHANGED,UNCHANGED,SELL,SELL,"Jul 30, 2026",Industrials,Integrated Freight & Logistics,DOWNTREND,MOVING DOWN,,No active BUY transition
HAE,REMOVED,❌ REMOVED,,BUY,"Jul 30, 2026",Health Care,Medical Devices,,,,Prior BUY is missing or no longer rated BUY
HAFC,UNCHANGED,UNCHANGED,,SELL,"Jul 09, 2026",Financials,Banks - Regional,,,,Previously inactive symbol is absent
HAL,LEADER,🚀 LEADER,BUY,BUY,"Aug 18, 2026",Energy,Oil & Gas Equipment & Services,UPTREND,MOVING UP,,Sustained BUY with confirmed trend and momentum
HALO,LEADER,🚀 LEADER,BUY,BUY,"Jul 29, 2026",Health Care,Biotechnology,UPTREND,MOVING UP,,Sustained BUY with confirmed trend and momentum
HAPN,UNCHANGED,UNCHANGED,SELL,,"Aug 19, 2026",Financials,Banks - Regional,DOWNTREND,MOVING DOWN,,No active BUY transition
HAS,DETERIORATING,⚠️ DETERIORATING,BUY,BUY,"Jul 22, 2026",Discretionary,Leisure,UPTREND,MOVING DOWN,,Existing BUY momentum is weakening
HASI,REMOVED,❌ REMOVED,,BUY,"Aug 11, 2026",Financials,Asset Management,,,,Prior BUY is missing or no longer rated BUY
HAYW,UNCHANGED,UNCHANGED,SELL,,"Aug 11, 2026",Industrials,Electrical Equipment & Parts,DOWNTREND,MOVING DOWN,,No active BUY transition
HBAN,UNCHANGED,UNCHANGED,SELL,,"Aug 21, 2026",Financials,Banks - Regional,DOWNTREND,MOVING DOWN,,No active BUY transition
HBB,REMOVED,❌ REMOVED,,BUY,"Aug 04, 2026",Discretionary,Furnishings Fixtures & Appliances,,,,Prior BUY is missing or no longer rated BUY
HBCP,UNCHANGED,UNCHANGED,,SELL,"Aug 13, 2026",Financials,Banks - Regional,,,,Previously inactive symbol is absent
HBM,LEADER,🚀 LEADER,BUY,BUY,"Aug 05, 2026",Materials,Copper,UPTREND,MOVING UP,,Sustained BUY with confirmed trend and momentum
HBNC,UNCHANGED,UNCHANGED,,SELL,"Jul 07, 2026",Financials,Banks - Regional,,,,Previously inactive symbol is absent
HBT,UNCHANGED,UNCHANGED,,SELL,"Aug 10, 2026",Financials,Banks - Regional,,,,Previously inactive symbol is absent
HCA,REMOVED,❌ REMOVED,SELL,BUY,"Aug 21, 2026",Health Care,Medical Care Facilities,UPTREND,MOVING DOWN,,Prior BUY is missing or no longer rated BUY
HCC,REMOVED,❌ REMOVED,,BUY,"Aug 07, 2026",Materials,Coking Coal,,,,Prior BUY is missing or no longer rated BUY
HCI,REMOVED,❌ REMOVED,,BUY,"Aug 12, 2026",Financials,Insurance - Property & Casualty,,,,Prior BUY is missing or no longer rated BUY
HCSG,UNCHANGED,UNCHANGED,,SELL,"Jul 14, 2026",Health Care,Medical Care Facilities,,,,Previously inactive symbol is absent
HD,UNCHANGED,UNCHANGED,SELL,SELL,"Aug 18, 2026",Discretionary,Home Improvement Retail,DOWNTREND,MOVING DOWN,,No active BUY transition
HDB,UNCHANGED,UNCHANGED,SELL,SELL,"Jul 16, 2026",Financials,Banks - Regional,DOWNTREND,MOVING UP,,No active BUY transition
HE,UNCHANGED,UNCHANGED,SELL,,"Jul 28, 2026",Utilities,Utilities - Regulated Electric,DOWNTREND,MOVING DOWN,,No active BUY transition
HEI,REMOVED,❌ REMOVED,,BUY,"Aug 03, 2026",Industrials,Aerospace & Defense,,,,Prior BUY is missing or no longer rated BUY
HEI/A,REMOVED,❌ REMOVED,,BUY,"Jul 28, 2026",Industrials,Aerospace & Defense,,,,Prior BUY is missing or no longer rated BUY
HELE,REMOVED,❌ REMOVED,,BUY,"Jul 27, 2026",Staples,Household & Personal Products,,,,Prior BUY is missing or no longer rated BUY
HESM,UNCHANGED,UNCHANGED,SELL,SELL,"Jul 28, 2026",Energy,Oil & Gas Midstream,DOWNTREND,MOVING DOWN,,No active BUY transition
HFBL,REMOVED,❌ REMOVED,,BUY,"Jul 31, 2026",Financials,Banks - Regional,,,,Prior BUY is missing or no longer rated BUY
HFWA,UNCHANGED,UNCHANGED,,SELL,"Jul 28, 2026",Financials,Banks - Regional,,,,Previously inactive symbol is absent
HGV,UNCHANGED,UNCHANGED,SELL,SELL,"Jul 02, 2026",Discretionary,Resorts & Casinos,DOWNTREND,MOVING UP,,No active BUY transition
HHH,UNCHANGED,UNCHANGED,,SELL,"Jul 16, 2026",Real Estate,Real Estate - Diversified,,,,Previously inactive symbol is absent
HIFS,REMOVED,❌ REMOVED,,BUY,"Aug 06, 2026",Financials,Banks - Regional,,,,Prior BUY is missing or no longer rated BUY
HIG,UNCHANGED,UNCHANGED,SELL,SELL,"Aug 04, 2026",Financials,Insurance - Diversified,DOWNTREND,MOVING DOWN,,No active BUY transition
HII,REMOVED,❌ REMOVED,,BUY,"Jul 29, 2026",Industrials,Aerospace & Defense,,,,Prior BUY is missing or no longer rated BUY
HIMS,UNCHANGED,UNCHANGED,SELL,SELL,"Jul 17, 2026",Health Care,Drug Manufacturers - Specialty & Generic,NEUTRAL,MOVING UP,,No active BUY transition
HIPO,UNCHANGED,UNCHANGED,,,,Financials,Insurance - Property & Casualty,,,,Previously inactive symbol is absent
HIW,UNCHANGED,UNCHANGED,SELL,SELL,"Jul 24, 2026",Real Estate,REIT - Office,NEUTRAL,MOVING DOWN,,No active BUY transition
HL,EMERGING,🔥 EMERGING,BUY,,"Aug 07, 2026",Materials,Other Precious Metals & Mining,UPTREND,MOVING UP,,New BUY with rising trend and accelerating momentum
HLF,UNCHANGED,UNCHANGED,SELL,,"Aug 07, 2026",Staples,Packaged Foods,DOWNTREND,MOVING UP,,No active BUY transition
HLIO,REMOVED,❌ REMOVED,,BUY,"Aug 10, 2026",Industrials,Specialty Industrial Machinery,,,,Prior BUY is missing or no longer rated BUY
HLIT,NEW_BUY,NEW BUY,BUY,,"Aug 17, 2026",Technology,Communication Equipment,NEUTRAL,MOVING UP,,BUY triggered since the previous file
HLNE,UNCHANGED,UNCHANGED,,SELL,"Aug 19, 2026",Financials,Asset Management,,,,Previously inactive symbol is absent
HLT,EMERGING,🔥 EMERGING,BUY,,"Aug 20, 2026",Discretionary,Lodging,UPTREND,MOVING UP,,New BUY with rising trend and accelerating momentum
HLX,EMERGING,🔥 EMERGING,BUY,,"Aug 05, 2026",Energy,Oil & Gas Equipment & Services,UPTREND,MOVING UP,,New BUY with rising trend and accelerating momentum
HMC,LEADER,🚀 LEADER,BUY,BUY,"Jun 30, 2026",Discretionary,Auto Manufacturers,UPTREND,MOVING UP,,Sustained BUY with confirmed trend and momentum
HMN,UNCHANGED,UNCHANGED,,SELL,"Jul 16, 2026",Financials,Insurance - Property & Casualty,,,,Previously inactive symbol is absent
HMY,EMERGING,🔥 EMERGING,BUY,,"Jul 29, 2026",Materials,Gold,UPTREND,MOVING UP,,New BUY with rising trend and accelerating momentum
HNGE,UNCHANGED,UNCHANGED,,,,Health Care,Health Information Services,UPTREND,,,No active BUY transition
HNI,UNCHANGED,UNCHANGED,,SELL,"Aug 19, 2026",Discretionary,Furnishings Fixtures & Appliances,,,,Previously inactive symbol is absent
HNVR,UNCHANGED,UNCHANGED,,SELL,"Aug 18, 2026",Financials,Banks - Regional,,,,Previously inactive symbol is absent
HOG,LEADER,🚀 LEADER,BUY,BUY,"Aug 14, 2026",Discretionary,Recreational Vehicles,UPTREND,MOVING UP,,Sustained BUY with confirmed trend and momentum
HOMB,UNCHANGED,UNCHANGED,SELL,SELL,"Aug 07, 2026",Financials,Banks - Regional,UPTREND,MOVING DOWN,,No active BUY transition
HON,UNCHANGED,UNCHANGED,SELL,SELL,"Aug 13, 2026",Industrials,Conglomerates,DOWNTREND,MOVING DOWN,,No active BUY transition
HOOD,UNCHANGED,UNCHANGED,SELL,SELL,"Jul 17, 2026",Financials,Capital Markets,DOWNTREND,MOVING DOWN,,No active BUY transition
HOPE,UNCHANGED,UNCHANGED,SELL,,"Aug 12, 2026",Financials,Banks - Regional,UPTREND,MOVING DOWN,,No active BUY transition
HOV,UNCHANGED,UNCHANGED,,SELL,"Aug 17, 2026",Discretionary,Residential Construction,,,,Previously inactive symbol is absent
HP,LEADER,🚀 LEADER,BUY,BUY,"Aug 07, 2026",Energy,Oil & Gas Drilling,UPTREND,MOVING UP,,Sustained BUY with confirmed trend and momentum
HPE,REMOVED,❌ REMOVED,SELL,BUY,"Aug 21, 2026",Technology,Communication Equipment,UPTREND,MOVING DOWN,,Prior BUY is missing or no longer rated BUY
HPQ,DETERIORATING,⚠️ DETERIORATING,BUY,BUY,"Jul 28, 2026",Technology,Computer Hardware,UPTREND,MOVING DOWN,,Existing BUY momentum is weakening
HQH,UNCHANGED,UNCHANGED,,SELL,"Aug 18, 2026",Financials,Closed-End Fund - Equity,,,,Previously inactive symbol is absent
HQL,REMOVED,❌ REMOVED,,BUY,"Aug 12, 2026",Financials,Closed-End Fund - Equity,,,,Prior BUY is missing or no longer rated BUY
HQY,UNCHANGED,UNCHANGED,,SELL,"Aug 17, 2026",Health Care,Health Information Services,,,,Previously inactive symbol is absent
HR,UNCHANGED,UNCHANGED,SELL,,"Aug 04, 2026",Real Estate,REIT - Healthcare Facilities,DOWNTREND,MOVING DOWN,,No active BUY transition
HRB,LEADER,🚀 LEADER,BUY,BUY,"Jul 29, 2026",Discretionary,Personal Services,UPTREND,MOVING UP,,Sustained BUY with confirmed trend and momentum
HRI,REMOVED,❌ REMOVED,,BUY,"Jul 15, 2026",Industrials,Rental & Leasing Services,,,,Prior BUY is missing or no longer rated BUY
HRL,UNCHANGED,UNCHANGED,SELL,SELL,"Jul 07, 2026",Staples,Packaged Foods,DOWNTREND,MOVING DOWN,,No active BUY transition
HRMY,UNCHANGED,UNCHANGED,,SELL,"Aug 17, 2026",Health Care,Biotechnology,,,,Previously inactive symbol is absent
HROW,UNCHANGED,UNCHANGED,,SELL,"Jul 27, 2026",Health Care,Drug Manufacturers - Specialty & Generic,,,,Previously inactive symbol is absent
HRTG,REMOVED,❌ REMOVED,,BUY,"Jul 31, 2026",Financials,Insurance - Property & Casualty,,,,Prior BUY is missing or no longer rated BUY
HSBC,UNCHANGED,UNCHANGED,SELL,SELL,"Aug 10, 2026",Financials,Banks - Diversified,UPTREND,MOVING DOWN,,No active BUY transition
HSIC,REMOVED,❌ REMOVED,SELL,BUY,"Aug 21, 2026",Health Care,Medical Distribution,UPTREND,MOVING DOWN,,Prior BUY is missing or no longer rated BUY
HST,UNCHANGED,UNCHANGED,SELL,SELL,"Aug 10, 2026",Real Estate,REIT - Hotel & Motel,DOWNTREND,MOVING DOWN,,No active BUY transition
HSTM,UNCHANGED,UNCHANGED,,SELL,"Aug 06, 2026",Health Care,Health Information Services,,,,Previously inactive symbol is absent
HSY,LEADER,🚀 LEADER,BUY,BUY,"Jul 29, 2026",Staples,Confectioners,UPTREND,MOVING UP,,Sustained BUY with confirmed trend and momentum
HTB,UNCHANGED,UNCHANGED,,SELL,"Aug 13, 2026",Financials,Banks - Regional,,,,Previously inactive symbol is absent
HTD,UNCHANGED,UNCHANGED,,SELL,"Jul 31, 2026",Financials,Closed-End Fund - Debt,,,,Previously inactive symbol is absent
HTFL,UNCHANGED,UNCHANGED,,,,Health Care,Health Information Services,UPTREND,,,No active BUY transition
HTGC,EMERGING,🔥 EMERGING,BUY,,"Aug 21, 2026",Financials,Asset Management,UPTREND,MOVING UP,,New BUY with rising trend and accelerating momentum
HTH,UNCHANGED,UNCHANGED,,SELL,"Aug 19, 2026",Financials,Financial Conglomerates,,,,Previously inactive symbol is absent
HTHT,LEADER,🚀 LEADER,BUY,BUY,"Aug 18, 2026",Discretionary,Lodging,UPTREND,MOVING UP,,Sustained BUY with confirmed trend and momentum
HTO,UNCHANGED,UNCHANGED,,SELL,"Jul 31, 2026",Utilities,Utilities - Regulated Water,,,,Previously inactive symbol is absent
HUBB,REMOVED,❌ REMOVED,,BUY,"Aug 06, 2026",Industrials,Electrical Equipment & Parts,,,,Prior BUY is missing or no longer rated BUY
HUBG,UNCHANGED,UNCHANGED,SELL,SELL,"Jul 30, 2026",Industrials,Integrated Freight & Logistics,DOWNTREND,MOVING DOWN,,No active BUY transition
HUBS,UNCHANGED,UNCHANGED,SELL,SELL,"Aug 10, 2026",Technology,Software - Application,UPTREND,MOVING UP,,No active BUY transition
HUM,LEADER,🚀 LEADER,BUY,BUY,"Aug 17, 2026",Health Care,Healthcare Plans,UPTREND,MOVING UP,,Sustained BUY with confirmed trend and momentum
HUN,UNCHANGED,UNCHANGED,SELL,,"Aug 03, 2026",Materials,Chemicals,DOWNTREND,MOVING DOWN,,No active BUY transition
HURC,REMOVED,❌ REMOVED,,BUY,"Aug 10, 2026",Industrials,Specialty Industrial Machinery,,,,Prior BUY is missing or no longer rated BUY
HURN,REMOVED,❌ REMOVED,,BUY,"Jul 14, 2026",Industrials,Consulting Services,,,,Prior BUY is missing or no longer rated BUY
HVT,UNCHANGED,UNCHANGED,,SELL,"Aug 19, 2026",Discretionary,Home Improvement Retail,,,,Previously inactive symbol is absent
HWBK,UNCHANGED,UNCHANGED,,,,Financials,Banks - Regional,,,,Previously inactive symbol is absent
HWC,UNCHANGED,UNCHANGED,,SELL,"Jul 24, 2026",Financials,Banks - Regional,,,,Previously inactive symbol is absent
HWKN,UNCHANGED,UNCHANGED,,SELL,"Jun 30, 2026",Materials,Specialty Chemicals,,,,Previously inactive symbol is absent
HWM,UNCHANGED,UNCHANGED,SELL,SELL,"Aug 13, 2026",Industrials,Aerospace & Defense,NEUTRAL,MOVING DOWN,,No active BUY transition
HXL,UNCHANGED,UNCHANGED,SELL,SELL,"Aug 03, 2026",Industrials,Aerospace & Defense,DOWNTREND,MOVING DOWN,,No active BUY transition
HY,UNCHANGED,UNCHANGED,,SELL,"Aug 18, 2026",Industrials,Farm & Heavy Construction Machinery,,,,Previously inactive symbol is absent
HYMC,REMOVED,❌ REMOVED,SELL,BUY,"Aug 20, 2026",Materials,Gold,UPTREND,MOVING DOWN,,Prior BUY is missing or no longer rated BUY
HZO,REMOVED,❌ REMOVED,,BUY,"Aug 11, 2026",Discretionary,Specialty Retail,,,,Prior BUY is missing or no longer rated BUY
IAG,EMERGING,🔥 EMERGING,BUY,,"Aug 07, 2026",Materials,Gold,UPTREND,MOVING UP,,New BUY with rising trend and accelerating momentum
IBCP,UNCHANGED,UNCHANGED,,,,Financials,Banks - Regional,,,,Previously inactive symbol is absent
IBEX,UNCHANGED,UNCHANGED,,SELL,"Aug 13, 2026",Technology,Information Technology Services,,,,Previously inactive symbol is absent
IBKR,LEADER,🚀 LEADER,BUY,BUY,"Aug 18, 2026",Financials,Capital Markets,UPTREND,MOVING UP,,Sustained BUY with confirmed trend and momentum
IBM,UNCHANGED,UNCHANGED,SELL,SELL,"Jul 15, 2026",Technology,Information Technology Services,DOWNTREND,MOVING UP,,No active BUY transition
IBN,UNCHANGED,UNCHANGED,SELL,SELL,"Jul 27, 2026",Financials,Banks - Regional,NEUTRAL,MOVING DOWN,,No active BUY transition
IBOC,UNCHANGED,UNCHANGED,,SELL,"Jul 09, 2026",Financials,Banks - Regional,,,,Previously inactive symbol is absent
IBP,REMOVED,❌ REMOVED,,BUY,"Aug 07, 2026",Discretionary,Residential Construction,,,,Prior BUY is missing or no longer rated BUY
IBTA,UNCHANGED,UNCHANGED,,,,Technology,Software - Application,,,,Previously inactive symbol is absent
ICE,UNCHANGED,UNCHANGED,SELL,SELL,"Aug 17, 2026",Financials,Financial Data & Stock Exchanges,UPTREND,MOVING UP,,No active BUY transition
ICFI,REMOVED,❌ REMOVED,,BUY,"Jul 07, 2026",Industrials,Consulting Services,,,,Prior BUY is missing or no longer rated BUY
ICHR,UNCHANGED,UNCHANGED,,SELL,"Jul 08, 2026",Technology,Semiconductor Equipment & Materials,,,,Previously inactive symbol is absent
ICLR,UNCHANGED,UNCHANGED,,SELL,"Jul 15, 2026",Health Care,Diagnostics & Research,,,,Previously inactive symbol is absent
ICUI,REMOVED,❌ REMOVED,,BUY,"Aug 03, 2026",Health Care,Medical Instruments & Supplies,,,,Prior BUY is missing or no longer rated BUY
IDA,UNCHANGED,UNCHANGED,,SELL,"Jul 20, 2026",Utilities,Utilities - Regulated Electric,,,,Previously inactive symbol is absent
IDCC,REMOVED,❌ REMOVED,,BUY,"Jul 31, 2026",Technology,Software - Application,,,,Prior BUY is missing or no longer rated BUY
IDT,UNCHANGED,UNCHANGED,,SELL,"Aug 07, 2026",Communication,Telecom Services,,,,Previously inactive symbol is absent
IDXX,UNCHANGED,UNCHANGED,,SELL,"Aug 17, 2026",Health Care,Diagnostics & Research,,,,Previously inactive symbol is absent
IDYA,UNCHANGED,UNCHANGED,,SELL,"Aug 14, 2026",Health Care,Biotechnology,,,,Previously inactive symbol is absent
IE,UNCHANGED,UNCHANGED,,,,Materials,Copper,NEUTRAL,,,No active BUY transition
IESC,REMOVED,❌ REMOVED,,BUY,"Aug 05, 2026",Industrials,Engineering & Construction,,,,Prior BUY is missing or no longer rated BUY
IEX,REMOVED,❌ REMOVED,,BUY,"Aug 03, 2026",Industrials,Specialty Industrial Machinery,,,,Prior BUY is missing or no longer rated BUY
IFF,DETERIORATING,⚠️ DETERIORATING,BUY,BUY,"Jul 31, 2026",Materials,Specialty Chemicals,UPTREND,MOVING DOWN,,Existing BUY momentum is weakening
IFS,UNCHANGED,UNCHANGED,,SELL,"Aug 11, 2026",Financials,Banks - Regional,,,,Previously inactive symbol is absent
IGIC,UNCHANGED,UNCHANGED,,SELL,"Aug 06, 2026",Financials,Insurance - Diversified,,,,Previously inactive symbol is absent
IHG,UNCHANGED,UNCHANGED,,SELL,"Jul 02, 2026",Discretionary,Lodging,,,,Previously inactive symbol is absent
IIF,UNCHANGED,UNCHANGED,,SELL,"Aug 19, 2026",Financials,Closed-End Fund - Foreign,,,,Previously inactive symbol is absent
IIIN,REMOVED,❌ REMOVED,,BUY,"Jul 17, 2026",Industrials,Metal Fabrication,,,,Prior BUY is missing or no longer rated BUY
IIPR,UNCHANGED,UNCHANGED,,SELL,"Jul 14, 2026",Real Estate,REIT - Industrial,,,,Previously inactive symbol is absent
ILMN,UNCHANGED,UNCHANGED,SELL,SELL,"Jul 17, 2026",Health Care,Diagnostics & Research,UPTREND,MOVING UP,,No active BUY transition
IMAX,DETERIORATING,⚠️ DETERIORATING,BUY,BUY,"Jul 24, 2026",Communication,Entertainment,UPTREND,MOVING DOWN,,Existing BUY momentum is weakening
IMCR,REMOVED,❌ REMOVED,,BUY,"Aug 10, 2026",Health Care,Biotechnology,,,,Prior BUY is missing or no longer rated BUY
IMKTA,UNCHANGED,UNCHANGED,,SELL,"Jul 23, 2026",Staples,Grocery Stores,,,,Previously inactive symbol is absent
IMMX,UNCHANGED,UNCHANGED,,,,Health Care,Biotechnology,UPTREND,,,No active BUY transition
IMNM,LEADER,🚀 LEADER,BUY,BUY,"Jul 29, 2026",Health Care,Biotechnology,UPTREND,MOVING UP,,Sustained BUY with confirmed trend and momentum
IMO,REMOVED,❌ REMOVED,,BUY,"Jul 14, 2026",Energy,Oil & Gas Integrated,,,,Prior BUY is missing or no longer rated BUY
IMOS,UNCHANGED,UNCHANGED,,SELL,"Jul 22, 2026",Technology,Semiconductors,,,,Previously inactive symbol is absent
IMVT,LEADER,🚀 LEADER,BUY,BUY,"Aug 13, 2026",Health Care,Biotechnology,UPTREND,MOVING UP,,Sustained BUY with confirmed trend and momentum
INBK,REMOVED,❌ REMOVED,,BUY,"Aug 04, 2026",Financials,Banks - Regional,,,,Prior BUY is missing or no longer rated BUY
INBX,UNCHANGED,UNCHANGED,,,,Health Care,Biotechnology,,,,Previously inactive symbol is absent
INCY,EMERGING,🔥 EMERGING,BUY,SELL,"Aug 21, 2026",Health Care,Biotechnology,UPTREND,MOVING UP,,New BUY with rising trend and accelerating momentum
INDB,UNCHANGED,UNCHANGED,,SELL,"Jul 10, 2026",Financials,Banks - Regional,,,,Previously inactive symbol is absent
INFY,UNCHANGED,UNCHANGED,SELL,,"Aug 17, 2026",Technology,Information Technology Services,NEUTRAL,MOVING DOWN,,No active BUY transition
ING,REMOVED,❌ REMOVED,SELL,BUY,"Aug 20, 2026",Financials,Banks - Diversified,UPTREND,MOVING DOWN,,Prior BUY is missing or no longer rated BUY
INGM,UNCHANGED,UNCHANGED,,,,Technology,Information Technology Services,,,,Previously inactive symbol is absent
INGR,REMOVED,❌ REMOVED,,BUY,"Aug 05, 2026",Staples,Packaged Foods,,,,Prior BUY is missing or no longer rated BUY
INSM,LEADER,🚀 LEADER,BUY,BUY,"Aug 10, 2026",Health Care,Biotechnology,UPTREND,MOVING UP,,Sustained BUY with confirmed trend and momentum
INSP,UNCHANGED,UNCHANGED,,SELL,"Aug 19, 2026",Health Care,Medical Devices,,,,Previously inactive symbol is absent
INSW,REMOVED,❌ REMOVED,,BUY,"Aug 19, 2026",Energy,Oil & Gas Midstream,,,,Prior BUY is missing or no longer rated BUY
INTA,UNCHANGED,UNCHANGED,,SELL,"Aug 14, 2026",Technology,Software - Application,,,,Previously inactive symbol is absent
INTC,REMOVED,❌ REMOVED,SELL,BUY,"Aug 20, 2026",Technology,Semiconductors,DOWNTREND,MOVING UP,,Prior BUY is missing or no longer rated BUY
INTG,UNCHANGED,UNCHANGED,,SELL,"Jul 15, 2026",Discretionary,Lodging,,,,Previously inactive symbol is absent
INTU,LEADER,🚀 LEADER,BUY,BUY,"Jul 20, 2026",Technology,Software - Application,UPTREND,MOVING UP,,Sustained BUY with confirmed trend and momentum
INVA,UNCHANGED,UNCHANGED,,SELL,"Jul 02, 2026",Health Care,Biotechnology,,,,Previously inactive symbol is absent
INVH,EMERGING,🔥 EMERGING,BUY,SELL,"Aug 21, 2026",Real Estate,REIT - Residential,UPTREND,MOVING UP,,New BUY with rising trend and accelerating momentum
INVX,REMOVED,❌ REMOVED,,BUY,"Jul 23, 2026",Energy,Oil & Gas Equipment & Services,,,,Prior BUY is missing or no longer rated BUY
IONQ,REMOVED,❌ REMOVED,SELL,BUY,"Aug 20, 2026",Technology,Computer Hardware,NEUTRAL,MOVING DOWN,,Prior BUY is missing or no longer rated BUY
IONS,NEW_BUY,NEW BUY,BUY,SELL,"Aug 21, 2026",Health Care,Biotechnology,NEUTRAL,MOVING UP,,BUY triggered since the previous file
IOSP,REMOVED,❌ REMOVED,,BUY,"Jul 17, 2026",Materials,Specialty Chemicals,,,,Prior BUY is missing or no longer rated BUY
IOT,UNCHANGED,UNCHANGED,SELL,SELL,"Aug 13, 2026",Technology,Software - Infrastructure,UPTREND,MOVING DOWN,,No active BUY transition
IP,UNCHANGED,UNCHANGED,SELL,SELL,"Aug 17, 2026",Discretionary,Packaging & Containers,UPTREND,MOVING DOWN,,No active BUY transition
IPAR,UNCHANGED,UNCHANGED,,SELL,"Jul 22, 2026",Staples,Household & Personal Products,,,,Previously inactive symbol is absent
IPI,REMOVED,❌ REMOVED,,BUY,"Aug 11, 2026",Materials,Agricultural Inputs,,,,Prior BUY is missing or no longer rated BUY
IPST,UNCHANGED,UNCHANGED,,,,Financials,Capital Markets,UPTREND,,,No active BUY transition
IQV,UNCHANGED,UNCHANGED,SELL,SELL,"Aug 17, 2026",Health Care,Diagnostics & Research,UPTREND,MOVING DOWN,,No active BUY transition
IR,UNCHANGED,UNCHANGED,SELL,SELL,"Aug 13, 2026",Industrials,Specialty Industrial Machinery,DOWNTREND,MOVING DOWN,,No active BUY transition
IRDM,DETERIORATING,⚠️ DETERIORATING,BUY,BUY,"Aug 06, 2026",Communication,Telecom Services,UPTREND,MOVING DOWN,,Existing BUY momentum is weakening
IRM,DETERIORATING,⚠️ DETERIORATING,BUY,BUY,"Aug 17, 2026",Real Estate,REIT - Specialty,NEUTRAL,MOVING DOWN,,Existing BUY momentum is weakening
IRMD,UNCHANGED,UNCHANGED,,SELL,"Jul 15, 2026",Health Care,Medical Devices,,,,Previously inactive symbol is absent
IRON,UNCHANGED,UNCHANGED,,SELL,"Aug 10, 2026",Health Care,Biotechnology,,,,Previously inactive symbol is absent
IRT,UNCHANGED,UNCHANGED,SELL,,"Aug 19, 2026",Real Estate,REIT - Residential,DOWNTREND,MOVING DOWN,,No active BUY transition
IRTC,UNCHANGED,UNCHANGED,,SELL,"Aug 19, 2026",Health Care,Medical Devices,,,,Previously inactive symbol is absent
ISBA,REMOVED,❌ REMOVED,,BUY,"Aug 05, 2026",Financials,Banks - Regional,,,,Prior BUY is missing or no longer rated BUY
ISRG,ACTIVE_BUY,ACTIVE BUY,BUY,BUY,"Aug 12, 2026",Health Care,Medical Instruments & Supplies,NEUTRAL,MOVING UP,,BUY remains active without a higher-priority setup
ISSC,REMOVED,❌ REMOVED,,BUY,"Aug 07, 2026",Industrials,Aerospace & Defense,,,,Prior BUY is missing or no longer rated BUY
ISTR,REMOVED,❌ REMOVED,,BUY,"Jul 29, 2026",Financials,Banks - Regional,,,,Prior BUY is missing or no longer rated BUY
IT,LEADER,🚀 LEADER,BUY,BUY,"Jul 28, 2026",Technology,Information Technology Services,UPTREND,MOVING UP,,Sustained BUY with confirmed trend and momentum
ITGR,UNCHANGED,UNCHANGED,SELL,SELL,"Aug 19, 2026",Health Care,Medical Devices,UPTREND,MOVING DOWN,,No active BUY transition
ITIC,UNCHANGED,UNCHANGED,,SELL,"Aug 05, 2026",Financials,Insurance - Specialty,,,,Previously inactive symbol is absent
ITRI,UNCHANGED,UNCHANGED,,SELL,"Aug 19, 2026",Technology,Scientific & Technical Instruments,,,,Previously inactive symbol is absent
ITT,REMOVED,❌ REMOVED,,BUY,"Aug 05, 2026",Industrials,Specialty Industrial Machinery,,,,Prior BUY is missing or no longer rated BUY
ITW,UNCHANGED,UNCHANGED,SELL,SELL,"Aug 19, 2026",Industrials,Specialty Industrial Machinery,UPTREND,MOVING DOWN,,No active BUY transition
IVT,UNCHANGED,UNCHANGED,,SELL,"Jul 30, 2026",Real Estate,REIT - Retail,,,,Previously inactive symbol is absent
IVZ,REMOVED,❌ REMOVED,SELL,BUY,"Aug 21, 2026",Financials,Asset Management,UPTREND,MOVING DOWN,,Prior BUY is missing or no longer rated BUY
IX,UNCHANGED,UNCHANGED,,SELL,"Aug 19, 2026",Financials,Financial Conglomerates,,,,Previously inactive symbol is absent
JAKK,UNCHANGED,UNCHANGED,,SELL,"Aug 14, 2026",Discretionary,Leisure,,,,Previously inactive symbol is absent
JAZZ,UNCHANGED,UNCHANGED,,SELL,"Aug 11, 2026",Health Care,Biotechnology,,,,Previously inactive symbol is absent
JBIO,REMOVED,❌ REMOVED,,BUY,"Aug 10, 2026",Health Care,Biotechnology,,,,Prior BUY is missing or no longer rated BUY
JBL,REMOVED,❌ REMOVED,SELL,BUY,"Aug 21, 2026",Technology,Electronic Components,NEUTRAL,MOVING DOWN,,Prior BUY is missing or no longer rated BUY
JBSS,REMOVED,❌ REMOVED,,BUY,"Aug 04, 2026",Staples,Packaged Foods,,,,Prior BUY is missing or no longer rated BUY
JBTM,UNCHANGED,UNCHANGED,,SELL,"Aug 06, 2026",Industrials,Specialty Industrial Machinery,,,,Previously inactive symbol is absent
JCI,REMOVED,❌ REMOVED,SELL,BUY,"Aug 21, 2026",Industrials,Building Products & Equipment,NEUTRAL,MOVING DOWN,,Prior BUY is missing or no longer rated BUY
JD,UNCHANGED,UNCHANGED,SELL,SELL,"Aug 10, 2026",Discretionary,Internet Retail,DOWNTREND,MOVING DOWN,,No active BUY transition
JEF,UNCHANGED,UNCHANGED,SELL,SELL,"Aug 03, 2026",Financials,Capital Markets,DOWNTREND,MOVING DOWN,,No active BUY transition
JHX,DETERIORATING,⚠️ DETERIORATING,BUY,BUY,"Aug 07, 2026",Materials,Building Materials,UPTREND,MOVING DOWN,,Existing BUY momentum is weakening
JILL,UNCHANGED,UNCHANGED,,SELL,"Aug 11, 2026",Discretionary,Apparel Retail,,,,Previously inactive symbol is absent
JJSF,REMOVED,❌ REMOVED,,BUY,"Jul 09, 2026",Staples,Packaged Foods,,,,Prior BUY is missing or no longer rated BUY
JKHY,UNCHANGED,UNCHANGED,SELL,SELL,"Aug 03, 2026",Technology,Information Technology Services,UPTREND,MOVING DOWN,,No active BUY transition
JMSB,UNCHANGED,UNCHANGED,,SELL,"Aug 13, 2026",Financials,Banks - Regional,,,,Previously inactive symbol is absent
JNJ,LEADER,🚀 LEADER,BUY,BUY,"Jul 28, 2026",Health Care,Drug Manufacturers - General,UPTREND,MOVING UP,,Sustained BUY with confirmed trend and momentum
JOE,REMOVED,❌ REMOVED,,BUY,"Aug 04, 2026",Real Estate,Real Estate - Diversified,,,,Prior BUY is missing or no longer rated BUY
JOUT,UNCHANGED,UNCHANGED,,SELL,"Aug 19, 2026",Discretionary,Leisure,,,,Previously inactive symbol is absent
JOYY,UNCHANGED,UNCHANGED,,SELL,"Aug 07, 2026",Communication,Internet Content & Information,,,,Previously inactive symbol is absent
JPM,UNCHANGED,UNCHANGED,SELL,SELL,"Jul 30, 2026",Financials,Banks - Diversified,UPTREND,MOVING DOWN,,No active BUY transition
JXN,UNCHANGED,UNCHANGED,,SELL,"Aug 17, 2026",Financials,Insurance - Life,,,,Previously inactive symbol is absent
KAI,UNCHANGED,UNCHANGED,,SELL,"Aug 19, 2026",Industrials,Specialty Industrial Machinery,,,,Previously inactive symbol is absent
KALU,REMOVED,❌ REMOVED,,BUY,"Aug 07, 2026",Materials,Aluminum,,,,Prior BUY is missing or no longer rated BUY
KARO,UNCHANGED,UNCHANGED,,SELL,"Jul 29, 2026",Technology,Software - Application,,,,Previously inactive symbol is absent
KB,UNCHANGED,UNCHANGED,,SELL,"Jul 29, 2026",Financials,Banks - Regional,,,,Previously inactive symbol is absent
KBH,UNCHANGED,UNCHANGED,,SELL,"Aug 14, 2026",Discretionary,Residential Construction,,,,Previously inactive symbol is absent
KBR,REMOVED,❌ REMOVED,SELL,BUY,"Aug 21, 2026",Industrials,Engineering & Construction,UPTREND,MOVING DOWN,,Prior BUY is missing or no longer rated BUY
KC,UNCHANGED,UNCHANGED,SELL,,"Aug 12, 2026",Technology,Software - Application,UPTREND,MOVING UP,,No active BUY transition
KD,UNCHANGED,UNCHANGED,SELL,,"Aug 10, 2026",Technology,Information Technology Services,DOWNTREND,MOVING DOWN,,No active BUY transition
KDP,EMERGING,🔥 EMERGING,BUY,SELL,"Aug 21, 2026",Staples,Beverages - Non-Alcoholic,UPTREND,MOVING UP,,New BUY with rising trend and accelerating momentum
KE,UNCHANGED,UNCHANGED,,,,Industrials,Electrical Equipment & Parts,,,,Previously inactive symbol is absent
KEP,UNCHANGED,UNCHANGED,SELL,,"Aug 14, 2026",Utilities,Utilities - Regulated Electric,DOWNTREND,MOVING DOWN,,No active BUY transition
KEQU,UNCHANGED,UNCHANGED,,,,Discretionary,Furnishings Fixtures & Appliances,,,,Previously inactive symbol is absent
KEX,UNCHANGED,UNCHANGED,,SELL,"Jul 30, 2026",Industrials,Marine Shipping,,,,Previously inactive symbol is absent
KEY,REMOVED,❌ REMOVED,SELL,BUY,"Aug 20, 2026",Financials,Banks - Regional,DOWNTREND,MOVING DOWN,,Prior BUY is missing or no longer rated BUY
KEYS,REMOVED,❌ REMOVED,SELL,BUY,"Aug 21, 2026",Technology,Scientific & Technical Instruments,NEUTRAL,MOVING DOWN,,Prior BUY is missing or no longer rated BUY
KF,UNCHANGED,UNCHANGED,,,,Financials,Closed-End Fund - Foreign,,,,Previously inactive symbol is absent
KFRC,UNCHANGED,UNCHANGED,,SELL,"Jul 30, 2026",Industrials,Staffing & Employment Services,,,,Previously inactive symbol is absent
KFY,UNCHANGED,UNCHANGED,,SELL,"Aug 12, 2026",Industrials,Staffing & Employment Services,,,,Previously inactive symbol is absent
KGC,LEADER,🚀 LEADER,BUY,BUY,"Aug 07, 2026",Materials,Gold,UPTREND,MOVING UP,,Sustained BUY with confirmed trend and momentum
KGS,UNCHANGED,UNCHANGED,,,,Energy,Oil & Gas Equipment & Services,DOWNTREND,,,No active BUY transition
KHC,UNCHANGED,UNCHANGED,SELL,SELL,"Jul 24, 2026",Staples,Packaged Foods,NEUTRAL,MOVING UP,,No active BUY transition
KIDS,UNCHANGED,UNCHANGED,,,,Health Care,Medical Devices,,,,Previously inactive symbol is absent
KIM,UNCHANGED,UNCHANGED,SELL,SELL,"Aug 03, 2026",Real Estate,REIT - Retail,DOWNTREND,MOVING DOWN,,No active BUY transition
KKR,REMOVED,❌ REMOVED,SELL,BUY,"Aug 21, 2026",Financials,Asset Management,UPTREND,MOVING DOWN,,Prior BUY is missing or no longer rated BUY
KLAC,UNCHANGED,UNCHANGED,SELL,SELL,"Jul 02, 2026",Technology,Semiconductor Equipment & Materials,DOWNTREND,MOVING UP,,No active BUY transition
KLIC,UNCHANGED,UNCHANGED,,SELL,"Jul 08, 2026",Technology,Semiconductor Equipment & Materials,,,,Previously inactive symbol is absent
KMB,UNCHANGED,UNCHANGED,SELL,SELL,"Aug 11, 2026",Staples,Household & Personal Products,NEUTRAL,MOVING DOWN,,No active BUY transition
KMI,ACTIVE_BUY,ACTIVE BUY,BUY,BUY,"Aug 18, 2026",Energy,Oil & Gas Midstream,NEUTRAL,MOVING UP,,BUY remains active without a higher-priority setup
KMPR,UNCHANGED,UNCHANGED,,SELL,"Aug 11, 2026",Financials,Insurance - Property & Casualty,,,,Previously inactive symbol is absent
KMT,UNCHANGED,UNCHANGED,SELL,SELL,"Aug 07, 2026",Industrials,Tools & Accessories,DOWNTREND,MOVING DOWN,,No active BUY transition
KMTS,UNCHANGED,UNCHANGED,,,,Health Care,Medical Instruments & Supplies,,,,Previously inactive symbol is absent
KMX,UNCHANGED,UNCHANGED,SELL,SELL,"Jul 27, 2026",Discretionary,Auto & Truck Dealerships,UPTREND,MOVING UP,,No active BUY transition
KN,UNCHANGED,UNCHANGED,,SELL,"Aug 19, 2026",Technology,Electronic Components,,,,Previously inactive symbol is absent
KNF,UNCHANGED,UNCHANGED,,,,Materials,Building Materials,,,,Previously inactive symbol is absent
KNSA,REMOVED,❌ REMOVED,,BUY,"Aug 19, 2026",Health Care,Drug Manufacturers - Specialty & Generic,,,,Prior BUY is missing or no longer rated BUY
KNSL,UNCHANGED,UNCHANGED,,SELL,"Aug 19, 2026",Financials,Insurance - Property & Casualty,,,,Previously inactive symbol is absent
KNTK,REMOVED,❌ REMOVED,,BUY,"Aug 12, 2026",Energy,Oil & Gas Midstream,,,,Prior BUY is missing or no longer rated BUY
KNX,UNCHANGED,UNCHANGED,SELL,SELL,"Jul 24, 2026",Industrials,Trucking,DOWNTREND,MOVING UP,,No active BUY transition
KO,LEADER,🚀 LEADER,BUY,BUY,"Jul 30, 2026",Staples,Beverages - Non-Alcoholic,UPTREND,MOVING UP,,Sustained BUY with confirmed trend and momentum
KOD,UNCHANGED,UNCHANGED,,SELL,"Aug 18, 2026",Health Care,Biotechnology,,,,Previously inactive symbol is absent
KOF,REMOVED,❌ REMOVED,,BUY,"Jul 29, 2026",Staples,Beverages - Non-Alcoholic,,,,Prior BUY is missing or no longer rated BUY
KOP,UNCHANGED,UNCHANGED,,,,Materials,Specialty Chemicals,,,,Previously inactive symbol is absent
KRG,UNCHANGED,UNCHANGED,SELL,SELL,"Aug 03, 2026",Real Estate,REIT - Retail,DOWNTREND,MOVING DOWN,,No active BUY transition
KRMN,UNCHANGED,UNCHANGED,,,,Industrials,Aerospace & Defense,NEUTRAL,,,No active BUY transition
KRT,REMOVED,❌ REMOVED,,BUY,"Aug 11, 2026",Discretionary,Packaging & Containers,,,,Prior BUY is missing or no longer rated BUY
KRUS,UNCHANGED,UNCHANGED,,SELL,"Aug 19, 2026",Discretionary,Restaurants,,,,Previously inactive symbol is absent
KRYS,UNCHANGED,UNCHANGED,,SELL,"Aug 04, 2026",Health Care,Biotechnology,,,,Previously inactive symbol is absent
KSS,UNCHANGED,UNCHANGED,SELL,,"Aug 12, 2026",Discretionary,Department Stores,NEUTRAL,MOVING DOWN,,No active BUY transition
KT,EMERGING,🔥 EMERGING,BUY,,"Jul 27, 2026",Communication,Telecom Services,UPTREND,MOVING UP,,New BUY with rising trend and accelerating momentum
KTB,UNCHANGED,UNCHANGED,,SELL,"Aug 03, 2026",Discretionary,Apparel Manufacturing,,,,Previously inactive symbol is absent
KTOS,LEADER,🚀 LEADER,BUY,BUY,"Aug 06, 2026",Industrials,Aerospace & Defense,UPTREND,MOVING UP,,Sustained BUY with confirmed trend and momentum
KURA,EMERGING,🔥 EMERGING,BUY,,"Aug 18, 2026",Health Care,Biotechnology,UPTREND,MOVING UP,,New BUY with rising trend and accelerating momentum
KVUE,UNCHANGED,UNCHANGED,,,,Staples,Household & Personal Products,NEUTRAL,,,No active BUY transition
KVYO,UNCHANGED,UNCHANGED,,,,Technology,Software - Application,UPTREND,,,No active BUY transition
KWR,REMOVED,❌ REMOVED,,BUY,"Jul 31, 2026",Materials,Specialty Chemicals,,,,Prior BUY is missing or no longer rated BUY
KYMR,REMOVED,❌ REMOVED,,BUY,"Aug 13, 2026",Health Care,Biotechnology,,,,Prior BUY is missing or no longer rated BUY
L,UNCHANGED,UNCHANGED,,SELL,"Aug 07, 2026",Financials,Insurance - Property & Casualty,,,,Previously inactive symbol is absent
LAD,UNCHANGED,UNCHANGED,,SELL,"Aug 14, 2026",Discretionary,Auto & Truck Dealerships,,,,Previously inactive symbol is absent
LAMR,UNCHANGED,UNCHANGED,,SELL,"Jul 27, 2026",Real Estate,REIT - Specialty,,,,Previously inactive symbol is absent
LARK,UNCHANGED,UNCHANGED,,SELL,"Aug 04, 2026",Financials,Banks - Regional,,,,Previously inactive symbol is absent
LASR,UNCHANGED,UNCHANGED,SELL,SELL,"Aug 10, 2026",Technology,Semiconductors,DOWNTREND,MOVING DOWN,,No active BUY transition
LAUR,REMOVED,❌ REMOVED,,BUY,"Aug 19, 2026",Staples,Education & Training Services,,,,Prior BUY is missing or no longer rated BUY
LAZ,REMOVED,❌ REMOVED,SELL,BUY,"Aug 21, 2026",Financials,Capital Markets,NEUTRAL,MOVING DOWN,,Prior BUY is missing or no longer rated BUY
LB,UNCHANGED,UNCHANGED,,,,Energy,Oil & Gas Equipment & Services,,,,Previously inactive symbol is absent
LBRDA,REMOVED,❌ REMOVED,,BUY,"Jul 30, 2026",Communication,Telecom Services,,,,Prior BUY is missing or no longer rated BUY
LBRDK,REMOVED,❌ REMOVED,SELL,BUY,"Aug 20, 2026",Communication,Telecom Services,UPTREND,MOVING DOWN,,Prior BUY is missing or no longer rated BUY
LBRX,UNCHANGED,UNCHANGED,,,,Health Care,Biotechnology,,,,Previously inactive symbol is absent
LCII,UNCHANGED,UNCHANGED,,SELL,"Aug 03, 2026",Discretionary,Recreational Vehicles,,,,Previously inactive symbol is absent
LCNB,UNCHANGED,UNCHANGED,,SELL,"Aug 07, 2026",Financials,Banks - Regional,,,,Previously inactive symbol is absent
LDOS,LEADER,🚀 LEADER,BUY,BUY,"Jul 28, 2026",Technology,Information Technology Services,UPTREND,MOVING UP,,Sustained BUY with confirmed trend and momentum
LDP,UNCHANGED,UNCHANGED,,SELL,"Jul 20, 2026",Financials,Closed-End Fund - Debt,,,,Previously inactive symbol is absent
LEA,UNCHANGED,UNCHANGED,,SELL,"Aug 04, 2026",Discretionary,Auto Parts,,,,Previously inactive symbol is absent
LECO,REMOVED,❌ REMOVED,,BUY,"Aug 04, 2026",Industrials,Tools & Accessories,,,,Prior BUY is missing or no longer rated BUY
LEGH,REMOVED,❌ REMOVED,,BUY,"Aug 06, 2026",Discretionary,Residential Construction,,,,Prior BUY is missing or no longer rated BUY
LEN,ACTIVE_BUY,ACTIVE BUY,BUY,BUY,"Aug 10, 2026",Discretionary,Residential Construction,NEUTRAL,MOVING UP,,BUY remains active without a higher-priority setup
LEN/B,REMOVED,❌ REMOVED,,BUY,"Aug 06, 2026",Discretionary,Homebuilding,,,,Prior BUY is missing or no longer rated BUY
LEU,REMOVED,❌ REMOVED,,BUY,"Jul 28, 2026",Energy,Uranium,,,,Prior BUY is missing or no longer rated BUY
LEVI,UNCHANGED,UNCHANGED,SELL,SELL,"Aug 03, 2026",Discretionary,Apparel Manufacturing,DOWNTREND,MOVING DOWN,,No active BUY transition
LFST,NEW_BUY,NEW BUY,BUY,,"Aug 11, 2026",Health Care,Medical Care Facilities,UPTREND,MOVING DOWN,,BUY triggered since the previous file
LFUS,REMOVED,❌ REMOVED,,BUY,"Aug 04, 2026",Technology,Electronic Components,,,,Prior BUY is missing or no longer rated BUY
LGIH,UNCHANGED,UNCHANGED,,SELL,"Aug 11, 2026",Discretionary,Residential Construction,,,,Previously inactive symbol is absent
LGN,UNCHANGED,UNCHANGED,,,,Industrials,Engineering & Construction,DOWNTREND,,,No active BUY transition
LGND,UNCHANGED,UNCHANGED,,SELL,"Jul 10, 2026",Health Care,Biotechnology,,,,Previously inactive symbol is absent
LH,REMOVED,❌ REMOVED,,BUY,"Jul 28, 2026",Health Care,Diagnostics & Research,,,,Prior BUY is missing or no longer rated BUY
LHX,UNCHANGED,UNCHANGED,SELL,SELL,"Jul 31, 2026",Industrials,Aerospace & Defense,DOWNTREND,MOVING DOWN,,No active BUY transition
LI,UNCHANGED,UNCHANGED,SELL,,"Aug 07, 2026",Discretionary,Auto Manufacturers,DOWNTREND,MOVING UP,,No active BUY transition
LIF,UNCHANGED,UNCHANGED,,,,Technology,Software - Application,,,,Previously inactive symbol is absent
LII,UNCHANGED,UNCHANGED,,SELL,"Jul 13, 2026",Industrials,Building Products & Equipment,,,,Previously inactive symbol is absent
LIN,UNCHANGED,UNCHANGED,SELL,SELL,"Jul 15, 2026",Materials,Specialty Chemicals,DOWNTREND,MOVING UP,,No active BUY transition
LINC,UNCHANGED,UNCHANGED,,SELL,"Jul 16, 2026",Staples,Education & Training Services,,,,Previously inactive symbol is absent
LIND,UNCHANGED,UNCHANGED,,SELL,"Aug 19, 2026",Discretionary,Travel Services,,,,Previously inactive symbol is absent
LINE,UNCHANGED,UNCHANGED,,,,Real Estate,REIT - Industrial,,,,Previously inactive symbol is absent
LITE,LEADER,🚀 LEADER,BUY,BUY,"Aug 07, 2026",Technology,Communication Equipment,UPTREND,MOVING UP,,Sustained BUY with confirmed trend and momentum
LIVN,REMOVED,❌ REMOVED,,BUY,"Aug 18, 2026",Health Care,Medical Devices,,,,Prior BUY is missing or no longer rated BUY
LKFN,UNCHANGED,UNCHANGED,,SELL,"Aug 11, 2026",Financials,Banks - Regional,,,,Previously inactive symbol is absent
LKFT,UNCHANGED,UNCHANGED,,SELL,"Jul 15, 2026",Health Care,Biotechnology,,,,Previously inactive symbol is absent
LKQ,LEADER,🚀 LEADER,BUY,BUY,"Aug 18, 2026",Discretionary,Auto Parts,UPTREND,MOVING UP,,Sustained BUY with confirmed trend and momentum
LLY,EMERGING,🔥 EMERGING,BUY,SELL,"Aug 20, 2026",Health Care,Drug Manufacturers - General,UPTREND,MOVING UP,,New BUY with rising trend and accelerating momentum
LMAT,UNCHANGED,UNCHANGED,,SELL,"Jul 24, 2026",Health Care,Medical Instruments & Supplies,,,,Previously inactive symbol is absent
LMND,UNCHANGED,UNCHANGED,SELL,SELL,"Jul 16, 2026",Financials,Insurance - Property & Casualty,DOWNTREND,MOVING DOWN,,No active BUY transition
LMT,REMOVED,❌ REMOVED,SELL,BUY,"Aug 21, 2026",Industrials,Aerospace & Defense,UPTREND,MOVING DOWN,,Prior BUY is missing or no longer rated BUY
LNC,UNCHANGED,UNCHANGED,SELL,SELL,"Aug 13, 2026",Financials,Insurance - Life,UPTREND,MOVING DOWN,,No active BUY transition
LNG,LEADER,🚀 LEADER,BUY,BUY,"Aug 13, 2026",Energy,Oil & Gas Midstream,UPTREND,MOVING UP,,Sustained BUY with confirmed trend and momentum
LNN,UNCHANGED,UNCHANGED,,SELL,"Aug 19, 2026",Industrials,Farm & Heavy Construction Machinery,,,,Previously inactive symbol is absent
LNT,UNCHANGED,UNCHANGED,SELL,SELL,"Jul 15, 2026",Utilities,Utilities - Regulated Electric,DOWNTREND,MOVING UP,,No active BUY transition
LNTH,UNCHANGED,UNCHANGED,SELL,SELL,"Jul 08, 2026",Health Care,Drug Manufacturers - Specialty & Generic,DOWNTREND,MOVING UP,,No active BUY transition
LOAR,UNCHANGED,UNCHANGED,,,,Industrials,Aerospace & Defense,,,,Previously inactive symbol is absent
LOB,REMOVED,❌ REMOVED,,BUY,"Aug 04, 2026",Financials,Banks - Regional,,,,Prior BUY is missing or no longer rated BUY
LOGI,UNCHANGED,UNCHANGED,SELL,SELL,"Aug 17, 2026",Technology,Computer Hardware,DOWNTREND,MOVING DOWN,,No active BUY transition
LOPE,UNCHANGED,UNCHANGED,,SELL,"Aug 13, 2026",Staples,Education & Training Services,,,,Previously inactive symbol is absent
LOW,LEADER,🚀 LEADER,BUY,BUY,"Aug 06, 2026",Discretionary,Home Improvement Retail,UPTREND,MOVING UP,,Sustained BUY with confirmed trend and momentum
LPG,UNCHANGED,UNCHANGED,,SELL,"Aug 06, 2026",Energy,Oil & Gas Midstream,,,,Previously inactive symbol is absent
LPLA,UNCHANGED,UNCHANGED,,SELL,"Aug 19, 2026",Financials,Capital Markets,,,,Previously inactive symbol is absent
LPTH,EMERGING,🔥 EMERGING,BUY,,"Aug 11, 2026",Technology,Electronic Components,UPTREND,MOVING UP,,New BUY with rising trend and accelerating momentum
LPX,UNCHANGED,UNCHANGED,SELL,SELL,"Aug 17, 2026",Industrials,Building Products & Equipment,DOWNTREND,MOVING DOWN,,No active BUY transition
LQDA,UNCHANGED,UNCHANGED,SELL,SELL,"Aug 04, 2026",Health Care,Drug Manufacturers - Specialty & Generic,DOWNTREND,MOVING DOWN,,No active BUY transition
LQDT,REMOVED,❌ REMOVED,,BUY,"Aug 07, 2026",Discretionary,Internet Retail,,,,Prior BUY is missing or no longer rated BUY
LRCX,ACTIVE_BUY,ACTIVE BUY,BUY,BUY,"Aug 17, 2026",Technology,Semiconductor Equipment & Materials,NEUTRAL,MOVING UP,,BUY remains active without a higher-priority setup
LRN,UNCHANGED,UNCHANGED,SELL,SELL,"Aug 03, 2026",Staples,Education & Training Services,DOWNTREND,MOVING UP,,No active BUY transition
LTC,UNCHANGED,UNCHANGED,,SELL,"Aug 03, 2026",Real Estate,REIT - Healthcare Facilities,,,,Previously inactive symbol is absent
LTH,DETERIORATING,⚠️ DETERIORATING,BUY,BUY,"Aug 18, 2026",Discretionary,Leisure,UPTREND,MOVING DOWN,,Existing BUY momentum is weakening
LULU,UNCHANGED,UNCHANGED,SELL,SELL,"Aug 17, 2026",Discretionary,Apparel Retail,DOWNTREND,MOVING DOWN,,No active BUY transition
LUNR,UNCHANGED,UNCHANGED,SELL,,"Aug 21, 2026",Industrials,Aerospace & Defense,NEUTRAL,MOVING DOWN,,No active BUY transition
LUV,UNCHANGED,UNCHANGED,SELL,SELL,"Jul 08, 2026",Industrials,Airlines,DOWNTREND,MOVING DOWN,,No active BUY transition
LVS,UNCHANGED,UNCHANGED,SELL,SELL,"Aug 07, 2026",Discretionary,Resorts & Casinos,DOWNTREND,MOVING DOWN,,No active BUY transition
LW,UNCHANGED,UNCHANGED,SELL,SELL,"Aug 11, 2026",Staples,Packaged Foods,UPTREND,MOVING DOWN,,No active BUY transition
LWAY,UNCHANGED,UNCHANGED,,SELL,"Jul 23, 2026",Staples,Packaged Foods,,,,Previously inactive symbol is absent
LXP,UNCHANGED,UNCHANGED,,SELL,"Aug 07, 2026",Real Estate,REIT - Industrial,,,,Previously inactive symbol is absent
LYB,LEADER,🚀 LEADER,BUY,BUY,"Jul 22, 2026",Materials,Specialty Chemicals,UPTREND,MOVING UP,,Sustained BUY with confirmed trend and momentum
LYFT,UNCHANGED,UNCHANGED,SELL,,"Aug 19, 2026",Technology,Software - Application,UPTREND,MOVING DOWN,,No active BUY transition
LYTS,UNCHANGED,UNCHANGED,,SELL,"Jul 07, 2026",Technology,Electronic Components,,,,Previously inactive symbol is absent
LYV,DETERIORATING,⚠️ DETERIORATING,BUY,BUY,"Aug 11, 2026",Communication,Entertainment,UPTREND,MOVING DOWN,,Existing BUY momentum is weakening
LZB,UNCHANGED,UNCHANGED,,SELL,"Aug 18, 2026",Discretionary,Furnishings Fixtures & Appliances,,,,Previously inactive symbol is absent
M,UNCHANGED,UNCHANGED,SELL,SELL,"Aug 12, 2026",Discretionary,Department Stores,DOWNTREND,MOVING DOWN,,No active BUY transition
MA,UNCHANGED,UNCHANGED,SELL,SELL,"Aug 12, 2026",Financials,Credit Services,UPTREND,MOVING DOWN,,No active BUY transition
MAA,UNCHANGED,UNCHANGED,SELL,SELL,"Jul 14, 2026",Real Estate,REIT - Residential,DOWNTREND,MOVING DOWN,,No active BUY transition
MAC,UNCHANGED,UNCHANGED,SELL,SELL,"Jul 31, 2026",Real Estate,REIT - Retail,NEUTRAL,MOVING DOWN,,No active BUY transition
MAIN,REMOVED,❌ REMOVED,,BUY,"Jul 06, 2026",Financials,Asset Management,,,,Prior BUY is missing or no longer rated BUY
MAN,UNCHANGED,UNCHANGED,SELL,SELL,"Jul 30, 2026",Industrials,Staffing & Employment Services,UPTREND,MOVING DOWN,,No active BUY transition
MANH,REMOVED,❌ REMOVED,,BUY,"Jul 29, 2026",Technology,Software - Application,,,,Prior BUY is missing or no longer rated BUY
MANU,REMOVED,❌ REMOVED,,BUY,"Aug 19, 2026",Communication,Entertainment,,,,Prior BUY is missing or no longer rated BUY
MAR,UNCHANGED,UNCHANGED,SELL,SELL,"Aug 04, 2026",Discretionary,Lodging,DOWNTREND,MOVING UP,,No active BUY transition
MARA,UNCHANGED,UNCHANGED,SELL,,"Jul 02, 2026",Financials,Capital Markets,DOWNTREND,MOVING UP,,No active BUY transition
MAS,UNCHANGED,UNCHANGED,SELL,SELL,"Jul 13, 2026",Industrials,Building Products & Equipment,DOWNTREND,MOVING DOWN,,No active BUY transition
MAT,UNCHANGED,UNCHANGED,SELL,,"Aug 19, 2026",Discretionary,Leisure,UPTREND,MOVING DOWN,,No active BUY transition
MATW,UNCHANGED,UNCHANGED,,SELL,"Aug 10, 2026",Industrials,Conglomerates,,,,Previously inactive symbol is absent
MATX,REMOVED,❌ REMOVED,,BUY,"Aug 19, 2026",Industrials,Marine Shipping,,,,Prior BUY is missing or no longer rated BUY
MAYS,REMOVED,❌ REMOVED,,BUY,"Aug 11, 2026",Real Estate,Real Estate Services,,,,Prior BUY is missing or no longer rated BUY
MAZE,UNCHANGED,UNCHANGED,,,,Health Care,Biotechnology,,,,Previously inactive symbol is absent
MBIN,UNCHANGED,UNCHANGED,,SELL,"Aug 13, 2026",Financials,Banks - Regional,,,,Previously inactive symbol is absent
MBUU,UNCHANGED,UNCHANGED,,SELL,"Aug 18, 2026",Discretionary,Recreational Vehicles,,,,Previously inactive symbol is absent
MBWM,UNCHANGED,UNCHANGED,,SELL,"Aug 14, 2026",Financials,Banks - Regional,,,,Previously inactive symbol is absent
MBX,UNCHANGED,UNCHANGED,,,,Health Care,Biotechnology,,,,Previously inactive symbol is absent
MC,UNCHANGED,UNCHANGED,,SELL,"Aug 11, 2026",Financials,Capital Markets,,,,Previously inactive symbol is absent
MCB,UNCHANGED,UNCHANGED,,SELL,"Jul 23, 2026",Financials,Banks - Regional,,,,Previously inactive symbol is absent
MCBS,REMOVED,❌ REMOVED,,BUY,"Aug 12, 2026",Financials,Banks - Regional,,,,Prior BUY is missing or no longer rated BUY
MCD,UNCHANGED,UNCHANGED,SELL,SELL,"Aug 18, 2026",Discretionary,Restaurants,DOWNTREND,MOVING UP,,No active BUY transition
MCFT,REMOVED,❌ REMOVED,,BUY,"Aug 14, 2026",Discretionary,Recreational Vehicles,,,,Prior BUY is missing or no longer rated BUY
MCK,UNCHANGED,UNCHANGED,,SELL,"Aug 05, 2026",Health Care,Medical Distribution,,,,Previously inactive symbol is absent
MCO,UNCHANGED,UNCHANGED,,SELL,"Jul 27, 2026",Financials,Financial Data & Stock Exchanges,,,,Previously inactive symbol is absent
MCRI,UNCHANGED,UNCHANGED,,SELL,"Jul 01, 2026",Discretionary,Resorts & Casinos,,,,Previously inactive symbol is absent
MCS,REMOVED,❌ REMOVED,,BUY,"Jul 24, 2026",Communication,Entertainment,,,,Prior BUY is missing or no longer rated BUY
MCY,UNCHANGED,UNCHANGED,,SELL,"Jul 16, 2026",Financials,Insurance - Property & Casualty,,,,Previously inactive symbol is absent
MD,UNCHANGED,UNCHANGED,,SELL,"Jul 20, 2026",Health Care,Medical Care Facilities,,,,Previously inactive symbol is absent
MDB,DETERIORATING,⚠️ DETERIORATING,BUY,BUY,"Aug 04, 2026",Technology,Software - Infrastructure,UPTREND,MOVING DOWN,,Existing BUY momentum is weakening
MDGL,UNCHANGED,UNCHANGED,,SELL,"Jul 24, 2026",Health Care,Biotechnology,,,,Previously inactive symbol is absent
MDLZ,LEADER,🚀 LEADER,BUY,BUY,"Jul 27, 2026",Staples,Confectioners,UPTREND,MOVING UP,,Sustained BUY with confirmed trend and momentum
MDU,UNCHANGED,UNCHANGED,SELL,SELL,"Jul 02, 2026",Utilities,Utilities - Regulated Gas,DOWNTREND,MOVING UP,,No active BUY transition
MEC,UNCHANGED,UNCHANGED,,,,Industrials,Metal Fabrication,,,,Previously inactive symbol is absent
MEDP,UNCHANGED,UNCHANGED,,SELL,"Aug 17, 2026",Health Care,Diagnostics & Research,,,,Previously inactive symbol is absent
MELI,UNCHANGED,UNCHANGED,,SELL,"Aug 10, 2026",Discretionary,Internet Retail,,,,Previously inactive symbol is absent
MEOH,UNCHANGED,UNCHANGED,,SELL,"Aug 10, 2026",Materials,Chemicals,,,,Previously inactive symbol is absent
MET,UNCHANGED,UNCHANGED,SELL,SELL,"Aug 05, 2026",Financials,Insurance - Life,UPTREND,MOVING DOWN,,No active BUY transition
META,UNCHANGED,UNCHANGED,SELL,SELL,"Jul 24, 2026",Communication,Internet Content & Information,DOWNTREND,MOVING DOWN,,No active BUY transition
METC,NEW_BUY,NEW BUY,BUY,,"Aug 18, 2026",Materials,Coking Coal,NEUTRAL,MOVING UP,,BUY triggered since the previous file
MFC,UNCHANGED,UNCHANGED,SELL,SELL,"Aug 07, 2026",Financials,Insurance - Life,UPTREND,MOVING DOWN,,No active BUY transition
MFG,UNCHANGED,UNCHANGED,SELL,,"Aug 21, 2026",Financials,Banks - Regional,NEUTRAL,MOVING DOWN,,No active BUY transition
MGA,DETERIORATING,⚠️ DETERIORATING,BUY,BUY,"Jul 17, 2026",Discretionary,Auto Parts,UPTREND,MOVING DOWN,,Existing BUY momentum is weakening
MGEE,UNCHANGED,UNCHANGED,,SELL,"Jul 30, 2026",Utilities,Utilities - Regulated Electric,,,,Previously inactive symbol is absent
MGNI,LEADER,🚀 LEADER,BUY,BUY,"Aug 05, 2026",Communication,Advertising Agencies,UPTREND,MOVING UP,,Sustained BUY with confirmed trend and momentum
MGRC,REMOVED,❌ REMOVED,,BUY,"Aug 07, 2026",Industrials,Rental & Leasing Services,,,,Prior BUY is missing or no longer rated BUY
MGY,LEADER,🚀 LEADER,BUY,BUY,"Aug 14, 2026",Energy,Oil & Gas E&P,UPTREND,MOVING UP,,Sustained BUY with confirmed trend and momentum
MHK,REMOVED,❌ REMOVED,,BUY,"Jul 29, 2026",Discretionary,Furnishings Fixtures & Appliances,,,,Prior BUY is missing or no longer rated BUY
MHO,REMOVED,❌ REMOVED,,BUY,"Aug 12, 2026",Discretionary,Residential Construction,,,,Prior BUY is missing or no longer rated BUY
MIAX,UNCHANGED,UNCHANGED,,,,Financials,Capital Markets,DOWNTREND,,,No active BUY transition
MIDD,UNCHANGED,UNCHANGED,,SELL,"Jul 08, 2026",Industrials,Specialty Industrial Machinery,,,,Previously inactive symbol is absent
MIR,UNCHANGED,UNCHANGED,SELL,,"Jul 02, 2026",Industrials,Specialty Industrial Machinery,DOWNTREND,MOVING UP,,No active BUY transition
MIRM,UNCHANGED,UNCHANGED,,SELL,"Jul 07, 2026",Health Care,Biotechnology,,,,Previously inactive symbol is absent
MKC,LEADER,🚀 LEADER,BUY,BUY,"Aug 14, 2026",Staples,Packaged Foods,UPTREND,MOVING UP,,Sustained BUY with confirmed trend and momentum
MKL,UNCHANGED,UNCHANGED,,SELL,"Jul 31, 2026",Financials,Insurance - Property & Casualty,,,,Previously inactive symbol is absent
MKSI,UNCHANGED,UNCHANGED,SELL,SELL,"Jul 08, 2026",Technology,Scientific & Technical Instruments,DOWNTREND,MOVING UP,,No active BUY transition
MKTX,REMOVED,❌ REMOVED,SELL,BUY,"Aug 20, 2026",Financials,Capital Markets,UPTREND,MOVING DOWN,,Prior BUY is missing or no longer rated BUY
MLAB,REMOVED,❌ REMOVED,,BUY,"Jul 29, 2026",Technology,Scientific & Technical Instruments,,,,Prior BUY is missing or no longer rated BUY
MLI,REMOVED,❌ REMOVED,SELL,BUY,"Aug 20, 2026",Industrials,Metal Fabrication,DOWNTREND,MOVING DOWN,,Prior BUY is missing or no longer rated BUY
MLKN,UNCHANGED,UNCHANGED,,SELL,"Aug 17, 2026",Discretionary,Furnishings Fixtures & Appliances,,,,Previously inactive symbol is absent
MLM,UNCHANGED,UNCHANGED,,SELL,"Jul 09, 2026",Materials,Building Materials,,,,Previously inactive symbol is absent
MLR,REMOVED,❌ REMOVED,,BUY,"Aug 07, 2026",Discretionary,Auto Parts,,,,Prior BUY is missing or no longer rated BUY
MLTX,UNCHANGED,UNCHANGED,SELL,,"Jul 23, 2026",Health Care,Biotechnology,DOWNTREND,MOVING DOWN,,No active BUY transition
MLYS,UNCHANGED,UNCHANGED,,,,Health Care,Biotechnology,,,,Previously inactive symbol is absent
MMI,REMOVED,❌ REMOVED,,BUY,"Aug 07, 2026",Real Estate,Real Estate Services,,,,Prior BUY is missing or no longer rated BUY
MMM,REMOVED,❌ REMOVED,SELL,BUY,"Aug 20, 2026",Industrials,Conglomerates,UPTREND,MOVING DOWN,,Prior BUY is missing or no longer rated BUY
MMS,UNCHANGED,UNCHANGED,,SELL,"Aug 11, 2026",Industrials,Specialty Business Services,,,,Previously inactive symbol is absent
MMSI,REMOVED,❌ REMOVED,SELL,BUY,"Aug 20, 2026",Health Care,Medical Instruments & Supplies,UPTREND,MOVING DOWN,,Prior BUY is missing or no longer rated BUY
MMYT,REMOVED,❌ REMOVED,,BUY,"Aug 04, 2026",Discretionary,Travel Services,,,,Prior BUY is missing or no longer rated BUY
MNDY,EMERGING,🔥 EMERGING,BUY,SELL,"Aug 21, 2026",Technology,Software - Application,UPTREND,MOVING UP,,New BUY with rising trend and accelerating momentum
MNPR,UNCHANGED,UNCHANGED,,SELL,"Aug 12, 2026",Health Care,Biotechnology,,,,Previously inactive symbol is absent
MNRO,UNCHANGED,UNCHANGED,SELL,,"Jul 24, 2026",Discretionary,Auto Parts,DOWNTREND,MOVING DOWN,,No active BUY transition
MNTN,UNCHANGED,UNCHANGED,,,,Technology,Software - Application,UPTREND,,,No active BUY transition
MO,UNCHANGED,UNCHANGED,SELL,SELL,"Jul 10, 2026",Staples,Tobacco,DOWNTREND,MOVING DOWN,,No active BUY transition
MOG/A,REMOVED,❌ REMOVED,,BUY,"Aug 18, 2026",Industrials,Aerospace & Defense,,,,Prior BUY is missing or no longer rated BUY
MOH,UNCHANGED,UNCHANGED,SELL,SELL,"Jul 17, 2026",Health Care,Healthcare Plans,DOWNTREND,MOVING UP,,No active BUY transition
MORN,REMOVED,❌ REMOVED,,BUY,"Jul 15, 2026",Financials,Financial Data & Stock Exchanges,,,,Prior BUY is missing or no longer rated BUY
MOS,UNCHANGED,UNCHANGED,SELL,SELL,"Aug 17, 2026",Materials,Agricultural Inputs,NEUTRAL,MOVING UP,,No active BUY transition
MP,REMOVED,❌ REMOVED,SELL,BUY,"Aug 21, 2026",Materials,Other Industrial Metals & Mining,UPTREND,MOVING DOWN,,Prior BUY is missing or no longer rated BUY
MPB,UNCHANGED,UNCHANGED,,SELL,"Aug 17, 2026",Financials,Banks - Regional,,,,Previously inactive symbol is absent
MPC,LEADER,🚀 LEADER,BUY,BUY,"Aug 14, 2026",Energy,Oil & Gas Refining & Marketing,UPTREND,MOVING UP,,Sustained BUY with confirmed trend and momentum
MPLX,UNCHANGED,UNCHANGED,SELL,SELL,"Aug 17, 2026",Energy,Oil & Gas Midstream,UPTREND,MOVING DOWN,,No active BUY transition
MPTI,UNCHANGED,UNCHANGED,,,,Technology,Electronic Components,,,,Previously inactive symbol is absent
MPWR,REMOVED,❌ REMOVED,,BUY,"Aug 11, 2026",Technology,Semiconductors,,,,Prior BUY is missing or no longer rated BUY
MQ,UNCHANGED,UNCHANGED,,,,Technology,Software - Infrastructure,DOWNTREND,,,No active BUY transition
MRAM,NEW_BUY,NEW BUY,BUY,,"Aug 17, 2026",Technology,Semiconductors,NEUTRAL,MOVING UP,,BUY triggered since the previous file
MRBK,UNCHANGED,UNCHANGED,,SELL,"Aug 03, 2026",Financials,Banks - Regional,,,,Previously inactive symbol is absent
MRCY,REMOVED,❌ REMOVED,,BUY,"Aug 07, 2026",Industrials,Aerospace & Defense,,,,Prior BUY is missing or no longer rated BUY
MRK,LEADER,🚀 LEADER,BUY,BUY,"Aug 17, 2026",Health Care,Drug Manufacturers - General,UPTREND,MOVING UP,,Sustained BUY with confirmed trend and momentum
MRNA,LEADER,🚀 LEADER,BUY,BUY,"Aug 14, 2026",Health Care,Biotechnology,UPTREND,MOVING UP,,Sustained BUY with confirmed trend and momentum
MRP,UNCHANGED,UNCHANGED,,,,Real Estate,REIT - Residential,UPTREND,,,No active BUY transition
MRSH,UNCHANGED,UNCHANGED,SELL,SELL,"Aug 18, 2026",Financials,Insurance Brokers,UPTREND,MOVING DOWN,,No active BUY transition
MRVL,LEADER,🚀 LEADER,BUY,BUY,"Aug 14, 2026",Technology,Semiconductors,UPTREND,MOVING UP,,Sustained BUY with confirmed trend and momentum
MS,REMOVED,❌ REMOVED,SELL,BUY,"Aug 21, 2026",Financials,Capital Markets,DOWNTREND,MOVING DOWN,,Prior BUY is missing or no longer rated BUY
MSA,REMOVED,❌ REMOVED,,BUY,"Jun 29, 2026",Industrials,Security & Protection Services,,,,Prior BUY is missing or no longer rated BUY
MSBI,UNCHANGED,UNCHANGED,,,,Financials,Banks - Regional,,,,Previously inactive symbol is absent
MSCI,UNCHANGED,UNCHANGED,,SELL,"Jul 23, 2026",Financials,Financial Data & Stock Exchanges,,,,Previously inactive symbol is absent
MSFT,REMOVED,❌ REMOVED,SELL,BUY,"Aug 21, 2026",Technology,Software - Infrastructure,UPTREND,MOVING DOWN,,Prior BUY is missing or no longer rated BUY
MSGE,UNCHANGED,UNCHANGED,,,,Communication,Entertainment,,,,Previously inactive symbol is absent
MSGS,REMOVED,❌ REMOVED,,BUY,"Aug 14, 2026",Communication,Entertainment,,,,Prior BUY is missing or no longer rated BUY
MSI,REMOVED,❌ REMOVED,,BUY,"Jul 28, 2026",Technology,Communication Equipment,,,,Prior BUY is missing or no longer rated BUY
MSTR,EMERGING,🔥 EMERGING,BUY,,"Aug 21, 2026",Technology,Software - Application,UPTREND,MOVING UP,,New BUY with rising trend and accelerating momentum
MT,REMOVED,❌ REMOVED,SELL,BUY,"Aug 20, 2026",Materials,Steel,UPTREND,MOVING DOWN,,Prior BUY is missing or no longer rated BUY
MTB,UNCHANGED,UNCHANGED,SELL,SELL,"Aug 03, 2026",Financials,Banks - Regional,DOWNTREND,MOVING DOWN,,No active BUY transition
MTCH,EMERGING,🔥 EMERGING,BUY,SELL,"Aug 21, 2026",Communication,Internet Content & Information,UPTREND,MOVING UP,,New BUY with rising trend and accelerating momentum
MTD,UNCHANGED,UNCHANGED,,SELL,"Aug 14, 2026",Health Care,Diagnostics & Research,,,,Previously inactive symbol is absent
MTDR,LEADER,🚀 LEADER,BUY,BUY,"Aug 13, 2026",Energy,Oil & Gas E&P,UPTREND,MOVING UP,,Sustained BUY with confirmed trend and momentum
MTG,UNCHANGED,UNCHANGED,SELL,SELL,"Aug 10, 2026",Financials,Insurance - Specialty,UPTREND,MOVING DOWN,,No active BUY transition
MTH,UNCHANGED,UNCHANGED,,SELL,"Jul 09, 2026",Discretionary,Residential Construction,,,,Previously inactive symbol is absent
MTN,UNCHANGED,UNCHANGED,,SELL,"Jul 23, 2026",Discretionary,Resorts & Casinos,,,,Previously inactive symbol is absent
MTRN,REMOVED,❌ REMOVED,,BUY,"Aug 10, 2026",Materials,Other Industrial Metals & Mining,,,,Prior BUY is missing or no longer rated BUY
MTSI,REMOVED,❌ REMOVED,SELL,BUY,"Aug 21, 2026",Technology,Semiconductors,DOWNTREND,MOVING DOWN,,Prior BUY is missing or no longer rated BUY
MTUS,UNCHANGED,UNCHANGED,,SELL,"Aug 19, 2026",Materials,Steel,,,,Previously inactive symbol is absent
MTX,UNCHANGED,UNCHANGED,,SELL,"Aug 13, 2026",Materials,Specialty Chemicals,,,,Previously inactive symbol is absent
MTZ,UNCHANGED,UNCHANGED,SELL,SELL,"Jul 08, 2026",Industrials,Engineering & Construction,DOWNTREND,MOVING UP,,No active BUY transition
MU,LEADER,🚀 LEADER,BUY,BUY,"Aug 17, 2026",Technology,Semiconductors,UPTREND,MOVING UP,,Sustained BUY with confirmed trend and momentum
MUFG,REMOVED,❌ REMOVED,SELL,BUY,"Aug 20, 2026",Financials,Banks - Diversified,UPTREND,MOVING DOWN,,Prior BUY is missing or no longer rated BUY
MUR,UNCHANGED,UNCHANGED,SELL,SELL,"Aug 07, 2026",Energy,Oil & Gas E&P,NEUTRAL,MOVING UP,,No active BUY transition
MUSA,UNCHANGED,UNCHANGED,,SELL,"Jul 29, 2026",Discretionary,Specialty Retail,,,,Previously inactive symbol is absent
MWA,UNCHANGED,UNCHANGED,SELL,SELL,"Aug 18, 2026",Industrials,Specialty Industrial Machinery,DOWNTREND,MOVING DOWN,,No active BUY transition
MXF,UNCHANGED,UNCHANGED,,SELL,"Aug 17, 2026",Financials,Closed-End Fund - Foreign,,,,Previously inactive symbol is absent
MXL,REMOVED,❌ REMOVED,SELL,BUY,"Aug 21, 2026",Technology,Semiconductors,DOWNTREND,MOVING UP,,Prior BUY is missing or no longer rated BUY
MYE,UNCHANGED,UNCHANGED,,SELL,"Aug 14, 2026",Discretionary,Packaging & Containers,,,,Previously inactive symbol is absent
MYFW,UNCHANGED,UNCHANGED,,SELL,"Jul 13, 2026",Financials,Banks - Regional,,,,Previously inactive symbol is absent
MYRG,UNCHANGED,UNCHANGED,,SELL,"Jul 07, 2026",Industrials,Engineering & Construction,,,,Previously inactive symbol is absent
MZTI,REMOVED,❌ REMOVED,,BUY,"Aug 10, 2026",Staples,Packaged Foods,,,,Prior BUY is missing or no longer rated BUY
NATH,UNCHANGED,UNCHANGED,,SELL,"Jul 07, 2026",Discretionary,Restaurants,,,,Previously inactive symbol is absent
NATL,UNCHANGED,UNCHANGED,,,,Technology,Software - Application,,,,Previously inactive symbol is absent
NBBK,UNCHANGED,UNCHANGED,,,,Financials,Banks - Regional,,,,Previously inactive symbol is absent
NBHC,UNCHANGED,UNCHANGED,,SELL,"Jul 24, 2026",Financials,Banks - Regional,,,,Previously inactive symbol is absent
NBIX,UNCHANGED,UNCHANGED,SELL,SELL,"Aug 04, 2026",Health Care,Drug Manufacturers - Specialty & Generic,DOWNTREND,MOVING DOWN,,No active BUY transition
NBN,REMOVED,❌ REMOVED,,BUY,"Aug 12, 2026",Financials,Banks - Regional,,,,Prior BUY is missing or no longer rated BUY
NBTB,UNCHANGED,UNCHANGED,,SELL,"Aug 06, 2026",Financials,Banks - Regional,,,,Previously inactive symbol is absent
NCLH,UNCHANGED,UNCHANGED,SELL,,"Aug 10, 2026",Discretionary,Travel Services,DOWNTREND,MOVING DOWN,,No active BUY transition
NCNO,EMERGING,🔥 EMERGING,BUY,SELL,"Aug 20, 2026",Technology,Software - Application,UPTREND,MOVING UP,,New BUY with rising trend and accelerating momentum
NCSM,REMOVED,❌ REMOVED,,BUY,"Aug 04, 2026",Energy,Oil & Gas Equipment & Services,,,,Prior BUY is missing or no longer rated BUY
NDAQ,UNCHANGED,UNCHANGED,SELL,SELL,"Aug 06, 2026",Financials,Financial Data & Stock Exchanges,UPTREND,MOVING DOWN,,No active BUY transition
NDSN,REMOVED,❌ REMOVED,,BUY,"Jul 27, 2026",Industrials,Specialty Industrial Machinery,,,,Prior BUY is missing or no longer rated BUY
NE,LEADER,🚀 LEADER,BUY,BUY,"Aug 11, 2026",Energy,Oil & Gas Drilling,UPTREND,MOVING UP,,Sustained BUY with confirmed trend and momentum
NECB,UNCHANGED,UNCHANGED,,SELL,"Jul 10, 2026",Financials,Banks - Regional,,,,Previously inactive symbol is absent
NEE,UNCHANGED,UNCHANGED,SELL,SELL,"Aug 03, 2026",Utilities,Utilities - Regulated Electric,DOWNTREND,MOVING UP,,No active BUY transition
NEM,LEADER,🚀 LEADER,BUY,BUY,"Aug 06, 2026",Materials,Gold,UPTREND,MOVING UP,,Sustained BUY with confirmed trend and momentum
NEN,UNCHANGED,UNCHANGED,,,,Real Estate,Real Estate Services,,,,Previously inactive symbol is absent
NEO,EMERGING,🔥 EMERGING,BUY,,"Aug 04, 2026",Health Care,Diagnostics & Research,UPTREND,MOVING UP,,New BUY with rising trend and accelerating momentum
NEOG,NEW_BUY,NEW BUY,BUY,,"Aug 04, 2026",Health Care,Medical Devices,UPTREND,MOVING DOWN,,BUY triggered since the previous file
NESR,LEADER,🚀 LEADER,BUY,BUY,"Aug 06, 2026",Energy,Oil & Gas Equipment & Services,UPTREND,MOVING UP,,Sustained BUY with confirmed trend and momentum
NET,UNCHANGED,UNCHANGED,SELL,SELL,"Aug 17, 2026",Technology,Software - Infrastructure,UPTREND,MOVING DOWN,,No active BUY transition
NEU,REMOVED,❌ REMOVED,,BUY,"Jul 30, 2026",Materials,Specialty Chemicals,,,,Prior BUY is missing or no longer rated BUY
NFG,REMOVED,❌ REMOVED,,BUY,"Aug 12, 2026",Energy,Oil & Gas Integrated,,,,Prior BUY is missing or no longer rated BUY
NFLX,LEADER,🚀 LEADER,BUY,BUY,"Aug 10, 2026",Communication,Entertainment,UPTREND,MOVING UP,,Sustained BUY with confirmed trend and momentum
NGG,UNCHANGED,UNCHANGED,,SELL,"Jul 27, 2026",Utilities,Utilities - Regulated Electric,,,,Previously inactive symbol is absent
NGNE,UNCHANGED,UNCHANGED,,,,Health Care,Biotechnology,,,,Previously inactive symbol is absent
NGS,UNCHANGED,UNCHANGED,,SELL,"Jul 06, 2026",Energy,Oil & Gas Equipment & Services,,,,Previously inactive symbol is absent
NGVC,UNCHANGED,UNCHANGED,,SELL,"Aug 10, 2026",Staples,Grocery Stores,,,,Previously inactive symbol is absent
NGVT,REMOVED,❌ REMOVED,,BUY,"Aug 05, 2026",Materials,Specialty Chemicals,,,,Prior BUY is missing or no longer rated BUY
NHC,UNCHANGED,UNCHANGED,,SELL,"Aug 04, 2026",Health Care,Medical Care Facilities,,,,Previously inactive symbol is absent
NHI,UNCHANGED,UNCHANGED,,SELL,"Aug 03, 2026",Real Estate,REIT - Healthcare Facilities,,,,Previously inactive symbol is absent
NI,UNCHANGED,UNCHANGED,SELL,SELL,"Jul 08, 2026",Utilities,Utilities - Regulated Gas,DOWNTREND,MOVING DOWN,,No active BUY transition
NIC,REMOVED,❌ REMOVED,,BUY,"Aug 05, 2026",Financials,Banks - Regional,,,,Prior BUY is missing or no longer rated BUY
NICE,REMOVED,❌ REMOVED,,BUY,"Aug 10, 2026",Technology,Software - Application,,,,Prior BUY is missing or no longer rated BUY
NIE,REMOVED,❌ REMOVED,,BUY,"Aug 11, 2026",Financials,Closed-End Fund - Equity,,,,Prior BUY is missing or no longer rated BUY
NIQ,UNCHANGED,UNCHANGED,,,,Technology,Software - Application,UPTREND,,,No active BUY transition
NJR,UNCHANGED,UNCHANGED,,SELL,"Aug 04, 2026",Utilities,Utilities - Regulated Gas,,,,Previously inactive symbol is absent
NKE,UNCHANGED,UNCHANGED,SELL,SELL,"Jul 23, 2026",Discretionary,Footwear & Accessories,DOWNTREND,MOVING DOWN,,No active BUY transition
NKSH,REMOVED,❌ REMOVED,,BUY,"Jul 28, 2026",Financials,Banks - Regional,,,,Prior BUY is missing or no longer rated BUY
NKTR,REMOVED,❌ REMOVED,,BUY,"Jul 24, 2026",Health Care,Biotechnology,,,,Prior BUY is missing or no longer rated BUY
NLY,LEADER,🚀 LEADER,BUY,BUY,"Aug 17, 2026",Real Estate,REIT - Mortgage,UPTREND,MOVING UP,,Sustained BUY with confirmed trend and momentum
NMAX,UNCHANGED,UNCHANGED,,,,Communication,Broadcasting,UPTREND,,,No active BUY transition
NMIH,REMOVED,❌ REMOVED,,BUY,"Aug 04, 2026",Financials,Insurance - Specialty,,,,Prior BUY is missing or no longer rated BUY
NMM,REMOVED,❌ REMOVED,,BUY,"Aug 17, 2026",Industrials,Marine Shipping,,,,Prior BUY is missing or no longer rated BUY
NMRK,EMERGING,🔥 EMERGING,BUY,,"Aug 20, 2026",Real Estate,Real Estate Services,UPTREND,MOVING UP,,New BUY with rising trend and accelerating momentum
NN,UNCHANGED,UNCHANGED,,,,Technology,Software - Infrastructure,UPTREND,,,No active BUY transition
NNE,UNCHANGED,UNCHANGED,,,,Industrials,Specialty Industrial Machinery,NEUTRAL,,,No active BUY transition
NNI,UNCHANGED,UNCHANGED,,SELL,"Aug 11, 2026",Financials,Credit Services,,,,Previously inactive symbol is absent
NNN,UNCHANGED,UNCHANGED,SELL,SELL,"Jul 31, 2026",Real Estate,REIT - Retail,DOWNTREND,MOVING DOWN,,No active BUY transition
NOC,REMOVED,❌ REMOVED,,BUY,"Jul 28, 2026",Industrials,Aerospace & Defense,,,,Prior BUY is missing or no longer rated BUY
NOG,LEADER,🚀 LEADER,BUY,BUY,"Aug 11, 2026",Energy,Oil & Gas E&P,UPTREND,MOVING UP,,Sustained BUY with confirmed trend and momentum
NOMD,UNCHANGED,UNCHANGED,SELL,,"Aug 04, 2026",Staples,Packaged Foods,NEUTRAL,MOVING UP,,No active BUY transition
NOV,LEADER,🚀 LEADER,BUY,BUY,"Jul 21, 2026",Energy,Oil & Gas Equipment & Services,UPTREND,MOVING UP,,Sustained BUY with confirmed trend and momentum
NOVT,REMOVED,❌ REMOVED,,BUY,"Aug 07, 2026",Technology,Scientific & Technical Instruments,,,,Prior BUY is missing or no longer rated BUY
NOW,UNCHANGED,UNCHANGED,SELL,SELL,"Aug 19, 2026",Technology,Software - Application,UPTREND,MOVING DOWN,,No active BUY transition
NP,UNCHANGED,UNCHANGED,,,,Financials,Insurance Brokers,,,,Previously inactive symbol is absent
NPK,REMOVED,❌ REMOVED,,BUY,"Aug 04, 2026",Industrials,Aerospace & Defense,,,,Prior BUY is missing or no longer rated BUY
NPO,REMOVED,❌ REMOVED,,BUY,"Aug 12, 2026",Industrials,Specialty Industrial Machinery,,,,Prior BUY is missing or no longer rated BUY
NRC,REMOVED,❌ REMOVED,,BUY,"Aug 17, 2026",Health Care,Health Information Services,,,,Prior BUY is missing or no longer rated BUY
NRG,UNCHANGED,UNCHANGED,SELL,SELL,"Jul 14, 2026",Utilities,Utilities - Independent Power Producers,DOWNTREND,MOVING DOWN,,No active BUY transition
NRIM,UNCHANGED,UNCHANGED,,SELL,"Jul 28, 2026",Financials,Banks - Regional,,,,Previously inactive symbol is absent
NRIX,UNCHANGED,UNCHANGED,SELL,SELL,"Aug 18, 2026",Health Care,Biotechnology,UPTREND,MOVING DOWN,,No active BUY transition
NRP,REMOVED,❌ REMOVED,,BUY,"Aug 06, 2026",Energy,Thermal Coal,,,,Prior BUY is missing or no longer rated BUY
NSC,UNCHANGED,UNCHANGED,SELL,SELL,"Aug 04, 2026",Industrials,Railroads,UPTREND,MOVING UP,,No active BUY transition
NSIT,REMOVED,❌ REMOVED,,BUY,"Jul 15, 2026",Technology,Electronics & Computer Distribution,,,,Prior BUY is missing or no longer rated BUY
NSP,UNCHANGED,UNCHANGED,,SELL,"Jul 29, 2026",Industrials,Staffing & Employment Services,,,,Previously inactive symbol is absent
NSSC,REMOVED,❌ REMOVED,,BUY,"Aug 04, 2026",Industrials,Security & Protection Services,,,,Prior BUY is missing or no longer rated BUY
NTAP,DETERIORATING,⚠️ DETERIORATING,BUY,BUY,"Aug 05, 2026",Technology,Software - Infrastructure,UPTREND,MOVING DOWN,,Existing BUY momentum is weakening
NTB,REMOVED,❌ REMOVED,,BUY,"Aug 04, 2026",Financials,Banks - Diversified,,,,Prior BUY is missing or no longer rated BUY
NTCT,UNCHANGED,UNCHANGED,,SELL,"Jul 20, 2026",Technology,Software - Infrastructure,,,,Previously inactive symbol is absent
NTES,UNCHANGED,UNCHANGED,,SELL,"Aug 13, 2026",Communication,Electronic Gaming & Multimedia,,,,Previously inactive symbol is absent
NTGR,UNCHANGED,UNCHANGED,,SELL,"Aug 18, 2026",Technology,Communication Equipment,,,,Previously inactive symbol is absent
NTLA,NEW_BUY,NEW BUY,BUY,,"Aug 20, 2026",Health Care,Biotechnology,NEUTRAL,MOVING UP,,BUY triggered since the previous file
NTNX,REMOVED,❌ REMOVED,SELL,BUY,"Aug 20, 2026",Technology,Software - Infrastructure,UPTREND,MOVING DOWN,,Prior BUY is missing or no longer rated BUY
NTR,LEADER,🚀 LEADER,BUY,BUY,"Aug 18, 2026",Materials,Agricultural Inputs,UPTREND,MOVING UP,,Sustained BUY with confirmed trend and momentum
NTRA,LEADER,🚀 LEADER,BUY,BUY,"Aug 06, 2026",Health Care,Diagnostics & Research,UPTREND,MOVING UP,,Sustained BUY with confirmed trend and momentum
NTRS,DETERIORATING,⚠️ DETERIORATING,BUY,BUY,"Aug 13, 2026",Financials,Asset Management,UPTREND,MOVING DOWN,,Existing BUY momentum is weakening
NTSK,UNCHANGED,UNCHANGED,,,,Technology,Software - Infrastructure,UPTREND,,,No active BUY transition
NTST,UNCHANGED,UNCHANGED,SELL,SELL,"Aug 03, 2026",Real Estate,REIT - Retail,DOWNTREND,MOVING UP,,No active BUY transition
NU,NEW_BUY,NEW BUY,BUY,,"Aug 17, 2026",Financials,Banks - Regional,UPTREND,MOVING DOWN,,BUY triggered since the previous file
NUE,REMOVED,❌ REMOVED,SELL,BUY,"Aug 20, 2026",Materials,Steel,NEUTRAL,MOVING DOWN,,Prior BUY is missing or no longer rated BUY
NVCR,EMERGING,🔥 EMERGING,BUY,,"Aug 14, 2026",Health Care,Medical Devices,UPTREND,MOVING UP,,New BUY with rising trend and accelerating momentum
NVCT,UNCHANGED,UNCHANGED,,,,Health Care,Biotechnology,,,,Previously inactive symbol is absent
NVDA,DETERIORATING,⚠️ DETERIORATING,BUY,BUY,"Aug 06, 2026",Technology,Semiconductors,UPTREND,MOVING DOWN,,Existing BUY momentum is weakening
NVEC,UNCHANGED,UNCHANGED,,SELL,"Aug 18, 2026",Technology,Semiconductors,,,,Previously inactive symbol is absent
NVGS,UNCHANGED,UNCHANGED,,SELL,"Aug 07, 2026",Energy,Oil & Gas Midstream,,,,Previously inactive symbol is absent
NVMI,UNCHANGED,UNCHANGED,,SELL,"Jun 29, 2026",Technology,Semiconductor Equipment & Materials,,,,Previously inactive symbol is absent
NVO,UNCHANGED,UNCHANGED,SELL,SELL,"Jul 22, 2026",Health Care,Drug Manufacturers - General,DOWNTREND,MOVING DOWN,,No active BUY transition
NVR,UNCHANGED,UNCHANGED,,SELL,"Jul 09, 2026",Discretionary,Residential Construction,,,,Previously inactive symbol is absent
NVS,EMERGING,🔥 EMERGING,BUY,SELL,"Aug 21, 2026",Health Care,Drug Manufacturers - General,UPTREND,MOVING UP,,New BUY with rising trend and accelerating momentum
NVST,UNCHANGED,UNCHANGED,SELL,SELL,"Aug 14, 2026",Health Care,Medical Instruments & Supplies,UPTREND,MOVING DOWN,,No active BUY transition
NVT,REMOVED,❌ REMOVED,SELL,BUY,"Aug 20, 2026",Industrials,Electrical Equipment & Parts,NEUTRAL,MOVING DOWN,,Prior BUY is missing or no longer rated BUY
NVTS,UNCHANGED,UNCHANGED,SELL,,"Aug 19, 2026",Technology,Semiconductors,NEUTRAL,MOVING DOWN,,No active BUY transition
NWE,UNCHANGED,UNCHANGED,,SELL,"Jul 30, 2026",Utilities,Utilities - Regulated Electric,,,,Previously inactive symbol is absent
NWFL,REMOVED,❌ REMOVED,,BUY,"Jul 28, 2026",Financials,Banks - Regional,,,,Prior BUY is missing or no longer rated BUY
NWG,UNCHANGED,UNCHANGED,SELL,,"Aug 19, 2026",Financials,Banks - Regional,UPTREND,MOVING DOWN,,No active BUY transition
NWN,REMOVED,❌ REMOVED,,BUY,"Aug 19, 2026",Utilities,Utilities - Regulated Gas,,,,Prior BUY is missing or no longer rated BUY
NWPX,UNCHANGED,UNCHANGED,,SELL,"Jul 07, 2026",Materials,Steel,,,,Previously inactive symbol is absent
NWS,UNCHANGED,UNCHANGED,SELL,SELL,"Aug 12, 2026",Communication,Entertainment,UPTREND,MOVING DOWN,,No active BUY transition
NWSA,UNCHANGED,UNCHANGED,SELL,SELL,"Aug 11, 2026",Communication,Entertainment,UPTREND,MOVING UP,,No active BUY transition
NX,REMOVED,❌ REMOVED,,BUY,"Jul 17, 2026",Industrials,Building Products & Equipment,,,,Prior BUY is missing or no longer rated BUY
NXE,UNCHANGED,UNCHANGED,SELL,,"Aug 21, 2026",Energy,Uranium,UPTREND,MOVING DOWN,,No active BUY transition
NXG,UNCHANGED,UNCHANGED,,,,Financials,Closed-End Fund - Equity,,,,Previously inactive symbol is absent
NXRT,UNCHANGED,UNCHANGED,,SELL,"Jul 10, 2026",Real Estate,REIT - Residential,,,,Previously inactive symbol is absent
NXST,UNCHANGED,UNCHANGED,,SELL,"Aug 13, 2026",Communication,Broadcasting,,,,Previously inactive symbol is absent
NXT,UNCHANGED,UNCHANGED,,,,Technology,Solar,DOWNTREND,,,No active BUY transition
NYT,UNCHANGED,UNCHANGED,SELL,SELL,"Aug 06, 2026",Communication,Publishing,DOWNTREND,MOVING DOWN,,No active BUY transition
O,UNCHANGED,UNCHANGED,SELL,SELL,"Aug 04, 2026",Real Estate,REIT - Retail,NEUTRAL,MOVING DOWN,,No active BUY transition
OBDC,UNCHANGED,UNCHANGED,SELL,,"Aug 20, 2026",Financials,Asset Management,UPTREND,MOVING DOWN,,No active BUY transition
OBK,UNCHANGED,UNCHANGED,,SELL,"Aug 07, 2026",Financials,Banks - Regional,,,,Previously inactive symbol is absent
OC,REMOVED,❌ REMOVED,,BUY,"Aug 10, 2026",Industrials,Building Products & Equipment,,,,Prior BUY is missing or no longer rated BUY
OCUL,EMERGING,🔥 EMERGING,BUY,,"Aug 12, 2026",Health Care,Biotechnology,UPTREND,MOVING UP,,New BUY with rising trend and accelerating momentum
ODC,UNCHANGED,UNCHANGED,,SELL,"Jul 10, 2026",Materials,Specialty Chemicals,,,,Previously inactive symbol is absent
ODFL,UNCHANGED,UNCHANGED,SELL,SELL,"Jul 30, 2026",Industrials,Trucking,DOWNTREND,MOVING DOWN,,No active BUY transition
OFG,UNCHANGED,UNCHANGED,,SELL,"Aug 10, 2026",Financials,Banks - Regional,,,,Previously inactive symbol is absent
OFLX,UNCHANGED,UNCHANGED,,SELL,"Aug 14, 2026",Industrials,Specialty Industrial Machinery,,,,Previously inactive symbol is absent
OGE,UNCHANGED,UNCHANGED,SELL,SELL,"Jul 31, 2026",Utilities,Utilities - Regulated Electric,DOWNTREND,MOVING DOWN,,No active BUY transition
OGS,REMOVED,❌ REMOVED,,BUY,"Aug 17, 2026",Utilities,Utilities - Regulated Gas,,,,Prior BUY is missing or no longer rated BUY
OHI,UNCHANGED,UNCHANGED,SELL,SELL,"Aug 04, 2026",Real Estate,REIT - Healthcare Facilities,DOWNTREND,MOVING DOWN,,No active BUY transition
OII,LEADER,🚀 LEADER,BUY,BUY,"Aug 17, 2026",Energy,Oil & Gas Equipment & Services,UPTREND,MOVING UP,,Sustained BUY with confirmed trend and momentum
OKE,LEADER,🚀 LEADER,BUY,BUY,"Aug 14, 2026",Energy,Oil & Gas Midstream,UPTREND,MOVING UP,,Sustained BUY with confirmed trend and momentum
OKLO,UNCHANGED,UNCHANGED,SELL,SELL,"Aug 18, 2026",Utilities,Utilities - Independent Power Producers,DOWNTREND,MOVING DOWN,,No active BUY transition
OKTA,REMOVED,❌ REMOVED,SELL,BUY,"Aug 20, 2026",Technology,Software - Infrastructure,DOWNTREND,MOVING DOWN,,Prior BUY is missing or no longer rated BUY
OLED,REMOVED,❌ REMOVED,,BUY,"Aug 06, 2026",Technology,Electronic Components,,,,Prior BUY is missing or no longer rated BUY
OLLI,UNCHANGED,UNCHANGED,SELL,SELL,"Aug 19, 2026",Staples,Discount Stores,NEUTRAL,MOVING DOWN,,No active BUY transition
OLMA,UNCHANGED,UNCHANGED,SELL,,"Jul 30, 2026",Health Care,Biotechnology,DOWNTREND,MOVING UP,,No active BUY transition
OLN,UNCHANGED,UNCHANGED,SELL,,"Aug 03, 2026",Materials,Chemicals,DOWNTREND,MOVING UP,,No active BUY transition
OLP,UNCHANGED,UNCHANGED,,SELL,"Jul 31, 2026",Real Estate,REIT - Diversified,,,,Previously inactive symbol is absent
OMAB,UNCHANGED,UNCHANGED,,SELL,"Aug 17, 2026",Industrials,Airports & Air Services,,,,Previously inactive symbol is absent
OMC,LEADER,🚀 LEADER,BUY,BUY,"Aug 12, 2026",Communication,Advertising Agencies,UPTREND,MOVING UP,,Sustained BUY with confirmed trend and momentum
OMCL,UNCHANGED,UNCHANGED,,SELL,"Jul 23, 2026",Health Care,Health Information Services,,,,Previously inactive symbol is absent
OMDA,UNCHANGED,UNCHANGED,,,,Health Care,Health Information Services,UPTREND,,,No active BUY transition
OMER,EMERGING,🔥 EMERGING,BUY,,"Jul 28, 2026",Health Care,Biotechnology,UPTREND,MOVING UP,,New BUY with rising trend and accelerating momentum
OMF,REMOVED,❌ REMOVED,,BUY,"Jul 29, 2026",Financials,Credit Services,,,,Prior BUY is missing or no longer rated BUY
ONB,UNCHANGED,UNCHANGED,SELL,SELL,"Jul 24, 2026",Financials,Banks - Regional,DOWNTREND,MOVING DOWN,,No active BUY transition
ONC,REMOVED,❌ REMOVED,,BUY,"Aug 11, 2026",Health Care,Biotechnology,,,,Prior BUY is missing or no longer rated BUY
ONIT,UNCHANGED,UNCHANGED,,SELL,"Aug 03, 2026",Financials,Mortgage Finance,,,,Previously inactive symbol is absent
ONON,UNCHANGED,UNCHANGED,SELL,SELL,"Aug 12, 2026",Discretionary,Footwear & Accessories,DOWNTREND,MOVING DOWN,,No active BUY transition
ONTO,LEADER,🚀 LEADER,BUY,BUY,"Aug 12, 2026",Technology,Semiconductor Equipment & Materials,UPTREND,MOVING UP,,Sustained BUY with confirmed trend and momentum
OOMA,UNCHANGED,UNCHANGED,,SELL,"Jul 20, 2026",Technology,Software - Application,,,,Previously inactive symbol is absent
OPCH,UNCHANGED,UNCHANGED,SELL,SELL,"Aug 19, 2026",Health Care,Medical Care Facilities,UPTREND,MOVING DOWN,,No active BUY transition
OPLN,UNCHANGED,UNCHANGED,SELL,SELL,"Jul 14, 2026",Discretionary,Auto & Truck Dealerships,DOWNTREND,MOVING DOWN,,No active BUY transition
OPY,REMOVED,❌ REMOVED,,BUY,"Aug 07, 2026",Financials,Capital Markets,,,,Prior BUY is missing or no longer rated BUY
OR,REMOVED,❌ REMOVED,,BUY,"Aug 06, 2026",Materials,Gold,,,,Prior BUY is missing or no longer rated BUY
ORA,REMOVED,❌ REMOVED,,BUY,"Aug 12, 2026",Utilities,Utilities - Renewable,,,,Prior BUY is missing or no longer rated BUY
ORCL,ACTIVE_BUY,ACTIVE BUY,BUY,BUY,"Aug 10, 2026",Technology,Software - Infrastructure,NEUTRAL,MOVING UP,,BUY remains active without a higher-priority setup
ORI,UNCHANGED,UNCHANGED,SELL,SELL,"Aug 10, 2026",Financials,Insurance - Property & Casualty,NEUTRAL,MOVING DOWN,,No active BUY transition
ORIC,NEW_BUY,NEW BUY,BUY,,"Aug 07, 2026",Health Care,Biotechnology,UPTREND,MOVING DOWN,,BUY triggered since the previous file
ORKA,REMOVED,❌ REMOVED,,BUY,"Jul 22, 2026",Health Care,Biotechnology,,,,Prior BUY is missing or no longer rated BUY
ORLY,REMOVED,❌ REMOVED,SELL,BUY,"Aug 20, 2026",Discretionary,Auto Parts,NEUTRAL,MOVING DOWN,,Prior BUY is missing or no longer rated BUY
ORRF,UNCHANGED,UNCHANGED,,SELL,"Aug 11, 2026",Financials,Banks - Regional,,,,Previously inactive symbol is absent
OSBC,REMOVED,❌ REMOVED,,BUY,"Aug 19, 2026",Financials,Banks - Regional,,,,Prior BUY is missing or no longer rated BUY
OSCR,UNCHANGED,UNCHANGED,,,,Health Care,Healthcare Plans,UPTREND,,,No active BUY transition
OSIS,REMOVED,❌ REMOVED,,BUY,"Jul 31, 2026",Technology,Electronic Components,,,,Prior BUY is missing or no longer rated BUY
OSK,UNCHANGED,UNCHANGED,,SELL,"Aug 19, 2026",Industrials,Farm & Heavy Construction Machinery,,,,Previously inactive symbol is absent
OSW,UNCHANGED,UNCHANGED,,SELL,"Jul 30, 2026",Discretionary,Leisure,,,,Previously inactive symbol is absent
OTEX,UNCHANGED,UNCHANGED,SELL,SELL,"Aug 13, 2026",Technology,Software - Application,UPTREND,MOVING DOWN,,No active BUY transition
OTF,UNCHANGED,UNCHANGED,,,,Financials,Asset Management,UPTREND,,,No active BUY transition
OTIS,UNCHANGED,UNCHANGED,SELL,SELL,"Aug 17, 2026",Industrials,Specialty Industrial Machinery,DOWNTREND,MOVING DOWN,,No active BUY transition
OTTR,REMOVED,❌ REMOVED,,BUY,"Aug 07, 2026",Industrials,Conglomerates,,,,Prior BUY is missing or no longer rated BUY
OUST,UNCHANGED,UNCHANGED,,,,Technology,Electronic Components,NEUTRAL,,,No active BUY transition
OUT,UNCHANGED,UNCHANGED,SELL,SELL,"Jul 21, 2026",Real Estate,REIT - Specialty,DOWNTREND,MOVING DOWN,,No active BUY transition
OVBC,REMOVED,❌ REMOVED,,BUY,"Aug 12, 2026",Financials,Banks - Regional,,,,Prior BUY is missing or no longer rated BUY
OVLY,REMOVED,❌ REMOVED,,BUY,"Aug 14, 2026",Financials,Banks - Regional,,,,Prior BUY is missing or no longer rated BUY
OVV,LEADER,🚀 LEADER,BUY,BUY,"Jul 14, 2026",Energy,Oil & Gas E&P,UPTREND,MOVING UP,,Sustained BUY with confirmed trend and momentum
OWL,UNCHANGED,UNCHANGED,SELL,,"Aug 17, 2026",Financials,Asset Management,UPTREND,MOVING DOWN,,No active BUY transition
OXM,UNCHANGED,UNCHANGED,,SELL,"Aug 04, 2026",Discretionary,Apparel Manufacturing,,,,Previously inactive symbol is absent
OXY,LEADER,🚀 LEADER,BUY,BUY,"Aug 11, 2026",Energy,Oil & Gas E&P,UPTREND,MOVING UP,,Sustained BUY with confirmed trend and momentum
P,LEADER,🚀 LEADER,BUY,BUY,"Aug 04, 2026",Technology,Computer Hardware,UPTREND,MOVING UP,,Sustained BUY with confirmed trend and momentum
PAA,UNCHANGED,UNCHANGED,SELL,SELL,"Aug 06, 2026",Energy,Oil & Gas Midstream,UPTREND,MOVING UP,,No active BUY transition
PAAS,LEADER,🚀 LEADER,BUY,BUY,"Aug 06, 2026",Materials,Gold,UPTREND,MOVING UP,,Sustained BUY with confirmed trend and momentum
PAC,UNCHANGED,UNCHANGED,,SELL,"Jul 09, 2026",Industrials,Airports & Air Services,,,,Previously inactive symbol is absent
PACS,UNCHANGED,UNCHANGED,,,,Health Care,Medical Care Facilities,,,,Previously inactive symbol is absent
PAG,UNCHANGED,UNCHANGED,,SELL,"Aug 06, 2026",Discretionary,Auto & Truck Dealerships,,,,Previously inactive symbol is absent
PAGP,EMERGING,🔥 EMERGING,BUY,SELL,"Aug 21, 2026",Energy,Oil & Gas Midstream,UPTREND,MOVING UP,,New BUY with rising trend and accelerating momentum
PAHC,UNCHANGED,UNCHANGED,,SELL,"Aug 11, 2026",Health Care,Drug Manufacturers - Specialty & Generic,,,,Previously inactive symbol is absent
PAM,UNCHANGED,UNCHANGED,,SELL,"Aug 07, 2026",Industrials,Conglomerates,,,,Previously inactive symbol is absent
PANW,DETERIORATING,⚠️ DETERIORATING,BUY,BUY,"Aug 06, 2026",Technology,Software - Infrastructure,UPTREND,MOVING DOWN,,Existing BUY momentum is weakening
PARR,UNCHANGED,UNCHANGED,SELL,SELL,"Jul 31, 2026",Energy,Oil & Gas Refining & Marketing,UPTREND,MOVING DOWN,,No active BUY transition
PATH,UNCHANGED,UNCHANGED,SELL,,"Aug 17, 2026",Technology,Software - Infrastructure,UPTREND,MOVING DOWN,,No active BUY transition
PATK,UNCHANGED,UNCHANGED,,SELL,"Jul 06, 2026",Discretionary,Recreational Vehicles,,,,Previously inactive symbol is absent
PAX,UNCHANGED,UNCHANGED,SELL,,"Aug 19, 2026",Financials,Asset Management,UPTREND,MOVING DOWN,,No active BUY transition
PAY,UNCHANGED,UNCHANGED,SELL,SELL,"Aug 11, 2026",Technology,Software - Infrastructure,UPTREND,MOVING DOWN,,No active BUY transition
PAYC,UNCHANGED,UNCHANGED,,SELL,"Aug 19, 2026",Technology,Software - Application,,,,Previously inactive symbol is absent
PAYX,UNCHANGED,UNCHANGED,SELL,SELL,"Aug 14, 2026",Technology,Software - Application,UPTREND,MOVING DOWN,,No active BUY transition
PB,UNCHANGED,UNCHANGED,,SELL,"Aug 10, 2026",Financials,Banks - Regional,,,,Previously inactive symbol is absent
PBA,UNCHANGED,UNCHANGED,,SELL,"Aug 04, 2026",Energy,Oil & Gas Midstream,,,,Previously inactive symbol is absent
PBF,UNCHANGED,UNCHANGED,SELL,SELL,"Jul 29, 2026",Energy,Oil & Gas Refining & Marketing,UPTREND,MOVING DOWN,,No active BUY transition
PBH,UNCHANGED,UNCHANGED,,SELL,"Aug 17, 2026",Health Care,Drug Manufacturers - Specialty & Generic,,,,Previously inactive symbol is absent
PBI,UNCHANGED,UNCHANGED,SELL,,"Jul 23, 2026",Industrials,Integrated Freight & Logistics,DOWNTREND,MOVING DOWN,,No active BUY transition
PBR,UNCHANGED,UNCHANGED,SELL,,"Aug 10, 2026",Energy,Oil & Gas Integrated,UPTREND,MOVING DOWN,,No active BUY transition
PBT,REMOVED,❌ REMOVED,,BUY,"Jul 14, 2026",Energy,Oil & Gas Midstream,,,,Prior BUY is missing or no longer rated BUY
PCAR,UNCHANGED,UNCHANGED,SELL,SELL,"Aug 14, 2026",Industrials,Farm & Heavy Construction Machinery,NEUTRAL,MOVING DOWN,,No active BUY transition
PCB,REMOVED,❌ REMOVED,,BUY,"Aug 19, 2026",Financials,Banks - Regional,,,,Prior BUY is missing or no longer rated BUY
PCG,UNCHANGED,UNCHANGED,SELL,,"Aug 04, 2026",Utilities,Utilities - Regulated Electric,UPTREND,MOVING DOWN,,No active BUY transition
PCOR,UNCHANGED,UNCHANGED,SELL,SELL,"Aug 12, 2026",Technology,Software - Application,UPTREND,MOVING UP,,No active BUY transition
PCRX,UNCHANGED,UNCHANGED,,SELL,"Aug 06, 2026",Health Care,Drug Manufacturers - Specialty & Generic,,,,Previously inactive symbol is absent
PCTY,UNCHANGED,UNCHANGED,,SELL,"Aug 13, 2026",Technology,Software - Application,,,,Previously inactive symbol is absent
PCVX,UNCHANGED,UNCHANGED,,SELL,"Aug 19, 2026",Health Care,Biotechnology,,,,Previously inactive symbol is absent
PD,UNCHANGED,UNCHANGED,SELL,,"Aug 21, 2026",Technology,Software - Application,UPTREND,MOVING DOWN,,No active BUY transition
PDD,UNCHANGED,UNCHANGED,SELL,SELL,"Aug 14, 2026",Discretionary,Internet Retail,UPTREND,MOVING UP,,No active BUY transition
PDEX,REMOVED,❌ REMOVED,,BUY,"Aug 05, 2026",Health Care,Medical Instruments & Supplies,,,,Prior BUY is missing or no longer rated BUY
PDI,UNCHANGED,UNCHANGED,SELL,,"Jul 15, 2026",Financials,Closed-End Fund - Debt,DOWNTREND,MOVING DOWN,,No active BUY transition
PDLB,UNCHANGED,UNCHANGED,,SELL,"Aug 10, 2026",Financials,Banks - Regional,,,,Previously inactive symbol is absent
PDS,REMOVED,❌ REMOVED,,BUY,"Aug 14, 2026",Energy,Oil & Gas Drilling,,,,Prior BUY is missing or no longer rated BUY
PDX,REMOVED,❌ REMOVED,,BUY,"Aug 04, 2026",Financials,Asset Management,,,,Prior BUY is missing or no longer rated BUY
PEB,UNCHANGED,UNCHANGED,SELL,,"Jun 29, 2026",Real Estate,REIT - Hotel & Motel,NEUTRAL,MOVING UP,,No active BUY transition
PEBK,REMOVED,❌ REMOVED,,BUY,"Aug 14, 2026",Financials,Banks - Regional,,,,Prior BUY is missing or no longer rated BUY
PEBO,UNCHANGED,UNCHANGED,,SELL,"Aug 11, 2026",Financials,Banks - Regional,,,,Previously inactive symbol is absent
PECO,UNCHANGED,UNCHANGED,,SELL,"Jul 27, 2026",Real Estate,REIT - Retail,,,,Previously inactive symbol is absent
PEG,UNCHANGED,UNCHANGED,SELL,SELL,"Jul 09, 2026",Utilities,Utilities - Regulated Electric,DOWNTREND,MOVING UP,,No active BUY transition
PEGA,LEADER,🚀 LEADER,BUY,BUY,"Aug 06, 2026",Technology,Software - Application,UPTREND,MOVING UP,,Sustained BUY with confirmed trend and momentum
PEN,REMOVED,❌ REMOVED,,BUY,"Jul 28, 2026",Health Care,Medical Devices,,,,Prior BUY is missing or no longer rated BUY
PENG,REMOVED,❌ REMOVED,SELL,BUY,"Aug 21, 2026",Technology,Information Technology Services,DOWNTREND,MOVING DOWN,,Prior BUY is missing or no longer rated BUY
PEO,REMOVED,❌ REMOVED,,BUY,"Aug 18, 2026",Financials,Closed-End Fund - Equity,,,,Prior BUY is missing or no longer rated BUY
PEP,LEADER,🚀 LEADER,BUY,BUY,"Aug 17, 2026",Staples,Beverages - Non-Alcoholic,UPTREND,MOVING UP,,Sustained BUY with confirmed trend and momentum
PFBC,UNCHANGED,UNCHANGED,,SELL,"Jul 22, 2026",Financials,Banks - Regional,,,,Previously inactive symbol is absent
PFE,LEADER,🚀 LEADER,BUY,BUY,"Jul 23, 2026",Health Care,Drug Manufacturers - General,UPTREND,MOVING UP,,Sustained BUY with confirmed trend and momentum
PFG,UNCHANGED,UNCHANGED,SELL,SELL,"Aug 17, 2026",Financials,Asset Management,DOWNTREND,MOVING DOWN,,No active BUY transition
PFGC,UNCHANGED,UNCHANGED,SELL,SELL,"Aug 05, 2026",Staples,Food Distribution,DOWNTREND,MOVING DOWN,,No active BUY transition
PFIS,UNCHANGED,UNCHANGED,,SELL,"Aug 04, 2026",Financials,Banks - Regional,,,,Previously inactive symbol is absent
PFS,UNCHANGED,UNCHANGED,,SELL,"Aug 17, 2026",Financials,Banks - Regional,,,,Previously inactive symbol is absent
PFSI,UNCHANGED,UNCHANGED,,SELL,"Jul 08, 2026",Financials,Mortgage Finance,,,,Previously inactive symbol is absent
PFX,REMOVED,❌ REMOVED,,BUY,"Aug 06, 2026",Financials,Asset Management,,,,Prior BUY is missing or no longer rated BUY
PG,UNCHANGED,UNCHANGED,SELL,SELL,"Jul 10, 2026",Staples,Household & Personal Products,DOWNTREND,MOVING DOWN,,No active BUY transition
PGC,UNCHANGED,UNCHANGED,,SELL,"Jul 10, 2026",Financials,Banks - Regional,,,,Previously inactive symbol is absent
PGNY,UNCHANGED,UNCHANGED,SELL,SELL,"Aug 07, 2026",Health Care,Healthcare Plans,DOWNTREND,MOVING UP,,No active BUY transition
PGR,UNCHANGED,UNCHANGED,SELL,SELL,"Jul 16, 2026",Financials,Insurance - Property & Casualty,NEUTRAL,MOVING UP,,No active BUY transition
PGY,UNCHANGED,UNCHANGED,SELL,SELL,"Aug 13, 2026",Technology,Software - Infrastructure,UPTREND,MOVING UP,,No active BUY transition
PHG,LEADER,🚀 LEADER,BUY,BUY,"Aug 12, 2026",Health Care,Medical Devices,UPTREND,MOVING UP,,Sustained BUY with confirmed trend and momentum
PHIN,UNCHANGED,UNCHANGED,,,,Discretionary,Auto Parts,,,,Previously inactive symbol is absent
PHM,UNCHANGED,UNCHANGED,SELL,SELL,"Aug 18, 2026",Discretionary,Residential Construction,DOWNTREND,MOVING DOWN,,No active BUY transition
PI,REMOVED,❌ REMOVED,,BUY,"Aug 03, 2026",Technology,Semiconductors,,,,Prior BUY is missing or no longer rated BUY
PII,UNCHANGED,UNCHANGED,,SELL,"Jul 31, 2026",Discretionary,Recreational Vehicles,,,,Previously inactive symbol is absent
PINS,UNCHANGED,UNCHANGED,SELL,SELL,"Aug 07, 2026",Communication,Internet Content & Information,UPTREND,MOVING DOWN,,No active BUY transition
PIPR,UNCHANGED,UNCHANGED,,SELL,"Aug 03, 2026",Financials,Capital Markets,,,,Previously inactive symbol is absent
PJT,UNCHANGED,UNCHANGED,,SELL,"Aug 19, 2026",Financials,Capital Markets,,,,Previously inactive symbol is absent
PK,EMERGING,🔥 EMERGING,BUY,,"Aug 21, 2026",Real Estate,REIT - Hotel & Motel,UPTREND,MOVING UP,,New BUY with rising trend and accelerating momentum
PKBK,REMOVED,❌ REMOVED,,BUY,"Jul 31, 2026",Financials,Banks - Regional,,,,Prior BUY is missing or no longer rated BUY
PKE,REMOVED,❌ REMOVED,,BUY,"Aug 05, 2026",Industrials,Aerospace & Defense,,,,Prior BUY is missing or no longer rated BUY
PKG,UNCHANGED,UNCHANGED,,SELL,"Aug 19, 2026",Discretionary,Packaging & Containers,,,,Previously inactive symbol is absent
PKOH,REMOVED,❌ REMOVED,,BUY,"Jul 23, 2026",Industrials,Specialty Industrial Machinery,,,,Prior BUY is missing or no longer rated BUY
PKX,REMOVED,❌ REMOVED,,BUY,"Aug 07, 2026",Materials,Steel,,,,Prior BUY is missing or no longer rated BUY
PL,UNCHANGED,UNCHANGED,SELL,SELL,"Aug 19, 2026",Industrials,Aerospace & Defense,DOWNTREND,MOVING DOWN,,No active BUY transition
PLAB,REMOVED,❌ REMOVED,,BUY,"Aug 05, 2026",Technology,Semiconductor Equipment & Materials,,,,Prior BUY is missing or no longer rated BUY
PLBC,UNCHANGED,UNCHANGED,,SELL,"Jul 31, 2026",Financials,Banks - Regional,,,,Previously inactive symbol is absent
PLD,UNCHANGED,UNCHANGED,SELL,SELL,"Aug 05, 2026",Real Estate,REIT - Industrial,DOWNTREND,MOVING DOWN,,No active BUY transition
PLMR,UNCHANGED,UNCHANGED,,SELL,"Aug 10, 2026",Financials,Insurance - Property & Casualty,,,,Previously inactive symbol is absent
PLNT,UNCHANGED,UNCHANGED,SELL,SELL,"Aug 10, 2026",Discretionary,Leisure,DOWNTREND,MOVING UP,,No active BUY transition
PLOW,UNCHANGED,UNCHANGED,,SELL,"Jul 08, 2026",Discretionary,Auto Parts,,,,Previously inactive symbol is absent
PLPC,REMOVED,❌ REMOVED,,BUY,"Aug 05, 2026",Industrials,Electrical Equipment & Parts,,,,Prior BUY is missing or no longer rated BUY
PLSE,UNCHANGED,UNCHANGED,,SELL,"Aug 19, 2026",Health Care,Medical Instruments & Supplies,,,,Previously inactive symbol is absent
PLTR,UNCHANGED,UNCHANGED,SELL,SELL,"Aug 19, 2026",Technology,Software - Infrastructure,UPTREND,MOVING DOWN,,No active BUY transition
PLUS,UNCHANGED,UNCHANGED,,SELL,"Aug 12, 2026",Technology,Software - Application,,,,Previously inactive symbol is absent
PLXS,REMOVED,❌ REMOVED,,BUY,"Aug 07, 2026",Technology,Electronic Components,,,,Prior BUY is missing or no longer rated BUY
PM,UNCHANGED,UNCHANGED,SELL,SELL,"Aug 07, 2026",Staples,Tobacco,UPTREND,MOVING UP,,No active BUY transition
PMTS,REMOVED,❌ REMOVED,,BUY,"Jul 23, 2026",Financials,Credit Services,,,,Prior BUY is missing or no longer rated BUY
PNC,UNCHANGED,UNCHANGED,SELL,SELL,"Jul 15, 2026",Financials,Banks - Regional,DOWNTREND,MOVING DOWN,,No active BUY transition
PNFP,UNCHANGED,UNCHANGED,SELL,SELL,"Aug 17, 2026",Financials,Banks - Regional,NEUTRAL,MOVING DOWN,,No active BUY transition
PNR,UNCHANGED,UNCHANGED,SELL,SELL,"Jul 16, 2026",Industrials,Specialty Industrial Machinery,DOWNTREND,MOVING DOWN,,No active BUY transition
PNTG,UNCHANGED,UNCHANGED,,SELL,"Aug 05, 2026",Health Care,Medical Care Facilities,,,,Previously inactive symbol is absent
PNW,UNCHANGED,UNCHANGED,SELL,SELL,"Jul 16, 2026",Utilities,Utilities - Regulated Electric,DOWNTREND,MOVING DOWN,,No active BUY transition
PODD,UNCHANGED,UNCHANGED,SELL,SELL,"Jul 22, 2026",Health Care,Medical Devices,DOWNTREND,MOVING DOWN,,No active BUY transition
POOL,UNCHANGED,UNCHANGED,,SELL,"Aug 18, 2026",Industrials,Industrial Distribution,,,,Previously inactive symbol is absent
POR,UNCHANGED,UNCHANGED,SELL,SELL,"Jul 20, 2026",Utilities,Utilities - Regulated Electric,DOWNTREND,MOVING UP,,No active BUY transition
POST,UNCHANGED,UNCHANGED,,SELL,"Aug 06, 2026",Staples,Packaged Foods,,,,Previously inactive symbol is absent
PPC,EMERGING,🔥 EMERGING,BUY,SELL,"Aug 20, 2026",Staples,Packaged Foods,UPTREND,MOVING UP,,New BUY with rising trend and accelerating momentum
PPG,UNCHANGED,UNCHANGED,SELL,SELL,"Aug 13, 2026",Materials,Specialty Chemicals,DOWNTREND,MOVING DOWN,,No active BUY transition
PPIH,REMOVED,❌ REMOVED,,BUY,"Aug 11, 2026",Industrials,Building Products & Equipment,,,,Prior BUY is missing or no longer rated BUY
PPL,UNCHANGED,UNCHANGED,SELL,SELL,"Jul 10, 2026",Utilities,Utilities - Regulated Electric,DOWNTREND,MOVING DOWN,,No active BUY transition
PPLI,UNCHANGED,UNCHANGED,,SELL,"Jul 20, 2026",Communication,Internet Content & Information,,,,Previously inactive symbol is absent
PPTA,UNCHANGED,UNCHANGED,SELL,SELL,"Aug 17, 2026",Materials,Other Precious Metals & Mining,UPTREND,MOVING UP,,No active BUY transition
PR,LEADER,🚀 LEADER,BUY,BUY,"Aug 18, 2026",Energy,Oil & Gas E&P,UPTREND,MOVING UP,,Sustained BUY with confirmed trend and momentum
PRAX,UNCHANGED,UNCHANGED,,SELL,"Aug 19, 2026",Health Care,Biotechnology,,,,Previously inactive symbol is absent
PRCH,UNCHANGED,UNCHANGED,SELL,,"Aug 14, 2026",Financials,Insurance - Property & Casualty,UPTREND,MOVING DOWN,,No active BUY transition
PRCT,UNCHANGED,UNCHANGED,SELL,SELL,"Aug 18, 2026",Health Care,Medical Devices,NEUTRAL,MOVING DOWN,,No active BUY transition
PRDO,UNCHANGED,UNCHANGED,,SELL,"Aug 12, 2026",Staples,Education & Training Services,,,,Previously inactive symbol is absent
PRG,UNCHANGED,UNCHANGED,,SELL,"Jul 13, 2026",Industrials,Rental & Leasing Services,,,,Previously inactive symbol is absent
PRGO,EMERGING,🔥 EMERGING,BUY,,"Aug 05, 2026",Health Care,Drug Manufacturers - Specialty & Generic,UPTREND,MOVING UP,,New BUY with rising trend and accelerating momentum
PRGS,UNCHANGED,UNCHANGED,,SELL,"Jul 27, 2026",Technology,Software - Infrastructure,,,,Previously inactive symbol is absent
PRI,UNCHANGED,UNCHANGED,,SELL,"Aug 05, 2026",Financials,Insurance - Life,,,,Previously inactive symbol is absent
PRK,UNCHANGED,UNCHANGED,,SELL,"Aug 19, 2026",Financials,Banks - Regional,,,,Previously inactive symbol is absent
PRKS,UNCHANGED,UNCHANGED,,SELL,"Aug 07, 2026",Discretionary,Leisure,,,,Previously inactive symbol is absent
PRLB,REMOVED,❌ REMOVED,,BUY,"Aug 05, 2026",Industrials,Metal Fabrication,,,,Prior BUY is missing or no longer rated BUY
PRM,UNCHANGED,UNCHANGED,SELL,SELL,"Aug 18, 2026",Materials,Specialty Chemicals,DOWNTREND,MOVING DOWN,,No active BUY transition
PRMB,UNCHANGED,UNCHANGED,,,,Staples,Beverages - Non-Alcoholic,DOWNTREND,,,No active BUY transition
PRPO,REMOVED,❌ REMOVED,,BUY,"Aug 19, 2026",Health Care,Diagnostics & Research,,,,Prior BUY is missing or no longer rated BUY
PRSU,UNCHANGED,UNCHANGED,,SELL,"Jul 10, 2026",Discretionary,Travel Services,,,,Previously inactive symbol is absent
PRU,UNCHANGED,UNCHANGED,SELL,SELL,"Aug 06, 2026",Financials,Insurance - Life,UPTREND,MOVING DOWN,,No active BUY transition
PRVA,UNCHANGED,UNCHANGED,SELL,SELL,"Jul 17, 2026",Health Care,Health Information Services,DOWNTREND,MOVING DOWN,,No active BUY transition
PSA,UNCHANGED,UNCHANGED,SELL,SELL,"Aug 18, 2026",Real Estate,REIT - Industrial,UPTREND,MOVING DOWN,,No active BUY transition
PSIX,REMOVED,❌ REMOVED,,BUY,"Aug 10, 2026",Industrials,Specialty Industrial Machinery,,,,Prior BUY is missing or no longer rated BUY
PSKY,UNCHANGED,UNCHANGED,,,,Communication,Entertainment,UPTREND,,,No active BUY transition
PSMT,UNCHANGED,UNCHANGED,,SELL,"Aug 06, 2026",Staples,Discount Stores,,,,Previously inactive symbol is absent
PSN,UNCHANGED,UNCHANGED,SELL,SELL,"Jul 21, 2026",Technology,Information Technology Services,DOWNTREND,MOVING UP,,No active BUY transition
PSNL,UNCHANGED,UNCHANGED,,,,Health Care,Diagnostics & Research,UPTREND,,,No active BUY transition
PSTL,UNCHANGED,UNCHANGED,,SELL,"Jul 10, 2026",Real Estate,REIT - Office,,,,Previously inactive symbol is absent
PSX,LEADER,🚀 LEADER,BUY,BUY,"Aug 17, 2026",Energy,Oil & Gas Refining & Marketing,UPTREND,MOVING UP,,Sustained BUY with confirmed trend and momentum
PTC,LEADER,🚀 LEADER,BUY,BUY,"Jul 30, 2026",Technology,Software - Application,UPTREND,MOVING UP,,Sustained BUY with confirmed trend and momentum
PTCT,UNCHANGED,UNCHANGED,SELL,SELL,"Jul 14, 2026",Health Care,Biotechnology,DOWNTREND,MOVING UP,,No active BUY transition
PTEN,EMERGING,🔥 EMERGING,BUY,,"Aug 04, 2026",Energy,Oil & Gas Drilling,UPTREND,MOVING UP,,New BUY with rising trend and accelerating momentum
PTGX,REMOVED,❌ REMOVED,,BUY,"Aug 07, 2026",Health Care,Biotechnology,,,,Prior BUY is missing or no longer rated BUY
PTHS,UNCHANGED,UNCHANGED,,,,Health Care,Biotechnology,,,,Previously inactive symbol is absent
PTRN,UNCHANGED,UNCHANGED,,,,Technology,Software - Application,DOWNTREND,,,No active BUY transition
PTY,UNCHANGED,UNCHANGED,SELL,,"Aug 17, 2026",Financials,Closed-End Fund - Debt,DOWNTREND,MOVING DOWN,,No active BUY transition
PUK,UNCHANGED,UNCHANGED,SELL,SELL,"Aug 07, 2026",Financials,Insurance - Life,DOWNTREND,MOVING DOWN,,No active BUY transition
PUMP,UNCHANGED,UNCHANGED,,,,Energy,Oil & Gas Equipment & Services,DOWNTREND,,,No active BUY transition
PVH,UNCHANGED,UNCHANGED,,SELL,"Aug 13, 2026",Discretionary,Apparel Manufacturing,,,,Previously inactive symbol is absent
PVLA,UNCHANGED,UNCHANGED,,,,Health Care,Biotechnology,,,,Previously inactive symbol is absent
PWP,UNCHANGED,UNCHANGED,SELL,,"Aug 17, 2026",Financials,Capital Markets,NEUTRAL,MOVING DOWN,,No active BUY transition
PWR,ACTIVE_BUY,ACTIVE BUY,BUY,BUY,"Aug 06, 2026",Industrials,Engineering & Construction,NEUTRAL,MOVING UP,,BUY remains active without a higher-priority setup
PXED,UNCHANGED,UNCHANGED,,,,Staples,Education & Training Services,,,,Previously inactive symbol is absent
PYPL,UNCHANGED,UNCHANGED,SELL,SELL,"Aug 03, 2026",Financials,Credit Services,UPTREND,MOVING DOWN,,No active BUY transition
PZZA,UNCHANGED,UNCHANGED,SELL,SELL,"Jul 10, 2026",Discretionary,Restaurants,DOWNTREND,MOVING DOWN,,No active BUY transition
QBTS,UNCHANGED,UNCHANGED,,,,Technology,Computer Hardware,NEUTRAL,,,No active BUY transition
QCRH,REMOVED,❌ REMOVED,,BUY,"Jul 29, 2026",Financials,Banks - Regional,,,,Prior BUY is missing or no longer rated BUY
QDEL,UNCHANGED,UNCHANGED,SELL,,"Jul 22, 2026",Health Care,Medical Devices,DOWNTREND,MOVING DOWN,,No active BUY transition
QFIN,UNCHANGED,UNCHANGED,SELL,,"Jul 09, 2026",Financials,Credit Services,DOWNTREND,MOVING DOWN,,No active BUY transition
QGEN,UNCHANGED,UNCHANGED,SELL,SELL,"Jul 23, 2026",Health Care,Diagnostics & Research,UPTREND,MOVING UP,,No active BUY transition
QLYS,REMOVED,❌ REMOVED,,BUY,"Aug 06, 2026",Technology,Software - Infrastructure,,,,Prior BUY is missing or no longer rated BUY
QMCO,LEADER,🚀 LEADER,BUY,BUY,"Aug 06, 2026",Technology,Computer Hardware,UPTREND,MOVING UP,,Sustained BUY with confirmed trend and momentum
QNCX,UNCHANGED,UNCHANGED,,SELL,"Aug 19, 2026",Health Care,Biotechnology,,,,Previously inactive symbol is absent
QNST,REMOVED,❌ REMOVED,,BUY,"Aug 11, 2026",Communication,Advertising Agencies,,,,Prior BUY is missing or no longer rated BUY
QQQX,REMOVED,❌ REMOVED,,BUY,"Aug 06, 2026",Financials,Closed-End Fund - Equity,,,,Prior BUY is missing or no longer rated BUY
QRVO,REMOVED,❌ REMOVED,SELL,BUY,"Aug 20, 2026",Technology,Semiconductors,UPTREND,MOVING DOWN,,Prior BUY is missing or no longer rated BUY
QSR,LEADER,🚀 LEADER,BUY,BUY,"Aug 14, 2026",Discretionary,Restaurants,UPTREND,MOVING UP,,Sustained BUY with confirmed trend and momentum
QTTB,UNCHANGED,UNCHANGED,SELL,,"Jul 27, 2026",Health Care,Biotechnology,UPTREND,MOVING DOWN,,No active BUY transition
QTWO,UNCHANGED,UNCHANGED,,SELL,"Aug 13, 2026",Technology,Software - Application,,,,Previously inactive symbol is absent
QXO,UNCHANGED,UNCHANGED,SELL,,"Aug 18, 2026",Industrials,Industrial Distribution,DOWNTREND,MOVING DOWN,,No active BUY transition
RACE,REMOVED,❌ REMOVED,,BUY,"Jul 30, 2026",Discretionary,Auto Manufacturers,,,,Prior BUY is missing or no longer rated BUY
RAL,UNCHANGED,UNCHANGED,,,,Technology,Electronic Components,DOWNTREND,,,No active BUY transition
RAMP,UNCHANGED,UNCHANGED,,SELL,"Jul 17, 2026",Technology,Software - Infrastructure,,,,Previously inactive symbol is absent
RAPP,UNCHANGED,UNCHANGED,,,,Health Care,Biotechnology,,,,Previously inactive symbol is absent
RARE,UNCHANGED,UNCHANGED,SELL,SELL,"Jul 13, 2026",Health Care,Biotechnology,DOWNTREND,MOVING UP,,No active BUY transition
RBA,UNCHANGED,UNCHANGED,SELL,SELL,"Jul 10, 2026",Industrials,Specialty Business Services,DOWNTREND,MOVING DOWN,,No active BUY transition
RBB,REMOVED,❌ REMOVED,,BUY,"Aug 07, 2026",Financials,Banks - Regional,,,,Prior BUY is missing or no longer rated BUY
RBC,UNCHANGED,UNCHANGED,,SELL,"Jul 07, 2026",Industrials,Tools & Accessories,,,,Previously inactive symbol is absent
RBCAA,UNCHANGED,UNCHANGED,,SELL,"Aug 13, 2026",Financials,Banks - Regional,,,,Previously inactive symbol is absent
RBLX,UNCHANGED,UNCHANGED,SELL,SELL,"Jul 20, 2026",Communication,Electronic Gaming & Multimedia,DOWNTREND,MOVING UP,,No active BUY transition
RBRK,UNCHANGED,UNCHANGED,,,,Technology,Software - Infrastructure,UPTREND,,,No active BUY transition
RCI,LEADER,🚀 LEADER,BUY,BUY,"Aug 07, 2026",Communication,Telecom Services,UPTREND,MOVING UP,,Sustained BUY with confirmed trend and momentum
RCKY,UNCHANGED,UNCHANGED,,SELL,"Aug 18, 2026",Discretionary,Footwear & Accessories,,,,Previously inactive symbol is absent
RCL,UNCHANGED,UNCHANGED,SELL,SELL,"Aug 17, 2026",Discretionary,Travel Services,DOWNTREND,MOVING DOWN,,No active BUY transition
RCMT,REMOVED,❌ REMOVED,,BUY,"Aug 17, 2026",Industrials,Conglomerates,,,,Prior BUY is missing or no longer rated BUY
RCUS,LEADER,🚀 LEADER,BUY,BUY,"Aug 10, 2026",Health Care,Biotechnology,UPTREND,MOVING UP,,Sustained BUY with confirmed trend and momentum
RDDT,UNCHANGED,UNCHANGED,,,,Communication,Internet Content & Information,DOWNTREND,,,No active BUY transition
RDN,UNCHANGED,UNCHANGED,SELL,SELL,"Aug 07, 2026",Financials,Insurance - Specialty,DOWNTREND,MOVING DOWN,,No active BUY transition
RDNT,REMOVED,❌ REMOVED,,BUY,"Aug 05, 2026",Health Care,Diagnostics & Research,,,,Prior BUY is missing or no longer rated BUY
RDVT,REMOVED,❌ REMOVED,,BUY,"Jul 31, 2026",Technology,Software - Application,,,,Prior BUY is missing or no longer rated BUY
RDW,UNCHANGED,UNCHANGED,SELL,,"Aug 19, 2026",Industrials,Aerospace & Defense,UPTREND,MOVING DOWN,,No active BUY transition
RDY,UNCHANGED,UNCHANGED,SELL,,"Jul 13, 2026",Health Care,Drug Manufacturers - Specialty & Generic,DOWNTREND,MOVING UP,,No active BUY transition
REAL,UNCHANGED,UNCHANGED,SELL,,"Aug 07, 2026",Discretionary,Luxury Goods,NEUTRAL,MOVING UP,,No active BUY transition
REG,UNCHANGED,UNCHANGED,SELL,SELL,"Aug 03, 2026",Real Estate,REIT - Retail,DOWNTREND,MOVING DOWN,,No active BUY transition
REGN,REMOVED,❌ REMOVED,,BUY,"Jul 06, 2026",Health Care,Biotechnology,,,,Prior BUY is missing or no longer rated BUY
RELX,UNCHANGED,UNCHANGED,SELL,SELL,"Aug 14, 2026",Industrials,Specialty Business Services,UPTREND,MOVING DOWN,,No active BUY transition
RELY,REMOVED,❌ REMOVED,SELL,BUY,"Aug 21, 2026",Technology,Software - Infrastructure,UPTREND,MOVING DOWN,,Prior BUY is missing or no longer rated BUY
REPL,UNCHANGED,UNCHANGED,SELL,,"Aug 19, 2026",Health Care,Biotechnology,UPTREND,MOVING DOWN,,No active BUY transition
REPX,UNCHANGED,UNCHANGED,,,,Energy,Oil & Gas E&P,,,,Previously inactive symbol is absent
REX,UNCHANGED,UNCHANGED,,SELL,"Jul 27, 2026",Materials,Chemicals,,,,Previously inactive symbol is absent
REXR,UNCHANGED,UNCHANGED,SELL,SELL,"Aug 05, 2026",Real Estate,REIT - Industrial,UPTREND,MOVING DOWN,,No active BUY transition
REYN,UNCHANGED,UNCHANGED,SELL,SELL,"Aug 18, 2026",Discretionary,Packaging & Containers,UPTREND,MOVING DOWN,,No active BUY transition
REZI,UNCHANGED,UNCHANGED,SELL,SELL,"Jul 23, 2026",Industrials,Industrial Distribution,DOWNTREND,MOVING UP,,No active BUY transition
RF,UNCHANGED,UNCHANGED,SELL,SELL,"Jul 28, 2026",Financials,Banks - Regional,DOWNTREND,MOVING DOWN,,No active BUY transition
RGA,UNCHANGED,UNCHANGED,,SELL,"Jul 29, 2026",Financials,Insurance - Reinsurance,,,,Previously inactive symbol is absent
RGCO,UNCHANGED,UNCHANGED,,SELL,"Jul 23, 2026",Utilities,Utilities - Regulated Gas,,,,Previously inactive symbol is absent
RGEN,LEADER,🚀 LEADER,BUY,BUY,"Aug 06, 2026",Health Care,Medical Instruments & Supplies,UPTREND,MOVING UP,,Sustained BUY with confirmed trend and momentum
RGLD,REMOVED,❌ REMOVED,,BUY,"Aug 05, 2026",Materials,Gold,,,,Prior BUY is missing or no longer rated BUY
RGNX,UNCHANGED,UNCHANGED,SELL,,"Aug 21, 2026",Health Care,Biotechnology,UPTREND,MOVING DOWN,,No active BUY transition
RGR,UNCHANGED,UNCHANGED,,SELL,"Jun 29, 2026",Industrials,Aerospace & Defense,,,,Previously inactive symbol is absent
RGS,UNCHANGED,UNCHANGED,,SELL,"Jul 28, 2026",Discretionary,Personal Services,,,,Previously inactive symbol is absent
RGTI,UNCHANGED,UNCHANGED,,,,Technology,Computer Hardware,NEUTRAL,,,No active BUY transition
RH,UNCHANGED,UNCHANGED,,SELL,"Aug 12, 2026",Discretionary,Specialty Retail,,,,Previously inactive symbol is absent
RHI,UNCHANGED,UNCHANGED,SELL,SELL,"Jul 31, 2026",Industrials,Staffing & Employment Services,UPTREND,MOVING DOWN,,No active BUY transition
RHLD,UNCHANGED,UNCHANGED,,,,Industrials,Specialty Business Services,,,,Previously inactive symbol is absent
RHP,UNCHANGED,UNCHANGED,,SELL,"Aug 07, 2026",Real Estate,REIT - Hotel & Motel,,,,Previously inactive symbol is absent
RICK,REMOVED,❌ REMOVED,,BUY,"Aug 11, 2026",Discretionary,Restaurants,,,,Prior BUY is missing or no longer rated BUY
RIGL,REMOVED,❌ REMOVED,,BUY,"Aug 11, 2026",Health Care,Biotechnology,,,,Prior BUY is missing or no longer rated BUY
RIO,LEADER,🚀 LEADER,BUY,BUY,"Aug 03, 2026",Materials,Other Industrial Metals & Mining,UPTREND,MOVING UP,,Sustained BUY with confirmed trend and momentum
RITM,UNCHANGED,UNCHANGED,SELL,,"Aug 21, 2026",Real Estate,REIT - Mortgage,UPTREND,MOVING DOWN,,No active BUY transition
RIVN,UNCHANGED,UNCHANGED,,,,Discretionary,Auto Manufacturers,DOWNTREND,,,No active BUY transition
RJF,REMOVED,❌ REMOVED,SELL,BUY,"Aug 20, 2026",Financials,Asset Management,UPTREND,MOVING DOWN,,Prior BUY is missing or no longer rated BUY
RKLB,UNCHANGED,UNCHANGED,SELL,SELL,"Aug 14, 2026",Industrials,Aerospace & Defense,NEUTRAL,MOVING DOWN,,No active BUY transition
RKT,UNCHANGED,UNCHANGED,SELL,,"Aug 19, 2026",Financials,Mortgage Finance,NEUTRAL,MOVING DOWN,,No active BUY transition
RL,UNCHANGED,UNCHANGED,,SELL,"Aug 19, 2026",Discretionary,Apparel Manufacturing,,,,Previously inactive symbol is absent
RLAY,UNCHANGED,UNCHANGED,SELL,SELL,"Aug 14, 2026",Health Care,Biotechnology,UPTREND,MOVING DOWN,,No active BUY transition
RLJ,UNCHANGED,UNCHANGED,SELL,,"Aug 07, 2026",Real Estate,REIT - Hotel & Motel,NEUTRAL,MOVING UP,,No active BUY transition
RM,UNCHANGED,UNCHANGED,,SELL,"Jul 16, 2026",Financials,Credit Services,,,,Previously inactive symbol is absent
RMD,LEADER,🚀 LEADER,BUY,BUY,"Jul 30, 2026",Health Care,Medical Instruments & Supplies,UPTREND,MOVING UP,,Sustained BUY with confirmed trend and momentum
RNG,UNCHANGED,UNCHANGED,SELL,SELL,"Aug 14, 2026",Technology,Software - Application,UPTREND,MOVING DOWN,,No active BUY transition
RNP,UNCHANGED,UNCHANGED,,SELL,"Aug 04, 2026",Financials,Closed-End Fund - Debt,,,,Previously inactive symbol is absent
RNR,UNCHANGED,UNCHANGED,,SELL,"Aug 06, 2026",Financials,Insurance - Reinsurance,,,,Previously inactive symbol is absent
RNST,UNCHANGED,UNCHANGED,,SELL,"Jul 08, 2026",Financials,Banks - Regional,,,,Previously inactive symbol is absent
ROAD,REMOVED,❌ REMOVED,SELL,BUY,"Aug 20, 2026",Industrials,Engineering & Construction,UPTREND,MOVING DOWN,,Prior BUY is missing or no longer rated BUY
ROCK,REMOVED,❌ REMOVED,,BUY,"Aug 04, 2026",Industrials,Building Products & Equipment,,,,Prior BUY is missing or no longer rated BUY
ROG,REMOVED,❌ REMOVED,,BUY,"Aug 17, 2026",Technology,Electronic Components,,,,Prior BUY is missing or no longer rated BUY
ROIV,DETERIORATING,⚠️ DETERIORATING,BUY,BUY,"Aug 10, 2026",Health Care,Biotechnology,UPTREND,MOVING DOWN,,Existing BUY momentum is weakening
ROK,UNCHANGED,UNCHANGED,,SELL,"Jul 09, 2026",Industrials,Specialty Industrial Machinery,,,,Previously inactive symbol is absent
ROKU,REMOVED,❌ REMOVED,SELL,BUY,"Aug 21, 2026",Communication,Entertainment,UPTREND,MOVING DOWN,,Prior BUY is missing or no longer rated BUY
ROOT,UNCHANGED,UNCHANGED,,SELL,"Jul 30, 2026",Financials,Insurance - Property & Casualty,,,,Previously inactive symbol is absent
ROP,REMOVED,❌ REMOVED,,BUY,"Jun 29, 2026",Technology,Software - Application,,,,Prior BUY is missing or no longer rated BUY
ROST,UNCHANGED,UNCHANGED,SELL,SELL,"Aug 14, 2026",Discretionary,Apparel Retail,DOWNTREND,MOVING DOWN,,No active BUY transition
RPD,EMERGING,🔥 EMERGING,BUY,,"Aug 11, 2026",Technology,Software - Infrastructure,UPTREND,MOVING UP,,New BUY with rising trend and accelerating momentum
RPM,REMOVED,❌ REMOVED,SELL,BUY,"Aug 20, 2026",Materials,Specialty Chemicals,UPTREND,MOVING DOWN,,Prior BUY is missing or no longer rated BUY
RPRX,LEADER,🚀 LEADER,BUY,BUY,"Aug 18, 2026",Health Care,Biotechnology,UPTREND,MOVING UP,,Sustained BUY with confirmed trend and momentum
RRBI,UNCHANGED,UNCHANGED,,SELL,"Aug 11, 2026",Financials,Banks - Regional,,,,Previously inactive symbol is absent
RRC,LEADER,🚀 LEADER,BUY,BUY,"Jul 24, 2026",Energy,Oil & Gas E&P,UPTREND,MOVING UP,,Sustained BUY with confirmed trend and momentum
RRR,UNCHANGED,UNCHANGED,,SELL,"Aug 06, 2026",Discretionary,Resorts & Casinos,,,,Previously inactive symbol is absent
RRX,UNCHANGED,UNCHANGED,SELL,SELL,"Jul 08, 2026",Industrials,Specialty Industrial Machinery,DOWNTREND,MOVING DOWN,,No active BUY transition
RS,REMOVED,❌ REMOVED,,BUY,"Jul 29, 2026",Materials,Steel,,,,Prior BUY is missing or no longer rated BUY
RSG,EMERGING,🔥 EMERGING,BUY,SELL,"Aug 20, 2026",Industrials,Waste Management,UPTREND,MOVING UP,,New BUY with rising trend and accelerating momentum
RSI,UNCHANGED,UNCHANGED,SELL,SELL,"Jul 23, 2026",Discretionary,Gambling,DOWNTREND,MOVING UP,,No active BUY transition
RTO,UNCHANGED,UNCHANGED,SELL,SELL,"Jul 27, 2026",Industrials,Specialty Business Services,DOWNTREND,MOVING DOWN,,No active BUY transition
RUSHA,UNCHANGED,UNCHANGED,,SELL,"Aug 11, 2026",Discretionary,Auto & Truck Dealerships,,,,Previously inactive symbol is absent
RVLV,UNCHANGED,UNCHANGED,,SELL,"Jul 27, 2026",Discretionary,Internet Retail,,,,Previously inactive symbol is absent
RVMD,LEADER,🚀 LEADER,BUY,BUY,"Aug 10, 2026",Health Care,Biotechnology,UPTREND,MOVING UP,,Sustained BUY with confirmed trend and momentum
RVTY,LEADER,🚀 LEADER,BUY,BUY,"Aug 07, 2026",Health Care,Diagnostics & Research,UPTREND,MOVING UP,,Sustained BUY with confirmed trend and momentum
RXO,UNCHANGED,UNCHANGED,,,,Industrials,Trucking,DOWNTREND,,,No active BUY transition
RY,UNCHANGED,UNCHANGED,SELL,SELL,"Jul 23, 2026",Financials,Banks - Diversified,NEUTRAL,MOVING DOWN,,No active BUY transition
RYAAY,UNCHANGED,UNCHANGED,SELL,SELL,"Jul 14, 2026",Industrials,Airlines,DOWNTREND,MOVING DOWN,,No active BUY transition
RYAN,UNCHANGED,UNCHANGED,SELL,SELL,"Aug 10, 2026",Financials,Insurance - Specialty,UPTREND,MOVING UP,,No active BUY transition
RYM,UNCHANGED,UNCHANGED,,,,Staples,Tobacco,,,,Previously inactive symbol is absent
RYN,UNCHANGED,UNCHANGED,SELL,SELL,"Aug 12, 2026",Real Estate,REIT - Specialty,DOWNTREND,MOVING DOWN,,No active BUY transition
RYTM,REMOVED,❌ REMOVED,,BUY,"Aug 06, 2026",Health Care,Biotechnology,,,,Prior BUY is missing or no longer rated BUY
S,UNCHANGED,UNCHANGED,,,,Technology,Software - Infrastructure,UPTREND,,,No active BUY transition
SA,REMOVED,❌ REMOVED,,BUY,"Aug 06, 2026",Materials,Gold,,,,Prior BUY is missing or no longer rated BUY
SAFT,UNCHANGED,UNCHANGED,,SELL,"Aug 17, 2026",Financials,Insurance - Property & Casualty,,,,Previously inactive symbol is absent
SAH,UNCHANGED,UNCHANGED,,SELL,"Aug 04, 2026",Discretionary,Auto & Truck Dealerships,,,,Previously inactive symbol is absent
SAIC,REMOVED,❌ REMOVED,,BUY,"Jul 09, 2026",Technology,Information Technology Services,,,,Prior BUY is missing or no longer rated BUY
SAIL,UNCHANGED,UNCHANGED,,,,Technology,Software - Infrastructure,UPTREND,,,No active BUY transition
SAM,UNCHANGED,UNCHANGED,,SELL,"Aug 19, 2026",Staples,Beverages - Brewers,,,,Previously inactive symbol is absent
SAN,UNCHANGED,UNCHANGED,SELL,,"Aug 20, 2026",Financials,Banks - Diversified,UPTREND,MOVING DOWN,,No active BUY transition
SAP,LEADER,🚀 LEADER,BUY,BUY,"Jul 29, 2026",Technology,Software - Application,UPTREND,MOVING UP,,Sustained BUY with confirmed trend and momentum
SARO,UNCHANGED,UNCHANGED,,,,Industrials,Aerospace & Defense,DOWNTREND,,,No active BUY transition
SBAC,REMOVED,❌ REMOVED,,BUY,"Aug 14, 2026",Real Estate,REIT - Specialty,,,,Prior BUY is missing or no longer rated BUY
SBCF,REMOVED,❌ REMOVED,,BUY,"Jul 30, 2026",Financials,Banks - Regional,,,,Prior BUY is missing or no longer rated BUY
SBFG,UNCHANGED,UNCHANGED,,SELL,"Jul 27, 2026",Financials,Banks - Regional,,,,Previously inactive symbol is absent
SBH,UNCHANGED,UNCHANGED,SELL,,"Aug 20, 2026",Discretionary,Specialty Retail,UPTREND,MOVING DOWN,,No active BUY transition
SBLK,UNCHANGED,UNCHANGED,SELL,SELL,"Aug 11, 2026",Industrials,Marine Shipping,UPTREND,MOVING UP,,No active BUY transition
SBRA,UNCHANGED,UNCHANGED,SELL,SELL,"Aug 05, 2026",Real Estate,REIT - Healthcare Facilities,NEUTRAL,MOVING DOWN,,No active BUY transition
SBSI,UNCHANGED,UNCHANGED,,SELL,"Jul 09, 2026",Financials,Banks - Regional,,,,Previously inactive symbol is absent
SBSW,EMERGING,🔥 EMERGING,BUY,,"Aug 05, 2026",Materials,Other Precious Metals & Mining,UPTREND,MOVING UP,,New BUY with rising trend and accelerating momentum
SBUX,REMOVED,❌ REMOVED,SELL,BUY,"Aug 20, 2026",Discretionary,Restaurants,NEUTRAL,MOVING DOWN,,Prior BUY is missing or no longer rated BUY
SCCO,LEADER,🚀 LEADER,BUY,BUY,"Aug 21, 2026",Materials,Copper,UPTREND,MOVING UP,,Sustained BUY with confirmed trend and momentum
SCHL,UNCHANGED,UNCHANGED,,SELL,"Jul 22, 2026",Communication,Publishing,,,,Previously inactive symbol is absent
SCHW,DETERIORATING,⚠️ DETERIORATING,BUY,BUY,"Jul 30, 2026",Financials,Capital Markets,UPTREND,MOVING DOWN,,Existing BUY momentum is weakening
SCI,UNCHANGED,UNCHANGED,SELL,SELL,"Aug 19, 2026",Discretionary,Personal Services,UPTREND,MOVING DOWN,,No active BUY transition
SCL,REMOVED,❌ REMOVED,,BUY,"Jul 30, 2026",Materials,Specialty Chemicals,,,,Prior BUY is missing or no longer rated BUY
SCSC,UNCHANGED,UNCHANGED,,SELL,"Aug 10, 2026",Technology,Electronics & Computer Distribution,,,,Previously inactive symbol is absent
SDGR,UNCHANGED,UNCHANGED,SELL,,"Aug 17, 2026",Health Care,Health Information Services,UPTREND,MOVING UP,,No active BUY transition
SE,DETERIORATING,⚠️ DETERIORATING,BUY,BUY,"Aug 05, 2026",Discretionary,Internet Retail,UPTREND,MOVING DOWN,,Existing BUY momentum is weakening
SEG,UNCHANGED,UNCHANGED,,,,Real Estate,Real Estate Services,,,,Previously inactive symbol is absent
SEI,REMOVED,❌ REMOVED,SELL,BUY,"Aug 20, 2026",Energy,Oil & Gas Equipment & Services,DOWNTREND,MOVING DOWN,,Prior BUY is missing or no longer rated BUY
SEIC,UNCHANGED,UNCHANGED,,SELL,"Aug 18, 2026",Financials,Asset Management,,,,Previously inactive symbol is absent
SENEA,REMOVED,❌ REMOVED,,BUY,"Aug 12, 2026",Staples,Packaged Foods,,,,Prior BUY is missing or no longer rated BUY
SEPN,UNCHANGED,UNCHANGED,,,,Health Care,Biotechnology,,,,Previously inactive symbol is absent
SEZL,UNCHANGED,UNCHANGED,,,,Financials,Credit Services,,,,Previously inactive symbol is absent
SF,REMOVED,❌ REMOVED,SELL,BUY,"Aug 20, 2026",Financials,Capital Markets,UPTREND,MOVING DOWN,,Prior BUY is missing or no longer rated BUY
SFBC,UNCHANGED,UNCHANGED,,SELL,"Aug 13, 2026",Financials,Banks - Regional,,,,Previously inactive symbol is absent
SFBS,REMOVED,❌ REMOVED,,BUY,"Aug 18, 2026",Financials,Banks - Regional,,,,Prior BUY is missing or no longer rated BUY
SFD,UNCHANGED,UNCHANGED,,,,Staples,Packaged Foods,DOWNTREND,,,No active BUY transition
SFL,UNCHANGED,UNCHANGED,SELL,,"Aug 12, 2026",Industrials,Marine Shipping,UPTREND,MOVING UP,,No active BUY transition
SFM,UNCHANGED,UNCHANGED,SELL,SELL,"Aug 18, 2026",Staples,Grocery Stores,DOWNTREND,MOVING DOWN,,No active BUY transition
SFNC,UNCHANGED,UNCHANGED,SELL,SELL,"Aug 12, 2026",Financials,Banks - Regional,UPTREND,MOVING DOWN,,No active BUY transition
SFST,UNCHANGED,UNCHANGED,,SELL,"Aug 17, 2026",Financials,Banks - Regional,,,,Previously inactive symbol is absent
SGHC,UNCHANGED,UNCHANGED,SELL,,"Jul 15, 2026",Discretionary,Gambling,DOWNTREND,MOVING UP,,No active BUY transition
SGI,UNCHANGED,UNCHANGED,SELL,SELL,"Jul 09, 2026",Discretionary,Furnishings Fixtures & Appliances,DOWNTREND,MOVING UP,,No active BUY transition
SGMT,UNCHANGED,UNCHANGED,,,,Health Care,Biotechnology,UPTREND,,,No active BUY transition
SGRY,UNCHANGED,UNCHANGED,SELL,,"Aug 05, 2026",Health Care,Medical Care Facilities,DOWNTREND,MOVING DOWN,,No active BUY transition
SHAK,REMOVED,❌ REMOVED,SELL,BUY,"Aug 21, 2026",Discretionary,Restaurants,UPTREND,MOVING DOWN,,Prior BUY is missing or no longer rated BUY
SHBI,UNCHANGED,UNCHANGED,,SELL,"Aug 12, 2026",Financials,Banks - Regional,,,,Previously inactive symbol is absent
SHC,UNCHANGED,UNCHANGED,SELL,,"Aug 17, 2026",Health Care,Diagnostics & Research,UPTREND,MOVING DOWN,,No active BUY transition
SHEL,LEADER,🚀 LEADER,BUY,BUY,"Jul 15, 2026",Energy,Oil & Gas Integrated,UPTREND,MOVING UP,,Sustained BUY with confirmed trend and momentum
SHG,UNCHANGED,UNCHANGED,,SELL,"Jul 28, 2026",Financials,Banks - Regional,,,,Previously inactive symbol is absent
SHO,UNCHANGED,UNCHANGED,SELL,,"Aug 07, 2026",Real Estate,REIT - Hotel & Motel,NEUTRAL,MOVING UP,,No active BUY transition
SHOO,UNCHANGED,UNCHANGED,SELL,SELL,"Aug 19, 2026",Discretionary,Footwear & Accessories,UPTREND,MOVING DOWN,,No active BUY transition
SHOP,DETERIORATING,⚠️ DETERIORATING,BUY,BUY,"Aug 06, 2026",Technology,Software - Application,UPTREND,MOVING DOWN,,Existing BUY momentum is weakening
SHW,REMOVED,❌ REMOVED,SELL,BUY,"Aug 21, 2026",Materials,Specialty Chemicals,UPTREND,MOVING DOWN,,Prior BUY is missing or no longer rated BUY
SI,UNCHANGED,UNCHANGED,,,,Health Care,Medical Devices,,,,Previously inactive symbol is absent
SIF,UNCHANGED,UNCHANGED,,,,Industrials,Aerospace & Defense,,,,Previously inactive symbol is absent
SIG,UNCHANGED,UNCHANGED,,SELL,"Aug 13, 2026",Discretionary,Luxury Goods,,,,Previously inactive symbol is absent
SIGI,UNCHANGED,UNCHANGED,,SELL,"Jul 14, 2026",Financials,Insurance - Property & Casualty,,,,Previously inactive symbol is absent
SII,UNCHANGED,UNCHANGED,,SELL,"Aug 17, 2026",Financials,Asset Management,,,,Previously inactive symbol is absent
SIM,REMOVED,❌ REMOVED,,BUY,"Aug 10, 2026",Materials,Steel,,,,Prior BUY is missing or no longer rated BUY
SIMO,UNCHANGED,UNCHANGED,SELL,SELL,"Jul 15, 2026",Technology,Semiconductors,DOWNTREND,MOVING UP,,No active BUY transition
SIRI,UNCHANGED,UNCHANGED,SELL,SELL,"Jul 23, 2026",Communication,Entertainment,DOWNTREND,MOVING DOWN,,No active BUY transition
SITE,UNCHANGED,UNCHANGED,,SELL,"Jul 08, 2026",Industrials,Industrial Distribution,,,,Previously inactive symbol is absent
SITM,REMOVED,❌ REMOVED,,BUY,"Aug 10, 2026",Technology,Semiconductors,,,,Prior BUY is missing or no longer rated BUY
SJM,LEADER,🚀 LEADER,BUY,BUY,"Aug 17, 2026",Staples,Packaged Foods,UPTREND,MOVING UP,,Sustained BUY with confirmed trend and momentum
SKM,LEADER,🚀 LEADER,BUY,BUY,"Aug 06, 2026",Communication,Telecom Services,UPTREND,MOVING UP,,Sustained BUY with confirmed trend and momentum
SKT,UNCHANGED,UNCHANGED,,SELL,"Aug 04, 2026",Real Estate,REIT - Retail,,,,Previously inactive symbol is absent
SKWD,UNCHANGED,UNCHANGED,,,,Financials,Insurance - Property & Casualty,,,,Previously inactive symbol is absent
SKY,REMOVED,❌ REMOVED,,BUY,"Aug 06, 2026",Discretionary,Residential Construction,,,,Prior BUY is missing or no longer rated BUY
SKYW,UNCHANGED,UNCHANGED,,SELL,"Aug 13, 2026",Industrials,Airlines,,,,Previously inactive symbol is absent
SLAB,REMOVED,❌ REMOVED,,BUY,"Aug 07, 2026",Technology,Semiconductors,,,,Prior BUY is missing or no longer rated BUY
SLB,LEADER,🚀 LEADER,BUY,BUY,"Jul 28, 2026",Energy,Oil & Gas Equipment & Services,UPTREND,MOVING UP,,Sustained BUY with confirmed trend and momentum
SLDE,UNCHANGED,UNCHANGED,,,,Financials,Insurance - Property & Casualty,,,,Previously inactive symbol is absent
SLF,UNCHANGED,UNCHANGED,,SELL,"Jul 07, 2026",Financials,Insurance - Diversified,,,,Previously inactive symbol is absent
SLG,LEADER,🚀 LEADER,BUY,BUY,"Jul 27, 2026",Real Estate,REIT - Office,UPTREND,MOVING UP,,Sustained BUY with confirmed trend and momentum
SLGN,UNCHANGED,UNCHANGED,SELL,SELL,"Jul 13, 2026",Discretionary,Packaging & Containers,DOWNTREND,MOVING DOWN,,No active BUY transition
SLM,REMOVED,❌ REMOVED,SELL,BUY,"Aug 20, 2026",Financials,Credit Services,UPTREND,MOVING DOWN,,Prior BUY is missing or no longer rated BUY
SLS,UNCHANGED,UNCHANGED,SELL,,"Aug 21, 2026",Health Care,Biotechnology,UPTREND,MOVING DOWN,,No active BUY transition
SLVM,UNCHANGED,UNCHANGED,,SELL,"Aug 14, 2026",Materials,Paper & Paper Products,,,,Previously inactive symbol is absent
SM,LEADER,🚀 LEADER,BUY,BUY,"Aug 12, 2026",Energy,Oil & Gas E&P,UPTREND,MOVING UP,,Sustained BUY with confirmed trend and momentum
SMA,UNCHANGED,UNCHANGED,,,,Real Estate,REIT - Industrial,,,,Previously inactive symbol is absent
SMBC,UNCHANGED,UNCHANGED,,SELL,"Jul 10, 2026",Financials,Banks - Regional,,,,Previously inactive symbol is absent
SMBK,UNCHANGED,UNCHANGED,,SELL,"Aug 12, 2026",Financials,Banks - Regional,,,,Previously inactive symbol is absent
SMC,UNCHANGED,UNCHANGED,,,,Energy,Oil & Gas Midstream,,,,Previously inactive symbol is absent
SMCI,LEADER,🚀 LEADER,BUY,BUY,"Aug 05, 2026",Technology,Computer Hardware,UPTREND,MOVING UP,,Sustained BUY with confirmed trend and momentum
SMFG,REMOVED,❌ REMOVED,SELL,BUY,"Aug 20, 2026",Financials,Banks - Diversified,DOWNTREND,MOVING DOWN,,Prior BUY is missing or no longer rated BUY
SMG,UNCHANGED,UNCHANGED,SELL,SELL,"Aug 05, 2026",Materials,Agricultural Inputs,DOWNTREND,MOVING DOWN,,No active BUY transition
SMMT,UNCHANGED,UNCHANGED,SELL,,"Aug 18, 2026",Health Care,Biotechnology,DOWNTREND,MOVING DOWN,,No active BUY transition
SMP,UNCHANGED,UNCHANGED,,SELL,"Aug 18, 2026",Discretionary,Auto Parts,,,,Previously inactive symbol is absent
SMPL,UNCHANGED,UNCHANGED,SELL,,"Jul 10, 2026",Staples,Packaged Foods,DOWNTREND,MOVING UP,,No active BUY transition
SMTC,ACTIVE_BUY,ACTIVE BUY,BUY,BUY,"Aug 13, 2026",Technology,Semiconductors,NEUTRAL,MOVING UP,,BUY remains active without a higher-priority setup
SMTI,UNCHANGED,UNCHANGED,,SELL,"Aug 12, 2026",Health Care,Medical Instruments & Supplies,,,,Previously inactive symbol is absent
SN,UNCHANGED,UNCHANGED,,,,Discretionary,Furnishings Fixtures & Appliances,UPTREND,,,No active BUY transition
SNA,UNCHANGED,UNCHANGED,,SELL,"Aug 14, 2026",Industrials,Tools & Accessories,,,,Previously inactive symbol is absent
SNDA,UNCHANGED,UNCHANGED,,SELL,"Jul 23, 2026",Health Care,Medical Care Facilities,,,,Previously inactive symbol is absent
SNDK,UNCHANGED,UNCHANGED,,,,Technology,Computer Hardware,UPTREND,,,No active BUY transition
SNDR,UNCHANGED,UNCHANGED,,SELL,"Jul 29, 2026",Industrials,Trucking,,,,Previously inactive symbol is absent
SNDX,UNCHANGED,UNCHANGED,SELL,,"Jul 17, 2026",Health Care,Biotechnology,DOWNTREND,MOVING UP,,No active BUY transition
SNEX,UNCHANGED,UNCHANGED,SELL,SELL,"Jul 01, 2026",Financials,Capital Markets,DOWNTREND,MOVING UP,,No active BUY transition
SNN,UNCHANGED,UNCHANGED,SELL,SELL,"Aug 07, 2026",Health Care,Medical Devices,DOWNTREND,MOVING DOWN,,No active BUY transition
SNOW,UNCHANGED,UNCHANGED,SELL,SELL,"Aug 13, 2026",Technology,Software - Application,UPTREND,MOVING DOWN,,No active BUY transition
SNPS,ACTIVE_BUY,ACTIVE BUY,BUY,BUY,"Aug 14, 2026",Technology,Software - Infrastructure,DOWNTREND,MOVING UP,,BUY remains active without a higher-priority setup
SNX,REMOVED,❌ REMOVED,,BUY,"Aug 05, 2026",Technology,Electronics & Computer Distribution,,,,Prior BUY is missing or no longer rated BUY
SNY,LEADER,🚀 LEADER,BUY,BUY,"Aug 19, 2026",Health Care,Drug Manufacturers - General,UPTREND,MOVING UP,,Sustained BUY with confirmed trend and momentum
SO,UNCHANGED,UNCHANGED,SELL,SELL,"Aug 03, 2026",Utilities,Utilities - Regulated Electric,DOWNTREND,MOVING DOWN,,No active BUY transition
SOFI,UNCHANGED,UNCHANGED,SELL,,"Aug 14, 2026",Financials,Credit Services,UPTREND,MOVING DOWN,,No active BUY transition
SOLV,UNCHANGED,UNCHANGED,,,,Health Care,Medical Instruments & Supplies,UPTREND,,,No active BUY transition
SON,UNCHANGED,UNCHANGED,SELL,SELL,"Aug 19, 2026",Discretionary,Packaging & Containers,UPTREND,MOVING DOWN,,No active BUY transition
SONO,EMERGING,🔥 EMERGING,BUY,,"Aug 17, 2026",Technology,Consumer Electronics,UPTREND,MOVING UP,,New BUY with rising trend and accelerating momentum
SONY,DETERIORATING,⚠️ DETERIORATING,BUY,BUY,"Jul 10, 2026",Technology,Consumer Electronics,UPTREND,MOVING DOWN,,Existing BUY momentum is weakening
SOR,REMOVED,❌ REMOVED,,BUY,"Aug 04, 2026",Financials,Closed-End Fund - Equity,,,,Prior BUY is missing or no longer rated BUY
SPB,UNCHANGED,UNCHANGED,,SELL,"Aug 04, 2026",Staples,Household & Personal Products,,,,Previously inactive symbol is absent
SPCX,UNCHANGED,UNCHANGED,,,,Industrials,Aerospace & Defense,UPTREND,,,No active BUY transition
SPFI,REMOVED,❌ REMOVED,,BUY,"Aug 17, 2026",Financials,Banks - Regional,,,,Prior BUY is missing or no longer rated BUY
SPG,UNCHANGED,UNCHANGED,SELL,SELL,"Aug 05, 2026",Real Estate,REIT - Retail,DOWNTREND,MOVING DOWN,,No active BUY transition
SPGI,UNCHANGED,UNCHANGED,SELL,SELL,"Jul 23, 2026",Financials,Financial Data & Stock Exchanges,UPTREND,MOVING UP,,No active BUY transition
SPHR,UNCHANGED,UNCHANGED,,SELL,"Aug 18, 2026",Communication,Entertainment,,,,Previously inactive symbol is absent
SPNT,UNCHANGED,UNCHANGED,,SELL,"Jul 17, 2026",Financials,Insurance - Reinsurance,,,,Previously inactive symbol is absent
SPOT,LEADER,🚀 LEADER,BUY,BUY,"Aug 19, 2026",Communication,Internet Content & Information,UPTREND,MOVING UP,,Sustained BUY with confirmed trend and momentum
SPRB,UNCHANGED,UNCHANGED,,,,Health Care,Biotechnology,,,,Previously inactive symbol is absent
SPSC,REMOVED,❌ REMOVED,,BUY,"Jul 30, 2026",Technology,Software - Application,,,,Prior BUY is missing or no longer rated BUY
SPT,UNCHANGED,UNCHANGED,SELL,,"Aug 20, 2026",Technology,Software - Application,UPTREND,MOVING DOWN,,No active BUY transition
SPXC,UNCHANGED,UNCHANGED,,SELL,"Jul 07, 2026",Industrials,Building Products & Equipment,,,,Previously inactive symbol is absent
SQM,REMOVED,❌ REMOVED,,BUY,"Aug 12, 2026",Materials,Specialty Chemicals,,,,Prior BUY is missing or no longer rated BUY
SR,REMOVED,❌ REMOVED,,BUY,"Aug 12, 2026",Utilities,Utilities - Regulated Gas,,,,Prior BUY is missing or no longer rated BUY
SRAD,UNCHANGED,UNCHANGED,SELL,,"Jul 14, 2026",Technology,Software - Application,DOWNTREND,MOVING DOWN,,No active BUY transition
SRBK,UNCHANGED,UNCHANGED,,,,Financials,Banks - Regional,,,,Previously inactive symbol is absent
SRCE,UNCHANGED,UNCHANGED,,SELL,"Aug 12, 2026",Financials,Banks - Regional,,,,Previously inactive symbol is absent
SRE,UNCHANGED,UNCHANGED,SELL,SELL,"Jul 17, 2026",Utilities,Utilities - Diversified,DOWNTREND,MOVING UP,,No active BUY transition
SRPT,EMERGING,🔥 EMERGING,BUY,,"Aug 12, 2026",Health Care,Biotechnology,UPTREND,MOVING UP,,New BUY with rising trend and accelerating momentum
SRRK,LEADER,🚀 LEADER,BUY,BUY,"Aug 12, 2026",Health Care,Biotechnology,UPTREND,MOVING UP,,Sustained BUY with confirmed trend and momentum
SRV,REMOVED,❌ REMOVED,,BUY,"Aug 19, 2026",Financials,Closed-End Fund - Equity,,,,Prior BUY is missing or no longer rated BUY
SSB,REMOVED,❌ REMOVED,,BUY,"Jul 17, 2026",Financials,Banks - Regional,,,,Prior BUY is missing or no longer rated BUY
SSD,REMOVED,❌ REMOVED,,BUY,"Aug 10, 2026",Materials,Lumber & Wood Production,,,,Prior BUY is missing or no longer rated BUY
SSL,EMERGING,🔥 EMERGING,BUY,,"Aug 20, 2026",Materials,Specialty Chemicals,UPTREND,MOVING UP,,New BUY with rising trend and accelerating momentum
SSNC,REMOVED,❌ REMOVED,SELL,BUY,"Aug 20, 2026",Technology,Software - Application,UPTREND,MOVING DOWN,,Prior BUY is missing or no longer rated BUY
SSRM,LEADER,🚀 LEADER,BUY,BUY,"Aug 10, 2026",Materials,Gold,UPTREND,MOVING UP,,Sustained BUY with confirmed trend and momentum
ST,UNCHANGED,UNCHANGED,SELL,SELL,"Aug 13, 2026",Technology,Scientific & Technical Instruments,DOWNTREND,MOVING DOWN,,No active BUY transition
STAA,UNCHANGED,UNCHANGED,SELL,SELL,"Jul 01, 2026",Health Care,Medical Instruments & Supplies,DOWNTREND,MOVING DOWN,,No active BUY transition
STAG,UNCHANGED,UNCHANGED,SELL,SELL,"Jul 30, 2026",Real Estate,REIT - Industrial,DOWNTREND,MOVING DOWN,,No active BUY transition
STBA,UNCHANGED,UNCHANGED,,SELL,"Aug 10, 2026",Financials,Banks - Regional,,,,Previously inactive symbol is absent
STC,UNCHANGED,UNCHANGED,,SELL,"Jul 24, 2026",Financials,Insurance - Property & Casualty,,,,Previously inactive symbol is absent
STE,UNCHANGED,UNCHANGED,,SELL,"Aug 18, 2026",Health Care,Medical Devices,,,,Previously inactive symbol is absent
STEP,UNCHANGED,UNCHANGED,SELL,SELL,"Aug 18, 2026",Financials,Asset Management,UPTREND,MOVING DOWN,,No active BUY transition
STK,REMOVED,❌ REMOVED,,BUY,"Aug 10, 2026",Financials,Closed-End Fund - Equity,,,,Prior BUY is missing or no longer rated BUY
STLD,UNCHANGED,UNCHANGED,SELL,SELL,"Aug 19, 2026",Materials,Steel,DOWNTREND,MOVING DOWN,,No active BUY transition
STN,REMOVED,❌ REMOVED,,BUY,"Jul 30, 2026",Industrials,Engineering & Construction,,,,Prior BUY is missing or no longer rated BUY
STNG,REMOVED,❌ REMOVED,,BUY,"Aug 19, 2026",Energy,Oil & Gas Midstream,,,,Prior BUY is missing or no longer rated BUY
STOK,UNCHANGED,UNCHANGED,,,,Health Care,Biotechnology,,,,Previously inactive symbol is absent
STRA,UNCHANGED,UNCHANGED,,SELL,"Aug 18, 2026",Staples,Education & Training Services,,,,Previously inactive symbol is absent
STRC,UNCHANGED,UNCHANGED,,,,Technology,Software - Application,UPTREND,,,No active BUY transition
STRO,UNCHANGED,UNCHANGED,,SELL,"Jul 06, 2026",Health Care,Biotechnology,,,,Previously inactive symbol is absent
STRT,UNCHANGED,UNCHANGED,,SELL,"Aug 07, 2026",Discretionary,Auto Parts,,,,Previously inactive symbol is absent
STRZ,UNCHANGED,UNCHANGED,,,,Communication,Entertainment,,,,Previously inactive symbol is absent
STT,REMOVED,❌ REMOVED,SELL,BUY,"Aug 20, 2026",Financials,Asset Management,UPTREND,MOVING DOWN,,Prior BUY is missing or no longer rated BUY
STVN,UNCHANGED,UNCHANGED,,SELL,"Aug 07, 2026",Health Care,Medical Instruments & Supplies,,,,Previously inactive symbol is absent
STWD,UNCHANGED,UNCHANGED,SELL,,"Jul 23, 2026",Real Estate,REIT - Mortgage,DOWNTREND,MOVING UP,,No active BUY transition
STX,ACTIVE_BUY,ACTIVE BUY,BUY,BUY,"Aug 14, 2026",Technology,Computer Hardware,NEUTRAL,MOVING UP,,BUY remains active without a higher-priority setup
STZ,ACTIVE_BUY,ACTIVE BUY,BUY,BUY,"Aug 14, 2026",Staples,Beverages - Brewers,NEUTRAL,MOVING UP,,BUY remains active without a higher-priority setup
SU,UNCHANGED,UNCHANGED,SELL,SELL,"Aug 10, 2026",Energy,Oil & Gas Integrated,UPTREND,MOVING UP,,No active BUY transition
SUI,UNCHANGED,UNCHANGED,SELL,SELL,"Aug 07, 2026",Real Estate,REIT - Residential,UPTREND,MOVING UP,,No active BUY transition
SUN,REMOVED,❌ REMOVED,,BUY,"Aug 19, 2026",Energy,Oil & Gas Refining & Marketing,,,,Prior BUY is missing or no longer rated BUY
SUPN,REMOVED,❌ REMOVED,,BUY,"Aug 13, 2026",Health Care,Drug Manufacturers - Specialty & Generic,,,,Prior BUY is missing or no longer rated BUY
SVV,UNCHANGED,UNCHANGED,,,,Discretionary,Specialty Retail,UPTREND,,,No active BUY transition
SWK,REMOVED,❌ REMOVED,SELL,BUY,"Aug 20, 2026",Industrials,Tools & Accessories,UPTREND,MOVING DOWN,,Prior BUY is missing or no longer rated BUY
SWKS,LEADER,🚀 LEADER,BUY,BUY,"Aug 06, 2026",Technology,Semiconductors,UPTREND,MOVING UP,,Sustained BUY with confirmed trend and momentum
SWX,UNCHANGED,UNCHANGED,,SELL,"Jul 31, 2026",Utilities,Utilities - Regulated Gas,,,,Previously inactive symbol is absent
SXI,REMOVED,❌ REMOVED,,BUY,"Aug 07, 2026",Industrials,Specialty Industrial Machinery,,,,Prior BUY is missing or no longer rated BUY
SXT,REMOVED,❌ REMOVED,,BUY,"Jul 28, 2026",Materials,Specialty Chemicals,,,,Prior BUY is missing or no longer rated BUY
SYBT,UNCHANGED,UNCHANGED,,SELL,"Aug 11, 2026",Financials,Banks - Regional,,,,Previously inactive symbol is absent
SYF,DETERIORATING,⚠️ DETERIORATING,BUY,BUY,"Jul 30, 2026",Financials,Credit Services,UPTREND,MOVING DOWN,,Existing BUY momentum is weakening
SYK,UNCHANGED,UNCHANGED,SELL,SELL,"Aug 18, 2026",Health Care,Medical Devices,NEUTRAL,MOVING DOWN,,No active BUY transition
SYM,UNCHANGED,UNCHANGED,SELL,SELL,"Aug 10, 2026",Industrials,Specialty Industrial Machinery,DOWNTREND,MOVING UP,,No active BUY transition
SYRE,REMOVED,❌ REMOVED,,BUY,"Aug 10, 2026",Health Care,Biotechnology,,,,Prior BUY is missing or no longer rated BUY
SYY,UNCHANGED,UNCHANGED,SELL,SELL,"Aug 17, 2026",Staples,Food Distribution,NEUTRAL,MOVING DOWN,,No active BUY transition
T,LEADER,🚀 LEADER,BUY,BUY,"Jul 23, 2026",Communication,Telecom Services,UPTREND,MOVING UP,,Sustained BUY with confirmed trend and momentum
TAC,UNCHANGED,UNCHANGED,SELL,,"Jul 17, 2026",Utilities,Utilities - Independent Power Producers,DOWNTREND,MOVING DOWN,,No active BUY transition
TAK,EMERGING,🔥 EMERGING,BUY,,"Aug 20, 2026",Health Care,Drug Manufacturers - Specialty & Generic,UPTREND,MOVING UP,,New BUY with rising trend and accelerating momentum
TAL,UNCHANGED,UNCHANGED,SELL,,"Aug 14, 2026",Staples,Education & Training Services,UPTREND,MOVING DOWN,,No active BUY transition
TALO,UNCHANGED,UNCHANGED,,,,Energy,Oil & Gas E&P,UPTREND,,,No active BUY transition
TAP,UNCHANGED,UNCHANGED,SELL,SELL,"Aug 18, 2026",Staples,Beverages - Brewers,UPTREND,MOVING DOWN,,No active BUY transition
TARS,REMOVED,❌ REMOVED,,BUY,"Aug 07, 2026",Health Care,Biotechnology,,,,Prior BUY is missing or no longer rated BUY
TAYD,REMOVED,❌ REMOVED,,BUY,"Aug 19, 2026",Industrials,Specialty Industrial Machinery,,,,Prior BUY is missing or no longer rated BUY
TBBK,UNCHANGED,UNCHANGED,,SELL,"Jul 27, 2026",Financials,Banks - Regional,,,,Previously inactive symbol is absent
TBLD,UNCHANGED,UNCHANGED,,SELL,"Aug 18, 2026",Financials,Closed-End Fund - Equity,,,,Previously inactive symbol is absent
TCBI,UNCHANGED,UNCHANGED,,SELL,"Jul 24, 2026",Financials,Banks - Regional,,,,Previously inactive symbol is absent
TCBK,UNCHANGED,UNCHANGED,,SELL,"Jul 30, 2026",Financials,Banks - Regional,,,,Previously inactive symbol is absent
TCBX,UNCHANGED,UNCHANGED,,,,Financials,Banks - Regional,,,,Previously inactive symbol is absent
TCI,UNCHANGED,UNCHANGED,,SELL,"Jul 15, 2026",Real Estate,Real Estate Services,,,,Previously inactive symbol is absent
TCMD,UNCHANGED,UNCHANGED,,SELL,"Aug 12, 2026",Health Care,Medical Devices,,,,Previously inactive symbol is absent
TCOM,EMERGING,🔥 EMERGING,BUY,SELL,"Aug 21, 2026",Discretionary,Travel Services,UPTREND,MOVING UP,,New BUY with rising trend and accelerating momentum
TD,REMOVED,❌ REMOVED,SELL,BUY,"Aug 21, 2026",Financials,Banks - Diversified,DOWNTREND,MOVING DOWN,,Prior BUY is missing or no longer rated BUY
TDC,UNCHANGED,UNCHANGED,SELL,SELL,"Jul 15, 2026",Technology,Software - Infrastructure,DOWNTREND,MOVING UP,,No active BUY transition
TDG,UNCHANGED,UNCHANGED,,SELL,"Aug 10, 2026",Industrials,Aerospace & Defense,,,,Previously inactive symbol is absent
TDW,REMOVED,❌ REMOVED,,BUY,"Aug 05, 2026",Energy,Oil & Gas Equipment & Services,,,,Prior BUY is missing or no longer rated BUY
TDY,REMOVED,❌ REMOVED,,BUY,"Jul 27, 2026",Technology,Scientific & Technical Instruments,,,,Prior BUY is missing or no longer rated BUY
TEAM,REMOVED,❌ REMOVED,SELL,BUY,"Aug 21, 2026",Technology,Software - Application,UPTREND,MOVING DOWN,,Prior BUY is missing or no longer rated BUY
TECH,UNCHANGED,UNCHANGED,SELL,SELL,"Jul 15, 2026",Health Care,Biotechnology,UPTREND,MOVING DOWN,,No active BUY transition
TECK,UNCHANGED,UNCHANGED,SELL,SELL,"Aug 19, 2026",Materials,Other Industrial Metals & Mining,UPTREND,MOVING DOWN,,No active BUY transition
TECX,UNCHANGED,UNCHANGED,,,,Health Care,Biotechnology,,,,Previously inactive symbol is absent
TEL,REMOVED,❌ REMOVED,SELL,BUY,"Aug 20, 2026",Technology,Electronic Components,DOWNTREND,MOVING DOWN,,Prior BUY is missing or no longer rated BUY
TEM,UNCHANGED,UNCHANGED,,,,Health Care,Health Information Services,UPTREND,,,No active BUY transition
TEN,REMOVED,❌ REMOVED,,BUY,"Aug 18, 2026",Energy,Oil & Gas Midstream,,,,Prior BUY is missing or no longer rated BUY
TENB,REMOVED,❌ REMOVED,SELL,BUY,"Aug 20, 2026",Technology,Software - Infrastructure,UPTREND,MOVING DOWN,,Prior BUY is missing or no longer rated BUY
TER,LEADER,🚀 LEADER,BUY,BUY,"Aug 06, 2026",Technology,Semiconductor Equipment & Materials,UPTREND,MOVING UP,,Sustained BUY with confirmed trend and momentum
TEVA,LEADER,🚀 LEADER,BUY,BUY,"Jul 31, 2026",Health Care,Drug Manufacturers - Specialty & Generic,UPTREND,MOVING UP,,Sustained BUY with confirmed trend and momentum
TEX,REMOVED,❌ REMOVED,SELL,BUY,"Aug 20, 2026",Industrials,Farm & Heavy Construction Machinery,DOWNTREND,MOVING DOWN,,Prior BUY is missing or no longer rated BUY
TFC,REMOVED,❌ REMOVED,SELL,BUY,"Aug 20, 2026",Financials,Banks - Regional,DOWNTREND,MOVING DOWN,,Prior BUY is missing or no longer rated BUY
TFIN,UNCHANGED,UNCHANGED,,SELL,"Aug 19, 2026",Financials,Banks - Regional,,,,Previously inactive symbol is absent
TFPM,UNCHANGED,UNCHANGED,,SELL,"Aug 19, 2026",Materials,Other Precious Metals & Mining,,,,Previously inactive symbol is absent
TFX,UNCHANGED,UNCHANGED,,SELL,"Aug 11, 2026",Health Care,Medical Instruments & Supplies,,,,Previously inactive symbol is absent
TGLS,UNCHANGED,UNCHANGED,,SELL,"Aug 11, 2026",Materials,Building Materials,,,,Previously inactive symbol is absent
TGS,UNCHANGED,UNCHANGED,,SELL,"Aug 06, 2026",Energy,Oil & Gas Integrated,,,,Previously inactive symbol is absent
TGT,REMOVED,❌ REMOVED,SELL,BUY,"Aug 21, 2026",Staples,Discount Stores,UPTREND,MOVING DOWN,,Prior BUY is missing or no longer rated BUY
TGTX,UNCHANGED,UNCHANGED,SELL,SELL,"Jul 08, 2026",Health Care,Biotechnology,NEUTRAL,MOVING UP,,No active BUY transition
THC,REMOVED,❌ REMOVED,SELL,BUY,"Aug 20, 2026",Health Care,Medical Care Facilities,UPTREND,MOVING DOWN,,Prior BUY is missing or no longer rated BUY
THFF,UNCHANGED,UNCHANGED,,SELL,"Aug 18, 2026",Financials,Banks - Regional,,,,Previously inactive symbol is absent
THG,UNCHANGED,UNCHANGED,,SELL,"Aug 13, 2026",Financials,Insurance - Property & Casualty,,,,Previously inactive symbol is absent
THO,REMOVED,❌ REMOVED,,BUY,"Jul 23, 2026",Discretionary,Recreational Vehicles,,,,Prior BUY is missing or no longer rated BUY
THRM,UNCHANGED,UNCHANGED,,SELL,"Aug 13, 2026",Discretionary,Auto Parts,,,,Previously inactive symbol is absent
TILE,REMOVED,❌ REMOVED,,BUY,"Aug 04, 2026",Discretionary,Furnishings Fixtures & Appliances,,,,Prior BUY is missing or no longer rated BUY
TISI,REMOVED,❌ REMOVED,,BUY,"Aug 12, 2026",Industrials,Specialty Business Services,,,,Prior BUY is missing or no longer rated BUY
TJX,UNCHANGED,UNCHANGED,SELL,SELL,"Aug 13, 2026",Discretionary,Apparel Retail,DOWNTREND,MOVING DOWN,,No active BUY transition
TKO,UNCHANGED,UNCHANGED,,,,Communication,Entertainment,UPTREND,,,No active BUY transition
TKR,UNCHANGED,UNCHANGED,,SELL,"Jul 01, 2026",Industrials,Tools & Accessories,,,,Previously inactive symbol is absent
TLN,UNCHANGED,UNCHANGED,,,,Utilities,Utilities - Independent Power Producers,,,,Previously inactive symbol is absent
TM,REMOVED,❌ REMOVED,,BUY,"Jul 17, 2026",Discretionary,Auto Manufacturers,,,,Prior BUY is missing or no longer rated BUY
TMDX,REMOVED,❌ REMOVED,,BUY,"Aug 04, 2026",Health Care,Medical Devices,,,,Prior BUY is missing or no longer rated BUY
TMO,UNCHANGED,UNCHANGED,SELL,SELL,"Aug 17, 2026",Health Care,Diagnostics & Research,UPTREND,MOVING UP,,No active BUY transition
TMP,UNCHANGED,UNCHANGED,,SELL,"Aug 12, 2026",Financials,Banks - Regional,,,,Previously inactive symbol is absent
TMUS,NEW_BUY,NEW BUY,BUY,SELL,"Aug 20, 2026",Communication,Telecom Services,NEUTRAL,MOVING UP,,BUY triggered since the previous file
TNC,UNCHANGED,UNCHANGED,,SELL,"Jul 02, 2026",Industrials,Specialty Industrial Machinery,,,,Previously inactive symbol is absent
TNDM,DETERIORATING,⚠️ DETERIORATING,BUY,BUY,"Jul 20, 2026",Health Care,Medical Devices,UPTREND,MOVING DOWN,,Existing BUY momentum is weakening
TNET,UNCHANGED,UNCHANGED,,SELL,"Aug 07, 2026",Industrials,Staffing & Employment Services,,,,Previously inactive symbol is absent
TNGX,UNCHANGED,UNCHANGED,SELL,SELL,"Jul 17, 2026",Health Care,Biotechnology,DOWNTREND,MOVING DOWN,,No active BUY transition
TNK,REMOVED,❌ REMOVED,,BUY,"Aug 18, 2026",Energy,Oil & Gas Midstream,,,,Prior BUY is missing or no longer rated BUY
TNL,UNCHANGED,UNCHANGED,,SELL,"Aug 12, 2026",Discretionary,Travel Services,,,,Previously inactive symbol is absent
TOL,UNCHANGED,UNCHANGED,,SELL,"Aug 11, 2026",Discretionary,Residential Construction,,,,Previously inactive symbol is absent
TOST,UNCHANGED,UNCHANGED,SELL,SELL,"Aug 12, 2026",Technology,Software - Infrastructure,UPTREND,MOVING UP,,No active BUY transition
TOWN,UNCHANGED,UNCHANGED,,SELL,"Aug 11, 2026",Financials,Banks - Regional,,,,Previously inactive symbol is absent
TPB,REMOVED,❌ REMOVED,,BUY,"Aug 07, 2026",Staples,Tobacco,,,,Prior BUY is missing or no longer rated BUY
TPC,REMOVED,❌ REMOVED,,BUY,"Jul 22, 2026",Industrials,Engineering & Construction,,,,Prior BUY is missing or no longer rated BUY
TPG,UNCHANGED,UNCHANGED,SELL,SELL,"Aug 18, 2026",Financials,Asset Management,UPTREND,MOVING DOWN,,No active BUY transition
TPL,UNCHANGED,UNCHANGED,,SELL,"Jul 29, 2026",Energy,Oil & Gas E&P,,,,Previously inactive symbol is absent
TPR,UNCHANGED,UNCHANGED,SELL,SELL,"Aug 14, 2026",Discretionary,Luxury Goods,DOWNTREND,MOVING DOWN,,No active BUY transition
TR,REMOVED,❌ REMOVED,,BUY,"Jul 29, 2026",Staples,Confectioners,,,,Prior BUY is missing or no longer rated BUY
TREE,UNCHANGED,UNCHANGED,,SELL,"Jul 23, 2026",Financials,Financial Conglomerates,,,,Previously inactive symbol is absent
TREX,LEADER,🚀 LEADER,BUY,BUY,"Aug 06, 2026",Industrials,Building Products & Equipment,UPTREND,MOVING UP,,Sustained BUY with confirmed trend and momentum
TRGP,LEADER,🚀 LEADER,BUY,BUY,"Aug 18, 2026",Energy,Oil & Gas Midstream,UPTREND,MOVING UP,,Sustained BUY with confirmed trend and momentum
TRI,UNCHANGED,UNCHANGED,SELL,SELL,"Aug 19, 2026",Industrials,Specialty Business Services,UPTREND,MOVING DOWN,,No active BUY transition
TRIN,UNCHANGED,UNCHANGED,SELL,,"Aug 18, 2026",Financials,Asset Management,UPTREND,MOVING DOWN,,No active BUY transition
TRIP,UNCHANGED,UNCHANGED,SELL,,"Jul 10, 2026",Discretionary,Travel Services,DOWNTREND,MOVING DOWN,,No active BUY transition
TRMB,LEADER,🚀 LEADER,BUY,BUY,"Aug 21, 2026",Technology,Scientific & Technical Instruments,UPTREND,MOVING UP,,Sustained BUY with confirmed trend and momentum
TRMD,REMOVED,❌ REMOVED,,BUY,"Aug 18, 2026",Energy,Oil & Gas Midstream,,,,Prior BUY is missing or no longer rated BUY
TRMK,UNCHANGED,UNCHANGED,,SELL,"Aug 19, 2026",Financials,Banks - Regional,,,,Previously inactive symbol is absent
TRN,UNCHANGED,UNCHANGED,,SELL,"Aug 03, 2026",Industrials,Railroads,,,,Previously inactive symbol is absent
TRNO,UNCHANGED,UNCHANGED,,SELL,"Jul 30, 2026",Real Estate,REIT - Industrial,,,,Previously inactive symbol is absent
TRNS,REMOVED,❌ REMOVED,,BUY,"Aug 06, 2026",Industrials,Specialty Business Services,,,,Prior BUY is missing or no longer rated BUY
TROW,UNCHANGED,UNCHANGED,SELL,SELL,"Jul 22, 2026",Financials,Asset Management,DOWNTREND,MOVING DOWN,,No active BUY transition
TRP,UNCHANGED,UNCHANGED,SELL,SELL,"Jul 29, 2026",Energy,Oil & Gas Midstream,DOWNTREND,MOVING DOWN,,No active BUY transition
TRS,UNCHANGED,UNCHANGED,,SELL,"Jul 07, 2026",Discretionary,Packaging & Containers,,,,Previously inactive symbol is absent
TRST,UNCHANGED,UNCHANGED,,SELL,"Aug 07, 2026",Financials,Banks - Regional,,,,Previously inactive symbol is absent
TRU,EMERGING,🔥 EMERGING,BUY,SELL,"Aug 21, 2026",Financials,Financial Data & Stock Exchanges,UPTREND,MOVING UP,,New BUY with rising trend and accelerating momentum
TRUP,REMOVED,❌ REMOVED,,BUY,"Aug 07, 2026",Financials,Insurance - Property & Casualty,,,,Prior BUY is missing or no longer rated BUY
TRV,UNCHANGED,UNCHANGED,SELL,SELL,"Aug 07, 2026",Financials,Insurance - Property & Casualty,UPTREND,MOVING DOWN,,No active BUY transition
TRVI,UNCHANGED,UNCHANGED,SELL,,"Aug 11, 2026",Health Care,Biotechnology,UPTREND,MOVING DOWN,,No active BUY transition
TS,UNCHANGED,UNCHANGED,SELL,SELL,"Aug 07, 2026",Energy,Oil & Gas Equipment & Services,DOWNTREND,MOVING DOWN,,No active BUY transition
TSBK,REMOVED,❌ REMOVED,,BUY,"Aug 03, 2026",Financials,Banks - Regional,,,,Prior BUY is missing or no longer rated BUY
TSCO,LEADER,🚀 LEADER,BUY,BUY,"Aug 04, 2026",Discretionary,Specialty Retail,UPTREND,MOVING UP,,Sustained BUY with confirmed trend and momentum
TSEM,REMOVED,❌ REMOVED,SELL,BUY,"Aug 21, 2026",Technology,Semiconductors,NEUTRAL,MOVING DOWN,,Prior BUY is missing or no longer rated BUY
TSLA,UNCHANGED,UNCHANGED,SELL,SELL,"Jul 14, 2026",Discretionary,Auto Manufacturers,DOWNTREND,MOVING UP,,No active BUY transition
TSM,ACTIVE_BUY,ACTIVE BUY,BUY,BUY,"Aug 13, 2026",Technology,Semiconductors,NEUTRAL,MOVING UP,,BUY remains active without a higher-priority setup
TSN,UNCHANGED,UNCHANGED,SELL,SELL,"Aug 07, 2026",Staples,Farm Products,DOWNTREND,MOVING DOWN,,No active BUY transition
TT,REMOVED,❌ REMOVED,SELL,BUY,"Aug 20, 2026",Industrials,Building Products & Equipment,DOWNTREND,MOVING DOWN,,Prior BUY is missing or no longer rated BUY
TTAN,UNCHANGED,UNCHANGED,,,,Technology,Software - Application,UPTREND,,,No active BUY transition
TTC,REMOVED,❌ REMOVED,,BUY,"Aug 06, 2026",Industrials,Tools & Accessories,,,,Prior BUY is missing or no longer rated BUY
TTE,EMERGING,🔥 EMERGING,BUY,SELL,"Aug 21, 2026",Energy,Oil & Gas Integrated,UPTREND,MOVING UP,,New BUY with rising trend and accelerating momentum
TTEK,DETERIORATING,⚠️ DETERIORATING,BUY,BUY,"Jul 29, 2026",Industrials,Engineering & Construction,UPTREND,MOVING DOWN,,Existing BUY momentum is weakening
TTMI,UNCHANGED,UNCHANGED,SELL,SELL,"Jun 29, 2026",Technology,Electronic Components,DOWNTREND,MOVING DOWN,,No active BUY transition
TTWO,UNCHANGED,UNCHANGED,SELL,SELL,"Jul 15, 2026",Communication,Electronic Gaming & Multimedia,NEUTRAL,MOVING DOWN,,No active BUY transition
TVTX,LEADER,🚀 LEADER,BUY,BUY,"Aug 06, 2026",Health Care,Biotechnology,UPTREND,MOVING UP,,Sustained BUY with confirmed trend and momentum
TW,LEADER,🚀 LEADER,BUY,BUY,"Jul 29, 2026",Financials,Capital Markets,UPTREND,MOVING UP,,Sustained BUY with confirmed trend and momentum
TWFG,UNCHANGED,UNCHANGED,,,,Financials,Insurance Brokers,,,,Previously inactive symbol is absent
TWIN,UNCHANGED,UNCHANGED,,SELL,"Jul 13, 2026",Industrials,Specialty Industrial Machinery,,,,Previously inactive symbol is absent
TWLO,DETERIORATING,⚠️ DETERIORATING,BUY,BUY,"Aug 10, 2026",Technology,Software - Infrastructure,UPTREND,MOVING DOWN,,Existing BUY momentum is weakening
TWN,REMOVED,❌ REMOVED,,BUY,"Aug 11, 2026",Financials,Closed-End Fund - Foreign,,,,Prior BUY is missing or no longer rated BUY
TWO,UNCHANGED,UNCHANGED,SELL,,"Jul 06, 2026",Real Estate,REIT - Mortgage,DOWNTREND,MOVING DOWN,,No active BUY transition
TWST,LEADER,🚀 LEADER,BUY,BUY,"Aug 06, 2026",Health Care,Diagnostics & Research,UPTREND,MOVING UP,,Sustained BUY with confirmed trend and momentum
TXG,LEADER,🚀 LEADER,BUY,BUY,"Aug 10, 2026",Health Care,Health Information Services,UPTREND,MOVING UP,,Sustained BUY with confirmed trend and momentum
TXN,UNCHANGED,UNCHANGED,SELL,SELL,"Jul 17, 2026",Technology,Semiconductors,DOWNTREND,MOVING DOWN,,No active BUY transition
TXNM,UNCHANGED,UNCHANGED,,SELL,"Aug 06, 2026",Utilities,Utilities - Regulated Electric,,,,Previously inactive symbol is absent
TXRH,UNCHANGED,UNCHANGED,,SELL,"Aug 17, 2026",Discretionary,Restaurants,,,,Previously inactive symbol is absent
TXT,UNCHANGED,UNCHANGED,SELL,SELL,"Jul 30, 2026",Industrials,Aerospace & Defense,DOWNTREND,MOVING DOWN,,No active BUY transition
TY,REMOVED,❌ REMOVED,,BUY,"Aug 07, 2026",Financials,Closed-End Fund - Equity,,,,Prior BUY is missing or no longer rated BUY
TYG,REMOVED,❌ REMOVED,,BUY,"Aug 18, 2026",Financials,Closed-End Fund - Equity,,,,Prior BUY is missing or no longer rated BUY
TYL,REMOVED,❌ REMOVED,,BUY,"Jul 29, 2026",Technology,Software - Application,,,,Prior BUY is missing or no longer rated BUY
TYRA,UNCHANGED,UNCHANGED,,SELL,"Aug 06, 2026",Health Care,Biotechnology,,,,Previously inactive symbol is absent
U,UNCHANGED,UNCHANGED,SELL,SELL,"Aug 18, 2026",Technology,Software - Application,UPTREND,MOVING DOWN,,No active BUY transition
UAL,UNCHANGED,UNCHANGED,SELL,SELL,"Aug 19, 2026",Industrials,Airlines,DOWNTREND,MOVING DOWN,,No active BUY transition
UAN,UNCHANGED,UNCHANGED,,SELL,"Aug 11, 2026",Materials,Agricultural Inputs,,,,Previously inactive symbol is absent
UBER,LEADER,🚀 LEADER,BUY,BUY,"Aug 11, 2026",Technology,Software - Application,UPTREND,MOVING UP,,Sustained BUY with confirmed trend and momentum
UBS,UNCHANGED,UNCHANGED,SELL,SELL,"Aug 19, 2026",Financials,Banks - Diversified,UPTREND,MOVING DOWN,,No active BUY transition
UBSI,UNCHANGED,UNCHANGED,,SELL,"Aug 13, 2026",Financials,Banks - Regional,,,,Previously inactive symbol is absent
UCTT,UNCHANGED,UNCHANGED,SELL,SELL,"Jul 08, 2026",Technology,Semiconductor Equipment & Materials,DOWNTREND,MOVING DOWN,,No active BUY transition
UDR,UNCHANGED,UNCHANGED,SELL,SELL,"Jul 17, 2026",Real Estate,REIT - Residential,DOWNTREND,MOVING DOWN,,No active BUY transition
UE,UNCHANGED,UNCHANGED,,SELL,"Jul 31, 2026",Real Estate,REIT - Retail,,,,Previously inactive symbol is absent
UEC,EMERGING,🔥 EMERGING,BUY,,"Aug 07, 2026",Energy,Uranium,UPTREND,MOVING UP,,New BUY with rising trend and accelerating momentum
UFCS,UNCHANGED,UNCHANGED,,SELL,"Aug 14, 2026",Financials,Insurance - Property & Casualty,,,,Previously inactive symbol is absent
UFPI,UNCHANGED,UNCHANGED,,SELL,"Aug 19, 2026",Materials,Lumber & Wood Production,,,,Previously inactive symbol is absent
UFPT,REMOVED,❌ REMOVED,,BUY,"Jul 31, 2026",Health Care,Medical Devices,,,,Prior BUY is missing or no longer rated BUY
UGI,EMERGING,🔥 EMERGING,BUY,SELL,"Aug 20, 2026",Utilities,Utilities - Regulated Gas,UPTREND,MOVING UP,,New BUY with rising trend and accelerating momentum
UHAL,UNCHANGED,UNCHANGED,,SELL,"Jul 08, 2026",Industrials,Rental & Leasing Services,,,,Previously inactive symbol is absent
UHAL/B,UNCHANGED,UNCHANGED,,,,Industrials,Rental & Leasing Services,,,,Previously inactive symbol is absent
UHS,UNCHANGED,UNCHANGED,,SELL,"Aug 18, 2026",Health Care,Medical Care Facilities,,,,Previously inactive symbol is absent
UHT,UNCHANGED,UNCHANGED,,SELL,"Aug 04, 2026",Real Estate,REIT - Healthcare Facilities,,,,Previously inactive symbol is absent
UI,REMOVED,❌ REMOVED,,BUY,"Aug 06, 2026",Technology,Communication Equipment,,,,Prior BUY is missing or no longer rated BUY
UL,UNCHANGED,UNCHANGED,SELL,SELL,"Aug 13, 2026",Staples,Household & Personal Products,UPTREND,MOVING DOWN,,No active BUY transition
ULS,UNCHANGED,UNCHANGED,,,,Industrials,Specialty Business Services,,,,Previously inactive symbol is absent
ULTA,UNCHANGED,UNCHANGED,,SELL,"Aug 17, 2026",Discretionary,Specialty Retail,,,,Previously inactive symbol is absent
UMAC,UNCHANGED,UNCHANGED,,,,Technology,Computer Hardware,UPTREND,,,No active BUY transition
UMBF,REMOVED,❌ REMOVED,,BUY,"Aug 17, 2026",Financials,Banks - Regional,,,,Prior BUY is missing or no longer rated BUY
UMC,UNCHANGED,UNCHANGED,SELL,,"Jul 10, 2026",Technology,Semiconductors,DOWNTREND,MOVING UP,,No active BUY transition
UNB,REMOVED,❌ REMOVED,,BUY,"Aug 17, 2026",Financials,Banks - Regional,,,,Prior BUY is missing or no longer rated BUY
UNF,UNCHANGED,UNCHANGED,,SELL,"Aug 05, 2026",Industrials,Specialty Business Services,,,,Previously inactive symbol is absent
UNFI,UNCHANGED,UNCHANGED,,SELL,"Aug 05, 2026",Staples,Food Distribution,,,,Previously inactive symbol is absent
UNH,UNCHANGED,UNCHANGED,SELL,SELL,"Jul 29, 2026",Health Care,Healthcare Plans,DOWNTREND,MOVING DOWN,,No active BUY transition
UNM,REMOVED,❌ REMOVED,SELL,BUY,"Aug 21, 2026",Financials,Insurance - Life,NEUTRAL,MOVING DOWN,,Prior BUY is missing or no longer rated BUY
UNP,EMERGING,🔥 EMERGING,BUY,SELL,"Aug 21, 2026",Industrials,Railroads,UPTREND,MOVING UP,,New BUY with rising trend and accelerating momentum
UNTY,REMOVED,❌ REMOVED,,BUY,"Aug 04, 2026",Financials,Banks - Regional,,,,Prior BUY is missing or no longer rated BUY
UPBD,UNCHANGED,UNCHANGED,SELL,,"Jul 27, 2026",Technology,Software - Application,DOWNTREND,MOVING DOWN,,No active BUY transition
UPS,UNCHANGED,UNCHANGED,SELL,SELL,"Jul 28, 2026",Industrials,Integrated Freight & Logistics,DOWNTREND,MOVING DOWN,,No active BUY transition
UPST,UNCHANGED,UNCHANGED,,,,Financials,Credit Services,DOWNTREND,,,No active BUY transition
URBN,REMOVED,❌ REMOVED,SELL,BUY,"Aug 20, 2026",Discretionary,Apparel Retail,NEUTRAL,MOVING DOWN,,Prior BUY is missing or no longer rated BUY
URGN,REMOVED,❌ REMOVED,,BUY,"Aug 07, 2026",Health Care,Biotechnology,,,,Prior BUY is missing or no longer rated BUY
URI,REMOVED,❌ REMOVED,,BUY,"Aug 06, 2026",Industrials,Rental & Leasing Services,,,,Prior BUY is missing or no longer rated BUY
USAC,REMOVED,❌ REMOVED,,BUY,"Aug 18, 2026",Energy,Oil & Gas Equipment & Services,,,,Prior BUY is missing or no longer rated BUY
USAR,UNCHANGED,UNCHANGED,,,,Materials,Other Industrial Metals & Mining,NEUTRAL,,,No active BUY transition
USB,UNCHANGED,UNCHANGED,SELL,SELL,"Jul 17, 2026",Financials,Banks - Regional,NEUTRAL,MOVING DOWN,,No active BUY transition
USCB,REMOVED,❌ REMOVED,,BUY,"Aug 18, 2026",Financials,Banks - Regional,,,,Prior BUY is missing or no longer rated BUY
USFD,DETERIORATING,⚠️ DETERIORATING,BUY,BUY,"Jul 30, 2026",Staples,Food Distribution,UPTREND,MOVING DOWN,,Existing BUY momentum is weakening
USLM,REMOVED,❌ REMOVED,,BUY,"Jul 23, 2026",Materials,Building Materials,,,,Prior BUY is missing or no longer rated BUY
UTF,UNCHANGED,UNCHANGED,,SELL,"Jul 02, 2026",Financials,Closed-End Fund - Equity,,,,Previously inactive symbol is absent
UTG,UNCHANGED,UNCHANGED,,,,Financials,Closed-End Fund - Equity,,,,Previously inactive symbol is absent
UTHR,UNCHANGED,UNCHANGED,,SELL,"Jul 14, 2026",Health Care,Drug Manufacturers - Specialty & Generic,,,,Previously inactive symbol is absent
UTI,UNCHANGED,UNCHANGED,SELL,SELL,"Jul 17, 2026",Staples,Education & Training Services,DOWNTREND,MOVING DOWN,,No active BUY transition
UTL,UNCHANGED,UNCHANGED,,SELL,"Aug 04, 2026",Utilities,Utilities - Diversified,,,,Previously inactive symbol is absent
UTMD,UNCHANGED,UNCHANGED,,SELL,"Aug 18, 2026",Health Care,Medical Instruments & Supplies,,,,Previously inactive symbol is absent
UTZ,UNCHANGED,UNCHANGED,SELL,,"Aug 07, 2026",Staples,Packaged Foods,UPTREND,MOVING DOWN,,No active BUY transition
UUUU,NEW_BUY,NEW BUY,BUY,,"Aug 11, 2026",Energy,Uranium,NEUTRAL,MOVING UP,,BUY triggered since the previous file
UVE,UNCHANGED,UNCHANGED,,SELL,"Aug 14, 2026",Financials,Insurance - Property & Casualty,,,,Previously inactive symbol is absent
UVSP,UNCHANGED,UNCHANGED,,SELL,"Jul 10, 2026",Financials,Banks - Regional,,,,Previously inactive symbol is absent
UVV,UNCHANGED,UNCHANGED,,SELL,"Aug 06, 2026",Staples,Tobacco,,,,Previously inactive symbol is absent
V,UNCHANGED,UNCHANGED,SELL,SELL,"Aug 10, 2026",Financials,Credit Services,UPTREND,MOVING DOWN,,No active BUY transition
VAC,REMOVED,❌ REMOVED,,BUY,"Aug 07, 2026",Discretionary,Resorts & Casinos,,,,Prior BUY is missing or no longer rated BUY
VALE,UNCHANGED,UNCHANGED,SELL,,"Aug 12, 2026",Materials,Other Industrial Metals & Mining,DOWNTREND,MOVING DOWN,,No active BUY transition
VALU,UNCHANGED,UNCHANGED,,SELL,"Aug 18, 2026",Financials,Financial Data & Stock Exchanges,,,,Previously inactive symbol is absent
VC,REMOVED,❌ REMOVED,,BUY,"Aug 14, 2026",Discretionary,Auto Parts,,,,Prior BUY is missing or no longer rated BUY
VCEL,UNCHANGED,UNCHANGED,,SELL,"Jul 20, 2026",Health Care,Biotechnology,,,,Previously inactive symbol is absent
VCTR,REMOVED,❌ REMOVED,,BUY,"Aug 07, 2026",Financials,Asset Management,,,,Prior BUY is missing or no longer rated BUY
VCYT,UNCHANGED,UNCHANGED,SELL,SELL,"Jul 10, 2026",Health Care,Diagnostics & Research,DOWNTREND,MOVING DOWN,,No active BUY transition
VECO,UNCHANGED,UNCHANGED,,SELL,"Jul 01, 2026",Technology,Semiconductor Equipment & Materials,,,,Previously inactive symbol is absent
VEEV,DETERIORATING,⚠️ DETERIORATING,BUY,BUY,"Aug 07, 2026",Health Care,Health Information Services,UPTREND,MOVING DOWN,,Existing BUY momentum is weakening
VEON,REMOVED,❌ REMOVED,,BUY,"Aug 05, 2026",Communication,Telecom Services,,,,Prior BUY is missing or no longer rated BUY
VERA,UNCHANGED,UNCHANGED,SELL,SELL,"Jul 06, 2026",Health Care,Biotechnology,DOWNTREND,MOVING UP,,No active BUY transition
VERX,EMERGING,🔥 EMERGING,BUY,,"Aug 14, 2026",Technology,Software - Application,UPTREND,MOVING UP,,New BUY with rising trend and accelerating momentum
VET,EMERGING,🔥 EMERGING,BUY,,"Aug 18, 2026",Energy,Oil & Gas E&P,UPTREND,MOVING UP,,New BUY with rising trend and accelerating momentum
VFC,UNCHANGED,UNCHANGED,SELL,,"Jul 30, 2026",Discretionary,Apparel Manufacturing,DOWNTREND,MOVING DOWN,,No active BUY transition
VG,UNCHANGED,UNCHANGED,,,,Energy,Oil & Gas Midstream,UPTREND,,,No active BUY transition
VIA,UNCHANGED,UNCHANGED,,,,Technology,Software - Application,,,,Previously inactive symbol is absent
VIAV,ACTIVE_BUY,ACTIVE BUY,BUY,BUY,"Aug 14, 2026",Technology,Communication Equipment,NEUTRAL,MOVING UP,,BUY remains active without a higher-priority setup
VICI,UNCHANGED,UNCHANGED,SELL,SELL,"Aug 03, 2026",Real Estate,REIT - Diversified,DOWNTREND,MOVING UP,,No active BUY transition
VICR,UNCHANGED,UNCHANGED,,SELL,"Jul 07, 2026",Technology,Electronic Components,,,,Previously inactive symbol is absent
VIPS,UNCHANGED,UNCHANGED,SELL,,"Aug 13, 2026",Discretionary,Internet Retail,DOWNTREND,MOVING DOWN,,No active BUY transition
VIRT,LEADER,🚀 LEADER,BUY,BUY,"Aug 19, 2026",Financials,Capital Markets,UPTREND,MOVING UP,,Sustained BUY with confirmed trend and momentum
VIST,REMOVED,❌ REMOVED,,BUY,"Aug 17, 2026",Energy,Oil & Gas E&P,,,,Prior BUY is missing or no longer rated BUY
VITL,UNCHANGED,UNCHANGED,SELL,,"Aug 04, 2026",Staples,Farm Products,DOWNTREND,MOVING DOWN,,No active BUY transition
VIV,UNCHANGED,UNCHANGED,SELL,,"Jul 29, 2026",Communication,Telecom Services,DOWNTREND,MOVING DOWN,,No active BUY transition
VKTX,UNCHANGED,UNCHANGED,SELL,SELL,"Jul 15, 2026",Health Care,Biotechnology,NEUTRAL,MOVING UP,,No active BUY transition
VLGEA,UNCHANGED,UNCHANGED,,SELL,"Aug 11, 2026",Staples,Grocery Stores,,,,Previously inactive symbol is absent
VLO,LEADER,🚀 LEADER,BUY,BUY,"Aug 17, 2026",Energy,Oil & Gas Refining & Marketing,UPTREND,MOVING UP,,Sustained BUY with confirmed trend and momentum
VLTO,UNCHANGED,UNCHANGED,,,,Industrials,Pollution & Treatment Controls,UPTREND,,,No active BUY transition
VLY,UNCHANGED,UNCHANGED,SELL,,"Aug 21, 2026",Financials,Banks - Regional,DOWNTREND,MOVING DOWN,,No active BUY transition
VMC,UNCHANGED,UNCHANGED,,SELL,"Jul 10, 2026",Materials,Building Materials,,,,Previously inactive symbol is absent
VMI,UNCHANGED,UNCHANGED,,SELL,"Jul 02, 2026",Industrials,Conglomerates,,,,Previously inactive symbol is absent
VNO,UNCHANGED,UNCHANGED,SELL,SELL,"Aug 10, 2026",Real Estate,REIT - Office,NEUTRAL,MOVING DOWN,,No active BUY transition
VNOM,EMERGING,🔥 EMERGING,BUY,SELL,"Aug 21, 2026",Energy,Oil & Gas Midstream,UPTREND,MOVING UP,,New BUY with rising trend and accelerating momentum
VNT,UNCHANGED,UNCHANGED,SELL,SELL,"Aug 13, 2026",Technology,Scientific & Technical Instruments,UPTREND,MOVING DOWN,,No active BUY transition
VOD,UNCHANGED,UNCHANGED,SELL,,"Aug 11, 2026",Communication,Telecom Services,UPTREND,MOVING DOWN,,No active BUY transition
VOR,UNCHANGED,UNCHANGED,,SELL,"Aug 10, 2026",Health Care,Biotechnology,,,,Previously inactive symbol is absent
VOYA,REMOVED,❌ REMOVED,,BUY,"Aug 18, 2026",Financials,Financial Conglomerates,,,,Prior BUY is missing or no longer rated BUY
VOYG,UNCHANGED,UNCHANGED,,,,Industrials,Aerospace & Defense,UPTREND,,,No active BUY transition
VRDN,LEADER,🚀 LEADER,BUY,BUY,"Jul 27, 2026",Health Care,Biotechnology,UPTREND,MOVING UP,,Sustained BUY with confirmed trend and momentum
VREX,NEW_BUY,NEW BUY,BUY,,"Jul 13, 2026",Health Care,Medical Devices,UPTREND,MOVING DOWN,,BUY triggered since the previous file
VRNS,REMOVED,❌ REMOVED,SELL,BUY,"Aug 20, 2026",Technology,Software - Infrastructure,DOWNTREND,MOVING DOWN,,Prior BUY is missing or no longer rated BUY
VRSK,UNCHANGED,UNCHANGED,SELL,SELL,"Aug 04, 2026",Industrials,Consulting Services,NEUTRAL,MOVING DOWN,,No active BUY transition
VRSN,UNCHANGED,UNCHANGED,,SELL,"Aug 14, 2026",Technology,Software - Infrastructure,,,,Previously inactive symbol is absent
VRT,REMOVED,❌ REMOVED,SELL,BUY,"Aug 20, 2026",Industrials,Electrical Equipment & Parts,DOWNTREND,MOVING DOWN,,Prior BUY is missing or no longer rated BUY
VRTS,UNCHANGED,UNCHANGED,,SELL,"Jul 31, 2026",Financials,Asset Management,,,,Previously inactive symbol is absent
VRTX,LEADER,🚀 LEADER,BUY,BUY,"Aug 10, 2026",Health Care,Biotechnology,UPTREND,MOVING UP,,Sustained BUY with confirmed trend and momentum
VSAT,UNCHANGED,UNCHANGED,SELL,SELL,"Aug 19, 2026",Technology,Communication Equipment,NEUTRAL,MOVING DOWN,,No active BUY transition
VSEC,REMOVED,❌ REMOVED,,BUY,"Aug 06, 2026",Industrials,Aerospace & Defense,,,,Prior BUY is missing or no longer rated BUY
VST,UNCHANGED,UNCHANGED,SELL,SELL,"Jul 29, 2026",Utilities,Utilities - Independent Power Producers,DOWNTREND,MOVING DOWN,,No active BUY transition
VSTS,UNCHANGED,UNCHANGED,,,,Industrials,Rental & Leasing Services,DOWNTREND,,,No active BUY transition
VSXY,UNCHANGED,UNCHANGED,SELL,SELL,"Aug 14, 2026",Discretionary,Apparel Retail,UPTREND,MOVING DOWN,,No active BUY transition
VTOL,UNCHANGED,UNCHANGED,,SELL,"Jul 31, 2026",Energy,Oil & Gas Equipment & Services,,,,Previously inactive symbol is absent
VTR,UNCHANGED,UNCHANGED,SELL,SELL,"Jul 31, 2026",Real Estate,REIT - Healthcare Facilities,NEUTRAL,MOVING DOWN,,No active BUY transition
VTRS,UNCHANGED,UNCHANGED,SELL,,"Aug 04, 2026",Health Care,Drug Manufacturers - Specialty & Generic,DOWNTREND,MOVING UP,,No active BUY transition
VTVT,UNCHANGED,UNCHANGED,,SELL,"Aug 14, 2026",Health Care,Biotechnology,,,,Previously inactive symbol is absent
VVV,UNCHANGED,UNCHANGED,SELL,SELL,"Aug 03, 2026",Discretionary,Auto & Truck Dealerships,DOWNTREND,MOVING UP,,No active BUY transition
VVX,UNCHANGED,UNCHANGED,,SELL,"Aug 06, 2026",Industrials,Aerospace & Defense,,,,Previously inactive symbol is absent
VZ,LEADER,🚀 LEADER,BUY,BUY,"Jul 27, 2026",Communication,Telecom Services,UPTREND,MOVING UP,,Sustained BUY with confirmed trend and momentum
W,LEADER,🚀 LEADER,BUY,BUY,"Aug 05, 2026",Discretionary,Internet Retail,UPTREND,MOVING UP,,Sustained BUY with confirmed trend and momentum
WAB,UNCHANGED,UNCHANGED,SELL,SELL,"Aug 18, 2026",Industrials,Railroads,UPTREND,MOVING DOWN,,No active BUY transition
WABC,UNCHANGED,UNCHANGED,,SELL,"Jul 31, 2026",Financials,Banks - Regional,,,,Previously inactive symbol is absent
WAFD,REMOVED,❌ REMOVED,,BUY,"Aug 12, 2026",Financials,Banks - Regional,,,,Prior BUY is missing or no longer rated BUY
WAL,UNCHANGED,UNCHANGED,,SELL,"Aug 03, 2026",Financials,Banks - Regional,,,,Previously inactive symbol is absent
WASH,UNCHANGED,UNCHANGED,,SELL,"Aug 11, 2026",Financials,Banks - Regional,,,,Previously inactive symbol is absent
WAT,REMOVED,❌ REMOVED,,BUY,"Jul 30, 2026",Health Care,Diagnostics & Research,,,,Prior BUY is missing or no longer rated BUY
WAY,UNCHANGED,UNCHANGED,,,,Health Care,Health Information Services,UPTREND,,,No active BUY transition
WBD,LEADER,🚀 LEADER,BUY,BUY,"Aug 11, 2026",Communication,Entertainment,UPTREND,MOVING UP,,Sustained BUY with confirmed trend and momentum
WBI,UNCHANGED,UNCHANGED,,,,Energy,Oil & Gas Equipment & Services,,,,Previously inactive symbol is absent
WBS,REMOVED,❌ REMOVED,SELL,BUY,"Aug 20, 2026",Financials,Banks - Regional,UPTREND,MOVING DOWN,,Prior BUY is missing or no longer rated BUY
WCC,REMOVED,❌ REMOVED,,BUY,"Aug 04, 2026",Industrials,Industrial Distribution,,,,Prior BUY is missing or no longer rated BUY
WCN,UNCHANGED,UNCHANGED,SELL,SELL,"Jul 22, 2026",Industrials,Waste Management,NEUTRAL,MOVING DOWN,,No active BUY transition
WD,UNCHANGED,UNCHANGED,,SELL,"Aug 07, 2026",Financials,Mortgage Finance,,,,Previously inactive symbol is absent
WDAY,REMOVED,❌ REMOVED,SELL,BUY,"Aug 21, 2026",Technology,Software - Application,UPTREND,MOVING DOWN,,Prior BUY is missing or no longer rated BUY
WDC,UNCHANGED,UNCHANGED,SELL,SELL,"Jul 06, 2026",Technology,Computer Hardware,DOWNTREND,MOVING UP,,No active BUY transition
WDFC,UNCHANGED,UNCHANGED,,SELL,"Jul 16, 2026",Materials,Specialty Chemicals,,,,Previously inactive symbol is absent
WDS,UNCHANGED,UNCHANGED,,SELL,"Aug 12, 2026",Energy,Oil & Gas E&P,,,,Previously inactive symbol is absent
WEC,UNCHANGED,UNCHANGED,SELL,SELL,"Jul 15, 2026",Utilities,Utilities - Regulated Electric,DOWNTREND,MOVING UP,,No active BUY transition
WES,REMOVED,❌ REMOVED,,BUY,"Aug 18, 2026",Energy,Oil & Gas Midstream,,,,Prior BUY is missing or no longer rated BUY
WEX,UNCHANGED,UNCHANGED,,SELL,"Aug 11, 2026",Technology,Software - Infrastructure,,,,Previously inactive symbol is absent
WEYS,REMOVED,❌ REMOVED,,BUY,"Aug 05, 2026",Discretionary,Footwear & Accessories,,,,Prior BUY is missing or no longer rated BUY
WF,REMOVED,❌ REMOVED,,BUY,"Jul 13, 2026",Financials,Banks - Regional,,,,Prior BUY is missing or no longer rated BUY
WFC,UNCHANGED,UNCHANGED,SELL,SELL,"Jul 16, 2026",Financials,Banks - Diversified,DOWNTREND,MOVING DOWN,,No active BUY transition
WFRD,UNCHANGED,UNCHANGED,SELL,SELL,"Aug 19, 2026",Energy,Oil & Gas Equipment & Services,UPTREND,MOVING DOWN,,No active BUY transition
WGO,REMOVED,❌ REMOVED,,BUY,"Jul 17, 2026",Discretionary,Recreational Vehicles,,,,Prior BUY is missing or no longer rated BUY
WGS,UNCHANGED,UNCHANGED,,SELL,"Aug 17, 2026",Health Care,Diagnostics & Research,,,,Previously inactive symbol is absent
WH,UNCHANGED,UNCHANGED,SELL,SELL,"Jul 06, 2026",Discretionary,Lodging,DOWNTREND,MOVING UP,,No active BUY transition
WHD,REMOVED,❌ REMOVED,,BUY,"Aug 03, 2026",Energy,Oil & Gas Equipment & Services,,,,Prior BUY is missing or no longer rated BUY
WHR,UNCHANGED,UNCHANGED,SELL,SELL,"Aug 19, 2026",Discretionary,Furnishings Fixtures & Appliances,NEUTRAL,MOVING DOWN,,No active BUY transition
WINA,UNCHANGED,UNCHANGED,,SELL,"Jul 10, 2026",Discretionary,Specialty Retail,,,,Previously inactive symbol is absent
WING,UNCHANGED,UNCHANGED,SELL,SELL,"Jul 08, 2026",Discretionary,Restaurants,DOWNTREND,MOVING UP,,No active BUY transition
WIX,LEADER,🚀 LEADER,BUY,BUY,"Jul 28, 2026",Technology,Software - Infrastructure,UPTREND,MOVING UP,,Sustained BUY with confirmed trend and momentum
WK,REMOVED,❌ REMOVED,,BUY,"Jul 31, 2026",Technology,Software - Application,,,,Prior BUY is missing or no longer rated BUY
WKC,UNCHANGED,UNCHANGED,SELL,SELL,"Aug 05, 2026",Energy,Oil & Gas Refining & Marketing,NEUTRAL,MOVING DOWN,,No active BUY transition
WLDN,REMOVED,❌ REMOVED,,BUY,"Aug 10, 2026",Industrials,Engineering & Construction,,,,Prior BUY is missing or no longer rated BUY
WLFC,UNCHANGED,UNCHANGED,,SELL,"Jul 15, 2026",Industrials,Rental & Leasing Services,,,,Previously inactive symbol is absent
WLK,ACTIVE_BUY,ACTIVE BUY,BUY,BUY,"Aug 10, 2026",Materials,Specialty Chemicals,NEUTRAL,MOVING UP,,BUY remains active without a higher-priority setup
WLY,UNCHANGED,UNCHANGED,,SELL,"Jul 15, 2026",Communication,Publishing,,,,Previously inactive symbol is absent
WM,UNCHANGED,UNCHANGED,SELL,SELL,"Jul 31, 2026",Industrials,Waste Management,DOWNTREND,MOVING DOWN,,No active BUY transition
WMB,ACTIVE_BUY,ACTIVE BUY,BUY,BUY,"Aug 17, 2026",Energy,Oil & Gas Midstream,NEUTRAL,MOVING UP,,BUY remains active without a higher-priority setup
WMS,REMOVED,❌ REMOVED,,BUY,"Aug 14, 2026",Industrials,Building Products & Equipment,,,,Prior BUY is missing or no longer rated BUY
WMT,REMOVED,❌ REMOVED,SELL,BUY,"Aug 21, 2026",Staples,Discount Stores,DOWNTREND,MOVING DOWN,,Prior BUY is missing or no longer rated BUY
WNC,UNCHANGED,UNCHANGED,SELL,,"Jul 17, 2026",Industrials,Farm & Heavy Construction Machinery,DOWNTREND,MOVING DOWN,,No active BUY transition
WOLF,UNCHANGED,UNCHANGED,,,,Technology,Semiconductors,DOWNTREND,,,No active BUY transition
WOR,REMOVED,❌ REMOVED,,BUY,"Jul 29, 2026",Industrials,Metal Fabrication,,,,Prior BUY is missing or no longer rated BUY
WPC,UNCHANGED,UNCHANGED,SELL,SELL,"Aug 05, 2026",Real Estate,REIT - Diversified,DOWNTREND,MOVING DOWN,,No active BUY transition
WPM,LEADER,🚀 LEADER,BUY,BUY,"Aug 05, 2026",Materials,Gold,UPTREND,MOVING UP,,Sustained BUY with confirmed trend and momentum
WPP,REMOVED,❌ REMOVED,,BUY,"Jul 14, 2026",Communication,Advertising Agencies,,,,Prior BUY is missing or no longer rated BUY
WRB,UNCHANGED,UNCHANGED,SELL,SELL,"Aug 04, 2026",Financials,Insurance - Property & Casualty,DOWNTREND,MOVING DOWN,,No active BUY transition
WRBY,UNCHANGED,UNCHANGED,,,,Health Care,Medical Instruments & Supplies,UPTREND,,,No active BUY transition
WRLD,UNCHANGED,UNCHANGED,,SELL,"Jul 13, 2026",Financials,Credit Services,,,,Previously inactive symbol is absent
WS,UNCHANGED,UNCHANGED,,,,Materials,Steel,,,,Previously inactive symbol is absent
WSBC,UNCHANGED,UNCHANGED,,SELL,"Jul 14, 2026",Financials,Banks - Regional,,,,Previously inactive symbol is absent
WSBF,REMOVED,❌ REMOVED,,BUY,"Jul 31, 2026",Financials,Banks - Regional,,,,Prior BUY is missing or no longer rated BUY
WSFS,UNCHANGED,UNCHANGED,,SELL,"Aug 10, 2026",Financials,Banks - Regional,,,,Previously inactive symbol is absent
WSM,REMOVED,❌ REMOVED,,BUY,"Jul 30, 2026",Discretionary,Specialty Retail,,,,Prior BUY is missing or no longer rated BUY
WSO,UNCHANGED,UNCHANGED,,SELL,"Jul 09, 2026",Industrials,Industrial Distribution,,,,Previously inactive symbol is absent
WSO/B,UNCHANGED,UNCHANGED,,SELL,"Jul 30, 2026",Industrials,Industrial Distribution,,,,Previously inactive symbol is absent
WST,UNCHANGED,UNCHANGED,,SELL,"Aug 18, 2026",Health Care,Medical Instruments & Supplies,,,,Previously inactive symbol is absent
WT,LEADER,🚀 LEADER,BUY,BUY,"Aug 04, 2026",Financials,Asset Management,UPTREND,MOVING UP,,Sustained BUY with confirmed trend and momentum
WTBA,REMOVED,❌ REMOVED,,BUY,"Jul 29, 2026",Financials,Banks - Regional,,,,Prior BUY is missing or no longer rated BUY
WTFC,UNCHANGED,UNCHANGED,,SELL,"Jul 10, 2026",Financials,Banks - Regional,,,,Previously inactive symbol is absent
WTM,UNCHANGED,UNCHANGED,,SELL,"Jul 30, 2026",Financials,Insurance - Property & Casualty,,,,Previously inactive symbol is absent
WTRG,UNCHANGED,UNCHANGED,SELL,SELL,"Aug 04, 2026",Utilities,Utilities - Regulated Water,UPTREND,MOVING DOWN,,No active BUY transition
WTS,REMOVED,❌ REMOVED,,BUY,"Aug 10, 2026",Industrials,Specialty Industrial Machinery,,,,Prior BUY is missing or no longer rated BUY
WTTR,DETERIORATING,⚠️ DETERIORATING,BUY,BUY,"Aug 10, 2026",Energy,Oil & Gas Equipment & Services,UPTREND,MOVING DOWN,,Existing BUY momentum is weakening
WTW,UNCHANGED,UNCHANGED,,SELL,"Aug 17, 2026",Financials,Insurance Brokers,,,,Previously inactive symbol is absent
WWD,UNCHANGED,UNCHANGED,,SELL,"Jul 08, 2026",Industrials,Aerospace & Defense,,,,Previously inactive symbol is absent
WY,UNCHANGED,UNCHANGED,SELL,SELL,"Aug 18, 2026",Real Estate,REIT - Specialty,NEUTRAL,MOVING DOWN,,No active BUY transition
WYFI,UNCHANGED,UNCHANGED,,,,Technology,Information Technology Services,DOWNTREND,,,No active BUY transition
WYNN,DETERIORATING,⚠️ DETERIORATING,BUY,BUY,"Jul 31, 2026",Discretionary,Resorts & Casinos,NEUTRAL,MOVING DOWN,,Existing BUY momentum is weakening
XEL,UNCHANGED,UNCHANGED,SELL,SELL,"Jul 10, 2026",Utilities,Utilities - Regulated Electric,DOWNTREND,MOVING UP,,No active BUY transition
XENE,UNCHANGED,UNCHANGED,,SELL,"Jul 22, 2026",Health Care,Biotechnology,,,,Previously inactive symbol is absent
XMTR,UNCHANGED,UNCHANGED,,SELL,"Aug 19, 2026",Industrials,Industrial Distribution,,,,Previously inactive symbol is absent
XNCR,LEADER,🚀 LEADER,BUY,BUY,"Aug 19, 2026",Health Care,Biotechnology,UPTREND,MOVING UP,,Sustained BUY with confirmed trend and momentum
XOM,LEADER,🚀 LEADER,BUY,BUY,"Jul 17, 2026",Energy,Oil & Gas Integrated,UPTREND,MOVING UP,,Sustained BUY with confirmed trend and momentum
XP,UNCHANGED,UNCHANGED,SELL,,"Jul 27, 2026",Financials,Capital Markets,DOWNTREND,MOVING UP,,No active BUY transition
XPEL,REMOVED,❌ REMOVED,,BUY,"Aug 06, 2026",Discretionary,Auto Parts,,,,Prior BUY is missing or no longer rated BUY
XPO,REMOVED,❌ REMOVED,,BUY,"Aug 17, 2026",Industrials,Trucking,,,,Prior BUY is missing or no longer rated BUY
XRAY,UNCHANGED,UNCHANGED,SELL,,"Jul 29, 2026",Health Care,Medical Instruments & Supplies,DOWNTREND,MOVING DOWN,,No active BUY transition
XRN,UNCHANGED,UNCHANGED,,SELL,"Jul 14, 2026",Real Estate,REIT - Healthcare Facilities,,,,Previously inactive symbol is absent
XYL,UNCHANGED,UNCHANGED,SELL,SELL,"Jul 22, 2026",Industrials,Specialty Industrial Machinery,DOWNTREND,MOVING DOWN,,No active BUY transition
XYZ,UNCHANGED,UNCHANGED,SELL,SELL,"Aug 10, 2026",Technology,Software - Infrastructure,UPTREND,MOVING DOWN,,No active BUY transition
YARW,UNCHANGED,UNCHANGED,,SELL,"Aug 13, 2026",Health Care,Biotechnology,,,,Previously inactive symbol is absent
YELP,UNCHANGED,UNCHANGED,SELL,SELL,"Aug 06, 2026",Communication,Internet Content & Information,DOWNTREND,MOVING DOWN,,No active BUY transition
YETI,UNCHANGED,UNCHANGED,SELL,SELL,"Aug 12, 2026",Discretionary,Leisure,DOWNTREND,MOVING DOWN,,No active BUY transition
YORW,REMOVED,❌ REMOVED,,BUY,"Aug 12, 2026",Utilities,Utilities - Regulated Water,,,,Prior BUY is missing or no longer rated BUY
YOU,UNCHANGED,UNCHANGED,SELL,SELL,"Aug 10, 2026",Technology,Software - Application,DOWNTREND,MOVING DOWN,,No active BUY transition
YPF,UNCHANGED,UNCHANGED,SELL,SELL,"Aug 06, 2026",Energy,Oil & Gas Integrated,UPTREND,MOVING UP,,No active BUY transition
YUM,UNCHANGED,UNCHANGED,SELL,SELL,"Jul 16, 2026",Discretionary,Restaurants,NEUTRAL,MOVING UP,,No active BUY transition
YUMC,UNCHANGED,UNCHANGED,SELL,SELL,"Aug 14, 2026",Discretionary,Restaurants,UPTREND,MOVING DOWN,,No active BUY transition
Z,LEADER,🚀 LEADER,BUY,BUY,"Aug 04, 2026",Communication,Internet Content & Information,UPTREND,MOVING UP,,Sustained BUY with confirmed trend and momentum
ZBH,LEADER,🚀 LEADER,BUY,BUY,"Jul 14, 2026",Health Care,Medical Devices,UPTREND,MOVING UP,,Sustained BUY with confirmed trend and momentum
ZBRA,REMOVED,❌ REMOVED,,BUY,"Jul 31, 2026",Technology,Communication Equipment,,,,Prior BUY is missing or no longer rated BUY
ZD,UNCHANGED,UNCHANGED,,SELL,"Jul 16, 2026",Communication,Advertising Agencies,,,,Previously inactive symbol is absent
ZETA,UNCHANGED,UNCHANGED,SELL,SELL,"Aug 17, 2026",Technology,Software - Infrastructure,UPTREND,MOVING DOWN,,No active BUY transition
ZG,UNCHANGED,UNCHANGED,SELL,SELL,"Aug 13, 2026",Communication,Internet Content & Information,UPTREND,MOVING UP,,No active BUY transition
ZGN,UNCHANGED,UNCHANGED,SELL,,"Aug 07, 2026",Discretionary,Apparel Manufacturing,DOWNTREND,MOVING UP,,No active BUY transition
ZIM,DETERIORATING,⚠️ DETERIORATING,BUY,BUY,"Aug 05, 2026",Industrials,Marine Shipping,UPTREND,MOVING DOWN,,Existing BUY momentum is weakening
ZION,UNCHANGED,UNCHANGED,SELL,SELL,"Jul 22, 2026",Financials,Banks - Regional,DOWNTREND,MOVING DOWN,,No active BUY transition
ZLAB,LEADER,🚀 LEADER,BUY,BUY,"Aug 10, 2026",Health Care,Biotechnology,UPTREND,MOVING UP,,Sustained BUY with confirmed trend and momentum
ZM,REMOVED,❌ REMOVED,SELL,BUY,"Aug 20, 2026",Technology,Software - Application,UPTREND,MOVING DOWN,,Prior BUY is missing or no longer rated BUY
ZS,DETERIORATING,⚠️ DETERIORATING,BUY,BUY,"Aug 04, 2026",Technology,Software - Infrastructure,UPTREND,MOVING DOWN,,Existing BUY momentum is weakening
ZTO,UNCHANGED,UNCHANGED,SELL,SELL,"Jul 23, 2026",Industrials,Integrated Freight & Logistics,DOWNTREND,MOVING DOWN,,No active BUY transition
ZTS,UNCHANGED,UNCHANGED,SELL,SELL,"Aug 10, 2026",Health Care,Drug Manufacturers - Specialty & Generic,DOWNTREND,MOVING UP,,No active BUY transition
ZVRA,EMERGING,🔥 EMERGING,BUY,,"Aug 21, 2026",Health Care,Biotechnology,UPTREND,MOVING UP,,New BUY with rising trend and accelerating momentum
ZWS,UNCHANGED,UNCHANGED,,SELL,"Aug 18, 2026",Industrials,Pollution & Treatment Controls,,,,Previously inactive symbol is absent
ZYME,REMOVED,❌ REMOVED,,BUY,"Aug 14, 2026",Health Care,Biotechnology,,,,Prior BUY is missing or no longer rated BUY
