Symbol,Company Name,Sector/Index,Industry,Last Close Price ($),Fear & Greed Heatmap Value,Current Signal Status,Signal Start Date,Overlay,Overlay Start Date,30-Day Avg Volume,OVTLYR Signal Return (%),Capital Efficiency,Price Change,Fear & Greed Heatmap Direction,OC Channel,Unusual News Activity (UNA),Top Mentions Today (TMT),Ovtlyr Nine,Sector Relative Greed,Partial Data Stocks,Signal Type
"ADI","Analog Devices, Inc. Common Stock","Technology","Semiconductors","370.24","57.21","Sell","Aug 21, 2026","Downtrend","Aug 19, 2026","3725320.47","153.17","2.02","-0.81","Moving Up","","Positive",,="3/9","<1","false","Swing"
"AMH","American Homes 4 Rent Common Shares of Beneficial Interest","Real Estate","REIT - Residential","34.37","71.37","Buy","Aug 21, 2026","Uptrend","Jun 23, 2026","2088843.17","-76.02","0.1","0.12","Moving Up","","",,="7/9","<1","false","Swing"
"ANET","Arista Networks, Inc. Common Stock","Technology","Computer Hardware","183.75","72.43","Sell","Aug 21, 2026","Uptrend","Jul 31, 2026","7455657.43","-475.76","0.27","-1.45","Moving Down","","Positive",,="3/9","<1","false","Swing"
"ARES","Ares Management Corporation Class A Common Stock","Financials","Asset Management","140.23","86.34","Sell","Aug 21, 2026","Uptrend","Jul 24, 2026","2204656.47","83.37","0.71","-2.01","Moving Down","","",,="3/9","<1","false","Swing"
"AVT","Avnet, Inc. Common Stock","Technology","Electronics & Computer Distribution","86.89","80.46","Sell","Aug 21, 2026","Neutral","Aug 19, 2026","1165748.07","64.56","1.59","-1.64","Moving Down","","",,="2/9","<1","false","Swing"
"BF/B","Brown Forman Inc Class B Common Stock","Staples","Beverages - Wineries & Distilleries","28.41","80.26","Buy","Aug 21, 2026","Uptrend","Aug 19, 2026","2191335.17","-22.01","6.15","-0.07","Moving Up","","",,="4/9","<1","false","Swing"
"BKNG","Booking Holdings Inc. Common Stock","Discretionary","Travel Services","209.87","86.57","Sell","Aug 21, 2026","Uptrend","Jul 24, 2026","5615847.2","42.48","0.74","-1.47","Moving Down","","",,="3/9","<1","false","Swing"
"BLMN","Bloomin' Brands, Inc. Common Stock","Discretionary","Restaurants","10.48","92.95","Sell","Aug 21, 2026","Uptrend","Jul 27, 2026","1974369.17","-69.15","2.57","-1.23","Moving Down","","",,="3/9","<1","false","Swing"
"BSX","Boston Scientific Corporation Common Stock","Health Care","Medical Devices","49.37","70.42","Sell","Aug 21, 2026","Uptrend","Aug 06, 2026","18641394.5","-53.79","0.04","-5.08","Moving Down","","",,="5/9","<1","false","Swing"
"BX","Blackstone Inc. Common Stock","Financials","Asset Management","141.35","83.47","Sell","Aug 21, 2026","Uptrend","Jul 09, 2026","4638216.87","134.34","2.27","-2.58","Moving Down","","",,="3/9","<1","false","Swing"
"C","Citigroup, Inc. Common Stock","Financials","Banks - Diversified","129.67","56.03","Sell","Aug 21, 2026","Downtrend","Aug 20, 2026","10600308.87","97.45","4.15","-2.42","Moving Down","","Negative",,="2/9","<1","false","Swing"
"CE","Celanese Corporation Common Stock","Materials","Chemicals","46.98","49.2","Buy","Aug 21, 2026","Neutral","Aug 20, 2026","1845027.57","-20.11","10.22","1.56","Moving Up","","",,="4/9","<1","false","Swing"
"CFG","Citizens Financial Group, Inc. Common Stock","Financials","Banks - Regional","69.71","63.03","Sell","Aug 21, 2026","Neutral","Aug 20, 2026","3604889.73","113.34","4.18","-1.48","Moving Down","","",,="2/9","<1","false","Swing"
"CHWY","Chewy, Inc. Class A Common Stock","Discretionary","Internet Retail","23.88","58.25","Buy","Aug 21, 2026","Uptrend","Jul 27, 2026","6985502.7","-43.27","7.37","-0.46","Moving Up","","",,="5/9","<1","false","Swing"
"CME","CME Group Inc. Class A Common Stock","Financials","Financial Data & Stock Exchanges","270.87","82.36","Sell","Aug 21, 2026","Uptrend","Jul 24, 2026","2211580.77","2.6","0.17","1.47","Moving Down","","",,="3/9","<1","false","Swing"
"CNC","Centene Corporation Common Stock","Health Care","Healthcare Plans","64.14","75.13","Sell","Aug 21, 2026","Uptrend","Aug 10, 2026","4540545.93","4.47","3.74","-0.87","Moving Down","","",,="4/9","<1","false","Swing"
"COF","Capital One Financial Corporation Common Stock","Financials","Credit Services","212.48","77.73","Sell","Aug 21, 2026","Uptrend","Jul 09, 2026","3669554.67","68.17","1.68","-3.74","Moving Down","","",,="3/9","<1","false","Swing"
"COHR","Coherent Corp. Common Stock","Technology","Scientific & Technical Instruments","290.03","46.56","Sell","Aug 21, 2026","Downtrend","Aug 20, 2026","6304533.73","-228.42","0.27","0.89","Moving Down","","",,="2/9","<1","false","Swing"
"COIN","Coinbase Global, Inc. Class A Common Stock","Financials","Financial Data & Stock Exchanges","172.35","54.66","Buy","Aug 21, 2026","Uptrend","Aug 20, 2026","7984284.6","16.89","20.76","7.58","Moving Up","","Positive","true",="4/9","<1","false","Swing"
"COLB","Columbia Banking System, Inc. Common Stock","Financials","Banks - Regional","30.84","54.79","Sell","Aug 21, 2026","Downtrend","Aug 20, 2026","2975732.83","37.41","8.4","-0.74","Moving Down","","",,="2/9","<1","false","Swing"
"COLD","Americold Realty Trust, Inc. Common Stock","Real Estate","REIT - Industrial","15.02","71.98","Buy","Aug 21, 2026","Uptrend","Aug 20, 2026","3715052.7","-23.98","8.33","-0.4","Moving Up","","",,="7/9","<1","false","Swing"
"DB","Deutsche Bank AG Common Stock","Financials","Banks - Regional","37.56","56.98","Sell","Aug 21, 2026","Uptrend","Jul 24, 2026","1819825.03","186.73","1.28","-1.24","Moving Down","","",,="3/9","<1","false","Swing"
"DD","DuPont de Nemours, Inc. Common Stock","Materials","Specialty Chemicals","138.46","55.09","Sell","Aug 21, 2026","Neutral","Aug 18, 2026","1471921.57","90.66","2.45","-0.87","Moving Down","","",,="3/9","<1","false","Swing"
"DELL","Dell Technologies Inc. Class C Common Stock ","Technology","Computer Hardware","434.78","66.59","Sell","Aug 21, 2026","Uptrend","Aug 04, 2026","5969620.4","108.51","0.43","-0.63","Moving Down","","",,="3/9","<1","false","Swing"
"DNLI","Denali Therapeutics Inc. Common Stock","Health Care","Biotechnology","24.95","63.41","Buy","Aug 21, 2026","Uptrend","Aug 06, 2026","1581268.3","-76.63","0.1","-2.88","Moving Up","","",,="7/9","<1","false","Swing"
"DNOW","DNOW Inc. Common Stock","Industrials","Industrial Distribution","15.54","90.77","Sell","Aug 21, 2026","Uptrend","Jul 30, 2026","2549099","-100.52","0.1","-0.45","Moving Down","","",,="3/9","<1","false","Swing"
"EQH","Equitable Holdings, Inc. Common Stock","Financials","Asset Management","48.75","86.2","Sell","Aug 21, 2026","Uptrend","Jun 11, 2026","2740764.77","-50.3","0.17","-2.42","Moving Down","","",,="3/9","<1","false","Swing"
"EXE","Expand Energy Corporation Common Stock","Energy","Oil & Gas E&P","96.07","64.7","Buy","Aug 21, 2026","Uptrend","Aug 06, 2026","3332942.37","-19.25","0.19","0.04","Moving Up","","",,="7/9","<1","false","Swing"
"FCEL","FuelCell Energy, Inc. Common Stock","Industrials","Electrical Equipment & Parts","18.36","59.13","Sell","Aug 21, 2026","Downtrend","Aug 19, 2026","9575536.57","-45.08","5.53","-9.56","Moving Up","","",,="3/9","<1","false","Swing"
"FIBK","First Interstate BancSystem, Inc. Common Stock (DE)","Financials","Banks - Regional","37.81","58.29","Sell","Aug 21, 2026","Downtrend","Aug 20, 2026","1172299.33","-28.34","0.13","-0.08","Moving Down","","",,="2/9","<1","false","Swing"
"GIL","Gildan Activewear, Inc. Class A Sub. Vot. Common Stock","Discretionary","Apparel Manufacturing","55.45","79.85","Sell","Aug 21, 2026","Uptrend","Aug 03, 2026","1332972.37","91.24","3.04","-2.77","Moving Down","","",,="3/9","<1","false","Swing"
"GPC","Genuine Parts Company Common Stock","Discretionary","Auto Parts","132.92","92.84","Sell","Aug 21, 2026","Uptrend","Jun 12, 2026","1482590.07","-18.31","0.26","-1.2","Moving Down","","",,="3/9","<1","false","Swing"
"HBAN","Huntington Bancshares Incorporated Common Stock","Financials","Banks - Regional","17.01","53.3","Sell","Aug 21, 2026","Downtrend","Aug 20, 2026","24827215.43","50.05","6.48","-0.93","Moving Down","","",,="2/9","<1","false","Swing"
"HCA","HCA Healthcare, Inc. Common Stock","Health Care","Medical Care Facilities","406.27","49.74","Sell","Aug 21, 2026","Uptrend","Jul 31, 2026","1558738.3","89.06","1.35","-0.19","Moving Down","","",,="5/9","<1","false","Swing"
"HPE","Hewlett Packard Enterprise Company Common Stock","Technology","Communication Equipment","52.89","81.77","Sell","Aug 21, 2026","Uptrend","Jul 09, 2026","16531456.2","393.73","2.56","-0.45","Moving Down","","Positive",,="3/9","<1","false","Swing"
"HSIC","Henry Schein, Inc. Common Stock","Health Care","Medical Distribution","88.46","74.19","Sell","Aug 21, 2026","Uptrend","May 27, 2026","1288591.37","-37.23","0.15","-0.93","Moving Down","","",,="5/9","<1","false","Swing"
"HTGC","Hercules Capital, Inc. Common Stock","Financials","Asset Management","17.03","84.76","Buy","Aug 21, 2026","Uptrend","Jul 27, 2026","1566345.33","241.58","6.96","0.77","Moving Up","","",,="5/9","<1","false","Swing"
"INCY","Incyte Corp. Common Stock","Health Care","Biotechnology","127.22","66.58","Buy","Aug 21, 2026","Uptrend","Jun 22, 2026","1735631.07","50.68","3.26","-0.97","Moving Up","","",,="7/9","<1","false","Swing"
"INVH","Invitation Homes Inc. Common Stock","Real Estate","REIT - Residential","30.27","71.86","Buy","Aug 21, 2026","Uptrend","Aug 19, 2026","3868959.9","-49.95","1.76","0.23","Moving Up","","",,="6/9","<1","false","Swing"
"IONS","Ionis Pharmaceuticals, Inc. Common Stock","Health Care","Biotechnology","58.76","20.45","Buy","Aug 21, 2026","Neutral","Aug 20, 2026","3272562.77","-52.71","0.2","-3.36","Moving Up","","",,="6/9","<1","false","Swing"
"IVZ","Invesco Ltd Common Stock","Financials","Asset Management","31.36","80.88","Sell","Aug 21, 2026","Uptrend","Jul 30, 2026","4893136.83","114.38","3.84","-2.64","Moving Down","","",,="3/9","<1","false","Swing"
"JBL","Jabil Inc. Common Stock","Technology","Electronic Components","316.65","77.82","Sell","Aug 21, 2026","Neutral","Aug 18, 2026","1049015.93","250.16","0.97","-1.9","Moving Down","","",,="2/9","<1","false","Swing"
"JCI","Johnson Controls International plc Ordinary Share","Industrials","Building Products & Equipment","143.16","72.23","Sell","Aug 21, 2026","Neutral","Aug 19, 2026","3376672.43","224.65","2.3","-1.23","Moving Down","","",,="2/9","<1","false","Swing"
"KBR","KBR, Inc. Common Stock","Industrials","Engineering & Construction","37.9","76.89","Sell","Aug 21, 2026","Uptrend","Jul 31, 2026","1568222.7","-167.28","0.05","-0.18","Moving Down","","",,="2/9","<1","false","Swing"
"KDP","Keurig Dr Pepper Inc. Common Stock","Staples","Beverages - Non-Alcoholic","31.66","65.21","Buy","Aug 21, 2026","Uptrend","Aug 20, 2026","12097456.53","-104.08","0.07","1.93","Moving Up","","",,="4/9","<1","false","Swing"
"KEYS","Keysight Technologies Inc. Common Stock","Technology","Scientific & Technical Instruments","316.51","69.28","Sell","Aug 21, 2026","Neutral","Aug 19, 2026","1324975.27","33.34","0.41","-0.92","Moving Down","","",,="2/9","<1","false","Swing"
"KKR","KKR & Co. Inc. Common Stock","Financials","Asset Management","107.02","74.94","Sell","Aug 21, 2026","Uptrend","Jul 24, 2026","4621462.07","219.8","2.13","-3.11","Moving Down","","",,="3/9","<1","false","Swing"
"LAZ","Lazard, Inc. Common Stock","Financials","Capital Markets","42.77","71.2","Sell","Aug 21, 2026","Neutral","Aug 20, 2026","1694084.07","-98.96","0.03","-5.4","Moving Down","","",,="2/9","<1","false","Swing"
"LMT","Lockheed Martin Corporation Common Stock","Industrials","Aerospace & Defense","571.48","76.75","Sell","Aug 21, 2026","Uptrend","Jul 23, 2026","1132114.13","-5.12","0.29","-3","Moving Down","","",,="3/9","<1","false","Swing"
"LUNR","Intuitive Machines, Inc. Class A Common Stock","Industrials","Aerospace & Defense","17.93","53.05","Sell","Aug 21, 2026","Neutral","Aug 20, 2026","10509325.47","-130.76","0.22","-3.19","Moving Down","","",,="2/9","<1","false","Swing"
"MFG","Mizuho Financial Group, Inc. Sponosred ADR (Japan)","Financials","Banks - Regional","10.13","69.44","Sell","Aug 21, 2026","Neutral","Aug 19, 2026","3613780.73","71.35","0.81","-0.1","Moving Down","","",,="2/9","<1","false","Swing"
"MNDY","monday.com Ltd. Ordinary Shares","Technology","Software - Application","91.3","76.04","Buy","Aug 21, 2026","Uptrend","Jul 28, 2026","1603373.27","22.35","5.69","0.32","Moving Up","","Positive",,="4/9","<1","false","Swing"
"MP","MP Materials Corp. Common Stock","Materials","Other Industrial Metals & Mining","55.04","47.46","Sell","Aug 21, 2026","Uptrend","Aug 10, 2026","6462785.5","48.52","1.92","-2.89","Moving Down","","",,="4/9","<1","false","Swing"
"MS","Morgan Stanley Common Stock","Financials","Capital Markets","207.45","56.32","Sell","Aug 21, 2026","Downtrend","Aug 20, 2026","5355382.4","162.99","1.36","-3.16","Moving Down","","",,="2/9","<1","false","Swing"
"MSFT","Microsoft Corporation Common Stock","Technology","Software - Infrastructure","481.15","94.21","Sell","Aug 21, 2026","Uptrend","Jul 30, 2026","33817457.1","116.68","1.51","-0.65","Moving Down","","",,="3/9","<1","false","Swing"
"MSTR","Strategy Inc Common Stock Class A","Technology","Software - Application","112.39","39.33","Buy","Aug 21, 2026","Uptrend","Aug 20, 2026","17628145.3","2337.19","10.34","7.81","Moving Up","","Positive","true",="5/9","<1","false","Swing"
"MTCH","Match Group, Inc. Common Stock","Communication","Internet Content & Information","40.35","59.28","Buy","Aug 21, 2026","Uptrend","Aug 20, 2026","2976035.27","-50.82","6.66","1.64","Moving Up","","",,="4/9","<1","false","Swing"
"MTSI","MACOM Technology Solutions Holdings, Inc. Common Stock","Technology","Semiconductors","266.18","67.5","Sell","Aug 21, 2026","Downtrend","Aug 20, 2026","1444844.43","241.34","0.68","-1.41","Moving Down","","",,="2/9","<1","false","Swing"
"MXL","MaxLinear, Inc. Common Stock","Technology","Semiconductors","65.28","54.68","Sell","Aug 21, 2026","Downtrend","Aug 18, 2026","3421831.13","291.14","5.36","-1.73","Moving Up","","",,="3/9","<1","false","Swing"
"NVS","Novartis AG Common Stock","Health Care","Drug Manufacturers - General","156.24","47.83","Buy","Aug 21, 2026","Uptrend","Aug 19, 2026","1650018.8","-0.45","0.34","-2.54","Moving Up","","",,="7/9","<1","false","Swing"
"NXE","Nexgen Energy Ltd. Common Shares","Energy","Uranium","10.22","57.63","Sell","Aug 21, 2026","Uptrend","Aug 05, 2026","5081992","-0.74","0.32","-3.22","Moving Down","","",,="5/9","<1","false","Swing"
"PAGP","Plains GP Holdings, L.P. Class A Units representing Limited Partner Interests","Energy","Oil & Gas Midstream","26.8","59.17","Buy","Aug 21, 2026","Uptrend","Aug 17, 2026","1477628.5","51.36","0.82","2.7","Moving Up","","",,="7/9","<1","false","Swing"
"PD","PagerDuty, Inc. Common Stock","Technology","Software - Application","12.12","85.88","Sell","Aug 21, 2026","Uptrend","Jul 28, 2026","1320384.7","-161.37","1.5","-0.41","Moving Down","","",,="3/9","<1","false","Swing"
"PENG","Penguin Solutions, Inc. Common Stock","Technology","Information Technology Services","51.14","66.91","Sell","Aug 21, 2026","Downtrend","Aug 19, 2026","2966600.7","-269.06","0.11","-3.42","Moving Down","","",,="2/9","<1","false","Swing"
"PK","Park Hotels & Resorts Inc. Common Stock ","Real Estate","REIT - Hotel & Motel","15.82","74.29","Buy","Aug 21, 2026","Uptrend","Aug 12, 2026","4017386.57","-116.02","0.49","-0.06","Moving Up","","",,="6/9","<1","false","Swing"
"RELY","Remitly Global, Inc. Common Stock","Technology","Software - Infrastructure","24.71","72.6","Sell","Aug 21, 2026","Uptrend","Jun 24, 2026","2988072.17","5.83","0.9","-1.4","Moving Down","","",,="3/9","<1","false","Swing"
"RGNX","REGENXBIO Inc. Common Stock","Health Care","Biotechnology","11.06","59.65","Sell","Aug 21, 2026","Uptrend","Aug 14, 2026","1526952.97","-66.9","4.21","-7.99","Moving Down","","",,="5/9","<1","false","Swing"
"RITM","Rithm Capital Corp. Common Stock","Real Estate","REIT - Mortgage","10.16","83.06","Sell","Aug 21, 2026","Uptrend","Jul 28, 2026","5682704.2","-14.07","7.18","-2.12","Moving Down","","",,="5/9","<1","false","Swing"
"ROKU","Roku, Inc. Class A Common Stock","Communication","Entertainment","157.12","61.52","Sell","Aug 21, 2026","Uptrend","Jun 12, 2026","2416767.1","-22.39","8.63","0.2","Moving Down","","",,="2/9","<1","false","Swing"
"SCCO","Southern Copper Corporation Common Stock","Materials","Copper","198.73","63.03","Buy","Aug 21, 2026","Uptrend","Jul 30, 2026","1137975.93","-123.47","0.29","2.08","Moving Up","","",,="6/9","<1","false","Swing"
"SHAK","Shake Shack, Inc. Class A Common Stock","Discretionary","Restaurants","73.85","80.9","Sell","Aug 21, 2026","Uptrend","Jul 30, 2026","1899273.43","-21.09","1.73","0.79","Moving Down","","",,="3/9","<1","false","Swing"
"SHW","Sherwin-Williams Company (The) Common Stock","Materials","Specialty Chemicals","346.91","87.16","Sell","Aug 21, 2026","Uptrend","Jul 28, 2026","1896614.83","96.17","2.78","-1.89","Moving Down","","",,="4/9","<1","false","Swing"
"SLS","SELLAS Life Sciences Group, Inc. Common Stock","Health Care","Biotechnology","13.4","53.21","Sell","Aug 21, 2026","Uptrend","Aug 13, 2026","6311210.2","447.4","5.07","-3.25","Moving Down","","",,="5/9","<1","false","Swing"
"TCOM","Trip.com Group Limited American Depositary Shares","Discretionary","Travel Services","46.43","53.14","Buy","Aug 21, 2026","Uptrend","Aug 19, 2026","2800770.6","-86.12","0.08","-0.17","Moving Up","","",,="5/9","<1","false","Swing"
"TD","Toronto Dominion Bank (The) Common Stock","Financials","Banks - Diversified","116.85","74.28","Sell","Aug 21, 2026","Downtrend","Aug 20, 2026","2175834.27","113.67","2.56","-1.27","Moving Down","","",,="2/9","<1","false","Swing"
"TEAM","Atlassian Corporation Class A Common Stock","Technology","Software - Application","174.91","97.72","Sell","Aug 21, 2026","Uptrend","Jul 27, 2026","4953511.47","40.82","4.87","0.39","Moving Down","","",,="2/9","<1","false","Swing"
"TGT","Target Corporation Common Stock","Staples","Discount Stores","158.25","84.05","Sell","Aug 21, 2026","Uptrend","Jul 08, 2026","3952184.1","47.56","5.21","-0.47","Moving Down","","","true",="3/9","<1","false","Swing"
"TRMB","Trimble Inc. Common Stock","Technology","Scientific & Technical Instruments","59.68","73.31","Buy","Aug 21, 2026","Uptrend","Aug 18, 2026","2640066.27","-24.85","0.23","0.73","Moving Up","","",,="5/9","<1","false","Swing"
"TRU","TransUnion Common Stock","Financials","Financial Data & Stock Exchanges","85.11","70","Buy","Aug 21, 2026","Uptrend","Jun 30, 2026","2067042.37","-131.67","0.03","1.88","Moving Up","","",,="4/9","<1","false","Swing"
"TSEM","Tower Semiconductor Ltd. Ordinary Shares","Technology","Semiconductors","223.78","70.6","Sell","Aug 21, 2026","Neutral","Aug 19, 2026","2009062.83","215.3","0.76","-1.18","Moving Down","","",,="2/9","<1","false","Swing"
"TTE","TotalEnergies SE Ordinary Shares","Energy","Oil & Gas Integrated","90.9","82.07","Buy","Aug 21, 2026","Uptrend","Jul 22, 2026","1524572.2","28.09","0.93","0.92","Moving Up","","",,="6/9","<1","false","Swing"
"UNM","Unum Group Common Stock","Financials","Insurance - Life","86.95","67.9","Sell","Aug 21, 2026","Neutral","Aug 19, 2026","1411173.57","70.9","0.77","-0.79","Moving Down","","",,="2/9","<1","false","Swing"
"UNP","Union Pacific Corporation Common Stock","Industrials","Railroads","303.97","85.08","Buy","Aug 21, 2026","Uptrend","Jun 29, 2026","2939314.47","-10.4","0.35","0.72","Moving Up","","",,="5/9","<1","false","Swing"
"VLY","Valley National Bancorp Common Stock","Financials","Banks - Regional","14.12","58.24","Sell","Aug 21, 2026","Downtrend","Aug 20, 2026","6615323.83","38.35","3.18","-2.22","Moving Down","","",,="2/9","<1","false","Swing"
"VNOM","Viper Energy, Inc. Class A Common Stock","Energy","Oil & Gas Midstream","45.03","31.53","Buy","Aug 21, 2026","Uptrend","Aug 20, 2026","1564425.17","-210.15","0.18","2.62","Moving Up","","",,="7/9","<1","false","Swing"
"WDAY","Workday, Inc. Class A Common Stock","Technology","Software - Application","197.32","98.31","Sell","Aug 21, 2026","Uptrend","Jul 24, 2026","4757647.9","6.68","0.91","-0.55","Moving Down","","",,="3/9","<1","false","Swing"
"WMT","Walmart Inc. Common Stock","Staples","Discount Stores","103.84","38.66","Sell","Aug 21, 2026","Downtrend","Aug 20, 2026","23068295.7","62.5","0.83","-9.15","Moving Down","","Positive","true",="2/9","<1","false","Swing"
"ZVRA","Zevra Therapeutics, Inc. Common Stock","Health Care","Biotechnology","11.89","57.99","Buy","Aug 21, 2026","Uptrend","Aug 19, 2026","1311360.4","66.53","2.62","-1.98","Moving Up","","",,="7/9","<1","false","Swing"
"AA","Alcoa Corporation Common Stock ","Materials","Aluminum","50.55","54.98","Sell","Aug 20, 2026","Neutral","Aug 12, 2026","5376242.83","-102.67","0.07","-1.92","Moving Down","","",,="3/9","<1","false","Swing"
"ACN","Accenture plc Class A Ordinary Shares (Ireland)","Technology","Information Technology Services","181.35","91.69","Sell","Aug 20, 2026","Uptrend","Jul 27, 2026","6692925.17","79.01","21.82","-0.99","Moving Down","","",,="3/9","<1","false","Swing"
"ADM","Archer-Daniels-Midland Company Common Stock","Staples","Farm Products","81.7","64.58","Buy","Aug 20, 2026","Uptrend","Aug 19, 2026","3548118.17","87.23","2.81","1.16","Moving Up","","",,="5/9","<1","false","Swing"
"AKAM","Akamai Technologies, Inc. Common Stock","Technology","Software - Infrastructure","110.09","43.35","Sell","Aug 20, 2026","Downtrend","Aug 19, 2026","3402487.63","-18.37","0.22","-2.44","Moving Down","","",,="2/9","<1","false","Swing"
"AME","AMETEK, Inc.","Industrials","Specialty Industrial Machinery","239.08","82.64","Sell","Aug 20, 2026","Neutral","Aug 20, 2026","1164615.73","116.85","2.26","-1.7","Moving Down","","",,="2/9","<1","false","Swing"
"AMZN","Amazon.com, Inc. Common Stock","Discretionary","Internet Retail","260.11","78.41","Sell","Aug 20, 2026","Uptrend","Jul 31, 2026","43172594.8","24.5","0.37","-2.16","Moving Down","","","true",="3/9","<1","false","Swing"
"APG","APi Group Corporation Common Stock","Industrials","Engineering & Construction","41.93","41.62","Sell","Aug 20, 2026","Uptrend","Aug 06, 2026","2633507.5","190.86","1.84","-1.36","Moving Down","","",,="3/9","<1","false","Swing"
"APH","Amphenol Corporation Common Stock","Technology","Electronic Components","153.11","60.95","Sell","Aug 20, 2026","Downtrend","Aug 20, 2026","6426844.97","-25.84","0.36","-1.88","Moving Down","","",,="2/9","<1","false","Swing"
"ASB","Associated Banc-Corp Common Stock","Financials","Banks - Regional","30.76","69.19","Sell","Aug 20, 2026","Uptrend","Jun 09, 2026","1693986.13","14.33","0.78","-0.16","Moving Down","","",,="3/9","<1","false","Swing"
"ASX","ASE Technology Holding Co., Ltd. American Depositary Shares (each representing Two Common Shares) ","Technology","Semiconductors","36.51","64.99","Sell","Aug 20, 2026","Downtrend","Aug 19, 2026","8584253.53","293.1","1.3","2.38","Moving Down","","",,="2/9","<1","false","Swing"
"AUPH","Aurinia Pharmaceuticals Inc Ordinary Shares","Health Care","Biotechnology","17.27","55.64","Buy","Aug 20, 2026","Uptrend","Aug 19, 2026","1160064.1","-127.35","0","6.8","Moving Up","","",,="7/9","<1","false","Swing"
"BA","Boeing Company (The) Common Stock","Industrials","Aerospace & Defense","215.1","59.74","Sell","Aug 20, 2026","Neutral","Aug 18, 2026","5580324.73","8.05","3.94","-3.2","Moving Down","","",,="2/9","<1","false","Swing"
"BBIO","BridgeBio Pharma, Inc. Common Stock","Health Care","Biotechnology","82.94","50.27","Buy","Aug 20, 2026","Uptrend","Jun 23, 2026","2379552.4","23.43","1.12","-1.2","Moving Up","","",,="7/9","<1","false","Swing"
"BBY","Best Buy Co., Inc. Common Stock","Discretionary","Specialty Retail","85.73","75.5","Buy","Aug 20, 2026","Uptrend","Aug 13, 2026","3251909.13","-15.71","0.02","-3.9","Moving Up","","",,="5/9","<1","false","Swing"
"BG","Bunge Limited Common Shares","Staples","Farm Products","116.57","54.47","Buy","Aug 20, 2026","Uptrend","Aug 20, 2026","1176143.47","-20.34","0.28","2.25","Moving Up","","",,="5/9","<1","false","Swing"
"BNS","Bank Nova Scotia Halifax Pfd 3 Ordinary Shares","Financials","Banks - Diversified","86.44","70.89","Sell","Aug 20, 2026","Neutral","Aug 20, 2026","1670120.5","95.68","3.95","-1.43","Moving Down","","",,="2/9","<1","false","Swing"
"BNTX","BioNTech SE American Depositary Share","Health Care","Biotechnology","110.89","64.85","Buy","Aug 20, 2026","Uptrend","Aug 18, 2026","1228892.3","-45.27","0","-1.97","Moving Up","","",,="7/9","<1","false","Swing"
"BRZE","Braze, Inc. Class A Common Stock","Technology","Software - Application","30.71","86.77","Buy","Aug 20, 2026","Uptrend","Jul 28, 2026","2269096.27","-15.91","10.78","0.2","Moving Up","","",,="5/9","<1","false","Swing"
"CAG","ConAgra Brands, Inc. Common Stock","Staples","Packaged Foods","16.27","83.47","Buy","Aug 20, 2026","Uptrend","Jul 13, 2026","13448198.53","22.59","4.72","0.31","Moving Up","","",,="5/9","<1","false","Swing"
"CENX","Century Aluminum Company Common Stock","Materials","Aluminum","43.4","46.22","Sell","Aug 20, 2026","Downtrend","Aug 19, 2026","2110188.73","197.92","1.31","-0.41","Moving Down","","",,="3/9","<1","false","Swing"
"CHKP","Check Point Software Technologies Ltd. Ordinary Shares","Technology","Software - Infrastructure","130.32","36.98","Buy","Aug 20, 2026","Neutral","Aug 20, 2026","1214189.73","-65.54","0.06","-1.53","Moving Up","","",,="4/9","<1","false","Swing"
"CMC","Commercial Metals Company Common Stock","Industrials","Metal Fabrication","65.28","70.49","Sell","Aug 20, 2026","Downtrend","Aug 20, 2026","1111290.2","0.84","0.01","-4.23","Moving Down","","",,="2/9","<1","false","Swing"
"CNK","Cinemark Holdings Inc Cinemark Holdings, Inc. Common Stock","Communication","Entertainment","36.89","81.56","Sell","Aug 20, 2026","Uptrend","Jul 22, 2026","2550007.23","53.59","15.95","-1.15","Moving Down","","",,="3/9","<1","false","Swing"
"CTSH","Cognizant Technology Solutions Corporation Class A Common Stock","Technology","Information Technology Services","60.92","95.27","Sell","Aug 20, 2026","Uptrend","Jul 28, 2026","8478242","15.13","785.38","-0.02","Moving Down","","",,="2/9","<1","false","Swing"
"CVNA","Carvana Co. Class A Common Stock","Discretionary","Auto & Truck Dealerships","71.52","52.66","Sell","Aug 20, 2026","Uptrend","Aug 19, 2026","9838094.47","281.03","4.9","1.53","Moving Down","","",,="3/9","<1","false","Swing"
"DINO","HF Sinclair Corporation Common Stock","Energy","Oil & Gas Refining & Marketing","92.72","80.44","Buy","Aug 20, 2026","Uptrend","Jul 01, 2026","2853854.77","132.33","4.05","-2.01","Moving Up","","",,="7/9","<1","false","Swing"
"DOCN","DigitalOcean Holdings, Inc. Common Stock","Technology","Software - Infrastructure","114.35","41.6","Sell","Aug 20, 2026","Downtrend","Aug 19, 2026","3172510.13","-19.68","0.31","-1.98","Moving Down","","",,="2/9","<1","false","Swing"
"EBC","Eastern Bankshares, Inc. Common Stock","Financials","Banks - Regional","22.74","64.01","Sell","Aug 20, 2026","Uptrend","Jun 08, 2026","2467707.23","32.18","2.87","-1.17","Moving Down","","",,="3/9","<1","false","Swing"
"EL","Estee Lauder Companies, Inc. (The) Common Stock","Staples","Household & Personal Products","96.15","69.9","Buy","Aug 20, 2026","Uptrend","Aug 19, 2026","2708271.27","-4.72","32.13","-1.9","Moving Up","","",,="5/9","<1","false","Swing"
"FANG","Diamondback Energy, Inc. Common Stock","Energy","Oil & Gas E&P","211.02","76.68","Buy","Aug 20, 2026","Uptrend","Aug 10, 2026","1791768.37","-64.15","0.23","1.18","Moving Up","","",,="7/9","<1","false","Swing"
"FLYW","Flywire Corporation Voting Common Stock","Technology","Software - Infrastructure","18.75","68.9","Buy","Aug 20, 2026","Uptrend","Aug 05, 2026","2050132.77","23.58","7.93","-0.42","Moving Up","","",,="4/9","<1","false","Swing"
"FROG","JFrog Ltd. Ordinary Shares","Technology","Software - Application","89.72","62.2","Sell","Aug 20, 2026","Uptrend","Aug 10, 2026","2225149.43","197.15","1.87","-1.63","Moving Down","","",,="3/9","<1","false","Swing"
"FTAI","FTAI Aviation Ltd. Common Stock","Industrials","Aerospace & Defense","197.81","54.8","Sell","Aug 20, 2026","Downtrend","Aug 18, 2026","1577837.53","-2182.59","0.14","-6.21","Moving Down","","",,="2/9","<1","false","Swing"
"FUTU","Futu Holdings Limited American Depositary Shares","Financials","Capital Markets","112.73","46.99","Buy","Aug 20, 2026","Uptrend","Aug 17, 2026","1259532.2","286.51","12.37","3.03","Moving Up","","","true",="5/9","<1","false","Swing"
"GAP","Gap, Inc. (The) Common Stock","Discretionary","Apparel Retail","19.65","46.34","Sell","Aug 20, 2026","Downtrend","Aug 20, 2026","5882730.9","-52.1","0.07","-2.24","Moving Down","","",,="2/9","<1","false","Swing"
"GD","General Dynamics Corporation Common Stock","Industrials","Aerospace & Defense","386.07","86.88","Sell","Aug 20, 2026","Uptrend","Jun 26, 2026","1027917.97","-13.58","0.38","-1.6","Moving Down","","",,="2/9","<1","false","Swing"
"GDDY","GoDaddy Inc. Class A Common Stock","Technology","Software - Infrastructure","98.19","57.49","Buy","Aug 20, 2026","Uptrend","Aug 04, 2026","1954740.43","72.08","6.84","1.39","Moving Up","","",,="5/9","<1","false","Swing"
"GH","Guardant Health, Inc. Common Stock","Health Care","Diagnostics & Research","167.88","63.89","Sell","Aug 20, 2026","Uptrend","Jul 31, 2026","2100776.73","50.32","7.07","2.78","Moving Down","","",,="4/9","<1","false","Swing"
"HLT","Hilton Worldwide Holdings Inc. Common Stock ","Discretionary","Lodging","329.61","61.7","Buy","Aug 20, 2026","Uptrend","Aug 19, 2026","2162952.3","12.98","0.13","-1.53","Moving Up","","",,="5/9","<1","false","Swing"
"HYMC","Hycroft Mining Holding Corporation Class A Common Stock","Materials","Gold","26.14","50.79","Sell","Aug 20, 2026","Uptrend","Aug 19, 2026","1671115.3","-54.34","6.14","-6.31","Moving Down","","",,="4/9","<1","false","Swing"
"ING","ING Group, N.V. Common Stock","Financials","Banks - Diversified","34.5","70.47","Sell","Aug 20, 2026","Uptrend","Jun 15, 2026","2268545.33","168.38","2.31","-0.55","Moving Down","","",,="3/9","<1","false","Swing"
"INTC","Intel Corporation Common Stock","Technology","Semiconductors","92.13","63.6","Sell","Aug 20, 2026","Downtrend","Aug 18, 2026","112786810.67","105.66","6.15","-0.72","Moving Up","","",,="3/9","<1","false","Swing"
"IONQ","IonQ, Inc. Common Stock","Technology","Computer Hardware","41.53","33.45","Sell","Aug 20, 2026","Neutral","Aug 19, 2026","20268914.37","189.09","2.89","-4.22","Moving Down","","",,="2/9","<1","false","Swing"
"KEY","KeyCorp Common Stock","Financials","Banks - Regional","21.85","64.68","Sell","Aug 20, 2026","Downtrend","Aug 19, 2026","10021120.87","26.75","1.47","-1.13","Moving Down","","",,="2/9","<1","false","Swing"
"LBRDK","Liberty Broadband Corporation Class C Common Stock","Communication","Telecom Services","36.02","70.13","Sell","Aug 20, 2026","Uptrend","Aug 18, 2026","2360953.5","-41.86","5.97","0","Moving Down","","",,="2/9","<1","false","Swing"
"LLY","Eli Lilly and Company Common Stock","Health Care","Drug Manufacturers - General","1244.4","64.98","Buy","Aug 20, 2026","Uptrend","Aug 10, 2026","2582275.9","480.89","1.27","-2.81","Moving Up","","",,="7/9","<1","false","Swing"
"MKTX","MarketAxess Holdings, Inc. Common Stock","Financials","Capital Markets","161.9","90.92","Sell","Aug 20, 2026","Uptrend","Jul 29, 2026","1247872.2","-87.75","2.22","0.1","Moving Down","","",,="3/9","<1","false","Swing"
"MLI","Mueller Industries, Inc. Common Stock","Industrials","Metal Fabrication","61.96","47.34","Sell","Aug 20, 2026","Downtrend","Aug 20, 2026","1306999.1","528.72","1.58","-1.23","Moving Down","","",,="2/9","<1","false","Swing"
"MMM","3M Company Common Stock","Industrials","Conglomerates","178.09","84.51","Sell","Aug 20, 2026","Uptrend","Jul 16, 2026","3334275.77","-24.01","0.04","-1.42","Moving Down","","",,="3/9","<1","false","Swing"
"MMSI","Merit Medical Systems, Inc. Common Stock","Health Care","Medical Instruments & Supplies","90.27","97.57","Sell","Aug 20, 2026","Uptrend","Jun 18, 2026","1011046.2","48.65","0.74","-1.86","Moving Down","","",,="4/9","<1","false","Swing"
"MT","Arcelor Mittal NY Registry Shares NEW","Materials","Steel","71.11","88.46","Sell","Aug 20, 2026","Uptrend","Jul 14, 2026","1548230.43","27.86","0.24","-4.67","Moving Down","","",,="4/9","<1","false","Swing"
"MUFG","Mitsubishi UFJ Financial Group, Inc. Common Stock","Financials","Banks - Diversified","21.56","67.24","Sell","Aug 20, 2026","Uptrend","May 05, 2026","3260176.5","10.64","0.1","0","Moving Down","","",,="3/9","<1","false","Swing"
"NCNO","nCino, Inc. Common Stock","Technology","Software - Application","20.36","81.88","Buy","Aug 20, 2026","Uptrend","Jul 27, 2026","2068432.83","-18.1","5.44","-1.59","Moving Up","","",,="5/9","<1","false","Swing"
"NMRK","Newmark Group, Inc. Class A Common Stock","Real Estate","Real Estate Services","15.98","54.9","Buy","Aug 20, 2026","Uptrend","Aug 19, 2026","1320546.73","-8.23","0.11","-2.68","Moving Up","","",,="7/9","<1","false","Swing"
"NTLA","Intellia Therapeutics, Inc. Common Stock","Health Care","Biotechnology","12.44","61.06","Buy","Aug 20, 2026","Neutral","Aug 20, 2026","3882537.27","-47.28","6.89","-6.33","Moving Up","","",,="6/9","<1","false","Swing"
"NTNX","Nutanix, Inc. Class A Common Stock","Technology","Software - Infrastructure","66.33","86.28","Sell","Aug 20, 2026","Uptrend","Jun 29, 2026","2557844.3","32.53","1.33","1.39","Moving Down","","",,="3/9","<1","false","Swing"
"NUE","Nucor Corporation Common Stock","Materials","Steel","240.48","81.22","Sell","Aug 20, 2026","Neutral","Aug 19, 2026","1414398.47","383.01","2.98","-3.32","Moving Down","","",,="3/9","<1","false","Swing"
"NVT","nVent Electric plc Ordinary Shares ","Industrials","Electrical Equipment & Parts","154.3","52.04","Sell","Aug 20, 2026","Neutral","Aug 19, 2026","2025580.73","12.33","0.1","-1.64","Moving Down","","",,="2/9","<1","false","Swing"
"OBDC","Blue Owl Capital Corporation Common Stock","Financials","Asset Management","11.28","85.94","Sell","Aug 20, 2026","Uptrend","Aug 06, 2026","4088123.93","6.63","2.38","-0.44","Moving Down","","",,="3/9","<1","false","Swing"
"OKTA","Okta, Inc. Class A Common Stock","Technology","Software - Infrastructure","134.16","68.12","Sell","Aug 20, 2026","Downtrend","Aug 20, 2026","2659964.2","63.73","14.67","-4.99","Moving Down","","",,="2/9","<1","false","Swing"
"ORLY","O'Reilly Automotive, Inc. Common Stock","Discretionary","Auto Parts","89.08","67.17","Sell","Aug 20, 2026","Neutral","Aug 20, 2026","6660616.23","-21.19","0.33","-2.32","Moving Down","","",,="2/9","<1","false","Swing"
"PPC","Pilgrim's Pride Corporation Common Stock","Staples","Packaged Foods","31.24","43.53","Buy","Aug 20, 2026","Uptrend","Aug 19, 2026","1687839.07","19.56","24.25","-0.13","Moving Up","","",,="5/9","<1","false","Swing"
"QRVO","Qorvo, Inc. Common Stock","Technology","Semiconductors","96.31","78.06","Sell","Aug 20, 2026","Uptrend","Aug 04, 2026","1147846","-109.76","0","-0.52","Moving Down","","",,="3/9","<1","false","Swing"
"RJF","Raymond James Financial, Inc. Common Stock","Financials","Asset Management","172.35","80.37","Sell","Aug 20, 2026","Uptrend","Jul 01, 2026","1102041.1","159.17","1.99","-3.14","Moving Down","","",,="3/9","<1","false","Swing"
"ROAD","Construction Partners, Inc. Class A Common Stock","Industrials","Engineering & Construction","113.19","67.38","Sell","Aug 20, 2026","Uptrend","Aug 07, 2026","1165215.97","-110.65","0.29","-2.09","Moving Down","","",,="3/9","<1","false","Swing"
"RPM","RPM International Inc. Common Stock","Materials","Specialty Chemicals","110.31","67.54","Sell","Aug 20, 2026","Uptrend","Jul 28, 2026","1008603.33","52.09","2.74","-1.21","Moving Down","","",,="4/9","<1","false","Swing"
"RSG","Republic Services, Inc. Common Stock","Industrials","Waste Management","219.5","55.44","Buy","Aug 20, 2026","Uptrend","Aug 18, 2026","1363604.67","45.71","0.73","-0.7","Moving Up","","",,="4/9","<1","false","Swing"
"SAN","Banco Santander, S.A. Sponsored ADR (Spain)","Financials","Banks - Diversified","14.21","55.77","Sell","Aug 20, 2026","Uptrend","Jun 11, 2026","15433484.77","139.59","1.15","0.28","Moving Down","","",,="3/9","<1","false","Swing"
"SBH","Sally Beauty Holdings, Inc. (Name to be changed from Sally Holdings, Inc.) Common Stock","Discretionary","Specialty Retail","16.23","70.88","Sell","Aug 20, 2026","Uptrend","Jun 24, 2026","1423662.77","26.94","12.6","-2.99","Moving Down","","",,="3/9","<1","false","Swing"
"SBUX","Starbucks Corporation Common Stock","Discretionary","Restaurants","103.99","65.19","Sell","Aug 20, 2026","Neutral","Aug 20, 2026","7000949.43","-91.79","0.05","-0.94","Moving Down","","",,="2/9","<1","false","Swing"
"SEI","Solaris Energy Infrastructure, Inc. Class A Common Stock","Energy","Oil & Gas Equipment & Services","54.24","32.8","Sell","Aug 20, 2026","Downtrend","Aug 20, 2026","3575607.43","264","1.04","-7.76","Moving Down","","",,="4/9","<1","false","Swing"
"SF","Stifel Financial Corporation Common Stock","Financials","Capital Markets","79.88","75.46","Sell","Aug 20, 2026","Uptrend","Jul 06, 2026","1078316.63","64.71","0.7","-3.43","Moving Down","","",,="3/9","<1","false","Swing"
"SLM","SLM Corporation Common Stock","Financials","Credit Services","25.85","77.14","Sell","Aug 20, 2026","Uptrend","Jun 16, 2026","2507288.93","-121.13","0.23","-2.78","Moving Down","","",,="3/9","<1","false","Swing"
"SMFG","Sumitomo Mitsui Financial Group Inc Unsponsored American Depositary Shares (Japan)","Financials","Banks - Diversified","24.54","61.83","Sell","Aug 20, 2026","Downtrend","Aug 20, 2026","1661585.7","13.47","0.13","-0.12","Moving Down","","",,="2/9","<1","false","Swing"
"SPT","Sprout Social, Inc Class A Common Stock","Technology","Software - Application","10.07","95.64","Sell","Aug 20, 2026","Uptrend","Jul 24, 2026","1168480.6","-196.48","1.63","0.4","Moving Down","","",,="3/9","<1","false","Swing"
"SSL","Sasol Ltd. American Depositary Shares","Materials","Specialty Chemicals","12.27","58.73","Buy","Aug 20, 2026","Uptrend","Aug 14, 2026","1146818.67","2.08","3.41","1.4","Moving Up","","",,="6/9","<1","false","Swing"
"SSNC","SS&C Technologies Holdings, Inc. Common Stock","Technology","Software - Application","82.12","93.58","Sell","Aug 20, 2026","Uptrend","Jul 24, 2026","1822135.47","80.04","6.45","-0.19","Moving Down","","",,="3/9","<1","false","Swing"
"STT","State Street Corporation Common Stock","Financials","Asset Management","183.07","65.63","Sell","Aug 20, 2026","Uptrend","Apr 01, 2026","1949740","2.64","0.05","-1.47","Moving Down","","",,="3/9","<1","false","Swing"
"SWK","Stanley Black & Decker, Inc. Common Stock","Industrials","Tools & Accessories","98.85","93","Sell","Aug 20, 2026","Uptrend","May 26, 2026","1857932.5","-32.05","4.22","-0.95","Moving Down","","Positive",,="3/9","<1","false","Swing"
"TAK","Takeda Pharmaceutical Company Limited American Depositary Shares (each representing 1/2 of a share of Common Stock)","Health Care","Drug Manufacturers - Specialty & Generic","18.13","72.38","Buy","Aug 20, 2026","Uptrend","Aug 05, 2026","3857355.03","40.04","22.55","-1.15","Moving Up","","",,="7/9","<1","false","Swing"
"TEL","TE Connectivity plc Ordinary Shares","Technology","Electronic Components","200.54","66.99","Sell","Aug 20, 2026","Downtrend","Aug 20, 2026","2436779.3","-117.31","0.17","-1.49","Moving Down","","",,="2/9","<1","false","Swing"
"TENB","Tenable Holdings, Inc. Common Stock","Technology","Software - Infrastructure","34.11","74.85","Sell","Aug 20, 2026","Uptrend","Aug 06, 2026","3172641.73","-133.56","0.84","-3.32","Moving Down","","",,="3/9","<1","false","Swing"
"TEX","Terex Corporation Common Stock","Industrials","Farm & Heavy Construction Machinery","64.2","57.02","Sell","Aug 20, 2026","Downtrend","Aug 19, 2026","1258992.4","-31.93","0.25","-0.62","Moving Down","","",,="1/9","<1","false","Swing"
"TFC","Truist Financial Corporation Common Stock","Financials","Banks - Regional","50.23","52.32","Sell","Aug 20, 2026","Downtrend","Aug 20, 2026","7000051.57","-22.33","0.82","-1.45","Moving Down","","",,="2/9","<1","false","Swing"
"THC","Tenet Healthcare Corporation Common Stock","Health Care","Medical Care Facilities","272.6","89.61","Sell","Aug 20, 2026","Uptrend","Jul 15, 2026","1203844.9","176.54","0.82","1.52","Moving Down","","",,="5/9","<1","false","Swing"
"TMUS","T-Mobile US, Inc. Common Stock","Communication","Telecom Services","181.22","32.3","Buy","Aug 20, 2026","Neutral","Aug 18, 2026","4570585.23","68.98","1.66","-0.63","Moving Up","","",,="4/9","<1","false","Swing"
"TT","Trane Technologies plc","Industrials","Building Products & Equipment","451.1","50.93","Sell","Aug 20, 2026","Downtrend","Aug 19, 2026","1123633.57","181.08","1.97","-0.96","Moving Down","","Positive",,="2/9","<1","false","Swing"
"UGI","UGI Corporation Common Stock","Utilities","Utilities - Regulated Gas","37.89","66.97","Buy","Aug 20, 2026","Uptrend","Aug 18, 2026","1905375.17","-19.69","1.55","-1.71","Moving Up","","",,="5/9","<1","false","Swing"
"URBN","Urban Outfitters, Inc. Common Stock","Discretionary","Apparel Retail","72.65","68.55","Sell","Aug 20, 2026","Neutral","Aug 20, 2026","1021876.03","-72.14","0.25","-2.33","Moving Down","","",,="2/9","<1","false","Swing"
"VRNS","Varonis Systems, Inc. Common Stock","Technology","Software - Infrastructure","40.85","61.02","Sell","Aug 20, 2026","Downtrend","Aug 20, 2026","1752972.97","19.6","2.64","-3.38","Moving Down","","",,="2/9","<1","false","Swing"
"VRT","Vertiv Holdings, LLC Class A Common Stock","Industrials","Electrical Equipment & Parts","264.63","29.03","Sell","Aug 20, 2026","Downtrend","Aug 18, 2026","5599888.07","214.22","0.9","1.39","Moving Down","","",,="2/9","<1","false","Swing"
"WBS","Webster Financial Corporation Common Stock","Financials","Banks - Regional","77.57","65.5","Sell","Aug 20, 2026","Uptrend","May 20, 2026","8338472.97","135.26","7.62","0","Moving Down","","",,="3/9","<1","false","Swing"
"ZM","Zoom Communications, Inc. Class A Common Stock","Technology","Software - Application","106.3","81.4","Sell","Aug 20, 2026","Uptrend","Jul 30, 2026","2959162.1","-41.4","7.03","-1.09","Moving Down","","",,="2/9","<1","false","Swing"
"ABBV","AbbVie Inc. Common Stock","Health Care","Drug Manufacturers - General","261.83","64.64","Buy","Aug 19, 2026","Uptrend","Aug 18, 2026","5202435.2","82.67","1.13","-1.56","Moving Up","","",,="7/9","<1","false","Swing"
"ABNB","Airbnb, Inc. Class A Common Stock","Discretionary","Travel Services","185","88.33","Sell","Aug 19, 2026","Uptrend","Jul 28, 2026","4557943.37","54.02","5.36","-0.75","Moving Down","","",,="3/9","<1","false","Swing"
"AM","Antero Midstream Corporation Common Stock","Energy","Oil & Gas Midstream","22.26","47.51","Buy","Aug 19, 2026","Uptrend","Aug 18, 2026","2306653.7","91.49","0.78","-0.71","Moving Up","","",,="7/9","<1","false","Swing"
"AMBA","Ambarella, Inc. Ordinary Shares","Technology","Semiconductor Equipment & Materials","72.45","60.82","Sell","Aug 19, 2026","Neutral","Aug 18, 2026","1674255.33","8.73","4.35","-2.87","Moving Down","","",,="2/9","<1","false","Swing"
"AMLX","Amylyx Pharmaceuticals, Inc. Common Stock","Health Care","Drug Manufacturers - Specialty & Generic","39.66","92.58","Buy","Aug 19, 2026","Uptrend","Jun 16, 2026","2990190.5","954.19","1.94","2.75","Moving Up","","",,="7/9","<1","false","Swing"
"AOS","A.O. Smith Corporation Common Stock","Industrials","Specialty Industrial Machinery","62.43","52.91","Sell","Aug 19, 2026","Uptrend","Aug 19, 2026","1568470.93","-28.92","0.19","-2.15","Moving Down","","",,="3/9","<1","false","Swing"
"ARR","ARMOUR Residential REIT, Inc.","Real Estate","REIT - Mortgage","16.32","54.52","Sell","Aug 19, 2026","Downtrend","Aug 17, 2026","3931307.67","11.52","3.31","-0.97","Moving Down","","",,="4/9","<1","false","Swing"
"ATKR","Atkore Inc. Common Stock","Industrials","Electrical Equipment & Parts","93.49","94.43","Sell","Aug 19, 2026","Uptrend","Aug 03, 2026","1065457.87","-83.49","0.07","0.06","Moving Down","","",,="3/9","<1","false","Swing"
"AVGO","Broadcom Inc. Common Stock","Technology","Semiconductors","364.03","57.54","Sell","Aug 19, 2026","Downtrend","Aug 19, 2026","18866794.33","-165.47","0.34","0.43","Moving Down","","Positive","true",="2/9","<1","false","Swing"
"AXTA","Axalta Coating Systems Ltd. Common Shares","Materials","Specialty Chemicals","35.5","94.74","Sell","Aug 19, 2026","Uptrend","Jul 28, 2026","1662247.9","-70.68","0.05","-2.12","Moving Down","","",,="4/9","<1","false","Swing"
"BKR","Baker Hughes Company Class A Common Stock","Energy","Oil & Gas Equipment & Services","62.78","66.39","Sell","Aug 19, 2026","Uptrend","Jul 30, 2026","7855463.43","29.2","1.01","-2.64","Moving Down","","",,="4/9","<1","false","Swing"
"BLFS","BioLife Solutions, Inc. Common Stock","Health Care","Medical Instruments & Supplies","36.97","97.72","Sell","Aug 19, 2026","Uptrend","May 18, 2026","1213190.67","105.32","2.79","1.37","Moving Down","","",,="5/9","<1","false","Swing"
"BMY","Bristol-Myers Squibb Company Common Stock","Health Care","Drug Manufacturers - General","65.47","82.86","Buy","Aug 19, 2026","Uptrend","Jul 15, 2026","11749386.63","0.28","0.1","-3.17","Moving Up","","",,="7/9","<1","false","Swing"
"BN","Brookfield Corporation Class A Limited Voting Shares","Financials","Asset Management","41.37","39.58","Sell","Aug 19, 2026","Downtrend","Aug 19, 2026","4054567.17","-29.25","0.31","-1.85","Moving Down","","",,="2/9","<1","false","Swing"
"BXSL","Blackstone Secured Lending Fund Common Shares of Beneficial Interest","Financials","Asset Management","24.67","80.62","Sell","Aug 19, 2026","Uptrend","Aug 06, 2026","1563362.53","-23.53","0.94","0.45","Moving Down","","",,="2/9","<1","false","Swing"
"CAH","Cardinal Health, Inc. Common Stock","Health Care","Medical Distribution","228.46","68.88","Sell","Aug 19, 2026","Uptrend","Jul 28, 2026","2076970.87","330.47","2.25","-2.72","Moving Down","","",,="5/9","<1","false","Swing"
"CEG","Constellation Energy Corporation Common Stock ","Utilities","Utilities - Independent Power Producers","272.92","46.27","Sell","Aug 19, 2026","Uptrend","Aug 19, 2026","2667217.73","27.58","1.94","-0.46","Moving Down","","",,="4/9","<1","false","Swing"
"CELH","Celsius Holdings, Inc. Common Stock","Staples","Beverages - Non-Alcoholic","32.54","55.15","Buy","Aug 19, 2026","Uptrend","Aug 18, 2026","11265101.6","83.35","77.43","0.87","Moving Up","","",,="4/9","<1","false","Swing"
"CGNX","Cognex Corporation Common Stock","Technology","Scientific & Technical Instruments","59.73","56.2","Sell","Aug 19, 2026","Downtrend","Aug 18, 2026","2161982.23","28.75","10.05","-1.5","Moving Down","","",,="2/9","<1","false","Swing"
"CHTR","Charter Communications, Inc. Class A Common Stock New","Communication","Telecom Services","147.76","67.43","Sell","Aug 19, 2026","Uptrend","Aug 18, 2026","3034872.03","-13.35","17.51","-3.09","Moving Down","","Positive",,="2/9","<1","false","Swing"
"CLF","Cleveland-Cliffs Inc. Common Stock","Materials","Steel","10.74","63.32","Sell","Aug 19, 2026","Neutral","Aug 19, 2026","23081520.37","17.17","1.11","-3.85","Moving Down","","",,="3/9","<1","false","Swing"
"CSTM","Constellium SE Ordinary Shares (France)","Materials","Aluminum","26.53","47.9","Sell","Aug 19, 2026","Downtrend","Aug 18, 2026","1614154.8","-0.51","0.28","-0.04","Moving Down","","",,="3/9","<1","false","Swing"
"DAL","Delta Air Lines, Inc. Common Stock","Industrials","Airlines","81.06","64.41","Sell","Aug 19, 2026","Downtrend","Aug 19, 2026","5492446.3","72.8","5.45","-2.68","Moving Down","","",,="2/9","<1","false","Swing"
"DEO","Diageo plc Common Stock","Staples","Beverages - Wineries & Distilleries","93.85","93.33","Sell","Aug 19, 2026","Uptrend","Jul 15, 2026","1205807.6","10.92","4.24","1.02","Moving Down","","",,="3/9","<1","false","Swing"
"DOCS","Doximity, Inc. Class A Common Stock","Health Care","Health Information Services","25.94","66.93","Sell","Aug 19, 2026","Uptrend","Aug 07, 2026","5929217.87","39.06","5.58","0.74","Moving Down","","",,="5/9","<1","false","Swing"
"EPD","Enterprise Products Partners L.P. Common Stock","Energy","Oil & Gas Midstream","38.43","75.13","Buy","Aug 19, 2026","Uptrend","Aug 14, 2026","3247680.67","-14.94","0.32","0.81","Moving Up","","",,="7/9","<1","false","Swing"
"ERO","Ero Copper Corp. Common Shares","Materials","Copper","36.02","76.24","Sell","Aug 19, 2026","Uptrend","Jul 31, 2026","1117088.5","-71.65","0.19","5.69","Moving Down","","",,="4/9","<1","false","Swing"
"EXPE","Expedia Group, Inc. Common Stock","Discretionary","Travel Services","324.17","89.52","Sell","Aug 19, 2026","Uptrend","Jun 16, 2026","1442971.5","30.59","0.45","-0.64","Moving Down","","",,="3/9","<1","false","Swing"
"FIGS","FIGS, Inc. Class A Common Stock","Discretionary","Apparel Manufacturing","14.41","57.6","Sell","Aug 19, 2026","Uptrend","Aug 06, 2026","3020055.83","163.46","2.94","-0.55","Moving Down","","",,="3/9","<1","false","Swing"
"FISV","Fiserv, Inc. Common Stock","Technology","Information Technology Services","51.38","45.91","Sell","Aug 19, 2026","Downtrend","Aug 20, 2026","7376667.23","47.21","4.96","-1.34","Moving Down","","",,="2/9","<1","false","Swing"
"FIVN","Five9, Inc. Common Stock","Technology","Software - Infrastructure","32.3","88.09","Sell","Aug 19, 2026","Uptrend","Jul 24, 2026","3073975.13","-216.27","0.92","-1.34","Moving Down","","",,="3/9","<1","false","Swing"
"FSLR","First Solar, Inc. Common Stock","Technology","Solar","214.06","58.85","Sell","Aug 19, 2026","Downtrend","Aug 19, 2026","2322174.83","-43.67","0.27","-3.75","Moving Down","","",,="2/9","<1","false","Swing"
"FSLY","Fastly, Inc. Class A Common Stock","Technology","Software - Application","22.71","56.79","Sell","Aug 19, 2026","Uptrend","Jul 24, 2026","6231355.93","-70.38","0.09","-4.02","Moving Down","","",,="3/9","<1","false","Swing"
"FTNT","Fortinet, Inc. Common Stock","Technology","Software - Infrastructure","150.79","67.57","Sell","Aug 19, 2026","Downtrend","Aug 20, 2026","4964882.3","106.17","0.49","-1.35","Moving Down","","Positive",,="2/9","<1","false","Swing"
"FTV","Fortive Corporation Common Stock ","Technology","Scientific & Technical Instruments","59.4","61.33","Sell","Aug 19, 2026","Downtrend","Aug 18, 2026","2521646.73","-44.15","1.57","0.85","Moving Down","","",,="2/9","<1","false","Swing"
"GEN","Gen Digital Inc. Common Stock","Technology","Software - Infrastructure","28.175","61.82","Sell","Aug 19, 2026","Uptrend","Jun 30, 2026","4454356.03","77.45","2.06","2.31","Moving Down","","",,="3/9","<1","false","Swing"
"GWRE","Guidewire Software, Inc. Common Stock","Technology","Software - Application","181.79","86.17","Sell","Aug 19, 2026","Uptrend","Jul 24, 2026","1179995.83","2.29","0.05","0.34","Moving Down","","",,="3/9","<1","false","Swing"
"HAPN","Happen Bank","Financials","Banks - Regional","17.97","45.38","Sell","Aug 19, 2026","Downtrend","Aug 19, 2026","1104260.1","48.5","7.55","-3.18","Moving Down","","",,="2/9","<1","false","Swing"
"IRT","Independence Realty Trust, Inc. Common Stock","Real Estate","REIT - Residential","16.63","68.05","Sell","Aug 19, 2026","Downtrend","Aug 18, 2026","2658654.47","35.11","3.46","0.06","Moving Down","","",,="4/9","<1","false","Swing"
"ITGR","Integer Holdings Corporation Common Stock","Health Care","Medical Devices","125.21","95.01","Sell","Aug 19, 2026","Uptrend","May 13, 2026","1255917.27","-35.91","0.2","-0.07","Moving Down","","",,="5/9","<1","false","Swing"
"ITW","Illinois Tool Works Inc. Common Stock","Industrials","Specialty Industrial Machinery","282.74","84.71","Sell","Aug 19, 2026","Uptrend","Jun 12, 2026","1314911.17","1.69","0.06","-0.53","Moving Down","","",,="3/9","<1","false","Swing"
"LYFT","Lyft, Inc. Class A Common Stock","Technology","Software - Application","17.4","73.04","Sell","Aug 19, 2026","Uptrend","Jul 28, 2026","11500586.67","-74.62","3.56","-0.17","Moving Down","","",,="3/9","<1","false","Swing"
"MAT","Mattel, Inc. Common Stock","Discretionary","Leisure","14.72","51.28","Sell","Aug 19, 2026","Uptrend","Aug 20, 2026","4331787.27","-10.86","0.17","1.31","Moving Down","","",,="3/9","<1","false","Swing"
"NOW","ServiceNow, Inc. Common Stock","Technology","Software - Application","129.75","89.53","Sell","Aug 19, 2026","Uptrend","Jul 29, 2026","22088741.5","-76.52","0.06","2","Moving Down","","Positive",,="2/9","<1","false","Swing"
"NVTS","Navitas Semiconductor Corporation Common Stock","Technology","Semiconductors","12.97","23.7","Sell","Aug 19, 2026","Neutral","Aug 14, 2026","14078403.7","86.98","1.87","1.09","Moving Down","","",,="2/9","<1","false","Swing"
"NWG","NatWest Group plc American Depositary Shares, (each representing two (2) Ordinary Shares)","Financials","Banks - Regional","18.31","62.77","Sell","Aug 19, 2026","Uptrend","Jun 11, 2026","3759200.83","98.83","1.13","-0.54","Moving Down","","",,="3/9","<1","false","Swing"
"OLLI","Ollie's Bargain Outlet Holdings, Inc. Common Stock","Staples","Discount Stores","74.75","65.34","Sell","Aug 19, 2026","Neutral","Aug 20, 2026","1478182.5","-86.6","0.03","-5.84","Moving Down","","",,="2/9","<1","false","Swing"
"OPCH","Option Care Health, Inc. Common Stock","Health Care","Medical Care Facilities","23.49","64.12","Sell","Aug 19, 2026","Uptrend","Jul 28, 2026","2395815.3","-95.02","0.11","0.6","Moving Down","","",,="5/9","<1","false","Swing"
"PAX","Patria Investments Limited Class A Common Shares","Financials","Asset Management","11.31","46.15","Sell","Aug 19, 2026","Uptrend","Aug 19, 2026","1087997.67","-34.69","1.59","-1.31","Moving Down","","",,="3/9","<1","false","Swing"
"PL","Planet Labs PBC Class A Common Stock","Industrials","Aerospace & Defense","22.17","18.85","Sell","Aug 19, 2026","Downtrend","Aug 19, 2026","6505327.13","462.61","2.52","-1.99","Moving Down","","",,="2/9","<1","false","Swing"
"PLTR","Palantir Technologies Inc. Class A Common Stock","Technology","Software - Infrastructure","173.96","70.31","Sell","Aug 19, 2026","Uptrend","Aug 04, 2026","40996706.77","456.22","0.46","-0.7","Moving Down","","",,="2/9","<1","false","Swing"
"RDW","Redwire Corporation Common Stock","Industrials","Aerospace & Defense","11.77","55.35","Sell","Aug 19, 2026","Uptrend","Aug 07, 2026","16906682.73","823.14","6.64","-5.08","Moving Down","","",,="3/9","<1","false","Swing"
"REPL","Replimune Group, Inc. Common Stock","Health Care","Biotechnology","14.05","59.25","Sell","Aug 19, 2026","Uptrend","Aug 04, 2026","6381900.57","-385.42","0.05","-5.13","Moving Down","","",,="5/9","<1","false","Swing"
"RKT","Rocket Companies, Inc. Class A Common Stock","Financials","Mortgage Finance","14.06","44.15","Sell","Aug 19, 2026","Neutral","Aug 20, 2026","27824666.47","195.97","5.63","-3.9","Moving Down","","",,="2/9","<1","false","Swing"
"SCI","Service Corporation International Common Stock","Discretionary","Personal Services","83.37","77.51","Sell","Aug 19, 2026","Uptrend","Jul 01, 2026","1094874.4","-38.99","0.29","0.19","Moving Down","","",,="3/9","<1","false","Swing"
"SHOO","Steven Madden, Ltd. Common Stock","Discretionary","Footwear & Accessories","45.71","80.93","Sell","Aug 19, 2026","Uptrend","Jul 16, 2026","1007762.6","23.81","8.67","-3.44","Moving Down","","",,="2/9","<1","false","Swing"
"SNY","Sanofi ADS","Health Care","Drug Manufacturers - General","45.15","59.51","Buy","Aug 19, 2026","Uptrend","Aug 13, 2026","3147202.6","-31.95","0.71","-1.48","Moving Up","","",,="7/9","<1","false","Swing"
"SON","Sonoco Products Company Common Stock","Discretionary","Packaging & Containers","58.33","78.74","Sell","Aug 19, 2026","Uptrend","Jun 12, 2026","1087756.17","-98.51","0","0.74","Moving Down","","",,="3/9","<1","false","Swing"
"SPOT","Spotify Technology S.A. Ordinary Shares","Communication","Internet Content & Information","533.13","49.2","Buy","Aug 19, 2026","Uptrend","Aug 07, 2026","1871771.63","63.04","1.6","-0.04","Moving Up","","Positive",,="4/9","<1","false","Swing"
"STLD","Steel Dynamics, Inc.","Materials","Steel","219","79.16","Sell","Aug 19, 2026","Downtrend","Aug 20, 2026","1163800.07","311.96","1.43","-5.2","Moving Down","","",,="3/9","<1","false","Swing"
"TECK","Teck Resources Ltd Ordinary Shares","Materials","Other Industrial Metals & Mining","66.16","78.86","Sell","Aug 19, 2026","Uptrend","Jul 30, 2026","3129977.97","-491.19","0.18","0.32","Moving Down","","",,="3/9","<1","false","Swing"
"TRI","Thomson Reuters Corporation Common Shares","Industrials","Specialty Business Services","105.88","87.25","Sell","Aug 19, 2026","Uptrend","Jul 24, 2026","2296616.37","109.33","4.49","0.89","Moving Down","","",,="3/9","<1","false","Swing"
"UAL","United Airlines Holdings, Inc. Common Stock","Industrials","Airlines","111.71","57.16","Sell","Aug 19, 2026","Downtrend","Aug 18, 2026","3788765.07","15.74","2.04","-3.52","Moving Down","","",,="2/9","<1","false","Swing"
"UBS","UBS Group AG Registered Ordinary Shares","Financials","Banks - Diversified","53.2","64.79","Sell","Aug 19, 2026","Uptrend","Apr 24, 2026","1785005.8","316.63","2.57","0.13","Moving Down","","",,="3/9","<1","false","Swing"
"VIRT","Virtu Financial, Inc. Class A Common Stock","Financials","Capital Markets","61.19","53.41","Buy","Aug 19, 2026","Uptrend","Aug 18, 2026","1370840.2","220.44","2.16","2.02","Moving Up","","",,="5/9","<1","false","Swing"
"VSAT","ViaSat, Inc. Common Stock","Technology","Communication Equipment","74.03","71.87","Sell","Aug 19, 2026","Neutral","Aug 20, 2026","2096387.23","-61.35","0","-3.44","Moving Down","","",,="2/9","<1","false","Swing"
"WFRD","Weatherford International plc Ordinary Shares","Energy","Oil & Gas Equipment & Services","91.24","49.69","Sell","Aug 19, 2026","Uptrend","Aug 10, 2026","1160527.73","-19.9","0.43","-1.11","Moving Down","","",,="5/9","<1","false","Swing"
"WHR","Whirlpool Corporation Common Stock","Discretionary","Furnishings Fixtures & Appliances","40.47","69.67","Sell","Aug 19, 2026","Neutral","Aug 14, 2026","2327581.3","-20.59","12.82","0.95","Moving Down","","",,="2/9","<1","false","Swing"
"XNCR","Xencor, Inc. Common Stock","Health Care","Biotechnology","27","91.71","Buy","Aug 19, 2026","Uptrend","Jun 12, 2026","1154776.97","-34.11","2.37","-1.89","Moving Up","","",,="6/9","<1","false","Swing"
"ADBE","Adobe Inc. Common Stock","Technology","Software - Application","272.22","87.2","Sell","Aug 18, 2026","Uptrend","Jul 27, 2026","4951504.2","67.96","13.9","-0.09","Moving Down","","",,="2/9","<1","false","Swing"
"AEVA","Aeva Technologies, Inc. Common Stock","Technology","Software - Infrastructure","18.87","45.8","Sell","Aug 18, 2026","Neutral","Aug 19, 2026","1732437.23","-133.47","0.03","-4.6","Moving Down","","",,="2/9","<1","false","Swing"
"AMPL","Amplitude, Inc. Class A Common Stock","Technology","Software - Application","12.93","84.25","Sell","Aug 18, 2026","Uptrend","Jul 24, 2026","2090628.87","-10.92","0.27","0.78","Moving Down","","",,="2/9","<1","false","Swing"
"ASO","Academy Sports and Outdoors, Inc. Common Stock","Discretionary","Specialty Retail","45.65","36.97","Sell","Aug 18, 2026","Downtrend","Aug 17, 2026","1198765.57","37.52","18.12","-4.08","Moving Down","","",,="2/9","<1","false","Swing"
"BAX","Baxter International Inc. Common Stock","Health Care","Medical Instruments & Supplies","26.41","94.73","Sell","Aug 18, 2026","Uptrend","May 19, 2026","6982453.37","-21.38","10.99","-0.86","Moving Down","","",,="4/9","<1","false","Swing"
"BE","Bloom Energy Corporation Class A Common Stock","Industrials","Electrical Equipment & Parts","202.48","22.65","Sell","Aug 18, 2026","Downtrend","Aug 18, 2026","15361048","-237.76","0.2","-2.01","Moving Down","","","true",="2/9","<1","false","Swing"
"BWIN","The Baldwin Insurance Group, Inc. Class A Common Stock","Financials","Insurance Brokers","31.45","83.2","Sell","Aug 18, 2026","Uptrend","Jun 22, 2026","1156536.67","-52.24","0.36","0.96","Moving Down","","",,="2/9","<1","false","Swing"
"CAKE","Cheesecake Factory Incorporated (The) Common Stock","Discretionary","Restaurants","106.53","94.12","Sell","Aug 18, 2026","Uptrend","May 26, 2026","1853464.53","68.9","1.04","0.67","Moving Down","","Positive",,="3/9","<1","false","Swing"
"CDNA","CareDx, Inc. Common Stock","Health Care","Diagnostics & Research","46.99","80.83","Sell","Aug 18, 2026","Uptrend","Apr 16, 2026","1209643.03","1.55","1.38","1.03","Moving Down","","",,="5/9","<1","false","Swing"
"CG","The Carlyle Group Inc. Common Stock","Financials","Asset Management","47.99","68.78","Sell","Aug 18, 2026","Uptrend","Jul 30, 2026","3512036.43","155.75","8.32","-2.85","Moving Down","","",,="3/9","<1","false","Swing"
"CHD","Church & Dwight Company, Inc. Common Stock","Staples","Household & Personal Products","97.41","65.12","Sell","Aug 18, 2026","Downtrend","Aug 20, 2026","1747171.07","52.33","3.44","-1.62","Moving Down","","",,="2/9","<1","false","Swing"
"CL","Colgate-Palmolive Company Common Stock","Staples","Household & Personal Products","89.7","58.21","Sell","Aug 18, 2026","Downtrend","Aug 19, 2026","4354515.4","50.31","3.29","-1.29","Moving Down","","",,="2/9","<1","false","Swing"
"CNX","CNX Resources Corporation Common Stock","Energy","Oil & Gas E&P","36.46","51.28","Sell","Aug 18, 2026","Uptrend","Jul 29, 2026","1565406.9","160.27","1.32","1.79","Moving Down","","",,="4/9","<1","false","Swing"
"CORT","Corcept Therapeutics Incorporated Common Stock","Health Care","Biotechnology","121.05","77.19","Sell","Aug 18, 2026","Uptrend","Mar 31, 2026","1180385.83","547.92","1.88","1.71","Moving Down","","",,="5/9","<1","false","Swing"
"CRI","Carter's, Inc. Common Stock","Discretionary","Apparel Retail","36.24","65.51","Sell","Aug 18, 2026","Downtrend","Aug 17, 2026","1002634.47","-67.72","3.25","-2.61","Moving Down","","",,="2/9","<1","false","Swing"
"CRSR","Corsair Gaming, Inc. Common Stock","Technology","Computer Hardware","10.91","72.34","Sell","Aug 18, 2026","Uptrend","Jun 29, 2026","1981118.9","14.61","6.34","-3.88","Moving Down","","",,="3/9","<1","false","Swing"
"DV","DoubleVerify Holdings, Inc. Common Stock","Communication","Advertising Agencies","13.31","83.06","Sell","Aug 18, 2026","Uptrend","Jul 29, 2026","4092162.77","28.96","4.84","0.15","Moving Down","","",,="3/9","<1","false","Swing"
"ECL","Ecolab Inc. Common Stock","Materials","Specialty Chemicals","281.48","63.1","Sell","Aug 18, 2026","Uptrend","Jul 28, 2026","1232870.2","-50.9","0.22","-1.45","Moving Down","","",,="4/9","<1","false","Swing"
"FND","Floor & Decor Holdings, Inc. Common Stock","Discretionary","Home Improvement Retail","54.7","78.62","Sell","Aug 18, 2026","Downtrend","Aug 20, 2026","2387957.3","-3.63","44.12","-4.74","Moving Down","","",,="2/9","<1","false","Swing"
"G","Genpact Limited Common Stock","Technology","Information Technology Services","36.93","84.67","Sell","Aug 18, 2026","Uptrend","Jul 24, 2026","2263533.73","22.4","8.86","1.46","Moving Up","","",,="3/9","<1","false","Swing"
"GE","GE Aerospace Common Stock","Industrials","Aerospace & Defense","344.64","59.14","Sell","Aug 18, 2026","Downtrend","Aug 20, 2026","3751082.53","205.44","1.43","-3.25","Moving Down","","",,="2/9","<1","false","Swing"
"GLOB","Globant S.A. Common Shares","Technology","Information Technology Services","39.63","74.84","Sell","Aug 18, 2026","Uptrend","Jul 28, 2026","1921085.97","-301.42","0.73","0.28","Moving Down","","",,="3/9","<1","false","Swing"
"GLW","Corning Incorporated Common Stock","Technology","Electronic Components","151.45","40.83","Buy","Aug 18, 2026","Downtrend","Aug 19, 2026","12360642.73","249.8","1.65","-0.66","Moving Up","","",,="4/9","<1","false","Swing"
"GPK","Graphic Packaging Holding Company","Discretionary","Packaging & Containers","11.63","78.53","Sell","Aug 18, 2026","Uptrend","Aug 19, 2026","4642958","-141.93","0.61","2.02","Moving Down","","",,="3/9","<1","false","Swing"
"GTLB","GitLab Inc. Class A Common Stock","Technology","Software - Infrastructure","42.08","90.43","Sell","Aug 18, 2026","Uptrend","Jun 26, 2026","4153750.4","51.65","10.35","-1.22","Moving Down","","",,="3/9","<1","false","Swing"
"HAL","Halliburton Company Common Stock","Energy","Oil & Gas Equipment & Services","35.69","45.66","Buy","Aug 18, 2026","Uptrend","Aug 17, 2026","11188560.73","40.62","2.45","1.91","Moving Up","","",,="6/9","<1","false","Swing"
"HD","Home Depot, Inc. (The) Common Stock","Discretionary","Home Improvement Retail","334.49","60.19","Sell","Aug 18, 2026","Downtrend","Aug 20, 2026","3824148.63","83.2","3.56","-2.85","Moving Down","","",,="2/9","<1","false","Swing"
"HTHT","H World Group Limited American Depositary Shares","Discretionary","Lodging","49.54","62.99","Buy","Aug 18, 2026","Uptrend","Aug 17, 2026","1606468.17","-60.67","0.07","1.96","Moving Up","","",,="5/9","<1","false","Swing"
"IBKR","Interactive Brokers Group, Inc. Class A Common Stock","Financials","Capital Markets","89.85","49.89","Buy","Aug 18, 2026","Uptrend","Aug 17, 2026","4326913.5","691.9","2.53","-0.76","Moving Up","","",,="5/9","<1","false","Swing"
"KMI","Kinder Morgan, Inc. Common Stock","Energy","Oil & Gas Midstream","31.61","48.01","Buy","Aug 18, 2026","Neutral","Aug 20, 2026","9657357.3","67.4","1.76","-1.47","Moving Up","","",,="5/9","<1","false","Swing"
"KURA","Kura Oncology, Inc. Common Stock","Health Care","Biotechnology","11.71","70.51","Buy","Aug 18, 2026","Uptrend","Aug 17, 2026","1552521.43","4.06","4.03","-6.54","Moving Up","","",,="7/9","<1","false","Swing"
"LKQ","LKQ Corporation Common Stock","Discretionary","Auto Parts","25.98","54.25","Buy","Aug 18, 2026","Uptrend","Aug 19, 2026","3415809.8","-37.43","2.38","0.46","Moving Up","","",,="4/9","<1","false","Swing"
"LTH","Life Time Group Holdings, Inc. Common Stock","Discretionary","Leisure","44.72","75.21","Buy","Aug 18, 2026","Uptrend","May 05, 2026","2815459.37","-0.03","0.36","0.16","Moving Down","","",,="4/9","<1","false","Swing"
"MCD","McDonald's Corporation Common Stock","Discretionary","Restaurants","269.13","32.19","Sell","Aug 18, 2026","Downtrend","Aug 18, 2026","4294887.5","64.9","3.87","0.63","Moving Up","","",,="3/9","<1","false","Swing"
"METC","Ramaco Resources, Inc. Class A Common Stock","Materials","Coking Coal","11.15","44.05","Buy","Aug 18, 2026","Neutral","Aug 20, 2026","2000514.1","373.35","5.55","-7.55","Moving Up","","",,="5/9","<1","false","Swing"
"MRSH","Marsh Common Stock","Financials","Insurance Brokers","190.21","81.73","Sell","Aug 18, 2026","Uptrend","Jun 26, 2026","2224487.23","-49.26","0.25","0.53","Moving Down","","",,="3/9","<1","false","Swing"
"MWA","MUELLER WATER PRODUCTS Common Stock","Industrials","Specialty Industrial Machinery","25.13","50.47","Sell","Aug 18, 2026","Downtrend","Aug 18, 2026","1038360.77","-32.6","0.29","-0.63","Moving Down","","",,="2/9","<1","false","Swing"
"NRIX","Nurix Therapeutics, Inc. Common stock","Health Care","Biotechnology","27.05","71.8","Sell","Aug 18, 2026","Uptrend","Jun 15, 2026","1078528.4","156.99","4.02","-2.66","Moving Down","","",,="4/9","<1","false","Swing"
"NTR","Nutrien Ltd. Common Shares","Materials","Agricultural Inputs","73.12","50.18","Buy","Aug 18, 2026","Uptrend","Aug 14, 2026","2329482.13","1.66","0.02","3.72","Moving Up","","",,="6/9","<1","false","Swing"
"OKLO","Oklo Inc. Class A common stock","Utilities","Utilities - Independent Power Producers","41.66","28.31","Sell","Aug 18, 2026","Downtrend","Aug 14, 2026","8976213.87","68.77","0.79","-2.98","Moving Down","","",,="3/9","<1","false","Swing"
"PHM","PulteGroup, Inc. Common Stock","Discretionary","Residential Construction","127.67","55.09","Sell","Aug 18, 2026","Downtrend","Aug 20, 2026","1652452.17","22.03","0.23","-2.3","Moving Down","","",,="1/9","<1","false","Swing"
"PR","Permian Resources Corporation Class A Common Stock","Energy","Oil & Gas E&P","23.87","66.33","Buy","Aug 18, 2026","Uptrend","Aug 06, 2026","8755487.2","570.5","2.36","3.69","Moving Up","","",,="7/9","<1","false","Swing"
"PRCT","PROCEPT BioRobotics Corporation Common Stock","Health Care","Medical Devices","20.73","65.39","Sell","Aug 18, 2026","Neutral","Aug 20, 2026","1660951.13","33.55","7.33","-5.39","Moving Down","","","true",="3/9","<1","false","Swing"
"PRM","Perimeter Solutions, SA Common Stock","Materials","Specialty Chemicals","31.07","18.63","Sell","Aug 18, 2026","Downtrend","Aug 17, 2026","1603334.97","228.68","1.01","2.04","Moving Down","","",,="3/9","<1","false","Swing"
"PSA","Public Storage Common Stock","Real Estate","REIT - Industrial","322.74","69.74","Sell","Aug 18, 2026","Uptrend","Jul 28, 2026","1086199.83","3.63","0.14","-0.74","Moving Down","","",,="5/9","<1","false","Swing"
"QXO","QXO, Inc. Common Stock","Industrials","Industrial Distribution","13.34","31.6","Sell","Aug 18, 2026","Downtrend","Aug 17, 2026","20837969.27","-525.19","0.24","-5.46","Moving Down","","",,="2/9","<1","false","Swing"
"REYN","Reynolds Consumer Products Inc. Common Stock","Discretionary","Packaging & Containers","25.5","61.33","Sell","Aug 18, 2026","Uptrend","Aug 04, 2026","1136398.73","21.55","13.83","-2.22","Moving Down","","",,="3/9","<1","false","Swing"
"RPRX","Royalty Pharma plc Class A Ordinary Shares ","Health Care","Biotechnology","60.58","66.19","Buy","Aug 18, 2026","Uptrend","Dec 24, 2025","2794913.67","37.55","2.28","-1.86","Moving Up","","",,="7/9","<1","false","Swing"
"SFM","Sprouts Farmers Market, Inc. Common Stock","Staples","Grocery Stores","78.38","56.16","Sell","Aug 18, 2026","Downtrend","Aug 19, 2026","1915362.67","623.89","5.67","-1.2","Moving Down","","",,="2/9","<1","false","Swing"
"SMMT","Summit Therapeutics Inc. Common Stock ","Health Care","Biotechnology","12.43","21.28","Sell","Aug 18, 2026","Downtrend","Aug 14, 2026","4361605.17","-1462.32","0.09","-5.19","Moving Down","","",,="4/9","<1","false","Swing"
"STEP","StepStone Group Inc. Class A Common Stock","Financials","Asset Management","48.84","64.66","Sell","Aug 18, 2026","Uptrend","Aug 03, 2026","1310064.8","-11.45","0.27","-2.09","Moving Down","","",,="3/9","<1","false","Swing"
"SYK","Stryker Corporation Common Stock","Health Care","Medical Devices","327.7","66.85","Sell","Aug 18, 2026","Neutral","Aug 20, 2026","2370556","-18.1","0.28","-3.61","Moving Down","","",,="4/9","<1","false","Swing"
"TAP","Molson Coors Beverage Company Class B Common Stock","Staples","Beverages - Brewers","42.61","66.23","Sell","Aug 18, 2026","Uptrend","Aug 19, 2026","2882363.7","-24.65","2.42","0.28","Moving Down","","",,="2/9","<1","false","Swing"
"TPG","TPG Inc. Class A Common Stock","Financials","Asset Management","51.57","83.56","Sell","Aug 18, 2026","Uptrend","Jul 30, 2026","2742091.93","0.17","0.03","-3.03","Moving Down","","",,="3/9","<1","false","Swing"
"TRGP","Targa Resources, Inc. Common Stock","Energy","Oil & Gas Midstream","302.25","58.06","Buy","Aug 18, 2026","Uptrend","Aug 17, 2026","1197145.03","170.37","0.67","1.74","Moving Up","","",,="7/9","<1","false","Swing"
"TRIN","Trinity Capital Inc. Common Stock","Financials","Asset Management","18.27","63.12","Sell","Aug 18, 2026","Uptrend","Aug 06, 2026","1045531.3","22.01","0.52","0.77","Moving Down","","",,="3/9","<1","false","Swing"
"U","Unity Software Inc. Common Stock","Technology","Software - Application","46.54","83.8","Sell","Aug 18, 2026","Uptrend","Jun 30, 2026","11031689","46.52","4.41","-1.21","Moving Down","","",,="2/9","<1","false","Swing"
"VET","Vermilion Energy Inc. Common (Canada)","Energy","Oil & Gas E&P","12.84","78.56","Buy","Aug 18, 2026","Uptrend","Aug 06, 2026","1421635.37","25.59","10.24","2.23","Moving Up","","",,="6/9","<1","false","Swing"
"WAB","Westinghouse Air Brake Technologies Corporation Common Stock","Industrials","Railroads","292.31","85.75","Sell","Aug 18, 2026","Uptrend","Jul 22, 2026","1031273.23","44.36","0.42","0.03","Moving Down","","",,="3/9","<1","false","Swing"
"WY","Weyerhaeuser Company Common Stock","Real Estate","REIT - Specialty","24.62","69.14","Sell","Aug 18, 2026","Neutral","Aug 19, 2026","5258872.5","-36.38","1.06","0","Moving Down","","",,="4/9","<1","false","Swing"
"ADPT","Adaptive Biotechnologies Corporation Common Stock","Health Care","Diagnostics & Research","25.44","64.67","Sell","Aug 17, 2026","Uptrend","May 28, 2026","2551258.17","-230.77","0.26","-0.2","Moving Up","","",,="6/9","<1","false","Swing"
"AI","C3.ai, Inc. Class A Common Stock","Technology","Software - Infrastructure","10.31","60.71","Sell","Aug 17, 2026","Uptrend","Aug 03, 2026","4700893.97","-167.8","1.18","-0.67","Moving Down","","",,="2/9","<1","false","Swing"
"ALLE","Allegion plc Ordinary Shares","Industrials","Security & Protection Services","161.72","88.44","Sell","Aug 17, 2026","Uptrend","Jul 16, 2026","1258247.2","27.36","2.85","-0.64","Moving Down","","",,="3/9","<1","false","Swing"
"BILL","BILL Holdings, Inc. Common Stock","Technology","Software - Application","47.4","64.46","Sell","Aug 17, 2026","Uptrend","Jul 01, 2026","2520862.67","-11.91","11.4","-0.65","Moving Down","","",,="3/9","<1","false","Swing"
"BLZE","Backblaze, Inc. Class A Common Stock","Technology","Software - Infrastructure","16.24","64.77","Sell","Aug 17, 2026","Uptrend","Aug 03, 2026","3095181.23","17.28","1.58","-3.79","Moving Down","","",,="3/9","<1","false","Swing"
"BNY","The Bank of New York Mellon Corporation Common Stock","Financials","Banks - Diversified","157.24","83.01","Buy","Aug 17, 2026","Uptrend","Apr 01, 2026","3045690.13","110.57","0.87","-1.58","Moving Down","","",,="4/9","<1","false","Swing"
"BRK/B","Berkshire Hathaway Inc.","Financials","Insurance - Diversified","496.86","62.77","Sell","Aug 17, 2026","Downtrend","Aug 19, 2026","4146494.97","43.62","1.01","-0.55","Moving Down","","",,="2/9","<1","false","Swing"
"CCL","Carnival Corporation Ltd. Common Shares","Discretionary","Travel Services","25.37","53","Sell","Aug 17, 2026","Downtrend","Aug 19, 2026","17363532.1","60.39","6.19","-4.95","Moving Down","","",,="2/9","<1","false","Swing"
"CRWD","CrowdStrike Holdings, Inc. Class A Common Stock","Technology","Software - Infrastructure","190.34","57.88","Sell","Aug 17, 2026","Neutral","Aug 20, 2026","7790111.1","50.74","0.7","-5.6","Moving Down","","Negative",,="2/9","<1","false","Swing"
"CSCO","Cisco Systems, Inc. Common Stock (DE)","Technology","Communication Equipment","109.59","65.75","Sell","Aug 17, 2026","Downtrend","Aug 17, 2026","21758530.8","78.48","1.63","-0.87","Moving Down","","",,="2/9","<1","false","Swing"
"CSIQ","Canadian Solar Inc. Common Shares (ON)","Technology","Solar","14.73","38.89","Sell","Aug 17, 2026","Downtrend","Aug 20, 2026","1823058.5","-77.15","3.35","-6.65","Moving Down","","",,="2/9","<1","false","Swing"
"DBX","Dropbox, Inc. Class A Common Stock","Technology","Software - Infrastructure","34","84.68","Sell","Aug 17, 2026","Uptrend","Jul 01, 2026","4114936.77","-100.6","0.05","0.03","Moving Down","","",,="3/9","<1","false","Swing"
"DHT","DHT Holdings, Inc.","Energy","Oil & Gas Midstream","19.8","62","Buy","Aug 17, 2026","Uptrend","Aug 06, 2026","2866318.57","200.3","2.14","-0.95","Moving Up","","",,="7/9","<1","false","Swing"
"EWTX","Edgewise Therapeutics, Inc. Common Stock","Health Care","Biotechnology","43.29","50.63","Sell","Aug 17, 2026","Uptrend","Aug 04, 2026","1117739.03","-149.97","0.22","-6.78","Moving Down","","",,="5/9","<1","false","Swing"
"FRSH","Freshworks Inc. Class A Common Stock","Technology","Software - Application","13.01","91.48","Buy","Aug 17, 2026","Uptrend","Jul 24, 2026","11192963.67","2.05","4.49","-0.46","Moving Up","","",,="5/9","<1","false","Swing"
"FTI","TechnipFMC plc Ordinary Share","Energy","Oil & Gas Equipment & Services","77.62","67.48","Buy","Aug 17, 2026","Uptrend","Aug 11, 2026","3192378.47","198.66","1.28","0.78","Moving Up","","",,="7/9","<1","false","Swing"
"GM","General Motors Company Common Stock","Discretionary","Auto Manufacturers","86.15","73.93","Sell","Aug 17, 2026","Uptrend","Jul 22, 2026","6157394.1","74.51","1.69","1.4","Moving Down","","",,="3/9","<1","false","Swing"
"HLIT","Harmonic Inc. Common Stock","Technology","Communication Equipment","12.37","49.21","Buy","Aug 17, 2026","Neutral","Aug 19, 2026","1593159.8","-134.52","0.11","-1.51","Moving Up","","",,="4/9","<1","false","Swing"
"HUM","Humana Inc. Common Stock","Health Care","Healthcare Plans","380.73","71.09","Buy","Aug 17, 2026","Uptrend","Aug 14, 2026","1374790.93","-78","0.02","0.72","Moving Up","","",,="7/9","<1","false","Swing"
"ICE","Intercontinental Exchange Inc. Common Stock","Financials","Financial Data & Stock Exchanges","158.61","84.3","Sell","Aug 17, 2026","Uptrend","Jul 22, 2026","3854879.8","98.23","3.68","0.87","Moving Up","","",,="4/9","<1","false","Swing"
"INFY","Infosys Limited American Depositary Shares","Technology","Information Technology Services","11.83","62.88","Sell","Aug 17, 2026","Neutral","Aug 20, 2026","22919417.4","-2.3","0.3","-1.66","Moving Down","","",,="2/9","<1","false","Swing"
"IP","International Paper Company Common Stock","Discretionary","Packaging & Containers","40.36","77.81","Sell","Aug 17, 2026","Uptrend","Jun 11, 2026","5006834.3","-67.54","0","-1.7","Moving Down","","",,="3/9","<1","false","Swing"
"IQV","IQVIA Holdings, Inc. Common Stock","Health Care","Diagnostics & Research","256.05","90.73","Sell","Aug 17, 2026","Uptrend","Jun 25, 2026","1385991.57","4.74","0.21","2.72","Moving Down","","",,="5/9","<1","false","Swing"
"IRM","Iron Mountain Incorporated (Delaware)Common Stock REIT","Real Estate","REIT - Specialty","122.94","48.76","Buy","Aug 17, 2026","Neutral","Aug 19, 2026","1847430","165.09","1.13","0.7","Moving Down","","",,="5/9","<1","false","Swing"
"LOGI","Logitech International S.A. Ordinary Shares","Technology","Computer Hardware","95.34","49.56","Sell","Aug 17, 2026","Downtrend","Aug 17, 2026","1100237.6","188.59","5.14","-5.11","Moving Down","","",,="2/9","<1","false","Swing"
"LPX","Louisiana-Pacific Corporation Common Stock","Industrials","Building Products & Equipment","73.75","60.46","Sell","Aug 17, 2026","Downtrend","Aug 20, 2026","1192496.2","84.58","1.57","-2.95","Moving Down","","",,="2/9","<1","false","Swing"
"LRCX","Lam Research Corporation Common Stock","Technology","Semiconductor Equipment & Materials","310.53","58.93","Buy","Aug 17, 2026","Neutral","Aug 19, 2026","10111963","126.88","0.34","1.09","Moving Up","","",,="4/9","<1","false","Swing"
"LULU","lululemon athletica inc. Common Stock","Discretionary","Apparel Retail","115.69","49.08","Sell","Aug 17, 2026","Downtrend","Aug 20, 2026","2511911.07","170.61","15.22","-3.15","Moving Down","","",,="2/9","<1","false","Swing"
"MOS","Mosaic Company (The) Common Stock","Materials","Agricultural Inputs","23.35","56.67","Sell","Aug 17, 2026","Neutral","Aug 20, 2026","7575951.73","28.55","8.85","5.04","Moving Up","","",,="3/9","<1","false","Swing"
"MPLX","MPLX LP Common Units Representing Limited Partner Interests","Energy","Oil & Gas Midstream","58.6","75.79","Sell","Aug 17, 2026","Uptrend","Jul 02, 2026","1508049.23","3.57","0.01","-0.15","Moving Down","","",,="5/9","<1","false","Swing"
"MRAM","Everspin Technologies, Inc. Common Stock","Technology","Semiconductors","16.97","57.82","Buy","Aug 17, 2026","Neutral","Aug 19, 2026","1274007.87","508.75","9.45","-2.69","Moving Up","","",,="4/9","<1","false","Swing"
"MRK","Merck & Company, Inc. Common Stock (new)","Health Care","Drug Manufacturers - General","148.99","80.32","Buy","Aug 17, 2026","Uptrend","Jun 23, 2026","9328179.67","-47.83","0.21","-2.11","Moving Up","","",,="7/9","<1","false","Swing"
"MU","Micron Technology, Inc. Common Stock","Technology","Semiconductors","974.33","44.41","Buy","Aug 17, 2026","Uptrend","Aug 14, 2026","40105420.57","1374.77","2.13","3.97","Moving Up","","Positive","true",="4/9","<1","false","Swing"
"NET","Cloudflare, Inc. Class A Common Stock","Technology","Software - Infrastructure","278.91","52.1","Sell","Aug 17, 2026","Uptrend","Jun 29, 2026","3599121.73","245.93","2.93","-4.44","Moving Down","","",,="3/9","<1","false","Swing"
"NLY","Annaly Capital Management Inc. Common Stock","Real Estate","REIT - Mortgage","23.29","71.87","Buy","Aug 17, 2026","Uptrend","Jul 24, 2026","6850682.37","-3.55","12.26","-1.9","Moving Up","","",,="7/9","<1","false","Swing"
"NU","Nu Holdings Ltd. Class A Ordinary Shares","Financials","Banks - Regional","14.21","73.75","Buy","Aug 17, 2026","Uptrend","Aug 14, 2026","93157591.3","21.14","2.41","-2.74","Moving Down","","",,="4/9","<1","false","Swing"
"OII","Oceaneering International, Inc. Common Stock","Energy","Oil & Gas Equipment & Services","52.49","86.3","Buy","Aug 17, 2026","Uptrend","Jun 29, 2026","1071742.17","223.84","2.22","-0.38","Moving Up","","",,="7/9","<1","false","Swing"
"OTIS","Otis Worldwide Corporation Common Stock ","Industrials","Specialty Industrial Machinery","71.77","45.82","Sell","Aug 17, 2026","Downtrend","Aug 17, 2026","3621345.43","-17.4","0.47","-0.25","Moving Down","","",,="1/9","<1","false","Swing"
"OWL","Blue Owl Capital Inc. Class A Common Stock","Financials","Asset Management","11.4","79.31","Sell","Aug 17, 2026","Uptrend","Jul 27, 2026","19012063.93","-7.15","0.01","-3.14","Moving Down","","",,="3/9","<1","false","Swing"
"PATH","UiPath, Inc. Class A Common Stock","Technology","Software - Infrastructure","15.92","71.36","Sell","Aug 17, 2026","Uptrend","Jul 28, 2026","78767723.27","-38.52","3.27","0.89","Moving Down","","",,="3/9","<1","false","Swing"
"PEP","PepsiCo, Inc. Common Stock","Staples","Beverages - Non-Alcoholic","142.08","43.18","Buy","Aug 17, 2026","Uptrend","Aug 19, 2026","7190295.57","16.79","4.71","-0.35","Moving Up","","",,="5/9","<1","false","Swing"
"PFG","Principal Financial Group Inc Common Stock","Financials","Asset Management","110.54","75.5","Sell","Aug 17, 2026","Downtrend","Aug 20, 2026","1387695.43","7.42","0.17","-0.99","Moving Down","","",,="2/9","<1","false","Swing"
"PNFP","Pinnacle Financial Partners, Inc. Common stock","Financials","Banks - Regional","101.99","73.66","Sell","Aug 17, 2026","Neutral","Aug 19, 2026","1175669","54.22","2.6","0.31","Moving Down","","",,="2/9","<1","false","Swing"
"PPTA","Perpetua Resources Corp. Common Shares","Materials","Other Precious Metals & Mining","25.05","47.81","Sell","Aug 17, 2026","Uptrend","Aug 05, 2026","1186413.27","-33.19","0.31","-2.98","Moving Up","","",,="4/9","<1","false","Swing"
"PSX","Phillips 66 Common Stock","Energy","Oil & Gas Refining & Marketing","240","96.31","Buy","Aug 17, 2026","Uptrend","Jul 07, 2026","2594010.93","59.61","1.38","-0.95","Moving Up","","",,="7/9","<1","false","Swing"
"PTY","Pimco Corporate & Income Opportunity Fund","Financials","Closed-End Fund - Debt","11.66","46.21","Sell","Aug 17, 2026","Downtrend","Aug 13, 2026","1233703.7","16.14","4.2","-0.68","Moving Down","","",,="2/9","<1","false","Swing"
"PWP","Perella Weinberg Partners Class A Common Stock","Financials","Capital Markets","15.97","54.79","Sell","Aug 17, 2026","Neutral","Aug 18, 2026","1160240.07","32.44","2.09","-3.97","Moving Down","","",,="2/9","<1","false","Swing"
"RCL","Royal Caribbean Cruises Ltd. Common Stock","Discretionary","Travel Services","287.62","54.99","Sell","Aug 17, 2026","Downtrend","Aug 19, 2026","2083299.2","214.2","5.36","-4.31","Moving Down","","",,="2/9","<1","false","Swing"
"SDGR","Schrodinger, Inc. Common Stock","Health Care","Health Information Services","19.58","76.77","Sell","Aug 17, 2026","Uptrend","Aug 05, 2026","1064028.03","-101.75","2.38","-1.36","Moving Up","","",,="6/9","<1","false","Swing"
"SHC","Sotera Health Company Common Stock","Health Care","Diagnostics & Research","19.22","43.95","Sell","Aug 17, 2026","Uptrend","Jun 18, 2026","3079612.3","69.66","18.77","1.16","Moving Down","","",,="5/9","<1","false","Swing"
"SJM","The J.M. Smucker Company Common Stock","Staples","Packaged Foods","123.05","72.67","Buy","Aug 17, 2026","Uptrend","Jul 16, 2026","1265679.53","-92.77","0.07","0.17","Moving Up","","",,="5/9","<1","false","Swing"
"SONO","Sonos, Inc. Common Stock","Technology","Consumer Electronics","16.05","66.14","Buy","Aug 17, 2026","Uptrend","Aug 03, 2026","1959103.43","-81.49","2.11","-1.41","Moving Up","","",,="5/9","<1","false","Swing"
"SYY","Sysco Corporation Common Stock","Staples","Food Distribution","83.06","78.04","Sell","Aug 17, 2026","Neutral","Aug 19, 2026","3176911.53","-29.95","0.02","0.73","Moving Down","","",,="1/9","<1","false","Swing"
"TMO","Thermo Fisher Scientific Inc Common Stock","Health Care","Diagnostics & Research","627.55","80.08","Sell","Aug 17, 2026","Uptrend","Jun 24, 2026","2051754.7","19.74","0.64","2.28","Moving Up","","",,="5/9","<1","false","Swing"
"VLO","Valero Energy Corporation Common Stock","Energy","Oil & Gas Refining & Marketing","341.51","85.45","Buy","Aug 17, 2026","Uptrend","Jun 26, 2026","2622122.9","154.29","1.28","-1.37","Moving Up","","",,="7/9","<1","false","Swing"
"WMB","Williams Companies, Inc. (The) Common Stock","Energy","Oil & Gas Midstream","71.68","44.69","Buy","Aug 17, 2026","Neutral","Aug 20, 2026","6304858.1","14.14","0.14","-2.13","Moving Up","","",,="6/9","<1","false","Swing"
"ZETA","Zeta Global Holdings Corp. Class A Common Stock","Technology","Software - Infrastructure","27.85","71.12","Sell","Aug 17, 2026","Uptrend","Jul 28, 2026","8712729.23","-24.21","0.32","-3.27","Moving Down","","",,="3/9","<1","false","Swing"
"AGNC","AGNC Investment Corp. Common Stock","Real Estate","REIT - Mortgage","10.92","66.86","Buy","Aug 14, 2026","Uptrend","Aug 13, 2026","18518612.67","34.25","6.18","-1.44","Moving Up","","",,="7/9","<1","false","Swing"
"ALK","Alaska Air Group, Inc. Common Stock","Industrials","Airlines","40.18","50.66","Sell","Aug 14, 2026","Downtrend","Aug 14, 2026","2771324.37","-18.81","6.93","-2.55","Moving Down","","",,="2/9","<1","false","Swing"
"CBZ","CBIZ, Inc. Common Stock","Industrials","Specialty Business Services","55.01","93.66","Sell","Aug 14, 2026","Uptrend","Jul 01, 2026","1688170.97","-68.24","0.24","0.26","Moving Down","","",,="2/9","<1","false","Swing"
"CIEN","Ciena Corporation Common Stock","Technology","Communication Equipment","392.48","61.44","Buy","Aug 14, 2026","Neutral","Aug 18, 2026","2092287.37","505.27","1.7","-1.75","Moving Up","","Positive",,="4/9","<1","false","Swing"
"COHU","Cohu, Inc. Common Stock","Technology","Semiconductor Equipment & Materials","54.11","59.53","Buy","Aug 14, 2026","Uptrend","Aug 13, 2026","1011991.77","27.74","0.5","-1.96","Moving Up","","",,="5/9","<1","false","Swing"
"CP","Canadian Pacific Kansas City Limited Common Shares","Industrials","Railroads","94.83","73.49","Buy","Aug 14, 2026","Uptrend","Jul 31, 2026","2470175.63","111.22","3.3","0.41","Moving Up","","",,="5/9","<1","false","Swing"
"CVE","Cenovus Energy Inc Common Stock","Energy","Oil & Gas Integrated","32.48","86.87","Buy","Aug 14, 2026","Uptrend","Jul 14, 2026","6562458.17","109.29","1.31","0","Moving Up","","",,="7/9","<1","false","Swing"
"CWEN","Clearway Energy, Inc. Class C Common Stock","Utilities","Utilities - Renewable","32.64","56.5","Buy","Aug 14, 2026","Neutral","Aug 13, 2026","1115648.27","107.26","5.82","-3.03","Moving Down","","",,="4/9","<1","false","Swing"
"DAR","Darling Ingredients Inc. Common Stock","Staples","Packaged Foods","67.84","74.07","Buy","Aug 14, 2026","Uptrend","Aug 10, 2026","2077163.2","2.56","0.04","1.34","Moving Up","","Positive",,="4/9","<1","false","Swing"
"DKNG","DraftKings Inc. Class A Common Stock","Discretionary","Gambling","25.03","60.42","Buy","Aug 14, 2026","Uptrend","Aug 19, 2026","12461384.3","36.14","12.73","-1.11","Moving Down","","",,="4/9","<1","false","Swing"
"DT","Dynatrace, Inc. Common Stock","Technology","Software - Application","49.18","75.73","Sell","Aug 14, 2026","Uptrend","Jul 30, 2026","5687003.27","21.29","24.99","-0.85","Moving Down","","Positive",,="2/9","<1","false","Swing"
"DUOT","Duos Technologies Group, Inc. Common Stock","Technology","Software - Application","10.41","60.49","Buy","Aug 14, 2026","Uptrend","Aug 17, 2026","1114361.93","-54.24","0.23","-3.16","Moving Up","","",,="5/9","<1","false","Swing"
"EOG","EOG Resources, Inc. Common Stock","Energy","Oil & Gas E&P","152.19","65.63","Buy","Aug 14, 2026","Uptrend","Aug 10, 2026","2821672.1","46.94","1.37","1.81","Moving Up","","",,="7/9","<1","false","Swing"
"GOOG","Alphabet Inc. Class C Capital Stock","Communication","Internet Content & Information","338.2","41.33","Sell","Aug 14, 2026","Downtrend","Aug 13, 2026","18763606.7","259.73","1.73","-1.02","Moving Down","","Positive",,="2/9","<1","false","Swing"
"GOOGL","Alphabet Inc. Class A Common Stock","Communication","Internet Content & Information","340.67","60.64","Sell","Aug 14, 2026","Downtrend","Aug 13, 2026","27964919.03","166.86","1.08","-1.17","Moving Down","","Positive","true",="2/9","<1","false","Swing"
"GTES","Gates Industrial Corporation plc Ordinary Shares","Industrials","Specialty Industrial Machinery","25.89","39.92","Sell","Aug 14, 2026","Downtrend","Aug 19, 2026","1856592.17","-41.45","0.17","-1.3","Moving Down","","",,="2/9","<1","false","Swing"
"HOG","Harley-Davidson, Inc. Common Stock","Discretionary","Recreational Vehicles","27.63","80.73","Buy","Aug 14, 2026","Uptrend","Aug 05, 2026","2445036.9","44.7","9.57","-0.11","Moving Up","","",,="5/9","<1","false","Swing"
"KEP","Korea Electric Power Corporation Common Stock","Utilities","Utilities - Regulated Electric","11.23","43.66","Sell","Aug 14, 2026","Downtrend","Aug 13, 2026","1140755.2","32.39","30.1","0.45","Moving Down","","",,="3/9","<1","false","Swing"
"MGY","Magnolia Oil & Gas Corporation Class A Common Stock","Energy","Oil & Gas E&P","28.22","63.84","Buy","Aug 14, 2026","Uptrend","Aug 14, 2026","5820040.9","-45.58","0.04","2.66","Moving Up","","",,="6/9","<1","false","Swing"
"MKC","McCormick & Company, Incorporated Common Stock","Staples","Packaged Foods","55.22","71.16","Buy","Aug 14, 2026","Uptrend","Jul 28, 2026","3004213.67","15.37","4.46","-2.23","Moving Up","","",,="5/9","<1","false","Swing"
"MPC","Marathon Petroleum Corporation Common Stock","Energy","Oil & Gas Refining & Marketing","358.23","91.9","Buy","Aug 14, 2026","Uptrend","Jul 01, 2026","2242356.37","998.81","1.16","-0.7","Moving Up","","",,="7/9","<1","false","Swing"
"MRNA","Moderna, Inc. Common Stock","Health Care","Biotechnology","133.32","86.58","Buy","Aug 14, 2026","Uptrend","Aug 13, 2026","14623011.07","211.36","28.09","-23.55","Moving Up","","","true",="7/9","<1","false","Swing"
"MRVL","Marvell Technology, Inc. Common Stock","Technology","Semiconductors","251.01","69.08","Buy","Aug 14, 2026","Uptrend","Aug 13, 2026","23082097.77","417.84","1.4","5.79","Moving Up","","Positive","true",="5/9","<1","false","Swing"
"NVCR","NovoCure Limited Ordinary Shares","Health Care","Medical Devices","17.77","59.93","Buy","Aug 14, 2026","Uptrend","Aug 10, 2026","1614525.63","52.22","6.88","-2.36","Moving Up","","",,="7/9","<1","false","Swing"
"NVST","Envista Holdings Corporation Common Stock","Health Care","Medical Instruments & Supplies","26.93","46.25","Sell","Aug 14, 2026","Uptrend","Jun 15, 2026","2943667.27","-31.51","3.67","-2.36","Moving Down","","",,="4/9","<1","false","Swing"
"OKE","ONEOK, Inc. Common Stock","Energy","Oil & Gas Midstream","94.6","63.34","Buy","Aug 14, 2026","Uptrend","Aug 12, 2026","3640803.2","-25.41","0.26","-1.47","Moving Up","","",,="7/9","<1","false","Swing"
"PAYX","Paychex, Inc. Common Stock","Technology","Software - Application","122.91","93.94","Sell","Aug 14, 2026","Uptrend","Jun 25, 2026","2890203.97","-36.29","0.24","0.33","Moving Down","","",,="3/9","<1","false","Swing"
"PCAR","PACCAR Inc. Common Stock","Industrials","Farm & Heavy Construction Machinery","128.94","77.2","Sell","Aug 14, 2026","Neutral","Aug 20, 2026","3310207.03","99.71","1.45","1.15","Moving Down","","",,="2/9","<1","false","Swing"
"PDD","PDD Holdings Inc. American Depositary Shares","Discretionary","Internet Retail","89.52","57.5","Sell","Aug 14, 2026","Uptrend","Aug 18, 2026","6032758.87","-16.63","0.08","-0.75","Moving Up","","",,="4/9","<1","false","Swing"
"PRCH","Porch Group, Inc. Common Stock","Financials","Insurance - Property & Casualty","17.08","59.53","Sell","Aug 14, 2026","Uptrend","Jul 31, 2026","1746794.4","219.67","5.91","0.23","Moving Down","","",,="3/9","<1","false","Swing"
"QSR","Restaurant Brands International Inc. Common Shares","Discretionary","Restaurants","79.55","70.48","Buy","Aug 14, 2026","Uptrend","Aug 13, 2026","2308898.87","-37.78","0.14","3.18","Moving Up","","",,="4/9","<1","false","Swing"
"RELX","RELX PLC PLC American Depositary Shares (Each representing One Ordinary Share)","Industrials","Specialty Business Services","35.38","73.05","Sell","Aug 14, 2026","Uptrend","Aug 19, 2026","2653900.4","-8.64","0.33","0.8","Moving Down","","",,="3/9","<1","false","Swing"
"RKLB","Rocket Lab Corporation Common Stock","Industrials","Aerospace & Defense","72.95","19.25","Sell","Aug 14, 2026","Neutral","Aug 11, 2026","18630346.07","2249.27","4.93","-3.81","Moving Down","","",,="2/9","<1","false","Swing"
"RLAY","Relay Therapeutics, Inc. Common Stock","Health Care","Biotechnology","19.7","50.46","Sell","Aug 14, 2026","Uptrend","May 26, 2026","2132692.27","6.22","4.94","-5.01","Moving Down","","",,="5/9","<1","false","Swing"
"RNG","RingCentral, Inc. Class A Common Stock","Technology","Software - Application","65.58","91.4","Sell","Aug 14, 2026","Uptrend","Jul 24, 2026","2202018.93","-46.89","5.79","-0.55","Moving Down","","",,="2/9","<1","false","Swing"
"ROST","Ross Stores, Inc. Common Stock","Discretionary","Apparel Retail","228.99","78.4","Sell","Aug 14, 2026","Downtrend","Aug 19, 2026","2255433.23","35.99","0.97","-2.43","Moving Down","","Positive","true",="2/9","<1","false","Swing"
"SNPS","Synopsys, Inc. Common Stock","Technology","Software - Infrastructure","397.92","52.72","Buy","Aug 14, 2026","Downtrend","Aug 20, 2026","1741874.7","180.62","2.81","-0.83","Moving Up","","",,="4/9","<1","false","Swing"
"SOFI","SoFi Technologies, Inc. Common Stock  ","Financials","Credit Services","17.92","42.75","Sell","Aug 14, 2026","Uptrend","Aug 05, 2026","70139641.97","-54.24","0.22","-2.71","Moving Down","","",,="3/9","<1","false","Swing"
"STX","Seagate Technology Holdings PLC Ordinary Shares (Ireland)","Technology","Computer Hardware","850.24","69.78","Buy","Aug 14, 2026","Neutral","Aug 19, 2026","5245332.83","238.66","0.46","2.12","Moving Up","","",,="4/9","<1","false","Swing"
"STZ","Constellation Brands, Inc. Common Stock","Staples","Beverages - Brewers","134.14","57.1","Buy","Aug 14, 2026","Neutral","Aug 17, 2026","1760700.93","-58.44","1.29","0.46","Moving Up","","",,="4/9","<1","false","Swing"
"TAL","TAL Education Group American Depositary Shares","Staples","Education & Training Services","11.47","66.22","Sell","Aug 14, 2026","Uptrend","Jul 08, 2026","4526633.37","3.52","3.56","-5.36","Moving Down","","",,="3/9","<1","false","Swing"
"TPR","Tapestry, Inc. Common Stock","Discretionary","Luxury Goods","129.82","49.84","Sell","Aug 14, 2026","Downtrend","Aug 14, 2026","2661547.87","375.34","2.43","-1.44","Moving Down","","",,="2/9","<1","false","Swing"
"VERX","Vertex, Inc. Class A Common Stock","Technology","Software - Application","13.58","82","Buy","Aug 14, 2026","Uptrend","Aug 18, 2026","2397742.03","-81.01","0.52","0.44","Moving Up","","",,="4/9","<1","false","Swing"
"VIAV","Viavi Solutions Inc. Common Stock","Technology","Communication Equipment","38.56","68.64","Buy","Aug 14, 2026","Neutral","Aug 18, 2026","5035434.23","182.44","2.32","-0.46","Moving Up","","",,="4/9","<1","false","Swing"
"VSXY","Victorias Secret & Co. Common Stock ","Discretionary","Apparel Retail","86.8","52.46","Sell","Aug 14, 2026","Uptrend","May 26, 2026","1613164.4","245.41","1.62","-2.04","Moving Down","","",,="3/9","<1","false","Swing"
"YUMC","Yum China Holdings, Inc. Common Stock","Discretionary","Restaurants","48.88","61.98","Sell","Aug 14, 2026","Uptrend","Jul 27, 2026","1554324.23","0.86","3.8","2.73","Moving Down","","",,="2/9","<1","false","Swing"
"ACM","AECOM Common Stock","Industrials","Engineering & Construction","65.18","33.73","Sell","Aug 13, 2026","Downtrend","Aug 12, 2026","1917928.2","-25.67","0.21","0.22","Moving Down","","",,="2/9","<1","false","Swing"
"ADP","Automatic Data Processing, Inc. Common Stock","Technology","Software - Application","279.21","93.18","Sell","Aug 13, 2026","Uptrend","Jun 30, 2026","2331753.17","141.99","6.26","0.72","Moving Down","","",,="2/9","<1","false","Swing"
"AEO","American Eagle Outfitters, Inc. Common Stock","Discretionary","Apparel Retail","16","43.97","Sell","Aug 13, 2026","Downtrend","Aug 13, 2026","4230018.5","184.16","45.57","-4.02","Moving Down","","",,="2/9","<1","false","Swing"
"ARMK","Aramark Common Stock","Industrials","Specialty Business Services","59.37","86.23","Buy","Aug 13, 2026","Uptrend","Aug 11, 2026","2666077.67","20.21","1.56","-0.69","Moving Up","","",,="5/9","<1","false","Swing"
"ASML","ASML Holding N.V. New York Registry Shares","Technology","Semiconductor Equipment & Materials","1750.31","70.3","Buy","Aug 13, 2026","Uptrend","Aug 12, 2026","1682981.17","126.42","0.74","-0.08","Moving Up","","",,="5/9","<1","false","Swing"
"AVPT","AvePoint, Inc. Class A Common Stock","Technology","Software - Infrastructure","13.13","62.9","Sell","Aug 13, 2026","Uptrend","Jun 29, 2026","2044545.13","184","4.55","-1.13","Moving Down","","",,="3/9","<1","false","Swing"
"BABA","Alibaba Group Holding Limited American Depositary Shares each representing eight Ordinary share","Discretionary","Internet Retail","130.53","52.2","Sell","Aug 13, 2026","Uptrend","Jul 30, 2026","10667499.33","9.53","4.98","1.26","Moving Down","","Positive","true",="2/9","<1","false","Swing"
"BEKE","KE Holdings Inc American Depositary Shares (each representing three Class A Ordinary Shares)","Real Estate","Real Estate Services","16.99","49.17","Sell","Aug 13, 2026","Uptrend","Jul 27, 2026","3097462.13","34.61","12.45","-2.24","Moving Up","","",,="6/9","<1","false","Swing"
"BILI","Bilibili Inc. American Depositary Shares","Communication","Internet Content & Information","16.66","23.1","Sell","Aug 13, 2026","Downtrend","Aug 13, 2026","2220355.17","-42.92","5.04","-3.76","Moving Down","","",,="2/9","<1","false","Swing"
"BTU","Peabody Energy Corporation Common Stock ","Energy","Thermal Coal","26.86","49.76","Buy","Aug 13, 2026","Uptrend","Aug 14, 2026","2366399.17","-134.01","0.16","0.04","Moving Up","","",,="7/9","<1","false","Swing"
"BUD","Anheuser-Busch Inbev SA Sponsored ADR (Belgium)","Staples","Beverages - Brewers","77.92","58.17","Sell","Aug 13, 2026","Downtrend","Aug 12, 2026","1683996.8","48.4","30.17","-0.27","Moving Down","","",,="2/9","<1","false","Swing"
"BZ","KANZHUN LIMITED American Depository Shares","Communication","Internet Content & Information","15.78","59.55","Sell","Aug 13, 2026","Uptrend","Jul 13, 2026","3413670.83","49.62","9.75","-1.87","Moving Up","","",,="4/9","<1","false","Swing"
"CBRE","CBRE Group Inc Common Stock Class A","Real Estate","Real Estate Services","151.79","66.56","Sell","Aug 13, 2026","Uptrend","Jul 24, 2026","1607771.8","53.65","1.11","-2.12","Moving Down","","",,="5/9","<1","false","Swing"
"CNM","Core & Main, Inc. Class A Common Stock","Industrials","Industrial Distribution","44.46","47.19","Sell","Aug 13, 2026","Downtrend","Aug 20, 2026","1815720.9","-55.96","0.13","-1.83","Moving Down","","",,="2/9","<1","false","Swing"
"CNXC","Concentrix Corporation Common Stock","Technology","Information Technology Services","25.2","53.32","Sell","Aug 13, 2026","Uptrend","Aug 19, 2026","1256060.57","-53.25","6.47","-2.02","Moving Up","","",,="3/9","<1","false","Swing"
"CRNX","Crinetics Pharmaceuticals, Inc. Common Stock","Health Care","Biotechnology","84.69","65.08","Sell","Aug 13, 2026","Uptrend","Jun 26, 2026","3300121.93","313.13","2.91","0","Moving Down","","",,="5/9","<1","false","Swing"
"CZR","Caesars Entertainment, Inc. Common Stock","Discretionary","Resorts & Casinos","29.64","71.08","Sell","Aug 13, 2026","Neutral","Aug 13, 2026","3810816.9","-41.62","4.42","0.17","Moving Down","","",,="1/9","<1","false","Swing"
"DASH","DoorDash, Inc. Class A Common Stock","Discretionary","Internet Retail","222.36","80.1","Sell","Aug 13, 2026","Uptrend","Jul 28, 2026","4054394.2","187.28","3.78","0.97","Moving Up","","",,="4/9","<1","false","Swing"
"DXC","DXC Technology Company Common Stock ","Technology","Information Technology Services","10.7","73.29","Sell","Aug 13, 2026","Uptrend","Jul 24, 2026","3581397.8","-111.51","2.24","-1.38","Moving Down","","",,="2/9","<1","false","Swing"
"EFC","Ellington Financial Inc. Common Stock ","Real Estate","REIT - Mortgage","13.62","67.97","Buy","Aug 13, 2026","Uptrend","Aug 12, 2026","1129434.77","5.56","0.49","-0.66","Moving Up","","",,="6/9","<1","false","Swing"
"ELV","Elevance Health, Inc. Common Stock","Health Care","Healthcare Plans","396.28","67.57","Buy","Aug 13, 2026","Uptrend","Aug 12, 2026","1266368.87","3.35","0.27","-0.54","Moving Up","","",,="7/9","<1","false","Swing"
"EQNR","Equinor ASA","Energy","Oil & Gas Integrated","42.86","72.26","Buy","Aug 13, 2026","Uptrend","Jul 14, 2026","3433907.3","27.48","0.75","1.97","Moving Up","","",,="6/9","<1","false","Swing"
"EXPD","Expeditors International of Washington, Inc. Common Stock","Industrials","Integrated Freight & Logistics","186.4","85.14","Buy","Aug 13, 2026","Uptrend","May 05, 2026","1189052.4","-24.19","0.31","-0.02","Moving Up","","",,="5/9","<1","false","Swing"
"FA","First Advantage Corporation Common Stock","Industrials","Specialty Business Services","21.23","69.96","Sell","Aug 13, 2026","Uptrend","Apr 13, 2026","2430151.7","-13.55","0.26","0.43","Moving Down","","",,="3/9","<1","false","Swing"
"GILD","Gilead Sciences, Inc. Common Stock","Health Care","Drug Manufacturers - General","143.44","59.32","Buy","Aug 13, 2026","Uptrend","Aug 07, 2026","6353087.5","71.19","1.43","-2.82","Moving Up","","",,="7/9","<1","false","Swing"
"GMAB","Genmab A/S ADS","Health Care","Biotechnology","33.41","86.3","Buy","Aug 13, 2026","Uptrend","Jun 30, 2026","2544396.8","79.36","4.87","-2.05","Moving Up","","",,="6/9","<1","false","Swing"
"GPGI","GPGI, Inc. Class A Common Stock","Industrials","Metal Fabrication","12.79","27.3","Sell","Aug 13, 2026","Downtrend","Aug 12, 2026","1324953.03","-60.62","0.22","-2.07","Moving Up","","",,="3/9","<1","false","Swing"
"GPN","Global Payments Inc. Common Stock","Technology","Software - Infrastructure","92.28","92.7","Sell","Aug 13, 2026","Uptrend","Jun 29, 2026","3070328.5","-49.13","3.24","0.59","Moving Down","","",,="3/9","<1","false","Swing"
"HON","Honeywell International Inc. Common Stock","Industrials","Conglomerates","218.32","69.23","Sell","Aug 13, 2026","Downtrend","Aug 17, 2026","3122280.73","-46.43","0.13","-1.54","Moving Down","","",,="2/9","<1","false","Swing"
"HWM","Howmet Aerospace Inc. Common Stock","Industrials","Aerospace & Defense","273.64","60.38","Sell","Aug 13, 2026","Neutral","Aug 20, 2026","2012667.27","358.36","1","-3.47","Moving Down","","Positive",,="2/9","<1","false","Swing"
"IMVT","Immunovant, Inc. Common Stock","Health Care","Biotechnology","44.35","68.62","Buy","Aug 13, 2026","Uptrend","May 20, 2026","1007224.33","-146.75","0.14","-1.36","Moving Up","","",,="7/9","<1","false","Swing"
"IOT","Samsara Inc. Class A Common Stock","Technology","Software - Infrastructure","38.98","76.83","Sell","Aug 13, 2026","Uptrend","Jul 27, 2026","5167621.97","20.83","143.19","-0.56","Moving Down","","",,="3/9","<1","false","Swing"
"IR","Ingersoll Rand Inc. Common Stock","Industrials","Specialty Industrial Machinery","79.33","56.92","Sell","Aug 13, 2026","Downtrend","Aug 18, 2026","4149347.03","37.3","1.88","-2.23","Moving Down","","",,="2/9","<1","false","Swing"
"LNC","Lincoln National Corporation Common Stock","Financials","Insurance - Life","41.98","77.35","Sell","Aug 13, 2026","Uptrend","Jul 01, 2026","2046259.37","-28.34","2.63","-3.45","Moving Down","","",,="3/9","<1","false","Swing"
"LNG","Cheniere Energy, Inc. Common Stock","Energy","Oil & Gas Midstream","279.17","65.15","Buy","Aug 13, 2026","Uptrend","Jul 01, 2026","1630703.7","-84.68","0.34","1.78","Moving Up","","",,="7/9","<1","false","Swing"
"MTDR","Matador Resources Company Common Stock","Energy","Oil & Gas E&P","58.42","71.12","Buy","Aug 13, 2026","Uptrend","Aug 14, 2026","2059649.03","302.16","2.24","0.72","Moving Up","","",,="7/9","<1","false","Swing"
"NTRS","Northern Trust Corporation Common Stock","Financials","Asset Management","182.51","69.65","Buy","Aug 13, 2026","Uptrend","Apr 06, 2026","1075393.27","12.52","0.4","-1.56","Moving Down","","",,="4/9","<1","false","Swing"
"OTEX","Open Text Corporation Common Shares","Technology","Software - Application","24.6","79.39","Sell","Aug 13, 2026","Uptrend","Jul 27, 2026","1630585.43","0.14","3.05","0.37","Moving Down","","",,="3/9","<1","false","Swing"
"PGY","Pagaya Technologies Ltd. Class A Ordinary Shares","Technology","Software - Infrastructure","20.24","57.92","Sell","Aug 13, 2026","Uptrend","Jul 30, 2026","2797495.03","134.74","7.84","-1.12","Moving Up","","",,="4/9","<1","false","Swing"
"PPG","PPG Industries, Inc. Common Stock","Materials","Specialty Chemicals","112.44","67.73","Sell","Aug 13, 2026","Downtrend","Aug 12, 2026","1665154.87","-41.06","0.84","-1.3","Moving Down","","",,="3/9","<1","false","Swing"
"SMTC","Semtech Corporation Common Stock","Technology","Semiconductors","124.88","61.33","Buy","Aug 13, 2026","Neutral","Aug 19, 2026","2296167.1","183.71","4.27","-0.38","Moving Up","","",,="4/9","<1","false","Swing"
"SNOW","Snowflake Inc. Common Stock","Technology","Software - Application","321.29","65.05","Sell","Aug 13, 2026","Uptrend","May 15, 2026","4570854.47","116.96","6.07","-1.14","Moving Down","","",,="3/9","<1","false","Swing"
"ST","Sensata Technologies Holding plc Ordinary Shares","Technology","Scientific & Technical Instruments","41.93","69.82","Sell","Aug 13, 2026","Downtrend","Aug 13, 2026","1629084.63","-41.3","1.84","-1.96","Moving Down","","",,="2/9","<1","false","Swing"
"TJX","TJX Companies, Inc. (The) Common Stock","Discretionary","Apparel Retail","140.69","39.33","Sell","Aug 13, 2026","Downtrend","Aug 13, 2026","5321204.33","30.89","0.57","-2.64","Moving Down","","",,="2/9","<1","false","Swing"
"TSM","Taiwan Semiconductor Manufacturing Company Ltd.","Technology","Semiconductors","416","48.31","Buy","Aug 13, 2026","Neutral","Aug 18, 2026","13122534.47","124.49","0.55","0.95","Moving Up","","Positive",,="4/9","<1","false","Swing"
"UL","Unilever PLC American Depositary Shares (each representing One Ordinary Share)","Staples","Household & Personal Products","63.4","58.05","Sell","Aug 13, 2026","Uptrend","Aug 20, 2026","4395589.03","42.06","6.04","0.35","Moving Down","","",,="3/9","<1","false","Swing"
"VIPS","Vipshop Holdings Limited American Depositary Shares, each representing two ordinary shares","Discretionary","Internet Retail","14.3","43.14","Sell","Aug 13, 2026","Downtrend","Aug 17, 2026","1799451.77","43.34","43.58","-1.04","Moving Down","","",,="2/9","<1","false","Swing"
"VNT","Vontier Corporation Common Stock ","Technology","Scientific & Technical Instruments","32.81","53.03","Sell","Aug 13, 2026","Uptrend","Jul 24, 2026","1545144.4","34.85","1.35","-0.49","Moving Down","","",,="3/9","<1","false","Swing"
"ZG","Zillow Group, Inc. Class A Common Stock","Communication","Internet Content & Information","36.57","58.65","Sell","Aug 13, 2026","Uptrend","Aug 18, 2026","1304295.9","-48.47","1.43","-2.32","Moving Up","","",,="4/9","<1","false","Swing"
"AAL","American Airlines Group Inc. Common Stock","Industrials","Airlines","13.52","48.37","Sell","Aug 12, 2026","Downtrend","Aug 11, 2026","85137020.97","-26.31","6.95","-2.45","Moving Down","","",,="2/9","<1","false","Swing"
"AAP","Advance Auto Parts Inc.","Discretionary","Auto Parts","42.39","53.92","Sell","Aug 12, 2026","Downtrend","Aug 19, 2026","2038304.67","-6.08","38.19","-24.55","Moving Down","","Positive","true",="2/9","<1","false","Swing"
"ALB","Albemarle Corporation Common Stock","Materials","Specialty Chemicals","134.19","61.91","Buy","Aug 12, 2026","Neutral","Aug 17, 2026","2152787.9","145.12","4.95","-0.07","Moving Up","","",,="5/9","<1","false","Swing"
"ALKT","Alkami Technology, Inc. Common Stock","Technology","Software - Application","19.91","79.63","Sell","Aug 12, 2026","Uptrend","Jul 27, 2026","1256041.17","-3.44","0.22","-0.55","Moving Down","","",,="3/9","<1","false","Swing"
"ALL","Allstate Corporation (The) Common Stock","Financials","Insurance - Property & Casualty","254.54","75.84","Sell","Aug 12, 2026","Uptrend","Jun 09, 2026","1640008.37","21.01","0.4","-2","Moving Down","","",,="3/9","<1","false","Swing"
"AMCR","Amcor plc Ordinary Shares","Discretionary","Packaging & Containers","47.81","64.43","Sell","Aug 12, 2026","Uptrend","Jun 11, 2026","3726040.97","-47.89","0.57","0.76","Moving Up","","",,="4/9","<1","false","Swing"
"ARLO","Arlo Technologies, Inc. Common Stock","Industrials","Building Products & Equipment","13.04","39.73","Sell","Aug 12, 2026","Downtrend","Aug 19, 2026","1227149.53","-73.23","0.1","-3.91","Moving Down","","",,="2/9","<1","false","Swing"
"BEP","Brookfield Renewable Partners L.P. Limited Partnership Units","Utilities","Utilities - Renewable","32.92","67.32","Buy","Aug 12, 2026","Neutral","Aug 18, 2026","1034739.57","45.75","3.03","-1.79","Moving Up","","",,="5/9","<1","false","Swing"
"BSY","Bentley Systems, Incorporated Class B Common Stock","Technology","Software - Application","36.4","59.44","Sell","Aug 12, 2026","Uptrend","Jul 27, 2026","2641382.63","-38.87","0.75","1.34","Moving Down","","",,="3/9","<1","false","Swing"
"CDW","CDW Corporation Common Stock","Technology","Information Technology Services","133.54","65.45","Sell","Aug 12, 2026","Downtrend","Aug 20, 2026","1882506.87","-87.59","0.21","-2.67","Moving Down","","",,="2/9","<1","false","Swing"
"CLBT","Cellebrite DI Ltd. Ordinary Shares","Technology","Software - Infrastructure","11.31","13.97","Sell","Aug 12, 2026","Downtrend","Aug 13, 2026","3284323","-87.37","0.1","0.62","Moving Down","","",,="2/9","<1","false","Swing"
"CNH","CNH Industrial N.V. Common Shares","Industrials","Farm & Heavy Construction Machinery","10.95","52.26","Sell","Aug 12, 2026","Neutral","Aug 20, 2026","14065595.13","-57.08","0.17","6.41","Moving Up","","",,="2/9","<1","false","Swing"
"COGT","Cogent Biosciences, Inc. Common Stock","Health Care","Biotechnology","35.31","29.69","Sell","Aug 12, 2026","Downtrend","Aug 14, 2026","1844297","202.51","2.29","-4.18","Moving Down","","",,="4/9","<1","false","Swing"
"CTAS","Cintas Corporation Common Stock","Industrials","Specialty Business Services","203.52","77.14","Sell","Aug 12, 2026","Uptrend","Jul 02, 2026","2296323.97","35.53","0.38","0.22","Moving Down","","",,="2/9","<1","false","Swing"
"DG","Dollar General Corporation Common Stock","Staples","Discount Stores","120.58","60.02","Sell","Aug 12, 2026","Downtrend","Aug 20, 2026","2162298.77","28.4","7.5","-1.41","Moving Down","","",,="2/9","<1","false","Swing"
"DOW","Dow Inc. Common Stock ","Materials","Chemicals","32.9","67.39","Buy","Aug 12, 2026","Uptrend","Aug 17, 2026","9277471.73","-8.28","13.64","3.62","Moving Up","","",,="6/9","<1","false","Swing"
"EPAM","EPAM Systems, Inc. Common Stock","Technology","Information Technology Services","106.76","73.78","Sell","Aug 12, 2026","Uptrend","Aug 07, 2026","1523309.03","99.66","9.31","-0.57","Moving Down","","",,="3/9","<1","false","Swing"
"EXR","Extra Space Storage Inc Common Stock","Real Estate","REIT - Industrial","147.26","64.28","Sell","Aug 12, 2026","Neutral","Aug 18, 2026","1122888.37","21.85","1.36","-0.44","Moving Down","","",,="4/9","<1","false","Swing"
"EYE","National Vision Holdings, Inc. Common Stock","Discretionary","Specialty Retail","18.39","33.68","Sell","Aug 12, 2026","Downtrend","Aug 14, 2026","2040067.67","14.65","4.18","-2.8","Moving Down","","",,="2/9","<1","false","Swing"
"FORM","FormFactor, Inc. FormFactor, Inc. Common Stock","Technology","Semiconductor Equipment & Materials","115.71","82.33","Buy","Aug 12, 2026","Neutral","Aug 19, 2026","1271368.87","45.83","0.53","0.66","Moving Up","","",,="4/9","<1","false","Swing"
"GDS","GDS Holdings Limited ADS","Technology","Information Technology Services","32.85","48.66","Buy","Aug 12, 2026","Neutral","Aug 19, 2026","1806390.23","-78.65","1.78","-1.47","Moving Up","","",,="4/9","<1","false","Swing"
"GFL","GFL Environmental Inc. Subordinate voting shares, no par value","Industrials","Waste Management","41.17","69.63","Sell","Aug 12, 2026","Uptrend","Jul 01, 2026","2146847.23","-87.05","0.12","-0.84","Moving Down","","",,="2/9","<1","false","Swing"
"GIS","General Mills, Inc. Common Stock","Staples","Packaged Foods","39.61","82.59","Buy","Aug 12, 2026","Uptrend","Aug 07, 2026","8804810.73","-48.4","1.21","-0.95","Moving Up","","",,="5/9","<1","false","Swing"
"GLBE","Global-E Online Ltd. Ordinary Shares","Discretionary","Internet Retail","40.79","74.34","Sell","Aug 12, 2026","Uptrend","Jul 24, 2026","1480266.87","-95.15","0.03","-1.09","Moving Up","","",,="4/9","<1","false","Swing"
"GSK","GSK plc American Depositary Shares (Each representing two Ordinary Shares)","Health Care","Drug Manufacturers - General","51.96","38.29","Sell","Aug 12, 2026","Neutral","Aug 19, 2026","4181351.3","31.7","7.8","-1.74","Moving Up","","",,="5/9","<1","false","Swing"
"HOPE","Hope Bancorp, Inc. Common Stock","Financials","Banks - Regional","13.97","68.69","Sell","Aug 12, 2026","Uptrend","Jun 04, 2026","1010133.07","46.31","7.86","0","Moving Down","","",,="3/9","<1","false","Swing"
"ISRG","Intuitive Surgical, Inc. Common Stock","Health Care","Medical Instruments & Supplies","374.48","60.91","Buy","Aug 12, 2026","Neutral","Aug 20, 2026","3729297.93","61.64","2.27","-5.84","Moving Up","","",,="6/9","<1","false","Swing"
"KC","Kingsoft Cloud Holdings Limited American Depositary Shares","Technology","Software - Application","11.42","32.21","Sell","Aug 12, 2026","Uptrend","Aug 19, 2026","1559961.97","-4.8","0.22","-7.68","Moving Up","","",,="4/9","<1","false","Swing"
"KSS","Kohl's Corporation Common Stock","Discretionary","Department Stores","17.33","71.58","Sell","Aug 12, 2026","Neutral","Aug 20, 2026","3258079.93","-95.66","2.26","-8.01","Moving Down","","",,="2/9","<1","false","Swing"
"M","Macy's Inc Common Stock","Discretionary","Department Stores","22.58","62.31","Sell","Aug 12, 2026","Downtrend","Aug 14, 2026","4684271.87","-150.74","0.07","-3.5","Moving Down","","",,="2/9","<1","false","Swing"
"MA","Mastercard Incorporated Common Stock","Financials","Credit Services","573.85","84.08","Sell","Aug 12, 2026","Uptrend","Jun 26, 2026","2881589.2","3.55","0.11","0.02","Moving Down","","",,="2/9","<1","false","Swing"
"NWS","News Corporation Class B Common Stock","Communication","Entertainment","33.78","65.42","Sell","Aug 12, 2026","Uptrend","Jul 27, 2026","1073725.17","80.39","1.71","0.75","Moving Down","","",,="3/9","<1","false","Swing"
"OCUL","Ocular Therapeutix, Inc. Common Stock","Health Care","Biotechnology","11.09","73","Buy","Aug 12, 2026","Uptrend","Aug 11, 2026","2493791.47","-224.81","0.11","-5.46","Moving Up","","",,="6/9","<1","false","Swing"
"OMC","Omnicom Group Inc. Common Stock","Communication","Advertising Agencies","87.07","76.73","Buy","Aug 12, 2026","Uptrend","Jul 02, 2026","2847340.5","-80.92","0.05","-0.41","Moving Up","","",,="5/9","<1","false","Swing"
"ONON","On Holding AG Class A Ordinary Shares","Discretionary","Footwear & Accessories","29.9","21.61","Sell","Aug 12, 2026","Downtrend","Aug 11, 2026","7036663.83","-27.55","0.01","-4.35","Moving Down","","",,="2/9","<1","false","Swing"
"ONTO","Onto Innovation Inc. Common Stock","Technology","Semiconductor Equipment & Materials","298.84","71.78","Buy","Aug 12, 2026","Uptrend","Aug 11, 2026","1155949.53","-183.98","0.28","-0.22","Moving Up","","",,="5/9","<1","false","Swing"
"PCOR","Procore Technologies, Inc. Common Stock","Technology","Software - Application","63.28","78.23","Sell","Aug 12, 2026","Uptrend","Jul 27, 2026","3442829.43","-65.61","0.22","0.57","Moving Up","","",,="4/9","<1","false","Swing"
"PHG","Koninklijke Philips N.V. NY Registry Shares","Health Care","Medical Devices","27.5","56.02","Buy","Aug 12, 2026","Uptrend","Aug 11, 2026","1180988.23","-20.74","6.12","-0.43","Moving Up","","",,="7/9","<1","false","Swing"
"RYN","Rayonier Inc. REIT Common Stock","Real Estate","REIT - Specialty","21.28","67.2","Sell","Aug 12, 2026","Downtrend","Aug 20, 2026","2668570.03","-62.67","1.28","-0.88","Moving Down","","",,="3/9","<1","false","Swing"
"SFL","SFL Corporation Ltd","Industrials","Marine Shipping","12.52","83.23","Sell","Aug 12, 2026","Uptrend","Jul 15, 2026","1249931.37","84.59","9.68","-1.03","Moving Up","","",,="4/9","<1","false","Swing"
"SFNC","Simmons First National Corporation Class A Common Stock","Financials","Banks - Regional","22.98","65.03","Sell","Aug 12, 2026","Uptrend","Jun 04, 2026","1476268.9","-14.93","1.82","-0.3","Moving Down","","",,="3/9","<1","false","Swing"
"SM","SM Energy Company Common Stock","Energy","Oil & Gas E&P","37.64","59.45","Buy","Aug 12, 2026","Uptrend","Aug 10, 2026","3609842.1","251.4","2.82","4.15","Moving Up","","",,="7/9","<1","false","Swing"
"SRPT","Sarepta Therapeutics, Inc. Common Stock (DE)","Health Care","Biotechnology","19.22","69.69","Buy","Aug 12, 2026","Uptrend","Aug 11, 2026","3011970.7","-78.02","4.05","-2.58","Moving Up","","",,="6/9","<1","false","Swing"
"SRRK","Scholar Rock Holding Corporation Common Stock","Health Care","Biotechnology","55.25","49.15","Buy","Aug 12, 2026","Uptrend","Aug 11, 2026","1033053.5","-298.63","0.13","-2.23","Moving Up","","",,="7/9","<1","false","Swing"
"TOST","Toast, Inc. Class A Common Stock","Technology","Software - Infrastructure","35.32","82.91","Sell","Aug 12, 2026","Uptrend","Jun 25, 2026","9572611.9","156.27","4.24","0.46","Moving Up","","",,="3/9","<1","false","Swing"
"VALE","VALE S.A.  American Depositary Shares Each Representing one common share","Materials","Other Industrial Metals & Mining","14.23","46.43","Sell","Aug 12, 2026","Downtrend","Aug 11, 2026","21828560.77","-44.82","0.08","2.37","Moving Down","","",,="3/9","<1","false","Swing"
"YETI","YETI Holdings, Inc. Common Stock","Discretionary","Leisure","44","23.99","Sell","Aug 12, 2026","Downtrend","Aug 13, 2026","1587933.07","5.8","4","-0.18","Moving Down","","",,="2/9","<1","false","Swing"
"BBWI","Bath & Body Works, Inc.","Discretionary","Specialty Retail","19.64","59.67","Sell","Aug 11, 2026","Downtrend","Aug 19, 2026","5074743.7","198.37","15.09","-0.15","Moving Down","","",,="2/9","<1","false","Swing"
"BL","BlackLine, Inc. Common Stock","Technology","Software - Application","31.92","52.62","Sell","Aug 11, 2026","Uptrend","Aug 18, 2026","1048750.1","-74.73","3.58","1.56","Moving Up","","",,="3/9","<1","false","Swing"
"BMRN","BioMarin Pharmaceutical Inc. Common Stock","Health Care","Biotechnology","67.68","85.92","Buy","Aug 11, 2026","Uptrend","Jun 22, 2026","2040213","-21.7","2.86","-2.38","Moving Up","","",,="7/9","<1","false","Swing"
"CCEP","Coca-Cola Europacific Partners plc Ordinary Shares","Staples","Beverages - Non-Alcoholic","106.85","78.46","Sell","Aug 11, 2026","Uptrend","Jun 09, 2026","1914652.07","44.29","0.88","0.16","Moving Down","","",,="3/9","<1","false","Swing"
"CCJ","Cameco Corporation Common Stock","Energy","Uranium","95.59","53.16","Buy","Aug 11, 2026","Neutral","Aug 20, 2026","3326101.03","402.6","1.17","-2.44","Moving Up","","",,="6/9","<1","false","Swing"
"COMP","Compass, Inc. Class A Common Stock","Real Estate","Real Estate Services","11.92","60.48","Sell","Aug 11, 2026","Uptrend","Jun 12, 2026","11177086.53","338.53","3.97","-6.88","Moving Down","","",,="5/9","<1","false","Swing"
"CRK","Comstock Resources, Inc. Common Stock","Energy","Oil & Gas E&P","13.82","43.95","Buy","Aug 11, 2026","Neutral","Aug 17, 2026","2287138.27","-39.16","0.23","2.07","Moving Up","","",,="5/9","<1","false","Swing"
"DE","Deere & Company Common Stock","Industrials","Farm & Heavy Construction Machinery","620.94","64.27","Sell","Aug 11, 2026","Neutral","Aug 20, 2026","1072127.03","132.02","1.32","6.94","Moving Down","","Positive","true",="1/9","<1","false","Swing"
"DHR","Danaher Corporation Common Stock","Health Care","Diagnostics & Research","215.91","68.06","Buy","Aug 11, 2026","Uptrend","Jul 23, 2026","5579142.9","-4","0.32","2.09","Moving Up","","",,="7/9","<1","false","Swing"
"DVN","Devon Energy Corporation Common Stock","Energy","Oil & Gas E&P","49.3","65.05","Buy","Aug 11, 2026","Uptrend","Aug 10, 2026","10125690.9","-37.71","0.27","2.3","Moving Up","","",,="6/9","<1","false","Swing"
"FDX","FedEx Corporation Common Stock","Industrials","Integrated Freight & Logistics","326.04","47.84","Buy","Aug 11, 2026","Neutral","Aug 20, 2026","1501053.93","42.75","0.97","-0.71","Moving Up","","",,="4/9","<1","false","Swing"
"FWONK","Liberty Media Corporation Series C Liberty Formula One Common Stock","Communication","Entertainment","104.16","73.64","Buy","Aug 11, 2026","Uptrend","Jun 17, 2026","2016422.37","95.37","1.34","-0.65","Moving Up","","",,="4/9","<1","false","Swing"
"GRND","Grindr Inc. Common Stock","Technology","Software - Application","15.66","57.37","Sell","Aug 11, 2026","Neutral","Aug 19, 2026","1680462.77","224.79","4.87","0.45","Moving Up","","",,="3/9","<1","false","Swing"
"HAYW","Hayward Holdings, Inc. Common Stock","Industrials","Electrical Equipment & Parts","14.72","37.83","Sell","Aug 11, 2026","Downtrend","Aug 17, 2026","2781212.23","-60.04","0.13","-2.52","Moving Down","","",,="2/9","<1","false","Swing"
"KMB","Kimberly-Clark Corporation Common Stock","Staples","Household & Personal Products","108.69","81.77","Sell","Aug 11, 2026","Neutral","Aug 18, 2026","3477907.53","-27.89","0","-1.08","Moving Down","","",,="2/9","<1","false","Swing"
"LFST","LifeStance Health Group, Inc. Common Stock","Health Care","Medical Care Facilities","12.65","84.41","Buy","Aug 11, 2026","Uptrend","Jun 09, 2026","3752465.7","-44.61","0.18","-1.4","Moving Down","","",,="6/9","<1","false","Swing"
"LPTH","LightPath Technologies, Inc. Class A Common Stock","Technology","Electronic Components","13.02","56.78","Buy","Aug 11, 2026","Uptrend","Aug 10, 2026","2713974.03","499.48","0.96","-1.66","Moving Up","","",,="5/9","<1","false","Swing"
"LW","Lamb Weston Holdings, Inc. Common Stock ","Staples","Packaged Foods","53.47","82.5","Sell","Aug 11, 2026","Uptrend","Jul 01, 2026","1709018.8","-14.05","4.41","-0.72","Moving Down","","",,="3/9","<1","false","Swing"
"LYV","Live Nation Entertainment, Inc. Common Stock","Communication","Entertainment","182.02","68.65","Buy","Aug 11, 2026","Uptrend","Aug 03, 2026","1906509.83","5.74","0.09","-1.18","Moving Down","","",,="4/9","<1","false","Swing"
"NE","Noble Corporation plc A Ordinary Shares","Energy","Oil & Gas Drilling","46.98","71.82","Buy","Aug 11, 2026","Uptrend","Aug 10, 2026","1478864.6","-22.32","0.31","2.42","Moving Up","","",,="7/9","<1","false","Swing"
"NOG","Northern Oil and Gas, Inc. Common Stock","Energy","Oil & Gas E&P","26.91","84.01","Buy","Aug 11, 2026","Uptrend","Aug 07, 2026","2565887.47","89.94","8.85","3.26","Moving Up","","",,="6/9","<1","false","Swing"
"NWSA","News Corporation Class A Common Stock","Communication","Entertainment","29.65","67.54","Sell","Aug 11, 2026","Uptrend","Jul 24, 2026","3513853","64.71","1.77","0.68","Moving Up","","",,="4/9","<1","false","Swing"
"OXY","Occidental Petroleum Corporation Common Stock","Energy","Oil & Gas E&P","61.52","79.13","Buy","Aug 11, 2026","Uptrend","Aug 06, 2026","8251153.67","-15.32","0.24","2.38","Moving Up","","",,="7/9","<1","false","Swing"
"PAY","Paymentus Holdings, Inc. Class A Common Stock","Technology","Software - Infrastructure","38.42","69.2","Sell","Aug 11, 2026","Uptrend","Jun 30, 2026","1153734.23","243.58","4.97","-2.91","Moving Down","","",,="3/9","<1","false","Swing"
"RPD","Rapid7, Inc. Common Stock","Technology","Software - Infrastructure","11.845","80.92","Buy","Aug 11, 2026","Uptrend","Aug 04, 2026","2477166.9","-39.42","8.6","-2.95","Moving Up","","",,="5/9","<1","false","Swing"
"SBLK","Star Bulk Carriers Corp. Common Shares","Industrials","Marine Shipping","30.06","68.44","Sell","Aug 11, 2026","Uptrend","Jul 21, 2026","1305719.67","234.15","2.16","-0.36","Moving Up","","",,="4/9","<1","false","Swing"
"TRVI","Trevi Therapeutics, Inc. Common Stock","Health Care","Biotechnology","18.25","30.83","Sell","Aug 11, 2026","Uptrend","Jun 16, 2026","1992833.77","765.94","0.95","-2.98","Moving Down","","",,="5/9","<1","false","Swing"
"UBER","Uber Technologies, Inc. Common Stock","Technology","Software - Application","78.55","70.75","Buy","Aug 11, 2026","Uptrend","Aug 10, 2026","18921462.63","98.65","5","0.65","Moving Up","","",,="4/9","<1","false","Swing"
"UUUU","Energy Fuels Inc Ordinary Shares (Canada)","Energy","Uranium","13.9","56.76","Buy","Aug 11, 2026","Neutral","Aug 20, 2026","7010967.77","749.73","3.65","-6.4","Moving Up","","",,="6/9","<1","false","Swing"
"VOD","Vodafone Group Plc American Depositary Shares","Communication","Telecom Services","16.01","86.31","Sell","Aug 11, 2026","Uptrend","Jul 14, 2026","4726096.73","-3.99","7.6","-0.99","Moving Down","","",,="2/9","<1","false","Swing"
"WBD","Warner Bros. Discovery, Inc. Series A Common Stock ","Communication","Entertainment","28.23","57.31","Buy","Aug 11, 2026","Uptrend","Aug 10, 2026","22904648.1","146.52","49.57","-1.05","Moving Up","","",,="5/9","<1","false","Swing"
"AAOI","Applied Optoelectronics, Inc. Common Stock","Technology","Communication Equipment","129.1","63.89","Buy","Aug 10, 2026","Neutral","Aug 19, 2026","11329472.43","637.58","2.52","5.66","Moving Up","","",,="4/9","<1","false","Swing"
"AG","First Majestic Silver Corp. Ordinary Shares (Canada)","Materials","Silver","21.19","64.96","Buy","Aug 10, 2026","Uptrend","Aug 07, 2026","10064105.8","48.97","2.1","1.63","Moving Up","","",,="6/9","<1","false","Swing"
"AGI","Alamos Gold Inc. Class A Common Shares","Materials","Gold","36.69","66.55","Buy","Aug 10, 2026","Uptrend","Aug 07, 2026","4245272.53","342.17","1.79","2.66","Moving Up","","",,="6/9","<1","false","Swing"
"AJG","Arthur J. Gallagher & Co. Common Stock","Financials","Insurance Brokers","259.61","79.7","Sell","Aug 10, 2026","Uptrend","Jun 23, 2026","1303207.83","194.11","2.5","0.84","Moving Up","","",,="4/9","<1","false","Swing"
"AVTR","Avantor, Inc. Common Stock","Health Care","Medical Instruments & Supplies","14.25","74.53","Sell","Aug 10, 2026","Uptrend","May 27, 2026","10860159.97","-65.16","3.73","2.08","Moving Up","","",,="6/9","<1","false","Swing"
"BIIB","Biogen Inc. Common Stock","Health Care","Drug Manufacturers - General","214.35","57.97","Buy","Aug 10, 2026","Uptrend","Jul 29, 2026","1163159.9","-157.04","0.6","-3.25","Moving Up","","",,="7/9","<1","false","Swing"
"BWA","BorgWarner Inc. Common Stock","Discretionary","Auto Parts","64.8","54.3","Buy","Aug 10, 2026","Neutral","Aug 20, 2026","2210829.83","39.02","1.4","-2.16","Moving Down","","",,="3/9","<1","false","Swing"
"CALX","Calix, Inc Common Stock","Technology","Software - Infrastructure","40.38","47.24","Buy","Aug 10, 2026","Uptrend","Aug 11, 2026","1178357.4","-522.77","0.14","-0.42","Moving Up","","",,="4/9","<1","false","Swing"
"CCK","Crown Holdings, Inc.","Discretionary","Packaging & Containers","117.15","81.05","Sell","Aug 10, 2026","Uptrend","Jun 16, 2026","1002001.23","31.03","1.32","0.2","Moving Down","","",,="3/9","<1","false","Swing"
"CLS","Celestica, Inc. Common Stock","Technology","Electronic Components","302","41.02","Sell","Aug 10, 2026","Downtrend","Aug 14, 2026","2811040.4","-1372.56","0.29","0.21","Moving Down","","",,="2/9","<1","false","Swing"
"CRSP","CRISPR Therapeutics AG Common Shares","Health Care","Biotechnology","58.12","76.58","Buy","Aug 10, 2026","Uptrend","Aug 07, 2026","1602691.97","-28","8.13","-2.83","Moving Up","","",,="6/9","<1","false","Swing"
"DAN","Dana Incorporated Common Stock ","Discretionary","Auto Parts","30.75","73.13","Buy","Aug 10, 2026","Uptrend","Aug 10, 2026","1390600","133.56","6.31","-0.23","Moving Up","","",,="5/9","<1","false","Swing"
"DDOG","Datadog, Inc. Class A Common Stock","Technology","Software - Application","232.55","47.85","Sell","Aug 10, 2026","Downtrend","Aug 19, 2026","4704894.47","97.92","3.4","-0.42","Moving Down","","",,="2/9","<1","false","Swing"
"DOCU","DocuSign, Inc. Common Stock","Technology","Software - Application","62.28","88.96","Buy","Aug 10, 2026","Uptrend","Jul 24, 2026","2981673.8","-109.13","0.14","0.27","Moving Up","","Positive",,="5/9","<1","false","Swing"
"DRH","Diamondrock Hospitality Company Common Stock","Real Estate","REIT - Hotel & Motel","12.77","71.04","Sell","Aug 10, 2026","Neutral","Aug 12, 2026","2498047.47","-102.39","0.05","0.39","Moving Down","","",,="4/9","<1","false","Swing"
"ENTG","Entegris, Inc. Common Stock","Technology","Semiconductor Equipment & Materials","144.63","79.75","Buy","Aug 10, 2026","Uptrend","Aug 07, 2026","2663116.6","32.51","0.55","0.24","Moving Up","","",,="5/9","<1","false","Swing"
"FBP","First BanCorp. New Common Stock","Financials","Banks - Regional","28.22","81.44","Sell","Aug 10, 2026","Uptrend","Apr 01, 2026","1422851.3","112.06","1.48","-0.84","Moving Down","","",,="3/9","<1","false","Swing"
"FIS","Fidelity National Information Services, Inc. Common Stock","Technology","Information Technology Services","40.58","66.1","Sell","Aug 10, 2026","Downtrend","Aug 18, 2026","5837080.97","-83.1","2.74","-0.2","Moving Down","","",,="2/9","<1","false","Swing"
"FLR","Fluor Corporation Common Stock","Industrials","Engineering & Construction","52.16","62.54","Buy","Aug 10, 2026","Uptrend","Aug 07, 2026","2517920.83","3.82","0.05","-3.51","Moving Up","","",,="5/9","<1","false","Swing"
"FNF","Fidelity National Financial, Inc. Common Stock","Financials","Insurance - Specialty","47.44","59.11","Sell","Aug 10, 2026","Downtrend","Aug 11, 2026","1520095.2","-60.07","0.1","-2.02","Moving Down","","",,="2/9","<1","false","Swing"
"GBDC","Golub Capital BDC, Inc. Common Stock","Financials","Asset Management","13.21","80.31","Buy","Aug 10, 2026","Uptrend","Aug 06, 2026","1042072.27","-10.89","4.57","0.3","Moving Down","","",,="4/9","<1","false","Swing"
"GLNG","Golar Lng Ltd","Energy","Oil & Gas Midstream","52.14","58.74","Buy","Aug 10, 2026","Uptrend","Aug 07, 2026","1281700.77","-20.56","0.34","-0.19","Moving Up","","",,="7/9","<1","false","Swing"
"HSBC","HSBC Holdings, plc. Common Stock","Financials","Banks - Diversified","102.33","71.69","Sell","Aug 10, 2026","Uptrend","Jun 15, 2026","1282654.47","97.97","1.48","0.03","Moving Down","","",,="2/9","<1","false","Swing"
"HST","Host Hotels & Resorts, Inc. Common Stock","Real Estate","REIT - Hotel & Motel","23.09","48.09","Sell","Aug 10, 2026","Downtrend","Aug 10, 2026","9522445.27","-111.99","0.08","-0.26","Moving Down","","",,="4/9","<1","false","Swing"
"HUBS","HubSpot, Inc. Common Stock","Technology","Software - Application","239.86","60.43","Sell","Aug 10, 2026","Uptrend","Aug 18, 2026","1970722.33","52.51","2.14","-0.74","Moving Up","","",,="3/9","<1","false","Swing"
"INSM","Insmed Incorporated Common Stock","Health Care","Biotechnology","125.08","48.75","Buy","Aug 10, 2026","Uptrend","Aug 06, 2026","2835756.23","224.93","1.69","-4.27","Moving Up","","",,="7/9","<1","false","Swing"
"JD","JD.com, Inc. American Depositary Shares","Discretionary","Internet Retail","29.41","41.08","Sell","Aug 10, 2026","Downtrend","Aug 17, 2026","8789335.53","-102.17","0.97","0.2","Moving Down","","",,="2/9","<1","false","Swing"
"KD","Kyndryl Holdings, Inc. Common Stock","Technology","Information Technology Services","12.31","62.36","Sell","Aug 10, 2026","Downtrend","Aug 19, 2026","4296582.47","52.89","8.86","-0.57","Moving Down","","",,="2/9","<1","false","Swing"
"LASR","nLIGHT, Inc. Common Stock","Technology","Semiconductors","47.19","9.55","Sell","Aug 10, 2026","Downtrend","Aug 10, 2026","1246581.73","-551.5","0.08","-1.44","Moving Down","","",,="2/9","<1","false","Swing"
"LEN","Lennar Corporation Class A Common Stock","Discretionary","Residential Construction","85.42","60.66","Buy","Aug 10, 2026","Neutral","Aug 20, 2026","2341032.03","-151.14","0.08","-2.15","Moving Up","","",,="4/9","<1","false","Swing"
"MTG","MGIC Investment Corporation Common Stock","Financials","Insurance - Specialty","30.71","76.56","Sell","Aug 10, 2026","Uptrend","Jun 22, 2026","1679507.57","36.52","0.77","-0.55","Moving Down","","",,="3/9","<1","false","Swing"
"NCLH","Norwegian Cruise Line Holdings Ltd. Ordinary Shares","Discretionary","Travel Services","16.75","56.22","Sell","Aug 10, 2026","Downtrend","Aug 14, 2026","14072685.1","-11.28","12.21","-3.4","Moving Down","","",,="2/9","<1","false","Swing"
"NFLX","Netflix, Inc. Common Stock","Communication","Entertainment","80.14","56.99","Buy","Aug 10, 2026","Uptrend","Aug 18, 2026","41385472.37","46.41","2.62","-0.1","Moving Up","","",,="5/9","<1","false","Swing"
"ORCL","Oracle Corporation Common Stock","Technology","Software - Infrastructure","142.07","41.16","Buy","Aug 10, 2026","Neutral","Aug 17, 2026","32701787.63","163.65","2.55","-1.21","Moving Up","","",,="4/9","<1","false","Swing"
"ORI","Old Republic International Corporation Common Stock","Financials","Insurance - Property & Casualty","41.8","54.4","Sell","Aug 10, 2026","Neutral","Aug 20, 2026","1163852.07","-54.39","0.25","-0.19","Moving Down","","",,="1/9","<1","false","Swing"
"PBR","Petroleo Brasileiro S.A. Petrobras ADS","Energy","Oil & Gas Integrated","19.01","70.92","Sell","Aug 10, 2026","Uptrend","Aug 19, 2026","15329168.37","-22.67","0.14","2.54","Moving Down","","",,="4/9","<1","false","Swing"
"PLNT","Planet Fitness, Inc. Common Stock","Discretionary","Leisure","53.12","35.44","Sell","Aug 10, 2026","Downtrend","Aug 20, 2026","2086768.33","46.64","14.38","-1.54","Moving Up","","",,="3/9","<1","false","Swing"
"RCUS","Arcus Biosciences, Inc. Common Stock","Health Care","Biotechnology","29.52","69.3","Buy","Aug 10, 2026","Uptrend","Aug 07, 2026","1147860.4","20.91","41.9","-2.73","Moving Up","","",,="7/9","<1","false","Swing"
"ROIV","Roivant Sciences Ltd. Common Shares","Health Care","Biotechnology","36.84","48.28","Buy","Aug 10, 2026","Uptrend","Aug 04, 2026","5149843.57","28.29","0.28","-1.5","Moving Down","","",,="6/9","<1","false","Swing"
"RVMD","Revolution Medicines, Inc. Common Stock","Health Care","Biotechnology","211.735","56.65","Buy","Aug 10, 2026","Uptrend","Apr 13, 2026","1738352.57","272.3","1.29","-1.36","Moving Up","","",,="7/9","<1","false","Swing"
"RYAN","Ryan Specialty Holdings, Inc. Class A Common Stock","Financials","Insurance - Specialty","43.04","75.1","Sell","Aug 10, 2026","Uptrend","Aug 20, 2026","1930579.43","-25.21","1.22","1.97","Moving Up","","",,="4/9","<1","false","Swing"
"SSRM","SSR Mining Inc. Common Stock","Materials","Gold","36.83","79.71","Buy","Aug 10, 2026","Uptrend","Aug 07, 2026","3015484.9","-103.34","0.15","4.1","Moving Up","","",,="6/9","<1","false","Swing"
"SU","Suncor Energy  Inc. Common Stock","Energy","Oil & Gas Integrated","67.94","85.66","Sell","Aug 10, 2026","Uptrend","Aug 10, 2026","3727698.63","62.83","1.38","0.7","Moving Up","","",,="5/9","<1","false","Swing"
"SYM","Symbotic Inc. Class A Common Stock","Industrials","Specialty Industrial Machinery","41.46","32.06","Sell","Aug 10, 2026","Downtrend","Aug 10, 2026","1612251.4","-285.72","0.01","-1.33","Moving Up","","",,="3/9","<1","false","Swing"
"TWLO","Twilio Inc. Class A Common Stock","Technology","Software - Infrastructure","219.89","81.98","Buy","Aug 10, 2026","Uptrend","Aug 07, 2026","2326989.1","-2.07","75.84","-0.89","Moving Down","","",,="4/9","<1","false","Swing"
"TXG","10x Genomics, Inc. Class A Common Stock","Health Care","Health Information Services","63.87","87.11","Buy","Aug 10, 2026","Uptrend","May 20, 2026","3110830.93","7.05","4.55","2.7","Moving Up","","",,="7/9","<1","false","Swing"
"V","Visa Inc.","Financials","Credit Services","365.73","76.49","Sell","Aug 10, 2026","Uptrend","Jun 16, 2026","6916901.8","32.8","0.97","0.05","Moving Down","","",,="2/9","<1","false","Swing"
"VNO","Vornado Realty Trust Common Stock","Real Estate","REIT - Office","38.66","64.02","Sell","Aug 10, 2026","Neutral","Aug 19, 2026","1557938.03","-41.53","2.88","0.73","Moving Down","","",,="4/9","<1","false","Swing"
"VRTX","Vertex Pharmaceuticals Incorporated Common Stock","Health Care","Biotechnology","540.26","82.59","Buy","Aug 10, 2026","Uptrend","Aug 07, 2026","1317650","-136.39","0.18","-2.14","Moving Up","","",,="7/9","<1","false","Swing"
"WLK","Westlake Corporation Common Stock","Materials","Specialty Chemicals","78.85","65.02","Buy","Aug 10, 2026","Neutral","Aug 14, 2026","1054416.8","16.47","2.79","-0.76","Moving Up","","",,="5/9","<1","false","Swing"
"WTTR","Select Water Solutions, Inc. Class A common stock","Energy","Oil & Gas Equipment & Services","19.96","77.53","Buy","Aug 10, 2026","Uptrend","Aug 05, 2026","1723115.9","-47.63","0.29","-2.4","Moving Down","","",,="6/9","<1","false","Swing"
"XYZ","Block, Inc. Class A Common Stock,","Technology","Software - Infrastructure","80.08","65.56","Sell","Aug 10, 2026","Uptrend","Jun 16, 2026","4830025.93","101.18","11.2","-1.05","Moving Down","","Positive",,="3/9","<1","false","Swing"
"YOU","Clear Secure, Inc. Class A Common Stock","Technology","Software - Application","42.9","6.2","Sell","Aug 10, 2026","Downtrend","Aug 07, 2026","1508249.2","-99.39","0.18","-3.16","Moving Down","","",,="2/9","<1","false","Swing"
"ZLAB","Zai Lab Limited American Depositary Shares","Health Care","Biotechnology","26.02","99.28","Buy","Aug 10, 2026","Uptrend","Aug 07, 2026","1055355.2","-25.69","4.45","-2.62","Moving Up","","",,="7/9","<1","false","Swing"
"ZTS","Zoetis Inc. Class A Common Stock","Health Care","Drug Manufacturers - Specialty & Generic","75.02","52.31","Sell","Aug 10, 2026","Downtrend","Aug 07, 2026","6446084.03","-59.16","2.12","-2.16","Moving Up","","",,="5/9","<1","false","Swing"
"ACAD","ACADIA Pharmaceuticals Inc. Common Stock","Health Care","Biotechnology","29.04","74.19","Buy","Aug 07, 2026","Uptrend","Jun 22, 2026","1669254.9","86.42","12.71","-3.87","Moving Up","","",,="7/9","<1","false","Swing"
"ARE","Alexandria Real Estate Equities, Inc. Common Stock","Real Estate","REIT - Office","52.94","54","Sell","Aug 07, 2026","Neutral","Aug 19, 2026","1818413.83","74.62","6.7","4.73","Moving Up","","",,="4/9","<1","false","Swing"
"AXTI","AXT Inc Common Stock","Technology","Semiconductor Equipment & Materials","73.12","81.71","Buy","Aug 07, 2026","Uptrend","Aug 06, 2026","11521538","1176.69","2.7","-0.42","Moving Up","","",,="5/9","<1","false","Swing"
"BCE","BCE, Inc. Common Stock","Communication","Telecom Services","23.78","74.34","Buy","Aug 07, 2026","Uptrend","Aug 06, 2026","3355775.47","-32.23","3.61","0.34","Moving Up","","",,="5/9","<1","false","Swing"
"BRBR","BellRing Brands, Inc. Common Stock ","Staples","Packaged Foods","10.45","46.61","Sell","Aug 07, 2026","Downtrend","Aug 07, 2026","3900270.93","-32.11","6.33","-2.61","Moving Down","","",,="2/9","<1","false","Swing"
"CBSH","Commerce Bancshares, Inc. Common Stock","Financials","Banks - Regional","58.8","79.24","Sell","Aug 07, 2026","Uptrend","Jun 04, 2026","1057131.87","39.3","3.46","-0.12","Moving Down","","",,="3/9","<1","false","Swing"
"CLYM","Climb Bio, Inc. Common Stock","Health Care","Biotechnology","17.02","51.98","Buy","Aug 07, 2026","Uptrend","Aug 06, 2026","1142332.9","269.89","1.86","-1.85","Moving Up","","",,="7/9","<1","false","Swing"
"CMG","Chipotle Mexican Grill, Inc. Common Stock","Discretionary","Restaurants","35.29","43.77","Sell","Aug 07, 2026","Uptrend","Aug 20, 2026","18621815.03","79.29","2.22","1.82","Moving Up","","Positive",,="4/9","<1","false","Swing"
"CUBE","CubeSmart Common Shares","Real Estate","REIT - Industrial","41.18","68.02","Sell","Aug 07, 2026","Neutral","Aug 19, 2026","2147240.7","-54.98","0.14","-0.68","Moving Down","","",,="4/9","<1","false","Swing"
"EQX","Equinox Gold Corp. Common Shares","Materials","Gold","12.88","66.2","Buy","Aug 07, 2026","Uptrend","Aug 06, 2026","14145008.07","-8.53","0.11","1.74","Moving Up","","",,="6/9","<1","false","Swing"
"ET","Energy Transfer LP Common Units ","Energy","Oil & Gas Midstream","21.21","82.58","Buy","Aug 07, 2026","Uptrend","Jul 07, 2026","9392932.9","37.27","0.47","0.14","Moving Up","","Positive",,="7/9","<1","false","Swing"
"EW","Edwards Lifesciences Corporation Common Stock","Health Care","Medical Devices","89.83","58","Buy","Aug 07, 2026","Uptrend","Aug 06, 2026","4339719.87","-10.9","0.21","-2.65","Moving Up","","",,="7/9","<1","false","Swing"
"FHN","First Horizon Corporation Common Stock","Financials","Banks - Regional","24.68","57.62","Sell","Aug 07, 2026","Downtrend","Aug 20, 2026","5818207.03","18.75","0.77","-0.76","Moving Down","","",,="2/9","<1","false","Swing"
"FOUR","Shift4 Payments, Inc. Class A Common Stock","Technology","Software - Infrastructure","47.86","75.37","Sell","Aug 07, 2026","Neutral","Aug 20, 2026","1486127.6","-33.75","3.09","1.55","Moving Up","","",,="3/9","<1","false","Swing"
"FSK","FS KKR Capital Corp. Common Stock","Financials","Asset Management","11.91","89.74","Buy","Aug 07, 2026","Uptrend","Aug 03, 2026","2396086.83","-12.97","9.09","-1.24","Moving Down","","",,="4/9","<1","false","Swing"
"HL","Hecla Mining Company Common Stock","Materials","Other Precious Metals & Mining","20.82","63.8","Buy","Aug 07, 2026","Uptrend","Aug 06, 2026","41889898.53","-4.96","0.33","1.36","Moving Up","","",,="5/9","<1","false","Swing"
"HLF","Herbalife Ltd. Common Shares","Staples","Packaged Foods","12.15","44.04","Sell","Aug 07, 2026","Downtrend","Aug 06, 2026","1507468.53","-37.7","7.46","-2.41","Moving Up","","",,="3/9","<1","false","Swing"
"HOMB","Home BancShares, Inc. Common Stock","Financials","Banks - Regional","30.19","70.73","Sell","Aug 07, 2026","Uptrend","Jun 04, 2026","1706435.13","63.79","3.02","-0.72","Moving Down","","",,="3/9","<1","false","Swing"
"HP","Helmerich & Payne, Inc. Common Stock","Energy","Oil & Gas Drilling","44.1","73.64","Buy","Aug 07, 2026","Uptrend","Aug 06, 2026","1186997.6","-15.75","0.17","0.78","Moving Up","","",,="6/9","<1","false","Swing"
"IAG","Iamgold Corporation Ordinary Shares","Materials","Gold","20.5","66.59","Buy","Aug 07, 2026","Uptrend","Aug 06, 2026","5661641.2","2.94","0.01","3.96","Moving Up","","",,="6/9","<1","false","Swing"
"JHX","James Hardie Industries plc. Ordinary Shares","Materials","Building Materials","30.03","80.39","Buy","Aug 07, 2026","Uptrend","May 27, 2026","7130488.5","-93.99","0.14","-0.56","Moving Down","","",,="5/9","<1","false","Swing"
"KGC","Kinross Gold Corporation Common Stock","Materials","Gold","31.43","40.88","Buy","Aug 07, 2026","Uptrend","Aug 06, 2026","7552694.7","419.55","1.71","5.12","Moving Up","","",,="5/9","<1","false","Swing"
"KMT","Kennametal Inc. Common Stock","Industrials","Tools & Accessories","29.78","45.22","Sell","Aug 07, 2026","Downtrend","Aug 06, 2026","1398802.73","-16.91","0.7","-2.62","Moving Down","","",,="2/9","<1","false","Swing"
"LI","Li Auto Inc. American Depositary Shares","Discretionary","Auto Manufacturers","12.92","47.69","Sell","Aug 07, 2026","Downtrend","Aug 12, 2026","3222269.83","6.53","5.63","1.65","Moving Up","","",,="3/9","<1","false","Swing"
"LITE","Lumentum Holdings Inc. Common Stock","Technology","Communication Equipment","879.28","74.44","Buy","Aug 07, 2026","Uptrend","Aug 06, 2026","4868163.2","1078.69","3.02","6.24","Moving Up","","Positive",,="5/9","<1","false","Swing"
"LVS","Las Vegas Sands Corp. Common Stock","Discretionary","Resorts & Casinos","45.97","50.91","Sell","Aug 07, 2026","Downtrend","Aug 06, 2026","4920950.57","-1.21","95.91","-1.31","Moving Down","","",,="2/9","<1","false","Swing"
"MFC","Manulife Financial Corporation Common Stock","Financials","Insurance - Life","42.47","70.72","Sell","Aug 07, 2026","Uptrend","Jun 08, 2026","1978321.13","137","3.16","-2.19","Moving Down","","",,="3/9","<1","false","Swing"
"MUR","Murphy Oil Corporation Common Stock","Energy","Oil & Gas E&P","38.28","48.2","Sell","Aug 07, 2026","Neutral","Aug 19, 2026","1743957.5","2.41","0.11","3.82","Moving Up","","",,="4/9","<1","false","Swing"
"ORIC","Oric Pharmaceuticals, Inc. Common Stock","Health Care","Biotechnology","13.88","75.46","Buy","Aug 07, 2026","Uptrend","Jun 24, 2026","1538292.77","41.9","6.07","-5.26","Moving Down","","",,="6/9","<1","false","Swing"
"PGNY","Progyny, Inc. Common Stock","Health Care","Healthcare Plans","25.96","37.51","Sell","Aug 07, 2026","Downtrend","Aug 07, 2026","1116614.33","-50.93","3.07","1.68","Moving Up","","",,="5/9","<1","false","Swing"
"PINS","Pinterest, Inc. Class A Common Stock","Communication","Internet Content & Information","23.23","62.48","Sell","Aug 07, 2026","Uptrend","Jun 29, 2026","10683496.23","-102.33","1.76","-0.68","Moving Down","","",,="3/9","<1","false","Swing"
"PM","Philip Morris International Inc Common Stock","Staples","Tobacco","191.52","62.71","Sell","Aug 07, 2026","Uptrend","Aug 20, 2026","4901604.6","38.5","0.78","0.84","Moving Up","","",,="4/9","<1","false","Swing"
"PUK","Prudential Public Limited Company Common Stock","Financials","Insurance - Life","27.57","63.16","Sell","Aug 07, 2026","Downtrend","Aug 11, 2026","1103315.43","-22.42","2.87","-1.04","Moving Down","","",,="2/9","<1","false","Swing"
"RCI","Rogers Communication, Inc. Common Stock","Communication","Telecom Services","36.35","70.82","Buy","Aug 07, 2026","Uptrend","Aug 11, 2026","1201958","32.16","7.46","-0.49","Moving Up","","",,="5/9","<1","false","Swing"
"RDN","Radian Group Inc. Common Stock","Financials","Insurance - Specialty","36.66","59.24","Sell","Aug 07, 2026","Downtrend","Aug 10, 2026","1210672.5","-37.11","0.25","0.83","Moving Down","","",,="2/9","<1","false","Swing"
"REAL","The RealReal, Inc. Common Stock","Discretionary","Luxury Goods","11.65","35.25","Sell","Aug 07, 2026","Neutral","Aug 19, 2026","3172259.33","91.51","9.99","-1.1","Moving Up","","",,="2/9","<1","false","Swing"
"RLJ","RLJ Lodging Trust Common Shares of Beneficial Interest $0.01 par value","Real Estate","REIT - Hotel & Motel","11.48","61.26","Sell","Aug 07, 2026","Neutral","Aug 19, 2026","1792412.73","-74.11","1.46","1.23","Moving Up","","",,="5/9","<1","false","Swing"
"RVTY","Revvity, Inc. Common Stock","Health Care","Diagnostics & Research","124.13","83.73","Buy","Aug 07, 2026","Uptrend","May 06, 2026","1432829.9","-64.35","0.09","3.92","Moving Up","","",,="6/9","<1","false","Swing"
"SHO","Sunstone Hotel Investors, Inc. Sunstone Hotel Investors, Inc. Common Shares","Real Estate","REIT - Hotel & Motel","11.28","52.14","Sell","Aug 07, 2026","Neutral","Aug 20, 2026","2411916.9","-66.85","0.79","0.98","Moving Up","","",,="4/9","<1","false","Swing"
"SNN","Smith & Nephew SNATS, Inc. Common Stock","Health Care","Medical Devices","29.04","59.66","Sell","Aug 07, 2026","Downtrend","Aug 07, 2026","1625061.13","-74.58","1.52","-0.92","Moving Down","","",,="4/9","<1","false","Swing"
"SUI","Sun Communities, Inc. Common Stock","Real Estate","REIT - Residential","122.29","53.75","Sell","Aug 07, 2026","Uptrend","Aug 20, 2026","2213717.17","-35.17","1.16","0.19","Moving Up","","",,="5/9","<1","false","Swing"
"TRV","The Travelers Companies, Inc. Common Stock","Financials","Insurance - Property & Casualty","364.49","85.58","Sell","Aug 07, 2026","Uptrend","Jun 11, 2026","1969755.73","78.06","1.03","0.63","Moving Down","","",,="3/9","<1","false","Swing"
"TS","Tenaris S.A. American Depositary Shares","Energy","Oil & Gas Equipment & Services","52.68","42.91","Sell","Aug 07, 2026","Downtrend","Aug 06, 2026","1420379","62.36","1.07","-0.77","Moving Down","","",,="4/9","<1","false","Swing"
"TSN","Tyson Foods, Inc. Common Stock","Staples","Farm Products","58.4","58.46","Sell","Aug 07, 2026","Downtrend","Aug 10, 2026","2966512.1","-49.9","2.2","-0.26","Moving Down","","",,="2/9","<1","false","Swing"
"UEC","Uranium Energy Corp. Common Stock","Energy","Uranium","11.15","55.95","Buy","Aug 07, 2026","Uptrend","Aug 19, 2026","7603599.13","85.3","0.22","-4.13","Moving Up","","",,="7/9","<1","false","Swing"
"UTZ","Utz Brands Inc Class A Common Stock ","Staples","Packaged Foods","14.13","60.32","Sell","Aug 07, 2026","Uptrend","Jul 21, 2026","5275764.8","-26.17","6.56","-0.14","Moving Down","","",,="3/9","<1","false","Swing"
"VEEV","Veeva Systems Inc. Class A Common Stock","Health Care","Health Information Services","250.53","99.21","Buy","Aug 07, 2026","Uptrend","Jun 29, 2026","1623337.27","-127.67","0.11","-0.19","Moving Down","","",,="6/9","<1","false","Swing"
"ZGN","Ermenegildo Zegna N.V. Ordinary Shares","Discretionary","Apparel Manufacturing","13.63","28.03","Sell","Aug 07, 2026","Downtrend","Aug 14, 2026","1064738.47","-34.19","0.56","-1.02","Moving Up","","",,="3/9","<1","false","Swing"
"ADEA","Adeia Inc. Common Stock","Technology","Software - Application","26.96","50.37","Buy","Aug 06, 2026","Neutral","Aug 18, 2026","1124867.47","73.55","0.43","-1.93","Moving Up","","",,="4/9","<1","false","Swing"
"AEM","Agnico Eagle Mines Limited Common Stock","Materials","Gold","212.04","66.53","Buy","Aug 06, 2026","Uptrend","Aug 05, 2026","2800111.67","205.54","2.03","2.08","Moving Up","","",,="6/9","<1","false","Swing"
"AFL","AFLAC Incorporated Common Stock","Financials","Insurance - Life","116.17","50.11","Sell","Aug 06, 2026","Downtrend","Aug 19, 2026","1950338.27","27.34","0.53","-0.29","Moving Down","","",,="2/9","<1","false","Swing"
"AKR","Acadia Realty Trust Common Stock","Real Estate","REIT - Retail","21.03","50.11","Sell","Aug 06, 2026","Downtrend","Aug 06, 2026","1311644.03","-2.6","1.87","-0.71","Moving Down","","",,="4/9","<1","false","Swing"
"APPS","Digital Turbine, Inc. Common Stock","Technology","Software - Application","10.71","74.47","Buy","Aug 06, 2026","Uptrend","Aug 05, 2026","3556527","-625.85","0.02","-4.63","Moving Up","","",,="5/9","<1","false","Swing"
"ATI","ATI Inc. Common Stock","Industrials","Metal Fabrication","209.22","87.21","Buy","Aug 06, 2026","Uptrend","Aug 04, 2026","1488288.83","312.23","0.99","-3.13","Moving Up","","",,="5/9","<1","false","Swing"
"AU","AngloGold Ashanti PLC Ordinary Shares","Materials","Gold","115.14","57.72","Buy","Aug 06, 2026","Uptrend","Aug 05, 2026","2575580.47","-134","0.26","6.08","Moving Up","","",,="6/9","<1","false","Swing"
"BALL","Ball Corporation Common Stock","Discretionary","Packaging & Containers","62.61","45.84","Sell","Aug 06, 2026","Neutral","Aug 19, 2026","1830117.4","-56.41","0.05","-0.02","Moving Down","","",,="2/9","<1","false","Swing"
"BGC","BGC Group, Inc. Class A Common Stock","Financials","Capital Markets","10.88","42.9","Sell","Aug 06, 2026","Downtrend","Aug 18, 2026","2532153.33","-170.49","0.12","0.74","Moving Down","","",,="2/9","<1","false","Swing"
"BJ","BJ's Wholesale Club Holdings, Inc. Common Stock","Staples","Discount Stores","91.3","46.29","Sell","Aug 06, 2026","Downtrend","Aug 19, 2026","1625936.77","-76.05","0.11","-0.53","Moving Down","","",,="2/9","<1","false","Swing"
"CDE","Coeur Mining, Inc. Common Stock","Materials","Gold","21.11","54.09","Buy","Aug 06, 2026","Uptrend","Aug 07, 2026","34209795.3","-61.58","0.28","0.86","Moving Up","","",,="6/9","<1","false","Swing"
"CSGP","CoStar Group, Inc. Common Stock","Real Estate","Real Estate Services","32.26","70.19","Buy","Aug 06, 2026","Uptrend","Aug 13, 2026","7268258.47","-168.89","0.92","-4.36","Moving Up","","",,="7/9","<1","false","Swing"
"DIS","Walt Disney Company (The) Common Stock","Communication","Entertainment","107.32","63.16","Buy","Aug 06, 2026","Uptrend","Aug 05, 2026","10323386.7","30.35","7.24","0.36","Moving Up","","",,="5/9","<1","false","Swing"
"DYN","Dyne Therapeutics, Inc. Common Stock","Health Care","Biotechnology","25.98","61.63","Sell","Aug 06, 2026","Uptrend","Jun 15, 2026","2349047.47","217.45","4.72","-2.99","Moving Up","","",,="6/9","<1","false","Swing"
"ELS","Equity Lifestyle Properties, Inc. Common Stock","Real Estate","REIT - Residential","65.44","78.05","Sell","Aug 06, 2026","Uptrend","Aug 19, 2026","1552241.37","-76.75","0.07","-0.44","Moving Up","","",,="5/9","<1","false","Swing"
"ENOV","Enovis Corporation Common Stock","Health Care","Medical Devices","26.18","70.68","Sell","Aug 06, 2026","Neutral","Aug 19, 2026","1102780.2","-45.88","4.14","-1.21","Moving Down","","",,="4/9","<1","false","Swing"
"F","Ford Motor Company Common Stock","Discretionary","Auto Manufacturers","13.99","58.67","Sell","Aug 06, 2026","Downtrend","Aug 20, 2026","49114381.13","58.99","2.64","-3.52","Moving Down","","",,="2/9","<1","false","Swing"
"FUBO","FuboTV Inc. Class A Common Stock","Communication","Broadcasting","10.59","50.08","Buy","Aug 06, 2026","Uptrend","Aug 13, 2026","1654477.3","-51.97","7.86","2.52","Moving Up","","",,="5/9","<1","false","Swing"
"GFI","Gold Fields Limited American Depositary Shares","Materials","Gold","45.45","64.84","Buy","Aug 06, 2026","Uptrend","Aug 05, 2026","3607445.6","295.75","1.15","3.65","Moving Up","","",,="5/9","<1","false","Swing"
"GLPI","Gaming and Leisure Properties, Inc. Common Stock","Real Estate","REIT - Specialty","43.71","43.39","Sell","Aug 06, 2026","Downtrend","Aug 05, 2026","2469639.2","-7.55","0.19","1.89","Moving Down","","",,="4/9","<1","false","Swing"
"GO","Grocery Outlet Holding Corp. Common Stock","Staples","Grocery Stores","11.11","74.64","Buy","Aug 06, 2026","Uptrend","Aug 05, 2026","2567889.7","-2.28","112.84","-1.68","Moving Up","","",,="5/9","<1","false","Swing"
"IRDM","Iridium Communications Inc Common Stock","Communication","Telecom Services","48.45","66.94","Buy","Aug 06, 2026","Uptrend","Aug 05, 2026","1325886.03","83.41","2.83","-0.53","Moving Down","","",,="4/9","<1","false","Swing"
"KTOS","Kratos Defense & Security Solutions, Inc. Common Stock","Industrials","Aerospace & Defense","56.18","75.03","Buy","Aug 06, 2026","Uptrend","Aug 05, 2026","3863331.83","418.88","5.8","-7.23","Moving Up","","",,="5/9","<1","false","Swing"
"LOW","Lowe's Companies, Inc. Common Stock","Discretionary","Home Improvement Retail","217.34","59.19","Buy","Aug 06, 2026","Uptrend","Aug 19, 2026","2948067.3","18.19","0.57","-1.21","Moving Up","","",,="4/9","<1","false","Swing"
"NDAQ","Nasdaq, Inc. Common Stock","Financials","Financial Data & Stock Exchanges","97.55","67.45","Sell","Aug 06, 2026","Uptrend","Jul 10, 2026","3287092.17","142.18","2.1","1.25","Moving Down","","",,="2/9","<1","false","Swing"
"NEM","Newmont Corporation","Materials","Gold","127.64","67.43","Buy","Aug 06, 2026","Uptrend","Aug 05, 2026","7441896.7","137.89","1.74","2.05","Moving Up","","",,="5/9","<1","false","Swing"
"NESR","National Energy Services Reunited Corp Ordinary Shares","Energy","Oil & Gas Equipment & Services","32.72","81.25","Buy","Aug 06, 2026","Uptrend","Aug 04, 2026","2034383.23","204.62","2.58","-2.46","Moving Up","","Positive",,="7/9","<1","false","Swing"
"NTRA","Natera, Inc. Common Stock","Health Care","Diagnostics & Research","324.84","92.91","Buy","Aug 06, 2026","Uptrend","Jul 30, 2026","1243725.63","732.38","2.47","-0.07","Moving Up","","",,="7/9","<1","false","Swing"
"NVDA","NVIDIA Corporation Common Stock","Technology","Semiconductors","216.85","58.77","Buy","Aug 06, 2026","Uptrend","Aug 05, 2026","118015011.73","214.71","0.16","-0.33","Moving Down","","","true",="4/9","<1","false","Swing"
"NYT","New York Times Company (The) Common Stock","Communication","Publishing","65.3","20.58","Sell","Aug 06, 2026","Downtrend","Aug 05, 2026","2031640.77","-19.98","0.32","-1","Moving Down","","",,="2/9","<1","false","Swing"
"PAA","Plains All American Pipeline, L.P. Common Units representing Limited Partner Interests","Energy","Oil & Gas Midstream","24.59","65.17","Sell","Aug 06, 2026","Uptrend","Aug 18, 2026","2464322.3","74.8","2.49","2.5","Moving Up","","",,="6/9","<1","false","Swing"
"PAAS","Pan American Silver Corp. Common Stock","Materials","Gold","51.92","64.74","Buy","Aug 06, 2026","Uptrend","Aug 19, 2026","3980323.73","-142.72","0.16","3.22","Moving Up","","",,="6/9","<1","false","Swing"
"PANW","Palo Alto Networks, Inc. Common Stock","Technology","Software - Infrastructure","349.56","83.06","Buy","Aug 06, 2026","Uptrend","Apr 16, 2026","5738317.6","-23.68","0.37","-2.84","Moving Down","","",,="4/9","<1","false","Swing"
"PEGA","Pegasystems Inc. Common Stock","Technology","Software - Application","33.61","60.48","Buy","Aug 06, 2026","Uptrend","Aug 18, 2026","3043471.47","-103.98","0.55","-0.65","Moving Up","","",,="5/9","<1","false","Swing"
"PRU","Prudential Financial, Inc. Common Stock","Financials","Insurance - Life","120.59","88.82","Sell","Aug 06, 2026","Uptrend","May 05, 2026","1719443.7","16.62","1.15","-1.33","Moving Down","","",,="3/9","<1","false","Swing"
"PWR","Quanta Services, Inc. Common Stock","Industrials","Engineering & Construction","662.47","54.69","Buy","Aug 06, 2026","Neutral","Aug 20, 2026","1100191.37","1459.57","2.43","-2.21","Moving Up","","",,="4/9","<1","false","Swing"
"QMCO","Quantum Corporation Common Stock","Technology","Computer Hardware","20.49","65.64","Buy","Aug 06, 2026","Uptrend","Aug 05, 2026","1887117.2","-57.62","5.32","-5.97","Moving Up","","",,="5/9","<1","false","Swing"
"RGEN","Repligen Corporation Common Stock","Health Care","Medical Instruments & Supplies","180.29","87.97","Buy","Aug 06, 2026","Uptrend","Jul 28, 2026","1191564.93","-195.16","0.11","2.23","Moving Up","","",,="6/9","<1","false","Swing"
"SHOP","Shopify Inc. Class A Subordinate Voting Shares","Technology","Software - Application","147.18","91.15","Buy","Aug 06, 2026","Uptrend","Aug 04, 2026","9724151.9","-52.48","0.14","0.41","Moving Down","","",,="4/9","<1","false","Swing"
"SKM","SK Telecom Co., Ltd. Common Stock","Communication","Telecom Services","38.31","72.17","Buy","Aug 06, 2026","Uptrend","Aug 12, 2026","2382547.47","154.05","6.46","-1.11","Moving Up","","",,="5/9","<1","false","Swing"
"SWKS","Skyworks Solutions, Inc. Common Stock","Technology","Semiconductors","67.94","79.42","Buy","Aug 06, 2026","Uptrend","Aug 05, 2026","5319853.33","55.59","7.84","-0.79","Moving Up","","",,="5/9","<1","false","Swing"
"TER","Teradyne, Inc. Common Stock","Technology","Semiconductor Equipment & Materials","383.15","76.57","Buy","Aug 06, 2026","Uptrend","Aug 11, 2026","3334813.03","127.3","0.82","0.92","Moving Up","","",,="5/9","<1","false","Swing"
"TREX","Trex Company, Inc. Common Stock","Industrials","Building Products & Equipment","47.3","79.07","Buy","Aug 06, 2026","Uptrend","Aug 05, 2026","2167358.1","166.15","110.53","-2.05","Moving Up","","",,="5/9","<1","false","Swing"
"TVTX","Travere Therapeutics, Inc. Common Stock","Health Care","Biotechnology","64.46","60.21","Buy","Aug 06, 2026","Uptrend","Apr 13, 2026","1486322.43","394.08","3.53","-2.27","Moving Up","","",,="7/9","<1","false","Swing"
"TWST","Twist Bioscience Corporation Common Stock","Health Care","Diagnostics & Research","136.33","90.2","Buy","Aug 06, 2026","Uptrend","Jul 31, 2026","1546294.8","-20.67","5.09","-4.26","Moving Up","","",,="6/9","<1","false","Swing"
"YELP","Yelp Inc. Common Stock","Communication","Internet Content & Information","23.6","41.28","Sell","Aug 06, 2026","Downtrend","Aug 10, 2026","1041113.2","-68.39","0.51","-1.46","Moving Down","","",,="2/9","<1","false","Swing"
"YPF","YPF Sociedad Anonima Common Stock","Energy","Oil & Gas Integrated","50.92","43.01","Sell","Aug 06, 2026","Uptrend","Aug 17, 2026","1163401.53","199.91","1.63","1.72","Moving Up","","",,="6/9","<1","false","Swing"
"AEHR","Aehr Test Systems Common Stock","Technology","Semiconductor Equipment & Materials","105.97","71.28","Buy","Aug 05, 2026","Uptrend","Aug 04, 2026","3102026.53","3288.68","1.95","-1.84","Moving Up","","",,="5/9","<1","false","Swing"
"ALC","Alcon Inc. Ordinary Shares","Health Care","Medical Instruments & Supplies","72.93","85.73","Buy","Aug 05, 2026","Uptrend","Jul 28, 2026","2164009.2","-25.96","1.24","-1.79","Moving Down","","",,="6/9","<1","false","Swing"
"AVAV","AeroVironment, Inc. Common Stock","Industrials","Aerospace & Defense","159.79","72.41","Buy","Aug 05, 2026","Neutral","Aug 20, 2026","1268528.63","217.15","4.24","-7.5","Moving Down","","",,="3/9","<1","false","Swing"
"B","Barrick Mining Corporation Common Shares","Materials","Gold","46.27","61.36","Buy","Aug 05, 2026","Uptrend","Aug 04, 2026","9759352.37","76.85","1.26","2.53","Moving Up","","Positive",,="6/9","<1","false","Swing"
"BRKR","Bruker Corporation Common Stock","Health Care","Medical Devices","59.92","69.68","Sell","Aug 05, 2026","Neutral","Aug 10, 2026","2197132.57","48.74","9","2.17","Moving Up","","",,="5/9","<1","false","Swing"
"CLX","Clorox Company (The) Common Stock","Staples","Household & Personal Products","106.04","80.21","Buy","Aug 05, 2026","Uptrend","Aug 03, 2026","2584840.9","-69.19","1.28","-1.72","Moving Down","","",,="3/9","<1","false","Swing"
"COO","The Cooper Companies, Inc. Common Stock","Health Care","Medical Instruments & Supplies","76.16","74.48","Buy","Aug 05, 2026","Uptrend","Jun 23, 2026","1830175.73","12.25","9.49","-0.74","Moving Up","","",,="7/9","<1","false","Swing"
"CPB","The Campbell's Company Common Stock","Staples","Packaged Foods","23.77","63.92","Buy","Aug 05, 2026","Uptrend","Aug 03, 2026","5600098.47","-117.6","1.37","-0.17","Moving Up","","",,="5/9","<1","false","Swing"
"ETN","Eaton Corporation, PLC Ordinary Shares","Industrials","Specialty Industrial Machinery","415.29","66.17","Buy","Aug 05, 2026","Neutral","Aug 20, 2026","2193373.93","138.1","0.89","-2.21","Moving Down","","",,="3/9","<1","false","Swing"
"FSM","Fortuna Mining Corp. Common Shares","Materials","Gold","11.9","69.9","Buy","Aug 05, 2026","Uptrend","Aug 04, 2026","5543180.3","-122.71","0.21","2.32","Moving Up","","",,="6/9","<1","false","Swing"
"HBM","Hudbay Minerals Inc. Ordinary Shares (Canada)","Materials","Copper","28.15","75.91","Buy","Aug 05, 2026","Uptrend","Aug 04, 2026","4163746.93","-614.46","0.15","2.48","Moving Up","","",,="5/9","<1","false","Swing"
"HLX","Helix Energy Solutions Group, Inc. Common Stock","Energy","Oil & Gas Equipment & Services","10.46","63.36","Buy","Aug 05, 2026","Uptrend","Aug 06, 2026","1377342.83","0.41","0.13","0.29","Moving Up","","",,="7/9","<1","false","Swing"
"MET","MetLife, Inc. Common Stock","Financials","Insurance - Life","93.46","82.75","Sell","Aug 05, 2026","Uptrend","Apr 08, 2026","3598436.67","36.59","1.12","-1.73","Moving Down","","",,="3/9","<1","false","Swing"
"MGNI","Magnite, Inc. Common Stock","Communication","Advertising Agencies","23.35","80.14","Buy","Aug 05, 2026","Uptrend","May 21, 2026","2607100.43","225.71","4.78","-2.1","Moving Up","","",,="5/9","<1","false","Swing"
"NTAP","NetApp, Inc. Common Stock","Technology","Software - Infrastructure","192.81","77.62","Buy","Aug 05, 2026","Uptrend","Apr 17, 2026","2391453.07","114.71","1.37","-0.86","Moving Down","","",,="4/9","<1","false","Swing"
"PFGC","Performance Food Group Company Common Stock","Staples","Food Distribution","103.98","31.4","Sell","Aug 05, 2026","Downtrend","Aug 13, 2026","1767667.6","36.39","0.36","0.62","Moving Down","","",,="2/9","<1","false","Swing"
"PLD","Prologis, Inc. Common Stock","Real Estate","REIT - Industrial","140.68","50.61","Sell","Aug 05, 2026","Downtrend","Aug 04, 2026","4694899.43","76.88","3.39","-0.44","Moving Down","","",,="4/9","<1","false","Swing"
"PRGO","Perrigo Company plc Ordinary Shares","Health Care","Drug Manufacturers - Specialty & Generic","13.7","86.71","Buy","Aug 05, 2026","Uptrend","Aug 04, 2026","2874114.67","-77.18","2.74","-1.86","Moving Up","","",,="7/9","<1","false","Swing"
"REXR","Rexford Industrial Realty, Inc. Common Stock","Real Estate","REIT - Industrial","37.05","61.72","Sell","Aug 05, 2026","Uptrend","Aug 19, 2026","2805154.73","69.07","18.04","-1.36","Moving Down","","",,="5/9","<1","false","Swing"
"SBRA","Sabra Health Care REIT, Inc. Common Stock","Real Estate","REIT - Healthcare Facilities","20.53","55.31","Sell","Aug 05, 2026","Neutral","Aug 19, 2026","2785744.97","-33.15","0.07","-0.05","Moving Down","","",,="4/9","<1","false","Swing"
"SBSW","D/B/A Sibanye-Stillwater Limited ADS","Materials","Other Precious Metals & Mining","11.82","72.52","Buy","Aug 05, 2026","Uptrend","Aug 04, 2026","4734494.33","-122.6","0.08","1.98","Moving Up","","",,="5/9","<1","false","Swing"
"SE","Sea Limited American Depositary Shares, each representing one Class A Ordinary Share","Discretionary","Internet Retail","117.24","85.95","Buy","Aug 05, 2026","Uptrend","Jun 26, 2026","4908554.47","22.76","0.35","-1.56","Moving Down","","",,="4/9","<1","false","Swing"
"SGRY","Surgery Partners, Inc. Common Stock","Health Care","Medical Care Facilities","13.94","59.03","Sell","Aug 05, 2026","Downtrend","Aug 11, 2026","1950528.7","-88.73","3.04","2.5","Moving Down","","",,="4/9","<1","false","Swing"
"SMCI","Super Micro Computer, Inc. Common Stock","Technology","Computer Hardware","36.5","68.23","Buy","Aug 05, 2026","Uptrend","Aug 07, 2026","51745595.83","115.9","0.23","-0.22","Moving Up","","Negative",,="5/9","<1","false","Swing"
"SMG","Scotts Miracle-Gro Company (The) Common Stock","Materials","Agricultural Inputs","61.13","52.48","Sell","Aug 05, 2026","Downtrend","Aug 06, 2026","1037919.6","182.78","16.05","0","Moving Down","","",,="3/9","<1","false","Swing"
"SPG","Simon Property Group, Inc. Common Stock","Real Estate","REIT - Retail","219.9","57.74","Sell","Aug 05, 2026","Downtrend","Aug 20, 2026","1322875.3","73.26","3.08","-1.47","Moving Down","","",,="4/9","<1","false","Swing"
"W","Wayfair Inc. Class A Common Stock","Discretionary","Internet Retail","103.31","74.64","Buy","Aug 05, 2026","Uptrend","Jul 27, 2026","3489709.93","19.48","6.28","-4.17","Moving Up","","",,="5/9","<1","false","Swing"
"WKC","World Kinect Corporation Common Stock","Energy","Oil & Gas Refining & Marketing","35.92","79.16","Sell","Aug 05, 2026","Neutral","Aug 17, 2026","1296857.4","-0.36","109.76","-1.56","Moving Down","","",,="4/9","<1","false","Swing"
"WPC","W. P. Carey Inc. REIT","Real Estate","REIT - Diversified","72.01","54.78","Sell","Aug 05, 2026","Downtrend","Aug 05, 2026","1243685.2","7.7","19.66","0.08","Moving Down","","",,="4/9","<1","false","Swing"
"WPM","Wheaton Precious Metals Corp Common Shares (Canada)","Materials","Gold","150.25","85","Buy","Aug 05, 2026","Uptrend","Aug 05, 2026","1960436.2","79.13","1.16","1.91","Moving Up","","",,="6/9","<1","false","Swing"
"ZIM","ZIM Integrated Shipping Services Ltd. Ordinary Shares","Industrials","Marine Shipping","27.16","52.2","Buy","Aug 05, 2026","Uptrend","Aug 12, 2026","1634767.1","-57.95","0.18","-0.91","Moving Down","","",,="4/9","<1","false","Swing"
"AAPL","Apple Inc. Common Stock","Technology","Consumer Electronics","311.3","45.25","Sell","Aug 04, 2026","Neutral","Aug 18, 2026","49883054.8","97.87","0.78","-1.75","Moving Down","","",,="2/9","<1","false","Swing"
"AES","The AES Corporation Common Stock","Utilities","Utilities - Diversified","14.77","57.65","Sell","Aug 04, 2026","Neutral","Aug 20, 2026","6354310.03","73.06","13.72","0.48","Moving Up","","",,="4/9","<1","false","Swing"
"APO","Apollo Global Management, Inc. (New) Common Stock","Financials","Asset Management","129.98","77.02","Buy","Aug 04, 2026","Uptrend","Aug 03, 2026","3995722.43","124.28","1.81","-2.73","Moving Down","","",,="4/9","<1","false","Swing"
"AWK","American Water Works Company, Inc. Common Stock","Utilities","Utilities - Regulated Water","137.21","59.72","Sell","Aug 04, 2026","Uptrend","Aug 04, 2026","2213733.03","-1.17","0.29","-1.08","Moving Down","","",,="3/9","<1","false","Swing"
"AXGN","Axogen, Inc. Common Stock","Health Care","Medical Devices","46.44","59.08","Buy","Aug 04, 2026","Uptrend","Aug 03, 2026","1076477.73","120.38","1.98","-5.09","Moving Up","","",,="7/9","<1","false","Swing"
"BTI","British American Tobacco  Industries, p.l.c. Common Stock ADR","Staples","Tobacco","56.7","27.55","Sell","Aug 04, 2026","Downtrend","Aug 03, 2026","4160926.4","7.41","0.4","1.29","Moving Down","","",,="2/9","<1","false","Swing"
"CF","CF Industries Holdings, Inc. Common Stock","Materials","Agricultural Inputs","125.7","55.92","Sell","Aug 04, 2026","Uptrend","Aug 20, 2026","2220549.27","216.91","3.62","5.61","Moving Down","","",,="4/9","<1","false","Swing"
"CRGY","Crescent Energy Company Class A Common Stock","Energy","Oil & Gas E&P","13.81","88.88","Buy","Aug 04, 2026","Uptrend","Jul 29, 2026","5765137.47","-10.39","0.25","2.83","Moving Up","","",,="7/9","<1","false","Swing"
"DUK","Duke Energy Corporation (Holding Company) Common Stock","Utilities","Utilities - Regulated Electric","122.69","41.78","Sell","Aug 04, 2026","Downtrend","Aug 04, 2026","4156149.2","1.32","0.05","-0.74","Moving Down","","",,="3/9","<1","false","Swing"
"EIX","Edison International Common Stock","Utilities","Utilities - Regulated Electric","74.66","54.95","Sell","Aug 04, 2026","Neutral","Aug 18, 2026","3031938.8","31.4","11.78","1.66","Moving Up","","",,="4/9","<1","false","Swing"
"EMBJ","Embraer S.A. Common Stock","Industrials","Aerospace & Defense","75.08","80.65","Buy","Aug 04, 2026","Uptrend","Jun 17, 2026","1203215.37","217.5","2.1","-3.43","Moving Up","","",,="5/9","<1","false","Swing"
"EMN","Eastman Chemical Company Common Stock","Materials","Specialty Chemicals","73.79","78.64","Buy","Aug 04, 2026","Uptrend","Aug 03, 2026","1132356.23","-32.92","0.18","-1.82","Moving Up","","",,="5/9","<1","false","Swing"
"ESTC","Elastic N.V. Ordinary Shares","Technology","Software - Application","85.9","92.33","Buy","Aug 04, 2026","Uptrend","Jul 27, 2026","2036767.6","-52.72","3.1","-1.65","Moving Down","","",,="4/9","<1","false","Swing"
"HIG","The Hartford Insurance Group, Inc. Common Stock","Financials","Insurance - Diversified","137.12","45.87","Sell","Aug 04, 2026","Downtrend","Aug 19, 2026","1527090.4","66.7","1.41","-0.3","Moving Down","","",,="2/9","<1","false","Swing"
"HR","Healthcare Realty Trust Incorporated Common Stock","Real Estate","REIT - Healthcare Facilities","19.41","42.38","Sell","Aug 04, 2026","Downtrend","Aug 05, 2026","3628028.9","-74.5","1.33","0.47","Moving Down","","",,="4/9","<1","false","Swing"
"LQDA","Liquidia Corporation Common Stock","Health Care","Drug Manufacturers - Specialty & Generic","71.05","24.36","Sell","Aug 04, 2026","Downtrend","Aug 18, 2026","1571719.43","1513.09","3.66","-5.68","Moving Down","","",,="4/9","<1","false","Swing"
"MAR","Marriott International Class A Common Stock","Discretionary","Lodging","356.6","44.76","Sell","Aug 04, 2026","Downtrend","Aug 03, 2026","1598275.47","-2","0.35","-0.93","Moving Up","","",,="3/9","<1","false","Swing"
"MDB","MongoDB, Inc. Class A Common Stock","Technology","Software - Infrastructure","420.37","77.51","Buy","Aug 04, 2026","Uptrend","Aug 03, 2026","1454789.93","-24.75","0.3","-4.58","Moving Down","","",,="4/9","<1","false","Swing"
"NBIX","Neurocrine Biosciences, Inc. Common Stock","Health Care","Drug Manufacturers - Specialty & Generic","152.93","22.37","Sell","Aug 04, 2026","Downtrend","Aug 04, 2026","1334977.4","-65.96","0.13","-1.68","Moving Down","","",,="4/9","<1","false","Swing"
"NEO","NeoGenomics, Inc. Common Stock","Health Care","Diagnostics & Research","16.53","82.19","Buy","Aug 04, 2026","Uptrend","May 20, 2026","2604721","-43.45","3.5","-0.75","Moving Up","","",,="7/9","<1","false","Swing"
"NEOG","Neogen Corporation Common Stock","Health Care","Medical Devices","11.83","78.89","Buy","Aug 04, 2026","Uptrend","Jul 30, 2026","2078633.97","-20.62","9.81","-2.63","Moving Down","","",,="6/9","<1","false","Swing"
"NOMD","Nomad Foods Limited Ordinary Shares","Staples","Packaged Foods","11.61","64.08","Sell","Aug 04, 2026","Neutral","Aug 17, 2026","1722373.37","-11","18.02","-2.76","Moving Up","","",,="3/9","<1","false","Swing"
"NSC","Norfolk Southern Corporation Common Stock","Industrials","Railroads","346.62","70.88","Sell","Aug 04, 2026","Uptrend","Jun 29, 2026","1126555.67","127.29","3.91","0.26","Moving Up","","",,="4/9","<1","false","Swing"
"O","Realty Income Corporation Common Stock","Real Estate","REIT - Retail","63.17","66.35","Sell","Aug 04, 2026","Neutral","Aug 20, 2026","5006428.83","-2.82","1.98","0.35","Moving Down","","",,="4/9","<1","false","Swing"
"OHI","Omega Healthcare Investors, Inc. Common Stock","Real Estate","REIT - Healthcare Facilities","46.75","39.92","Sell","Aug 04, 2026","Downtrend","Aug 07, 2026","1865820.87","-27.2","0.16","-0.36","Moving Down","","",,="4/9","<1","false","Swing"
"P","Everpure, Inc. Class A common stock","Technology","Computer Hardware","109.98","97.24","Buy","Aug 04, 2026","Uptrend","Aug 03, 2026","2778247.27","669.59","3.09","-1.8","Moving Up","","",,="5/9","<1","false","Swing"
"PCG","Pacific Gas & Electric Co. Common Stock","Utilities","Utilities - Regulated Electric","17.96","63.82","Sell","Aug 04, 2026","Uptrend","Aug 14, 2026","23094822.03","86.54","3.73","1.76","Moving Down","","",,="3/9","<1","false","Swing"
"PTEN","Patterson-UTI Energy, Inc. Common Stock","Energy","Oil & Gas Drilling","12.18","77.57","Buy","Aug 04, 2026","Uptrend","Aug 10, 2026","8207964.6","78.72","8.88","1","Moving Up","","",,="6/9","<1","false","Swing"
"TSCO","Tractor Supply Company Common Stock","Discretionary","Specialty Retail","35.05","70.79","Buy","Aug 04, 2026","Uptrend","Aug 03, 2026","11385697.67","-192.82","0.12","-1.1","Moving Up","","",,="5/9","<1","false","Swing"
"VITL","Vital Farms, Inc. Common Stock","Staples","Farm Products","10.62","36.19","Sell","Aug 04, 2026","Downtrend","Aug 07, 2026","1489768.67","350.1","111.14","-2.3","Moving Down","","",,="2/9","<1","false","Swing"
"VRSK","Verisk Analytics, Inc. Common Stock","Industrials","Consulting Services","187.68","37.84","Sell","Aug 04, 2026","Neutral","Aug 20, 2026","1601223.73","19.39","2.33","0.66","Moving Down","","",,="2/9","<1","false","Swing"
"VTRS","Viatris Inc. Common Stock","Health Care","Drug Manufacturers - Specialty & Generic","16.12","49.14","Sell","Aug 04, 2026","Downtrend","Aug 10, 2026","10005671.93","67.01","2.38","-0.77","Moving Up","","",,="5/9","<1","false","Swing"
"WRB","W.R. Berkley Corporation Common Stock","Financials","Insurance - Property & Casualty","69.18","45.31","Sell","Aug 04, 2026","Downtrend","Aug 10, 2026","1826816.53","-45.98","0.3","-0.62","Moving Down","","",,="1/9","<1","false","Swing"
"WT","WisdomTree, Inc. Common Stock","Financials","Asset Management","22.65","91.73","Buy","Aug 04, 2026","Uptrend","Jul 30, 2026","2417776.5","370.23","2.22","-0.22","Moving Up","","",,="5/9","<1","false","Swing"
"WTRG","Essential Utilities, Inc. Common Stock","Utilities","Utilities - Regulated Water","40.41","68.71","Sell","Aug 04, 2026","Uptrend","Jul 16, 2026","1965043.27","8.07","5.27","-1.56","Moving Down","","",,="3/9","<1","false","Swing"
"Z","Zillow Group, Inc. Class C Capital Stock","Communication","Internet Content & Information","35.72","52.38","Buy","Aug 04, 2026","Uptrend","Aug 18, 2026","3653896.03","6.26","4","-2.35","Moving Up","","",,="4/9","<1","false","Swing"
"ZS","Zscaler, Inc. Common Stock","Technology","Software - Infrastructure","174.95","90.73","Buy","Aug 04, 2026","Uptrend","Jul 27, 2026","2261156.47","119.44","7.39","-5.23","Moving Down","","",,="4/9","<1","false","Swing"
"AON","Aon plc Class A Ordinary Shares (Ireland)","Financials","Insurance Brokers","351.93","60.82","Sell","Aug 03, 2026","Neutral","Aug 20, 2026","1132170.77","-22.52","0.28","1","Moving Down","","",,="1/9","<1","false","Swing"
"BEN","Franklin Resources, Inc. Common Stock","Financials","Asset Management","33.97","76.69","Buy","Aug 03, 2026","Uptrend","Jul 31, 2026","4028805.73","75.66","5.8","-0.03","Moving Down","","",,="4/9","<1","false","Swing"
"CI","The Cigna Group Common Stock","Health Care","Healthcare Plans","274.41","42.85","Sell","Aug 03, 2026","Downtrend","Aug 03, 2026","1740451.83","-120.16","0.08","-1.1","Moving Down","","",,="4/9","<1","false","Swing"
"CNI","Canadian National Railway Company Common Stock","Industrials","Railroads","128.23","79.1","Sell","Aug 03, 2026","Uptrend","Jun 25, 2026","1378254.73","23.17","1.46","0.46","Moving Down","","",,="3/9","<1","false","Swing"
"CSX","CSX Corporation Common Stock","Industrials","Railroads","50.97","68.56","Sell","Aug 03, 2026","Uptrend","Apr 01, 2026","12207497.27","115.44","2.36","0.57","Moving Down","","",,="3/9","<1","false","Swing"
"CTVA","Corteva, Inc. Common Stock ","Materials","Agricultural Inputs","79.46","31.06","Sell","Aug 03, 2026","Downtrend","Aug 03, 2026","4192744.87","6.48","0.19","1.13","Moving Up","","",,="4/9","<1","false","Swing"
"ES","Eversource Energy (D/B/A) Common Stock","Utilities","Utilities - Regulated Electric","72.15","66.09","Sell","Aug 03, 2026","Downtrend","Aug 17, 2026","2125655.83","-13.16","1.82","0.22","Moving Down","","",,="2/9","<1","false","Swing"
"FCX","Freeport-McMoRan, Inc. Common Stock","Materials","Copper","71.22","78.52","Buy","Aug 03, 2026","Uptrend","Jul 31, 2026","13050212.27","141.86","0.92","3.08","Moving Up","","",,="6/9","<1","false","Swing"
"HUN","Huntsman Corporation Common Stock","Materials","Chemicals","10.16","44.55","Sell","Aug 03, 2026","Downtrend","Jul 31, 2026","3370876.53","-68.01","2.82","-0.2","Moving Down","","",,="3/9","<1","false","Swing"
"HXL","Hexcel Corporation Common Stock","Industrials","Aerospace & Defense","94.11","59.44","Sell","Aug 03, 2026","Downtrend","Aug 19, 2026","1006656.6","18.41","2.09","-3.76","Moving Down","","",,="2/9","<1","false","Swing"
"JEF","Jefferies Financial Group Inc. Common Stock","Financials","Capital Markets","51.78","48.2","Sell","Aug 03, 2026","Downtrend","Aug 17, 2026","1915023.67","315","4.25","-3.31","Moving Down","","",,="2/9","<1","false","Swing"
"JKHY","Jack Henry & Associates, Inc. Common Stock","Technology","Information Technology Services","165.08","56.89","Sell","Aug 03, 2026","Uptrend","Jul 01, 2026","1009063.3","-53.77","0.07","1.24","Moving Down","","Positive",,="2/9","<1","false","Swing"
"KIM","Kimco Realty Corporation (HC) Common Stock","Real Estate","REIT - Retail","24.16","39.14","Sell","Aug 03, 2026","Downtrend","Aug 05, 2026","4163282","50.19","2.36","-0.66","Moving Down","","",,="4/9","<1","false","Swing"
"KRG","Kite Realty Group Trust Common Stock","Real Estate","REIT - Retail","26.27","27.22","Sell","Aug 03, 2026","Downtrend","Aug 03, 2026","2636163.73","40.52","1.62","-0.64","Moving Down","","",,="4/9","<1","false","Swing"
"LEVI","Levi Strauss & Co Class A Common Stock","Discretionary","Apparel Manufacturing","21.23","22.42","Sell","Aug 03, 2026","Downtrend","Aug 10, 2026","2237110.3","-42.21","1.33","-3.5","Moving Down","","",,="2/9","<1","false","Swing"
"LRN","Stride, Inc. Common Stock","Staples","Education & Training Services","84.07","33.68","Sell","Aug 03, 2026","Downtrend","Jul 31, 2026","1019619.6","-244.36","0.19","-0.12","Moving Up","","",,="3/9","<1","false","Swing"
"MTB","M&T Bank Corporation Common Stock","Financials","Banks - Regional","238.25","75.09","Sell","Aug 03, 2026","Downtrend","Aug 20, 2026","1094900.9","25.44","1.35","-2.58","Moving Down","","",,="2/9","<1","false","Swing"
"NEE","NextEra Energy, Inc. Common Stock","Utilities","Utilities - Regulated Electric","85.03","46.57","Sell","Aug 03, 2026","Downtrend","Aug 03, 2026","9630719.57","118.22","5.86","-1.02","Moving Up","","",,="4/9","<1","false","Swing"
"NTST","NetSTREIT Corp. Common Stock","Real Estate","REIT - Retail","20.61","32.24","Sell","Aug 03, 2026","Downtrend","Aug 06, 2026","1191156.47","0.24","0.03","0.39","Moving Up","","",,="5/9","<1","false","Swing"
"OLN","Olin Corporation Common Stock","Materials","Chemicals","18.63","21.46","Sell","Aug 03, 2026","Downtrend","Jul 31, 2026","3059861.93","177.2","29.13","-0.43","Moving Up","","",,="4/9","<1","false","Swing"
"PYPL","PayPal Holdings, Inc. Common Stock","Financials","Credit Services","62.3","70.46","Sell","Aug 03, 2026","Uptrend","Jul 02, 2026","15364362.7","-64.53","2.98","1.71","Moving Down","","Positive",,="3/9","<1","false","Swing"
"REG","Regency Centers Corporation Common Stock","Real Estate","REIT - Retail","76.51","46.66","Sell","Aug 03, 2026","Downtrend","Aug 04, 2026","1325975.03","-17.61","0.26","0.14","Moving Down","","",,="4/9","<1","false","Swing"
"RIO","Rio Tinto Plc Common Stock","Materials","Other Industrial Metals & Mining","102.17","54.37","Buy","Aug 03, 2026","Uptrend","Aug 19, 2026","2643649.4","34.48","0.83","1.72","Moving Up","","",,="6/9","<1","false","Swing"
"SO","Southern Company (The) Common Stock","Utilities","Utilities - Regulated Electric","91.43","29.28","Sell","Aug 03, 2026","Downtrend","Aug 03, 2026","4850244.43","75.94","3.22","-0.82","Moving Down","","",,="3/9","<1","false","Swing"
"VICI","VICI Properties Inc. Common Stock","Real Estate","REIT - Diversified","26.57","34.39","Sell","Aug 03, 2026","Downtrend","Jul 30, 2026","8778163.93","-21.96","0.1","0.76","Moving Up","","Positive",,="4/9","<1","false","Swing"
"VVV","Valvoline Inc. Common Stock","Discretionary","Auto & Truck Dealerships","33.81","10.78","Sell","Aug 03, 2026","Downtrend","Aug 05, 2026","2114606","-75.65","0.02","-0.85","Moving Up","","",,="3/9","<1","false","Swing"
"ADC","Agree Realty Corporation Common Stock","Real Estate","REIT - Retail","74.45","34","Sell","Jul 31, 2026","Downtrend","Aug 04, 2026","1134581.13","-42.42","0.08","0.08","Moving Down","","",,="4/9","<1","false","Swing"
"AMT","American Tower Corporation (REIT) Common Stock","Real Estate","REIT - Specialty","175.72","62.26","Buy","Jul 31, 2026","Uptrend","Aug 19, 2026","2687626.37","-29","2.36","0.7","Moving Up","","",,="7/9","<1","false","Swing"
"AR","Antero Resources Corporation Common Stock","Energy","Oil & Gas E&P","37.66","64.38","Buy","Jul 31, 2026","Uptrend","Aug 10, 2026","4403975.47","-99.11","0.28","1.59","Moving Up","","",,="6/9","<1","false","Swing"
"BRX","Brixmor Property Group Inc. Common Stock","Real Estate","REIT - Retail","29.48","36.13","Sell","Jul 31, 2026","Downtrend","Aug 04, 2026","2231487.6","-39.99","0.19","-0.87","Moving Down","","",,="4/9","<1","false","Swing"
"CNP","CenterPoint Energy, Inc (Holding Co) Common Stock","Utilities","Utilities - Regulated Electric","40.2","35.84","Sell","Jul 31, 2026","Downtrend","Jul 30, 2026","5924798.83","5.24","0.2","-0.5","Moving Down","","",,="3/9","<1","false","Swing"
"CWK","Cushman & Wakefield Ltd. Common Shares","Real Estate","Real Estate Services","14.7","67.87","Buy","Jul 31, 2026","Uptrend","Aug 11, 2026","1967048.27","40.09","9","-4.36","Moving Up","","",,="7/9","<1","false","Swing"
"EC","Ecopetrol S.A. American Depositary Shares","Energy","Oil & Gas Integrated","17.65","83.43","Buy","Jul 31, 2026","Uptrend","Jul 13, 2026","2122613.73","-15.59","0.83","-1.34","Moving Up","","",,="7/9","<1","false","Swing"
"ED","Consolidated Edison, Inc. Common Stock","Utilities","Utilities - Regulated Electric","108.31","44.48","Sell","Jul 31, 2026","Downtrend","Jul 31, 2026","2072849.8","6.9","0.53","0.29","Moving Up","","",,="4/9","<1","false","Swing"
"ENB","Enbridge Inc Common Stock","Energy","Oil & Gas Midstream","50.99","31.19","Sell","Jul 31, 2026","Downtrend","Jul 31, 2026","4314729.83","15.86","0.94","1.47","Moving Down","","",,="4/9","<1","false","Swing"
"EXC","Exelon Corporation Common Stock","Utilities","Utilities - Regulated Electric","45.06","47.05","Sell","Jul 31, 2026","Downtrend","Jul 31, 2026","7312753.7","-20.11","0.32","-0.53","Moving Down","","",,="3/9","<1","false","Swing"
"FLS","Flowserve Corporation Common Stock","Industrials","Specialty Industrial Machinery","78.1","72.93","Buy","Jul 31, 2026","Uptrend","Jul 30, 2026","1744367.27","-10.74","0.35","0.27","Moving Up","","",,="4/9","<1","false","Swing"
"FLUT","Flutter Entertainment plc Ordinary Shares","Discretionary","Gambling","99.57","53.6","Sell","Jul 31, 2026","Downtrend","Aug 04, 2026","3001061.53","32.96","6.15","0.41","Moving Up","","",,="3/9","<1","false","Swing"
"GMED","Globus Medical, Inc. Class A Common Stock","Health Care","Medical Devices","85.67","64.42","Buy","Jul 31, 2026","Uptrend","Aug 03, 2026","1548668.77","10.47","0.73","-3.02","Moving Up","","",,="7/9","<1","false","Swing"
"IFF","International Flavors & Fragrances, Inc. Common Stock","Materials","Specialty Chemicals","83.39","77.11","Buy","Jul 31, 2026","Uptrend","Jul 29, 2026","1659649.8","-36.75","2.79","0.07","Moving Down","","",,="5/9","<1","false","Swing"
"LHX","L3Harris Technologies, Inc. Common Stock","Industrials","Aerospace & Defense","270.44","33.91","Sell","Jul 31, 2026","Downtrend","Jul 30, 2026","1506081.47","42.97","3.33","-2.41","Moving Down","","",,="2/9","<1","false","Swing"
"MAC","Macerich Company (The) Common Stock","Real Estate","REIT - Retail","24.69","50.2","Sell","Jul 31, 2026","Neutral","Aug 19, 2026","3332353.83","80.05","33.69","-0.84","Moving Down","","",,="4/9","<1","false","Swing"
"NNN","NNN REIT, Inc. Common Stock","Real Estate","REIT - Retail","46.09","48.89","Sell","Jul 31, 2026","Downtrend","Aug 07, 2026","1363888.6","5.53","5.91","-0.32","Moving Down","","",,="4/9","<1","false","Swing"
"OGE","OGE Energy Corp Common Stock","Utilities","Utilities - Regulated Electric","46.73","47.12","Sell","Jul 31, 2026","Downtrend","Jul 30, 2026","1361371.17","-14.18","0.2","-0.43","Moving Down","","",,="3/9","<1","false","Swing"
"PARR","Par Pacific Holdings, Inc.  Common Stock","Energy","Oil & Gas Refining & Marketing","72.45","63.63","Sell","Jul 31, 2026","Uptrend","Aug 10, 2026","1035350.03","398.81","6.13","-6.07","Moving Down","","",,="5/9","<1","false","Swing"
"RHI","Robert Half Inc. Common Stock","Industrials","Staffing & Employment Services","43.88","92.79","Sell","Jul 31, 2026","Uptrend","May 22, 2026","2302011.97","48.58","8.2","0.78","Moving Down","","",,="3/9","<1","false","Swing"
"TEVA","Teva Pharmaceutical Industries Limited American Depositary Shares","Health Care","Drug Manufacturers - Specialty & Generic","36.81","56.34","Buy","Jul 31, 2026","Uptrend","Jul 30, 2026","5519648.73","243.67","2.32","-1.76","Moving Up","","Positive",,="7/9","<1","false","Swing"
"VTR","Ventas, Inc. Common Stock","Real Estate","REIT - Healthcare Facilities","92.68","53.56","Sell","Jul 31, 2026","Neutral","Aug 14, 2026","3137853.93","111.07","4.01","0.9","Moving Down","","",,="4/9","<1","false","Swing"
"WM","Waste Management, Inc. Common Stock","Industrials","Waste Management","224.92","52.51","Sell","Jul 31, 2026","Downtrend","Aug 07, 2026","1850300.87","15.41","0.38","-0.07","Moving Down","","",,="2/9","<1","false","Swing"
"WYNN","Wynn Resorts, Limited Common stock","Discretionary","Resorts & Casinos","99.6","67.23","Buy","Jul 31, 2026","Neutral","Aug 19, 2026","1492385.63","-0.98","103.46","-0.5","Moving Down","","",,="3/9","<1","false","Swing"
"CLSK","CleanSpark, Inc. Common Stock","Financials","Capital Markets","12.6","25.3","Sell","Jul 30, 2026","Downtrend","Aug 04, 2026","23808406.53","114.61","9.94","7.97","Moving Up","","",,="3/9","<1","false","Swing"
"CMCSA","Comcast Corporation Class A Common Stock","Communication","Telecom Services","26.42","80.57","Buy","Jul 30, 2026","Uptrend","Aug 03, 2026","28948545.83","-53.41","2.26","-0.64","Moving Up","","",,="5/9","<1","false","Swing"
"COST","Costco Wholesale Corporation Common Stock","Staples","Discount Stores","933.51","53.84","Buy","Jul 30, 2026","Neutral","Aug 20, 2026","1884729.87","258.26","2.95","-2.45","Moving Down","","",,="3/9","<1","false","Swing"
"CPRT","Copart, Inc. (DE) Common Stock","Industrials","Specialty Business Services","34.33","73.19","Buy","Jul 30, 2026","Uptrend","Aug 14, 2026","11719108.87","193.91","12.11","1.42","Moving Up","","",,="4/9","<1","false","Swing"
"CROX","Crocs, Inc. Common Stock","Discretionary","Footwear & Accessories","123.09","65.83","Sell","Jul 30, 2026","Downtrend","Aug 19, 2026","1005304.97","201.84","2.98","-2.1","Moving Down","","",,="2/9","<1","false","Swing"
"CTRE","CareTrust REIT, Inc. Common Stock","Real Estate","REIT - Healthcare Facilities","39.76","38.47","Sell","Jul 30, 2026","Downtrend","Aug 10, 2026","2056654.87","61.29","1.46","-0.15","Moving Down","","",,="4/9","<1","false","Swing"
"DOX","Amdocs Limited Ordinary Shares","Technology","Software - Infrastructure","60.9","75.38","Buy","Jul 30, 2026","Uptrend","Aug 06, 2026","1239456.47","-22.37","1.76","1.15","Moving Up","","",,="5/9","<1","false","Swing"
"DRI","Darden Restaurants, Inc. Common Stock","Discretionary","Restaurants","217.95","82.77","Buy","Jul 30, 2026","Uptrend","Jul 29, 2026","1227631.17","-113.87","0.16","-1.78","Moving Up","","",,="5/9","<1","false","Swing"
"DXCM","DexCom, Inc. Common Stock","Health Care","Medical Devices","90.22","87.81","Buy","Jul 30, 2026","Uptrend","Jul 24, 2026","5152751.8","122.18","5.91","0.38","Moving Up","","",,="7/9","<1","false","Swing"
"EVRG","Evergy, Inc. Common Stock","Utilities","Utilities - Regulated Electric","83.16","39.67","Sell","Jul 30, 2026","Downtrend","Jul 30, 2026","1901232.43","26.76","1.99","-0.5","Moving Down","","",,="3/9","<1","false","Swing"
"FOX","Fox Corporation Class B Common Stock","Communication","Entertainment","60.45","88.1","Buy","Jul 30, 2026","Uptrend","Jul 29, 2026","1116097.7","40.94","1.06","0.1","Moving Down","","",,="3/9","<1","false","Swing"
"FOXA","Fox Corporation Class A Common Stock","Communication","Entertainment","67.96","89.34","Buy","Jul 30, 2026","Uptrend","Jul 28, 2026","4692286.93","61.18","1.57","0","Moving Down","","",,="4/9","<1","false","Swing"
"FR","First Industrial Realty Trust, Inc. Common Stock","Real Estate","REIT - Industrial","62.62","44.6","Sell","Jul 30, 2026","Downtrend","Aug 05, 2026","1034350.3","38.97","2.04","-0.22","Moving Down","","",,="4/9","<1","false","Swing"
"GXO","GXO Logistics, Inc. Common Stock ","Industrials","Integrated Freight & Logistics","45.37","29.21","Sell","Jul 30, 2026","Downtrend","Aug 05, 2026","1539375.47","-35.6","1.88","-2.16","Moving Down","","",,="2/9","<1","false","Swing"
"HUBG","Hub Group, Inc. Class A Common Stock","Industrials","Integrated Freight & Logistics","40.05","37.72","Sell","Jul 30, 2026","Downtrend","Aug 11, 2026","1103813.7","25.53","1.39","0.12","Moving Down","","","true",="2/9","<1","false","Swing"
"JPM","JP Morgan Chase & Co. Common Stock","Financials","Banks - Diversified","351.55","63.02","Sell","Jul 30, 2026","Uptrend","Jun 05, 2026","7182370.57","120.5","2.11","-1.6","Moving Down","","",,="3/9","<1","false","Swing"
"KO","Coca-Cola Company (The) Common Stock","Staples","Beverages - Non-Alcoholic","90.5","86.1","Buy","Jul 30, 2026","Uptrend","Jun 09, 2026","15591605.9","21.8","0.62","0.17","Moving Up","","",,="5/9","<1","false","Swing"
"MAN","ManpowerGroup Common Stock","Industrials","Staffing & Employment Services","60.74","92.05","Sell","Jul 30, 2026","Uptrend","May 28, 2026","1355176.17","47.25","7.06","2.22","Moving Down","","",,="2/9","<1","false","Swing"
"ODFL","Old Dominion Freight Line, Inc. Common Stock","Industrials","Trucking","204.52","35.68","Sell","Jul 30, 2026","Downtrend","Jul 30, 2026","1622181","-232.53","0.18","-0.27","Moving Down","","",,="2/9","<1","false","Swing"
"OLMA","Olema Pharmaceuticals, Inc. Common Stock","Health Care","Biotechnology","10.9","34.39","Sell","Jul 30, 2026","Downtrend","Aug 11, 2026","1010516.6","37.22","14.13","-3.63","Moving Up","","",,="5/9","<1","false","Swing"
"PTC","PTC Inc. Common Stock","Technology","Software - Application","153.52","73.84","Buy","Jul 30, 2026","Uptrend","Jul 29, 2026","1407246.67","-9.24","0.35","0.71","Moving Up","","",,="5/9","<1","false","Swing"
"RMD","ResMed Inc. Common Stock","Health Care","Medical Instruments & Supplies","228.44","77.25","Buy","Jul 30, 2026","Uptrend","Jul 28, 2026","1390036.47","0.76","0.04","-0.96","Moving Up","","",,="6/9","<1","false","Swing"
"SCHW","Charles Schwab Corporation (The) Common Stock","Financials","Capital Markets","109.79","80.6","Buy","Jul 30, 2026","Uptrend","Jun 30, 2026","7390001.43","119.3","2.39","-0.98","Moving Down","","Positive",,="4/9","<1","false","Swing"
"STAG","Stag Industrial, Inc. Common Stock","Real Estate","REIT - Industrial","36.37","27.37","Sell","Jul 30, 2026","Downtrend","Jul 31, 2026","1684771.77","46.01","5.49","-0.16","Moving Down","","",,="3/9","<1","false","Swing"
"SYF","Synchrony Financial Common Stock","Financials","Credit Services","76.71","71.47","Buy","Jul 30, 2026","Uptrend","Jul 28, 2026","3382338.57","165.33","4.11","-3.65","Moving Down","","",,="4/9","<1","false","Swing"
"TXT","Textron Inc. Common Stock","Industrials","Aerospace & Defense","84.37","45.66","Sell","Jul 30, 2026","Downtrend","Jul 29, 2026","1589026.97","-10.07","0.35","-2.23","Moving Down","","",,="2/9","<1","false","Swing"
"USFD","US Foods Holding Corp. Common Stock","Staples","Food Distribution","108.46","93.8","Buy","Jul 30, 2026","Uptrend","Jul 27, 2026","2317264.1","216.85","3.7","0.87","Moving Down","","",,="4/9","<1","false","Swing"
"VFC","V.F. Corporation Common Stock","Discretionary","Apparel Manufacturing","13.95","42.81","Sell","Jul 30, 2026","Downtrend","Jul 29, 2026","7629112.1","-43.98","6.84","-2.92","Moving Down","","",,="2/9","<1","false","Swing"
"DEI","Douglas Emmett, Inc. Common Stock","Real Estate","REIT - Office","11.86","60.79","Sell","Jul 29, 2026","Neutral","Aug 20, 2026","1859040.2","-23.32","11.75","0.34","Moving Up","","",,="5/9","<1","false","Swing"
"DK","Delek US Holdings, Inc. Common Stock","Energy","Oil & Gas Refining & Marketing","64.04","74.52","Sell","Jul 29, 2026","Uptrend","Jun 26, 2026","1260257.37","-27.8","0.26","-3.45","Moving Down","","",,="5/9","<1","false","Swing"
"DUOL","Duolingo, Inc. Class A Common Stock","Technology","Software - Application","147.03","68.55","Buy","Jul 29, 2026","Uptrend","Aug 07, 2026","1240670.03","201.62","46.59","0.68","Moving Up","","",,="5/9","<1","false","Swing"
"ELF","e.l.f. Beauty, Inc. Common Stock","Staples","Household & Personal Products","98.46","81.53","Buy","Jul 29, 2026","Uptrend","Jun 12, 2026","2374760","21.45","0.24","-1.19","Moving Up","","",,="5/9","<1","false","Swing"
"FAST","Fastenal Company Common Stock","Industrials","Industrial Distribution","50.66","81.65","Buy","Jul 29, 2026","Uptrend","Jul 27, 2026","8303480.1","90.98","1.07","-1.52","Moving Up","","",,="5/9","<1","false","Swing"
"FRPT","Freshpet, Inc. Common Stock","Staples","Packaged Foods","74.13","88.55","Buy","Jul 29, 2026","Uptrend","Jul 15, 2026","1307524","25.11","7.48","-1.2","Moving Up","","",,="5/9","<1","false","Swing"
"GPRE","Green Plains Inc. Common Stock","Materials","Chemicals","16.02","57.46","Sell","Jul 29, 2026","Downtrend","Aug 19, 2026","1398079.23","-66.01","0.02","-0.06","Moving Down","","",,="3/9","<1","false","Swing"
"HALO","Halozyme Therapeutics, Inc. Common Stock","Health Care","Biotechnology","106.12","89.6","Buy","Jul 29, 2026","Uptrend","Jun 03, 2026","2137179.3","409.21","2.39","-1.39","Moving Up","","",,="7/9","<1","false","Swing"
"HMY","Harmony Gold Mining Company Limited","Materials","Gold","22.02","70.82","Buy","Jul 29, 2026","Uptrend","Aug 03, 2026","2796495.07","132.45","0.7","4.41","Moving Up","","",,="5/9","<1","false","Swing"
"HRB","H&R Block, Inc. Common Stock","Discretionary","Personal Services","53.04","95.25","Buy","Jul 29, 2026","Uptrend","Jun 30, 2026","2351285.57","-36.47","0.3","1.51","Moving Up","","",,="5/9","<1","false","Swing"
"HSY","The Hershey Company Common Stock","Staples","Confectioners","188.31","55.73","Buy","Jul 29, 2026","Uptrend","Aug 06, 2026","1516216.3","-12.93","0.29","-0.25","Moving Up","","",,="5/9","<1","false","Swing"
"IMNM","Immunome, Inc. Common Stock","Health Care","Biotechnology","28.08","60.25","Buy","Jul 29, 2026","Uptrend","Jun 30, 2026","1099509.5","201.13","2.75","-5.85","Moving Up","","",,="7/9","<1","false","Swing"
"PBF","PBF Energy Inc. Class A Common Stock","Energy","Oil & Gas Refining & Marketing","69.56","84.51","Sell","Jul 29, 2026","Uptrend","Jun 26, 2026","3140140.03","202.02","4.98","-5.89","Moving Down","","",,="5/9","<1","false","Swing"
"SAP","SAP  SE ADS","Technology","Software - Application","217.09","87.32","Buy","Jul 29, 2026","Uptrend","Jul 28, 2026","3207088.13","63.24","2.85","0.69","Moving Up","","",,="5/9","<1","false","Swing"
"TRP","TC Energy Corporation Common Stock","Energy","Oil & Gas Midstream","63.03","36.08","Sell","Jul 29, 2026","Downtrend","Jul 31, 2026","1923723.77","-10.03","0.31","1.06","Moving Down","","",,="3/9","<1","false","Swing"
"TTEK","Tetra Tech, Inc. Common Stock","Industrials","Engineering & Construction","36.57","86.14","Buy","Jul 29, 2026","Uptrend","Jul 01, 2026","2871265.33","34.41","0.85","-0.08","Moving Down","","",,="4/9","<1","false","Swing"
"TW","Tradeweb Markets Inc. Class A Common Stock","Financials","Capital Markets","106.1","77.51","Buy","Jul 29, 2026","Uptrend","Aug 05, 2026","1528653.77","-3.75","0.26","2.71","Moving Up","","",,="5/9","<1","false","Swing"
"UNH","UnitedHealth Group Incorporated Common Stock (DE)","Health Care","Healthcare Plans","384.85","64.59","Sell","Jul 29, 2026","Downtrend","Aug 11, 2026","4913613.5","-92.47","0.09","-0.97","Moving Down","","",,="4/9","<1","false","Swing"
"VIV","Telefonica Brasil S.A. American Depositary Shares (Each representing One Common Share)","Communication","Telecom Services","11.23","5.65","Sell","Jul 29, 2026","Downtrend","Jul 29, 2026","1592803.77","38.97","14.3","-2.26","Moving Down","","",,="2/9","<1","false","Swing"
"VST","Vistra Corp. Common Stock","Utilities","Utilities - Independent Power Producers","138.94","22.35","Sell","Jul 29, 2026","Downtrend","Jul 29, 2026","4513178.83","-259.13","0.25","-2.63","Moving Down","","",,="3/9","<1","false","Swing"
"XRAY","DENTSPLY SIRONA Inc. Common Stock","Health Care","Medical Instruments & Supplies","10.78","63.51","Sell","Jul 29, 2026","Downtrend","Aug 11, 2026","5001362.7","-80.14","3.35","-2.27","Moving Down","","",,="4/9","<1","false","Swing"
"ACHC","Acadia Healthcare Company, Inc. Common Stock","Health Care","Medical Care Facilities","26.97","55.95","Sell","Jul 28, 2026","Downtrend","Aug 18, 2026","2572361.43","-58.64","0.97","-1.43","Moving Down","","",,="4/9","<1","false","Swing"
"AMGN","Amgen Inc. Common Stock","Health Care","Drug Manufacturers - General","433.73","89.85","Buy","Jul 28, 2026","Uptrend","Jun 22, 2026","2470496.67","122.36","3.73","-1.95","Moving Up","","",,="7/9","<1","false","Swing"
"BANC","Banc of California, Inc. Common Stock","Financials","Banks - Regional","18.65","41.72","Sell","Jul 28, 2026","Downtrend","Jul 29, 2026","3322805.57","-156.53","0.04","-1.53","Moving Down","","",,="2/9","<1","false","Swing"
"BHP","BHP Group Limited American Depositary Shares (Each representing two Ordinary Shares)","Materials","Other Industrial Metals & Mining","93.63","68.51","Buy","Jul 28, 2026","Uptrend","Jul 27, 2026","2542234.33","83.13","2.25","1.45","Moving Up","","",,="6/9","<1","false","Swing"
"CHRW","C.H. Robinson Worldwide, Inc. Common Stock","Industrials","Integrated Freight & Logistics","143.83","18.16","Sell","Jul 28, 2026","Downtrend","Jul 28, 2026","2121239.1","-78.46","0.2","-0.48","Moving Down","","",,="2/9","<1","false","Swing"
"CRM","Salesforce, Inc. Common Stock","Technology","Software - Application","205.43","74.11","Buy","Jul 28, 2026","Uptrend","Jul 27, 2026","11654156.87","-35.11","0.14","-0.32","Moving Up","","",,="4/9","<1","false","Swing"
"D","Dominion Energy, Inc. Common Stock","Utilities","Utilities - Regulated Electric","67.47","59.9","Sell","Jul 28, 2026","Downtrend","Aug 19, 2026","3453857.13","-37.18","0.82","-1.2","Moving Down","","",,="3/9","<1","false","Swing"
"DOC","Healthpeak Properties, Inc. Common Stock","Real Estate","REIT - Healthcare Facilities","21.2","46.24","Sell","Jul 28, 2026","Neutral","Aug 20, 2026","5427239.63","-20.9","0.16","2.12","Moving Down","","",,="4/9","<1","false","Swing"
"EGO","Eldorado Gold Corporation Ordinary Shares","Materials","Gold","42.65","71.43","Buy","Jul 28, 2026","Uptrend","Aug 03, 2026","2351712.63","128.49","0.85","2.13","Moving Up","","",,="6/9","<1","false","Swing"
"EXLS","ExlService Holdings, Inc. Common Stock","Technology","Information Technology Services","37.05","96.23","Buy","Jul 28, 2026","Uptrend","Jul 27, 2026","2434650.1","102.44","1.76","0.08","Moving Up","","",,="5/9","<1","false","Swing"
"GLUE","Monte Rosa Therapeutics, Inc. Common Stock","Health Care","Biotechnology","14.78","20.76","Sell","Jul 28, 2026","Downtrend","Jul 31, 2026","1372155.87","-71.79","0.18","-6.28","Moving Down","","",,="4/9","<1","false","Swing"
"GS","Goldman Sachs Group, Inc. (The) Common Stock","Financials","Capital Markets","1001.95","47.96","Sell","Jul 28, 2026","Downtrend","Aug 19, 2026","1943273.53","198.51","1.64","-1.93","Moving Down","","",,="2/9","<1","false","Swing"
"HE","Hawaiian Electric Industries, Inc. Common Stock","Utilities","Utilities - Regulated Electric","11.61","35.91","Sell","Jul 28, 2026","Downtrend","Jul 27, 2026","1798052.43","-34.69","6.6","-0.85","Moving Down","","",,="3/9","<1","false","Swing"
"HESM","Hess Midstream LP Class A Representing Limited Partner Interests","Energy","Oil & Gas Midstream","39.1","46.38","Sell","Jul 28, 2026","Downtrend","Aug 20, 2026","1062627.23","32.86","1.41","-1.64","Moving Down","","",,="3/9","<1","false","Swing"
"HPQ","HP Inc. Common Stock","Technology","Computer Hardware","29.47","88.24","Buy","Jul 28, 2026","Uptrend","Jul 13, 2026","14239908.8","-85.95","0.13","-1.57","Moving Down","","",,="4/9","<1","false","Swing"
"IT","Gartner, Inc. Common Stock","Technology","Information Technology Services","193.68","92.76","Buy","Jul 28, 2026","Uptrend","Jul 27, 2026","1468704.97","148.24","18.9","0.45","Moving Up","","",,="5/9","<1","false","Swing"
"JNJ","Johnson & Johnson Common Stock","Health Care","Drug Manufacturers - General","267.37","80.7","Buy","Jul 28, 2026","Uptrend","Jun 23, 2026","7455613.27","79.81","2.07","-2.21","Moving Up","","",,="7/9","<1","false","Swing"
"LDOS","Leidos Holdings, Inc. Common Stock","Technology","Information Technology Services","141.37","83.99","Buy","Jul 28, 2026","Uptrend","Aug 03, 2026","1503234.9","22.84","1.44","-3.38","Moving Up","","",,="5/9","<1","false","Swing"
"OMER","Omeros Corporation Common Stock","Health Care","Biotechnology","18.63","77.19","Buy","Jul 28, 2026","Uptrend","Jul 27, 2026","2050419.73","-4.49","0.23","1.31","Moving Up","","",,="7/9","<1","false","Swing"
"RF","Regions Financial Corporation Common Stock","Financials","Banks - Regional","30.22","70.8","Sell","Jul 28, 2026","Downtrend","Aug 20, 2026","9053709.1","56.12","1.54","-1.21","Moving Down","","",,="2/9","<1","false","Swing"
"SLB","SLB Limited Common Shares","Energy","Oil & Gas Equipment & Services","53.55","63.91","Buy","Jul 28, 2026","Uptrend","Aug 04, 2026","10749112.4","13.41","0.93","0","Moving Up","","",,="7/9","<1","false","Swing"
"UPS","United Parcel Service, Inc. Common Stock","Industrials","Integrated Freight & Logistics","102.58","39.41","Sell","Jul 28, 2026","Downtrend","Aug 05, 2026","5080883.5","-131.4","0.18","-0.27","Moving Down","","",,="1/9","<1","false","Swing"
"WIX","Wix.com Ltd. Ordinary Shares","Technology","Software - Infrastructure","82.39","79.53","Buy","Jul 28, 2026","Uptrend","Jul 27, 2026","1682628.8","70.04","9.83","5.78","Moving Up","","",,="5/9","<1","false","Swing"
"A","Agilent Technologies, Inc. Common Stock","Health Care","Diagnostics & Research","156.3","90.43","Buy","Jul 27, 2026","Uptrend","May 28, 2026","1895074","69.38","2.47","0.57","Moving Up","","",,="6/9","<1","false","Swing"
"ARQT","Arcutis Biotherapeutics, Inc. Common Stock","Health Care","Biotechnology","25.35","50.23","Sell","Jul 27, 2026","Downtrend","Aug 20, 2026","1511193.53","-24.68","0.13","-4.2","Moving Up","","",,="5/9","<1","false","Swing"
"ARWR","Arrowhead Pharmaceuticals, Inc. Common Stock","Health Care","Biotechnology","87.47","63.4","Buy","Jul 27, 2026","Uptrend","Jul 23, 2026","1849384.3","31.28","2.58","-2.17","Moving Up","","",,="6/9","<1","false","Swing"
"BAH","Booz Allen Hamilton Holding Corporation Common Stock","Industrials","Consulting Services","76.36","85.9","Buy","Jul 27, 2026","Uptrend","Jul 31, 2026","2075346.77","-89.51","0.02","-3.15","Moving Down","","",,="4/9","<1","false","Swing"
"CX","Cemex, S.A.B. de C.V. Sponsored ADR","Materials","Building Materials","10.6","28.93","Sell","Jul 27, 2026","Downtrend","Jul 24, 2026","7228940.03","86.71","1.5","-0.56","Moving Down","","",,="3/9","<1","false","Swing"
"DLR","Digital Realty Trust, Inc. Common Stock","Real Estate","REIT - Specialty","194.3","74.7","Buy","Jul 27, 2026","Uptrend","Jul 24, 2026","2584538.57","-29.5","0.27","1.01","Moving Down","","",,="6/9","<1","false","Swing"
"ECVT","Ecovyst Inc. Common Stock","Materials","Specialty Chemicals","10.32","29.76","Sell","Jul 27, 2026","Downtrend","Jul 29, 2026","1327295.27","38.41","8.61","-1.24","Moving Up","","",,="4/9","<1","false","Swing"
"EMR","Emerson Electric Company Common Stock","Industrials","Specialty Industrial Machinery","154.72","78.54","Buy","Jul 27, 2026","Uptrend","Jul 24, 2026","2730456.97","105.54","2.3","-1.83","Moving Down","","",,="4/9","<1","false","Swing"
"EPRT","Essential Properties Realty Trust, Inc. Common Stock","Real Estate","REIT - Retail","31.17","64.72","Sell","Jul 27, 2026","Neutral","Aug 20, 2026","1436282.97","41.61","4.37","0.23","Moving Up","","",,="5/9","<1","false","Swing"
"EQT","EQT Corporation Common Stock","Energy","Oil & Gas E&P","53.89","44.71","Buy","Jul 27, 2026","Uptrend","Aug 10, 2026","6894333.33","194.18","1.03","0.47","Moving Up","","",,="7/9","<1","false","Swing"
"IBN","ICICI Bank Limited Common Stock","Financials","Banks - Regional","29.67","62.58","Sell","Jul 27, 2026","Neutral","Aug 19, 2026","5496242.53","-83.14","0.19","0.78","Moving Down","","",,="2/9","<1","false","Swing"
"KMX","CarMax Inc","Discretionary","Auto & Truck Dealerships","61.05","77.51","Sell","Jul 27, 2026","Uptrend","May 27, 2026","2383224.73","11.73","4.2","3.56","Moving Up","","",,="3/9","<1","false","Swing"
"KT","KT Corporation Common Stock","Communication","Telecom Services","18.67","61.98","Buy","Jul 27, 2026","Uptrend","Aug 11, 2026","1538796.1","92.86","3.7","-1.74","Moving Up","","",,="5/9","<1","false","Swing"
"MDLZ","Mondelez International, Inc. Class A Common Stock","Staples","Confectioners","64.14","75.21","Buy","Jul 27, 2026","Uptrend","Jul 24, 2026","7963044.2","34.77","4.79","-0.03","Moving Up","","",,="5/9","<1","false","Swing"
"QTTB","Q32 Bio Inc. Common Stock","Health Care","Biotechnology","15.86","64.01","Sell","Jul 27, 2026","Uptrend","May 22, 2026","1911600.27","41.86","6.37","0.13","Moving Down","","",,="5/9","<1","false","Swing"
"RTO","Rentokil Initial plc American Depositary Shares (each representing five (5) Ordinary Shares)","Industrials","Specialty Business Services","23.34","24.85","Sell","Jul 27, 2026","Downtrend","Jul 24, 2026","1489335.3","7.68","4.15","-0.85","Moving Down","","",,="2/9","<1","false","Swing"
"SLG","SL Green Realty Corp Common Stock","Real Estate","REIT - Office","58.1","75.48","Buy","Jul 27, 2026","Uptrend","May 21, 2026","1013255.2","-3.3","28.88","0.78","Moving Up","","",,="6/9","<1","false","Swing"
"UPBD","Upbound Group, Inc. Common Stock","Technology","Software - Application","18.54","41.07","Sell","Jul 27, 2026","Downtrend","Aug 05, 2026","1027862.7","38.67","6.94","-4.92","Moving Down","","",,="2/9","<1","false","Swing"
"VRDN","Viridian Therapeutics, Inc. Common Stock","Health Care","Biotechnology","24.5","75.63","Buy","Jul 27, 2026","Uptrend","Jul 20, 2026","1806107.7","-17.88","0.27","-1.21","Moving Up","","",,="7/9","<1","false","Swing"
"VZ","Verizon Communications Inc. Common Stock","Communication","Telecom Services","49.19","56.51","Buy","Jul 27, 2026","Uptrend","Jul 24, 2026","23065487.07","-28.89","1.45","-0.34","Moving Up","","",,="5/9","<1","false","Swing"
"XP","XP Inc. Class A Common Stock","Financials","Capital Markets","15.99","38.92","Sell","Jul 27, 2026","Downtrend","Aug 10, 2026","4073562","12.44","6.44","-3.27","Moving Up","","",,="3/9","<1","false","Swing"
"AIG","American International Group, Inc. New Common Stock","Financials","Insurance - Diversified","75.75","47.47","Sell","Jul 24, 2026","Downtrend","Aug 11, 2026","3120672.97","-4.8","0.34","0.07","Moving Down","","",,="2/9","<1","false","Swing"
"APLE","Apple Hospitality REIT, Inc. Common Shares","Real Estate","REIT - Hotel & Motel","16.5","65.28","Sell","Jul 24, 2026","Neutral","Aug 18, 2026","2838581.5","-38.24","0.14","0.86","Moving Up","","",,="4/9","<1","false","Swing"
"BNL","Broadstone Net Lease, Inc. Common Stock","Real Estate","REIT - Diversified","21.21","50.38","Sell","Jul 24, 2026","Downtrend","Aug 17, 2026","2090178.5","17.55","1.32","0.28","Moving Up","","",,="5/9","<1","false","Swing"
"CUZ","Cousins Properties Incorporated Common Stock","Real Estate","REIT - Office","29.58","64.38","Sell","Jul 24, 2026","Downtrend","Aug 14, 2026","1524728","0.36","2.85","0.78","Moving Down","","",,="4/9","<1","false","Swing"
"DBRG","DigitalBridge Group, Inc.","Financials","Asset Management","15.91","57.19","Buy","Jul 24, 2026","Uptrend","Mar 25, 2026","3079923.93","25.92","11.68","-0.06","Moving Up","","",,="5/9","<1","false","Swing"
"FRO","Frontline Plc Ordinary Shares","Energy","Oil & Gas Midstream","43.56","69.35","Buy","Jul 24, 2026","Uptrend","Jul 21, 2026","1883060.8","189.18","1.17","-2","Moving Up","","",,="7/9","<1","false","Swing"
"GBCI","Glacier Bancorp, Inc. Common Stock","Financials","Banks - Regional","47.25","52.57","Sell","Jul 24, 2026","Downtrend","Aug 17, 2026","1119124.8","68.86","25.53","-1.46","Moving Down","","",,="2/9","<1","false","Swing"
"GGG","Graco Inc. Common Stock","Industrials","Specialty Industrial Machinery","81.71","60.36","Buy","Jul 24, 2026","Uptrend","Jul 23, 2026","1402237.37","36.95","1.67","-1.19","Moving Up","","",,="5/9","<1","false","Swing"
"HIW","Highwoods Properties, Inc. Common Stock","Real Estate","REIT - Office","31.47","62.64","Sell","Jul 24, 2026","Neutral","Aug 19, 2026","1339072.43","-0.66","136.38","0.67","Moving Down","","",,="4/9","<1","false","Swing"
"IMAX","Imax Corporation Common Stock","Communication","Entertainment","52.74","94.89","Buy","Jul 24, 2026","Uptrend","Jul 23, 2026","1534041.67","207.85","3.94","-1.81","Moving Down","","",,="4/9","<1","false","Swing"
"KHC","The Kraft Heinz Company Common Stock","Staples","Packaged Foods","25.57","41.24","Sell","Jul 24, 2026","Neutral","Aug 19, 2026","13313614.63","-15.99","0.15","-0.43","Moving Up","","",,="3/9","<1","false","Swing"
"KNX","Knight-Swift Transportation Holdings Inc.","Industrials","Trucking","69.41","56.81","Sell","Jul 24, 2026","Downtrend","Aug 18, 2026","3789928.8","32.99","0.86","-0.47","Moving Up","","",,="3/9","<1","false","Swing"
"META","Meta Platforms, Inc. Class A Common Stock","Communication","Internet Content & Information","545.83","28.75","Sell","Jul 24, 2026","Downtrend","Jul 28, 2026","17046681.1","-105.39","0.21","-0.04","Moving Down","","Positive","true",="2/9","<1","false","Swing"
"MNRO","Monro, Inc. Common Stock","Discretionary","Auto Parts","11.96","26.3","Sell","Jul 24, 2026","Downtrend","Jul 29, 2026","1031874.73","-53.04","4.8","-4.85","Moving Down","","",,="2/9","<1","false","Swing"
"ONB","Old National Bancorp Common Stock","Financials","Banks - Regional","25.83","68.57","Sell","Jul 24, 2026","Downtrend","Aug 20, 2026","4288695.6","71.1","3.79","-0.31","Moving Down","","",,="2/9","<1","false","Swing"
"RRC","Range Resources Corporation Common Stock","Energy","Oil & Gas E&P","40.67","58.83","Buy","Jul 24, 2026","Uptrend","Aug 10, 2026","2904454.73","-81.85","0.3","0.87","Moving Up","","",,="7/9","<1","false","Swing"
"ACGL","Arch Capital Group Ltd. Common Stock","Financials","Insurance - Diversified","99.31","48.98","Sell","Jul 23, 2026","Neutral","Aug 18, 2026","1700824.63","46.6","0.9","0.79","Moving Down","","",,="2/9","<1","false","Swing"
"ACIW","ACI Worldwide, Inc. Common Stock","Technology","Software - Infrastructure","51.57","48.49","Sell","Jul 23, 2026","Downtrend","Aug 17, 2026","1085659.73","-1.17","0.32","-0.77","Moving Down","","",,="1/9","<1","false","Swing"
"AXP","American Express Company Common Stock","Financials","Credit Services","331.15","50.36","Sell","Jul 23, 2026","Downtrend","Aug 20, 2026","2668741.97","90.88","1.47","-2.57","Moving Down","","",,="2/9","<1","false","Swing"
"BOX","Box, Inc. Class A Common Stock","Technology","Software - Infrastructure","32.9","77.95","Sell","Jul 23, 2026","Uptrend","Jun 29, 2026","2747792.73","-87.02","0.11","-0.66","Moving Down","","",,="2/9","<1","false","Swing"
"EBAY","eBay Inc. Common Stock","Discretionary","Internet Retail","104.61","34.38","Sell","Jul 23, 2026","Downtrend","Aug 10, 2026","4262196.07","167.6","2.3","1.92","Moving Down","","",,="2/9","<1","false","Swing"
"FBRX","Forte Biosciences, Inc. Common Stock","Health Care","Biotechnology","76.89","70.54","Sell","Jul 23, 2026","Uptrend","Jul 09, 2026","2094368.13","660.27","5.38","-0.01","Moving Down","","",,="5/9","<1","false","Swing"
"GRPN","Groupon, Inc. Common Stock","Communication","Internet Content & Information","19.6","42.25","Sell","Jul 23, 2026","Downtrend","Aug 10, 2026","1540010.8","-21.27","10.82","-3.69","Moving Down","","",,="2/9","<1","false","Swing"
"MLTX","MoonLake Immunotherapeutics Class A Ordinary Shares","Health Care","Biotechnology","15.87","33.87","Sell","Jul 23, 2026","Downtrend","Jul 31, 2026","1237747.3","-713.28","0.01","-5.2","Moving Down","","",,="4/9","<1","false","Swing"
"NKE","Nike, Inc. Common Stock","Discretionary","Footwear & Accessories","40.21","42.43","Sell","Jul 23, 2026","Downtrend","Jul 22, 2026","20873676.7","-90.04","2.02","-2.05","Moving Down","","",,="2/9","<1","false","Swing"
"PBI","Pitney Bowes Inc. Common Stock","Industrials","Integrated Freight & Logistics","16.17","38.68","Sell","Jul 23, 2026","Downtrend","Aug 10, 2026","1624993.27","267.39","1.82","0.5","Moving Down","","",,="2/9","<1","false","Swing"
"PFE","Pfizer, Inc. Common Stock","Health Care","Drug Manufacturers - General","27.79","84.23","Buy","Jul 23, 2026","Uptrend","Aug 04, 2026","38991040.3","11.91","5.29","-1.59","Moving Up","","",,="7/9","<1","false","Swing"
"QGEN","Qiagen N.V. Common Shares","Health Care","Diagnostics & Research","44.9","58.51","Sell","Jul 23, 2026","Uptrend","Jun 24, 2026","2750402.57","-59.53","0.12","0.9","Moving Up","","",,="6/9","<1","false","Swing"
"REZI","Resideo Technologies, Inc. Common Stock ","Industrials","Industrial Distribution","20.03","5.97","Sell","Jul 23, 2026","Downtrend","Aug 04, 2026","2395279.93","37.91","11.33","-7.01","Moving Up","","",,="3/9","<1","false","Swing"
"RSI","Rush Street Interactive, Inc. Class A Common Stock","Discretionary","Gambling","25.61","32.2","Sell","Jul 23, 2026","Downtrend","Jul 30, 2026","2701790.73","148.9","0.99","-0.43","Moving Up","","",,="3/9","<1","false","Swing"
"RY","Royal Bank Of Canada Common Stock","Financials","Banks - Diversified","205.21","66.11","Sell","Jul 23, 2026","Neutral","Aug 20, 2026","1231139.33","225.22","3.23","-1.16","Moving Down","","",,="2/9","<1","false","Swing"
"SIRI","SiriusXM Holdings Inc. Common Stock","Communication","Entertainment","28.39","46.14","Sell","Jul 23, 2026","Downtrend","Aug 10, 2026","3948274.57","-47.53","3.73","-0.98","Moving Down","","",,="2/9","<1","false","Swing"
"SPGI","S&P Global Inc. Common Stock","Financials","Financial Data & Stock Exchanges","432.16","41.86","Sell","Jul 23, 2026","Uptrend","Aug 20, 2026","1901068.93","136.76","6.07","1.29","Moving Up","","",,="4/9","<1","false","Swing"
"STWD","STARWOOD PROPERTY TRUST, INC. Starwood Property Trust Inc.","Real Estate","REIT - Mortgage","16.41","59.85","Sell","Jul 23, 2026","Downtrend","Jul 20, 2026","4262416.47","5.24","3.88","-0.91","Moving Up","","",,="5/9","<1","false","Swing"
"T","AT&T Inc.","Communication","Telecom Services","25.15","72.6","Buy","Jul 23, 2026","Uptrend","Aug 06, 2026","62214439.3","17.76","3.29","0.12","Moving Up","","",,="5/9","<1","false","Swing"
"ZTO","ZTO Express (Cayman) Inc. American Depositary Shares, each representing one Class A ordinary share.","Industrials","Integrated Freight & Logistics","21.38","40.03","Sell","Jul 23, 2026","Downtrend","Aug 12, 2026","1798066.93","-89.11","0.33","-0.6","Moving Down","","",,="2/9","<1","false","Swing"
"ACI","Albertsons Companies, Inc. Class A Common Stock","Staples","Grocery Stores","11.98","30.45","Sell","Jul 22, 2026","Downtrend","Jul 23, 2026","9146708.57","-66.21","2.57","-1.16","Moving Down","","",,="2/9","<1","false","Swing"
"APA","APA Corporation Common Stock","Energy","Oil & Gas E&P","44.39","67.76","Buy","Jul 22, 2026","Uptrend","Aug 06, 2026","5553533.5","195.38","6.52","2.16","Moving Up","","",,="6/9","<1","false","Swing"
"BAC","Bank of America Corporation Common Stock","Financials","Banks - Diversified","61.86","73.27","Sell","Jul 22, 2026","Uptrend","Jun 02, 2026","30454264.67","101.87","3.58","-2.07","Moving Down","","",,="3/9","<1","false","Swing"
"CLBK","Columbia Financial, Inc. Common Stock","Financials","Banks - Regional","11.76","53.28","Sell","Jul 22, 2026","Downtrend","Jul 21, 2026","7428780.07","-157.18","0.94","0.6","Moving Down","","",,="2/9","<1","false","Swing"
"COR","Cencora, Inc. Common Stock","Health Care","Medical Distribution","314.69","50.64","Sell","Jul 22, 2026","Uptrend","Jul 01, 2026","1389089.1","136.56","1.28","-0.76","Moving Down","","",,="5/9","<1","false","Swing"
"DECK","Deckers Outdoor Corporation Common Stock","Discretionary","Footwear & Accessories","88.86","33.84","Sell","Jul 22, 2026","Downtrend","Jul 21, 2026","2273225.43","226.41","2.89","-2.96","Moving Down","","",,="2/9","<1","false","Swing"
"ELAN","Elanco Animal Health Incorporated Common Stock","Health Care","Drug Manufacturers - Specialty & Generic","23.56","32.91","Sell","Jul 22, 2026","Downtrend","Aug 20, 2026","7134487.87","-56.38","2.11","-3.84","Moving Up","","Positive",,="5/9","<1","false","Swing"
"ETSY","Etsy, Inc. Common Stock","Discretionary","Internet Retail","81.21","65.72","Sell","Jul 22, 2026","Neutral","Aug 14, 2026","2920094.97","-84.18","0.12","0.93","Moving Up","","",,="3/9","<1","false","Swing"
"FE","FirstEnergy Corp. Common Stock","Utilities","Utilities - Regulated Electric","47.18","40.12","Sell","Jul 22, 2026","Downtrend","Aug 06, 2026","4237716.63","-33.88","0.04","-0.15","Moving Down","","",,="3/9","<1","false","Swing"
"HAS","Hasbro, Inc. Common Stock","Discretionary","Leisure","93.56","78.19","Buy","Jul 22, 2026","Uptrend","Jul 21, 2026","2036700.7","-32.9","0.63","0.25","Moving Down","","Positive",,="3/9","<1","false","Swing"
"LYB","LyondellBasell Industries NV Ordinary Shares Class A (Netherlands)","Materials","Specialty Chemicals","68.1","76.94","Buy","Jul 22, 2026","Uptrend","Aug 10, 2026","4368012.87","-80.23","0.87","3.09","Moving Up","","",,="6/9","<1","false","Swing"
"NVO","Novo Nordisk A/S Common Stock","Health Care","Drug Manufacturers - General","46.14","49.61","Sell","Jul 22, 2026","Downtrend","Aug 12, 2026","11827132.6","77.76","2.62","-0.73","Moving Down","","",,="4/9","<1","false","Swing"
"PODD","Insulet Corporation Common Stock","Health Care","Medical Devices","146.87","32","Sell","Jul 22, 2026","Downtrend","Aug 05, 2026","1623019.5","88.14","24.87","-3.06","Moving Down","","",,="4/9","<1","false","Swing"
"QDEL","QuidelOrtho Corporation Common Stock","Health Care","Medical Devices","14.85","33.39","Sell","Jul 22, 2026","Downtrend","Aug 07, 2026","1436531.13","-82.61","3.7","7.61","Moving Down","","",,="4/9","<1","false","Swing"
"TROW","T. Rowe Price Group, Inc. Common Stock","Financials","Asset Management","112.19","64.77","Sell","Jul 22, 2026","Downtrend","Aug 12, 2026","1851897.57","22.55","10.78","-0.04","Moving Down","","",,="2/9","<1","false","Swing"
"WCN","Waste Connections, Inc. Common Shares","Industrials","Waste Management","168.33","49.31","Sell","Jul 22, 2026","Neutral","Aug 18, 2026","1200959.37","-33.39","0.26","-0.25","Moving Down","","",,="1/9","<1","false","Swing"
"XYL","Xylem Inc. Common Stock New","Industrials","Specialty Industrial Machinery","113.44","44.53","Sell","Jul 22, 2026","Downtrend","Aug 18, 2026","1855634.67","63.37","3.56","-2.38","Moving Down","","",,="2/9","<1","false","Swing"
"ZION","Zions Bancorporation N.A. Common Stock","Financials","Banks - Regional","67.89","63.65","Sell","Jul 22, 2026","Downtrend","Aug 20, 2026","1581643.03","102.46","4.99","-0.59","Moving Down","","",,="2/9","<1","false","Swing"
"BAND","Bandwidth Inc. Class A Common Stock","Technology","Software - Infrastructure","48.15","55.48","Sell","Jul 21, 2026","Downtrend","Jul 27, 2026","1104746.13","208.25","3.08","-7.93","Moving Up","","",,="3/9","<1","false","Swing"
"BRO","Brown & Brown, Inc. Common Stock","Financials","Insurance Brokers","72.08","50.47","Sell","Jul 21, 2026","Uptrend","Jun 24, 2026","2518302.1","170.34","5.86","0.83","Moving Down","","",,="3/9","<1","false","Swing"
"EQR","Equity Residential Common Shares of Beneficial Interest","Real Estate","REIT - Residential","63.66","61.64","Sell","Jul 21, 2026","Downtrend","Aug 06, 2026","3498307.93","-60.58","0.65","0","","","",,="4/9","<1","false","Swing"
"GME","GameStop Corporation Common Stock","Discretionary","Specialty Retail","18.04","28.92","Sell","Jul 21, 2026","Downtrend","Jul 29, 2026","5617411.53","3246.19","8.95","0.06","Moving Down","","",,="2/9","<1","false","Swing"
"NOV","NOV Inc. Common Stock","Energy","Oil & Gas Equipment & Services","20.27","78.14","Buy","Jul 21, 2026","Uptrend","Aug 06, 2026","3279028.17","-92.67","0.63","-2.03","Moving Up","","",,="7/9","<1","false","Swing"
"OUT","OUTFRONT Media Inc. Common Stock","Real Estate","REIT - Specialty","29.78","44.29","Sell","Jul 21, 2026","Downtrend","Aug 06, 2026","1687409.53","12.48","0.94","-1.81","Moving Down","","",,="4/9","<1","false","Swing"
"PSN","Parsons Corporation Common Stock","Technology","Information Technology Services","46.06","55.58","Sell","Jul 21, 2026","Downtrend","Jul 29, 2026","1635100.6","42.37","4.74","-2.25","Moving Up","","",,="3/9","<1","false","Swing"
"CNQ","Canadian Natural Resources Limited Common Stock","Energy","Oil & Gas E&P","51.03","83.13","Buy","Jul 20, 2026","Uptrend","Jul 17, 2026","6155252.23","122.93","1.04","3.09","Moving Up","","",,="7/9","<1","false","Swing"
"EXEL","Exelixis, Inc. Common Stock","Health Care","Biotechnology","53.69","28.87","Sell","Jul 20, 2026","Neutral","Aug 19, 2026","2531438.63","-4.54","0.34","-1.29","Moving Up","","",,="5/9","<1","false","Swing"
"INTU","Intuit Inc. Common Stock","Technology","Software - Application","361.87","77.66","Buy","Jul 20, 2026","Uptrend","Jul 28, 2026","3744351.57","-0.79","0.37","-0.17","Moving Up","","Positive",,="5/9","<1","false","Swing"
"POR","Portland General Electric Co Common Stock","Utilities","Utilities - Regulated Electric","50.17","39.04","Sell","Jul 20, 2026","Downtrend","Aug 18, 2026","1048624.7","8.19","9.16","0.06","Moving Up","","",,="4/9","<1","false","Swing"
"RBLX","Roblox Corporation Class A Common Stock","Communication","Electronic Gaming & Multimedia","38.63","40.04","Sell","Jul 20, 2026","Downtrend","Jul 23, 2026","12806288.97","24.32","13.42","-0.16","Moving Up","","",,="3/9","<1","false","Swing"
"TNDM","Tandem Diabetes Care, Inc. Common Stock","Health Care","Medical Devices","22.57","87.69","Buy","Jul 20, 2026","Uptrend","Jul 17, 2026","2075267.2","-52.2","3.83","-3.79","Moving Down","","",,="6/9","<1","false","Swing"
"ABT","Abbott Laboratories Common Stock","Health Care","Medical Devices","114.14","92.5","Buy","Jul 17, 2026","Uptrend","Jul 16, 2026","10196887.27","30.88","2.32","-0.25","Moving Up","","",,="6/9","<1","false","Swing"
"ADSK","Autodesk, Inc. Common Stock","Technology","Software - Application","251.02","91.93","Buy","Jul 17, 2026","Uptrend","Jul 27, 2026","1951753","-30.27","0.19","-0.11","Moving Up","","",,="5/9","<1","false","Swing"
"CB","Chubb Limited  Common Stock","Financials","Insurance - Property & Casualty","342.87","48.06","Sell","Jul 17, 2026","Downtrend","Aug 19, 2026","1849629.2","71.62","1.49","0.57","Moving Down","","",,="2/9","<1","false","Swing"
"COP","ConocoPhillips Common Stock","Energy","Oil & Gas E&P","134.89","70.98","Buy","Jul 17, 2026","Uptrend","Jul 17, 2026","6255466","40.67","0.83","3.3","Moving Up","","Positive",,="7/9","<1","false","Swing"
"HIMS","Hims & Hers Health, Inc. Class A Common Stock","Health Care","Drug Manufacturers - Specialty & Generic","31.86","44.87","Sell","Jul 17, 2026","Neutral","Aug 19, 2026","14133801.77","983","7.79","2.48","Moving Up","","",,="5/9","<1","false","Swing"
"HOOD","Robinhood Markets, Inc. Class A Common Stock","Financials","Capital Markets","95.1","44.19","Sell","Jul 17, 2026","Downtrend","Aug 20, 2026","18759915.5","753.23","2.71","-0.7","Moving Down","","",,="2/9","<1","false","Swing"
"ILMN","Illumina, Inc. Common Stock","Health Care","Diagnostics & Research","213.24","69.56","Sell","Jul 17, 2026","Uptrend","May 01, 2026","1841433.73","-1.53","72.89","4.02","Moving Up","","",,="6/9","<1","false","Swing"
"MGA","Magna International, Inc. Common Stock","Discretionary","Auto Parts","70.39","78.49","Buy","Jul 17, 2026","Uptrend","Jul 15, 2026","1175708.43","15.48","1.3","-0.87","Moving Down","","",,="4/9","<1","false","Swing"
"MOH","Molina Healthcare Inc Common Stock","Health Care","Healthcare Plans","196.94","50.38","Sell","Jul 17, 2026","Downtrend","Aug 17, 2026","1224154.13","-115.64","0.09","-2.1","Moving Up","","",,="5/9","<1","false","Swing"
"PRVA","Privia Health Group, Inc. Common Stock","Health Care","Health Information Services","21.2","3.14","Sell","Jul 17, 2026","Downtrend","Jul 27, 2026","1232208.63","-13.85","6.06","-1.35","Moving Down","","",,="3/9","<1","false","Swing"
"SNDX","Syndax Pharmaceuticals, Inc. Common Stock","Health Care","Biotechnology","19.75","50.34","Sell","Jul 17, 2026","Downtrend","Aug 20, 2026","1413881.37","76.7","12.77","-4.91","Moving Up","","",,="5/9","<1","false","Swing"
"SRE","DBA Sempra Common Stock","Utilities","Utilities - Diversified","87.38","30.36","Sell","Jul 17, 2026","Downtrend","Jul 27, 2026","3379080.87","-25.76","0.18","2.09","Moving Up","","",,="4/9","<1","false","Swing"
"TAC","TransAlta Corporation Ordinary Shares","Utilities","Utilities - Independent Power Producers","12.59","41.31","Sell","Jul 17, 2026","Downtrend","Jul 28, 2026","1169908.8","244.91","6.51","1.7","Moving Down","","",,="3/9","<1","false","Swing"
"TNGX","Tango Therapeutics, Inc.","Health Care","Biotechnology","23.51","17.71","Sell","Jul 17, 2026","Downtrend","Aug 11, 2026","2266170.77","23.93","0.5","-6.71","Moving Down","","",,="4/9","<1","false","Swing"
"TXN","Texas Instruments Incorporated Common Stock","Technology","Semiconductors","265.6","52.17","Sell","Jul 17, 2026","Downtrend","Jul 23, 2026","7199857.7","119.05","3","-0.69","Moving Down","","",,="2/9","<1","false","Swing"
"UDR","UDR, Inc. Common Stock","Real Estate","REIT - Residential","37.69","57.48","Sell","Jul 17, 2026","Downtrend","Jul 30, 2026","3133242.03","-19.68","1.94","0.48","Moving Down","","",,="3/9","<1","false","Swing"
"USB","U.S. Bancorp Common Stock","Financials","Banks - Regional","61.78","72.68","Sell","Jul 17, 2026","Neutral","Aug 20, 2026","7256730.13","33.33","10.78","-1.66","Moving Down","","",,="2/9","<1","false","Swing"
"UTI","Universal Technical Institute Inc Common Stock","Staples","Education & Training Services","22.92","5.96","Sell","Jul 17, 2026","Downtrend","Aug 06, 2026","1481733.17","93.92","1.21","-5.68","Moving Down","","",,="2/9","<1","false","Swing"
"WNC","Wabash National Corporation Common Stock","Industrials","Farm & Heavy Construction Machinery","11.67","58.12","Sell","Jul 17, 2026","Downtrend","Aug 20, 2026","1360525.07","181.86","43.78","-4.03","Moving Down","","",,="2/9","<1","false","Swing"
"XOM","Exxon Mobil Corporation Common Stock","Energy","Oil & Gas Integrated","166.15","72.59","Buy","Jul 17, 2026","Uptrend","Jul 16, 2026","14153361.57","96.16","1.46","0.84","Moving Up","","Positive",,="6/9","<1","false","Swing"
"BP","BP p.l.c. Common Stock","Energy","Oil & Gas Integrated","45.14","61.12","Buy","Jul 16, 2026","Uptrend","Aug 10, 2026","7823423.67","109.25","6.15","3.22","Moving Up","","",,="6/9","<1","false","Swing"
"CELC","Celcuity Inc. Common Stock","Health Care","Biotechnology","90.57","27.58","Sell","Jul 16, 2026","Downtrend","Jul 16, 2026","1376640.2","62.95","0.42","-3.29","Moving Up","","",,="5/9","<1","false","Swing"
"CPNG","Coupang, Inc. Class A Common Stock","Discretionary","Internet Retail","16.26","40.87","Sell","Jul 16, 2026","Downtrend","Jul 17, 2026","18916980.4","-28.59","0.04","-2.4","Moving Up","","",,="3/9","<1","false","Swing"
"CVX","Chevron Corporation Common Stock","Energy","Oil & Gas Integrated","205.77","72.34","Buy","Jul 16, 2026","Uptrend","Jul 15, 2026","7434600.8","50.02","1.52","0","Moving Up","","Negative",,="7/9","<1","false","Swing"
"CYTK","Cytokinetics, Incorporated Common Stock","Health Care","Biotechnology","77.18","34.04","Sell","Jul 16, 2026","Downtrend","Aug 20, 2026","1783396.53","-668.83","0.17","-0.72","Moving Up","","",,="5/9","<1","false","Swing"
"FBIN","Fortune Brands Innovations, Inc. Common Stock","Industrials","Building Products & Equipment","44.98","54.28","Sell","Jul 16, 2026","Downtrend","Aug 14, 2026","2447998.7","21.9","7.9","-3.25","Moving Down","","",,="2/9","<1","false","Swing"
"HDB","HDFC Bank Limited Common Stock","Financials","Banks - Regional","23.34","35.13","Sell","Jul 16, 2026","Downtrend","Jul 21, 2026","7733840.4","15.94","5.9","0.78","Moving Up","","","true",="3/9","<1","false","Swing"
"LMND","Lemonade, Inc. Common Stock","Financials","Insurance - Property & Casualty","50.71","16.27","Sell","Jul 16, 2026","Downtrend","Jul 24, 2026","1386991.23","-200.4","0.17","-1.05","Moving Down","","",,="1/9","<1","false","Swing"
"PGR","Progressive Corporation (The) Common Stock","Financials","Insurance - Property & Casualty","220.34","34.23","Sell","Jul 16, 2026","Neutral","Aug 19, 2026","2856909.57","163.03","2.07","1.41","Moving Up","","",,="3/9","<1","false","Swing"
"PNR","Pentair plc. Ordinary Share","Industrials","Specialty Industrial Machinery","63.78","34.62","Sell","Jul 16, 2026","Downtrend","Jul 15, 2026","3362538.1","66.03","4.47","-2.76","Moving Down","","",,="2/9","<1","false","Swing"
"PNW","Pinnacle West Capital Corporation Common Stock","Utilities","Utilities - Regulated Electric","99.38","31.97","Sell","Jul 16, 2026","Downtrend","Jul 29, 2026","1145451.5","9.03","1.5","-0.05","Moving Down","","",,="3/9","<1","false","Swing"
"WFC","Wells Fargo & Company Common Stock","Financials","Banks - Diversified","83.7","54.32","Sell","Jul 16, 2026","Downtrend","Aug 20, 2026","14174887.17","72.53","3.31","-2.61","Moving Down","","Positive",,="2/9","<1","false","Swing"
"YUM","Yum! Brands, Inc.","Discretionary","Restaurants","152.33","34.2","Sell","Jul 16, 2026","Neutral","Aug 20, 2026","2696881.5","-40.51","0.23","4.39","Moving Up","","",,="3/9","<1","false","Swing"
"AGIO","Agios Pharmaceuticals, Inc. Common Stock","Health Care","Biotechnology","33.63","49.7","Sell","Jul 15, 2026","Downtrend","Aug 20, 2026","1140998.03","-63.58","0.21","-4.24","Moving Up","","",,="5/9","<1","false","Swing"
"ALNY","Alnylam Pharmaceuticals, Inc. Common Stock","Health Care","Biotechnology","229.3","19.43","Sell","Jul 15, 2026","Downtrend","Jul 15, 2026","2036039.37","20.73","1.67","-5.49","Moving Up","","",,="5/9","<1","false","Swing"
"IBM","International Business Machines Corporation Common Stock","Technology","Information Technology Services","233.69","37.9","Sell","Jul 15, 2026","Downtrend","Jul 14, 2026","10695352.73","-26.26","0.28","-1.46","Moving Up","","",,="3/9","<1","false","Swing"
"LIN","Linde plc Ordinary Shares","Materials","Specialty Chemicals","481.29","32.26","Sell","Jul 15, 2026","Downtrend","Jul 20, 2026","2086214.07","15.55","0.72","0.03","Moving Up","","",,="4/9","<1","false","Swing"
"LNT","Alliant Energy Corporation Common Stock","Utilities","Utilities - Regulated Electric","69.46","28.45","Sell","Jul 15, 2026","Downtrend","Jul 27, 2026","2512949.1","-8.44","0.28","-0.98","Moving Up","","",,="4/9","<1","false","Swing"
"PDI","PIMCO Dynamic Income Fund Common Stock","Financials","Closed-End Fund - Debt","14.99","34.48","Sell","Jul 15, 2026","Downtrend","Jul 14, 2026","3276746.4","32.24","34.79","-1.32","Moving Down","","",,="2/9","<1","false","Swing"
"PNC","PNC Financial Services Group, Inc. (The) Common Stock","Financials","Banks - Regional","241.62","59.87","Sell","Jul 15, 2026","Downtrend","Aug 20, 2026","1645619.77","40.72","1.83","-1.96","Moving Down","","",,="2/9","<1","false","Swing"
"SGHC","Super Group (SGHC) Limited Ordinary Shares","Discretionary","Gambling","13.22","27.55","Sell","Jul 15, 2026","Downtrend","Aug 03, 2026","2291686.97","333.88","2.41","0.46","Moving Up","","",,="3/9","<1","false","Swing"
"SHEL","Shell PLC American Depositary Shares (each representing two (2) Ordinary Shares) ","Energy","Oil & Gas Integrated","93.65","86.54","Buy","Jul 15, 2026","Uptrend","Jul 14, 2026","6216057.1","53.94","1.51","0.95","Moving Up","","",,="7/9","<1","false","Swing"
"SIMO","Silicon Motion Technology Corporation American Depositary Shares","Technology","Semiconductors","249.65","56.15","Sell","Jul 15, 2026","Downtrend","Aug 18, 2026","1154355.37","389.59","2.91","2.82","Moving Up","","",,="3/9","<1","false","Swing"
"TDC","Teradata Corporation Common Stock","Technology","Software - Infrastructure","27.57","28.63","Sell","Jul 15, 2026","Downtrend","Aug 05, 2026","3134209.33","-5.97","0.11","-1.18","Moving Up","","",,="3/9","<1","false","Swing"
"TECH","Bio-Techne Corp Common Stock","Health Care","Biotechnology","72.28","58.02","Sell","Jul 15, 2026","Uptrend","Jun 04, 2026","3324487.13","-61.87","0.11","-0.28","Moving Down","","",,="5/9","<1","false","Swing"
"TTWO","Take-Two Interactive Software, Inc. Common Stock","Communication","Electronic Gaming & Multimedia","240.15","51.09","Sell","Jul 15, 2026","Neutral","Aug 19, 2026","2018109.37","71.62","2.09","1.31","Moving Down","","",,="2/9","<1","false","Swing"
"VKTX","Viking Therapeutics, Inc. Common Stock","Health Care","Biotechnology","34.36","23.84","Sell","Jul 15, 2026","Neutral","Aug 19, 2026","1874836.7","-221.44","0.19","-4.5","Moving Up","","",,="5/9","<1","false","Swing"
"WEC","WEC Energy Group, Inc. Common Stock","Utilities","Utilities - Regulated Electric","108.51","34.1","Sell","Jul 15, 2026","Downtrend","Jul 27, 2026","2250014.47","-8.12","0.32","-0.76","Moving Up","","",,="4/9","<1","false","Swing"
"AEE","Ameren Corporation Common Stock","Utilities","Utilities - Regulated Electric","108.79","36.37","Sell","Jul 14, 2026","Downtrend","Jul 29, 2026","1488933.1","54.41","3.28","-0.45","Moving Up","","",,="4/9","<1","false","Swing"
"AEP","American Electric Power Company, Inc. Common Stock","Utilities","Utilities - Regulated Electric","125.7","28.57","Sell","Jul 14, 2026","Downtrend","Jul 29, 2026","3628677.93","58.42","4.55","-0.45","Moving Up","","",,="4/9","<1","false","Swing"
"ARCC","Ares Capital Corporation Common Stock","Financials","Asset Management","19.78","87.82","Buy","Jul 14, 2026","Uptrend","Jul 30, 2026","4326032.1","-9.87","0.25","-0.1","Moving Down","","",,="4/9","<1","false","Swing"
"BCS","Barclays PLC Common Stock","Financials","Banks - Diversified","26.49","57.71","Sell","Jul 14, 2026","Downtrend","Aug 19, 2026","4561886.67","180.98","2.72","-1.41","Moving Down","","",,="2/9","<1","false","Swing"
"BKD","Brookdale Senior Living Inc. Common Stock","Health Care","Medical Care Facilities","11.81","35.16","Sell","Jul 14, 2026","Downtrend","Aug 03, 2026","5363565.93","8.2","0.38","-2.56","Moving Down","","",,="4/9","<1","false","Swing"
"CVBF","CVB Financial Corporation Common Stock","Financials","Banks - Regional","22.52","67.03","Sell","Jul 14, 2026","Uptrend","Jun 04, 2026","1346405.43","11.59","2.95","-0.04","Moving Down","","",,="3/9","<1","false","Swing"
"FITB","Fifth Third Bancorp Common Stock","Financials","Banks - Regional","54.5","60.53","Sell","Jul 14, 2026","Downtrend","Aug 19, 2026","5556690.5","101.34","3.32","-0.84","Moving Down","","",,="2/9","<1","false","Swing"
"MAA","Mid-America Apartment Communities, Inc. Common Stock","Real Estate","REIT - Residential","132.06","59.24","Sell","Jul 14, 2026","Downtrend","Aug 14, 2026","1004651.2","-54.17","0.04","0.45","Moving Down","","",,="4/9","<1","false","Swing"
"NRG","NRG Energy, Inc. Common Stock","Utilities","Utilities - Independent Power Producers","115.36","19.08","Sell","Jul 14, 2026","Downtrend","Aug 04, 2026","2753957.4","195.98","2.66","-4.33","Moving Down","","",,="3/9","<1","false","Swing"
"OPLN","OPENLANE, Inc. Common Stock","Discretionary","Auto & Truck Dealerships","34.19","39.97","Sell","Jul 14, 2026","Downtrend","Aug 05, 2026","1241637.77","-22.63","0.2","-0.67","Moving Down","","",,="2/9","<1","false","Swing"
"OVV","Ovintiv Inc. (DE)","Energy","Oil & Gas E&P","66.7","81.94","Buy","Jul 14, 2026","Uptrend","Jul 13, 2026","3544248","4.3","0.05","1.74","Moving Up","","",,="7/9","<1","false","Swing"
"PTCT","PTC Therapeutics, Inc. Common Stock","Health Care","Biotechnology","70.52","47.08","Sell","Jul 14, 2026","Downtrend","Jul 24, 2026","1188370.7","-64.96","0.05","-4.28","Moving Up","","",,="5/9","<1","false","Swing"
"RYAAY","Ryanair Holdings plc American Depositary Shares","Industrials","Airlines","54.51","28.89","Sell","Jul 14, 2026","Downtrend","Aug 06, 2026","1410935.9","-35.08","0.2","-0.51","Moving Down","","",,="2/9","<1","false","Swing"
"SRAD","Sportradar Group AG Class A Ordinary Shares","Technology","Software - Application","12.61","36.85","Sell","Jul 14, 2026","Downtrend","Jul 30, 2026","2613732.4","49.65","6.39","-3.37","Moving Down","","",,="2/9","<1","false","Swing"
"TSLA","Tesla, Inc. Common Stock","Discretionary","Auto Manufacturers","345.13","34.5","Sell","Jul 14, 2026","Downtrend","Jul 13, 2026","36172992.93","1352.54","7.76","-1.71","Moving Up","","","true",="3/9","<1","false","Swing"
"ZBH","Zimmer Biomet Holdings, Inc. Common Stock","Health Care","Medical Devices","98.97","94.61","Buy","Jul 14, 2026","Uptrend","Jul 23, 2026","2404594","-71.7","1.06","-1.76","Moving Up","","",,="7/9","<1","false","Swing"
"ALKS","Alkermes plc Ordinary Shares","Health Care","Drug Manufacturers - Specialty & Generic","48.02","52.22","Sell","Jul 13, 2026","Downtrend","Aug 20, 2026","1616803.33","-63.98","0.26","-4.3","Moving Down","","",,="4/9","<1","false","Swing"
"AZN","AstraZeneca PLC Ordinary Shares","Health Care","Drug Manufacturers - General","164.49","24.41","Sell","Jul 13, 2026","Downtrend","Jul 10, 2026","3848859.57","50.96","1.4","-0.28","Moving Up","","",,="5/9","<1","false","Swing"
"BEAM","Beam Therapeutics Inc. Common Stock","Health Care","Biotechnology","28.39","41.55","Sell","Jul 13, 2026","Downtrend","Aug 20, 2026","1921477.93","-114.21","0.45","-2.34","Moving Up","","",,="5/9","<1","false","Swing"
"BXP","BXP, Inc. Common Stock","Real Estate","REIT - Office","67.78","58.35","Sell","Jul 13, 2026","Neutral","Aug 19, 2026","1342088.8","23.79","5.24","0.83","Moving Down","","",,="4/9","<1","false","Swing"
"CMS","CMS Energy Corporation Common Stock","Utilities","Utilities - Regulated Electric","69.83","24.63","Sell","Jul 13, 2026","Downtrend","Jul 27, 2026","3600367","10.87","1.98","-1.1","Moving Down","","",,="3/9","<1","false","Swing"
"DTE","DTE Energy Company Common Stock","Utilities","Utilities - Regulated Electric","138.15","40.2","Sell","Jul 13, 2026","Downtrend","Jul 27, 2026","1275007","27.31","1.79","-0.74","Moving Down","","",,="3/9","<1","false","Swing"
"MAS","Masco Corporation Common Stock","Industrials","Building Products & Equipment","73.33","55.5","Sell","Jul 13, 2026","Downtrend","Aug 20, 2026","2529689.83","84.26","4.64","-2.55","Moving Down","","",,="2/9","<1","false","Swing"
"RARE","Ultragenyx Pharmaceutical Inc. Common Stock","Health Care","Biotechnology","25.32","44.06","Sell","Jul 13, 2026","Downtrend","Jul 22, 2026","1891383.77","323.9","39.61","-3.51","Moving Up","","Positive",,="5/9","<1","false","Swing"
"RDY","Dr. Reddy's Laboratories Ltd Common Stock","Health Care","Drug Manufacturers - Specialty & Generic","12.11","21.78","Sell","Jul 13, 2026","Downtrend","Jul 13, 2026","2758154.73","79.26","4.15","0","Moving Up","","",,="5/9","<1","false","Swing"
"SLGN","Silgan Holdings Inc. Common Stock","Discretionary","Packaging & Containers","41.12","26.74","Sell","Jul 13, 2026","Downtrend","Jul 30, 2026","1412650.47","-76.13","0.1","-0.17","Moving Down","","",,="2/9","<1","false","Swing"
"VREX","Varex Imaging Corporation Common Stock","Health Care","Medical Devices","18.49","97.32","Buy","Jul 13, 2026","Uptrend","Jul 23, 2026","1058632.77","7.51","5.18","0.16","Moving Down","","",,="6/9","<1","false","Swing"
"ATEN","A10 Networks, Inc. Common Stock","Technology","Software - Infrastructure","25.53","27.83","Sell","Jul 10, 2026","Downtrend","Jul 28, 2026","1293368.63","288.32","2.69","-0.85","Moving Down","","",,="2/9","<1","false","Swing"
"BR","Broadridge Financial Solutions, Inc. Common Stock","Technology","Information Technology Services","178.5","88.75","Buy","Jul 10, 2026","Uptrend","Jul 24, 2026","1172730.27","102.26","5.96","1.4","Moving Up","","",,="5/9","<1","false","Swing"
"CALY","Callaway Golf Company Common Stock","Discretionary","Leisure","15.79","58.34","Sell","Jul 10, 2026","Downtrend","Aug 07, 2026","1897152.23","-43.44","1.77","-2.17","Moving Down","","",,="2/9","<1","false","Swing"
"DLTR","Dollar Tree Inc. Common Stock","Staples","Discount Stores","128.45","64.11","Sell","Jul 10, 2026","Uptrend","May 28, 2026","2249218.57","1.86","0.15","-2.57","Moving Down","","",,="3/9","<1","false","Swing"
"ETR","Entergy Corporation Common Stock","Utilities","Utilities - Regulated Electric","107.34","33.07","Sell","Jul 10, 2026","Downtrend","Jul 29, 2026","2383687.93","63.42","1.27","-0.57","Moving Up","","",,="4/9","<1","false","Swing"
"FNB","F.N.B. Corporation Common Stock","Financials","Banks - Regional","18.53","65.43","Sell","Jul 10, 2026","Downtrend","Aug 20, 2026","5368107.17","65","3.04","-0.22","Moving Down","","",,="2/9","<1","false","Swing"
"FULT","Fulton Financial Corporation Common Stock","Financials","Banks - Regional","23.62","58.86","Sell","Jul 10, 2026","Downtrend","Aug 19, 2026","1702140.67","89.41","5.58","-0.13","Moving Down","","",,="2/9","<1","false","Swing"
"MO","Altria Group, Inc.","Staples","Tobacco","66.94","37.62","Sell","Jul 10, 2026","Downtrend","Jul 31, 2026","8971970.07","20.83","0.97","1.38","Moving Down","","",,="2/9","<1","false","Swing"
"PG","Procter & Gamble Company (The) Common Stock","Staples","Household & Personal Products","142.97","41.92","Sell","Jul 10, 2026","Downtrend","Aug 05, 2026","8552291.77","51.87","6.99","-0.98","Moving Down","","",,="2/9","<1","false","Swing"
"PPL","PPL Corporation Common Stock","Utilities","Utilities - Regulated Electric","35.2","41.64","Sell","Jul 10, 2026","Downtrend","Aug 18, 2026","7580878.4","11.46","4.84","-0.82","Moving Down","","",,="2/9","<1","false","Swing"
"PZZA","Papa John's International, Inc. Common Stock","Discretionary","Restaurants","23.32","11.48","Sell","Jul 10, 2026","Downtrend","Jul 10, 2026","1509152.03","-68.08","2.91","0.21","Moving Down","","",,="2/9","<1","false","Swing"
"RBA","RB Global, Inc. Common Stock","Industrials","Specialty Business Services","87.39","12.02","Sell","Jul 10, 2026","Downtrend","Aug 05, 2026","1662826.97","124.58","2.91","1.4","Moving Down","","",,="2/9","<1","false","Swing"
"SMPL","The Simply Good Foods Company Common Stock","Staples","Packaged Foods","10.99","69.71","Sell","Jul 10, 2026","Downtrend","Jul 16, 2026","2285732.67","-34.21","9.03","-4.02","Moving Up","","","true",="3/9","<1","false","Swing"
"SONY","Sony Group Corporation American Depositary Shares ","Technology","Consumer Electronics","23.58","82.27","Buy","Jul 10, 2026","Uptrend","Jul 27, 2026","5023401.6","19.27","0.7","0.38","Moving Down","","",,="4/9","<1","false","Swing"
"TRIP","TripAdvisor, Inc. Common Stock","Discretionary","Travel Services","10.03","23.22","Sell","Jul 10, 2026","Downtrend","Aug 06, 2026","3398265.5","56.78","7.48","-3.56","Moving Down","","",,="2/9","<1","false","Swing"
"UMC","United Microelectronics Corporation (NEW) Common Stock","Technology","Semiconductors","18","57.32","Sell","Jul 10, 2026","Downtrend","Jul 17, 2026","14112118.1","588.28","3.01","-0.66","Moving Up","","",,="3/9","<1","false","Swing"
"VCYT","Veracyte, Inc. Common Stock","Health Care","Diagnostics & Research","41.79","24.56","Sell","Jul 10, 2026","Downtrend","Jul 31, 2026","1281952.6","184.93","17.84","-0.95","Moving Down","","",,="4/9","<1","false","Swing"
"XEL","Xcel Energy Inc. Common Stock","Utilities","Utilities - Regulated Electric","78.71","39.6","Sell","Jul 10, 2026","Downtrend","Aug 20, 2026","4743453.6","6.5","0.63","-0.88","Moving Up","","",,="4/9","<1","false","Swing"
"BLDR","Builders FirstSource, Inc. Common Stock","Industrials","Building Products & Equipment","70.32","47.46","Sell","Jul 09, 2026","Downtrend","Jul 09, 2026","2110722.43","-134.56","0.2","-3.07","Moving Up","","",,="3/9","<1","false","Swing"
"CXW","CoreCivic, Inc. Common Stock","Industrials","Security & Protection Services","33.51","63.52","Sell","Jul 09, 2026","Uptrend","May 13, 2026","1228252.03","46.64","1.19","4.75","Moving Down","","",,="3/9","<1","false","Swing"
"FHB","First Hawaiian, Inc. Common Stock","Financials","Banks - Regional","26.61","51.57","Sell","Jul 09, 2026","Downtrend","Jul 24, 2026","2484943.9","1.71","4.38","-0.6","Moving Down","","",,="2/9","<1","false","Swing"
"PEG","Public Service Enterprise Group Incorporated Common Stock","Utilities","Utilities - Regulated Electric","74.62","30.45","Sell","Jul 09, 2026","Downtrend","Jul 16, 2026","2807193.5","8.83","0.76","-0.94","Moving Up","","",,="4/9","<1","false","Swing"
"QFIN","Qfin Holdings, Inc. American Depositary Shares","Financials","Credit Services","11.45","37.68","Sell","Jul 09, 2026","Downtrend","Jul 10, 2026","1256796.67","47.27","10.39","-2.88","Moving Down","","",,="2/9","<1","false","Swing"
"SGI","Somnigroup International Inc. Common Stock","Discretionary","Furnishings Fixtures & Appliances","64.26","30.98","Sell","Jul 09, 2026","Downtrend","Jul 17, 2026","2640330.83","-8.98","0.36","-2.67","Moving Up","","",,="3/9","<1","false","Swing"
"AFRM","Affirm Holdings, Inc. Class A Common Stock","Financials","Credit Services","75.05","46.11","Sell","Jul 08, 2026","Neutral","Aug 20, 2026","3209023.33","91.41","3.58","-2.95","Moving Up","","Positive",,="3/9","<1","false","Swing"
"AMRX","Amneal Pharmaceuticals, Inc. Class A Common Stock","Health Care","Drug Manufacturers - Specialty & Generic","17.9","55.94","Sell","Jul 08, 2026","Uptrend","Jun 03, 2026","1875913.73","60.53","0.63","-1.16","Moving Down","","",,="4/9","<1","false","Swing"
"AROC","Archrock, Inc. Common Stock","Energy","Oil & Gas Equipment & Services","32.28","14.22","Sell","Jul 08, 2026","Downtrend","Jul 24, 2026","1593457.7","251.74","1.46","-0.03","Moving Up","","",,="5/9","<1","false","Swing"
"BV","BrightView Holdings, Inc. Common Stock","Industrials","Specialty Business Services","11.15","40.75","Sell","Jul 08, 2026","Downtrend","Jul 29, 2026","1212572.53","-52.41","1.66","-3.13","Moving Up","","",,="3/9","<1","false","Swing"
"CAT","Caterpillar, Inc. Common Stock","Industrials","Farm & Heavy Construction Machinery","815.39","32.99","Sell","Jul 08, 2026","Downtrend","Aug 18, 2026","2851270.5","239.89","1.33","-0.09","Moving Down","","",,="2/9","<1","false","Swing"
"CVS","CVS Health Corporation Common Stock","Health Care","Healthcare Plans","93.65","47.25","Sell","Jul 08, 2026","Downtrend","Aug 05, 2026","7953569.47","35.22","2.91","0","Moving Down","","",,="4/9","<1","false","Swing"
"DHI","D.R. Horton, Inc. Common Stock","Discretionary","Residential Construction","147.33","50.02","Sell","Jul 08, 2026","Downtrend","Aug 20, 2026","2325095.5","201.97","2.82","-2.98","Moving Up","","",,="3/9","<1","false","Swing"
"DKS","Dick's Sporting Goods Inc Common Stock","Discretionary","Specialty Retail","179.34","30.33","Sell","Jul 08, 2026","Downtrend","Aug 11, 2026","1360411.33","-233.86","0.2","-6.25","Moving Down","","Positive",,="2/9","<1","false","Swing"
"LNTH","Lantheus Holdings, Inc. Common Stock","Health Care","Drug Manufacturers - Specialty & Generic","100.24","41.12","Sell","Jul 08, 2026","Downtrend","Aug 06, 2026","1648000.17","227.59","0.83","-0.24","Moving Up","","",,="5/9","<1","false","Swing"
"LUV","Southwest Airlines Company Common Stock","Industrials","Airlines","39.89","41.07","Sell","Jul 08, 2026","Downtrend","Aug 10, 2026","4851291.73","18.29","5.51","-3.69","Moving Down","","",,="2/9","<1","false","Swing"
"MKSI","MKS Inc. Common Stock","Technology","Scientific & Technical Instruments","281.88","31.47","Sell","Jul 08, 2026","Downtrend","Jul 24, 2026","1399353.57","88.35","1.73","0.1","Moving Up","","",,="3/9","<1","false","Swing"
"MTZ","MasTec, Inc. Common Stock","Industrials","Engineering & Construction","271.86","31.65","Sell","Jul 08, 2026","Downtrend","Jul 10, 2026","1496353.67","235.52","2.01","-0.08","Moving Up","","",,="3/9","<1","false","Swing"
"NI","NiSource Inc Common Stock","Utilities","Utilities - Regulated Gas","41.64","17.45","Sell","Jul 08, 2026","Downtrend","Jul 09, 2026","5567178.03","4.11","0.17","0.02","Moving Down","","",,="3/9","<1","false","Swing"
"RRX","Regal Rexnord Corporation Common Stock","Industrials","Specialty Industrial Machinery","165.85","29.67","Sell","Jul 08, 2026","Downtrend","Aug 05, 2026","1217789.13","187.85","5.36","-2.15","Moving Down","","",,="2/9","<1","false","Swing"
"TGTX","TG Therapeutics, Inc. Common Stock","Health Care","Biotechnology","50.56","29.46","Sell","Jul 08, 2026","Neutral","Aug 18, 2026","2112025.7","186.96","1.67","-2.19","Moving Up","","",,="5/9","<1","false","Swing"
"UCTT","Ultra Clean Holdings, Inc. Common Stock","Technology","Semiconductor Equipment & Materials","73.01","34.82","Sell","Jul 08, 2026","Downtrend","Aug 14, 2026","1335083.33","-57.74","0.27","-2.67","Moving Down","","",,="2/9","<1","false","Swing"
"WING","Wingstop Inc. Common Stock","Discretionary","Restaurants","113.63","29.91","Sell","Jul 08, 2026","Downtrend","Jul 14, 2026","1290931.47","276.91","18.53","-5.72","Moving Up","","",,="3/9","<1","false","Swing"
"ACMR","ACM Research, Inc. Class A Common Stock","Technology","Semiconductor Equipment & Materials","78.52","51.43","Sell","Jul 07, 2026","Downtrend","Aug 19, 2026","1009767.7","64.43","1.6","1.2","Moving Down","","",,="2/9","<1","false","Swing"
"ALGM","Allegro MicroSystems, Inc. Common Stock","Technology","Semiconductors","37.19","32.06","Sell","Jul 07, 2026","Downtrend","Jul 15, 2026","2153458.47","-0.31","0.32","-3.02","Moving Down","","",,="2/9","<1","false","Swing"
"ALLY","Ally Financial Inc. Common Stock","Financials","Credit Services","42.29","59.05","Sell","Jul 07, 2026","Downtrend","Aug 17, 2026","2914585.23","78.84","4.43","-1.9","Moving Down","","",,="2/9","<1","false","Swing"
"BROS","Dutch Bros Inc. Class A Common Stock","Discretionary","Restaurants","49.37","20.67","Sell","Jul 07, 2026","Downtrend","Aug 06, 2026","3672137.5","-118.05","0.12","-1.79","Moving Up","","",,="3/9","<1","false","Swing"
"EFX","Equifax, Inc. Common Stock","Industrials","Consulting Services","192.41","73.96","Buy","Jul 07, 2026","Uptrend","Jul 24, 2026","1518229","87.27","6.46","0.16","Moving Up","","",,="4/9","<1","false","Swing"
"ESI","Element Solutions Inc. Common Stock","Materials","Specialty Chemicals","35.54","60.65","Sell","Jul 07, 2026","Downtrend","Jul 07, 2026","4471498.53","-49.36","0.22","-1.77","Moving Down","","",,="3/9","<1","false","Swing"
"HRL","Hormel Foods Corporation Common Stock","Staples","Packaged Foods","24.08","61.33","Sell","Jul 07, 2026","Downtrend","Aug 17, 2026","3363261.5","-49.25","2.68","-1.35","Moving Down","","",,="2/9","<1","false","Swing"
"AMKR","Amkor Technology, Inc. Common Stock","Technology","Semiconductor Equipment & Materials","50.86","38.27","Sell","Jul 06, 2026","Downtrend","Jul 06, 2026","5369678.47","41.46","0.44","-0.06","Moving Up","","",,="3/9","<1","false","Swing"
"CRH","CRH PLC Ordinary Shares","Materials","Building Materials","93.09","34.59","Sell","Jul 06, 2026","Downtrend","Jul 07, 2026","4122413.97","167.99","3.17","-1.74","Moving Down","","",,="3/9","<1","false","Swing"
"DOV","Dover Corporation Common Stock","Industrials","Specialty Industrial Machinery","199.88","44.32","Sell","Jul 06, 2026","Downtrend","Jul 17, 2026","1107503.77","85.49","2.62","-1.24","Moving Down","","",,="2/9","<1","false","Swing"
"FLG","Flagstar Bank, N.A. Common Stock","Financials","Banks - Regional","13.49","25.35","Sell","Jul 06, 2026","Downtrend","Jul 24, 2026","4254324.43","8.78","3.81","-1.46","Moving Down","","",,="2/9","<1","false","Swing"
"GNRC","Generac Holdlings Inc. Common Stock","Industrials","Specialty Industrial Machinery","206.75","51.63","Sell","Jul 06, 2026","Downtrend","Jul 06, 2026","1088262.63","195.41","6.75","-1.93","Moving Up","","",,="3/9","<1","false","Swing"
"TWO","Two Harbors Investment Corp","Real Estate","REIT - Mortgage","12.04","69.68","Sell","Jul 06, 2026","Downtrend","Aug 10, 2026","2860846.03","1.34","3.25","0.25","Moving Down","","",,="4/9","<1","false","Swing"
"VERA","Vera Therapeutics, Inc. Class A Common Stock","Health Care","Biotechnology","31.26","26.59","Sell","Jul 06, 2026","Downtrend","Jul 21, 2026","1994433.67","3.48","0.19","-3.14","Moving Up","","",,="5/9","<1","false","Swing"
"WDC","Western Digital Corporation Common Stock","Technology","Computer Hardware","469.05","48.32","Sell","Jul 06, 2026","Downtrend","Aug 18, 2026","7953395.83","-0.91","0.34","1.51","Moving Up","","",,="3/9","<1","false","Swing"
"WH","Wyndham Hotels & Resorts, Inc. Common Stock ","Discretionary","Lodging","75.31","39.92","Sell","Jul 06, 2026","Downtrend","Jul 08, 2026","1331536.1","-45.34","0.52","-0.71","Moving Up","","",,="2/9","<1","false","Swing"
"AMX","America Movil, S.A.B. de C.V. American Depositary Shares (each representing the right to receive twenty (20) Series B Shares","Communication","Telecom Services","23.39","25.49","Sell","Jul 02, 2026","Downtrend","Jul 23, 2026","2070364.8","-0.03","0.33","-0.68","Moving Down","","",,="2/9","<1","false","Swing"
"HGV","Hilton Grand Vacations Inc. Common Stock ","Discretionary","Resorts & Casinos","44.82","31.34","Sell","Jul 02, 2026","Downtrend","Jul 30, 2026","1111288.53","-35.28","0.88","-1.1","Moving Up","","",,="3/9","<1","false","Swing"
"KLAC","KLA Corporation Common Stock","Technology","Semiconductor Equipment & Materials","185.86","24.91","Sell","Jul 02, 2026","Downtrend","Aug 14, 2026","10874020.27","873.95","2.3","-0.75","Moving Up","","",,="3/9","<1","false","Swing"
"MARA","MARA Holdings, Inc. Common Stock","Financials","Capital Markets","11.15","23.38","Sell","Jul 02, 2026","Downtrend","Jul 24, 2026","47615440.17","-7311.24","0.03","15.54","Moving Up","","",,="2/9","<1","false","Swing"
"MDU","MDU Resources Group, Inc. Common Stock (Holding Company)","Utilities","Utilities - Regulated Gas","20.31","50.59","Sell","Jul 02, 2026","Downtrend","Jul 27, 2026","1397601.77","41.3","9.3","-0.93","Moving Up","","",,="4/9","<1","false","Swing"
"MIR","Mirion Technologies, Inc. Class A Common Stock","Industrials","Specialty Industrial Machinery","15.23","36.53","Sell","Jul 02, 2026","Downtrend","Jul 06, 2026","3970283.9","-177.44","0.14","-2.37","Moving Up","","",,="3/9","<1","false","Swing"
"SNEX","StoneX Group Inc. Common Stock","Financials","Capital Markets","66.19","28.99","Sell","Jul 01, 2026","Downtrend","Jul 31, 2026","1068342.5","504.08","2.02","0.06","Moving Up","","",,="3/9","<1","false","Swing"
"STAA","STAAR Surgical Company Common Stock","Health Care","Medical Instruments & Supplies","23.07","55.95","Sell","Jul 01, 2026","Downtrend","Aug 17, 2026","1028506.23","262.89","30.96","-6.45","Moving Down","","",,="4/9","<1","false","Swing"
"GEO","Geo Group Inc (The) REIT","Industrials","Security & Protection Services","31.72","48.81","Sell","Jun 30, 2026","Uptrend","Mar 17, 2026","1651389.27","-56.89","0.25","3.39","Moving Down","","",,="3/9","<1","false","Swing"
"HMC","Honda Motor Company, Ltd. Common Stock","Discretionary","Auto Manufacturers","32.6","87.06","Buy","Jun 30, 2026","Uptrend","Jun 26, 2026","1093110.1","65","10.39","2.16","Moving Up","","",,="5/9","<1","false","Swing"
"AMAT","Applied Materials, Inc. Common Stock","Technology","Semiconductor Equipment & Materials","496.21","36.96","Sell","Jun 29, 2026","Downtrend","Aug 18, 2026","7523836.67","725.47","2.74","0.01","Moving Down","","",,="2/9","<1","false","Swing"
"BDX","Becton, Dickinson and Company Common Stock","Health Care","Medical Instruments & Supplies","187.62","96.26","Buy","Jun 29, 2026","Uptrend","Jul 15, 2026","1764861.07","-8.13","10.56","0.01","Moving Up","","",,="7/9","<1","false","Swing"
"FUN","Six Flags Entertainment Corporation Common Stock New","Discretionary","Leisure","16.79","36.13","Sell","Jun 29, 2026","Downtrend","Jul 01, 2026","2255776","-28.9","6.21","-0.65","Moving Down","","",,="2/9","<1","false","Swing"
"GFS","GlobalFoundries Inc. Ordinary Shares","Technology","Semiconductors","47.33","27.1","Sell","Jun 29, 2026","Downtrend","Jul 02, 2026","4186151.13","-30.09","2.09","-2.57","Moving Down","","",,="2/9","<1","false","Swing"
"GNTX","Gentex Corporation Common Stock","Discretionary","Auto Parts","23.59","49.61","Sell","Jun 29, 2026","Downtrend","Aug 10, 2026","2336071.73","13.28","5.01","-0.21","Moving Down","","",,="2/9","<1","false","Swing"
"PEB","Pebblebrook Hotel Trust Common Shares of Beneficial Interest","Real Estate","REIT - Hotel & Motel","18.56","61.53","Sell","Jun 29, 2026","Neutral","Aug 12, 2026","2083581.6","-51.89","1.78","0.92","Moving Up","","",,="4/9","<1","false","Swing"
"TTMI","TTM Technologies, Inc. Common Stock","Technology","Electronic Components","114.38","27.2","Sell","Jun 29, 2026","Downtrend","Jul 02, 2026","2864889.4","139.44","0.59","-1.72","Moving Down","","",,="2/9","<1","false","Swing"
"AESI","Atlas Energy Solutions Inc. Common Stock","Energy","Oil & Gas Equipment & Services","12.99","0",,"","Neutral","Aug 20, 2026","3458865.97","",,,"","","",,="4/9","<1","true","Swing"
"AHR","American Healthcare REIT, Inc. Common Stock","Real Estate","REIT - Healthcare Facilities","55.77","0",,"","Neutral","Aug 13, 2026","2621227.57","",,,"","","",,="4/9","<1","true","Swing"
"ALAB","Astera Labs, Inc. Common Stock","Technology","Semiconductors","290.52","0",,"","Downtrend","Aug 10, 2026","4459744.03","",,,"","","",,="2/9","<1","true","Swing"
"ALH","Alliance Laundry Holdings Inc. Common Stock","Discretionary","Furnishings Fixtures & Appliances","23.18","0",,"","Downtrend","Aug 17, 2026","1089389.03","",,,"","","",,="2/9","<1","true","Swing"
"ALHC","Alignment Healthcare, Inc. Common Stock","Health Care","Healthcare Plans","12.93","0",,"","Downtrend","Jul 23, 2026","5061331.83","",,,"","","",,="4/9","<1","true","Swing"
"AMPX","Amprius Technologies, Inc. Common Stock","Industrials","Electrical Equipment & Parts","10.2","0",,"","Downtrend","Aug 20, 2026","5917950.37","",,,"","","",,="2/9","<1","true","Swing"
"AMTM","Amentum Holdings, Inc. Common Stock","Industrials","Specialty Business Services","20.61","0",,"","Downtrend","Aug 17, 2026","2181781.27","",,,"","","",,="2/9","<1","true","Swing"
"APGE","Apogee Therapeutics, Inc. Common Stock","Health Care","Biotechnology","134.75","0",,"","Uptrend","Jun 04, 2026","1170211.23","",,,"","","",,="5/9","<1","true","Swing"
"APP","Applovin Corporation Class A Common Stock","Communication","Advertising Agencies","308.77","0",,"","Downtrend","Jul 13, 2026","6744509.37","",,,"","","",,="2/9","<1","true","Swing"
"ASST","Strive, Inc. Class A Common Stock","Financials","Asset Management","16.13","0",,"","Uptrend","Aug 19, 2026","3065836.67","",,,"","","",,="2/9","<1","true","Swing"
"ASTS","AST SpaceMobile, Inc. Class A Common Stock","Technology","Communication Equipment","65.06","0",,"","Neutral","Aug 13, 2026","13559114.37","",,,"","","",,="2/9","<1","true","Swing"
"AVAH","Aveanna Healthcare Holdings Inc. Common Stock","Health Care","Medical Care Facilities","12.97","0",,"","Uptrend","Aug 13, 2026","2612454.27","",,,"","","",,="5/9","<1","true","Swing"
"BAM","Brookfield Asset Management Inc Class A Limited Voting Shares","Financials","Asset Management","51.52","0",,"","Uptrend","Jul 27, 2026","2421629.03","",,,"","","",,="3/9","<1","true","Swing"
"BBNX","Beta Bionics, Inc. Common Stock","Health Care","Medical Devices","19.48","0",,"","Uptrend","Aug 11, 2026","1389848.57","",,,"","","",,="5/9","<1","true","Swing"
"BEPC","Brookfield Renewable Corporation Brookfield Renewable Corporation Class A Subordinate Voting Shares","Utilities","Utilities - Renewable","33.44","0",,"","Downtrend","Aug 20, 2026","1861562.27","",,,"","","",,="3/9","<1","true","Swing"
"BKSY","BlackSky Technology Inc. Class A Common Stock","Industrials","Specialty Business Services","26.73","0",,"","Neutral","Aug 19, 2026","1121417.07","",,,"","","",,="2/9","<1","true","Swing"
"BMNR","BitMine Immersion Technologies, Inc. Common Stock","Financials","Capital Markets","21.57","0",,"","Uptrend","Jul 30, 2026","34047261.27","",,,"","","Positive",,="3/9","<1","true","Swing"
"BTSG","BrightSpring Health Services, Inc. Common Stock","Health Care","Health Information Services","59.53","0",,"","Downtrend","Jul 31, 2026","3960588.57","",,,"","","",,="4/9","<1","true","Swing"
"CADL","Candel Therapeutics, Inc. Common Stock","Health Care","Biotechnology","12.35","0",,"","Uptrend","Apr 15, 2026","1293179.97","",,,"","","",,="5/9","<1","true","Swing"
"CAI","Caris Life Sciences, Inc. Common Stock","Health Care","Biotechnology","24.58","0",,"","Uptrend","Aug 06, 2026","4598407","",,,"","","",,="5/9","<1","true","Swing"
"CART","Maplebear Inc. Common Stock","Discretionary","Internet Retail","51.07","0",,"","Uptrend","Aug 07, 2026","4327476.1","",,,"","","",,="2/9","<1","true","Swing"
"CAVA","CAVA Group, Inc. Common Stock","Discretionary","Restaurants","72.03","0",,"","Uptrend","Aug 19, 2026","3560570.07","",,,"","","",,="3/9","<1","true","Swing"
"CHYM","Chime Financial, Inc. Class A Common Stock","Technology","Software - Application","31.95","0",,"","Uptrend","Jun 26, 2026","8197893.43","",,,"","","",,="3/9","<1","true","Swing"
"CIFR","Cipher Digital Inc. Common Stock","Technology","Information Technology Services","17.21","0",,"","Downtrend","Aug 04, 2026","32305953.07","",,,"","","",,="1/9","<1","true","Swing"
"CLMT","Calumet, Inc. Common Stock","Materials","Specialty Chemicals","48.29","0",,"","Uptrend","Jun 29, 2026","1280442.6","",,,"","","",,="4/9","<1","true","Swing"
"CORZ","Core Scientific, Inc. Common Stock","Technology","Software - Infrastructure","18.39","0",,"","Downtrend","Jul 24, 2026","12310386.47","",,,"","","",,="2/9","<1","true","Swing"
"CRBG","Corebridge Financial Inc. Common Stock","Financials","Asset Management","31.81","0",,"","Uptrend","Jun 09, 2026","4564509.5","",,,"","","",,="3/9","<1","true","Swing"
"CRCL","Circle Internet Group, Inc. Class A Common Stock","Financials","Capital Markets","83.66","0",,"","Uptrend","Aug 19, 2026","12927145.8","",,,"","","Positive",,="3/9","<1","true","Swing"
"CRWV","CoreWeave, Inc. Class A Common Stock","Technology","Software - Infrastructure","89.76","0",,"","Neutral","Aug 19, 2026","29313742.93","",,,"","","",,="2/9","<1","true","Swing"
"CTRI","Centuri Holdings, Inc. Common Stock","Utilities","Utilities - Regulated Gas","21.78","0",,"","Downtrend","Jun 26, 2026","1979746.03","",,,"","","",,="3/9","<1","true","Swing"
"CURB","Curbline Properties Corp. Common Stock","Real Estate","REIT - Retail","29.47","0",,"","Downtrend","Aug 17, 2026","1186825.87","",,,"","","",,="4/9","<1","true","Swing"
"DFNS","T3 Defense Inc. Common Stock","Industrials","Aerospace & Defense","24.4","0",,"","Downtrend","Aug 20, 2026","6170586.03","",,,"","","",,="2/9","<1","true","Swing"
"DFTX","Definium Therapeutics, Inc. Common Shares","Health Care","Biotechnology","45.4","0",,"","Uptrend","May 22, 2026","2063813.23","",,,"","","",,="4/9","<1","true","Swing"
"DLO","DLocal Limited Class A Common Shares","Technology","Software - Infrastructure","14.34","0",,"","Neutral","Aug 19, 2026","2149539","",,,"","","",,="2/9","<1","true","Swing"
"DX","Dynex Capital, Inc. Common Stock","Real Estate","REIT - Mortgage","13.25","0",,"","Uptrend","Aug 14, 2026","5795718.93","",,,"","","",,="4/9","<1","true","Swing"
"DXYZ","Destiny Tech100 Inc. Common Stock","Financials","Asset Management","34.65","0",,"","Uptrend","Aug 11, 2026","1201539.33","",,,"","","",,="3/9","<1","true","Swing"
"ERAS","Erasca, Inc. Common Stock","Health Care","Biotechnology","17.08","0",,"","Downtrend","Aug 20, 2026","3849204.8","",,,"","","",,="4/9","<1","true","Swing"
"FIG","Figma, Inc. Class A Common Stock","Technology","Software - Application","27.31","0",,"","Uptrend","Jul 27, 2026","21271189.9","",,,"","","",,="3/9","<1","true","Swing"
"FIGR","Figure Technology Solutions, Inc. Class A Common Stock","Financials","Capital Markets","36.06","0",,"","Uptrend","Aug 13, 2026","3700107.73","",,,"","","",,="3/9","<1","true","Swing"
"FLY","Firefly Aerospace Inc. Common Stock","Industrials","Aerospace & Defense","23.63","0",,"","Neutral","Aug 18, 2026","3336615.13","",,,"","","",,="2/9","<1","true","Swing"
"FTRE","Fortrea Holdings Inc. Common Stock","Health Care","Biotechnology","18.19","0",,"","Neutral","Aug 17, 2026","1507298.47","",,,"","","",,="4/9","<1","true","Swing"
"FWRG","First Watch Restaurant Group, Inc. Common Stock","Discretionary","Restaurants","12.63","0",,"","Neutral","Aug 19, 2026","1094078.4","",,,"","","",,="1/9","<1","true","Swing"
"GEHC","GE HealthCare Technologies Inc. Common Stock ","Health Care","Medical Devices","74.06","0",,"","Uptrend","Jul 29, 2026","4834073.8","",,,"","","",,="4/9","<1","true","Swing"
"GEV","GE Vernova Inc. Common Stock","Industrials","Specialty Industrial Machinery","966.01","0",,"","Downtrend","Aug 20, 2026","2482537.03","",,,"","","Positive",,="2/9","<1","true","Swing"
"GLXY","Galaxy Digital Inc. Class A Common Stock","Financials","Capital Markets","23.47","0",,"","Downtrend","Jun 29, 2026","6384323.47","",,,"","","",,="2/9","<1","true","Swing"
"HNGE","Hinge Health, Inc. Class A Common Stock","Health Care","Health Information Services","85.62","0",,"","Uptrend","Aug 07, 2026","1622672.93","",,,"","","",,="5/9","<1","true","Swing"
"HTFL","Heartflow, Inc. Common Stock","Health Care","Health Information Services","46.8","0",,"","Uptrend","Aug 07, 2026","1619274.43","",,,"","","",,="5/9","<1","true","Swing"
"IE","Ivanhoe Electric Inc. Common Stock","Materials","Copper","10.29","0",,"","Neutral","Aug 20, 2026","1989099.97","",,,"","","",,="3/9","<1","true","Swing"
"IMMX","Immix Biopharma, Inc. Common Stock","Health Care","Biotechnology","13.16","0",,"","Uptrend","Aug 10, 2026","1609786.43","",,,"","","",,="5/9","<1","true","Swing"
"IPST","IP Strategy Holdings, Inc. Common Stock","Financials","Capital Markets","10.31","0",,"","Uptrend","Aug 17, 2026","4794569.6","",,,"","","",,="3/9","<1","true","Swing"
"KGS","Kodiak Gas Services, Inc. Common Stock","Energy","Oil & Gas Equipment & Services","60.6","0",,"","Downtrend","Aug 19, 2026","1630265.73","",,,"","","",,="4/9","<1","true","Swing"
"KRMN","Karman Holdings Inc. Common Stock","Industrials","Aerospace & Defense","54.36","0",,"","Neutral","Aug 20, 2026","3416424.53","",,,"","","",,="2/9","<1","true","Swing"
"KVUE","Kenvue Inc. Common Stock","Staples","Household & Personal Products","18.93","0",,"","Neutral","Aug 19, 2026","19315246.2","",,,"","","",,="2/9","<1","true","Swing"
"KVYO","Klaviyo, Inc. Series A Common Stock","Technology","Software - Application","18.11","0",,"","Uptrend","Aug 10, 2026","5699417.93","",,,"","","",,="3/9","<1","true","Swing"
"LGN","Legence Corp. Class A Common stock","Industrials","Engineering & Construction","60.08","0",,"","Downtrend","Jul 01, 2026","1378209.63","",,,"","","",,="2/9","<1","true","Swing"
"MIAX","Miami International Holdings, Inc. Common Stock","Financials","Capital Markets","41.32","0",,"","Downtrend","Aug 17, 2026","1191417.8","",,,"","","",,="2/9","<1","true","Swing"
"MNTN","MNTN, Inc. Class A Common Stock","Technology","Software - Application","12.67","0",,"","Uptrend","Aug 05, 2026","1086295.5","",,,"","","",,="3/9","<1","true","Swing"
"MQ","Marqeta, Inc. Class A Common Stock","Technology","Software - Infrastructure","15.8","0",,"","Downtrend","Aug 10, 2026","1100136.47","",,,"","","",,="2/9","<1","true","Swing"
"MRP","Millrose Properties, Inc. Class A Common Stock","Real Estate","REIT - Residential","30.58","0",,"","Uptrend","Aug 05, 2026","1104142.33","",,,"","","",,="5/9","<1","true","Swing"
"NIQ","NIQ Global Intelligence plc Ordinary Shares","Technology","Software - Application","18.15","0",,"","Uptrend","Jul 01, 2026","1818393.27","",,,"","","",,="3/9","<1","true","Swing"
"NMAX","Newsmax, Inc. Class B Common Stock","Communication","Broadcasting","10.87","0",,"","Uptrend","Aug 06, 2026","1020346.1","",,,"","","",,="3/9","<1","true","Swing"
"NN","NextNav Inc. Common Stock","Technology","Software - Infrastructure","17.33","0",,"","Uptrend","Aug 11, 2026","2909468.1","",,,"","","",,="3/9","<1","true","Swing"
"NNE","Nano Nuclear Energy Inc. Common Stock","Industrials","Specialty Industrial Machinery","18.23","0",,"","Neutral","Aug 14, 2026","2004890.53","",,,"","","",,="2/9","<1","true","Swing"
"NTSK","Netskope, Inc. Class A Common Stock","Technology","Software - Infrastructure","14.38","0",,"","Uptrend","Jul 24, 2026","4552835.63","",,,"","","",,="3/9","<1","true","Swing"
"NXT","Nextpower Inc. Class A Common Stock","Technology","Solar","87.86","0",,"","Downtrend","Jun 23, 2026","2873282.57","",,,"","","",,="2/9","<1","true","Swing"
"OMDA","Omada Health, Inc. Common Stock","Health Care","Health Information Services","23.71","0",,"","Uptrend","Aug 10, 2026","1450729","",,,"","","",,="5/9","<1","true","Swing"
"OSCR","Oscar Health, Inc. Class A Common Stock","Health Care","Healthcare Plans","31.57","0",,"","Uptrend","Aug 14, 2026","5236823.6","",,,"","","",,="5/9","<1","true","Swing"
"OTF","Blue Owl Technology Finance Corp. Common Stock","Financials","Asset Management","11.11","0",,"","Uptrend","Aug 06, 2026","2577083.03","",,,"","","",,="3/9","<1","true","Swing"
"OUST","Ouster, Inc. Common Stock","Technology","Electronic Components","37.95","0",,"","Neutral","Aug 19, 2026","3278875.53","",,,"","","",,="2/9","<1","true","Swing"
"PRMB","Primo Brands Corporation Class A Common Stock","Staples","Beverages - Non-Alcoholic","23.1","0",,"","Downtrend","Aug 20, 2026","3724536.63","",,,"","","",,="2/9","<1","true","Swing"
"PSKY","Paramount Skydance Corporation Class B Common Stock","Communication","Entertainment","10.29","0",,"","Uptrend","Aug 11, 2026","11456612.53","",,,"","","",,="2/9","<1","true","Swing"
"PSNL","Personalis, Inc. Common Stock","Health Care","Diagnostics & Research","16.88","0",,"","Uptrend","Aug 05, 2026","4478473","",,,"","","",,="5/9","<1","true","Swing"
"PTRN","Pattern Group Inc. Series A Common Stock","Technology","Software - Application","20.04","0",,"","Downtrend","Aug 14, 2026","1808075.53","",,,"","","",,="2/9","<1","true","Swing"
"PUMP","ProPetro Holding Corp. Common Stock","Energy","Oil & Gas Equipment & Services","11.33","0",,"","Downtrend","Aug 18, 2026","3740371.4","",,,"","","",,="4/9","<1","true","Swing"
"QBTS","D-Wave Quantum Inc. Common Shares","Technology","Computer Hardware","18.8","0",,"","Neutral","Aug 18, 2026","17090702.2","",,,"","","",,="2/9","<1","true","Swing"
"RAL","Ralliant Corporation Common Stock","Technology","Electronic Components","63.93","0",,"","Downtrend","Aug 20, 2026","1606471.93","",,,"","","",,="2/9","<1","true","Swing"
"RBRK","Rubrik, Inc. Class A Common Stock","Technology","Software - Infrastructure","97.52","0",,"","Uptrend","Aug 05, 2026","2848984.33","",,,"","","",,="3/9","<1","true","Swing"
"RDDT","Reddit, Inc. Class A Common Stock","Communication","Internet Content & Information","150.31","0",,"","Downtrend","Aug 17, 2026","7226525.97","",,,"","","",,="2/9","<1","true","Swing"
"RGTI","Rigetti Computing, Inc. Common Stock","Technology","Computer Hardware","16.065","0",,"","Neutral","Aug 19, 2026","20419109.53","",,,"","","",,="2/9","<1","true","Swing"
"RIVN","Rivian Automotive, Inc. Class A Common Stock","Discretionary","Auto Manufacturers","16.01","0",,"","Downtrend","Aug 12, 2026","24668833","",,,"","","",,="1/9","<1","true","Swing"
"RXO","RXO, Inc. Common Stock","Industrials","Trucking","21.67","0",,"","Downtrend","Jul 27, 2026","1913283.97","",,,"","","",,="2/9","<1","true","Swing"
"S","SentinelOne, Inc. Class A Common Stock","Technology","Software - Infrastructure","20.94","0",,"","Uptrend","Jun 30, 2026","7059754.07","",,,"","","",,="3/9","<1","true","Swing"
"SAIL","SailPoint, Inc. Common Stock","Technology","Software - Infrastructure","18.51","0",,"","Uptrend","Jul 24, 2026","3304541.1","",,,"","","",,="3/9","<1","true","Swing"
"SARO","StandardAero, Inc. Common Stock","Industrials","Aerospace & Defense","25.23","0",,"","Downtrend","Aug 13, 2026","3286793.5","",,,"","","",,="2/9","<1","true","Swing"
"SFD","Smithfield Foods, Inc. Common Stock","Staples","Packaged Foods","22.28","0",,"","Downtrend","Aug 06, 2026","1434021.2","",,,"","","",,="2/9","<1","true","Swing"
"SGMT","Sagimet Biosciences Inc. Series A Common Stock","Health Care","Biotechnology","10.18","0",,"","Uptrend","Aug 04, 2026","1206753.83","",,,"","","",,="5/9","<1","true","Swing"
"SN","SharkNinja, Inc. Ordinary Shares","Discretionary","Furnishings Fixtures & Appliances","179.98","0",,"","Uptrend","May 27, 2026","1770852.4","",,,"","","",,="3/9","<1","true","Swing"
"SNDK","Sandisk Corporation Common Stock","Technology","Computer Hardware","1600.62","0",,"","Uptrend","Aug 17, 2026","16060593.83","",,,"","","",,="3/9","<1","true","Swing"
"SOLV","Solventum Corporation Common Stock","Health Care","Medical Instruments & Supplies","88.61","0",,"","Uptrend","Jul 15, 2026","1159496.2","",,,"","","",,="5/9","<1","true","Swing"
"SPCX","Space Exploration Technologies Corp","Industrials","Aerospace & Defense","134","0",,"","Uptrend","Aug 13, 2026","100462107.07","",,,"","","","true",="3/9","<1","true","Swing"
"STRC","Strategy Inc Variable Rate Series A Perpetual Stretch Preferred Stock","Technology","Software - Application","95.25","0",,"","Uptrend","Aug 03, 2026","1232187.03","",,,"","","",,="2/9","<1","true","Swing"
"SVV","Savers Value Village, Inc. Common Stock","Discretionary","Specialty Retail","10.47","0",,"","Uptrend","Jul 28, 2026","1689824.13","",,,"","","",,="3/9","<1","true","Swing"
"TALO","Talos Energy, Inc. Common Stock","Energy","Oil & Gas E&P","17.75","0",,"","Uptrend","Aug 10, 2026","1961299.37","",,,"","","",,="5/9","<1","true","Swing"
"TEM","Tempus AI, Inc. Class A Common Stock","Health Care","Health Information Services","66.65","0",,"","Uptrend","Aug 19, 2026","5750745.57","",,,"","","Positive",,="4/9","<1","true","Swing"
"TKO","TKO Group Holdings, Inc. Class A Common Stock","Communication","Entertainment","195.45","0",,"","Uptrend","Aug 11, 2026","1076389.27","",,,"","","",,="3/9","<1","true","Swing"
"TTAN","ServiceTitan, Inc. Class A Common Stock","Technology","Software - Application","92.57","0",,"","Uptrend","Jul 27, 2026","1286059.9","",,,"","","",,="3/9","<1","true","Swing"
"UMAC","Unusual Machines, Inc. Common Stock","Technology","Computer Hardware","25.98","0",,"","Uptrend","Aug 03, 2026","4427255.4","",,,"","","",,="3/9","<1","true","Swing"
"UPST","Upstart Holdings, Inc. Common stock","Financials","Credit Services","28.86","0",,"","Downtrend","Aug 20, 2026","4229683.73","",,,"","","",,="2/9","<1","true","Swing"
"USAR","USA Rare Earth, Inc. Class A Common Stock","Materials","Other Industrial Metals & Mining","17.11","0",,"","Neutral","Aug 18, 2026","11244146.53","",,,"","","",,="3/9","<1","true","Swing"
"VG","Venture Global, Inc. Class A common stock","Energy","Oil & Gas Midstream","14.29","0",,"","Uptrend","Aug 06, 2026","15408049.03","",,,"","","",,="5/9","<1","true","Swing"
"VLTO","Veralto Corp Common Stock ","Industrials","Pollution & Treatment Controls","99.46","0",,"","Uptrend","Jun 25, 2026","1569042.73","",,,"","","",,="3/9","<1","true","Swing"
"VOYG","Voyager Technologies, Inc. Class A Common Stock","Industrials","Aerospace & Defense","37.92","0",,"","Uptrend","Aug 06, 2026","1704478.77","",,,"","","",,="3/9","<1","true","Swing"
"VSTS","Vestis Corporation Common Stock","Industrials","Rental & Leasing Services","12.82","0",,"","Downtrend","Aug 13, 2026","1375233.13","",,,"","","",,="2/9","<1","true","Swing"
"WAY","Waystar Holding Corp. Common Stock","Health Care","Health Information Services","24.84","0",,"","Uptrend","Aug 03, 2026","2635775.37","",,,"","","",,="5/9","<1","true","Swing"
"WOLF","Wolfspeed, Inc. Common Stock New","Technology","Semiconductors","26.35","0",,"","Downtrend","Aug 20, 2026","4431763.23","",,,"","","Negative",,="2/9","<1","true","Swing"
"WRBY","Warby Parker Inc. Class A Common Stock","Health Care","Medical Instruments & Supplies","27.46","0",,"","Uptrend","Aug 20, 2026","2719607.13","",,,"","","",,="5/9","<1","true","Swing"
"WYFI","WhiteFiber, Inc. Ordinary Shares","Technology","Information Technology Services","21.16","0",,"","Downtrend","Aug 19, 2026","2776230","",,,"","","",,="2/9","<1","true","Swing"

